config,fvm,trial,sharpe
mid,1.0,0,-0.9749140246532958
mid,1.0,1,-0.8269361001484222
mid,1.0,2,-0.6978311666594434
mid,1.0,3,-0.9065684806992241
mid,1.0,4,-0.97591558021355
mid,1.0,5,-1.0579613087891273
mid,1.0,6,-1.0454939018451632
mid,1.0,7,-1.0046929463434762
mid,1.0,8,-1.0347733731316229
mid,1.0,9,-0.8626702451250495
mid,1.0,10,-0.7464516269352921
mid,1.0,11,-1.1129351324572971
mid,1.0,12,-0.6848513192901982
mid,1.0,13,-0.7360249128292593
mid,1.0,14,-1.0991652594620427
mid,1.0,15,-0.8036749528423676
mid,1.0,16,-1.1167804368211849
mid,1.0,17,-1.0978390477282218
mid,1.0,18,-0.6962836973233518
mid,1.0,19,-1.0145148218135986
mid,1.0,20,-0.8526150728051857
mid,1.0,21,-0.8796778206564496
mid,1.0,22,-1.0701261831683322
mid,1.0,23,-0.9978030237583986
mid,1.0,24,-0.7846999789534544
mid,1.0,25,-0.8747672316401403
mid,1.0,26,-0.8850060934846846
mid,1.0,27,-1.016563993616263
mid,1.0,28,-1.1489048775872375
mid,1.0,29,-1.1279411671494843
mid,1.0,30,-1.0374224061067645
mid,1.0,31,-0.9963733835385459
mid,1.0,32,-0.9243913752382056
mid,1.0,33,-0.7939206118143444
mid,1.0,34,-1.0471027995192441
mid,1.0,35,-1.1378537868706473
mid,1.0,36,-1.0012329302795075
mid,1.0,37,-0.8031890272693637
mid,1.0,38,-0.6606663928413345
mid,1.0,39,-1.1668725412833134
mid,1.0,40,-1.0217237006911029
mid,1.0,41,-1.1725856650765927
mid,1.0,42,-1.1768234525526196
mid,1.0,43,-1.128056435504166
mid,1.0,44,-1.2504877673913173
mid,1.0,45,-0.9914709003155283
mid,1.0,46,-1.0721461243837196
mid,1.0,47,-0.9669385641510383
mid,1.0,48,-1.0013615695604554
mid,1.0,49,-0.7569920037574758
mid,1.0,50,-0.969042059839824
mid,1.0,51,-0.8542490893402941
mid,1.0,52,-0.9244962739883978
mid,1.0,53,-1.4102485782162624
mid,1.0,54,-1.1766752554872812
mid,1.0,55,-1.010612311867454
mid,1.0,56,-1.0235957598825718
mid,1.0,57,-0.7531724562481421
mid,1.0,58,-0.7650773747291878
mid,1.0,59,-0.9399238272462395
mid,1.0,60,-0.8364439884979713
mid,1.0,61,-0.8221350396203017
mid,1.0,62,-1.2097682120336628
mid,1.0,63,-1.2473927803178573
mid,1.0,64,-0.9342229851193544
mid,1.0,65,-0.833992696028472
mid,1.0,66,-0.9706588276637412
mid,1.0,67,-1.2316985903866182
mid,1.0,68,-1.0326659049749005
mid,1.0,69,-1.0574591517528535
mid,1.0,70,-0.9920271469169603
mid,1.0,71,-0.9716430348896219
mid,1.0,72,-1.076096783414287
mid,1.0,73,-1.1586317427845831
mid,1.0,74,-1.0643722853081965
mid,1.0,75,-0.9007983582536933
mid,1.0,76,-0.8746611114194742
mid,1.0,77,-0.9923614943698018
mid,1.0,78,-0.8342530838215619
mid,1.0,79,-1.0603678290889598
mid,1.0,80,-1.173833957062332
mid,1.0,81,-0.922142149511568
mid,1.0,82,-0.6949133770569145
mid,1.0,83,-1.00327673528024
mid,1.0,84,-1.1309173134739359
mid,1.0,85,-0.930916167227927
mid,1.0,86,-1.371368420747257
mid,1.0,87,-0.9939220418736121
mid,1.0,88,-1.062545056272372
mid,1.0,89,-0.6785858720998794
mid,1.0,90,-1.2692540015851443
mid,1.0,91,-1.1680604743501803
mid,1.0,92,-1.1779141002684972
mid,1.0,93,-0.5816847265176456
mid,1.0,94,-1.0188600121099294
mid,1.0,95,-0.9026460920629289
mid,1.0,96,-0.9551818279832378
mid,1.0,97,-0.9229604018237326
mid,1.0,98,-0.7710896511471786
mid,1.0,99,-1.1022029635920116
mid,1.0,100,-0.8941682479817842
mid,1.0,101,-1.083805025655285
mid,1.0,102,-1.354287306281953
mid,1.0,103,-1.011066875680786
mid,1.0,104,-0.9931767109458493
mid,1.0,105,-1.210147074009132
mid,1.0,106,-1.4294294521023412
mid,1.0,107,-0.8095708998376403
mid,1.0,108,-1.0172325986738096
mid,1.0,109,-0.9737030664974565
mid,1.0,110,-1.0230959740863543
mid,1.0,111,-1.0298396408203399
mid,1.0,112,-0.560593560298978
mid,1.0,113,-0.8762169828994685
mid,1.0,114,-0.8755494779532514
mid,1.0,115,-1.0459364443805377
mid,1.0,116,-1.0729131879503189
mid,1.0,117,-0.9171826348590701
mid,1.0,118,-1.0002293131691855
mid,1.0,119,-0.829156338741294
mid,1.0,120,-1.0594834892788383
mid,1.0,121,-0.8868287865706117
mid,1.0,122,-0.9932247590647011
mid,1.0,123,-1.0195250145538783
mid,1.0,124,-0.899415256603963
mid,1.0,125,-0.9746723232071249
mid,1.0,126,-0.8184198802998679
mid,1.0,127,-0.6259932947831133
mid,1.0,128,-1.0189994066387122
mid,1.0,129,-0.8805519456479155
mid,1.0,130,-0.9104643983122468
mid,1.0,131,-0.7526639036286549
mid,1.0,132,-0.9180850181119197
mid,1.0,133,-1.170849564846177
mid,1.0,134,-0.9612737932957133
mid,1.0,135,-0.8693336831551068
mid,1.0,136,-0.8687196870367975
mid,1.0,137,-1.1127778759838067
mid,1.0,138,-0.9743402180025653
mid,1.0,139,-0.7687811356486152
mid,1.0,140,-0.9836423636797635
mid,1.0,141,-0.8350032577928715
mid,1.0,142,-1.0405659077375025
mid,1.0,143,-1.122259678096364
mid,1.0,144,-0.8802862132686097
mid,1.0,145,-1.0616067973440406
mid,1.0,146,-1.2953441616077914
mid,1.0,147,-0.9466706473259974
mid,1.0,148,-0.9754057529287544
mid,1.0,149,-1.0179836483326543
mid,1.0,150,-0.9027073870620347
mid,1.0,151,-0.890458556026449
mid,1.0,152,-1.1108991803676267
mid,1.0,153,-1.0496625463165916
mid,1.0,154,-0.6689232151813881
mid,1.0,155,-0.7111848915096137
mid,1.0,156,-0.8439309283418386
mid,1.0,157,-0.9346839130477858
mid,1.0,158,-1.186420060116848
mid,1.0,159,-0.8361913646339023
mid,1.0,160,-1.137924689358097
mid,1.0,161,-1.1817157687143327
mid,1.0,162,-1.3650850731651265
mid,1.0,163,-0.8447237019776077
mid,1.0,164,-0.7064753129710517
mid,1.0,165,-0.9077337105380698
mid,1.0,166,-0.7795575702900698
mid,1.0,167,-0.9165334658207915
mid,1.0,168,-0.6365820219847994
mid,1.0,169,-0.6600945918178669
mid,1.0,170,-0.5412467822400931
mid,1.0,171,-0.8533115089287531
mid,1.0,172,-0.8984061826490966
mid,1.0,173,-1.1707812049161204
mid,1.0,174,-1.1135465643568678
mid,1.0,175,-0.7756361865907885
mid,1.0,176,-0.8423555475740384
mid,1.0,177,-0.967680800255217
mid,1.0,178,-0.7828945188295332
mid,1.0,179,-1.0931109577989693
mid,1.0,180,-1.109512237500299
mid,1.0,181,-0.948691185568044
mid,1.0,182,-1.0997233552329515
mid,1.0,183,-1.0420956898470959
mid,1.0,184,-1.0277323301574663
mid,1.0,185,-0.8757791119821572
mid,1.0,186,-1.2800439182705676
mid,1.0,187,-0.965869541363724
mid,1.0,188,-1.1336535956179838
mid,1.0,189,-1.0155825411858892
mid,1.0,190,-0.8956692484708436
mid,1.0,191,-1.2653101014961796
mid,1.0,192,-1.025174551829867
mid,1.0,193,-0.8692449191920348
mid,1.0,194,-0.9846162159488716
mid,1.0,195,-0.8144451106805457
mid,1.0,196,-1.3396050285835046
mid,1.0,197,-1.1846300693504932
mid,1.0,198,-0.769080527724234
mid,1.0,199,-1.1883957817985888
mid,1.0,200,-0.8577628521900635
mid,1.0,201,-1.2050307978106174
mid,1.0,202,-0.9092350431751821
mid,1.0,203,-0.9077335013137618
mid,1.0,204,-0.8102236979565085
mid,1.0,205,-1.1745913958817704
mid,1.0,206,-0.9485695658370231
mid,1.0,207,-0.5362657200297524
mid,1.0,208,-1.0356667229981618
mid,1.0,209,-1.1433492056095194
mid,1.0,210,-0.6307331162683629
mid,1.0,211,-0.8877043344158314
mid,1.0,212,-1.111358249406953
mid,1.0,213,-1.081607661951519
mid,1.0,214,-0.8804213737232954
mid,1.0,215,-0.7858756037178073
mid,1.0,216,-1.1875691360442366
mid,1.0,217,-0.967455670552406
mid,1.0,218,-0.741099166787646
mid,1.0,219,-0.6912858008022786
mid,1.0,220,-1.221485351187374
mid,1.0,221,-1.027544773394032
mid,1.0,222,-1.1665006651810859
mid,1.0,223,-1.0090442549691396
mid,1.0,224,-0.602218515294481
mid,1.0,225,-0.8354564854595089
mid,1.0,226,-0.8882935795936115
mid,1.0,227,-0.8906429640423994
mid,1.0,228,-0.8127467392768002
mid,1.0,229,-0.834219975705265
mid,1.0,230,-1.0688254138442659
mid,1.0,231,-1.0788285487340703
mid,1.0,232,-1.177595153346909
mid,1.0,233,-0.6744035688330793
mid,1.0,234,-0.796957362658053
mid,1.0,235,-1.0453051682716823
mid,1.0,236,-0.9649127505665889
mid,1.0,237,-0.8686890756531312
mid,1.0,238,-1.1006753921370767
mid,1.0,239,-0.977143281525662
mid,1.0,240,-1.0823920233141289
mid,1.0,241,-1.1273925416694677
mid,1.0,242,-1.107634227237869
mid,1.0,243,-0.8822748983522841
mid,1.0,244,-1.0117078826312962
mid,1.0,245,-0.8482356039280706
mid,1.0,246,-1.0021376262904824
mid,1.0,247,-0.6353990284584788
mid,1.0,248,-1.0552612126212055
mid,1.0,249,-0.9612503976360549
mid,1.0,250,-1.169059035895441
mid,1.0,251,-1.112808858334878
mid,1.0,252,-0.9271975051674988
mid,1.0,253,-0.9006845001678925
mid,1.0,254,-0.9480770839302874
mid,1.0,255,-0.9696969194361073
mid,1.0,256,-0.9888456211259078
mid,1.0,257,-1.1674923976496747
mid,1.0,258,-0.9645648606264068
mid,1.0,259,-0.797713914017265
mid,1.0,260,-0.9009435700794994
mid,1.0,261,-0.996869489158878
mid,1.0,262,-0.9713356695143471
mid,1.0,263,-0.8752914980261146
mid,1.0,264,-1.0532387159763408
mid,1.0,265,-0.9216488419230445
mid,1.0,266,-1.01923016500544
mid,1.0,267,-1.0329664423215899
mid,1.0,268,-1.0688067254906046
mid,1.0,269,-0.9441829738459524
mid,1.0,270,-1.1986895171768845
mid,1.0,271,-1.1026144326409102
mid,1.0,272,-0.9844318227272312
mid,1.0,273,-0.8738392927176041
mid,1.0,274,-0.8540789261265441
mid,1.0,275,-0.9585621166182208
mid,1.0,276,-1.132847039780512
mid,1.0,277,-0.7052966243077956
mid,1.0,278,-1.1593474573698956
mid,1.0,279,-1.0918394655075696
mid,1.0,280,-1.107401021098557
mid,1.0,281,-1.1754977192101537
mid,1.0,282,-1.2588869022537064
mid,1.0,283,-1.2569989858044293
mid,1.0,284,-1.1929267860411212
mid,1.0,285,-1.10737787715516
mid,1.0,286,-1.102268356007624
mid,1.0,287,-1.0551232967648403
mid,1.0,288,-0.7163521890657104
mid,1.0,289,-0.9694711292519554
mid,1.0,290,-1.1741044958078786
mid,1.0,291,-1.0698164363004476
mid,1.0,292,-0.8849880943350676
mid,1.0,293,-1.1462729973409764
mid,1.0,294,-1.1114445154578811
mid,1.0,295,-0.9437285820277793
mid,1.0,296,-1.0094086180096413
mid,1.0,297,-1.084050969818147
mid,1.0,298,-1.0107558292610692
mid,1.0,299,-0.9971549742757928
mid,1.0,300,-0.9931572778787042
mid,1.0,301,-0.9223573014273991
mid,1.0,302,-1.0267747270340233
mid,1.0,303,-0.8606149031451656
mid,1.0,304,-1.2546041818085
mid,1.0,305,-0.8981314997580152
mid,1.0,306,-0.7767959964693241
mid,1.0,307,-0.9927936020898557
mid,1.0,308,-1.0176175461074326
mid,1.0,309,-0.8294458500335865
mid,1.0,310,-0.7018752161667882
mid,1.0,311,-1.1560357080582055
mid,1.0,312,-1.132951762432204
mid,1.0,313,-1.114364664630611
mid,1.0,314,-1.107442351704449
mid,1.0,315,-1.0321495448032258
mid,1.0,316,-0.8605371310158241
mid,1.0,317,-1.0318896958241068
mid,1.0,318,-0.8388450107010168
mid,1.0,319,-1.2880157409231727
mid,1.0,320,-0.9691288891742033
mid,1.0,321,-0.8246359415701269
mid,1.0,322,-0.9390168980001925
mid,1.0,323,-0.8995469644931356
mid,1.0,324,-1.012992932032438
mid,1.0,325,-0.8563578429279733
mid,1.0,326,-0.8319735378277434
mid,1.0,327,-0.8912454626549001
mid,1.0,328,-0.9955908715211113
mid,1.0,329,-1.1024115258346587
mid,1.0,330,-0.5769861067141479
mid,1.0,331,-1.0087861173984225
mid,1.0,332,-0.7890903792514237
mid,1.0,333,-0.9985560833893133
mid,1.0,334,-0.9724375261970304
mid,1.0,335,-0.986687043663774
mid,1.0,336,-1.1540743344783602
mid,1.0,337,-0.8381359208806697
mid,1.0,338,-0.9310774972502199
mid,1.0,339,-0.8023637803958762
mid,1.0,340,-0.8335679854765995
mid,1.0,341,-1.035624597546531
mid,1.0,342,-1.0407252916659313
mid,1.0,343,-0.7377982021102437
mid,1.0,344,-0.8488868034603203
mid,1.0,345,-1.1105941940983337
mid,1.0,346,-0.9470414081715345
mid,1.0,347,-1.0834854740007402
mid,1.0,348,-1.1097199120967964
mid,1.0,349,-1.0357276492814471
mid,1.0,350,-0.9560633478742154
mid,1.0,351,-0.9958462571252311
mid,1.0,352,-1.2685849358398877
mid,1.0,353,-0.7920818250045539
mid,1.0,354,-1.2640038319458682
mid,1.0,355,-0.6237682780872276
mid,1.0,356,-0.9386714776061958
mid,1.0,357,-1.227434063183471
mid,1.0,358,-0.9441720978136812
mid,1.0,359,-1.1400917371623291
mid,1.0,360,-1.5879832308309954
mid,1.0,361,-0.8834400761193395
mid,1.0,362,-1.0193295822661983
mid,1.0,363,-1.27702012329976
mid,1.0,364,-0.8523540086479303
mid,1.0,365,-0.9136512387162579
mid,1.0,366,-0.9228004573030072
mid,1.0,367,-0.9952903214237017
mid,1.0,368,-0.3254043092362221
mid,1.0,369,-1.3719639838226108
mid,1.0,370,-0.8448863670520986
mid,1.0,371,-1.2704953063042135
mid,1.0,372,-0.6208340155713726
mid,1.0,373,-0.9737500244409804
mid,1.0,374,-0.8338555375139077
mid,1.0,375,-0.8315377723494258
mid,1.0,376,-1.0055914211034649
mid,1.0,377,-0.9049876727479489
mid,1.0,378,-1.044068723279373
mid,1.0,379,-1.2655270448722629
mid,1.0,380,-0.9493631891503175
mid,1.0,381,-1.1316344015463182
mid,1.0,382,-1.2719132146393757
mid,1.0,383,-0.9575904798626504
mid,1.0,384,-1.2449080226264027
mid,1.0,385,-1.0869742109947638
mid,1.0,386,-0.9767866722898114
mid,1.0,387,-0.6770531240826861
mid,1.0,388,-0.8336141546641908
mid,1.0,389,-0.8612179252791823
mid,1.0,390,-0.7556701961004315
mid,1.0,391,-0.7180795754636032
mid,1.0,392,-1.1009392828941915
mid,1.0,393,-0.7590315336758043
mid,1.0,394,-0.576875650728847
mid,1.0,395,-0.9198851983802402
mid,1.0,396,-1.21743029124418
mid,1.0,397,-0.9244101909883001
mid,1.0,398,-1.069589387351426
mid,1.0,399,-0.8591629842201415
mid,1.0,400,-0.7889894927282626
mid,1.0,401,-0.9558382022511028
mid,1.0,402,-0.8001439943941651
mid,1.0,403,-0.9936563495310394
mid,1.0,404,-0.9633665195874017
mid,1.0,405,-1.004971487081018
mid,1.0,406,-0.9893926742311133
mid,1.0,407,-0.9471405383471292
mid,1.0,408,-0.8975079402299485
mid,1.0,409,-0.915570155356142
mid,1.0,410,-1.193879712619093
mid,1.0,411,-1.0455111004058149
mid,1.0,412,-1.1228423199533364
mid,1.0,413,-0.9294798009264632
mid,1.0,414,-1.0755934254246375
mid,1.0,415,-1.0478188236378738
mid,1.0,416,-0.9248642302137073
mid,1.0,417,-0.7878842233705569
mid,1.0,418,-1.0715144898597537
mid,1.0,419,-1.0125856535359243
mid,1.0,420,-0.9231464541095528
mid,1.0,421,-0.9208673969359451
mid,1.0,422,-0.7307297405449701
mid,1.0,423,-1.0452976878667162
mid,1.0,424,-0.7339185537803947
mid,1.0,425,-0.894825602240968
mid,1.0,426,-1.0825885850702015
mid,1.0,427,-0.9495389339244106
mid,1.0,428,-1.007185836765048
mid,1.0,429,-0.9322683078797236
mid,1.0,430,-0.9373413632975971
mid,1.0,431,-1.0615622884669778
mid,1.0,432,-0.7888299496058193
mid,1.0,433,-0.8991967987347491
mid,1.0,434,-1.24884395589579
mid,1.0,435,-1.1324116446259302
mid,1.0,436,-0.9982828058618534
mid,1.0,437,-1.0521485668543453
mid,1.0,438,-1.0426981919797098
mid,1.0,439,-0.8811595220465748
mid,1.0,440,-0.9544378924411517
mid,1.0,441,-0.967116438773722
mid,1.0,442,-0.8965223518076634
mid,1.0,443,-0.8645693075274676
mid,1.0,444,-1.2244505934218435
mid,1.0,445,-0.7353705462476593
mid,1.0,446,-0.7321208262813655
mid,1.0,447,-0.8410030283784194
mid,1.0,448,-0.959055931936776
mid,1.0,449,-0.7790200370011959
mid,1.0,450,-1.3592304304548597
mid,1.0,451,-1.1393198444446864
mid,1.0,452,-1.158057456187702
mid,1.0,453,-0.9276213494234882
mid,1.0,454,-0.9618510875866952
mid,1.0,455,-1.0941904575797208
mid,1.0,456,-0.9759566135177768
mid,1.0,457,-0.9521806233491423
mid,1.0,458,-0.7884533028946059
mid,1.0,459,-1.1065686201723595
mid,1.0,460,-0.9912165879576392
mid,1.0,461,-1.1379246849370424
mid,1.0,462,-1.1609901347076086
mid,1.0,463,-1.1046616293927818
mid,1.0,464,-0.9472097495550794
mid,1.0,465,-0.8671350520862532
mid,1.0,466,-1.2563830781878893
mid,1.0,467,-0.7428319580933369
mid,1.0,468,-0.8436787094433115
mid,1.0,469,-0.8134321843413926
mid,1.0,470,-0.8829677115010787
mid,1.0,471,-0.725458454654165
mid,1.0,472,-0.9085662821186544
mid,1.0,473,-0.8337521605076549
mid,1.0,474,-0.8771105309403257
mid,1.0,475,-0.7027578326831948
mid,1.0,476,-0.8852131659832188
mid,1.0,477,-0.9305771844576894
mid,1.0,478,-0.9383599401375573
mid,1.0,479,-0.8930159048241539
mid,1.0,480,-0.8382343210868494
mid,1.0,481,-0.9148356130627818
mid,1.0,482,-0.6430533423805219
mid,1.0,483,-0.6618520431445633
mid,1.0,484,-0.9660910216489887
mid,1.0,485,-0.8721092919571896
mid,1.0,486,-0.9984517783287893
mid,1.0,487,-1.1632698808906552
mid,1.0,488,-1.1220466835220353
mid,1.0,489,-0.7777981224886755
mid,1.0,490,-0.9499486975912008
mid,1.0,491,-1.1378887683207322
mid,1.0,492,-0.8082619245779139
mid,1.0,493,-0.9613656674690717
mid,1.0,494,-1.057290854053136
mid,1.0,495,-0.7962943058696214
mid,1.0,496,-1.1167329365613663
mid,1.0,497,-0.4406914335946244
mid,1.0,498,-0.7330467273103598
mid,1.0,499,-0.9962585603595703
mid,1.0,500,-0.834726395874689
mid,1.0,501,-0.8988173412331439
mid,1.0,502,-1.0552908085548869
mid,1.0,503,-1.2485644913498322
mid,1.0,504,-1.1167833073062279
mid,1.0,505,-0.9246472476437004
mid,1.0,506,-1.2061488613706288
mid,1.0,507,-0.8548429605406452
mid,1.0,508,-0.77069562599098
mid,1.0,509,-0.997408129047326
mid,1.0,510,-0.9235481787258817
mid,1.0,511,-0.7549264590151143
mid,1.0,512,-1.1093303309788978
mid,1.0,513,-0.9943080022528905
mid,1.0,514,-0.6514001540528892
mid,1.0,515,-1.1992224972262748
mid,1.0,516,-0.9443147974648041
mid,1.0,517,-0.8250017793877118
mid,1.0,518,-0.9210065329717202
mid,1.0,519,-1.032075435647094
mid,1.0,520,-0.980796375055249
mid,1.0,521,-0.8306539374723187
mid,1.0,522,-0.964922469748984
mid,1.0,523,-0.8677844522889038
mid,1.0,524,-1.0107621241372913
mid,1.0,525,-1.127756256417556
mid,1.0,526,-0.9014938022230107
mid,1.0,527,-0.8520613709217967
mid,1.0,528,-1.338215577178069
mid,1.0,529,-1.1175059720469462
mid,1.0,530,-0.8780214918103832
mid,1.0,531,-0.805764303152303
mid,1.0,532,-0.932335015459336
mid,1.0,533,-0.8400928079959803
mid,1.0,534,-0.8262846504854615
mid,1.0,535,-1.0932484301888568
mid,1.0,536,-0.9724436340501722
mid,1.0,537,-0.7960572637582416
mid,1.0,538,-1.2341453055626963
mid,1.0,539,-1.0123544067860453
mid,1.0,540,-1.1274211799284977
mid,1.0,541,-0.9891215988994986
mid,1.0,542,-1.1164804935171433
mid,1.0,543,-1.0642253770236196
mid,1.0,544,-1.1563940939845345
mid,1.0,545,-0.8236154391106869
mid,1.0,546,-1.109171747479664
mid,1.0,547,-0.951859671027986
mid,1.0,548,-0.966691609366818
mid,1.0,549,-1.1482011280399174
mid,1.0,550,-0.8743366295781737
mid,1.0,551,-1.0505402708814735
mid,1.0,552,-0.7345609018829359
mid,1.0,553,-0.8187920817218143
mid,1.0,554,-0.9484978482853833
mid,1.0,555,-1.1203724330834948
mid,1.0,556,-1.0204842663377918
mid,1.0,557,-1.064562767038286
mid,1.0,558,-0.7657656738566169
mid,1.0,559,-1.1118975435618892
mid,1.0,560,-0.7026258951795418
mid,1.0,561,-1.1343750763137894
mid,1.0,562,-1.0884799993135401
mid,1.0,563,-0.9718365560602196
mid,1.0,564,-1.1635198241036226
mid,1.0,565,-0.6396629401183548
mid,1.0,566,-1.0781865016861292
mid,1.0,567,-0.9721995240135962
mid,1.0,568,-1.2388452922082815
mid,1.0,569,-1.0362860578740878
mid,1.0,570,-1.3964140902578783
mid,1.0,571,-1.1063597323534153
mid,1.0,572,-1.1462316567350657
mid,1.0,573,-0.9153860065914274
mid,1.0,574,-0.9893221931880374
mid,1.0,575,-0.9397419880033601
mid,1.0,576,-0.6774310815043815
mid,1.0,577,-0.8118087661569842
mid,1.0,578,-0.853994814793341
mid,1.0,579,-0.8697988982810654
mid,1.0,580,-1.0018249407513777
mid,1.0,581,-0.9014813362018005
mid,1.0,582,-1.15050145893278
mid,1.0,583,-1.0045919164804569
mid,1.0,584,-0.9058031879187124
mid,1.0,585,-1.1475371877701221
mid,1.0,586,-1.0491619325941683
mid,1.0,587,-0.9373092115350524
mid,1.0,588,-1.181389376328108
mid,1.0,589,-0.8958521450426128
mid,1.0,590,-0.8748823327542655
mid,1.0,591,-1.0086337982338114
mid,1.0,592,-1.14384317224436
mid,1.0,593,-1.0572032550931185
mid,1.0,594,-1.0959745919426556
mid,1.0,595,-1.0105918169471904
mid,1.0,596,-1.0517825383491304
mid,1.0,597,-1.062945719695667
mid,1.0,598,-1.0387121633594851
mid,1.0,599,-1.3919324902585575
mid,1.0,600,-1.191000287891848
mid,1.0,601,-1.0345407494044405
mid,1.0,602,-1.0684087878049924
mid,1.0,603,-1.1302971776805135
mid,1.0,604,-1.3456122517765519
mid,1.0,605,-1.0640405069269505
mid,1.0,606,-1.1254545172353192
mid,1.0,607,-0.9088780483953386
mid,1.0,608,-0.9122754214663741
mid,1.0,609,-1.185205531197971
mid,1.0,610,-1.1066051085895459
mid,1.0,611,-0.6117449875684705
mid,1.0,612,-1.172659840936115
mid,1.0,613,-0.9569470046583944
mid,1.0,614,-0.9300447841135282
mid,1.0,615,-0.8457709400692764
mid,1.0,616,-1.1064382151733472
mid,1.0,617,-0.824680387987689
mid,1.0,618,-1.1782991230017141
mid,1.0,619,-0.8155714366114379
mid,1.0,620,-0.9237615937059173
mid,1.0,621,-0.919053139918815
mid,1.0,622,-1.102975979050947
mid,1.0,623,-0.8691991500639076
mid,1.0,624,-0.9788644280685657
mid,1.0,625,-0.9834629575805426
mid,1.0,626,-0.9769921791016543
mid,1.0,627,-0.9544417578622285
mid,1.0,628,-0.7183123790811975
mid,1.0,629,-1.145700876893884
mid,1.0,630,-1.0043447956393146
mid,1.0,631,-1.0253038006834458
mid,1.0,632,-0.8981494607362199
mid,1.0,633,-0.9412788727813356
mid,1.0,634,-0.7420191246218556
mid,1.0,635,-1.0132108412864416
mid,1.0,636,-0.7394676192801573
mid,1.0,637,-0.9947327508970141
mid,1.0,638,-1.0853219753173466
mid,1.0,639,-0.7896911856614
mid,1.0,640,-0.8099794310883045
mid,1.0,641,-0.9694037624265357
mid,1.0,642,-0.6795373716526714
mid,1.0,643,-0.9135418309554385
mid,1.0,644,-1.0379587655163653
mid,1.0,645,-1.2623600551630991
mid,1.0,646,-1.3696235781379686
mid,1.0,647,-0.9216281379263268
mid,1.0,648,-0.8250396239626202
mid,1.0,649,-1.0980761170723985
mid,1.0,650,-0.7745893537557365
mid,1.0,651,-0.881090593544567
mid,1.0,652,-0.9547049392270905
mid,1.0,653,-0.6672324347211901
mid,1.0,654,-0.9032046479408138
mid,1.0,655,-1.0177375021722657
mid,1.0,656,-0.9537206400693136
mid,1.0,657,-1.1262079607929654
mid,1.0,658,-0.8465321966957216
mid,1.0,659,-1.0222510000463179
mid,1.0,660,-1.0692501890859116
mid,1.0,661,-1.0952994822563498
mid,1.0,662,-0.9824239507422345
mid,1.0,663,-0.9518856809272928
mid,1.0,664,-0.9195496283671651
mid,1.0,665,-1.2095076191128242
mid,1.0,666,-1.0280223607875218
mid,1.0,667,-1.0157273704745764
mid,1.0,668,-1.1384817179960918
mid,1.0,669,-1.2787926955064082
mid,1.0,670,-1.0094351503962
mid,1.0,671,-0.9139470882025572
mid,1.0,672,-0.9069848599065174
mid,1.0,673,-0.864654181272094
mid,1.0,674,-1.1077988511729626
mid,1.0,675,-1.3948515446160445
mid,1.0,676,-0.9880482062977314
mid,1.0,677,-1.09209554089349
mid,1.0,678,-1.0152489550725579
mid,1.0,679,-0.9730200540713362
mid,1.0,680,-0.5891318089115368
mid,1.0,681,-1.1929063605555574
mid,1.0,682,-1.1094129243172535
mid,1.0,683,-1.0361537670695633
mid,1.0,684,-1.1394022880297119
mid,1.0,685,-1.1811474991959843
mid,1.0,686,-0.9979939885002551
mid,1.0,687,-0.643578123628886
mid,1.0,688,-1.030743858014971
mid,1.0,689,-0.9673941554963744
mid,1.0,690,-1.1619617352144511
mid,1.0,691,-1.1803075473293927
mid,1.0,692,-1.2056880145373952
mid,1.0,693,-0.8053282773018857
mid,1.0,694,-1.138326468880145
mid,1.0,695,-1.0212537926481289
mid,1.0,696,-1.0488780848003811
mid,1.0,697,-1.036299343910444
mid,1.0,698,-0.8902721263261183
mid,1.0,699,-0.9508795028145216
mid,1.0,700,-0.7600861523082102
mid,1.0,701,-1.0885339514149899
mid,1.0,702,-1.3334501606005833
mid,1.0,703,-0.8892096447809985
mid,1.0,704,-1.0785726240152993
mid,1.0,705,-0.8389814897191663
mid,1.0,706,-1.259524697604981
mid,1.0,707,-1.006185699061362
mid,1.0,708,-1.1790367840850822
mid,1.0,709,-0.884307343682328
mid,1.0,710,-0.9569370408833949
mid,1.0,711,-0.7171726018089469
mid,1.0,712,-1.1154673164638524
mid,1.0,713,-0.7256255154365909
mid,1.0,714,-0.8290681461430774
mid,1.0,715,-0.934744891570827
mid,1.0,716,-0.5780014194742138
mid,1.0,717,-1.092588165633052
mid,1.0,718,-1.2520438283105109
mid,1.0,719,-1.081070224229904
mid,1.0,720,-1.1230373033165761
mid,1.0,721,-1.0972527372613625
mid,1.0,722,-1.0826543291851998
mid,1.0,723,-1.2672967375915234
mid,1.0,724,-1.088294526240023
mid,1.0,725,-1.0729736553784461
mid,1.0,726,-0.8504614300220201
mid,1.0,727,-0.8188400183412864
mid,1.0,728,-1.3289488880727822
mid,1.0,729,-1.0587407227509886
mid,1.0,730,-0.6610769241398641
mid,1.0,731,-0.5972620519040502
mid,1.0,732,-1.1288021128335017
mid,1.0,733,-0.9044811921320464
mid,1.0,734,-0.9066173715496579
mid,1.0,735,-1.112587498906698
mid,1.0,736,-1.0936219299642582
mid,1.0,737,-0.9524712029374094
mid,1.0,738,-1.0928031979727628
mid,1.0,739,-0.959262358326684
mid,1.0,740,-1.0754375760577923
mid,1.0,741,-1.1322051832823352
mid,1.0,742,-1.1432151961456698
mid,1.0,743,-0.9693016048108745
mid,1.0,744,-0.9764470010084654
mid,1.0,745,-0.997452487931187
mid,1.0,746,-0.9257730725629714
mid,1.0,747,-0.8209271089488472
mid,1.0,748,-0.9193688074535803
mid,1.0,749,-1.0751203881279405
mid,1.0,750,-0.8431277707848222
mid,1.0,751,-1.301527411269135
mid,1.0,752,-1.201735491731689
mid,1.0,753,-0.9714070813175953
mid,1.0,754,-0.892610084506054
mid,1.0,755,-0.736833124366969
mid,1.0,756,-0.9699835112289348
mid,1.0,757,-1.1739811979944106
mid,1.0,758,-0.7541483031702163
mid,1.0,759,-0.8089384255398456
mid,1.0,760,-1.0342736875334613
mid,1.0,761,-0.9201680603539284
mid,1.0,762,-1.0816525333076303
mid,1.0,763,-1.0847163530143902
mid,1.0,764,-0.8768060747297758
mid,1.0,765,-0.9966368746325621
mid,1.0,766,-0.8525340184416702
mid,1.0,767,-1.1485383658413777
mid,1.0,768,-0.8639893319967266
mid,1.0,769,-0.857076170306206
mid,1.0,770,-0.9078446211804145
mid,1.0,771,-0.977692113591107
mid,1.0,772,-1.038278781865474
mid,1.0,773,-1.1801795903503989
mid,1.0,774,-0.907832301249479
mid,1.0,775,-1.0558530245086117
mid,1.0,776,-1.1632225321930545
mid,1.0,777,-0.745647743812027
mid,1.0,778,-0.7293877367840408
mid,1.0,779,-0.7640722627193288
mid,1.0,780,-0.9619877829733922
mid,1.0,781,-1.2627510756870648
mid,1.0,782,-1.1729237562925143
mid,1.0,783,-0.6382155437805718
mid,1.0,784,-0.7782742084133402
mid,1.0,785,-1.0910888469347433
mid,1.0,786,-1.041799707730419
mid,1.0,787,-0.9141643945038079
mid,1.0,788,-0.9809396254859472
mid,1.0,789,-0.9704546318203334
mid,1.0,790,-0.9082049797060318
mid,1.0,791,-1.1396536461022542
mid,1.0,792,-0.9309983848558342
mid,1.0,793,-0.9803675813551889
mid,1.0,794,-1.1557818177056953
mid,1.0,795,-0.8126983350230778
mid,1.0,796,-0.992750772309189
mid,1.0,797,-1.170863354750415
mid,1.0,798,-0.6524268329353539
mid,1.0,799,-1.0279300776973264
mid,1.0,800,-0.984691077101807
mid,1.0,801,-1.2629745007556448
mid,1.0,802,-1.0448944348553377
mid,1.0,803,-1.100645617975077
mid,1.0,804,-1.1370956007630544
mid,1.0,805,-0.8680653729676983
mid,1.0,806,-0.7556779346126572
mid,1.0,807,-1.056183047925658
mid,1.0,808,-0.9396684674985106
mid,1.0,809,-1.0766776691931312
mid,1.0,810,-1.109374343219299
mid,1.0,811,-0.940735620537361
mid,1.0,812,-1.197914592441579
mid,1.0,813,-1.093476742464499
mid,1.0,814,-0.9287151775237329
mid,1.0,815,-1.118507052776063
mid,1.0,816,-1.0377500815503868
mid,1.0,817,-1.2228363097737602
mid,1.0,818,-0.9764078026178814
mid,1.0,819,-1.1388808291567878
mid,1.0,820,-1.0219045239931956
mid,1.0,821,-0.926414082903925
mid,1.0,822,-1.3462008486357493
mid,1.0,823,-1.0264762933624776
mid,1.0,824,-1.0009069112704017
mid,1.0,825,-0.7249537885334671
mid,1.0,826,-0.8517759096676892
mid,1.0,827,-1.1719055172535637
mid,1.0,828,-1.0527728692513854
mid,1.0,829,-0.673449078346223
mid,1.0,830,-1.1239810555791416
mid,1.0,831,-0.8207493158291925
mid,1.0,832,-1.046914112927265
mid,1.0,833,-1.063958723061095
mid,1.0,834,-0.8143982612105745
mid,1.0,835,-1.0836747729253378
mid,1.0,836,-0.8612556568478209
mid,1.0,837,-1.0220328019813094
mid,1.0,838,-1.2108095242090626
mid,1.0,839,-0.8689145479311534
mid,1.0,840,-0.9542455042654381
mid,1.0,841,-0.9745272982889946
mid,1.0,842,-0.6944857159824134
mid,1.0,843,-1.0352596610942877
mid,1.0,844,-1.1074961762336593
mid,1.0,845,-0.6541600788232045
mid,1.0,846,-0.7364043757502933
mid,1.0,847,-0.8806965658135618
mid,1.0,848,-1.1480894617266395
mid,1.0,849,-0.8887886428867904
mid,1.0,850,-1.274385644287355
mid,1.0,851,-0.9870008193601012
mid,1.0,852,-1.1568324975586304
mid,1.0,853,-0.8063091587806507
mid,1.0,854,-0.9387760790370256
mid,1.0,855,-1.0480613677373143
mid,1.0,856,-0.944244492354795
mid,1.0,857,-0.6963334494057429
mid,1.0,858,-0.9818741285305899
mid,1.0,859,-0.9770814002413779
mid,1.0,860,-0.7348263451891247
mid,1.0,861,-0.9425365217937189
mid,1.0,862,-0.8765847571533991
mid,1.0,863,-1.0285902381549705
mid,1.0,864,-1.0972764344793062
mid,1.0,865,-0.9775312878043384
mid,1.0,866,-0.8314792841827551
mid,1.0,867,-0.9077919257531416
mid,1.0,868,-1.0800787948078785
mid,1.0,869,-0.9763517209985453
mid,1.0,870,-1.0168285046872514
mid,1.0,871,-0.9258957023053236
mid,1.0,872,-0.7844111625298129
mid,1.0,873,-0.7852575443929779
mid,1.0,874,-0.7590529438157221
mid,1.0,875,-0.9618706905417419
mid,1.0,876,-0.7420085242965889
mid,1.0,877,-0.8877644072659862
mid,1.0,878,-1.0947527208836614
mid,1.0,879,-1.0582112557246774
mid,1.0,880,-1.1844506095631784
mid,1.0,881,-0.9887746992664419
mid,1.0,882,-0.7898234123070063
mid,1.0,883,-1.1694563020723165
mid,1.0,884,-0.5287793020450392
mid,1.0,885,-0.8380649352563013
mid,1.0,886,-1.0955377192907763
mid,1.0,887,-1.2988647616699929
mid,1.0,888,-1.077878899072122
mid,1.0,889,-1.2126489511165908
mid,1.0,890,-0.7627300538149523
mid,1.0,891,-0.9287783729897541
mid,1.0,892,-1.0758771393152735
mid,1.0,893,-1.1791986392615617
mid,1.0,894,-0.9036641384353136
mid,1.0,895,-1.0937488228401446
mid,1.0,896,-0.69738825861356
mid,1.0,897,-0.5408653564412043
mid,1.0,898,-0.9005457004508441
mid,1.0,899,-0.9443365301845931
mid,1.0,900,-0.8620202463705403
mid,1.0,901,-0.9489294259693829
mid,1.0,902,-0.8492413960237998
mid,1.0,903,-0.9463974832348805
mid,1.0,904,-1.3560660924185253
mid,1.0,905,-0.8679621657749025
mid,1.0,906,-0.8721861019043466
mid,1.0,907,-0.7531529170845446
mid,1.0,908,-1.174651654392482
mid,1.0,909,-0.5492123484914636
mid,1.0,910,-1.0486677757821314
mid,1.0,911,-0.9761185615755184
mid,1.0,912,-1.0596654144487785
mid,1.0,913,-1.006918026133052
mid,1.0,914,-1.1072722759450595
mid,1.0,915,-1.203412236646137
mid,1.0,916,-1.0232701119245902
mid,1.0,917,-0.7024382060767601
mid,1.0,918,-1.224918889351656
mid,1.0,919,-1.2308556540236733
mid,1.0,920,-1.1209449917681813
mid,1.0,921,-1.1173457503933482
mid,1.0,922,-1.0074612123427389
mid,1.0,923,-1.0234545767897234
mid,1.0,924,-1.1767499045917478
mid,1.0,925,-1.0462299583673609
mid,1.0,926,-1.069567196608194
mid,1.0,927,-1.0329322791593054
mid,1.0,928,-0.8061038725434657
mid,1.0,929,-0.8428757290002064
mid,1.0,930,-0.9041448286938643
mid,1.0,931,-1.0405867662467838
mid,1.0,932,-0.9396184181862183
mid,1.0,933,-0.9851401041559227
mid,1.0,934,-0.9501064862931174
mid,1.0,935,-1.0871611265127932
mid,1.0,936,-0.9603562972056885
mid,1.0,937,-1.0446868120637283
mid,1.0,938,-0.820898674766436
mid,1.0,939,-0.8388736721295971
mid,1.0,940,-1.0792196136846455
mid,1.0,941,-0.8652638486042586
mid,1.0,942,-0.9549808850774301
mid,1.0,943,-1.1839191985901771
mid,1.0,944,-1.308217232404415
mid,1.0,945,-1.1761062773747255
mid,1.0,946,-1.0356591449242818
mid,1.0,947,-0.7403086753696133
mid,1.0,948,-0.9104515264625617
mid,1.0,949,-1.0670211856629286
mid,1.0,950,-1.2250165661464847
mid,1.0,951,-0.8499402843976248
mid,1.0,952,-0.9880218703615908
mid,1.0,953,-1.1966066915457614
mid,1.0,954,-1.0199485842954974
mid,1.0,955,-1.1501537582295736
mid,1.0,956,-1.142740153383828
mid,1.0,957,-0.8718585010597397
mid,1.0,958,-1.207919948808698
mid,1.0,959,-0.9360294358006694
mid,1.0,960,-1.160560976483469
mid,1.0,961,-0.7529671451475144
mid,1.0,962,-1.0079153114072492
mid,1.0,963,-1.003880393727537
mid,1.0,964,-1.0718012458575348
mid,1.0,965,-0.7243956129020394
mid,1.0,966,-0.9283011857834129
mid,1.0,967,-0.764067460736974
mid,1.0,968,-1.1523703833416268
mid,1.0,969,-0.9334157261815151
mid,1.0,970,-0.8753660296775438
mid,1.0,971,-0.9159352775550753
mid,1.0,972,-0.9631088450476961
mid,1.0,973,-1.1438232371760113
mid,1.0,974,-0.8818358997698313
mid,1.0,975,-0.8877612082235702
mid,1.0,976,-1.050155997312627
mid,1.0,977,-1.0450390733005082
mid,1.0,978,-1.147317077112917
mid,1.0,979,-0.9420189642486033
mid,1.0,980,-1.3110460536881974
mid,1.0,981,-0.9659488717501846
mid,1.0,982,-0.6224352724892039
mid,1.0,983,-1.0899722626953725
mid,1.0,984,-1.0743503575073132
mid,1.0,985,-1.195685364635602
mid,1.0,986,-0.9327021421359462
mid,1.0,987,-0.9364951890606839
mid,1.0,988,-0.9538579115836344
mid,1.0,989,-0.8713725133734158
mid,1.0,990,-0.8024272092771925
mid,1.0,991,-0.8878221447147688
mid,1.0,992,-0.9670010225937871
mid,1.0,993,-0.9223391218141691
mid,1.0,994,-0.8342959951864263
mid,1.0,995,-1.170472974688876
mid,1.0,996,-0.6188432168380084
mid,1.0,997,-0.8067009595610714
mid,1.0,998,-0.862365185932882
mid,1.0,999,-0.8873343635055686
mid,1.0,1000,-0.9525890028689632
mid,1.0,1001,-0.9075726254386863
mid,1.0,1002,-0.9778579802040392
mid,1.0,1003,-0.7015449194676482
mid,1.0,1004,-1.243282242280972
mid,1.0,1005,-0.8320635800106915
mid,1.0,1006,-1.2081649506058012
mid,1.0,1007,-1.2198767790259517
mid,1.0,1008,-1.023974365187416
mid,1.0,1009,-0.8503139764490676
mid,1.0,1010,-0.9661190576897853
mid,1.0,1011,-0.8928043113211016
mid,1.0,1012,-1.302543115582399
mid,1.0,1013,-1.083576112251161
mid,1.0,1014,-1.1529602347746046
mid,1.0,1015,-1.1061511923225729
mid,1.0,1016,-1.1646108115577731
mid,1.0,1017,-0.7592723287831299
mid,1.0,1018,-0.9011542722888944
mid,1.0,1019,-0.9919565130889826
mid,1.0,1020,-0.7789670890999879
mid,1.0,1021,-1.0068806939382882
mid,1.0,1022,-1.1714629333074043
mid,1.0,1023,-1.1626445005702692
mid,1.0,1024,-0.7916968500979049
mid,1.0,1025,-0.44413543586446985
mid,1.0,1026,-0.9519526686486294
mid,1.0,1027,-0.5833769618592797
mid,1.0,1028,-1.048375170461066
mid,1.0,1029,-0.9537507893391644
mid,1.0,1030,-0.9375968357570958
mid,1.0,1031,-1.1350236437486927
mid,1.0,1032,-1.2552060293219514
mid,1.0,1033,-0.7922194366628685
mid,1.0,1034,-1.1124532874751252
mid,1.0,1035,-0.9385476189849087
mid,1.0,1036,-1.0837580294398872
mid,1.0,1037,-1.1312747369515077
mid,1.0,1038,-1.0360960209436303
mid,1.0,1039,-1.083006838605193
mid,1.0,1040,-1.0377938837303389
mid,1.0,1041,-1.259634222447542
mid,1.0,1042,-0.9476639522795771
mid,1.0,1043,-0.9970161954679468
mid,1.0,1044,-0.9104334132479198
mid,1.0,1045,-0.9578147198785001
mid,1.0,1046,-0.9003547815789449
mid,1.0,1047,-1.386066592071566
mid,1.0,1048,-0.8497600455390154
mid,1.0,1049,-1.1125802114442112
mid,1.0,1050,-0.7568000138542725
mid,1.0,1051,-0.7820968352074942
mid,1.0,1052,-1.1751733204111667
mid,1.0,1053,-0.7980784303273426
mid,1.0,1054,-0.8187910854812279
mid,1.0,1055,-0.7678949676520996
mid,1.0,1056,-0.9058475548395291
mid,1.0,1057,-0.8230857892687468
mid,1.0,1058,-0.8315634071235031
mid,1.0,1059,-0.8066834113389814
mid,1.0,1060,-0.8593792926535609
mid,1.0,1061,-0.7794121256362347
mid,1.0,1062,-0.7340386924761588
mid,1.0,1063,-0.9861453473244544
mid,1.0,1064,-0.9868696833961925
mid,1.0,1065,-1.0958646907785519
mid,1.0,1066,-1.2328273466572326
mid,1.0,1067,-1.2242634151764313
mid,1.0,1068,-1.3305185803213744
mid,1.0,1069,-1.1165111074551513
mid,1.0,1070,-1.1390432829947665
mid,1.0,1071,-1.1676696460444975
mid,1.0,1072,-0.8724020746847488
mid,1.0,1073,-0.7329304972519668
mid,1.0,1074,-1.2775663135434352
mid,1.0,1075,-0.9082364466170948
mid,1.0,1076,-1.0127079222187991
mid,1.0,1077,-0.828828246303048
mid,1.0,1078,-0.9870783029686664
mid,1.0,1079,-0.7477547776086875
mid,1.0,1080,-1.1459003836335342
mid,1.0,1081,-0.6436157604715853
mid,1.0,1082,-0.9482456736729199
mid,1.0,1083,-1.0427044314661744
mid,1.0,1084,-0.9689992063116988
mid,1.0,1085,-1.2362072229122971
mid,1.0,1086,-1.451801816369163
mid,1.0,1087,-0.6064253604475383
mid,1.0,1088,-0.7487523875333412
mid,1.0,1089,-1.1580578458776414
mid,1.0,1090,-0.8367613267682565
mid,1.0,1091,-0.7480405731985382
mid,1.0,1092,-0.9730844249778454
mid,1.0,1093,-1.0311758015958732
mid,1.0,1094,-0.8055869544704982
mid,1.0,1095,-1.0886298094665448
mid,1.0,1096,-1.2145769966926487
mid,1.0,1097,-0.8693306889846757
mid,1.0,1098,-1.1369213356410088
mid,1.0,1099,-0.9527038064680993
mid,1.0,1100,-1.0241030706808096
mid,1.0,1101,-0.7189765772601853
mid,1.0,1102,-1.0904495156877967
mid,1.0,1103,-0.618373501899946
mid,1.0,1104,-0.9161942163608151
mid,1.0,1105,-0.911494809677143
mid,1.0,1106,-0.9045070248140129
mid,1.0,1107,-1.1271307413074292
mid,1.0,1108,-1.101695463804354
mid,1.0,1109,-0.8179227657768676
mid,1.0,1110,-0.68455110526059
mid,1.0,1111,-0.8875230280232885
mid,1.0,1112,-0.5917838448857777
mid,1.0,1113,-0.8425612095837289
mid,1.0,1114,-1.1271195117932273
mid,1.0,1115,-0.6750259569482414
mid,1.0,1116,-0.8587539246335805
mid,1.0,1117,-1.199331831555579
mid,1.0,1118,-0.793479656251646
mid,1.0,1119,-1.0742304504153224
mid,1.0,1120,-0.9003792518115082
mid,1.0,1121,-0.9794679028244927
mid,1.0,1122,-1.1645336138825109
mid,1.0,1123,-1.2093358403296135
mid,1.0,1124,-0.8545941871446164
mid,1.0,1125,-0.8255105066635768
mid,1.0,1126,-1.1146632614542147
mid,1.0,1127,-1.0395778909866162
mid,1.0,1128,-0.8178329196085458
mid,1.0,1129,-1.116331522288805
mid,1.0,1130,-0.9125525111139954
mid,1.0,1131,-1.0786137096203172
mid,1.0,1132,-0.9113870241521358
mid,1.0,1133,-0.875357319249636
mid,1.0,1134,-0.9898283395982452
mid,1.0,1135,-0.9660826907479692
mid,1.0,1136,-0.9594306669019412
mid,1.0,1137,-1.098447516207001
mid,1.0,1138,-0.9350107386454178
mid,1.0,1139,-0.9757259105817967
mid,1.0,1140,-1.145451701959954
mid,1.0,1141,-0.9160793582206982
mid,1.0,1142,-0.8361033010391771
mid,1.0,1143,-1.0919781016186187
mid,1.0,1144,-1.2861145490484378
mid,1.0,1145,-0.9040572695040072
mid,1.0,1146,-1.0309310881597857
mid,1.0,1147,-0.9661114800623993
mid,1.0,1148,-1.060176274808201
mid,1.0,1149,-0.9692588622801648
mid,1.0,1150,-1.2002986051105515
mid,1.0,1151,-1.0097766641140578
mid,1.0,1152,-1.147943712005723
mid,1.0,1153,-1.039083703266095
mid,1.0,1154,-1.0537782221713599
mid,1.0,1155,-1.0802858002087867
mid,1.0,1156,-1.1634518797949263
mid,1.0,1157,-0.5648260709479865
mid,1.0,1158,-0.8465223808820834
mid,1.0,1159,-0.8977627946774286
mid,1.0,1160,-1.1367868717857323
mid,1.0,1161,-1.1406079522292056
mid,1.0,1162,-0.7858868746205878
mid,1.0,1163,-1.1736674997931191
mid,1.0,1164,-1.2586471869153135
mid,1.0,1165,-0.866486560416737
mid,1.0,1166,-0.8976085698330344
mid,1.0,1167,-1.0450310054228773
mid,1.0,1168,-1.1157083095793798
mid,1.0,1169,-0.7063269747795029
mid,1.0,1170,-1.0122754721264893
mid,1.0,1171,-1.2538641226762233
mid,1.0,1172,-1.041234067343419
mid,1.0,1173,-1.0214697014028367
mid,1.0,1174,-0.9840943046291282
mid,1.0,1175,-0.8822034701432667
mid,1.0,1176,-1.0261191710425284
mid,1.0,1177,-0.9589413459085376
mid,1.0,1178,-0.9743357092043181
mid,1.0,1179,-0.8251840660522227
mid,1.0,1180,-0.9414176680969636
mid,1.0,1181,-1.1353810432345461
mid,1.0,1182,-0.829182925311902
mid,1.0,1183,-1.0451389828848738
mid,1.0,1184,-0.8604792183737525
mid,1.0,1185,-0.9596287224475286
mid,1.0,1186,-1.115825762826447
mid,1.0,1187,-0.9184243843929353
mid,1.0,1188,-1.14589205044319
mid,1.0,1189,-0.9912073190453539
mid,1.0,1190,-0.8347430624322048
mid,1.0,1191,-1.316023487835621
mid,1.0,1192,-1.0418191955312952
mid,1.0,1193,-0.9471136980099476
mid,1.0,1194,-0.7952896032502266
mid,1.0,1195,-0.7747343489726228
mid,1.0,1196,-0.8593195217900507
mid,1.0,1197,-0.783669024490494
mid,1.0,1198,-0.9476722814856495
mid,1.0,1199,-1.0646900307619163
mid,1.0,1200,-1.3228235206116914
mid,1.0,1201,-1.087904797375692
mid,1.0,1202,-0.9696411854736973
mid,1.0,1203,-1.209385751232868
mid,1.0,1204,-1.3466134877604807
mid,1.0,1205,-0.9779555863092183
mid,1.0,1206,-1.1302949434920335
mid,1.0,1207,-0.9416983147244558
mid,1.0,1208,-1.2867966786158507
mid,1.0,1209,-1.016194534253668
mid,1.0,1210,-1.1463417693389604
mid,1.0,1211,-1.0863073731893194
mid,1.0,1212,-0.9385527955947719
mid,1.0,1213,-0.4854386738118154
mid,1.0,1214,-0.994841600826548
mid,1.0,1215,-1.1330099695796543
mid,1.0,1216,-1.1620309903863881
mid,1.0,1217,-1.0889735928340578
mid,1.0,1218,-0.8062405047187139
mid,1.0,1219,-1.0281133378675218
mid,1.0,1220,-0.7447205450630653
mid,1.0,1221,-0.9559469625797754
mid,1.0,1222,-1.0168565558936276
mid,1.0,1223,-0.8874577568978012
mid,1.0,1224,-0.9427866511576367
mid,1.0,1225,-0.8874695439846474
mid,1.0,1226,-1.1543194007136153
mid,1.0,1227,-0.928075896784591
mid,1.0,1228,-1.1261269325625798
mid,1.0,1229,-0.8806039176062553
mid,1.0,1230,-0.9177562421351769
mid,1.0,1231,-0.8299045140838761
mid,1.0,1232,-0.8191663582870524
mid,1.0,1233,-1.0503310690773904
mid,1.0,1234,-0.9204696773808889
mid,1.0,1235,-0.7838079628057584
mid,1.0,1236,-0.9284322870116273
mid,1.0,1237,-0.8888844194285813
mid,1.0,1238,-0.7178840072416652
mid,1.0,1239,-1.0216054248952804
mid,1.0,1240,-0.7612576939599893
mid,1.0,1241,-1.071680326411234
mid,1.0,1242,-0.833420384108445
mid,1.0,1243,-0.9694006347215907
mid,1.0,1244,-1.033057189844191
mid,1.0,1245,-0.7915177929747633
mid,1.0,1246,-0.7382842566797689
mid,1.0,1247,-0.7998275328384307
mid,1.0,1248,-1.0488422450274073
mid,1.0,1249,-1.0194413109949991
mid,1.0,1250,-0.9377173210777432
mid,1.0,1251,-1.0287943818528902
mid,1.0,1252,-1.08499068246135
mid,1.0,1253,-1.0722087461448195
mid,1.0,1254,-0.9241493688733611
mid,1.0,1255,-0.9504666872961602
mid,1.0,1256,-1.1869939941914418
mid,1.0,1257,-1.0794005790525543
mid,1.0,1258,-1.2284063715230207
mid,1.0,1259,-1.1553910606213813
mid,1.0,1260,-0.7751265354950253
mid,1.0,1261,-1.1171468215364098
mid,1.0,1262,-0.8948953505145582
mid,1.0,1263,-0.9756397701599915
mid,1.0,1264,-0.8857406713190201
mid,1.0,1265,-1.0857967507745634
mid,1.0,1266,-0.9991501321145991
mid,1.0,1267,-1.1613448752852402
mid,1.0,1268,-1.0054578077166383
mid,1.0,1269,-1.236178075208672
mid,1.0,1270,-0.8152857230622345
mid,1.0,1271,-0.887986631562901
mid,1.0,1272,-0.8835721351580306
mid,1.0,1273,-0.9136629334821592
mid,1.0,1274,-1.1287044768193275
mid,1.0,1275,-1.2275247328806962
mid,1.0,1276,-1.3024700818463426
mid,1.0,1277,-0.7138825328871454
mid,1.0,1278,-1.0541009732098463
mid,1.0,1279,-0.7089938072851191
mid,1.0,1280,-0.9934587737737126
mid,1.0,1281,-0.9373544377523533
mid,1.0,1282,-0.9417976035473006
mid,1.0,1283,-1.0255806309597773
mid,1.0,1284,-0.809541531169283
mid,1.0,1285,-0.8869485382620151
mid,1.0,1286,-0.8835075190517182
mid,1.0,1287,-0.7223943344724466
mid,1.0,1288,-0.8345958048610777
mid,1.0,1289,-0.8609051044738891
mid,1.0,1290,-1.14121136789119
mid,1.0,1291,-1.1235701651745476
mid,1.0,1292,-1.1637456175600978
mid,1.0,1293,-0.7529737141112737
mid,1.0,1294,-1.0122694080770163
mid,1.0,1295,-0.9705343893962478
mid,1.0,1296,-1.119310255009352
mid,1.0,1297,-1.2320890414683903
mid,1.0,1298,-0.8659257118203351
mid,1.0,1299,-0.9709662407424644
mid,1.0,1300,-0.7555975552096357
mid,1.0,1301,-1.2095712580620612
mid,1.0,1302,-0.9262611209305451
mid,1.0,1303,-1.0796361145812865
mid,1.0,1304,-1.1458142123833304
mid,1.0,1305,-1.1067919886597388
mid,1.0,1306,-0.9151146632752812
mid,1.0,1307,-0.8206931509982357
mid,1.0,1308,-0.7567629391630797
mid,1.0,1309,-1.012868267711811
mid,1.0,1310,-1.135659348024264
mid,1.0,1311,-1.001126439883948
mid,1.0,1312,-0.8565735850091335
mid,1.0,1313,-1.2324133639185635
mid,1.0,1314,-0.8388120404250493
mid,1.0,1315,-0.9386494281905905
mid,1.0,1316,-1.239861750470853
mid,1.0,1317,-0.7588209906366686
mid,1.0,1318,-1.2701543635656063
mid,1.0,1319,-1.1847249737813208
mid,1.0,1320,-1.0648585993390807
mid,1.0,1321,-1.1348762125516019
mid,1.0,1322,-1.1020085065010463
mid,1.0,1323,-0.9554839659917547
mid,1.0,1324,-0.7697314222816549
mid,1.0,1325,-1.3975443673127952
mid,1.0,1326,-1.3652134173456012
mid,1.0,1327,-0.6494938384667929
mid,1.0,1328,-1.0138907806427524
mid,1.0,1329,-1.0691639976095597
mid,1.0,1330,-0.8596210955503872
mid,1.0,1331,-0.9761030879636895
mid,1.0,1332,-0.7876250688424389
mid,1.0,1333,-1.0865456465377965
mid,1.0,1334,-0.8373722362944206
mid,1.0,1335,-0.8458126812792491
mid,1.0,1336,-1.17601620501364
mid,1.0,1337,-1.0284690606359626
mid,1.0,1338,-1.058727620631374
mid,1.0,1339,-0.7841518320069822
mid,1.0,1340,-0.8505148850566505
mid,1.0,1341,-0.8595200534991294
mid,1.0,1342,-0.9112250744654354
mid,1.0,1343,-1.2518202452783291
mid,1.0,1344,-0.942361576906857
mid,1.0,1345,-0.9887240554031056
mid,1.0,1346,-0.8340834286367231
mid,1.0,1347,-0.8884743941150912
mid,1.0,1348,-0.8870411951792574
mid,1.0,1349,-0.9179216717890113
mid,1.0,1350,-0.9441280803742096
mid,1.0,1351,-1.027071810475623
mid,1.0,1352,-1.0296841554400964
mid,1.0,1353,-0.8963472412952598
mid,1.0,1354,-0.7510840042681333
mid,1.0,1355,-0.6797487775669475
mid,1.0,1356,-1.0020786247007938
mid,1.0,1357,-0.7677988556812316
mid,1.0,1358,-0.8378629805794146
mid,1.0,1359,-0.9902956806078489
mid,1.0,1360,-0.898858259763656
mid,1.0,1361,-1.2906040873797526
mid,1.0,1362,-0.9181876526821432
mid,1.0,1363,-0.907956342410937
mid,1.0,1364,-1.1005614618886275
mid,1.0,1365,-1.0523070621548294
mid,1.0,1366,-0.8787739594824723
mid,1.0,1367,-0.9144760978278007
mid,1.0,1368,-0.6461824832841104
mid,1.0,1369,-0.7635263353280906
mid,1.0,1370,-0.7963393547036353
mid,1.0,1371,-0.7735763363508711
mid,1.0,1372,-0.5876172638943429
mid,1.0,1373,-0.6369209161892617
mid,1.0,1374,-1.253397611221034
mid,1.0,1375,-1.2010211341372723
mid,1.0,1376,-1.117040385231257
mid,1.0,1377,-1.1623474154995774
mid,1.0,1378,-0.8292475506763283
mid,1.0,1379,-0.9970587116176315
mid,1.0,1380,-0.9731908565302675
mid,1.0,1381,-1.1695229778144411
mid,1.0,1382,-0.7251460739671896
mid,1.0,1383,-0.884693452940213
mid,1.0,1384,-0.9902896126186375
mid,1.0,1385,-0.7682737176195943
mid,1.0,1386,-0.8526885423542168
mid,1.0,1387,-1.0450306832029943
mid,1.0,1388,-0.8008441175198203
mid,1.0,1389,-1.216772345775166
mid,1.0,1390,-1.071826195935002
mid,1.0,1391,-1.130023290267004
mid,1.0,1392,-0.9502659405152216
mid,1.0,1393,-1.1199380579865872
mid,1.0,1394,-1.2423475566490618
mid,1.0,1395,-0.7774035610477891
mid,1.0,1396,-0.8801253511734938
mid,1.0,1397,-1.031370036649025
mid,1.0,1398,-1.1980747467248969
mid,1.0,1399,-1.1110120590773767
mid,1.0,1400,-0.9008671099734744
mid,1.0,1401,-0.9309269890271459
mid,1.0,1402,-1.028549630698607
mid,1.0,1403,-0.9855149457110574
mid,1.0,1404,-0.9979891643857454
mid,1.0,1405,-0.8340362349894878
mid,1.0,1406,-0.9209640176638847
mid,1.0,1407,-0.7854328291892607
mid,1.0,1408,-0.9081284990227803
mid,1.0,1409,-1.071813605368461
mid,1.0,1410,-1.1450219243312734
mid,1.0,1411,-0.9709929351943232
mid,1.0,1412,-0.8951902620513557
mid,1.0,1413,-0.9920583090212024
mid,1.0,1414,-0.8987482300903475
mid,1.0,1415,-1.1240160354117545
mid,1.0,1416,-0.7889826090165999
mid,1.0,1417,-1.186707092794041
mid,1.0,1418,-1.0183623439525682
mid,1.0,1419,-0.9964506763530099
mid,1.0,1420,-1.116247432807478
mid,1.0,1421,-1.04130277219286
mid,1.0,1422,-1.0315097668596864
mid,1.0,1423,-0.8803008984617744
mid,1.0,1424,-0.801371298280114
mid,1.0,1425,-0.870360160939614
mid,1.0,1426,-1.0006079030916688
mid,1.0,1427,-0.8192176873139303
mid,1.0,1428,-0.9581484109289153
mid,1.0,1429,-0.9885489198114242
mid,1.0,1430,-1.080685517357161
mid,1.0,1431,-0.9250061374482159
mid,1.0,1432,-1.1487841271780206
mid,1.0,1433,-0.7677430104768417
mid,1.0,1434,-1.1609035357262083
mid,1.0,1435,-0.9306905342860592
mid,1.0,1436,-0.8916392469709473
mid,1.0,1437,-1.1442094736349082
mid,1.0,1438,-0.9910518737752372
mid,1.0,1439,-1.1752567453454652
mid,1.0,1440,-0.9208350936829252
mid,1.0,1441,-0.7381336664282139
mid,1.0,1442,-1.1299614565073821
mid,1.0,1443,-0.8030939396588418
mid,1.0,1444,-1.0149172574432084
mid,1.0,1445,-0.8180560278211987
mid,1.0,1446,-1.0016621639379302
mid,1.0,1447,-0.9330049645600793
mid,1.0,1448,-0.9491295448419038
mid,1.0,1449,-1.2189940109816526
mid,1.0,1450,-0.830044065886441
mid,1.0,1451,-1.1525587094698249
mid,1.0,1452,-0.9441951594544348
mid,1.0,1453,-1.0193482667689122
mid,1.0,1454,-0.578168456026599
mid,1.0,1455,-0.9870759725921548
mid,1.0,1456,-0.9520503338000104
mid,1.0,1457,-1.0486775786846938
mid,1.0,1458,-1.266358627549789
mid,1.0,1459,-0.928052565243099
mid,1.0,1460,-1.0337850345445834
mid,1.0,1461,-1.0827166450666896
mid,1.0,1462,-0.8162787329938687
mid,1.0,1463,-0.8681344249350195
mid,1.0,1464,-1.0388717222004946
mid,1.0,1465,-0.6311866206369328
mid,1.0,1466,-1.3256582875245901
mid,1.0,1467,-1.0810582735355576
mid,1.0,1468,-0.8796378681178182
mid,1.0,1469,-0.9901565993957202
mid,1.0,1470,-0.9261139154074832
mid,1.0,1471,-1.0209652344751636
mid,1.0,1472,-0.8780277155365286
mid,1.0,1473,-0.7993260384216286
mid,1.0,1474,-1.1531411669835485
mid,1.0,1475,-1.0153119738883345
mid,1.0,1476,-0.7028973307175677
mid,1.0,1477,-1.1620124947439898
mid,1.0,1478,-0.7021485975946371
mid,1.0,1479,-0.6388238269860673
mid,1.0,1480,-0.6395467019347172
mid,1.0,1481,-0.9381867923407858
mid,1.0,1482,-0.9808906842068866
mid,1.0,1483,-0.9860555419074889
mid,1.0,1484,-1.0505284594239372
mid,1.0,1485,-0.9768985827354661
mid,1.0,1486,-1.006764512640445
mid,1.0,1487,-0.9755992569659361
mid,1.0,1488,-0.7446397401008076
mid,1.0,1489,-0.8020776552801144
mid,1.0,1490,-1.1128314667430883
mid,1.0,1491,-0.9146244655510827
mid,1.0,1492,-1.0654317641749826
mid,1.0,1493,-1.0942788882054215
mid,1.0,1494,-0.9189258851861816
mid,1.0,1495,-0.6740902243279023
mid,1.0,1496,-0.5074046103357249
mid,1.0,1497,-1.1852597093810358
mid,1.0,1498,-1.178656249363425
mid,1.0,1499,-1.1915426565578668
mid,1.0,1500,-0.986125018376902
mid,1.0,1501,-0.9430050575821274
mid,1.0,1502,-0.7940156851602408
mid,1.0,1503,-0.8982281357396161
mid,1.0,1504,-0.8085721615809763
mid,1.0,1505,-1.0687258197205556
mid,1.0,1506,-0.9552477055591013
mid,1.0,1507,-0.9817005645033334
mid,1.0,1508,-1.0898367745463553
mid,1.0,1509,-1.1995255964363907
mid,1.0,1510,-1.027249347847237
mid,1.0,1511,-1.073277371971306
mid,1.0,1512,-0.9840654018764373
mid,1.0,1513,-0.9892242490924101
mid,1.0,1514,-0.8084116489767637
mid,1.0,1515,-1.280051547739481
mid,1.0,1516,-1.1188333235168486
mid,1.0,1517,-1.07575224889478
mid,1.0,1518,-1.0081053453736712
mid,1.0,1519,-0.9574951477304113
mid,1.0,1520,-1.022489490735082
mid,1.0,1521,-0.9576136836462489
mid,1.0,1522,-1.1809945860071203
mid,1.0,1523,-1.034138480625782
mid,1.0,1524,-1.0851369615191806
mid,1.0,1525,-0.8435784646135881
mid,1.0,1526,-0.7318137390211424
mid,1.0,1527,-1.1837391928008425
mid,1.0,1528,-0.9097582369689051
mid,1.0,1529,-0.8348010996793134
mid,1.0,1530,-0.889355226582458
mid,1.0,1531,-0.690456649450967
mid,1.0,1532,-1.045085652247773
mid,1.0,1533,-1.078960687125717
mid,1.0,1534,-1.111609108136976
mid,1.0,1535,-1.109522347338707
mid,1.0,1536,-1.1555702944123034
mid,1.0,1537,-0.9777868130555872
mid,1.0,1538,-0.9086432420683661
mid,1.0,1539,-1.0205520083758743
mid,1.0,1540,-1.2080642527680832
mid,1.0,1541,-1.1082815393623615
mid,1.0,1542,-1.0850022985156789
mid,1.0,1543,-1.3282606153608625
mid,1.0,1544,-0.702478681233661
mid,1.0,1545,-1.1331444304166092
mid,1.0,1546,-1.1213273353886375
mid,1.0,1547,-1.0045820323705137
mid,1.0,1548,-0.7173834066385433
mid,1.0,1549,-0.961431636912432
mid,1.0,1550,-1.0138411144128776
mid,1.0,1551,-0.8772586799268451
mid,1.0,1552,-1.0029493631964237
mid,1.0,1553,-1.0400133074154083
mid,1.0,1554,-1.1393561026479877
mid,1.0,1555,-1.3449494462992018
mid,1.0,1556,-0.8490673659377355
mid,1.0,1557,-0.9853430814163968
mid,1.0,1558,-0.7747927103837196
mid,1.0,1559,-1.0065118427264421
mid,1.0,1560,-1.295285206647325
mid,1.0,1561,-1.0675315857478362
mid,1.0,1562,-1.1467687983680275
mid,1.0,1563,-0.9999008248872876
mid,1.0,1564,-1.1009853381846997
mid,1.0,1565,-1.2532068844962665
mid,1.0,1566,-0.9443337942394436
mid,1.0,1567,-0.7339601848796526
mid,1.0,1568,-1.1190704852959528
mid,1.0,1569,-0.8547075913379024
mid,1.0,1570,-0.8063585323356164
mid,1.0,1571,-0.8713761422336365
mid,1.0,1572,-1.209385324039295
mid,1.0,1573,-0.9627303000306151
mid,1.0,1574,-0.9125688345526365
mid,1.0,1575,-0.9844288593491498
mid,1.0,1576,-0.962489708043675
mid,1.0,1577,-0.8107965893501912
mid,1.0,1578,-1.1393817714141932
mid,1.0,1579,-0.952311567994903
mid,1.0,1580,-1.2501396467625852
mid,1.0,1581,-1.2215753731940493
mid,1.0,1582,-0.90702965593472
mid,1.0,1583,-1.1253036257609412
mid,1.0,1584,-1.1164239798917897
mid,1.0,1585,-1.0998339409292388
mid,1.0,1586,-0.7204697232697824
mid,1.0,1587,-1.0149885238127971
mid,1.0,1588,-1.0013211463079486
mid,1.0,1589,-0.9858694793440443
mid,1.0,1590,-0.9931745047130164
mid,1.0,1591,-1.0833747322488079
mid,1.0,1592,-0.8664534398987822
mid,1.0,1593,-0.7756823992289021
mid,1.0,1594,-1.1935236416504733
mid,1.0,1595,-0.424247593792824
mid,1.0,1596,-0.78357819464822
mid,1.0,1597,-0.9725536136849463
mid,1.0,1598,-1.0983368055703349
mid,1.0,1599,-1.024424743658935
mid,1.0,1600,-1.2297377538836733
mid,1.0,1601,-0.8766314678112038
mid,1.0,1602,-0.8015176618933909
mid,1.0,1603,-0.9183137042152312
mid,1.0,1604,-0.9726319959772087
mid,1.0,1605,-1.0824228636405813
mid,1.0,1606,-0.7725412515897708
mid,1.0,1607,-1.0424544464337984
mid,1.0,1608,-0.8828598870010176
mid,1.0,1609,-0.8562063913167759
mid,1.0,1610,-0.861852518557118
mid,1.0,1611,-0.8648572692332114
mid,1.0,1612,-0.9698373199458652
mid,1.0,1613,-1.1139729152186686
mid,1.0,1614,-0.9980108429793714
mid,1.0,1615,-0.7566467775006525
mid,1.0,1616,-0.6915062443980657
mid,1.0,1617,-1.1973191703712802
mid,1.0,1618,-0.7524994405579378
mid,1.0,1619,-0.8441964975913988
mid,1.0,1620,-1.1416525969968712
mid,1.0,1621,-0.9626870288021906
mid,1.0,1622,-0.9250672174468243
mid,1.0,1623,-1.096860920328209
mid,1.0,1624,-0.8515205256352311
mid,1.0,1625,-1.0882048779055427
mid,1.0,1626,-1.255266832746123
mid,1.0,1627,-1.0366238769922533
mid,1.0,1628,-1.0510213996089006
mid,1.0,1629,-0.9583894114862039
mid,1.0,1630,-0.9777949642930865
mid,1.0,1631,-1.038917819141254
mid,1.0,1632,-0.984389887419356
mid,1.0,1633,-1.0251328668754096
mid,1.0,1634,-0.9564031594089303
mid,1.0,1635,-1.1538502428452644
mid,1.0,1636,-0.922451182031189
mid,1.0,1637,-0.8479459660957028
mid,1.0,1638,-0.9610966885074447
mid,1.0,1639,-1.0659553736542784
mid,1.0,1640,-0.8435099337986078
mid,1.0,1641,-1.2042218423143574
mid,1.0,1642,-1.0610991917560917
mid,1.0,1643,-0.988388985703644
mid,1.0,1644,-0.9364556055417766
mid,1.0,1645,-1.0487763164117514
mid,1.0,1646,-0.9651636215050966
mid,1.0,1647,-0.8782354572442209
mid,1.0,1648,-1.0792710676921367
mid,1.0,1649,-1.2451849531178036
mid,1.0,1650,-1.081399160572989
mid,1.0,1651,-0.9474093872490531
mid,1.0,1652,-0.7402960472600301
mid,1.0,1653,-1.1917935303844485
mid,1.0,1654,-1.1290825009668153
mid,1.0,1655,-1.038206564700118
mid,1.0,1656,-1.064743701868775
mid,1.0,1657,-1.0730438241388955
mid,1.0,1658,-0.8991494952207008
mid,1.0,1659,-0.9550769001522535
mid,1.0,1660,-0.6269689276893304
mid,1.0,1661,-1.0958575610429966
mid,1.0,1662,-0.7604611935497274
mid,1.0,1663,-1.0551595065834178
mid,1.0,1664,-1.1602468603083675
mid,1.0,1665,-1.2479112297055484
mid,1.0,1666,-0.9814979479318169
mid,1.0,1667,-0.7148841068849613
mid,1.0,1668,-1.011779432193581
mid,1.0,1669,-0.935398130379558
mid,1.0,1670,-1.054624173880539
mid,1.0,1671,-0.9962724099563197
mid,1.0,1672,-1.0868862825476173
mid,1.0,1673,-0.8858909299808575
mid,1.0,1674,-1.100988728821994
mid,1.0,1675,-0.7995141404669511
mid,1.0,1676,-0.9958899896600655
mid,1.0,1677,-1.1529850520278715
mid,1.0,1678,-1.1086905428362315
mid,1.0,1679,-1.0921781305638485
mid,1.0,1680,-0.7599457891138769
mid,1.0,1681,-0.8748948589482352
mid,1.0,1682,-0.904908228699445
mid,1.0,1683,-0.9727820829882741
mid,1.0,1684,-1.084068982120447
mid,1.0,1685,-1.0308701995339915
mid,1.0,1686,-1.1062627890390515
mid,1.0,1687,-1.1259443135292486
mid,1.0,1688,-0.8935623529199982
mid,1.0,1689,-0.8309415414693037
mid,1.0,1690,-1.0617813843474897
mid,1.0,1691,-0.9303925705051179
mid,1.0,1692,-0.8633405947354573
mid,1.0,1693,-1.1678773337401
mid,1.0,1694,-1.0714026603722964
mid,1.0,1695,-1.0615957707128165
mid,1.0,1696,-1.1706501581731987
mid,1.0,1697,-0.9677263463041836
mid,1.0,1698,-1.016168487890419
mid,1.0,1699,-0.8433802721544894
mid,1.0,1700,-0.7741771012611605
mid,1.0,1701,-0.6741153841191269
mid,1.0,1702,-1.0816441970192308
mid,1.0,1703,-0.8904724561432653
mid,1.0,1704,-1.176072319540778
mid,1.0,1705,-1.0841093035829295
mid,1.0,1706,-1.1533083277321543
mid,1.0,1707,-1.1850353835864005
mid,1.0,1708,-1.1239558330661654
mid,1.0,1709,-1.1583312569628188
mid,1.0,1710,-0.8525076850062655
mid,1.0,1711,-0.8481035620734223
mid,1.0,1712,-1.2571115664601542
mid,1.0,1713,-0.7309289670331894
mid,1.0,1714,-1.295914535239669
mid,1.0,1715,-0.9965495353883738
mid,1.0,1716,-1.2607161018210813
mid,1.0,1717,-1.1738632887400189
mid,1.0,1718,-1.0996974102288797
mid,1.0,1719,-0.8764264800383376
mid,1.0,1720,-1.2564646357682623
mid,1.0,1721,-1.0017996892274998
mid,1.0,1722,-1.067556649472391
mid,1.0,1723,-1.0102370264758358
mid,1.0,1724,-0.9905861189633528
mid,1.0,1725,-1.273102858941513
mid,1.0,1726,-0.8753486805661161
mid,1.0,1727,-1.352155831867507
mid,1.0,1728,-0.8889981992654395
mid,1.0,1729,-0.9337383561894489
mid,1.0,1730,-0.9354729450499875
mid,1.0,1731,-0.8192693739288849
mid,1.0,1732,-1.2430395490518105
mid,1.0,1733,-1.1377393640360631
mid,1.0,1734,-1.1582403848698881
mid,1.0,1735,-1.0224948222032249
mid,1.0,1736,-0.8472956218470132
mid,1.0,1737,-0.810075313931331
mid,1.0,1738,-1.1225823387234684
mid,1.0,1739,-0.9242201769394938
mid,1.0,1740,-1.052731387310791
mid,1.0,1741,-0.8629710290756736
mid,1.0,1742,-1.0210772229739016
mid,1.0,1743,-0.9791666868556456
mid,1.0,1744,-0.896591882803489
mid,1.0,1745,-0.868950160588147
mid,1.0,1746,-0.8523968958856438
mid,1.0,1747,-1.004812335255788
mid,1.0,1748,-0.9774231442346172
mid,1.0,1749,-1.002374234742964
mid,1.0,1750,-0.8401323655430813
mid,1.0,1751,-1.0118441223533308
mid,1.0,1752,-0.8075314791758234
mid,1.0,1753,-1.0000152914864215
mid,1.0,1754,-1.207996696332366
mid,1.0,1755,-1.1335372376024047
mid,1.0,1756,-0.817182179683595
mid,1.0,1757,-0.9884341281538116
mid,1.0,1758,-0.9787602562777012
mid,1.0,1759,-0.9557249818964186
mid,1.0,1760,-1.0885518401923815
mid,1.0,1761,-0.9475655191458637
mid,1.0,1762,-1.2054497236505788
mid,1.0,1763,-1.1792569145152687
mid,1.0,1764,-1.022960408720634
mid,1.0,1765,-0.8797554223378832
mid,1.0,1766,-1.313607084889754
mid,1.0,1767,-0.9188933643556448
mid,1.0,1768,-1.0565010494672589
mid,1.0,1769,-1.3209304713474235
mid,1.0,1770,-0.825144552098639
mid,1.0,1771,-0.9785259578577176
mid,1.0,1772,-1.0954723409685685
mid,1.0,1773,-1.3149032797112217
mid,1.0,1774,-1.0218942409017233
mid,1.0,1775,-1.0813459749085697
mid,1.0,1776,-1.100988428090361
mid,1.0,1777,-0.9508154769871624
mid,1.0,1778,-0.8706456770159441
mid,1.0,1779,-1.1960030803370512
mid,1.0,1780,-0.9618415009915083
mid,1.0,1781,-0.9460149027873666
mid,1.0,1782,-0.8997868551642338
mid,1.0,1783,-0.9080487534237021
mid,1.0,1784,-0.8932628820851798
mid,1.0,1785,-0.8740935769923992
mid,1.0,1786,-0.9642039557059144
mid,1.0,1787,-0.98817046609771
mid,1.0,1788,-1.138029086465444
mid,1.0,1789,-1.1029876215482133
mid,1.0,1790,-1.0774317593170708
mid,1.0,1791,-0.9971754639458223
mid,1.0,1792,-1.322558350022371
mid,1.0,1793,-1.2556601702624275
mid,1.0,1794,-0.762337968509534
mid,1.0,1795,-1.0568891429708915
mid,1.0,1796,-0.732399415723521
mid,1.0,1797,-0.9034394133149175
mid,1.0,1798,-0.9403082038623763
mid,1.0,1799,-1.1677035335309276
mid,1.0,1800,-0.9032653702126839
mid,1.0,1801,-0.9635866586141402
mid,1.0,1802,-1.0299929901035176
mid,1.0,1803,-0.9957504366779829
mid,1.0,1804,-0.9483434464414744
mid,1.0,1805,-1.2230783296270724
mid,1.0,1806,-0.8359608384125009
mid,1.0,1807,-0.7000348128729085
mid,1.0,1808,-1.1284775154074842
mid,1.0,1809,-0.7845448186831508
mid,1.0,1810,-0.809483505978789
mid,1.0,1811,-0.9624418512659908
mid,1.0,1812,-0.9452188064510886
mid,1.0,1813,-1.1960426881100388
mid,1.0,1814,-1.0024402711163485
mid,1.0,1815,-1.14250041156205
mid,1.0,1816,-0.8882289752963605
mid,1.0,1817,-0.8032077801873557
mid,1.0,1818,-1.0564705807623611
mid,1.0,1819,-1.285117670486258
mid,1.0,1820,-1.1276420557198934
mid,1.0,1821,-1.015530847555327
mid,1.0,1822,-1.2994985516679263
mid,1.0,1823,-1.0542178352996476
mid,1.0,1824,-1.1034908894285227
mid,1.0,1825,-0.31286260276087996
mid,1.0,1826,-0.8521274318374592
mid,1.0,1827,-0.9201338688719923
mid,1.0,1828,-1.1286659694664354
mid,1.0,1829,-0.8851611141432202
mid,1.0,1830,-1.0422653179961332
mid,1.0,1831,-0.9859748008113894
mid,1.0,1832,-1.112918984445624
mid,1.0,1833,-0.7322943663601676
mid,1.0,1834,-0.9908692496204637
mid,1.0,1835,-0.9664552904054591
mid,1.0,1836,-0.8129777554456563
mid,1.0,1837,-0.867791409008952
mid,1.0,1838,-1.0194125642230794
mid,1.0,1839,-0.9210722311909086
mid,1.0,1840,-1.2062140877418315
mid,1.0,1841,-0.8268512830246885
mid,1.0,1842,-0.7377740678390244
mid,1.0,1843,-1.2673368762746908
mid,1.0,1844,-0.9556596225947812
mid,1.0,1845,-0.9530975382634786
mid,1.0,1846,-0.865013376999706
mid,1.0,1847,-0.9105606070938476
mid,1.0,1848,-0.8898938643464427
mid,1.0,1849,-1.362762071072755
mid,1.0,1850,-1.0065237850243802
mid,1.0,1851,-0.9206623054027512
mid,1.0,1852,-1.0868056887655786
mid,1.0,1853,-1.091339275157965
mid,1.0,1854,-1.2179569335613327
mid,1.0,1855,-0.6368743849461703
mid,1.0,1856,-1.049322798033515
mid,1.0,1857,-1.035023164261228
mid,1.0,1858,-1.0024131052155665
mid,1.0,1859,-1.0143613992013119
mid,1.0,1860,-0.7077940339261907
mid,1.0,1861,-0.8181160292889628
mid,1.0,1862,-0.8250160868565624
mid,1.0,1863,-1.2204714126557095
mid,1.0,1864,-1.1734031341851623
mid,1.0,1865,-0.8688206391766982
mid,1.0,1866,-0.9056121527412093
mid,1.0,1867,-0.9010773036263567
mid,1.0,1868,-0.6628321087250785
mid,1.0,1869,-1.1750560817876772
mid,1.0,1870,-0.9759069609236363
mid,1.0,1871,-0.984986650445712
mid,1.0,1872,-0.8827718901188303
mid,1.0,1873,-1.095894336984929
mid,1.0,1874,-0.979943875998191
mid,1.0,1875,-0.7883495690758192
mid,1.0,1876,-0.9993261996049514
mid,1.0,1877,-1.1438037289604561
mid,1.0,1878,-1.3033626916513905
mid,1.0,1879,-1.0074161661916066
mid,1.0,1880,-0.9458092413549996
mid,1.0,1881,-0.9327150316296839
mid,1.0,1882,-0.983353331981133
mid,1.0,1883,-1.0934011728996775
mid,1.0,1884,-1.0215819394873078
mid,1.0,1885,-0.924845847410193
mid,1.0,1886,-0.9412998456599059
mid,1.0,1887,-0.8950789209504364
mid,1.0,1888,-0.859619381578413
mid,1.0,1889,-0.9097955136126212
mid,1.0,1890,-0.914444169838742
mid,1.0,1891,-1.1860843462407982
mid,1.0,1892,-0.9329567398215448
mid,1.0,1893,-1.310249844654108
mid,1.0,1894,-0.641003251164135
mid,1.0,1895,-1.0338863412136277
mid,1.0,1896,-0.8805475351441093
mid,1.0,1897,-1.0200065894939303
mid,1.0,1898,-0.9153921766961314
mid,1.0,1899,-1.0218817219511387
mid,1.0,1900,-0.9293243045861415
mid,1.0,1901,-1.0081873338382397
mid,1.0,1902,-0.9812089770666039
mid,1.0,1903,-1.0635933795011479
mid,1.0,1904,-1.1513915672561756
mid,1.0,1905,-1.399251862058749
mid,1.0,1906,-0.9172600409722544
mid,1.0,1907,-1.3109865386877069
mid,1.0,1908,-1.1018712286420878
mid,1.0,1909,-0.9178030073518828
mid,1.0,1910,-0.905788425313347
mid,1.0,1911,-1.13720543766586
mid,1.0,1912,-1.093291939939331
mid,1.0,1913,-0.6927886892897871
mid,1.0,1914,-1.1589025011514502
mid,1.0,1915,-0.9658370839438531
mid,1.0,1916,-1.1436384898389358
mid,1.0,1917,-0.863145808851495
mid,1.0,1918,-1.1432769920382913
mid,1.0,1919,-1.2046990441042333
mid,1.0,1920,-1.1078667499626755
mid,1.0,1921,-0.907411650835739
mid,1.0,1922,-0.7666546916074656
mid,1.0,1923,-1.0956110640519998
mid,1.0,1924,-1.1413230748077325
mid,1.0,1925,-1.0586745505153543
mid,1.0,1926,-0.9698300700373681
mid,1.0,1927,-0.8666103951290695
mid,1.0,1928,-1.0923080015031943
mid,1.0,1929,-0.9685934306632549
mid,1.0,1930,-1.018064249296959
mid,1.0,1931,-0.8813338010555218
mid,1.0,1932,-0.7809868375268405
mid,1.0,1933,-0.8873288482801835
mid,1.0,1934,-0.8533466704524816
mid,1.0,1935,-0.8985539530352388
mid,1.0,1936,-0.8669793891595194
mid,1.0,1937,-1.0174355910355628
mid,1.0,1938,-0.9166171364166582
mid,1.0,1939,-1.1079184624381377
mid,1.0,1940,-1.0925922319197077
mid,1.0,1941,-0.7901554474201262
mid,1.0,1942,-0.8537237988017204
mid,1.0,1943,-0.9720821164004937
mid,1.0,1944,-0.8802920820116427
mid,1.0,1945,-0.9059069180403214
mid,1.0,1946,-0.6954344970519748
mid,1.0,1947,-1.0793890496967182
mid,1.0,1948,-1.005845754360631
mid,1.0,1949,-1.1996318954887195
mid,1.0,1950,-0.9293936255899453
mid,1.0,1951,-0.898523846680252
mid,1.0,1952,-0.8233816576888076
mid,1.0,1953,-1.0940246958361544
mid,1.0,1954,-1.0877425765330617
mid,1.0,1955,-0.8908496458952897
mid,1.0,1956,-0.9504244474541993
mid,1.0,1957,-0.9614980730809861
mid,1.0,1958,-1.0226345335098634
mid,1.0,1959,-1.3623332489042979
mid,1.0,1960,-0.9766340381446098
mid,1.0,1961,-0.9273037456378026
mid,1.0,1962,-1.0950254609985057
mid,1.0,1963,-0.8642254304280499
mid,1.0,1964,-0.9851714631953791
mid,1.0,1965,-1.1458071926986377
mid,1.0,1966,-0.8832517496330178
mid,1.0,1967,-1.040346901261726
mid,1.0,1968,-0.816947817964585
mid,1.0,1969,-1.162913832637633
mid,1.0,1970,-1.0349374374888458
mid,1.0,1971,-0.8745029432369462
mid,1.0,1972,-0.8283580453027416
mid,1.0,1973,-1.0287583794709179
mid,1.0,1974,-0.9816368582735882
mid,1.0,1975,-1.0669366493113936
mid,1.0,1976,-0.8592145642468517
mid,1.0,1977,-0.8551246206368159
mid,1.0,1978,-0.851417804700038
mid,1.0,1979,-0.912946889659509
mid,1.0,1980,-1.0173492249783833
mid,1.0,1981,-1.1236421284008322
mid,1.0,1982,-1.2577945566615407
mid,1.0,1983,-1.023843860933185
mid,1.0,1984,-0.8707529859658563
mid,1.0,1985,-0.9286878028108423
mid,1.0,1986,-1.1124761258901512
mid,1.0,1987,-0.8982602309865786
mid,1.0,1988,-0.8173580284332047
mid,1.0,1989,-0.9616001144162913
mid,1.0,1990,-0.9317287221655524
mid,1.0,1991,-1.2743443585419574
mid,1.0,1992,-1.2575080770586167
mid,1.0,1993,-0.8260509992712219
mid,1.0,1994,-1.000287735644367
mid,1.0,1995,-1.2515921745873908
mid,1.0,1996,-0.7632965613576673
mid,1.0,1997,-0.8901584006845842
mid,1.0,1998,-0.8969747821397397
mid,1.0,1999,-1.0807671208033403
mid,1.1,0,-0.3472543632968675
mid,1.1,1,-0.2207384727703703
mid,1.1,2,-0.00693755090048973
mid,1.1,3,-0.29042172410187467
mid,1.1,4,-0.3661468596121235
mid,1.1,5,-0.40804002290640656
mid,1.1,6,-0.44613322462104377
mid,1.1,7,-0.4451359672612403
mid,1.1,8,-0.2765397068072894
mid,1.1,9,-0.2374933313945495
mid,1.1,10,-0.035793295201151515
mid,1.1,11,-0.5880767366484824
mid,1.1,12,-0.0011942112480857335
mid,1.1,13,-0.09782725636246753
mid,1.1,14,-0.5121772034640071
mid,1.1,15,-0.12502097009890567
mid,1.1,16,-0.3708910582175159
mid,1.1,17,-0.5891346105449601
mid,1.1,18,-0.042074662464292915
mid,1.1,19,-0.36312392872541915
mid,1.1,20,-0.16391367701300416
mid,1.1,21,-0.19613341833691125
mid,1.1,22,-0.3831705544107469
mid,1.1,23,-0.4345591696456062
mid,1.1,24,-0.1675216915666895
mid,1.1,25,-0.18210532480386785
mid,1.1,26,-0.1642360246238068
mid,1.1,27,-0.373493991480901
mid,1.1,28,-0.43194956139284574
mid,1.1,29,-0.4891725959142442
mid,1.1,30,-0.39825707340366
mid,1.1,31,-0.3501211272377902
mid,1.1,32,-0.20297676820108168
mid,1.1,33,-0.08592239935596112
mid,1.1,34,-0.3890932089583041
mid,1.1,35,-0.5265172953448329
mid,1.1,36,-0.29171300434759007
mid,1.1,37,-0.09115658350417975
mid,1.1,38,-0.025308673362643384
mid,1.1,39,-0.4807317132291984
mid,1.1,40,-0.3321644106696391
mid,1.1,41,-0.5959722998564304
mid,1.1,42,-0.6373320719073643
mid,1.1,43,-0.5031811929263613
mid,1.1,44,-0.6006757308406231
mid,1.1,45,-0.3726530777892107
mid,1.1,46,-0.44423825176692533
mid,1.1,47,-0.2720372274824299
mid,1.1,48,-0.3851424765181361
mid,1.1,49,-0.12233975374631877
mid,1.1,50,-0.3108215148929584
mid,1.1,51,-0.2714321567799422
mid,1.1,52,-0.325337309941563
mid,1.1,53,-0.8097129343113554
mid,1.1,54,-0.5587743822800666
mid,1.1,55,-0.48321385919591314
mid,1.1,56,-0.3321666504193412
mid,1.1,57,-0.1320941378947579
mid,1.1,58,-0.19776241618364823
mid,1.1,59,-0.288002706484027
mid,1.1,60,-0.20992331570905448
mid,1.1,61,-0.1331523351139952
mid,1.1,62,-0.6800731947669844
mid,1.1,63,-0.6227893666589571
mid,1.1,64,-0.29825484283094733
mid,1.1,65,-0.18350443659732166
mid,1.1,66,-0.27102393497949134
mid,1.1,67,-0.5785421650828924
mid,1.1,68,-0.40297661058484696
mid,1.1,69,-0.404655565448779
mid,1.1,70,-0.3522841001393289
mid,1.1,71,-0.3725979723373801
mid,1.1,72,-0.47206544459510175
mid,1.1,73,-0.48227641447378816
mid,1.1,74,-0.4547192212374264
mid,1.1,75,-0.23658927668009322
mid,1.1,76,-0.25285963865169114
mid,1.1,77,-0.3076796118626422
mid,1.1,78,-0.09613195720026303
mid,1.1,79,-0.4878012492189647
mid,1.1,80,-0.5575165211445735
mid,1.1,81,-0.32839609832406386
mid,1.1,82,-0.002793210591861706
mid,1.1,83,-0.3743965296199354
mid,1.1,84,-0.533558643582032
mid,1.1,85,-0.2959114055426116
mid,1.1,86,-0.7407570427723615
mid,1.1,87,-0.38416040782939653
mid,1.1,88,-0.5277103781755853
mid,1.1,89,-0.02440689552243037
mid,1.1,90,-0.555183913791542
mid,1.1,91,-0.577801419222174
mid,1.1,92,-0.6084545012818732
mid,1.1,93,0.11859339829915873
mid,1.1,94,-0.47909010768785504
mid,1.1,95,-0.19320968412005146
mid,1.1,96,-0.30210569363971856
mid,1.1,97,-0.28719990281774993
mid,1.1,98,-0.18828474406954673
mid,1.1,99,-0.5162661432048462
mid,1.1,100,-0.21398118629962443
mid,1.1,101,-0.5501366488784162
mid,1.1,102,-0.7433180126168023
mid,1.1,103,-0.3195433861867053
mid,1.1,104,-0.4712018980157351
mid,1.1,105,-0.6683921070145401
mid,1.1,106,-0.894586644937262
mid,1.1,107,0.004689043436451214
mid,1.1,108,-0.3166751631977052
mid,1.1,109,-0.4274849287958418
mid,1.1,110,-0.3738163964694683
mid,1.1,111,-0.5139135970851992
mid,1.1,112,0.155456079773594
mid,1.1,113,-0.29252238506526296
mid,1.1,114,-0.2123424543976261
mid,1.1,115,-0.42147310019340417
mid,1.1,116,-0.4171318438662318
mid,1.1,117,-0.3161075239751469
mid,1.1,118,-0.41862281305317633
mid,1.1,119,-0.17186003179945664
mid,1.1,120,-0.5058124325889354
mid,1.1,121,-0.26121085737481353
mid,1.1,122,-0.3565797764901658
mid,1.1,123,-0.3564361429213133
mid,1.1,124,-0.22549879646850127
mid,1.1,125,-0.3596527042510308
mid,1.1,126,-0.2001122443036441
mid,1.1,127,0.13081462151014148
mid,1.1,128,-0.42555637035370775
mid,1.1,129,-0.21129042353418262
mid,1.1,130,-0.11875770246577318
mid,1.1,131,-0.13961538985103117
mid,1.1,132,-0.3577213927342423
mid,1.1,133,-0.5053014932122883
mid,1.1,134,-0.2789448618999447
mid,1.1,135,-0.24405187900016617
mid,1.1,136,-0.10621103750483668
mid,1.1,137,-0.5285788265304668
mid,1.1,138,-0.33940752180317585
mid,1.1,139,-0.16289604852468711
mid,1.1,140,-0.3733047719265431
mid,1.1,141,-0.23075244616215998
mid,1.1,142,-0.43811163757319566
mid,1.1,143,-0.4061270100033941
mid,1.1,144,-0.28071348402987656
mid,1.1,145,-0.39659317694606766
mid,1.1,146,-0.6696120700421371
mid,1.1,147,-0.3388578071985152
mid,1.1,148,-0.33646880779433314
mid,1.1,149,-0.41512598174632415
mid,1.1,150,-0.22584313548576582
mid,1.1,151,-0.17208436534126664
mid,1.1,152,-0.49427606664417273
mid,1.1,153,-0.41478892063262907
mid,1.1,154,-0.0008373586726410266
mid,1.1,155,-0.019344926399637776
mid,1.1,156,-0.10300868404609462
mid,1.1,157,-0.2538336201718908
mid,1.1,158,-0.6539812250963932
mid,1.1,159,-0.18700181384264944
mid,1.1,160,-0.521081616795549
mid,1.1,161,-0.5322697598694381
mid,1.1,162,-0.8646464040087666
mid,1.1,163,-0.21693856683586
mid,1.1,164,-0.014987487017839411
mid,1.1,165,-0.3109646952091197
mid,1.1,166,-0.07477890171074357
mid,1.1,167,-0.3267909968577944
mid,1.1,168,0.11290831091311924
mid,1.1,169,-0.08204426445779199
mid,1.1,170,0.12191223433788582
mid,1.1,171,-0.1876016222347185
mid,1.1,172,-0.19639295247564345
mid,1.1,173,-0.5686264722416937
mid,1.1,174,-0.518838047991872
mid,1.1,175,-0.229344562730913
mid,1.1,176,-0.2275894557567317
mid,1.1,177,-0.29323592777559665
mid,1.1,178,-0.06572362807699622
mid,1.1,179,-0.4974685379703353
mid,1.1,180,-0.4663936456854672
mid,1.1,181,-0.23458030979905686
mid,1.1,182,-0.4789279498065995
mid,1.1,183,-0.38976675630451724
mid,1.1,184,-0.41936430187702234
mid,1.1,185,-0.24174576572091766
mid,1.1,186,-0.7710751922688822
mid,1.1,187,-0.24585958707558603
mid,1.1,188,-0.5395647392748412
mid,1.1,189,-0.36303256855565885
mid,1.1,190,-0.146314657654709
mid,1.1,191,-0.5021309536710387
mid,1.1,192,-0.4094993725890694
mid,1.1,193,-0.10221472799644996
mid,1.1,194,-0.21673476081062565
mid,1.1,195,-0.16959550313597804
mid,1.1,196,-0.7643693977439181
mid,1.1,197,-0.5777634851422833
mid,1.1,198,-0.10334353162206028
mid,1.1,199,-0.6322162027085925
mid,1.1,200,-0.2358384761823683
mid,1.1,201,-0.6237818988104966
mid,1.1,202,-0.2577579666889742
mid,1.1,203,-0.3740261137878869
mid,1.1,204,-0.18285178314543518
mid,1.1,205,-0.5683965692313344
mid,1.1,206,-0.32652095809751935
mid,1.1,207,0.19042102663890756
mid,1.1,208,-0.32513326964910044
mid,1.1,209,-0.4492523151616648
mid,1.1,210,0.10090652406923832
mid,1.1,211,-0.21121372104075617
mid,1.1,212,-0.5355299646083608
mid,1.1,213,-0.5084578872253447
mid,1.1,214,-0.2766568014961853
mid,1.1,215,-0.18114926558252392
mid,1.1,216,-0.5401257435823077
mid,1.1,217,-0.3059540692724471
mid,1.1,218,-0.10589887553812714
mid,1.1,219,-0.04731584558902333
mid,1.1,220,-0.6748225903175561
mid,1.1,221,-0.38063468604302325
mid,1.1,222,-0.6205295046066228
mid,1.1,223,-0.344119546466893
mid,1.1,224,0.13243089255535506
mid,1.1,225,-0.10373975210265486
mid,1.1,226,-0.15837515718137168
mid,1.1,227,-0.2843028268694831
mid,1.1,228,-0.07044210914631617
mid,1.1,229,-0.218860604341263
mid,1.1,230,-0.5278941668062793
mid,1.1,231,-0.4644776378785595
mid,1.1,232,-0.4802854116519157
mid,1.1,233,0.1195563269889205
mid,1.1,234,-0.08918480957304119
mid,1.1,235,-0.4397734941938553
mid,1.1,236,-0.33790534056683036
mid,1.1,237,-0.19563926081908897
mid,1.1,238,-0.5653237151271963
mid,1.1,239,-0.28379068770996696
mid,1.1,240,-0.4054565189576981
mid,1.1,241,-0.4107149098131096
mid,1.1,242,-0.4743029035102863
mid,1.1,243,-0.21064631697281055
mid,1.1,244,-0.46241062154874857
mid,1.1,245,-0.15679771489424002
mid,1.1,246,-0.3724786965708379
mid,1.1,247,-0.02838174068963047
mid,1.1,248,-0.3835444791497056
mid,1.1,249,-0.2892873766344175
mid,1.1,250,-0.5825405903707473
mid,1.1,251,-0.5550673858735649
mid,1.1,252,-0.2777345497128602
mid,1.1,253,-0.3499037720706267
mid,1.1,254,-0.3062879486772154
mid,1.1,255,-0.2889729216032307
mid,1.1,256,-0.3656582578062951
mid,1.1,257,-0.5076611833054259
mid,1.1,258,-0.364399799664445
mid,1.1,259,-0.13745918905632867
mid,1.1,260,-0.3120354641035357
mid,1.1,261,-0.2700323156020104
mid,1.1,262,-0.2920722718714584
mid,1.1,263,-0.2914477276651302
mid,1.1,264,-0.42892145995937614
mid,1.1,265,-0.32369645993007007
mid,1.1,266,-0.3436774273718147
mid,1.1,267,-0.48215771647177746
mid,1.1,268,-0.4637568030544378
mid,1.1,269,-0.26664460584257516
mid,1.1,270,-0.6521766450840457
mid,1.1,271,-0.4765475389260924
mid,1.1,272,-0.4268204213074633
mid,1.1,273,-0.12858782318187434
mid,1.1,274,-0.13682516930243702
mid,1.1,275,-0.34695640916943327
mid,1.1,276,-0.5512482473911674
mid,1.1,277,-0.016010418277915887
mid,1.1,278,-0.5520138325228422
mid,1.1,279,-0.49984521830806145
mid,1.1,280,-0.5395077548553808
mid,1.1,281,-0.5222955819429734
mid,1.1,282,-0.6665082736252129
mid,1.1,283,-0.6291773636333131
mid,1.1,284,-0.5773600412466461
mid,1.1,285,-0.5044081691830961
mid,1.1,286,-0.5049168728907502
mid,1.1,287,-0.4889592003110463
mid,1.1,288,-0.07554454404953855
mid,1.1,289,-0.3905127525828119
mid,1.1,290,-0.5153145267001217
mid,1.1,291,-0.41673139253775976
mid,1.1,292,-0.18162521439965723
mid,1.1,293,-0.4365354946720377
mid,1.1,294,-0.5615455026280378
mid,1.1,295,-0.23359499976772852
mid,1.1,296,-0.4185105986977156
mid,1.1,297,-0.5375926819311723
mid,1.1,298,-0.38831504512239556
mid,1.1,299,-0.412650574991009
mid,1.1,300,-0.32923190559860427
mid,1.1,301,-0.20230994337544525
mid,1.1,302,-0.34569035317844216
mid,1.1,303,-0.30125733925399667
mid,1.1,304,-0.6163278127246162
mid,1.1,305,-0.22909186521307076
mid,1.1,306,-0.0788182096343129
mid,1.1,307,-0.2976140597178583
mid,1.1,308,-0.382399308675767
mid,1.1,309,-0.14005209920965153
mid,1.1,310,-0.0942049726603504
mid,1.1,311,-0.5166323782648116
mid,1.1,312,-0.5198652346940892
mid,1.1,313,-0.5569687528688188
mid,1.1,314,-0.4927087200690535
mid,1.1,315,-0.38623725401205944
mid,1.1,316,-0.2093178793855971
mid,1.1,317,-0.4856926694047847
mid,1.1,318,-0.200202256448816
mid,1.1,319,-0.6503723285205106
mid,1.1,320,-0.2767851851657152
mid,1.1,321,-0.17964587711224364
mid,1.1,322,-0.3437442910830146
mid,1.1,323,-0.20748287899246418
mid,1.1,324,-0.4057353438691716
mid,1.1,325,-0.23413087192011214
mid,1.1,326,-0.1928957377429061
mid,1.1,327,-0.24021864187113318
mid,1.1,328,-0.3964161075574064
mid,1.1,329,-0.5313501898220895
mid,1.1,330,0.16083950752412976
mid,1.1,331,-0.259047044535958
mid,1.1,332,-0.13844130722110623
mid,1.1,333,-0.44256793486225554
mid,1.1,334,-0.3119488104177799
mid,1.1,335,-0.3051056667443279
mid,1.1,336,-0.5609113722776166
mid,1.1,337,-0.1827140811175717
mid,1.1,338,-0.37949790898698144
mid,1.1,339,-0.16105646524477743
mid,1.1,340,-0.17968643170431778
mid,1.1,341,-0.43759656570988714
mid,1.1,342,-0.49792811347395954
mid,1.1,343,-0.09174746728872898
mid,1.1,344,-0.1263711295749386
mid,1.1,345,-0.6016082680055187
mid,1.1,346,-0.40029755836357533
mid,1.1,347,-0.42895932329229103
mid,1.1,348,-0.4613316807843978
mid,1.1,349,-0.3948625976736192
mid,1.1,350,-0.3957661590492438
mid,1.1,351,-0.3286902956534135
mid,1.1,352,-0.7137665458605736
mid,1.1,353,-0.1539403118137744
mid,1.1,354,-0.7405175029735124
mid,1.1,355,0.016591858969449983
mid,1.1,356,-0.2873912945455288
mid,1.1,357,-0.7092010833773692
mid,1.1,358,-0.29538619398199617
mid,1.1,359,-0.49664119528847767
mid,1.1,360,-0.9749025310168046
mid,1.1,361,-0.2486696959341733
mid,1.1,362,-0.3319500576408403
mid,1.1,363,-0.7200894704395425
mid,1.1,364,-0.23027726379554692
mid,1.1,365,-0.18267308689099807
mid,1.1,366,-0.22545563878991454
mid,1.1,367,-0.3742061291582623
mid,1.1,368,0.4293511410626466
mid,1.1,369,-0.7945911187907948
mid,1.1,370,-0.12242809004270412
mid,1.1,371,-0.7364615038182246
mid,1.1,372,0.10733144683018031
mid,1.1,373,-0.3833772218383664
mid,1.1,374,-0.1852275529414882
mid,1.1,375,-0.18499185288152853
mid,1.1,376,-0.3326754257293738
mid,1.1,377,-0.2664803768497696
mid,1.1,378,-0.4972361452689059
mid,1.1,379,-0.7508915987023148
mid,1.1,380,-0.3306321544684633
mid,1.1,381,-0.5929362733522596
mid,1.1,382,-0.7489473174494198
mid,1.1,383,-0.4183978086879137
mid,1.1,384,-0.6749936863957873
mid,1.1,385,-0.508181088472197
mid,1.1,386,-0.3849718367842269
mid,1.1,387,-0.014700231572693897
mid,1.1,388,-0.15147514974326723
mid,1.1,389,-0.18719190810307187
mid,1.1,390,-0.03617292905598345
mid,1.1,391,-0.0493704509885187
mid,1.1,392,-0.4184591982912932
mid,1.1,393,-0.13545918548305563
mid,1.1,394,0.14136267556373172
mid,1.1,395,-0.2596994233632585
mid,1.1,396,-0.6736498310255743
mid,1.1,397,-0.3379291366262895
mid,1.1,398,-0.41098181517960153
mid,1.1,399,-0.2241686887313016
mid,1.1,400,-0.17531314149133417
mid,1.1,401,-0.43730546752582994
mid,1.1,402,-0.17162119035639264
mid,1.1,403,-0.3971209234898661
mid,1.1,404,-0.32647688291335697
mid,1.1,405,-0.3783049446365469
mid,1.1,406,-0.3660723839659523
mid,1.1,407,-0.24200494046515508
mid,1.1,408,-0.2963519005682722
mid,1.1,409,-0.28176981892594166
mid,1.1,410,-0.583920072868867
mid,1.1,411,-0.4013563607615602
mid,1.1,412,-0.5650979135444604
mid,1.1,413,-0.27128424371673937
mid,1.1,414,-0.44989892004468024
mid,1.1,415,-0.3890291901379741
mid,1.1,416,-0.24634348845134876
mid,1.1,417,-0.16371039165414508
mid,1.1,418,-0.3734445622427664
mid,1.1,419,-0.3241906505240285
mid,1.1,420,-0.3418382094218607
mid,1.1,421,-0.2550797944718393
mid,1.1,422,-0.0621824845016711
mid,1.1,423,-0.3834476399170824
mid,1.1,424,-0.038302882178081914
mid,1.1,425,-0.22925837610185554
mid,1.1,426,-0.39595363435383574
mid,1.1,427,-0.39618535367781726
mid,1.1,428,-0.3837422602780405
mid,1.1,429,-0.329368179541737
mid,1.1,430,-0.21998719361247787
mid,1.1,431,-0.3610665831071171
mid,1.1,432,-0.04455313207491519
mid,1.1,433,-0.3535298566775043
mid,1.1,434,-0.7378737314721634
mid,1.1,435,-0.5813964440918834
mid,1.1,436,-0.3358171384243763
mid,1.1,437,-0.49294442214331086
mid,1.1,438,-0.4029239406222689
mid,1.1,439,-0.31788475683674317
mid,1.1,440,-0.17785560981965814
mid,1.1,441,-0.3657783106694503
mid,1.1,442,-0.2917541987849891
mid,1.1,443,-0.21576065238193998
mid,1.1,444,-0.6177847613188364
mid,1.1,445,-0.04110059974191427
mid,1.1,446,-0.06917064298061017
mid,1.1,447,-0.18763675122220902
mid,1.1,448,-0.2778816785434632
mid,1.1,449,-0.06977360468289934
mid,1.1,450,-0.6834136527088398
mid,1.1,451,-0.6302652083329284
mid,1.1,452,-0.5740854161202056
mid,1.1,453,-0.2535592741874721
mid,1.1,454,-0.29827473448293657
mid,1.1,455,-0.4585204711936189
mid,1.1,456,-0.24444934017475362
mid,1.1,457,-0.30444330317370416
mid,1.1,458,-0.11114506527386006
mid,1.1,459,-0.5168181371246581
mid,1.1,460,-0.4369221449633417
mid,1.1,461,-0.4474123053386646
mid,1.1,462,-0.6814576584408064
mid,1.1,463,-0.49691317831030485
mid,1.1,464,-0.2925992679902057
mid,1.1,465,-0.21227641561664118
mid,1.1,466,-0.6160962579721767
mid,1.1,467,0.014433755459599502
mid,1.1,468,-0.20000014562500135
mid,1.1,469,-0.24896633687074352
mid,1.1,470,-0.21727915963891495
mid,1.1,471,-0.04731656014009337
mid,1.1,472,-0.2499885031341321
mid,1.1,473,-0.17608086700219075
mid,1.1,474,-0.27840144386179994
mid,1.1,475,-0.007329585099412783
mid,1.1,476,-0.28801419426630975
mid,1.1,477,-0.2697122230246357
mid,1.1,478,-0.23474681559363986
mid,1.1,479,-0.2705096187953581
mid,1.1,480,-0.21801654443156535
mid,1.1,481,-0.23981523126982682
mid,1.1,482,0.06664596085141825
mid,1.1,483,0.09461722481338754
mid,1.1,484,-0.36058285721882105
mid,1.1,485,-0.1733109753759776
mid,1.1,486,-0.41754313780798136
mid,1.1,487,-0.5689187207939979
mid,1.1,488,-0.43948113751893997
mid,1.1,489,-0.1291834042206558
mid,1.1,490,-0.3515524384924992
mid,1.1,491,-0.4284967604455304
mid,1.1,492,-0.24718542272714014
mid,1.1,493,-0.3096468383877451
mid,1.1,494,-0.35943157604813974
mid,1.1,495,-0.08788103093948697
mid,1.1,496,-0.48398200541982195
mid,1.1,497,0.24652123959568728
mid,1.1,498,0.00201697813472779
mid,1.1,499,-0.364569694341653
mid,1.1,500,-0.26528201419278796
mid,1.1,501,-0.18970114234738442
mid,1.1,502,-0.39477818105989004
mid,1.1,503,-0.6780710251699652
mid,1.1,504,-0.4672780978613422
mid,1.1,505,-0.21169772128681874
mid,1.1,506,-0.5332946969946765
mid,1.1,507,-0.17091815557983325
mid,1.1,508,-0.10424085756224004
mid,1.1,509,-0.43054641900385576
mid,1.1,510,-0.3543203886003915
mid,1.1,511,-0.04350855397776876
mid,1.1,512,-0.5850022244021975
mid,1.1,513,-0.3564772005738767
mid,1.1,514,0.06733458621405418
mid,1.1,515,-0.6159975542875874
mid,1.1,516,-0.39973864967416534
mid,1.1,517,-0.23428140933967564
mid,1.1,518,-0.27837115122658995
mid,1.1,519,-0.39437199570565995
mid,1.1,520,-0.3588745643982323
mid,1.1,521,-0.2542367950508245
mid,1.1,522,-0.40391816467947034
mid,1.1,523,-0.12990628335394727
mid,1.1,524,-0.29564526606504066
mid,1.1,525,-0.5811448185487377
mid,1.1,526,-0.2843119469809208
mid,1.1,527,-0.26042423154752203
mid,1.1,528,-0.627847318684271
mid,1.1,529,-0.4849432923903889
mid,1.1,530,-0.29702184066928994
mid,1.1,531,-0.19717852011973994
mid,1.1,532,-0.3146729924117421
mid,1.1,533,-0.05519477660756721
mid,1.1,534,-0.19628660770711368
mid,1.1,535,-0.47301597790276323
mid,1.1,536,-0.3509571960965982
mid,1.1,537,-0.13334970736891644
mid,1.1,538,-0.596770026169668
mid,1.1,539,-0.33940960604380227
mid,1.1,540,-0.5892670889603562
mid,1.1,541,-0.3763959603640687
mid,1.1,542,-0.5236070606902273
mid,1.1,543,-0.2914181704486362
mid,1.1,544,-0.5393219229170717
mid,1.1,545,-0.1839328657161319
mid,1.1,546,-0.3900853592942323
mid,1.1,547,-0.29889103994677674
mid,1.1,548,-0.3318544638333572
mid,1.1,549,-0.5554637666134736
mid,1.1,550,-0.32140812273891906
mid,1.1,551,-0.34955559854453777
mid,1.1,552,-0.02932653934825842
mid,1.1,553,-0.17169091954219348
mid,1.1,554,-0.33863093353680157
mid,1.1,555,-0.5058339911086072
mid,1.1,556,-0.3098603465682341
mid,1.1,557,-0.4349373289451203
mid,1.1,558,-0.1785687885777731
mid,1.1,559,-0.5761781537334635
mid,1.1,560,-0.04218160623410817
mid,1.1,561,-0.575009437165289
mid,1.1,562,-0.4951735339830839
mid,1.1,563,-0.26860174443905044
mid,1.1,564,-0.5608701267816432
mid,1.1,565,0.10853560054162933
mid,1.1,566,-0.4125036523093786
mid,1.1,567,-0.3740022130039032
mid,1.1,568,-0.5969515841547074
mid,1.1,569,-0.4395233526048386
mid,1.1,570,-0.7770752893153984
mid,1.1,571,-0.44700241350537673
mid,1.1,572,-0.5466374750465351
mid,1.1,573,-0.29812999609358964
mid,1.1,574,-0.19849255826999898
mid,1.1,575,-0.37869291295364854
mid,1.1,576,0.11254860195676228
mid,1.1,577,-0.165358796247297
mid,1.1,578,-0.16860562893310918
mid,1.1,579,-0.24971474239365757
mid,1.1,580,-0.3409792714130509
mid,1.1,581,-0.26108869546259517
mid,1.1,582,-0.536162321862953
mid,1.1,583,-0.4778875445027085
mid,1.1,584,-0.25116677156672734
mid,1.1,585,-0.5126397927098004
mid,1.1,586,-0.34286939946237016
mid,1.1,587,-0.39129796021074587
mid,1.1,588,-0.5946843084062065
mid,1.1,589,-0.20786955984475655
mid,1.1,590,-0.22511967037646258
mid,1.1,591,-0.41003472890266535
mid,1.1,592,-0.46043297227752117
mid,1.1,593,-0.3409849152408677
mid,1.1,594,-0.47052145880211393
mid,1.1,595,-0.3767050951489081
mid,1.1,596,-0.48927389209155536
mid,1.1,597,-0.45314551027992217
mid,1.1,598,-0.3783955212267002
mid,1.1,599,-0.7243813015954225
mid,1.1,600,-0.6431614022419568
mid,1.1,601,-0.323953333066597
mid,1.1,602,-0.4670948221139659
mid,1.1,603,-0.6335014819937731
mid,1.1,604,-0.6559065712923924
mid,1.1,605,-0.4330389386098771
mid,1.1,606,-0.5042027414342247
mid,1.1,607,-0.3751060395195785
mid,1.1,608,-0.16768417902444133
mid,1.1,609,-0.577630306550522
mid,1.1,610,-0.40947741529886156
mid,1.1,611,0.06166655555869845
mid,1.1,612,-0.476375393687239
mid,1.1,613,-0.2808736676970747
mid,1.1,614,-0.193909968287609
mid,1.1,615,-0.12136619727245143
mid,1.1,616,-0.5835739687840286
mid,1.1,617,-0.13348269018465977
mid,1.1,618,-0.6367768724976647
mid,1.1,619,-0.04573980843895633
mid,1.1,620,-0.24157929535380535
mid,1.1,621,-0.2794207153728771
mid,1.1,622,-0.4766035838294903
mid,1.1,623,-0.25798925020087904
mid,1.1,624,-0.4255403090298905
mid,1.1,625,-0.4057693728232616
mid,1.1,626,-0.21631380217624457
mid,1.1,627,-0.39956589098430234
mid,1.1,628,-0.018705576855999908
mid,1.1,629,-0.584091427146048
mid,1.1,630,-0.386099422808705
mid,1.1,631,-0.4335438400303363
mid,1.1,632,-0.16875721765173288
mid,1.1,633,-0.2667865684236479
mid,1.1,634,0.031193044448331788
mid,1.1,635,-0.45788963371865293
mid,1.1,636,0.07922194566073154
mid,1.1,637,-0.37143765153916497
mid,1.1,638,-0.43735830271218024
mid,1.1,639,-0.20408569570919077
mid,1.1,640,-0.1255659297626827
mid,1.1,641,-0.37698141639096977
mid,1.1,642,0.017316959894033847
mid,1.1,643,-0.3383116418299185
mid,1.1,644,-0.36290882809657804
mid,1.1,645,-0.7241393142707934
mid,1.1,646,-0.7879794530760634
mid,1.1,647,-0.24169795932212448
mid,1.1,648,-0.22099387677448296
mid,1.1,649,-0.5652437280552601
mid,1.1,650,-0.03857931147041143
mid,1.1,651,-0.18996873744496107
mid,1.1,652,-0.3783077367307245
mid,1.1,653,-0.021515468423612905
mid,1.1,654,-0.23825012244727625
mid,1.1,655,-0.43739510581378344
mid,1.1,656,-0.3071438635945176
mid,1.1,657,-0.467144012981393
mid,1.1,658,-0.21252013048872373
mid,1.1,659,-0.41170775731931186
mid,1.1,660,-0.36073537498400277
mid,1.1,661,-0.46339918688037457
mid,1.1,662,-0.3700881547131378
mid,1.1,663,-0.31476791512688557
mid,1.1,664,-0.18021677531446728
mid,1.1,665,-0.6365502315533325
mid,1.1,666,-0.2940282469887128
mid,1.1,667,-0.4300503656938705
mid,1.1,668,-0.466597029941002
mid,1.1,669,-0.7428617023512217
mid,1.1,670,-0.34099670427665474
mid,1.1,671,-0.2579983000310597
mid,1.1,672,-0.3460380205898873
mid,1.1,673,-0.25348647640681793
mid,1.1,674,-0.5458621684556481
mid,1.1,675,-0.7851566123144975
mid,1.1,676,-0.3437641296913379
mid,1.1,677,-0.5318374414064321
mid,1.1,678,-0.40212085889105437
mid,1.1,679,-0.244199127247171
mid,1.1,680,0.15261377851056446
mid,1.1,681,-0.48674182908928054
mid,1.1,682,-0.4829055299794693
mid,1.1,683,-0.42859373322086863
mid,1.1,684,-0.6056604098195296
mid,1.1,685,-0.520295086995794
mid,1.1,686,-0.29443845871122665
mid,1.1,687,0.08755142682233102
mid,1.1,688,-0.32712889920862864
mid,1.1,689,-0.41565980678657644
mid,1.1,690,-0.5592968556357603
mid,1.1,691,-0.5405942925617598
mid,1.1,692,-0.4986124910394154
mid,1.1,693,-0.12641558300600947
mid,1.1,694,-0.5428977741337373
mid,1.1,695,-0.42824903430885136
mid,1.1,696,-0.4122705124689971
mid,1.1,697,-0.3425536224616394
mid,1.1,698,-0.3269363860015946
mid,1.1,699,-0.29492761616438645
mid,1.1,700,-0.1132832043882808
mid,1.1,701,-0.427487411150157
mid,1.1,702,-0.7466374943791686
mid,1.1,703,-0.22099318905694265
mid,1.1,704,-0.5004849722739644
mid,1.1,705,-0.20714227048270606
mid,1.1,706,-0.6109615960610633
mid,1.1,707,-0.2789813693764975
mid,1.1,708,-0.597822112187788
mid,1.1,709,-0.2906542473616269
mid,1.1,710,-0.37489752890369843
mid,1.1,711,-0.13724458874432768
mid,1.1,712,-0.4578227486390478
mid,1.1,713,-0.04950284600624875
mid,1.1,714,-0.1623934249980907
mid,1.1,715,-0.3656478579864806
mid,1.1,716,0.13703749825982955
mid,1.1,717,-0.4090593900230928
mid,1.1,718,-0.7050362906936166
mid,1.1,719,-0.5347354969867395
mid,1.1,720,-0.512654183120253
mid,1.1,721,-0.5354876507711399
mid,1.1,722,-0.5261908111741697
mid,1.1,723,-0.639554890222753
mid,1.1,724,-0.41122792175286327
mid,1.1,725,-0.4230462923313119
mid,1.1,726,-0.20513929887413776
mid,1.1,727,-0.1123417715281532
mid,1.1,728,-0.6814907243344618
mid,1.1,729,-0.4586126127866353
mid,1.1,730,0.06503308246140724
mid,1.1,731,0.027402223886921664
mid,1.1,732,-0.6030905340848108
mid,1.1,733,-0.2379944395578191
mid,1.1,734,-0.25944163430881373
mid,1.1,735,-0.45699065214114876
mid,1.1,736,-0.5522733742015132
mid,1.1,737,-0.3902843086870572
mid,1.1,738,-0.5412872963232602
mid,1.1,739,-0.4064270721052479
mid,1.1,740,-0.4293595716162437
mid,1.1,741,-0.6058143148573045
mid,1.1,742,-0.5614955356353724
mid,1.1,743,-0.3023846691410067
mid,1.1,744,-0.38650868427295354
mid,1.1,745,-0.3738210484454998
mid,1.1,746,-0.26384315313140416
mid,1.1,747,-0.17679604145891073
mid,1.1,748,-0.2564809400136678
mid,1.1,749,-0.4896098827671975
mid,1.1,750,-0.1356296286013064
mid,1.1,751,-0.6534634083313728
mid,1.1,752,-0.5154853678522003
mid,1.1,753,-0.33431818814854186
mid,1.1,754,-0.28469742144924853
mid,1.1,755,-0.08450437862668318
mid,1.1,756,-0.3120634412032686
mid,1.1,757,-0.5853505593981307
mid,1.1,758,-0.11562239058257326
mid,1.1,759,-0.1718306172199666
mid,1.1,760,-0.46705354632611995
mid,1.1,761,-0.30611242108356324
mid,1.1,762,-0.4443565973184861
mid,1.1,763,-0.4330431129586222
mid,1.1,764,-0.2723323760400554
mid,1.1,765,-0.32213784035514176
mid,1.1,766,-0.14749393172507633
mid,1.1,767,-0.47080113683965114
mid,1.1,768,-0.15748369974301302
mid,1.1,769,-0.28280566287211484
mid,1.1,770,-0.34002387881716467
mid,1.1,771,-0.3642109301547048
mid,1.1,772,-0.3970680297461376
mid,1.1,773,-0.6453776725967058
mid,1.1,774,-0.296552057252303
mid,1.1,775,-0.4342267632076429
mid,1.1,776,-0.6111075888047101
mid,1.1,777,0.03546345059927724
mid,1.1,778,0.11253041954504278
mid,1.1,779,0.04582771002408637
mid,1.1,780,-0.27532610885878933
mid,1.1,781,-0.6859073093109952
mid,1.1,782,-0.5892714951344301
mid,1.1,783,0.08520583884101565
mid,1.1,784,-0.11236443975472718
mid,1.1,785,-0.5201934327453408
mid,1.1,786,-0.34292942723606185
mid,1.1,787,-0.21477639951371402
mid,1.1,788,-0.29309848080911277
mid,1.1,789,-0.37868844441941635
mid,1.1,790,-0.30225847069759954
mid,1.1,791,-0.5630800715540974
mid,1.1,792,-0.33659286019308476
mid,1.1,793,-0.3615305173256287
mid,1.1,794,-0.524684621061192
mid,1.1,795,-0.16200046461613818
mid,1.1,796,-0.3114990127122038
mid,1.1,797,-0.5612965585093566
mid,1.1,798,0.11317335434835712
mid,1.1,799,-0.44970196045188665
mid,1.1,800,-0.32588520410756894
mid,1.1,801,-0.7479691328853406
mid,1.1,802,-0.3579539982579051
mid,1.1,803,-0.3989622303712538
mid,1.1,804,-0.409121788501008
mid,1.1,805,-0.2463247842323763
mid,1.1,806,-0.06671901630689932
mid,1.1,807,-0.459391149225099
mid,1.1,808,-0.31466355974739857
mid,1.1,809,-0.504053783844389
mid,1.1,810,-0.4058805066812491
mid,1.1,811,-0.2573549069250249
mid,1.1,812,-0.5922200237860339
mid,1.1,813,-0.4604257210058451
mid,1.1,814,-0.17370340075609503
mid,1.1,815,-0.6146896488841194
mid,1.1,816,-0.4577431350106944
mid,1.1,817,-0.7063498563344163
mid,1.1,818,-0.45651786089033997
mid,1.1,819,-0.5669137943014486
mid,1.1,820,-0.2834878678740453
mid,1.1,821,-0.30378520211090415
mid,1.1,822,-0.7754947014859026
mid,1.1,823,-0.36255716371600094
mid,1.1,824,-0.3627838854917094
mid,1.1,825,-0.13321477951261376
mid,1.1,826,-0.2667367815215345
mid,1.1,827,-0.5557260961861233
mid,1.1,828,-0.3923775479875956
mid,1.1,829,0.07740535933668696
mid,1.1,830,-0.6316645549391954
mid,1.1,831,-0.11228577854178083
mid,1.1,832,-0.3217033062583382
mid,1.1,833,-0.4427132522725118
mid,1.1,834,-0.11471027446417378
mid,1.1,835,-0.49199604518469237
mid,1.1,836,-0.09216965244888496
mid,1.1,837,-0.4734504812295653
mid,1.1,838,-0.5992160590389866
mid,1.1,839,-0.302603176919336
mid,1.1,840,-0.30652611519364487
mid,1.1,841,-0.3659437434394747
mid,1.1,842,-0.024750868484375094
mid,1.1,843,-0.413790198344419
mid,1.1,844,-0.54957351054891
mid,1.1,845,-0.0541593914125573
mid,1.1,846,0.047880285306885505
mid,1.1,847,-0.238354950689688
mid,1.1,848,-0.48679654321872806
mid,1.1,849,-0.2274899408985676
mid,1.1,850,-0.6115076726034293
mid,1.1,851,-0.3375583218643041
mid,1.1,852,-0.5960669134988389
mid,1.1,853,-0.15384783467541124
mid,1.1,854,-0.2831697184224385
mid,1.1,855,-0.3363704139558343
mid,1.1,856,-0.34426218170972456
mid,1.1,857,0.008239733556987813
mid,1.1,858,-0.3571203482767045
mid,1.1,859,-0.28416876797824514
mid,1.1,860,0.052511292544680656
mid,1.1,861,-0.28783317725680324
mid,1.1,862,-0.20396570087289587
mid,1.1,863,-0.33156709256904926
mid,1.1,864,-0.5369514207260412
mid,1.1,865,-0.3354516577842336
mid,1.1,866,-0.2652114422225737
mid,1.1,867,-0.25694759101148545
mid,1.1,868,-0.3670448031728072
mid,1.1,869,-0.3290472629431053
mid,1.1,870,-0.4090672051391921
mid,1.1,871,-0.19352126586694138
mid,1.1,872,-0.17319115445114214
mid,1.1,873,-0.2779488595045478
mid,1.1,874,-0.06700793613015574
mid,1.1,875,-0.3084077103916205
mid,1.1,876,-0.05018100737516756
mid,1.1,877,-0.30486999631603395
mid,1.1,878,-0.5455865950828327
mid,1.1,879,-0.4275660002711057
mid,1.1,880,-0.6127206705365479
mid,1.1,881,-0.30026458167171194
mid,1.1,882,-0.10830129731131019
mid,1.1,883,-0.6331622702067154
mid,1.1,884,0.16285352192883412
mid,1.1,885,-0.2623319342800211
mid,1.1,886,-0.3906769526939843
mid,1.1,887,-0.7054385601079272
mid,1.1,888,-0.5396956077412018
mid,1.1,889,-0.5903724572511937
mid,1.1,890,-0.08523243148202068
mid,1.1,891,-0.2974840636434901
mid,1.1,892,-0.41269623239693
mid,1.1,893,-0.5926505040611627
mid,1.1,894,-0.2813030681032832
mid,1.1,895,-0.4890141506600771
mid,1.1,896,-0.08279179967391491
mid,1.1,897,0.21233665743026658
mid,1.1,898,-0.21784761095278862
mid,1.1,899,-0.3272370968890171
mid,1.1,900,-0.21105508110251
mid,1.1,901,-0.3433750782128125
mid,1.1,902,-0.2120607462102891
mid,1.1,903,-0.2807110758982338
mid,1.1,904,-0.8340112128546512
mid,1.1,905,-0.18447468721828464
mid,1.1,906,-0.2639518727406544
mid,1.1,907,-0.06639808605253189
mid,1.1,908,-0.6438870957928329
mid,1.1,909,0.19195791318747932
mid,1.1,910,-0.4231730922515306
mid,1.1,911,-0.3521068750729219
mid,1.1,912,-0.4042432961252122
mid,1.1,913,-0.2992093050502051
mid,1.1,914,-0.5041716763512655
mid,1.1,915,-0.6805589608052737
mid,1.1,916,-0.39124441890729506
mid,1.1,917,0.008313500978187206
mid,1.1,918,-0.625434185906331
mid,1.1,919,-0.6551097411549154
mid,1.1,920,-0.5606973850645705
mid,1.1,921,-0.5576997334157254
mid,1.1,922,-0.41766602132357644
mid,1.1,923,-0.48333319889638127
mid,1.1,924,-0.6495739413778419
mid,1.1,925,-0.45163913874102013
mid,1.1,926,-0.5013340749052408
mid,1.1,927,-0.43230479836793456
mid,1.1,928,-0.1130874214099876
mid,1.1,929,-0.16777521014426888
mid,1.1,930,-0.2583595408228193
mid,1.1,931,-0.43132505766016943
mid,1.1,932,-0.4022764292933707
mid,1.1,933,-0.3938732641793017
mid,1.1,934,-0.2088766872193332
mid,1.1,935,-0.5434362275786137
mid,1.1,936,-0.2665232383020879
mid,1.1,937,-0.43972435662375
mid,1.1,938,-0.08686245453816216
mid,1.1,939,-0.1801658950523094
mid,1.1,940,-0.2951721054373851
mid,1.1,941,-0.18371194109165748
mid,1.1,942,-0.3048231160729286
mid,1.1,943,-0.5663791507772578
mid,1.1,944,-0.6464349006773396
mid,1.1,945,-0.6160834737409573
mid,1.1,946,-0.3898842829809313
mid,1.1,947,-0.0990005040175692
mid,1.1,948,-0.26117293758564425
mid,1.1,949,-0.3555911658243479
mid,1.1,950,-0.6623522326414076
mid,1.1,951,-0.14853177331093284
mid,1.1,952,-0.23851441011171157
mid,1.1,953,-0.49413040307160405
mid,1.1,954,-0.43764591003581277
mid,1.1,955,-0.5206109153077048
mid,1.1,956,-0.5425125130288466
mid,1.1,957,-0.16150253662488281
mid,1.1,958,-0.5226348741365712
mid,1.1,959,-0.3705328090974486
mid,1.1,960,-0.5470919141201261
mid,1.1,961,-0.021998372098845816
mid,1.1,962,-0.38867129291841523
mid,1.1,963,-0.4211130801070626
mid,1.1,964,-0.5081510480278356
mid,1.1,965,0.010687229738276145
mid,1.1,966,-0.3989241182098439
mid,1.1,967,0.0062247448125056755
mid,1.1,968,-0.5794617349307144
mid,1.1,969,-0.3113949269486001
mid,1.1,970,-0.24443784792714512
mid,1.1,971,-0.287484104638927
mid,1.1,972,-0.16301053889255768
mid,1.1,973,-0.4018406320294352
mid,1.1,974,-0.2070424177739861
mid,1.1,975,-0.27271166259757246
mid,1.1,976,-0.4124225438904471
mid,1.1,977,-0.5051062064528961
mid,1.1,978,-0.6085340528358375
mid,1.1,979,-0.28681295533740714
mid,1.1,980,-0.6787956797791994
mid,1.1,981,-0.367240170072753
mid,1.1,982,0.017218124034181596
mid,1.1,983,-0.5608742236821987
mid,1.1,984,-0.4267709372670338
mid,1.1,985,-0.5925026856155716
mid,1.1,986,-0.3386005603114399
mid,1.1,987,-0.2827186307119749
mid,1.1,988,-0.3986470354846624
mid,1.1,989,-0.2499220852056058
mid,1.1,990,-0.14390238486829363
mid,1.1,991,-0.31395655852372156
mid,1.1,992,-0.3634520508664386
mid,1.1,993,-0.32795111423114065
mid,1.1,994,-0.14485154744453893
mid,1.1,995,-0.5664048440658532
mid,1.1,996,0.11594304703528906
mid,1.1,997,-0.1982478069785604
mid,1.1,998,-0.11627259603335374
mid,1.1,999,-0.19986895224089246
mid,1.1,1000,-0.36412796495333744
mid,1.1,1001,-0.3099932946568945
mid,1.1,1002,-0.21721028783727406
mid,1.1,1003,-0.07724691324618939
mid,1.1,1004,-0.588126806181527
mid,1.1,1005,-0.15118349280775167
mid,1.1,1006,-0.6441409871343635
mid,1.1,1007,-0.5928439774230047
mid,1.1,1008,-0.4033777910036084
mid,1.1,1009,-0.0950012489497529
mid,1.1,1010,-0.16251891818958725
mid,1.1,1011,-0.16343414824970032
mid,1.1,1012,-0.6062871963468186
mid,1.1,1013,-0.35986500397019133
mid,1.1,1014,-0.6335234503505772
mid,1.1,1015,-0.49545073305444115
mid,1.1,1016,-0.5564822766436212
mid,1.1,1017,-0.08707668617985051
mid,1.1,1018,-0.34708231419590885
mid,1.1,1019,-0.2787110578722694
mid,1.1,1020,-0.051430003192835354
mid,1.1,1021,-0.4113046526188712
mid,1.1,1022,-0.6273343209773603
mid,1.1,1023,-0.575097263798036
mid,1.1,1024,-0.07252941335215374
mid,1.1,1025,0.23633507843074714
mid,1.1,1026,-0.3701680814669895
mid,1.1,1027,0.12151062763750771
mid,1.1,1028,-0.42769537831073434
mid,1.1,1029,-0.286135210805385
mid,1.1,1030,-0.38447493700660246
mid,1.1,1031,-0.5474587892527146
mid,1.1,1032,-0.7027364964155749
mid,1.1,1033,-0.20847181765307904
mid,1.1,1034,-0.5755639292180552
mid,1.1,1035,-0.24719633623370676
mid,1.1,1036,-0.5355347452799908
mid,1.1,1037,-0.5876938622860678
mid,1.1,1038,-0.44023741327423815
mid,1.1,1039,-0.46081043376180386
mid,1.1,1040,-0.41348057802149274
mid,1.1,1041,-0.6239683675614054
mid,1.1,1042,-0.3021129561144435
mid,1.1,1043,-0.3554918123911998
mid,1.1,1044,-0.304693224017141
mid,1.1,1045,-0.3336953315119746
mid,1.1,1046,-0.136895514254315
mid,1.1,1047,-0.8351355883641411
mid,1.1,1048,-0.23649259036276668
mid,1.1,1049,-0.3902815750903089
mid,1.1,1050,-0.10483845397768764
mid,1.1,1051,-0.02869305231073252
mid,1.1,1052,-0.5434170367711824
mid,1.1,1053,-0.15236330430614883
mid,1.1,1054,-0.1321073078980843
mid,1.1,1055,-0.012238883186896072
mid,1.1,1056,-0.20121578005193846
mid,1.1,1057,-0.2226563006605481
mid,1.1,1058,-0.15200826867507736
mid,1.1,1059,-0.13159653294795576
mid,1.1,1060,-0.2982306116254933
mid,1.1,1061,-0.02763425640499587
mid,1.1,1062,0.03188342255756011
mid,1.1,1063,-0.3733902173737595
mid,1.1,1064,-0.39935783286846416
mid,1.1,1065,-0.3589918068205145
mid,1.1,1066,-0.5073464738218685
mid,1.1,1067,-0.5593012245735923
mid,1.1,1068,-0.7614007218051453
mid,1.1,1069,-0.5437612261320929
mid,1.1,1070,-0.5729056445123112
mid,1.1,1071,-0.4730117898693027
mid,1.1,1072,-0.24302898146690557
mid,1.1,1073,-0.06157731461177596
mid,1.1,1074,-0.6540936419149276
mid,1.1,1075,-0.2744031786543312
mid,1.1,1076,-0.3283736106003074
mid,1.1,1077,-0.14100708043739876
mid,1.1,1078,-0.37493053799374654
mid,1.1,1079,-0.04305291661224299
mid,1.1,1080,-0.5703209574331805
mid,1.1,1081,0.011953535510163392
mid,1.1,1082,-0.40799050015625477
mid,1.1,1083,-0.2591351819099809
mid,1.1,1084,-0.27422895271676284
mid,1.1,1085,-0.5489880461145269
mid,1.1,1086,-0.8949781130598794
mid,1.1,1087,0.064961038930807
mid,1.1,1088,-0.028979689308482617
mid,1.1,1089,-0.49377728173857843
mid,1.1,1090,-0.10178838997220024
mid,1.1,1091,-0.11420712336705431
mid,1.1,1092,-0.34173433918062035
mid,1.1,1093,-0.42343766731328275
mid,1.1,1094,-0.11652258780016195
mid,1.1,1095,-0.5137286489898784
mid,1.1,1096,-0.6767473038084713
mid,1.1,1097,-0.1499835055300227
mid,1.1,1098,-0.46492400001306106
mid,1.1,1099,-0.2708802824687065
mid,1.1,1100,-0.40131419347397224
mid,1.1,1101,-0.11630803803981805
mid,1.1,1102,-0.5271811868915457
mid,1.1,1103,0.17304718773127867
mid,1.1,1104,-0.2555541024763562
mid,1.1,1105,-0.23468449524306384
mid,1.1,1106,-0.32448179038353114
mid,1.1,1107,-0.5943912448328319
mid,1.1,1108,-0.5010614700663905
mid,1.1,1109,-0.16952253537761616
mid,1.1,1110,-0.027079734009246098
mid,1.1,1111,-0.23868993486210693
mid,1.1,1112,0.0764993876627923
mid,1.1,1113,-0.2850405934097371
mid,1.1,1114,-0.5873080894467386
mid,1.1,1115,0.028847088227682453
mid,1.1,1116,-0.3230561981839703
mid,1.1,1117,-0.5975393703505391
mid,1.1,1118,-0.20146763197617712
mid,1.1,1119,-0.46397761739489674
mid,1.1,1120,-0.1386786877417025
mid,1.1,1121,-0.36711765418441694
mid,1.1,1122,-0.48663916439736293
mid,1.1,1123,-0.5954868909125054
mid,1.1,1124,-0.21353471824316567
mid,1.1,1125,-0.17834555777209418
mid,1.1,1126,-0.5463826008588551
mid,1.1,1127,-0.4194254660190283
mid,1.1,1128,-0.13069266594187096
mid,1.1,1129,-0.49642715774082113
mid,1.1,1130,-0.2817932809832838
mid,1.1,1131,-0.4766658718126423
mid,1.1,1132,-0.2676825393842752
mid,1.1,1133,-0.18751242784482988
mid,1.1,1134,-0.38173987522280406
mid,1.1,1135,-0.3510733478106059
mid,1.1,1136,-0.2750767833614381
mid,1.1,1137,-0.5087194916678139
mid,1.1,1138,-0.23322442358577725
mid,1.1,1139,-0.4036938691811404
mid,1.1,1140,-0.5423362858149414
mid,1.1,1141,-0.28091906844185355
mid,1.1,1142,-0.1747912477122974
mid,1.1,1143,-0.5815570094292173
mid,1.1,1144,-0.8523234436741887
mid,1.1,1145,-0.22663404908774792
mid,1.1,1146,-0.4220852052722039
mid,1.1,1147,-0.4134152972062298
mid,1.1,1148,-0.47685346769438797
mid,1.1,1149,-0.30219977574860457
mid,1.1,1150,-0.5970518807512772
mid,1.1,1151,-0.38809654369383706
mid,1.1,1152,-0.4584011043106621
mid,1.1,1153,-0.3439991481776023
mid,1.1,1154,-0.5220895290149167
mid,1.1,1155,-0.5481942394458175
mid,1.1,1156,-0.5968622470817986
mid,1.1,1157,0.2319550437983373
mid,1.1,1158,-0.17348129155043293
mid,1.1,1159,-0.2629978343969423
mid,1.1,1160,-0.5692526161979782
mid,1.1,1161,-0.5914830423889813
mid,1.1,1162,-0.1209198330025868
mid,1.1,1163,-0.5611722703051532
mid,1.1,1164,-0.7034552613900236
mid,1.1,1165,-0.2465896685323567
mid,1.1,1166,-0.230126963070314
mid,1.1,1167,-0.4343413465115395
mid,1.1,1168,-0.36954763055289247
mid,1.1,1169,-0.045105037203840515
mid,1.1,1170,-0.435159312432369
mid,1.1,1171,-0.6403845716983685
mid,1.1,1172,-0.47688663943780507
mid,1.1,1173,-0.4934676196093888
mid,1.1,1174,-0.4352596299528148
mid,1.1,1175,-0.32765544005344865
mid,1.1,1176,-0.4362420426397248
mid,1.1,1177,-0.33308175102183113
mid,1.1,1178,-0.30036066448225196
mid,1.1,1179,-0.08435826173621681
mid,1.1,1180,-0.39334854381593404
mid,1.1,1181,-0.610070245930838
mid,1.1,1182,-0.15788944264359386
mid,1.1,1183,-0.45358419179000237
mid,1.1,1184,-0.18573160543567585
mid,1.1,1185,-0.34396355352336594
mid,1.1,1186,-0.4521019964187432
mid,1.1,1187,-0.2898292305327839
mid,1.1,1188,-0.5038503581371258
mid,1.1,1189,-0.40083789479214005
mid,1.1,1190,-0.19669437693115868
mid,1.1,1191,-0.7606712541277496
mid,1.1,1192,-0.3048228329545327
mid,1.1,1193,-0.2937469474319231
mid,1.1,1194,-0.18653847117767797
mid,1.1,1195,-0.0959815734184392
mid,1.1,1196,-0.1445539167114936
mid,1.1,1197,-0.1735298788009293
mid,1.1,1198,-0.1931331905965046
mid,1.1,1199,-0.41091066977511254
mid,1.1,1200,-0.7339389090297
mid,1.1,1201,-0.5323004418490783
mid,1.1,1202,-0.28354806211455136
mid,1.1,1203,-0.6926031563533925
mid,1.1,1204,-0.7511117954825376
mid,1.1,1205,-0.31307745322197716
mid,1.1,1206,-0.6504641799680577
mid,1.1,1207,-0.26449008291427634
mid,1.1,1208,-0.7301394394223255
mid,1.1,1209,-0.41734038275804813
mid,1.1,1210,-0.5097208609153451
mid,1.1,1211,-0.5376353333750198
mid,1.1,1212,-0.33870265377943565
mid,1.1,1213,0.28970555839431267
mid,1.1,1214,-0.4484815450806942
mid,1.1,1215,-0.5494858527686425
mid,1.1,1216,-0.5945112858100081
mid,1.1,1217,-0.46727251968714106
mid,1.1,1218,-0.11206307164580555
mid,1.1,1219,-0.39970372111971103
mid,1.1,1220,-0.04443690718508364
mid,1.1,1221,-0.32066571318444675
mid,1.1,1222,-0.337528538511391
mid,1.1,1223,-0.23776199339732249
mid,1.1,1224,-0.29062960791265546
mid,1.1,1225,-0.2903516316717731
mid,1.1,1226,-0.5333612443674278
mid,1.1,1227,-0.3672661565960865
mid,1.1,1228,-0.43243435092698046
mid,1.1,1229,-0.16823807068419377
mid,1.1,1230,-0.29959400622689875
mid,1.1,1231,-0.1340081262824355
mid,1.1,1232,-0.14113441315313272
mid,1.1,1233,-0.33743725508863875
mid,1.1,1234,-0.26542467314633805
mid,1.1,1235,-0.1486577413895342
mid,1.1,1236,-0.3051890661996963
mid,1.1,1237,-0.21726069337902693
mid,1.1,1238,-0.06330065386265703
mid,1.1,1239,-0.3273283505563615
mid,1.1,1240,-0.1498246610183583
mid,1.1,1241,-0.4873708573271053
mid,1.1,1242,-0.12077378768480264
mid,1.1,1243,-0.35585191920879977
mid,1.1,1244,-0.42721648417875363
mid,1.1,1245,-0.13239633138461407
mid,1.1,1246,0.027660107038605747
mid,1.1,1247,-0.21555456251826452
mid,1.1,1248,-0.40298866588478394
mid,1.1,1249,-0.4094797209270746
mid,1.1,1250,-0.2916334763102998
mid,1.1,1251,-0.37386363720063587
mid,1.1,1252,-0.39656012435161964
mid,1.1,1253,-0.40451147398257825
mid,1.1,1254,-0.32614374282776365
mid,1.1,1255,-0.3031849571332299
mid,1.1,1256,-0.5454581885485472
mid,1.1,1257,-0.39179990724505315
mid,1.1,1258,-0.604227409169564
mid,1.1,1259,-0.473076679823201
mid,1.1,1260,-0.09235477166156016
mid,1.1,1261,-0.5388099600156442
mid,1.1,1262,-0.23128091401973894
mid,1.1,1263,-0.33906549893080895
mid,1.1,1264,-0.2465749886622472
mid,1.1,1265,-0.5390441537262968
mid,1.1,1266,-0.3843983444927332
mid,1.1,1267,-0.5379062748838283
mid,1.1,1268,-0.33785876261579745
mid,1.1,1269,-0.5864376037154774
mid,1.1,1270,-0.09528781854470948
mid,1.1,1271,-0.23350283117963247
mid,1.1,1272,-0.21027934691723194
mid,1.1,1273,-0.18531588859343132
mid,1.1,1274,-0.4629220802939001
mid,1.1,1275,-0.5318878354634787
mid,1.1,1276,-0.7551214099039874
mid,1.1,1277,-0.04075395602706716
mid,1.1,1278,-0.35254340007965995
mid,1.1,1279,-0.003483658310169243
mid,1.1,1280,-0.4169442203190614
mid,1.1,1281,-0.339434004807129
mid,1.1,1282,-0.254801009912595
mid,1.1,1283,-0.3939398881496516
mid,1.1,1284,-0.23357264135104103
mid,1.1,1285,-0.14487190548273468
mid,1.1,1286,-0.317158913353473
mid,1.1,1287,-0.024783583332371295
mid,1.1,1288,-0.27998815861354726
mid,1.1,1289,-0.2416808947436628
mid,1.1,1290,-0.5656399481239202
mid,1.1,1291,-0.5282506893395279
mid,1.1,1292,-0.6590014338116112
mid,1.1,1293,-0.09742524152332514
mid,1.1,1294,-0.4712743234306726
mid,1.1,1295,-0.4173021219042366
mid,1.1,1296,-0.423465072370889
mid,1.1,1297,-0.5800622956921799
mid,1.1,1298,-0.1573295530250995
mid,1.1,1299,-0.3942962190478567
mid,1.1,1300,-0.12897552754121505
mid,1.1,1301,-0.7010510693519078
mid,1.1,1302,-0.24028300090026472
mid,1.1,1303,-0.5103238220090349
mid,1.1,1304,-0.4779922902797396
mid,1.1,1305,-0.5546491541011273
mid,1.1,1306,-0.3195065959092483
mid,1.1,1307,-0.1863141991023641
mid,1.1,1308,-0.09141208544576535
mid,1.1,1309,-0.40660024540912804
mid,1.1,1310,-0.6203848672360849
mid,1.1,1311,-0.417518632392034
mid,1.1,1312,-0.15285963164817684
mid,1.1,1313,-0.6335315335240987
mid,1.1,1314,-0.18097217151237371
mid,1.1,1315,-0.22245343052622077
mid,1.1,1316,-0.6481754144604249
mid,1.1,1317,-0.12432412704969781
mid,1.1,1318,-0.7674174662480163
mid,1.1,1319,-0.5666045117836268
mid,1.1,1320,-0.4310518930136778
mid,1.1,1321,-0.6404810186901543
mid,1.1,1322,-0.43625788756181566
mid,1.1,1323,-0.30938396361067666
mid,1.1,1324,-0.02345351934665234
mid,1.1,1325,-0.7696504981170051
mid,1.1,1326,-0.743660565381459
mid,1.1,1327,0.10806212123908614
mid,1.1,1328,-0.4019735850012931
mid,1.1,1329,-0.5741253129139497
mid,1.1,1330,-0.21279828877381907
mid,1.1,1331,-0.3064069707428672
mid,1.1,1332,-0.16274241973288395
mid,1.1,1333,-0.4546812572240526
mid,1.1,1334,-0.08809833106189034
mid,1.1,1335,-0.23216131286575437
mid,1.1,1336,-0.5337511742746937
mid,1.1,1337,-0.39162400348863124
mid,1.1,1338,-0.42158681790439767
mid,1.1,1339,-0.1741484062812087
mid,1.1,1340,-0.19538879430748335
mid,1.1,1341,-0.2489347741256306
mid,1.1,1342,-0.20278316762953208
mid,1.1,1343,-0.7306000738040481
mid,1.1,1344,-0.31351304524349055
mid,1.1,1345,-0.4021555270529792
mid,1.1,1346,-0.1540974446620604
mid,1.1,1347,-0.2385576611606612
mid,1.1,1348,-0.31641865430046284
mid,1.1,1349,-0.3130795760529969
mid,1.1,1350,-0.2695883138399723
mid,1.1,1351,-0.5292920509193679
mid,1.1,1352,-0.4044545803645614
mid,1.1,1353,-0.2531070204412252
mid,1.1,1354,-0.007950044588197574
mid,1.1,1355,0.004663482405692741
mid,1.1,1356,-0.41232525490483324
mid,1.1,1357,-0.11579315917023558
mid,1.1,1358,-0.10841966137567759
mid,1.1,1359,-0.30241154399382214
mid,1.1,1360,-0.2876504665457459
mid,1.1,1361,-0.7033425550802903
mid,1.1,1362,-0.32546298865202755
mid,1.1,1363,-0.2629080174200402
mid,1.1,1364,-0.554421565796081
mid,1.1,1365,-0.4762125916012686
mid,1.1,1366,-0.11612996637006082
mid,1.1,1367,-0.22309750710201376
mid,1.1,1368,0.008339161572543228
mid,1.1,1369,-0.05770617465174693
mid,1.1,1370,-0.15167339736754104
mid,1.1,1371,-0.05479155417845749
mid,1.1,1372,0.17820558357696112
mid,1.1,1373,0.1580933500409412
mid,1.1,1374,-0.7364177432912772
mid,1.1,1375,-0.6299044136306547
mid,1.1,1376,-0.5180800874479273
mid,1.1,1377,-0.5669325016118721
mid,1.1,1378,-0.2240221435345266
mid,1.1,1379,-0.32268854919447665
mid,1.1,1380,-0.4000611041016045
mid,1.1,1381,-0.6055368014779957
mid,1.1,1382,-0.0518028609092705
mid,1.1,1383,-0.31812708117331506
mid,1.1,1384,-0.3866038654012055
mid,1.1,1385,-0.020689775576088452
mid,1.1,1386,-0.19016278778089352
mid,1.1,1387,-0.4590599164390498
mid,1.1,1388,-0.21928605984641666
mid,1.1,1389,-0.6859500886899607
mid,1.1,1390,-0.4131443791432418
mid,1.1,1391,-0.47357396139269065
mid,1.1,1392,-0.23238524422919024
mid,1.1,1393,-0.4941546284088211
mid,1.1,1394,-0.6340130078051358
mid,1.1,1395,-0.12440997610030649
mid,1.1,1396,-0.26024876997360247
mid,1.1,1397,-0.4139202241421351
mid,1.1,1398,-0.559298432896898
mid,1.1,1399,-0.5016435757730227
mid,1.1,1400,-0.16275400028796638
mid,1.1,1401,-0.3425048002157632
mid,1.1,1402,-0.39741793659140273
mid,1.1,1403,-0.4294819027267023
mid,1.1,1404,-0.3581144586683011
mid,1.1,1405,-0.16577276532735802
mid,1.1,1406,-0.18146566862034816
mid,1.1,1407,-0.25340471858210456
mid,1.1,1408,-0.19852339043067382
mid,1.1,1409,-0.3962820571635159
mid,1.1,1410,-0.5847041033253244
mid,1.1,1411,-0.3972624588616635
mid,1.1,1412,-0.29299069821643947
mid,1.1,1413,-0.40120830280353914
mid,1.1,1414,-0.32025793637247985
mid,1.1,1415,-0.46507479438528176
mid,1.1,1416,-0.15079388705423494
mid,1.1,1417,-0.5998333107796804
mid,1.1,1418,-0.3574626996962192
mid,1.1,1419,-0.2922358308719347
mid,1.1,1420,-0.5333295397714536
mid,1.1,1421,-0.49051377821432746
mid,1.1,1422,-0.3328128251858215
mid,1.1,1423,-0.24427293021917906
mid,1.1,1424,-0.15935984312890292
mid,1.1,1425,-0.21222670954044415
mid,1.1,1426,-0.4008477845109558
mid,1.1,1427,-0.14728323513914382
mid,1.1,1428,-0.3325076992878851
mid,1.1,1429,-0.38582941790847713
mid,1.1,1430,-0.45056040693155325
mid,1.1,1431,-0.26210970386726934
mid,1.1,1432,-0.6043979100136115
mid,1.1,1433,-0.016335009648157952
mid,1.1,1434,-0.5583508141029839
mid,1.1,1435,-0.1733895119790753
mid,1.1,1436,-0.16775543417340844
mid,1.1,1437,-0.5723526121892955
mid,1.1,1438,-0.41599649393949817
mid,1.1,1439,-0.501546510982258
mid,1.1,1440,-0.20006317449543404
mid,1.1,1441,-0.06442146278097688
mid,1.1,1442,-0.5017203494920971
mid,1.1,1443,-0.05590197523726962
mid,1.1,1444,-0.44730093344913846
mid,1.1,1445,-0.23129786063839455
mid,1.1,1446,-0.3378138462693225
mid,1.1,1447,-0.2918251586861877
mid,1.1,1448,-0.2626758447571099
mid,1.1,1449,-0.5946918965332813
mid,1.1,1450,-0.27456767752110595
mid,1.1,1451,-0.6087844382060381
mid,1.1,1452,-0.29398593310608734
mid,1.1,1453,-0.34219333598172313
mid,1.1,1454,0.11026525718312002
mid,1.1,1455,-0.32970899976145807
mid,1.1,1456,-0.3114954832685132
mid,1.1,1457,-0.4434031525011209
mid,1.1,1458,-0.6922797936336749
mid,1.1,1459,-0.35204364564969437
mid,1.1,1460,-0.35267058557845843
mid,1.1,1461,-0.43053806068554457
mid,1.1,1462,-0.1799479676786493
mid,1.1,1463,-0.324706256706675
mid,1.1,1464,-0.3368008506993266
mid,1.1,1465,0.029570904685499232
mid,1.1,1466,-0.7910335157868519
mid,1.1,1467,-0.4877809032281509
mid,1.1,1468,-0.2655082614912867
mid,1.1,1469,-0.32178099640048174
mid,1.1,1470,-0.40885433816252165
mid,1.1,1471,-0.3762909758863443
mid,1.1,1472,-0.2455274015710846
mid,1.1,1473,-0.19612838488220835
mid,1.1,1474,-0.6522495829369853
mid,1.1,1475,-0.2735811954547999
mid,1.1,1476,-0.08722313745249155
mid,1.1,1477,-0.43833157648851584
mid,1.1,1478,-0.006066130742843705
mid,1.1,1479,0.0012971819045455983
mid,1.1,1480,0.09253204164934864
mid,1.1,1481,-0.3631477792535167
mid,1.1,1482,-0.4160734600974871
mid,1.1,1483,-0.4619228631961355
mid,1.1,1484,-0.42121969836007805
mid,1.1,1485,-0.31732771371736684
mid,1.1,1486,-0.39459325180182675
mid,1.1,1487,-0.3750488431939078
mid,1.1,1488,0.025917955781379964
mid,1.1,1489,-0.09019459152070547
mid,1.1,1490,-0.49971446942499886
mid,1.1,1491,-0.31291608797066117
mid,1.1,1492,-0.4275775906496728
mid,1.1,1493,-0.5287574955343158
mid,1.1,1494,-0.3633476013722125
mid,1.1,1495,0.06184459933145156
mid,1.1,1496,0.20320788226367628
mid,1.1,1497,-0.6207043433777585
mid,1.1,1498,-0.6232021604108255
mid,1.1,1499,-0.6439575073821812
mid,1.1,1500,-0.29550008128616956
mid,1.1,1501,-0.3541249456728414
mid,1.1,1502,-0.16761011458758981
mid,1.1,1503,-0.1802108793979679
mid,1.1,1504,-0.14455030653207668
mid,1.1,1505,-0.5560306836241742
mid,1.1,1506,-0.3505759625204512
mid,1.1,1507,-0.3484573552452205
mid,1.1,1508,-0.4496765460534644
mid,1.1,1509,-0.5581974707069681
mid,1.1,1510,-0.4222970332114079
mid,1.1,1511,-0.44353449759151287
mid,1.1,1512,-0.39494547220258513
mid,1.1,1513,-0.2800141492592583
mid,1.1,1514,-0.18142463716935064
mid,1.1,1515,-0.7113634675626734
mid,1.1,1516,-0.5123876717627599
mid,1.1,1517,-0.45455876983389
mid,1.1,1518,-0.2738997458036739
mid,1.1,1519,-0.32573187258119074
mid,1.1,1520,-0.44433379315226323
mid,1.1,1521,-0.3420223621701215
mid,1.1,1522,-0.5706769634380084
mid,1.1,1523,-0.4810652563830972
mid,1.1,1524,-0.5112023226595693
mid,1.1,1525,-0.08009049829773542
mid,1.1,1526,-0.12089427732294555
mid,1.1,1527,-0.63751786840112
mid,1.1,1528,-0.15164731176812357
mid,1.1,1529,-0.15143068609648253
mid,1.1,1530,-0.27944138689340264
mid,1.1,1531,-0.0539207533851579
mid,1.1,1532,-0.4766781759916015
mid,1.1,1533,-0.46230800044177334
mid,1.1,1534,-0.5116599994563515
mid,1.1,1535,-0.5229637540015444
mid,1.1,1536,-0.6266993467339276
mid,1.1,1537,-0.32207142104119973
mid,1.1,1538,-0.35592906800388857
mid,1.1,1539,-0.3246804725381926
mid,1.1,1540,-0.5630486571284675
mid,1.1,1541,-0.5141257619397462
mid,1.1,1542,-0.46696548726148707
mid,1.1,1543,-0.6827895130368141
mid,1.1,1544,0.07705613027535795
mid,1.1,1545,-0.586884006575136
mid,1.1,1546,-0.5264500225408397
mid,1.1,1547,-0.3326668503637694
mid,1.1,1548,-0.0304659961827193
mid,1.1,1549,-0.34110032764309706
mid,1.1,1550,-0.45279868487860914
mid,1.1,1551,-0.156254365981033
mid,1.1,1552,-0.3639995325147346
mid,1.1,1553,-0.4412135180299243
mid,1.1,1554,-0.5701814919463152
mid,1.1,1555,-0.8666595208360878
mid,1.1,1556,-0.22969239462375776
mid,1.1,1557,-0.26708986768092796
mid,1.1,1558,-0.07122937437134068
mid,1.1,1559,-0.3590625514441348
mid,1.1,1560,-0.7656618748264354
mid,1.1,1561,-0.513488387824136
mid,1.1,1562,-0.559907239565733
mid,1.1,1563,-0.40889547115707414
mid,1.1,1564,-0.3786518176139166
mid,1.1,1565,-0.5659936812978005
mid,1.1,1566,-0.19126457699211852
mid,1.1,1567,0.060884183879019706
mid,1.1,1568,-0.4638691419414323
mid,1.1,1569,-0.1127033467898547
mid,1.1,1570,-0.08658966336924855
mid,1.1,1571,-0.3048905322467107
mid,1.1,1572,-0.5433455166567679
mid,1.1,1573,-0.3151472298290262
mid,1.1,1574,-0.2906965262112532
mid,1.1,1575,-0.3282550535802018
mid,1.1,1576,-0.2628611170805403
mid,1.1,1577,-0.16457981875793298
mid,1.1,1578,-0.5661508697264297
mid,1.1,1579,-0.26972410082431425
mid,1.1,1580,-0.6297799241912929
mid,1.1,1581,-0.5311740987552152
mid,1.1,1582,-0.24156942567389042
mid,1.1,1583,-0.5009386771663743
mid,1.1,1584,-0.4488984243649646
mid,1.1,1585,-0.39438436977301794
mid,1.1,1586,-0.06438731672753194
mid,1.1,1587,-0.35041426921751406
mid,1.1,1588,-0.3537602905323334
mid,1.1,1589,-0.2838853445976522
mid,1.1,1590,-0.42157707919230225
mid,1.1,1591,-0.5079778818704062
mid,1.1,1592,-0.2373302975446357
mid,1.1,1593,-0.06348198020285047
mid,1.1,1594,-0.4947163435876225
mid,1.1,1595,0.39202174081105773
mid,1.1,1596,-0.0852648968262022
mid,1.1,1597,-0.3409273260212555
mid,1.1,1598,-0.5238612516381029
mid,1.1,1599,-0.4481872779432845
mid,1.1,1600,-0.6651261729265661
mid,1.1,1601,-0.15232267277453024
mid,1.1,1602,-0.1756501517550769
mid,1.1,1603,-0.31178868497936085
mid,1.1,1604,-0.39444138079692087
mid,1.1,1605,-0.5530199349201335
mid,1.1,1606,-0.09784849747332193
mid,1.1,1607,-0.4864641374511102
mid,1.1,1608,-0.2287683111378045
mid,1.1,1609,-0.26762397033882357
mid,1.1,1610,-0.18649883401523562
mid,1.1,1611,-0.2545219401640786
mid,1.1,1612,-0.2251460066603631
mid,1.1,1613,-0.4857025738921957
mid,1.1,1614,-0.32962788905323204
mid,1.1,1615,-0.08607841289430149
mid,1.1,1616,-0.0001942985494402895
mid,1.1,1617,-0.5639608303194195
mid,1.1,1618,-0.10331893746482174
mid,1.1,1619,-0.09985819324295628
mid,1.1,1620,-0.5384346380974037
mid,1.1,1621,-0.3465544979296533
mid,1.1,1622,-0.2966077441003897
mid,1.1,1623,-0.5262790525315244
mid,1.1,1624,-0.2907643826222557
mid,1.1,1625,-0.50790134847622
mid,1.1,1626,-0.6050254108406764
mid,1.1,1627,-0.3775783482662296
mid,1.1,1628,-0.44043289295636956
mid,1.1,1629,-0.33688513582392854
mid,1.1,1630,-0.3637280947509305
mid,1.1,1631,-0.452549868023444
mid,1.1,1632,-0.3507661562926527
mid,1.1,1633,-0.2531086803496382
mid,1.1,1634,-0.15148577935954036
mid,1.1,1635,-0.6140895325470047
mid,1.1,1636,-0.3080284420599159
mid,1.1,1637,-0.25042695485668187
mid,1.1,1638,-0.12506788339944494
mid,1.1,1639,-0.4495557812302634
mid,1.1,1640,-0.11579075901875384
mid,1.1,1641,-0.5895364938969645
mid,1.1,1642,-0.3033514437892331
mid,1.1,1643,-0.3599888846417158
mid,1.1,1644,-0.23941583138642675
mid,1.1,1645,-0.4848516469375772
mid,1.1,1646,-0.34528213200023644
mid,1.1,1647,-0.2456818913507924
mid,1.1,1648,-0.4820508966467963
mid,1.1,1649,-0.6631566633894446
mid,1.1,1650,-0.48449707099114814
mid,1.1,1651,-0.25105173349262677
mid,1.1,1652,-0.07838578034183104
mid,1.1,1653,-0.6402509143158792
mid,1.1,1654,-0.6086998810928449
mid,1.1,1655,-0.44747947749241707
mid,1.1,1656,-0.48028871380444693
mid,1.1,1657,-0.41329495790304654
mid,1.1,1658,-0.21840373607864272
mid,1.1,1659,-0.3046181756686873
mid,1.1,1660,0.10138774244924952
mid,1.1,1661,-0.5194684342436494
mid,1.1,1662,-0.13611423501834616
mid,1.1,1663,-0.5051515276174696
mid,1.1,1664,-0.584969707148491
mid,1.1,1665,-0.6469771942607428
mid,1.1,1666,-0.39134658004872347
mid,1.1,1667,0.05333837419648389
mid,1.1,1668,-0.3379835762495612
mid,1.1,1669,-0.2709682071125679
mid,1.1,1670,-0.38375486705376594
mid,1.1,1671,-0.4044245419561728
mid,1.1,1672,-0.5177843292710317
mid,1.1,1673,-0.259081127913888
mid,1.1,1674,-0.5418781188166396
mid,1.1,1675,-0.15829091037099458
mid,1.1,1676,-0.35933616342241714
mid,1.1,1677,-0.5890483929900633
mid,1.1,1678,-0.40253209244064236
mid,1.1,1679,-0.4978319969400863
mid,1.1,1680,-0.12969940977172564
mid,1.1,1681,-0.27175324710232396
mid,1.1,1682,-0.21746261650959187
mid,1.1,1683,-0.37972580210997864
mid,1.1,1684,-0.499154498143158
mid,1.1,1685,-0.365645533080533
mid,1.1,1686,-0.41186745997529794
mid,1.1,1687,-0.55751993732097
mid,1.1,1688,-0.287096660471239
mid,1.1,1689,-0.21376855257135968
mid,1.1,1690,-0.4745587697694734
mid,1.1,1691,-0.16157661654263072
mid,1.1,1692,-0.2261481753656258
mid,1.1,1693,-0.5495954716395393
mid,1.1,1694,-0.3417774452582872
mid,1.1,1695,-0.510991802796988
mid,1.1,1696,-0.4490121262790779
mid,1.1,1697,-0.3377909244575945
mid,1.1,1698,-0.3267435253854975
mid,1.1,1699,-0.1388732108482326
mid,1.1,1700,-0.1430575749611932
mid,1.1,1701,0.0344124857919101
mid,1.1,1702,-0.5001463131433934
mid,1.1,1703,-0.3266736440093102
mid,1.1,1704,-0.5916943208007455
mid,1.1,1705,-0.48040414679484533
mid,1.1,1706,-0.5180586181795195
mid,1.1,1707,-0.556946590661607
mid,1.1,1708,-0.5923629956024056
mid,1.1,1709,-0.522876181790656
mid,1.1,1710,-0.2137597689183799
mid,1.1,1711,-0.2847577296832313
mid,1.1,1712,-0.6813737242798095
mid,1.1,1713,-0.011450930564609796
mid,1.1,1714,-0.7657973268937402
mid,1.1,1715,-0.285227207007206
mid,1.1,1716,-0.7231292217029337
mid,1.1,1717,-0.596759243220492
mid,1.1,1718,-0.5025594547424754
mid,1.1,1719,-0.2579128687249191
mid,1.1,1720,-0.6943226837523216
mid,1.1,1721,-0.33352757909108127
mid,1.1,1722,-0.5233989715154196
mid,1.1,1723,-0.3842434885596573
mid,1.1,1724,-0.345215998852331
mid,1.1,1725,-0.5558549708132973
mid,1.1,1726,-0.2819122580196594
mid,1.1,1727,-0.8138643199982593
mid,1.1,1728,-0.32670846671044895
mid,1.1,1729,-0.2777890189201127
mid,1.1,1730,-0.19302424270429103
mid,1.1,1731,-0.07668716681300893
mid,1.1,1732,-0.6147070755893054
mid,1.1,1733,-0.5690597626575982
mid,1.1,1734,-0.5085523514961501
mid,1.1,1735,-0.43305482088609826
mid,1.1,1736,-0.1309980165646278
mid,1.1,1737,-0.14132920896634252
mid,1.1,1738,-0.5613628001307169
mid,1.1,1739,-0.3389841833359385
mid,1.1,1740,-0.37460292159955616
mid,1.1,1741,-0.2790447855358357
mid,1.1,1742,-0.3919679271767682
mid,1.1,1743,-0.38623678473547246
mid,1.1,1744,-0.3004193264000409
mid,1.1,1745,-0.28896177130170037
mid,1.1,1746,-0.15928517640544657
mid,1.1,1747,-0.39146875647053
mid,1.1,1748,-0.36897381206981256
mid,1.1,1749,-0.3361683321651233
mid,1.1,1750,-0.16967313727451702
mid,1.1,1751,-0.38217577493036337
mid,1.1,1752,-0.2062662397655239
mid,1.1,1753,-0.4362452401518748
mid,1.1,1754,-0.5731126107815777
mid,1.1,1755,-0.4075037843281121
mid,1.1,1756,-0.23162413279715785
mid,1.1,1757,-0.42339344050633043
mid,1.1,1758,-0.42043271598662707
mid,1.1,1759,-0.32748770027940466
mid,1.1,1760,-0.4946045063097657
mid,1.1,1761,-0.3415458210668091
mid,1.1,1762,-0.593196771923701
mid,1.1,1763,-0.5978856806228088
mid,1.1,1764,-0.38999715378859656
mid,1.1,1765,-0.23325696379463295
mid,1.1,1766,-0.746634616462895
mid,1.1,1767,-0.39649483172589584
mid,1.1,1768,-0.4675455907097386
mid,1.1,1769,-0.7238664667600436
mid,1.1,1770,-0.19556917884018324
mid,1.1,1771,-0.4167767494544212
mid,1.1,1772,-0.4627711487595933
mid,1.1,1773,-0.7185105686591912
mid,1.1,1774,-0.40099944671173854
mid,1.1,1775,-0.39807066788320283
mid,1.1,1776,-0.5210512919336729
mid,1.1,1777,-0.2849678789108296
mid,1.1,1778,-0.2057235038513778
mid,1.1,1779,-0.6460766044841907
mid,1.1,1780,-0.18896053610164765
mid,1.1,1781,-0.3689829091582136
mid,1.1,1782,-0.2336633038125668
mid,1.1,1783,-0.32600160568560405
mid,1.1,1784,-0.2824210093119316
mid,1.1,1785,-0.2635515935949818
mid,1.1,1786,-0.3599904572516189
mid,1.1,1787,-0.4038806328477884
mid,1.1,1788,-0.5250006429163939
mid,1.1,1789,-0.5434731836862408
mid,1.1,1790,-0.4229121891016211
mid,1.1,1791,-0.40633102040664226
mid,1.1,1792,-0.6596842405536391
mid,1.1,1793,-0.6210849446881246
mid,1.1,1794,-0.10655230308733328
mid,1.1,1795,-0.464798853465904
mid,1.1,1796,-0.11297822777127693
mid,1.1,1797,-0.25659525313087944
mid,1.1,1798,-0.32517201954385905
mid,1.1,1799,-0.5558977656190525
mid,1.1,1800,-0.2375467527196764
mid,1.1,1801,-0.344441398519276
mid,1.1,1802,-0.4010786475733696
mid,1.1,1803,-0.4679577553170947
mid,1.1,1804,-0.18057726474725258
mid,1.1,1805,-0.6005398838676147
mid,1.1,1806,-0.17260872174825623
mid,1.1,1807,-0.10522200230148213
mid,1.1,1808,-0.6016230201752502
mid,1.1,1809,-0.22765542463786356
mid,1.1,1810,-0.12126712113217468
mid,1.1,1811,-0.35604649476317035
mid,1.1,1812,-0.3013055508598324
mid,1.1,1813,-0.6324426040532563
mid,1.1,1814,-0.35699184814388074
mid,1.1,1815,-0.5737788045048926
mid,1.1,1816,-0.21472261474462445
mid,1.1,1817,-0.16845740959601488
mid,1.1,1818,-0.4396391770625589
mid,1.1,1819,-0.6228203714546908
mid,1.1,1820,-0.5260625198617014
mid,1.1,1821,-0.3624659501314653
mid,1.1,1822,-0.7907041985774665
mid,1.1,1823,-0.5107028531357573
mid,1.1,1824,-0.45610122572257816
mid,1.1,1825,0.3549669851726584
mid,1.1,1826,-0.11560310444928061
mid,1.1,1827,-0.21081211681670758
mid,1.1,1828,-0.5050801536195441
mid,1.1,1829,-0.2712057749063436
mid,1.1,1830,-0.33486175900418585
mid,1.1,1831,-0.3041697406657162
mid,1.1,1832,-0.47133927505576284
mid,1.1,1833,-0.09999653251845776
mid,1.1,1834,-0.4011410066926793
mid,1.1,1835,-0.307905314622215
mid,1.1,1836,-0.21574415438179764
mid,1.1,1837,-0.25118604585200355
mid,1.1,1838,-0.42452669792985187
mid,1.1,1839,-0.2594366969447515
mid,1.1,1840,-0.5497743485396801
mid,1.1,1841,-0.18981009762555875
mid,1.1,1842,-0.11172049452231116
mid,1.1,1843,-0.6372737261710969
mid,1.1,1844,-0.3077377731182161
mid,1.1,1845,-0.37161946296983756
mid,1.1,1846,-0.19678345382618362
mid,1.1,1847,-0.2289908487676846
mid,1.1,1848,-0.3714837813974161
mid,1.1,1849,-0.7501135643816489
mid,1.1,1850,-0.48110014044358473
mid,1.1,1851,-0.3130288180147718
mid,1.1,1852,-0.4602536998246772
mid,1.1,1853,-0.47543727766622423
mid,1.1,1854,-0.5419527663387296
mid,1.1,1855,0.02031833661487515
mid,1.1,1856,-0.338922689714672
mid,1.1,1857,-0.3281881229432281
mid,1.1,1858,-0.16964919083033464
mid,1.1,1859,-0.38416295693695474
mid,1.1,1860,-0.023193852734638358
mid,1.1,1861,-0.12863490843708109
mid,1.1,1862,-0.186381938340415
mid,1.1,1863,-0.57442151894852
mid,1.1,1864,-0.5904790078938712
mid,1.1,1865,-0.3063730391740062
mid,1.1,1866,-0.27518525760407636
mid,1.1,1867,-0.3345911069259393
mid,1.1,1868,-0.0008509404669980419
mid,1.1,1869,-0.49819643980797573
mid,1.1,1870,-0.3199899853118639
mid,1.1,1871,-0.40314990407009865
mid,1.1,1872,-0.14645511018430318
mid,1.1,1873,-0.4129698513364679
mid,1.1,1874,-0.39793974169116836
mid,1.1,1875,-0.04742518978478671
mid,1.1,1876,-0.36566767651086024
mid,1.1,1877,-0.58672322939803
mid,1.1,1878,-0.6125067618669414
mid,1.1,1879,-0.3690387424139227
mid,1.1,1880,-0.3993920352393955
mid,1.1,1881,-0.24633590567213495
mid,1.1,1882,-0.3645927882856922
mid,1.1,1883,-0.5649038826553241
mid,1.1,1884,-0.36969592570498727
mid,1.1,1885,-0.3348159492310446
mid,1.1,1886,-0.2909075052226691
mid,1.1,1887,-0.2782641156654324
mid,1.1,1888,-0.14451765934549332
mid,1.1,1889,-0.3182838610330566
mid,1.1,1890,-0.27906076658592877
mid,1.1,1891,-0.5320478833942925
mid,1.1,1892,-0.14011044186887403
mid,1.1,1893,-0.6456194405704948
mid,1.1,1894,0.09113957839331427
mid,1.1,1895,-0.40641048181817574
mid,1.1,1896,-0.21475735582637767
mid,1.1,1897,-0.3677238191826084
mid,1.1,1898,-0.2980560532743454
mid,1.1,1899,-0.3703957303198675
mid,1.1,1900,-0.2531148039583785
mid,1.1,1901,-0.41496994489262734
mid,1.1,1902,-0.31435480000856286
mid,1.1,1903,-0.4760671605580211
mid,1.1,1904,-0.579262663522528
mid,1.1,1905,-0.8000561492244718
mid,1.1,1906,-0.3436857427885366
mid,1.1,1907,-0.7982080169671657
mid,1.1,1908,-0.49283804733747055
mid,1.1,1909,-0.2536637089913211
mid,1.1,1910,-0.21973806677766872
mid,1.1,1911,-0.5569429434381152
mid,1.1,1912,-0.41476134218333893
mid,1.1,1913,-0.03199814776170214
mid,1.1,1914,-0.6097988219917208
mid,1.1,1915,-0.3144932503075348
mid,1.1,1916,-0.4184407997231097
mid,1.1,1917,-0.22230684331586348
mid,1.1,1918,-0.5724687282929779
mid,1.1,1919,-0.6875059122486764
mid,1.1,1920,-0.49375713668878896
mid,1.1,1921,-0.19656460405554602
mid,1.1,1922,-0.08147907923843775
mid,1.1,1923,-0.41924337902260644
mid,1.1,1924,-0.548005861838526
mid,1.1,1925,-0.4394500545410023
mid,1.1,1926,-0.33362462966089784
mid,1.1,1927,-0.16716940852853518
mid,1.1,1928,-0.5647560921365389
mid,1.1,1929,-0.3297601475305212
mid,1.1,1930,-0.292174407061596
mid,1.1,1931,-0.2208014107885453
mid,1.1,1932,-0.05346526376010944
mid,1.1,1933,-0.27089983089529646
mid,1.1,1934,-0.2551795406390558
mid,1.1,1935,-0.2350346538667828
mid,1.1,1936,-0.13067172421261244
mid,1.1,1937,-0.4633928385827401
mid,1.1,1938,-0.2919348622945867
mid,1.1,1939,-0.5905655550710326
mid,1.1,1940,-0.4073329049421046
mid,1.1,1941,-0.0746997025831747
mid,1.1,1942,-0.23954572182793105
mid,1.1,1943,-0.2756414642834436
mid,1.1,1944,-0.19335062894184613
mid,1.1,1945,-0.2834436564526166
mid,1.1,1946,-0.0036522717960252864
mid,1.1,1947,-0.4891499716160692
mid,1.1,1948,-0.35429167066875145
mid,1.1,1949,-0.5428438503597226
mid,1.1,1950,-0.3389263845333116
mid,1.1,1951,-0.2713955494768883
mid,1.1,1952,-0.19343631239775122
mid,1.1,1953,-0.5486652334579369
mid,1.1,1954,-0.5323545565938019
mid,1.1,1955,-0.11386646304696227
mid,1.1,1956,-0.3089263367581789
mid,1.1,1957,-0.3393630674100672
mid,1.1,1958,-0.4393198424439564
mid,1.1,1959,-0.8089048397070423
mid,1.1,1960,-0.38267523974213413
mid,1.1,1961,-0.31326652191359505
mid,1.1,1962,-0.4940532076287699
mid,1.1,1963,-0.18251965102424017
mid,1.1,1964,-0.40492414724717746
mid,1.1,1965,-0.48407132091142696
mid,1.1,1966,-0.2122300173090304
mid,1.1,1967,-0.4456188046623502
mid,1.1,1968,-0.25819567281325073
mid,1.1,1969,-0.4884072167046595
mid,1.1,1970,-0.3474241944233542
mid,1.1,1971,-0.25500831715283767
mid,1.1,1972,-0.022771555510714806
mid,1.1,1973,-0.33775158749721257
mid,1.1,1974,-0.44806174123067766
mid,1.1,1975,-0.44539572191175564
mid,1.1,1976,-0.09329436213948107
mid,1.1,1977,-0.08651331779704492
mid,1.1,1978,-0.10800210909466765
mid,1.1,1979,-0.26163243135140934
mid,1.1,1980,-0.4329196861006154
mid,1.1,1981,-0.48304545775067903
mid,1.1,1982,-0.7234117871859561
mid,1.1,1983,-0.28758953527501424
mid,1.1,1984,-0.2844567001651818
mid,1.1,1985,-0.30524863599351887
mid,1.1,1986,-0.5231210919873138
mid,1.1,1987,-0.22574647863406685
mid,1.1,1988,-0.18285625553038165
mid,1.1,1989,-0.31490669211470446
mid,1.1,1990,-0.35065755274534016
mid,1.1,1991,-0.7172186514474598
mid,1.1,1992,-0.723519806681251
mid,1.1,1993,-0.18767965621723925
mid,1.1,1994,-0.4857798451428048
mid,1.1,1995,-0.6766234526674639
mid,1.1,1996,-0.0809067034347233
mid,1.1,1997,-0.2906082048651021
mid,1.1,1998,-0.23399448186253727
mid,1.1,1999,-0.4613516706015682
mid,1.2,0,0.24439977885096925
mid,1.2,1,0.3359952415228797
mid,1.2,2,0.6254312780683668
mid,1.2,3,0.29558508393543864
mid,1.2,4,0.19300926946001223
mid,1.2,5,0.19441002863420662
mid,1.2,6,0.10835864285028352
mid,1.2,7,0.07832023399888305
mid,1.2,8,0.3964935057542244
mid,1.2,9,0.3377044199580712
mid,1.2,10,0.5899777997942683
mid,1.2,11,-0.09135109764181841
mid,1.2,12,0.6168837350185967
mid,1.2,13,0.4805428634188034
mid,1.2,14,0.03196858099095133
mid,1.2,15,0.4873321833761549
mid,1.2,16,0.2971039922365655
mid,1.2,17,-0.10233143914239308
mid,1.2,18,0.5398123709417092
mid,1.2,19,0.2294688860413357
mid,1.2,20,0.4778896891679102
mid,1.2,21,0.41157205181378587
mid,1.2,22,0.2441221265195712
mid,1.2,23,0.09966444603591132
mid,1.2,24,0.38914850300705844
mid,1.2,25,0.4479090736897357
mid,1.2,26,0.4730912875102551
mid,1.2,27,0.21482786389286193
mid,1.2,28,0.19623668762386567
mid,1.2,29,0.09885902440965608
mid,1.2,30,0.19194439788452447
mid,1.2,31,0.2356836254877076
mid,1.2,32,0.4312285530709329
mid,1.2,33,0.543159463978556
mid,1.2,34,0.23150536207403227
mid,1.2,35,0.044440679552088067
mid,1.2,36,0.3259650705964942
mid,1.2,37,0.5499114082917947
mid,1.2,38,0.554335428124893
mid,1.2,39,0.1538931455138393
mid,1.2,40,0.2850246540682903
mid,1.2,41,-0.05451748147835832
mid,1.2,42,-0.1232536958233864
mid,1.2,43,0.07390664897938284
mid,1.2,44,0.0038945153961080694
mid,1.2,45,0.19474676104893093
mid,1.2,46,0.14602502064123787
mid,1.2,47,0.33828421293677685
mid,1.2,48,0.19791053013713492
mid,1.2,49,0.4546268044140325
mid,1.2,50,0.28686647713542557
mid,1.2,51,0.2789017253913592
mid,1.2,52,0.2446676282927067
mid,1.2,53,-0.23715120483134203
mid,1.2,54,0.020996592751631484
mid,1.2,55,0.023366371934567517
mid,1.2,56,0.2883336989886948
mid,1.2,57,0.4351905238634683
mid,1.2,58,0.32299798512125244
mid,1.2,59,0.30398470500449903
mid,1.2,60,0.3588123032910455
mid,1.2,61,0.4897250589666105
mid,1.2,62,-0.1659622488122338
mid,1.2,63,-0.05239688485150648
mid,1.2,64,0.2855487662649409
mid,1.2,65,0.41535495709130027
mid,1.2,66,0.3579985402150898
mid,1.2,67,0.030679251027772577
mid,1.2,68,0.17398069696690996
mid,1.2,69,0.19191231972034356
mid,1.2,70,0.2546271115398576
mid,1.2,71,0.183782105263989
mid,1.2,72,0.10183337509245309
mid,1.2,73,0.12050128752370454
mid,1.2,74,0.10694713377364135
mid,1.2,75,0.378708633128877
mid,1.2,76,0.3127443225066713
mid,1.2,77,0.3026701853681172
mid,1.2,78,0.5483473398525739
mid,1.2,79,0.046607759246737275
mid,1.2,80,0.019614101177706133
mid,1.2,81,0.2367483172484897
mid,1.2,82,0.6270517205013609
mid,1.2,83,0.20917122769582586
mid,1.2,84,0.024258579536997872
mid,1.2,85,0.2830465467151506
mid,1.2,86,-0.1530678489828406
mid,1.2,87,0.19026517756868883
mid,1.2,88,-0.018265058954335927
mid,1.2,89,0.5714223945717645
mid,1.2,90,0.07537383779154268
mid,1.2,91,-0.002357300068525721
mid,1.2,92,-0.06786201174400296
mid,1.2,93,0.7352175787208963
mid,1.2,94,0.03573626026656177
mid,1.2,95,0.4457647782860595
mid,1.2,96,0.3116938123995173
mid,1.2,97,0.2867519580107108
mid,1.2,98,0.33938836296355046
mid,1.2,99,0.023925855644964734
mid,1.2,100,0.4149127469777406
mid,1.2,101,-0.04793814567082334
mid,1.2,102,-0.16191800644809187
mid,1.2,103,0.2915425236259644
mid,1.2,104,0.031243336075749903
mid,1.2,105,-0.14424315106919416
mid,1.2,106,-0.3912350591559711
mid,1.2,107,0.71080968511427
mid,1.2,108,0.3180348248441781
mid,1.2,109,0.0853394459660311
mid,1.2,110,0.20836096529992845
mid,1.2,111,-0.033453265542388165
mid,1.2,112,0.7759233714501363
mid,1.2,113,0.2468572663786094
mid,1.2,114,0.40116586402665944
mid,1.2,115,0.15627337734480506
mid,1.2,116,0.18279508876141834
mid,1.2,117,0.24107958277253877
mid,1.2,118,0.12572451472636897
mid,1.2,119,0.4359504512534338
mid,1.2,120,0.01567540176062378
mid,1.2,121,0.3182580871493974
mid,1.2,122,0.22557474115734186
mid,1.2,123,0.2533343577770884
mid,1.2,124,0.3913181743087877
mid,1.2,125,0.2026947751345923
mid,1.2,126,0.347323367828766
mid,1.2,127,0.7745347442797377
mid,1.2,128,0.13434312097127132
mid,1.2,129,0.39604073197036943
mid,1.2,130,0.5611506470664199
mid,1.2,131,0.43441713210762184
mid,1.2,132,0.18009087447467348
mid,1.2,133,0.11020246858113657
mid,1.2,134,0.3484352510243822
mid,1.2,135,0.33398022113113807
mid,1.2,136,0.5404797385516206
mid,1.2,137,0.024034308163158248
mid,1.2,138,0.2595628335288562
mid,1.2,139,0.3911218994073019
mid,1.2,140,0.19053744437788656
mid,1.2,141,0.3324388766254601
mid,1.2,142,0.13214100030976453
mid,1.2,143,0.25280423679387576
mid,1.2,144,0.2731792264228342
mid,1.2,145,0.22758620668852375
mid,1.2,146,-0.1109225452418185
mid,1.2,147,0.22109889296761823
mid,1.2,148,0.2494893907841712
mid,1.2,149,0.14086143518972238
mid,1.2,150,0.3788473312855311
mid,1.2,151,0.454203764350602
mid,1.2,152,0.07394124982264721
mid,1.2,153,0.1705465201527975
mid,1.2,154,0.5797609761399062
mid,1.2,155,0.5833763558035312
mid,1.2,156,0.5450289929553497
mid,1.2,157,0.3495860341435581
mid,1.2,158,-0.14752165233496695
mid,1.2,159,0.40738955358133105
mid,1.2,160,0.05298790096056327
mid,1.2,161,0.06624559826327014
mid,1.2,162,-0.3829708879871447
mid,1.2,163,0.3674033834710867
mid,1.2,164,0.5834631343476978
mid,1.2,165,0.2439070627587447
mid,1.2,166,0.5590953353226472
mid,1.2,167,0.21797816168579448
mid,1.2,168,0.7556103821926091
mid,1.2,169,0.44664820108605957
mid,1.2,170,0.7191766638475865
mid,1.2,171,0.4086213343138877
mid,1.2,172,0.41681166013546905
mid,1.2,173,0.0014066363116197339
mid,1.2,174,0.045938390441072216
mid,1.2,175,0.27606713727095644
mid,1.2,176,0.34818544693605546
mid,1.2,177,0.3120015833424103
mid,1.2,178,0.5826173938613592
mid,1.2,179,0.06564578997054678
mid,1.2,180,0.1197317987037202
mid,1.2,181,0.3871348931643843
mid,1.2,182,0.09737601242349062
mid,1.2,183,0.19962747907247957
mid,1.2,184,0.1404430622031071
mid,1.2,185,0.345406636108892
mid,1.2,186,-0.282178096254245
mid,1.2,187,0.4041980648350736
mid,1.2,188,0.028982715265716063
mid,1.2,189,0.23310072229485826
mid,1.2,190,0.5115931568473286
mid,1.2,191,0.16643860378300798
mid,1.2,192,0.1453409826737038
mid,1.2,193,0.5557363618795672
mid,1.2,194,0.45490181090317566
mid,1.2,195,0.41560615123443867
mid,1.2,196,-0.21462630235821195
mid,1.2,197,0.007404752378035711
mid,1.2,198,0.48939012976637014
mid,1.2,199,-0.10892015823776131
mid,1.2,200,0.3417908925860005
mid,1.2,201,-0.06793232404846171
mid,1.2,202,0.33942175800298935
mid,1.2,203,0.12639344977910305
mid,1.2,204,0.4026137893051476
mid,1.2,205,0.003363625529007828
mid,1.2,206,0.25240724120588703
mid,1.2,207,0.8259402028796804
mid,1.2,208,0.30754602395896397
mid,1.2,209,0.1903054424837189
mid,1.2,210,0.7683398916522202
mid,1.2,211,0.4058567667974637
mid,1.2,212,0.007484414713839502
mid,1.2,213,0.031607458140820624
mid,1.2,214,0.2725112931813511
mid,1.2,215,0.38302820369475193
mid,1.2,216,0.05020220053303156
mid,1.2,217,0.3008117394763898
mid,1.2,218,0.47307869304306926
mid,1.2,219,0.5425319197468951
mid,1.2,220,-0.1539209033818953
mid,1.2,221,0.19549759850837373
mid,1.2,222,-0.1038396021986654
mid,1.2,223,0.26583579488516684
mid,1.2,224,0.7853960555369542
mid,1.2,225,0.558515969602018
mid,1.2,226,0.48503572139148915
mid,1.2,227,0.27025666182742525
mid,1.2,228,0.5975456774588228
mid,1.2,229,0.3480593021004321
mid,1.2,230,-0.014533625336917827
mid,1.2,231,0.1142467089850796
mid,1.2,232,0.16830870743068824
mid,1.2,233,0.798414946475287
mid,1.2,234,0.5252934680642747
mid,1.2,235,0.12794486842406907
mid,1.2,236,0.23632630917532166
mid,1.2,237,0.41326605765164587
mid,1.2,238,-0.0482161720141476
mid,1.2,239,0.35012756002126094
mid,1.2,240,0.22426037848279756
mid,1.2,241,0.22798575288571196
mid,1.2,242,0.10692929526180474
mid,1.2,243,0.39300194473099515
mid,1.2,244,0.05952027501967443
mid,1.2,245,0.4676871882841055
mid,1.2,246,0.20776921387525857
mid,1.2,247,0.5120368308260684
mid,1.2,248,0.23175057964466675
mid,1.2,249,0.31996162353822777
mid,1.2,250,-0.021944463795159835
mid,1.2,251,-0.02452348585559644
mid,1.2,252,0.3091655729445125
mid,1.2,253,0.16706134998143957
mid,1.2,254,0.28268945591299866
mid,1.2,255,0.3370429311483204
mid,1.2,256,0.21672930623553957
mid,1.2,257,0.10015221723341365
mid,1.2,258,0.2005929375173184
mid,1.2,259,0.4681198980796774
mid,1.2,260,0.2540478865715293
mid,1.2,261,0.3747920768025682
mid,1.2,262,0.3163930614805488
mid,1.2,263,0.25657730057326605
mid,1.2,264,0.155139021837767
mid,1.2,265,0.22941945550205042
mid,1.2,266,0.27980141283358706
mid,1.2,267,0.021569314111937236
mid,1.2,268,0.09251336883941241
mid,1.2,269,0.3427855006825255
mid,1.2,270,-0.12477781498781822
mid,1.2,271,0.10284703985716322
mid,1.2,272,0.10605783299505654
mid,1.2,273,0.5218215400612196
mid,1.2,274,0.5063662606921372
mid,1.2,275,0.20655889090586635
mid,1.2,276,-0.01448557211954757
mid,1.2,277,0.6047055956647815
mid,1.2,278,0.006649947015274869
mid,1.2,279,0.06056826874691737
mid,1.2,280,-0.0021779914143923627
mid,1.2,281,0.07339329781782283
mid,1.2,282,-0.11780078722958603
mid,1.2,283,-0.043335294221283266
mid,1.2,284,0.005443394753410557
mid,1.2,285,0.06209426935172159
mid,1.2,286,0.058865936987372997
mid,1.2,287,0.04932740649129613
mid,1.2,288,0.5191104232853466
mid,1.2,289,0.15406566462649862
mid,1.2,290,0.08300152377845536
mid,1.2,291,0.19627335854923247
mid,1.2,292,0.44210341481289833
mid,1.2,293,0.1916622498459586
mid,1.2,294,-0.04136610892972851
mid,1.2,295,0.4138195348626187
mid,1.2,296,0.14162434649958355
mid,1.2,297,-0.01559473171931904
mid,1.2,298,0.20069646062124688
mid,1.2,299,0.12637831542238884
mid,1.2,300,0.27273186993427156
mid,1.2,301,0.44113698373685967
mid,1.2,302,0.26590136779237034
mid,1.2,303,0.2244373534898554
mid,1.2,304,-0.026962373350742787
mid,1.2,305,0.3736078301461307
mid,1.2,306,0.5463836593371935
mid,1.2,307,0.32381322992229566
mid,1.2,308,0.21010316147763056
mid,1.2,309,0.47496809171567267
mid,1.2,310,0.4674552138500432
mid,1.2,311,0.07175841049156793
mid,1.2,312,0.04565528546662619
mid,1.2,313,-0.02514785877697375
mid,1.2,314,0.09123270171487015
mid,1.2,315,0.20547325254379725
mid,1.2,316,0.3872297221177738
mid,1.2,317,0.03953075377314541
mid,1.2,318,0.37719442577584544
mid,1.2,319,-0.053163372127858995
mid,1.2,320,0.34319667159341655
mid,1.2,321,0.3836995999108286
mid,1.2,322,0.21040593161560167
mid,1.2,323,0.3922170343340797
mid,1.2,324,0.151138100951027
mid,1.2,325,0.3430766393627003
mid,1.2,326,0.38879677035062604
mid,1.2,327,0.35009041596021756
mid,1.2,328,0.15031681449066392
mid,1.2,329,0.018128800448888132
mid,1.2,330,0.8318644059182081
mid,1.2,331,0.402217109921548
mid,1.2,332,0.4644708548385864
mid,1.2,333,0.07906623530530063
mid,1.2,334,0.29011696625361916
mid,1.2,335,0.3229479284905403
mid,1.2,336,-0.014474825873565834
mid,1.2,337,0.4129011178023396
mid,1.2,338,0.14123031100479577
mid,1.2,339,0.4233723103528879
mid,1.2,340,0.42648144708962665
mid,1.2,341,0.11376803148360265
mid,1.2,342,0.018632119300281424
mid,1.2,343,0.47292255683130197
mid,1.2,344,0.5286522440709557
mid,1.2,345,-0.11633964191815635
mid,1.2,346,0.12167763598742473
mid,1.2,347,0.1690008405031859
mid,1.2,348,0.1389493733204815
mid,1.2,349,0.196561548721168
mid,1.2,350,0.12918113752586965
mid,1.2,351,0.3021792363377789
mid,1.2,352,-0.1821912754660503
mid,1.2,353,0.43852854785982615
mid,1.2,354,-0.24239344056009035
mid,1.2,355,0.5815597111261062
mid,1.2,356,0.3077475892005233
mid,1.2,357,-0.20026472059437814
mid,1.2,358,0.2847379605508804
mid,1.2,359,0.0886273481392395
mid,1.2,360,-0.40529940071484005
mid,1.2,361,0.3423264127781357
mid,1.2,362,0.3091666335743148
mid,1.2,363,-0.18872545773157917
mid,1.2,364,0.32654177198647794
mid,1.2,365,0.47072659138716266
mid,1.2,366,0.396359752387268
mid,1.2,367,0.19449110828122135
mid,1.2,368,1.0620880217161794
mid,1.2,369,-0.23470446116195778
mid,1.2,370,0.5254580801308487
mid,1.2,371,-0.22571000761103382
mid,1.2,372,0.7341782817000189
mid,1.2,373,0.15806697631628583
mid,1.2,374,0.39521981908828124
mid,1.2,375,0.40635030610234124
mid,1.2,376,0.27527678504875946
mid,1.2,377,0.3140142601310525
mid,1.2,378,0.013868865233545332
mid,1.2,379,-0.24431292864912593
mid,1.2,380,0.23932462743771507
mid,1.2,381,-0.08110848079225196
mid,1.2,382,-0.24994258218964588
mid,1.2,383,0.09002197540928832
mid,1.2,384,-0.14697807354586476
mid,1.2,385,0.028354253644366993
mid,1.2,386,0.1622799361823995
mid,1.2,387,0.5735475597563329
mid,1.2,388,0.4782443441092979
mid,1.2,389,0.42284732096749916
mid,1.2,390,0.602398729978742
mid,1.2,391,0.5429857232669204
mid,1.2,392,0.2073098185235454
mid,1.2,393,0.436570563711766
mid,1.2,394,0.7492369980884761
mid,1.2,395,0.34045275275972825
mid,1.2,396,-0.16215092769524195
mid,1.2,397,0.20439272021519195
mid,1.2,398,0.18565112992292315
mid,1.2,399,0.3360831773638798
mid,1.2,400,0.38609493183911014
mid,1.2,401,0.05496137646411223
mid,1.2,402,0.40314217397684493
mid,1.2,403,0.1704668686948001
mid,1.2,404,0.2572490793844127
mid,1.2,405,0.21233223363815254
mid,1.2,406,0.20448011964880458
mid,1.2,407,0.3846317259193565
mid,1.2,408,0.26462933113883935
mid,1.2,409,0.29502636129949233
mid,1.2,410,-0.005727038457994799
mid,1.2,411,0.17663460965717415
mid,1.2,412,-0.030417428242962275
mid,1.2,413,0.3120375516072595
mid,1.2,414,0.13374712866922175
mid,1.2,415,0.21322891529053478
mid,1.2,416,0.36883692025545567
mid,1.2,417,0.4058739263108062
mid,1.2,418,0.26350865790882383
mid,1.2,419,0.29913065295519237
mid,1.2,420,0.2090346850102827
mid,1.2,421,0.34849755659430537
mid,1.2,422,0.5412238185374533
mid,1.2,423,0.2217578787377746
mid,1.2,424,0.6018364833751905
mid,1.2,425,0.37977165537061697
mid,1.2,426,0.22270141387835196
mid,1.2,427,0.1395212526163897
mid,1.2,428,0.19517342009944175
mid,1.2,429,0.227337687138109
mid,1.2,430,0.4326364471483031
mid,1.2,431,0.2796829624460824
mid,1.2,432,0.6073334114756752
mid,1.2,433,0.14814174870081506
mid,1.2,434,-0.23844727442239028
mid,1.2,435,-0.06539417227927942
mid,1.2,436,0.264992797371229
mid,1.2,437,0.04113124984066054
mid,1.2,438,0.18531445499799246
mid,1.2,439,0.2071935270229684
mid,1.2,440,0.5277631762652646
mid,1.2,441,0.18806935242908548
mid,1.2,442,0.2636919186826045
mid,1.2,443,0.3561836635999096
mid,1.2,444,-0.05370361041557928
mid,1.2,445,0.5910867792046015
mid,1.2,446,0.5135342298975941
mid,1.2,447,0.4025460812598058
mid,1.2,448,0.3429055085443092
mid,1.2,449,0.5650349817584291
mid,1.2,450,-0.06782368343093002
mid,1.2,451,-0.12983520679586538
mid,1.2,452,-0.0182104810824544
mid,1.2,453,0.3533432907127091
mid,1.2,454,0.30620103931460535
mid,1.2,455,0.13410504643954754
mid,1.2,456,0.4012488296707732
mid,1.2,457,0.2894271810336494
mid,1.2,458,0.47193563835124547
mid,1.2,459,0.03945453328641457
mid,1.2,460,0.09474959275495169
mid,1.2,461,0.19097613928708182
mid,1.2,462,-0.22358100647507503
mid,1.2,463,0.07221489824949073
mid,1.2,464,0.3092830339370162
mid,1.2,465,0.3816291151002675
mid,1.2,466,-0.021471892708349212
mid,1.2,467,0.6745826941067645
mid,1.2,468,0.3791256230304483
mid,1.2,469,0.27540115964995837
mid,1.2,470,0.4051578625839752
mid,1.2,471,0.5424902162017539
mid,1.2,472,0.3720442254052351
mid,1.2,473,0.4349833788499282
mid,1.2,474,0.2807031442320715
mid,1.2,475,0.6130315341247194
mid,1.2,476,0.26563932267499374
mid,1.2,477,0.32886084675573185
mid,1.2,478,0.3737687051460263
mid,1.2,479,0.31068792013676666
mid,1.2,480,0.36280600247962613
mid,1.2,481,0.3826089228033001
mid,1.2,482,0.688749815521096
mid,1.2,483,0.758049900631853
mid,1.2,484,0.20057729306895536
mid,1.2,485,0.44784344698288236
mid,1.2,486,0.12285601989402073
mid,1.2,487,-0.019730797130548514
mid,1.2,488,0.19716413222651852
mid,1.2,489,0.45077496921415233
mid,1.2,490,0.19346032628350215
mid,1.2,491,0.20616657389066312
mid,1.2,492,0.2697770786954917
mid,1.2,493,0.2913085711900591
mid,1.2,494,0.25358017996029664
mid,1.2,495,0.533767936567243
mid,1.2,496,0.10518332216443155
mid,1.2,497,0.841557046181613
mid,1.2,498,0.6363570547733898
mid,1.2,499,0.21239261767396483
mid,1.2,500,0.2702058376656806
mid,1.2,501,0.440385364613126
mid,1.2,502,0.20292998782008212
mid,1.2,503,-0.12862455588209176
mid,1.2,504,0.12472371777812954
mid,1.2,505,0.4193360112068234
mid,1.2,506,0.08866935477044353
mid,1.2,507,0.4538000704917966
mid,1.2,508,0.4912842760753104
mid,1.2,509,0.11909706333938581
mid,1.2,510,0.16475198411378872
mid,1.2,511,0.5884118537305244
mid,1.2,512,-0.07626009590492192
mid,1.2,513,0.22427319546050442
mid,1.2,514,0.6937564885893653
mid,1.2,515,-0.062063092507048875
mid,1.2,516,0.11757770724237077
mid,1.2,517,0.3284567586598983
mid,1.2,518,0.31764331136427787
mid,1.2,519,0.19776935230003698
mid,1.2,520,0.213916685788687
mid,1.2,521,0.2771111983903723
mid,1.2,522,0.118545021197584
mid,1.2,523,0.549610829164488
mid,1.2,524,0.35296625669370374
mid,1.2,525,-0.06002232297603185
mid,1.2,526,0.2888258856438186
mid,1.2,527,0.2823571038639139
mid,1.2,528,0.008498438733065976
mid,1.2,529,0.10703912955968384
mid,1.2,530,0.24433098677553322
mid,1.2,531,0.352141609016007
mid,1.2,532,0.25852211532099617
mid,1.2,533,0.6345322085653508
mid,1.2,534,0.371699970991612
mid,1.2,535,0.1223195032597629
mid,1.2,536,0.2206830090554385
mid,1.2,537,0.4634042049114485
mid,1.2,538,-0.027322743078942335
mid,1.2,539,0.2765613312448274
mid,1.2,540,-0.08623661370260777
mid,1.2,541,0.1965746030611309
mid,1.2,542,0.037364861546979315
mid,1.2,543,0.38953704772435077
mid,1.2,544,0.04180690607587026
mid,1.2,545,0.4066169021897697
mid,1.2,546,0.25686630640318225
mid,1.2,547,0.30881591727109786
mid,1.2,548,0.24074599107601263
mid,1.2,549,0.015789369681810977
mid,1.2,550,0.19311814054573218
mid,1.2,551,0.29248670702812285
mid,1.2,552,0.6163040969452115
mid,1.2,553,0.40665158598003265
mid,1.2,554,0.23356830484568777
mid,1.2,555,0.05458702585856376
mid,1.2,556,0.3352614851730442
mid,1.2,557,0.14797732189118085
mid,1.2,558,0.359699272788435
mid,1.2,559,-0.06625186053609718
mid,1.2,560,0.5562079130607942
mid,1.2,561,-0.05175466527511421
mid,1.2,562,0.06151772033935099
mid,1.2,563,0.3522547138233534
mid,1.2,564,0.017104759730885166
mid,1.2,565,0.742080922185125
mid,1.2,566,0.19528746087805995
mid,1.2,567,0.18081671009710884
mid,1.2,568,0.005209186386022945
mid,1.2,569,0.11709209787669365
mid,1.2,570,-0.18484489031356544
mid,1.2,571,0.1601535451128981
mid,1.2,572,0.003920180087849668
mid,1.2,573,0.26647962674706377
mid,1.2,574,0.49373848398918846
mid,1.2,575,0.15785644140327565
mid,1.2,576,0.7962519559728205
mid,1.2,577,0.4283577072408634
mid,1.2,578,0.45278846931533334
mid,1.2,579,0.3371854520367438
mid,1.2,580,0.250398070297771
mid,1.2,581,0.3210449565237891
mid,1.2,582,0.045489529004752186
mid,1.2,583,0.01490246809884817
mid,1.2,584,0.3457027898089958
mid,1.2,585,0.08389637194282211
mid,1.2,586,0.2846978237272812
mid,1.2,587,0.11839007668660521
mid,1.2,588,-0.04167220600156214
mid,1.2,589,0.4091676927162378
mid,1.2,590,0.3619831315699929
mid,1.2,591,0.13885983861096876
mid,1.2,592,0.15918047012091835
mid,1.2,593,0.2964351755595214
mid,1.2,594,0.11365115919487724
mid,1.2,595,0.20994183387756282
mid,1.2,596,0.046277377406948705
mid,1.2,597,0.09679072035375065
mid,1.2,598,0.22445396327887343
mid,1.2,599,-0.09475420301393664
mid,1.2,600,-0.12562243161548395
mid,1.2,601,0.30854274263563175
mid,1.2,602,0.08905537230683473
mid,1.2,603,-0.1657296797417163
mid,1.2,604,-0.03657582981002687
mid,1.2,605,0.15877680027379823
mid,1.2,606,0.07301225697774318
mid,1.2,607,0.12717318298381183
mid,1.2,608,0.47023156582430997
mid,1.2,609,0.0022285277454679223
mid,1.2,610,0.23656603417336255
mid,1.2,611,0.6734136209239149
mid,1.2,612,0.1692927481443207
mid,1.2,613,0.3354658209435396
mid,1.2,614,0.4565702114183653
mid,1.2,615,0.5205316118827304
mid,1.2,616,-0.08035369076911483
mid,1.2,617,0.47294856152782927
mid,1.2,618,-0.11852841179460905
mid,1.2,619,0.6209366094636356
mid,1.2,620,0.3733032973091782
mid,1.2,621,0.2868825227135667
mid,1.2,622,0.10453259189356996
mid,1.2,623,0.30541317797602435
mid,1.2,624,0.0966042801669572
mid,1.2,625,0.13518983361895506
mid,1.2,626,0.4445020501628502
mid,1.2,627,0.10846090017800998
mid,1.2,628,0.5878872113443445
mid,1.2,629,-0.04349083255789732
mid,1.2,630,0.18827997592525292
mid,1.2,631,0.1178366577430177
mid,1.2,632,0.4779293017928228
mid,1.2,633,0.32710748778715115
mid,1.2,634,0.7130343787591312
mid,1.2,635,0.06881979382679874
mid,1.2,636,0.7876442858236281
mid,1.2,637,0.20526483493962422
mid,1.2,638,0.16473813415797858
mid,1.2,639,0.34781032677671897
mid,1.2,640,0.46585855198670634
mid,1.2,641,0.17018690792667177
mid,1.2,642,0.6440585825664062
mid,1.2,643,0.194205528824766
mid,1.2,644,0.25074737753190285
mid,1.2,645,-0.20543691207351883
mid,1.2,646,-0.23500986191421383
mid,1.2,647,0.39502767704212916
mid,1.2,648,0.3409200451064727
mid,1.2,649,-0.0644349381708105
mid,1.2,650,0.6141993750644348
mid,1.2,651,0.4397000893352236
mid,1.2,652,0.1541048138413288
mid,1.2,653,0.5492686774782516
mid,1.2,654,0.3688857132115433
mid,1.2,655,0.09430214581623807
mid,1.2,656,0.2893613289434915
mid,1.2,657,0.1464091046085564
mid,1.2,658,0.37512239401135183
mid,1.2,659,0.13993908502653976
mid,1.2,660,0.2562429352643087
mid,1.2,661,0.12102021244420309
mid,1.2,662,0.18886319531052456
mid,1.2,663,0.24932596532371487
mid,1.2,664,0.4697101407491517
mid,1.2,665,-0.10257797385596058
mid,1.2,666,0.350360174952922
mid,1.2,667,0.11240007111430458
mid,1.2,668,0.14511205329574567
mid,1.2,669,-0.22034658006081426
mid,1.2,670,0.27295056980646787
mid,1.2,671,0.33320036931402736
mid,1.2,672,0.17865786479590673
mid,1.2,673,0.31220948074386023
mid,1.2,674,-0.02110786946233449
mid,1.2,675,-0.21321198456878332
mid,1.2,676,0.22891088274243038
mid,1.2,677,0.0011086579472491542
mid,1.2,678,0.16443565147688757
mid,1.2,679,0.3894017837631483
mid,1.2,680,0.7941342252423911
mid,1.2,681,0.1542528838857707
mid,1.2,682,0.08956566075053665
mid,1.2,683,0.13627988298310129
mid,1.2,684,-0.09309015672041834
mid,1.2,685,0.09966793409626773
mid,1.2,686,0.34582263881429964
mid,1.2,687,0.7121736510716389
mid,1.2,688,0.3034444310834776
mid,1.2,689,0.11604388687475206
mid,1.2,690,0.003010102292986264
mid,1.2,691,0.04894704037918247
mid,1.2,692,0.1259473898685893
mid,1.2,693,0.4894464845901106
mid,1.2,694,0.01999546892946981
mid,1.2,695,0.12221528028918209
mid,1.2,696,0.17344305583003863
mid,1.2,697,0.297287151017553
mid,1.2,698,0.20003785373086308
mid,1.2,699,0.2994559469095677
mid,1.2,700,0.470203582163624
mid,1.2,701,0.16610060840714072
mid,1.2,702,-0.19237788403504744
mid,1.2,703,0.395425206328283
mid,1.2,704,0.04078431698235422
mid,1.2,705,0.3677398883241062
mid,1.2,706,-0.009119547495911056
mid,1.2,707,0.3661580063051107
mid,1.2,708,-0.04234753667702799
mid,1.2,709,0.2653897882362599
mid,1.2,710,0.1638655534602529
mid,1.2,711,0.3968999911460016
mid,1.2,712,0.15103675153771928
mid,1.2,713,0.5661920604803696
mid,1.2,714,0.43323216596270203
mid,1.2,715,0.15960643574321995
mid,1.2,716,0.7684056491587816
mid,1.2,717,0.21680418269268134
mid,1.2,718,-0.17147249683013704
mid,1.2,719,-0.010454830322255254
mid,1.2,720,0.06601549198328882
mid,1.2,721,-0.00394325673116246
mid,1.2,722,0.0028203488159815253
mid,1.2,723,-0.04277393446646303
mid,1.2,724,0.2079886504723155
mid,1.2,725,0.17326843802506117
mid,1.2,726,0.3886474038651581
mid,1.2,727,0.5194660979692783
mid,1.2,728,-0.0658938154404572
mid,1.2,729,0.10371982980189336
mid,1.2,730,0.6827643621297057
mid,1.2,731,0.5848157086221617
mid,1.2,732,-0.09653273442348738
mid,1.2,733,0.3576434840131605
mid,1.2,734,0.3234110753585561
mid,1.2,735,0.14979064794708313
mid,1.2,736,-0.05305786747424748
mid,1.2,737,0.14310060276979794
mid,1.2,738,-0.026341474648882795
mid,1.2,739,0.10463690018307198
mid,1.2,740,0.16562732808698674
mid,1.2,741,-0.09208458182713812
mid,1.2,742,-0.015513505518009936
mid,1.2,743,0.3092584042093551
mid,1.2,744,0.16752483596271153
mid,1.2,745,0.2142071136742659
mid,1.2,746,0.3338310377443268
mid,1.2,747,0.4168005038528455
mid,1.2,748,0.3497819816942213
mid,1.2,749,0.06409003383073344
mid,1.2,750,0.514410150514085
mid,1.2,751,-0.04309837547186003
mid,1.2,752,0.10122251877430938
mid,1.2,753,0.2618205556348213
mid,1.2,754,0.2685109565809261
mid,1.2,755,0.5089325904373326
mid,1.2,756,0.27598273830607783
mid,1.2,757,-0.027555422638133927
mid,1.2,758,0.46347299086789623
mid,1.2,759,0.39717900363689695
mid,1.2,760,0.08301786130503686
mid,1.2,761,0.27387537727766104
mid,1.2,762,0.1535393624480694
mid,1.2,763,0.1575430348381187
mid,1.2,764,0.30091651825312976
mid,1.2,765,0.2993992272264431
mid,1.2,766,0.48595210836930863
mid,1.2,767,0.13455881225828573
mid,1.2,768,0.46829917308448327
mid,1.2,769,0.26204571276413546
mid,1.2,770,0.18811959569254097
mid,1.2,771,0.20683176506559034
mid,1.2,772,0.1878336331432917
mid,1.2,773,-0.12776942850831938
mid,1.2,774,0.2734502923096939
mid,1.2,775,0.14402954905359738
mid,1.2,776,-0.07930928559036755
mid,1.2,777,0.7065054915781447
mid,1.2,778,0.8268880191168612
mid,1.2,779,0.7549456217234918
mid,1.2,780,0.357070290295091
mid,1.2,781,-0.14281660393901122
mid,1.2,782,-0.028661782228756108
mid,1.2,783,0.7111709932590403
mid,1.2,784,0.4817368142254499
mid,1.2,785,0.020592319678956875
mid,1.2,786,0.2788032448102653
mid,1.2,787,0.4175737625498042
mid,1.2,788,0.33509552783218455
mid,1.2,789,0.17965382546958744
mid,1.2,790,0.25261017557345933
mid,1.2,791,-0.02092793790970676
mid,1.2,792,0.21865991391910353
mid,1.2,793,0.22983724157150087
mid,1.2,794,0.04057651286191084
mid,1.2,795,0.4200939227613513
mid,1.2,796,0.28880771547758327
mid,1.2,797,0.003466993642838056
mid,1.2,798,0.788344642067186
mid,1.2,799,0.08407659604193075
mid,1.2,800,0.26345482142775845
mid,1.2,801,-0.24437839902405753
mid,1.2,802,0.25280822879364795
mid,1.2,803,0.2433577316138742
mid,1.2,804,0.2373766011601278
mid,1.2,805,0.3366127333342567
mid,1.2,806,0.547934189902325
mid,1.2,807,0.095416894693476
mid,1.2,808,0.25946385805872496
mid,1.2,809,0.02081283183282748
mid,1.2,810,0.21794182427958042
mid,1.2,811,0.35151454315423136
mid,1.2,812,-0.03903574250590502
mid,1.2,813,0.11582517008843511
mid,1.2,814,0.5004878068911495
mid,1.2,815,-0.1306139987974716
mid,1.2,816,0.090336669716828
mid,1.2,817,-0.1943266515541974
mid,1.2,818,0.032807036737965464
mid,1.2,819,-0.020095757815090366
mid,1.2,820,0.38276842851494197
mid,1.2,821,0.277523428456248
mid,1.2,822,-0.2278253531041676
mid,1.2,823,0.2518529906493159
mid,1.2,824,0.21427432573193902
mid,1.2,825,0.416713030641046
mid,1.2,826,0.28710039315720004
mid,1.2,827,0.03923129168806131
mid,1.2,828,0.2204955781530509
mid,1.2,829,0.7271724261883568
mid,1.2,830,-0.14717171778008786
mid,1.2,831,0.5344104841569067
mid,1.2,832,0.3254086058360656
mid,1.2,833,0.14157581705788738
mid,1.2,834,0.5147794003367899
mid,1.2,835,0.06582171123916601
mid,1.2,836,0.569629541502135
mid,1.2,837,0.05740775025150424
mid,1.2,838,-0.02435139115761532
mid,1.2,839,0.22137812156093636
mid,1.2,840,0.29462765537915603
mid,1.2,841,0.18147745330710627
mid,1.2,842,0.5750574090052358
mid,1.2,843,0.16552283006718496
mid,1.2,844,-0.02369275631425999
mid,1.2,845,0.5018603646690777
mid,1.2,846,0.7377860388325991
mid,1.2,847,0.35351360564617307
mid,1.2,848,0.11708103302601988
mid,1.2,849,0.35148056580056225
mid,1.2,850,-0.004859771686907535
mid,1.2,851,0.25924614887251884
mid,1.2,852,-0.06257380840425437
mid,1.2,853,0.42452634642902837
mid,1.2,854,0.3137768266811305
mid,1.2,855,0.3006375524218795
mid,1.2,856,0.22051160906185244
mid,1.2,857,0.6325376781588029
mid,1.2,858,0.2100232162963382
mid,1.2,859,0.34347719803364524
mid,1.2,860,0.7501376774071311
mid,1.2,861,0.30790932146287975
mid,1.2,862,0.39679971429749805
mid,1.2,863,0.2945366537309036
mid,1.2,864,-0.012151324030620254
mid,1.2,865,0.2418330022638462
mid,1.2,866,0.27076942180896524
mid,1.2,867,0.33510459114451313
mid,1.2,868,0.28286575546032366
mid,1.2,869,0.2598802476317952
mid,1.2,870,0.15378882884001793
mid,1.2,871,0.45507892102800473
mid,1.2,872,0.3844246179559548
mid,1.2,873,0.2094855169261773
mid,1.2,874,0.5558964861982368
mid,1.2,875,0.2798902850912362
mid,1.2,876,0.5656021278440916
mid,1.2,877,0.2574060094080028
mid,1.2,878,-0.02675187798980746
mid,1.2,879,0.1434469079894881
mid,1.2,880,-0.07242947929856487
mid,1.2,881,0.3236613110984417
mid,1.2,882,0.4934831307132815
mid,1.2,883,-0.11931949925820616
mid,1.2,884,0.7771357828436491
mid,1.2,885,0.2729227014834695
mid,1.2,886,0.2477056479633279
mid,1.2,887,-0.14739865146455272
mid,1.2,888,-0.026903199323007946
mid,1.2,889,-0.02243952583655875
mid,1.2,890,0.5210284431631709
mid,1.2,891,0.2641387593328286
mid,1.2,892,0.19525130553102008
mid,1.2,893,-0.047799466564128985
mid,1.2,894,0.29364817772706114
mid,1.2,895,0.07392566927330202
mid,1.2,896,0.4711045375645044
mid,1.2,897,0.8542075668664116
mid,1.2,898,0.4061473221447709
mid,1.2,899,0.24400948038119563
mid,1.2,900,0.38163978055151615
mid,1.2,901,0.226609390623413
mid,1.2,902,0.372918744310183
mid,1.2,903,0.3445041025240424
mid,1.2,904,-0.3334318884310488
mid,1.2,905,0.422528545915357
mid,1.2,906,0.30992052303656875
mid,1.2,907,0.5487125446348446
mid,1.2,908,-0.1463193571279396
mid,1.2,909,0.8521602459043753
mid,1.2,910,0.1395750833775466
mid,1.2,911,0.2309328964311941
mid,1.2,912,0.1958776200527213
mid,1.2,913,0.33624339575267986
mid,1.2,914,0.06961652895529785
mid,1.2,915,-0.17634266498533022
mid,1.2,916,0.19186471209779063
mid,1.2,917,0.6444159387413709
mid,1.2,918,-0.06784891907161687
mid,1.2,919,-0.10546571791425764
mid,1.2,920,-0.01553628891026439
mid,1.2,921,-0.013995692026084939
mid,1.2,922,0.13075219523826706
mid,1.2,923,0.04211907381094604
mid,1.2,924,-0.13945607538574306
mid,1.2,925,0.10507468856046968
mid,1.2,926,0.0385817511745638
mid,1.2,927,0.12861725686004466
mid,1.2,928,0.5087256459987762
mid,1.2,929,0.4461614206280344
mid,1.2,930,0.31565739860837533
mid,1.2,931,0.13889093798053406
mid,1.2,932,0.1177611062565285
mid,1.2,933,0.16362190328269488
mid,1.2,934,0.45665519633563373
mid,1.2,935,-0.015943794104239045
mid,1.2,936,0.34409988570656164
mid,1.2,937,0.12108650277212134
mid,1.2,938,0.5617740757513442
mid,1.2,939,0.41724490999980646
mid,1.2,940,0.39765889714453917
mid,1.2,941,0.431220221508236
mid,1.2,942,0.2909768166017194
mid,1.2,943,0.011297003807705068
mid,1.2,944,-0.04453795492734021
mid,1.2,945,-0.07576236346073377
mid,1.2,946,0.20389929846021057
mid,1.2,947,0.4794259091228397
mid,1.2,948,0.32034085612713276
mid,1.2,949,0.2806267951880116
mid,1.2,950,-0.1313524141061344
mid,1.2,951,0.46720393215620415
mid,1.2,952,0.432846219007721
mid,1.2,953,0.1296360456715148
mid,1.2,954,0.13199699646210286
mid,1.2,955,0.06863823077937341
mid,1.2,956,0.01555043672618117
mid,1.2,957,0.488644100501244
mid,1.2,958,0.0915526618832954
mid,1.2,959,0.15843454147368155
mid,1.2,960,0.018623503536392645
mid,1.2,961,0.6328814355621052
mid,1.2,962,0.18414310809770498
mid,1.2,963,0.1195432480204397
mid,1.2,964,0.02544012307103412
mid,1.2,965,0.6659989277104837
mid,1.2,966,0.10110257687124838
mid,1.2,967,0.6604967226677474
mid,1.2,968,-0.04169517898517727
mid,1.2,969,0.2672940000948348
mid,1.2,970,0.33010797987935303
mid,1.2,971,0.2915596013907673
mid,1.2,972,0.535177537106489
mid,1.2,973,0.2552411088944738
mid,1.2,974,0.39289004343190287
mid,1.2,975,0.31158160179240424
mid,1.2,976,0.18844942080395286
mid,1.2,977,0.008782389055365296
mid,1.2,978,-0.09893091979146017
mid,1.2,979,0.3096720120441865
mid,1.2,980,-0.08915013543356574
mid,1.2,981,0.1815280058527762
mid,1.2,982,0.5873566055514111
mid,1.2,983,-0.05169129985257193
mid,1.2,984,0.16095493498324295
mid,1.2,985,-0.023868580521751077
mid,1.2,986,0.21437017121038618
mid,1.2,987,0.31837502040634047
mid,1.2,988,0.1315012058935127
mid,1.2,989,0.31068000824650893
mid,1.2,990,0.4792777041885559
mid,1.2,991,0.21830662360385927
mid,1.2,992,0.18479886699226478
mid,1.2,993,0.21466039888129052
mid,1.2,994,0.4760614035357553
mid,1.2,995,-0.004135598350493015
mid,1.2,996,0.7814247123879025
mid,1.2,997,0.35477838496096215
mid,1.2,998,0.5420123735500725
mid,1.2,999,0.41712268764749383
mid,1.2,1000,0.18405109743051232
mid,1.2,1001,0.25596814688790515
mid,1.2,1002,0.46644301414708284
mid,1.2,1003,0.4950461787015173
mid,1.2,1004,0.02659338801076575
mid,1.2,1005,0.48104983819052727
mid,1.2,1006,-0.1151789571599837
mid,1.2,1007,-0.017453058729796304
mid,1.2,1008,0.1671877137701458
mid,1.2,1009,0.5691151942811792
mid,1.2,1010,0.5346458094601245
mid,1.2,1011,0.4739275031640552
mid,1.2,1012,0.028736291401457916
mid,1.2,1013,0.2835368197658514
mid,1.2,1014,-0.12713990187679836
mid,1.2,1015,0.07398006294018644
mid,1.2,1016,0.008231166610561483
mid,1.2,1017,0.5164139870982082
mid,1.2,1018,0.16094896727672856
mid,1.2,1019,0.3879754254763448
mid,1.2,1020,0.6059411374056206
mid,1.2,1021,0.1437535847701009
mid,1.2,1022,-0.10790694938539665
mid,1.2,1023,-0.02034883619259828
mid,1.2,1024,0.5599231430696593
mid,1.2,1025,0.8209383454209773
mid,1.2,1026,0.17487156453016753
mid,1.2,1027,0.7432158431586929
mid,1.2,1028,0.15849219106003623
mid,1.2,1029,0.32072605227366924
mid,1.2,1030,0.13128457779645047
mid,1.2,1031,-0.00020333671995649634
mid,1.2,1032,-0.17482086006532915
mid,1.2,1033,0.3386978669809973
mid,1.2,1034,-0.06380267358300301
mid,1.2,1035,0.38065126728566057
mid,1.2,1036,-0.019480675259095567
mid,1.2,1037,-0.07465330607158516
mid,1.2,1038,0.1233817460161406
mid,1.2,1039,0.10858994439574432
mid,1.2,1040,0.16256772917859727
mid,1.2,1041,-0.028502030693408724
mid,1.2,1042,0.28250780575535855
mid,1.2,1043,0.2349544922031243
mid,1.2,1044,0.25683999196337154
mid,1.2,1045,0.23396967911020036
mid,1.2,1046,0.5451605602018088
mid,1.2,1047,-0.30601016250560875
mid,1.2,1048,0.33707076258164687
mid,1.2,1049,0.25588473028860714
mid,1.2,1050,0.4888056541384323
mid,1.2,1051,0.6272381814860755
mid,1.2,1052,0.03434849359329075
mid,1.2,1053,0.44114404340064783
mid,1.2,1054,0.4756112080425673
mid,1.2,1055,0.6524282489808958
mid,1.2,1056,0.4390188231304577
mid,1.2,1057,0.350425758056632
mid,1.2,1058,0.4702196277168122
mid,1.2,1059,0.4752956675572899
mid,1.2,1060,0.22806410761093374
mid,1.2,1061,0.6230390745598251
mid,1.2,1062,0.6964784250210566
mid,1.2,1063,0.19824518206476993
mid,1.2,1064,0.15852636377073562
mid,1.2,1065,0.27769108096445627
mid,1.2,1066,0.1241278368844805
mid,1.2,1067,0.04526138183942326
mid,1.2,1068,-0.21743391296474182
mid,1.2,1069,-0.006807492075506293
mid,1.2,1070,-0.029905532639015117
mid,1.2,1071,0.16210671238761434
mid,1.2,1072,0.3446089890197701
mid,1.2,1073,0.5461663151401326
mid,1.2,1074,-0.06955628372492742
mid,1.2,1075,0.30465491193606387
mid,1.2,1076,0.30938095156873946
mid,1.2,1077,0.44997394093944787
mid,1.2,1078,0.19202403843742616
mid,1.2,1079,0.5826031366886066
mid,1.2,1080,-0.018991078134917072
mid,1.2,1081,0.5809240494733913
mid,1.2,1082,0.10927525584197441
mid,1.2,1083,0.4342151382884893
mid,1.2,1084,0.3480542316568412
mid,1.2,1085,0.0724269766890199
mid,1.2,1086,-0.3656328117109921
mid,1.2,1087,0.6777255989648447
mid,1.2,1088,0.6058214439915893
mid,1.2,1089,0.11865547444373298
mid,1.2,1090,0.55084652350502
mid,1.2,1091,0.45373678549387114
mid,1.2,1092,0.244241641393198
mid,1.2,1093,0.1456227351676159
mid,1.2,1094,0.48609299503727127
mid,1.2,1095,0.03007509615184508
mid,1.2,1096,-0.162374842939046
mid,1.2,1097,0.4761366270260576
mid,1.2,1098,0.13691634320781623
mid,1.2,1099,0.3459954441079626
mid,1.2,1100,0.191279757370839
mid,1.2,1101,0.42182625408315166
mid,1.2,1102,0.006120771681866401
mid,1.2,1103,0.8695403657512897
mid,1.2,1104,0.34289932969635367
mid,1.2,1105,0.36503299773180226
mid,1.2,1106,0.21215810394491644
mid,1.2,1107,-0.07076451798062666
mid,1.2,1108,0.05538458693646447
mid,1.2,1109,0.418067736504844
mid,1.2,1110,0.560623016789163
mid,1.2,1111,0.3563025118382689
mid,1.2,1112,0.6927797973959623
mid,1.2,1113,0.23068408555125142
mid,1.2,1114,-0.05853904922085323
mid,1.2,1115,0.6534285698460186
mid,1.2,1116,0.1746243570800193
mid,1.2,1117,-0.022791934857769102
mid,1.2,1118,0.35068003417423343
mid,1.2,1119,0.10516153675088313
mid,1.2,1120,0.5140667860745185
mid,1.2,1121,0.21206272116305744
mid,1.2,1122,0.13595117515140626
mid,1.2,1123,-0.0338380394577786
mid,1.2,1124,0.387141091394615
mid,1.2,1125,0.39685420027399193
mid,1.2,1126,-0.003157704871985711
mid,1.2,1127,0.16548801346156994
mid,1.2,1128,0.4726071791507023
mid,1.2,1129,0.07126755258182815
mid,1.2,1130,0.28318733850744643
mid,1.2,1131,0.08504926386354614
mid,1.2,1132,0.32046590420363086
mid,1.2,1133,0.42744560700109613
mid,1.2,1134,0.17164149988050897
mid,1.2,1135,0.2023788122294685
mid,1.2,1136,0.3414699596150039
mid,1.2,1137,0.05313134807418595
mid,1.2,1138,0.39761523259700715
mid,1.2,1139,0.1416806818062132
mid,1.2,1140,0.030789561086082214
mid,1.2,1141,0.31050152199728487
mid,1.2,1142,0.43792936476870353
mid,1.2,1143,-0.09459458358151922
mid,1.2,1144,-0.41791410278882307
mid,1.2,1145,0.37894118587975983
mid,1.2,1146,0.152024724500996
mid,1.2,1147,0.11558957943033137
mid,1.2,1148,0.06326293683565687
mid,1.2,1149,0.308283135896152
mid,1.2,1150,-0.03305739784494794
mid,1.2,1151,0.2080056045928179
mid,1.2,1152,0.16775343700201106
mid,1.2,1153,0.27392561036698
mid,1.2,1154,-0.023909217800537095
mid,1.2,1155,-0.037165474025507614
mid,1.2,1156,-0.0647016858886763
mid,1.2,1157,0.9231869836480758
mid,1.2,1158,0.42052799920791406
mid,1.2,1159,0.29670647355243235
mid,1.2,1160,-0.017861551289803476
mid,1.2,1161,-0.06490371801552436
mid,1.2,1162,0.45761185227554524
mid,1.2,1163,0.002472442077835426
mid,1.2,1164,-0.1829629149196995
mid,1.2,1165,0.3208541520107179
mid,1.2,1166,0.3808498271400493
mid,1.2,1167,0.13244881703031142
mid,1.2,1168,0.308004932613876
mid,1.2,1169,0.5442617306335142
mid,1.2,1170,0.11187749553049664
mid,1.2,1171,-0.054765198033094854
mid,1.2,1172,0.05549306104563187
mid,1.2,1173,0.008597275116865668
mid,1.2,1174,0.09425124276468227
mid,1.2,1175,0.18148413279898276
mid,1.2,1176,0.1103418326354733
mid,1.2,1177,0.2380800744894984
mid,1.2,1178,0.31501252874368674
mid,1.2,1179,0.581194573998617
mid,1.2,1180,0.13269746650253156
mid,1.2,1181,-0.11829777128707199
mid,1.2,1182,0.44528590826197006
mid,1.2,1183,0.10752048226893639
mid,1.2,1184,0.41599190707107914
mid,1.2,1185,0.22467874756316913
mid,1.2,1186,0.16223363946943595
mid,1.2,1187,0.2775138272476928
mid,1.2,1188,0.08664996099098364
mid,1.2,1189,0.14546105899925396
mid,1.2,1190,0.37129937786244316
mid,1.2,1191,-0.22261659935933703
mid,1.2,1192,0.34146600868229543
mid,1.2,1193,0.29092527962772846
mid,1.2,1194,0.3798316949723311
mid,1.2,1195,0.5131817964539129
mid,1.2,1196,0.4903714464656085
mid,1.2,1197,0.37969740447864575
mid,1.2,1198,0.4676502532769304
mid,1.2,1199,0.17013746224756138
mid,1.2,1200,-0.17738854824372743
mid,1.2,1201,-0.002917669907722726
mid,1.2,1202,0.3450326168345634
mid,1.2,1203,-0.1965007969604681
mid,1.2,1204,-0.1901443092518043
mid,1.2,1205,0.29392694619017506
mid,1.2,1206,-0.18626833529549236
mid,1.2,1207,0.3701433890144991
mid,1.2,1208,-0.20400442410475664
mid,1.2,1209,0.13729333250804646
mid,1.2,1210,0.0801621163130032
mid,1.2,1211,-0.011411315668152098
mid,1.2,1212,0.20893777282831388
mid,1.2,1213,0.9512073075938465
mid,1.2,1214,0.060163531274030214
mid,1.2,1215,-0.007707556303882955
mid,1.2,1216,-0.05685978293705051
mid,1.2,1217,0.09621400061418921
mid,1.2,1218,0.5138274546657894
mid,1.2,1219,0.1798117514675569
mid,1.2,1220,0.577832735781147
mid,1.2,1221,0.267789561549062
mid,1.2,1222,0.2809458041793786
mid,1.2,1223,0.3440092332747809
mid,1.2,1224,0.29817975631515964
mid,1.2,1225,0.2654751706443106
mid,1.2,1226,0.03429845104690566
mid,1.2,1227,0.16072151500017381
mid,1.2,1228,0.20591427340188573
mid,1.2,1229,0.4696817603156941
mid,1.2,1230,0.2501159535936474
mid,1.2,1231,0.5004441475551575
mid,1.2,1232,0.47664800933401624
mid,1.2,1233,0.30696288889415085
mid,1.2,1234,0.33963720478110976
mid,1.2,1235,0.444493387025503
mid,1.2,1236,0.2750678293130461
mid,1.2,1237,0.3795408359502126
mid,1.2,1238,0.5342893215780783
mid,1.2,1239,0.28806581002327253
mid,1.2,1240,0.4254700676446149
mid,1.2,1241,0.05948420138862583
mid,1.2,1242,0.5274577894350869
mid,1.2,1243,0.22566700498921433
mid,1.2,1244,0.12942988501240243
mid,1.2,1245,0.4624610950795589
mid,1.2,1246,0.6812676094389061
mid,1.2,1247,0.32051049813426097
mid,1.2,1248,0.1862061152676427
mid,1.2,1249,0.1593820549977091
mid,1.2,1250,0.315825388201591
mid,1.2,1251,0.23035834893982102
mid,1.2,1252,0.2281335814414955
mid,1.2,1253,0.2000052156921618
mid,1.2,1254,0.2311199578852504
mid,1.2,1255,0.2949463062751592
mid,1.2,1256,0.049172581024758785
mid,1.2,1257,0.2151307753803532
mid,1.2,1258,-0.03202573449012156
mid,1.2,1259,0.15445620784072522
mid,1.2,1260,0.5173050343931884
mid,1.2,1261,0.005692267934933245
mid,1.2,1262,0.37486494579678264
mid,1.2,1263,0.2503274397991113
mid,1.2,1264,0.3442889512786546
mid,1.2,1265,-0.029676798416937548
mid,1.2,1266,0.17952031467910073
mid,1.2,1267,0.050240414904844266
mid,1.2,1268,0.2684397820889829
mid,1.2,1269,0.028891077384679748
mid,1.2,1270,0.5410984340639886
mid,1.2,1271,0.3450189890136336
mid,1.2,1272,0.39425440414102025
mid,1.2,1273,0.47781630994829327
mid,1.2,1274,0.13998024044348012
mid,1.2,1275,0.08600849302107066
mid,1.2,1276,-0.23233495749166397
mid,1.2,1277,0.5745717565502266
mid,1.2,1278,0.27448398994556034
mid,1.2,1279,0.6180765549441546
mid,1.2,1280,0.13117936750158912
mid,1.2,1281,0.2240178446820963
mid,1.2,1282,0.35106959462897425
mid,1.2,1283,0.19051788088433388
mid,1.2,1284,0.3043010258506229
mid,1.2,1285,0.49499022886198474
mid,1.2,1286,0.2174864007925041
mid,1.2,1287,0.6069598511712728
mid,1.2,1288,0.24656419012869346
mid,1.2,1289,0.33796168971221396
mid,1.2,1290,-0.02537900255587652
mid,1.2,1291,0.012817931067664103
mid,1.2,1292,-0.16718194739191483
mid,1.2,1293,0.4958422702705812
mid,1.2,1294,0.04726438957745998
mid,1.2,1295,0.10312178772032851
mid,1.2,1296,0.20028688283723822
mid,1.2,1297,0.016673458348015122
mid,1.2,1298,0.4705333623138769
mid,1.2,1299,0.14391444759423025
mid,1.2,1300,0.4175526481592106
mid,1.2,1301,-0.21351204405673518
mid,1.2,1302,0.38632800757292024
mid,1.2,1303,0.026000031646007254
mid,1.2,1304,0.10944746859507423
mid,1.2,1305,-0.03305899271415665
mid,1.2,1306,0.23476864590859253
mid,1.2,1307,0.38580063717936397
mid,1.2,1308,0.49943106375960855
mid,1.2,1309,0.16186518592823795
mid,1.2,1310,-0.11322794645999033
mid,1.2,1311,0.12171571527070016
mid,1.2,1312,0.4622830269701155
mid,1.2,1313,-0.06866721234602
mid,1.2,1314,0.4173188897564819
mid,1.2,1315,0.4162744340096472
mid,1.2,1316,-0.07773519886980856
mid,1.2,1317,0.46040447203271906
mid,1.2,1318,-0.27469753428882926
mid,1.2,1319,0.005452190990057105
mid,1.2,1320,0.14078424802556133
mid,1.2,1321,-0.16426681554365058
mid,1.2,1322,0.16249015781361287
mid,1.2,1323,0.2669761713882323
mid,1.2,1324,0.6424385219732818
mid,1.2,1325,-0.1760509125886878
mid,1.2,1326,-0.16834100290104062
mid,1.2,1327,0.7812981193084296
mid,1.2,1328,0.1663875856317867
mid,1.2,1329,-0.09240681200332558
mid,1.2,1330,0.3885949545221931
mid,1.2,1331,0.3025359949829626
mid,1.2,1332,0.40900401467260245
mid,1.2,1333,0.14177036385047928
mid,1.2,1334,0.5790185962781379
mid,1.2,1335,0.3299940874104567
mid,1.2,1336,0.05901609641845099
mid,1.2,1337,0.20482212199985259
mid,1.2,1338,0.16363529966001644
mid,1.2,1339,0.3839580733250601
mid,1.2,1340,0.41587255283271135
mid,1.2,1341,0.3252321742646166
mid,1.2,1342,0.4534220040327872
mid,1.2,1343,-0.22974936714769342
mid,1.2,1344,0.26215338208293026
mid,1.2,1345,0.14259071792226616
mid,1.2,1346,0.44503873951201023
mid,1.2,1347,0.3446868108285069
mid,1.2,1348,0.220162590765312
mid,1.2,1349,0.2603989326767313
mid,1.2,1350,0.34458144911442007
mid,1.2,1351,-0.05334927532802852
mid,1.2,1352,0.17583566331285974
mid,1.2,1353,0.3374585212392701
mid,1.2,1354,0.6178734088249533
mid,1.2,1355,0.6338288579373663
mid,1.2,1356,0.1426622600006926
mid,1.2,1357,0.46152630986134197
mid,1.2,1358,0.5237130398735788
mid,1.2,1359,0.30794681636718435
mid,1.2,1360,0.2906889834877712
mid,1.2,1361,-0.14797808613196817
mid,1.2,1362,0.2230199583416296
mid,1.2,1363,0.3288897473576925
mid,1.2,1364,-0.03650342598093302
mid,1.2,1365,0.0756474658982451
mid,1.2,1366,0.552914550854833
mid,1.2,1367,0.39844482883779936
mid,1.2,1368,0.582032296998704
mid,1.2,1369,0.5680112070500807
mid,1.2,1370,0.4296284366205211
mid,1.2,1371,0.5893722301451404
mid,1.2,1372,0.8292943832337633
mid,1.2,1373,0.8320651674659137
mid,1.2,1374,-0.2393972483580782
mid,1.2,1375,-0.08492585774084656
mid,1.2,1376,0.043070472355341644
mid,1.2,1377,0.0003635020076549603
mid,1.2,1378,0.32821092302830657
mid,1.2,1379,0.2862941288176933
mid,1.2,1380,0.13385462090883307
mid,1.2,1381,-0.06791636301361181
mid,1.2,1382,0.550071205098857
mid,1.2,1383,0.2173929335760881
mid,1.2,1384,0.1737571979410208
mid,1.2,1385,0.620109574654496
mid,1.2,1386,0.41523000211919214
mid,1.2,1387,0.08246008967572736
mid,1.2,1388,0.31079419914197826
mid,1.2,1389,-0.16897921324718435
mid,1.2,1390,0.19691314371878196
mid,1.2,1391,0.11670083461125383
mid,1.2,1392,0.40075470514437866
mid,1.2,1393,0.08509122393478594
mid,1.2,1394,-0.06763158296256873
mid,1.2,1395,0.4604902670343023
mid,1.2,1396,0.3048487061253474
mid,1.2,1397,0.1725632860402801
mid,1.2,1398,0.03152295171573279
mid,1.2,1399,0.06798486975477129
mid,1.2,1400,0.48483406983628213
mid,1.2,1401,0.2130877264320414
mid,1.2,1402,0.1904240656690522
mid,1.2,1403,0.09558964311237773
mid,1.2,1404,0.2423103337170447
mid,1.2,1405,0.4262376475166025
mid,1.2,1406,0.4603168445368814
mid,1.2,1407,0.24166335198630776
mid,1.2,1408,0.4244041621138069
mid,1.2,1409,0.22405105227846836
mid,1.2,1410,-0.049565899764404404
mid,1.2,1411,0.15134793194410825
mid,1.2,1412,0.2681685683849377
mid,1.2,1413,0.14623500816065188
mid,1.2,1414,0.2342530348603838
mid,1.2,1415,0.14215014434274
mid,1.2,1416,0.4252950728129994
mid,1.2,1417,-0.044606863870159746
mid,1.2,1418,0.2409504286453848
mid,1.2,1419,0.32123800145004305
mid,1.2,1420,0.010145616475714868
mid,1.2,1421,0.04380653497271098
mid,1.2,1422,0.2951548867616064
mid,1.2,1423,0.3325873070413693
mid,1.2,1424,0.43239697245694464
mid,1.2,1425,0.3866498881098241
mid,1.2,1426,0.15836797225462504
mid,1.2,1427,0.4497400202935092
mid,1.2,1428,0.24742781137945286
mid,1.2,1429,0.1736271122274829
mid,1.2,1430,0.13630935549250534
mid,1.2,1431,0.3303854725808419
mid,1.2,1432,-0.08132924153434001
mid,1.2,1433,0.6173041221705404
mid,1.2,1434,0.0027179036875479615
mid,1.2,1435,0.46449911121561094
mid,1.2,1436,0.47855675754815485
mid,1.2,1437,-0.029122216399529846
mid,1.2,1438,0.12352665856272292
mid,1.2,1439,0.09940515722763295
mid,1.2,1440,0.4666068754963337
mid,1.2,1441,0.5296667167283458
mid,1.2,1442,0.08326328480820004
mid,1.2,1443,0.5964423304776705
mid,1.2,1444,0.06962702539300623
mid,1.2,1445,0.3219401343270741
mid,1.2,1446,0.2671915173633078
mid,1.2,1447,0.2925026074054224
mid,1.2,1448,0.369208371292095
mid,1.2,1449,-0.021350028794832446
mid,1.2,1450,0.2281728832324893
mid,1.2,1451,-0.08226053500120702
mid,1.2,1452,0.2855670360741025
mid,1.2,1453,0.2787267874165689
mid,1.2,1454,0.7382701336713453
mid,1.2,1455,0.25407584730728955
mid,1.2,1456,0.2807731938649995
mid,1.2,1457,0.11694115149100302
mid,1.2,1458,-0.15005074964167636
mid,1.2,1459,0.1931096252807565
mid,1.2,1460,0.27124718561296207
mid,1.2,1461,0.17270686623642245
mid,1.2,1462,0.3917581864679429
mid,1.2,1463,0.18263795410756245
mid,1.2,1464,0.2820629461002021
mid,1.2,1465,0.6212826269569587
mid,1.2,1466,-0.2614878610429864
mid,1.2,1467,0.061090489956304346
mid,1.2,1468,0.3044325527830916
mid,1.2,1469,0.27159227708969
mid,1.2,1470,0.08321784292009898
mid,1.2,1471,0.22508865669704797
mid,1.2,1472,0.33457340096758376
mid,1.2,1473,0.3731522547966776
mid,1.2,1474,-0.162080703693327
mid,1.2,1475,0.3843387875124493
mid,1.2,1476,0.45817641292064354
mid,1.2,1477,0.1851517638773581
mid,1.2,1478,0.625966031409795
mid,1.2,1479,0.5909017879163769
mid,1.2,1480,0.7265528443516954
mid,1.2,1481,0.1884251077567688
mid,1.2,1482,0.10865912793146659
mid,1.2,1483,0.029161954684889066
mid,1.2,1484,0.17930214244872075
mid,1.2,1485,0.2724537511802872
mid,1.2,1486,0.17895293188471115
mid,1.2,1487,0.18640878757903265
mid,1.2,1488,0.7230423506479157
mid,1.2,1489,0.5524295060370484
mid,1.2,1490,0.07489825492859115
mid,1.2,1491,0.23458390439665272
mid,1.2,1492,0.16948746970243103
mid,1.2,1493,0.01101601756840972
mid,1.2,1494,0.16769838599603104
mid,1.2,1495,0.7089123319510016
mid,1.2,1496,0.8199619982752369
mid,1.2,1497,-0.0806715236482755
mid,1.2,1498,-0.0853853616303292
mid,1.2,1499,-0.1172834724356637
mid,1.2,1500,0.3186000881981543
mid,1.2,1501,0.19815731132838438
mid,1.2,1502,0.40355404219575697
mid,1.2,1503,0.4633882042630287
mid,1.2,1504,0.4574732975149327
mid,1.2,1505,-0.06466231600226005
mid,1.2,1506,0.20725934251900627
mid,1.2,1507,0.2281953496837643
mid,1.2,1508,0.13904423935359297
mid,1.2,1509,0.040467237944178946
mid,1.2,1510,0.13536083347318162
mid,1.2,1511,0.13868914751382708
mid,1.2,1512,0.15864648032744313
mid,1.2,1513,0.34317168153107985
mid,1.2,1514,0.3966727833142605
mid,1.2,1515,-0.16923859561128685
mid,1.2,1516,0.046860906219303305
mid,1.2,1517,0.11054898009880619
mid,1.2,1518,0.39692337569301284
mid,1.2,1519,0.2587233091052604
mid,1.2,1520,0.09508264877800367
mid,1.2,1521,0.22100677462207644
mid,1.2,1522,-0.009551691937517464
mid,1.2,1523,0.03590806387298327
mid,1.2,1524,0.02471603890022312
mid,1.2,1525,0.5799070658322888
mid,1.2,1526,0.43959851983112297
mid,1.2,1527,-0.124421497414394
mid,1.2,1528,0.5423336012806214
mid,1.2,1529,0.46337736542859226
mid,1.2,1530,0.28947487596475335
mid,1.2,1531,0.5143643250799235
mid,1.2,1532,0.06463393079123356
mid,1.2,1533,0.11353887016086649
mid,1.2,1534,0.03700680150244254
mid,1.2,1535,0.03991150235850488
mid,1.2,1536,-0.11883753976793184
mid,1.2,1537,0.2602477593909402
mid,1.2,1538,0.14562200604341258
mid,1.2,1539,0.3057276656569843
mid,1.2,1540,0.010553627309423086
mid,1.2,1541,0.047929101524268526
mid,1.2,1542,0.10950295052854946
mid,1.2,1543,-0.08203231693435879
mid,1.2,1544,0.7503414093319928
mid,1.2,1545,-0.06276575016492432
mid,1.2,1546,0.03444531653929097
mid,1.2,1547,0.28728509092341026
mid,1.2,1548,0.5809274404122254
mid,1.2,1549,0.22823234689876962
mid,1.2,1550,0.07198901108359018
mid,1.2,1551,0.46486123501442606
mid,1.2,1552,0.21653275021070922
mid,1.2,1553,0.11072563181438219
mid,1.2,1554,-0.030788112982466035
mid,1.2,1555,-0.39867473135065845
mid,1.2,1556,0.339892879788163
mid,1.2,1557,0.3820743861074575
mid,1.2,1558,0.5566732980290073
mid,1.2,1559,0.2262347365435097
mid,1.2,1560,-0.25831198591439275
mid,1.2,1561,0.004515818412748097
mid,1.2,1562,-0.013240676651267524
mid,1.2,1563,0.14589925538350068
mid,1.2,1564,0.26341985623392816
mid,1.2,1565,0.05882065401214967
mid,1.2,1566,0.47010082109362683
mid,1.2,1567,0.7384859345533521
mid,1.2,1568,0.13156092567795763
mid,1.2,1569,0.5535907678551163
mid,1.2,1570,0.5364674072805955
mid,1.2,1571,0.23690661977675434
mid,1.2,1572,0.06448194299337143
mid,1.2,1573,0.29194197173010417
mid,1.2,1574,0.28055581004568153
mid,1.2,1575,0.27585601411353927
mid,1.2,1576,0.3712069989347185
mid,1.2,1577,0.42276035236704973
mid,1.2,1578,-0.025098174422151148
mid,1.2,1579,0.3639294127255019
mid,1.2,1580,-0.054250177757186505
mid,1.2,1581,0.0911081566866434
mid,1.2,1582,0.37544873854789307
mid,1.2,1583,0.07004259494924511
mid,1.2,1584,0.15793752941722963
mid,1.2,1585,0.23362331376631626
mid,1.2,1586,0.5259715344901281
mid,1.2,1587,0.256167139136141
mid,1.2,1588,0.24143456059673912
mid,1.2,1589,0.35425366440522854
mid,1.2,1590,0.11392868190923218
mid,1.2,1591,0.016817701882034398
mid,1.2,1592,0.33717360946571073
mid,1.2,1593,0.5812488653884375
mid,1.2,1594,0.1435679145162553
mid,1.2,1595,1.0779122360028268
mid,1.2,1596,0.5283769326465666
mid,1.2,1597,0.24115741238764327
mid,1.2,1598,0.018954623966397095
mid,1.2,1599,0.090523975903382
mid,1.2,1600,-0.1350053222499376
mid,1.2,1601,0.47976211597767454
mid,1.2,1602,0.4117119857518435
mid,1.2,1603,0.2518044401442232
mid,1.2,1604,0.15019516916437395
mid,1.2,1605,-0.04316260362585732
mid,1.2,1606,0.5227307664787192
mid,1.2,1607,0.033883584454266015
mid,1.2,1608,0.3583076814852348
mid,1.2,1609,0.2725458594208602
mid,1.2,1610,0.4284030778605139
mid,1.2,1611,0.3064891922890551
mid,1.2,1612,0.4486845800975113
mid,1.2,1613,0.10291943322235869
mid,1.2,1614,0.2864995434682592
mid,1.2,1615,0.5252398683027049
mid,1.2,1616,0.6276784693725852
mid,1.2,1617,0.031790743401458495
mid,1.2,1618,0.47851889670038733
mid,1.2,1619,0.541206735386375
mid,1.2,1620,0.030514484726679166
mid,1.2,1621,0.2201125682305344
mid,1.2,1622,0.28925177739530733
mid,1.2,1623,0.016509963259077522
mid,1.2,1624,0.24094778632637476
mid,1.2,1625,0.054054459927444974
mid,1.2,1626,-0.011260641882508677
mid,1.2,1627,0.21994070280256403
mid,1.2,1628,0.11590772499810663
mid,1.2,1629,0.2311577603695794
mid,1.2,1630,0.20708005739545257
mid,1.2,1631,0.09117676628345386
mid,1.2,1632,0.2371330156123032
mid,1.2,1633,0.42653626663611877
mid,1.2,1634,0.5535375696209592
mid,1.2,1635,-0.10937858525706612
mid,1.2,1636,0.2798380178964317
mid,1.2,1637,0.3134358763134164
mid,1.2,1638,0.5921062106699861
mid,1.2,1639,0.10923412197573859
mid,1.2,1640,0.5230852948878495
mid,1.2,1641,-0.017009724863204866
mid,1.2,1642,0.3642452530966399
mid,1.2,1643,0.21916377213196434
mid,1.2,1644,0.4109796640933478
mid,1.2,1645,0.052406805234436825
mid,1.2,1646,0.24556974317834357
mid,1.2,1647,0.33764650200347424
mid,1.2,1648,0.06278638359048747
mid,1.2,1649,-0.1269509289133426
mid,1.2,1650,0.06298301280313133
mid,1.2,1651,0.3896313034042125
mid,1.2,1652,0.5023054705415426
mid,1.2,1653,-0.11593854847579364
mid,1.2,1654,-0.11707992654655544
mid,1.2,1655,0.10989041039799896
mid,1.2,1656,0.05999731686292611
mid,1.2,1657,0.18431092890321216
mid,1.2,1658,0.3999472405283744
mid,1.2,1659,0.2813448128799193
mid,1.2,1660,0.7341866595639065
mid,1.2,1661,0.025821730644901765
mid,1.2,1662,0.4256837073982664
mid,1.2,1663,0.021024820600673295
mid,1.2,1664,-0.046031885083597304
mid,1.2,1665,-0.0800615228765855
mid,1.2,1666,0.17297388103459907
mid,1.2,1667,0.7240307491335336
mid,1.2,1668,0.27309108602747373
mid,1.2,1669,0.3263733812301251
mid,1.2,1670,0.23115243449900252
mid,1.2,1671,0.16173576969087897
mid,1.2,1672,0.0031147630581765083
mid,1.2,1673,0.3078682620420559
mid,1.2,1674,-0.021433529234847166
mid,1.2,1675,0.43005052682840916
mid,1.2,1676,0.22377071337048965
mid,1.2,1677,-0.05025908488929704
mid,1.2,1678,0.22951419786640542
mid,1.2,1679,0.05450799760902997
mid,1.2,1680,0.4340790387276502
mid,1.2,1681,0.2822084728453794
mid,1.2,1682,0.4131757327035827
mid,1.2,1683,0.18147892916567188
mid,1.2,1684,0.05619447798448263
mid,1.2,1685,0.24979576442136708
mid,1.2,1686,0.21194302529911155
mid,1.2,1687,-0.012776992241866724
mid,1.2,1688,0.2662071074801117
mid,1.2,1689,0.3662817717873252
mid,1.2,1690,0.06827377806930945
mid,1.2,1691,0.5202033890874233
mid,1.2,1692,0.3532156200261695
mid,1.2,1693,0.01687976180019013
mid,1.2,1694,0.30471249658685434
mid,1.2,1695,0.005130074228046953
mid,1.2,1696,0.19992693985190405
mid,1.2,1697,0.2483780667148234
mid,1.2,1698,0.284002807737383
mid,1.2,1699,0.4739722111384138
mid,1.2,1700,0.4156106688764816
mid,1.2,1701,0.643534137989799
mid,1.2,1702,0.06039133070276416
mid,1.2,1703,0.2017248779798786
mid,1.2,1704,-0.04252935555932023
mid,1.2,1705,0.07635270012365562
mid,1.2,1706,0.08855570264585334
mid,1.2,1707,0.033643543419169794
mid,1.2,1708,-0.08239887480285409
mid,1.2,1709,0.05910750873892506
mid,1.2,1710,0.3736348565104366
mid,1.2,1711,0.24587019311684602
mid,1.2,1712,-0.13242047551435543
mid,1.2,1713,0.6265624026913491
mid,1.2,1714,-0.25372389225323233
mid,1.2,1715,0.34767055813903225
mid,1.2,1716,-0.21068797519879193
mid,1.2,1717,-0.04751496588991742
mid,1.2,1718,0.05012342583352362
mid,1.2,1719,0.31805940529318705
mid,1.2,1720,-0.15396923497466622
mid,1.2,1721,0.2927551674436624
mid,1.2,1722,-0.006775612772800415
mid,1.2,1723,0.19255443852112902
mid,1.2,1724,0.24017269345978298
mid,1.2,1725,0.07788608925552158
mid,1.2,1726,0.2700640080074536
mid,1.2,1727,-0.2937955654278608
mid,1.2,1728,0.19518818295486684
mid,1.2,1729,0.33067853420039317
mid,1.2,1730,0.47136601838044406
mid,1.2,1731,0.5793894612003955
mid,1.2,1732,-0.030756604072400814
mid,1.2,1733,-0.0403374963845993
mid,1.2,1734,0.09881976322109039
mid,1.2,1735,0.12206068606994172
mid,1.2,1736,0.5271696900133249
mid,1.2,1737,0.46934978608071476
mid,1.2,1738,-0.03818358795656186
mid,1.2,1739,0.20193326328746367
mid,1.2,1740,0.22604039811385718
mid,1.2,1741,0.2560089712377583
mid,1.2,1742,0.17955752407287318
mid,1.2,1743,0.16026506956854378
mid,1.2,1744,0.24703186744850356
mid,1.2,1745,0.24737704826025125
mid,1.2,1746,0.4627284506687281
mid,1.2,1747,0.16219879635554998
mid,1.2,1748,0.20081728610757257
mid,1.2,1749,0.27393838184108066
mid,1.2,1750,0.4259142601634434
mid,1.2,1751,0.19036321948063112
mid,1.2,1752,0.34982505384985463
mid,1.2,1753,0.08375382382097048
mid,1.2,1754,0.017677320668697375
mid,1.2,1755,0.23522289828435572
mid,1.2,1756,0.32559738299085295
mid,1.2,1757,0.09762846843773013
mid,1.2,1758,0.09878850812194667
mid,1.2,1759,0.2442974280813341
mid,1.2,1760,0.0666419572097476
mid,1.2,1761,0.22097692031360439
mid,1.2,1762,-0.014202555723528281
mid,1.2,1763,-0.047292103330308935
mid,1.2,1764,0.18862419219888044
mid,1.2,1765,0.3517206157821939
mid,1.2,1766,-0.2136818893168284
mid,1.2,1767,0.10784454472430106
mid,1.2,1768,0.08414118351394928
mid,1.2,1769,-0.16003693793679116
mid,1.2,1770,0.39116922720352737
mid,1.2,1771,0.11422509710664396
mid,1.2,1772,0.10630460134369887
mid,1.2,1773,-0.1630228370082917
mid,1.2,1774,0.18728451029800497
mid,1.2,1775,0.22546814376990126
mid,1.2,1776,0.014368174262519252
mid,1.2,1777,0.31596555150723776
mid,1.2,1778,0.4073571378857493
mid,1.2,1779,-0.12518858238076996
mid,1.2,1780,0.5076948805269953
mid,1.2,1781,0.16933977339093803
mid,1.2,1782,0.3708272536093127
mid,1.2,1783,0.2186733522779306
mid,1.2,1784,0.28099973452941956
mid,1.2,1785,0.3036247545039985
mid,1.2,1786,0.21523473779087762
mid,1.2,1787,0.14931152101114906
mid,1.2,1788,0.05045855257294124
mid,1.2,1789,-0.02071219084504255
mid,1.2,1790,0.16628309812717304
mid,1.2,1791,0.14366594529333412
mid,1.2,1792,-0.05328817258122867
mid,1.2,1793,-0.042876354771481384
mid,1.2,1794,0.4950398582527835
mid,1.2,1795,0.08872520935121496
mid,1.2,1796,0.46654246244795755
mid,1.2,1797,0.358315539313399
mid,1.2,1798,0.24000922194136975
mid,1.2,1799,0.02471991549498099
mid,1.2,1800,0.37047421373621464
mid,1.2,1801,0.22711470570748862
mid,1.2,1802,0.1645440719895867
mid,1.2,1803,0.029609895846267383
mid,1.2,1804,0.49885700729309085
mid,1.2,1805,-0.025713645092154375
mid,1.2,1806,0.41089975762952735
mid,1.2,1807,0.43333485519814796
mid,1.2,1808,-0.09111167653422604
mid,1.2,1809,0.2921604751801159
mid,1.2,1810,0.4967984384678713
mid,1.2,1811,0.21093869311982316
mid,1.2,1812,0.3053580984987128
mid,1.2,1813,-0.09629903211578487
mid,1.2,1814,0.236173579494101
mid,1.2,1815,-0.031648000493471475
mid,1.2,1816,0.4080828747610716
mid,1.2,1817,0.41822572865895763
mid,1.2,1818,0.13351814928990313
mid,1.2,1819,-0.020283644982640393
mid,1.2,1820,0.02373260914571077
mid,1.2,1821,0.23897094306756467
mid,1.2,1822,-0.2911353745569787
mid,1.2,1823,0.014026280933018784
mid,1.2,1824,0.13990410126456682
mid,1.2,1825,0.9418959602890123
mid,1.2,1826,0.5372160434422835
mid,1.2,1827,0.4391482886449274
mid,1.2,1828,0.06291071859770002
mid,1.2,1829,0.29660932062469325
mid,1.2,1830,0.30484776842020656
mid,1.2,1831,0.31630318276420855
mid,1.2,1832,0.10538083749774348
mid,1.2,1833,0.47595255124433056
mid,1.2,1834,0.144489086881697
mid,1.2,1835,0.2816075265937586
mid,1.2,1836,0.34632876362052156
mid,1.2,1837,0.3182882785427052
mid,1.2,1838,0.14238693507738157
mid,1.2,1839,0.35519198820576303
mid,1.2,1840,0.05160917454569291
mid,1.2,1841,0.3701629801486817
mid,1.2,1842,0.45911350411943236
mid,1.2,1843,-0.06129253137752698
mid,1.2,1844,0.2913276321442713
mid,1.2,1845,0.1805561606582833
mid,1.2,1846,0.4097867334691822
mid,1.2,1847,0.3880407752636038
mid,1.2,1848,0.1159684005015281
mid,1.2,1849,-0.17470662742363216
mid,1.2,1850,0.022315157130532403
mid,1.2,1851,0.2631253493951224
mid,1.2,1852,0.12803615373902685
mid,1.2,1853,0.10918131692454536
mid,1.2,1854,0.07516647344968247
mid,1.2,1855,0.5950368331885282
mid,1.2,1856,0.2899461552775188
mid,1.2,1857,0.315359774716491
mid,1.2,1858,0.5693256348449597
mid,1.2,1859,0.1942697209950487
mid,1.2,1860,0.6034982628736112
mid,1.2,1861,0.4861721828387396
mid,1.2,1862,0.3996389444130247
mid,1.2,1863,0.006803801167156003
mid,1.2,1864,-0.03603062132549124
mid,1.2,1865,0.21689803854495565
mid,1.2,1866,0.2976656820377865
mid,1.2,1867,0.20447633437087834
mid,1.2,1868,0.5924628925337644
mid,1.2,1869,0.12297563381987564
mid,1.2,1870,0.28708814584058545
mid,1.2,1871,0.1358109452154655
mid,1.2,1872,0.5050916561533134
mid,1.2,1873,0.20280128177166346
mid,1.2,1874,0.13982208720225964
mid,1.2,1875,0.574993576644624
mid,1.2,1876,0.219368402825747
mid,1.2,1877,-0.05875359461377334
mid,1.2,1878,0.02879918860807417
mid,1.2,1879,0.20872887512239038
mid,1.2,1880,0.11891215431633613
mid,1.2,1881,0.372247507955322
mid,1.2,1882,0.22359925221050309
mid,1.2,1883,-0.06699897458450042
mid,1.2,1884,0.22585940803894422
mid,1.2,1885,0.21511517401943495
mid,1.2,1886,0.3001631377177936
mid,1.2,1887,0.28840991144857364
mid,1.2,1888,0.5011649403133237
mid,1.2,1889,0.23444592716723062
mid,1.2,1890,0.30551112296127625
mid,1.2,1891,0.062276026782861454
mid,1.2,1892,0.5560667586448064
mid,1.2,1893,-0.0457391114275818
mid,1.2,1894,0.7145133714057061
mid,1.2,1895,0.1710372271407004
mid,1.2,1896,0.40125617519662543
mid,1.2,1897,0.23364346862168062
mid,1.2,1898,0.25678529211180434
mid,1.2,1899,0.22263951697445317
mid,1.2,1900,0.3632600261831535
mid,1.2,1901,0.13997486156159678
mid,1.2,1902,0.3168315399187175
mid,1.2,1903,0.07329104747168434
mid,1.2,1904,-0.03550564202857666
mid,1.2,1905,-0.23639816106642556
mid,1.2,1906,0.1984516483328237
mid,1.2,1907,-0.307649870960488
mid,1.2,1908,0.08507180827433114
mid,1.2,1909,0.3551932913986844
mid,1.2,1910,0.40249381550022323
mid,1.2,1911,-0.006482072402794481
mid,1.2,1912,0.20647884300908492
mid,1.2,1913,0.5743781231701082
mid,1.2,1914,-0.08528616310165203
mid,1.2,1915,0.27072960345772545
mid,1.2,1916,0.22918417788053946
mid,1.2,1917,0.3752975653590527
mid,1.2,1918,-0.03646471490802426
mid,1.2,1919,-0.1917475716005849
mid,1.2,1920,0.07793499946410615
mid,1.2,1921,0.4301189514212145
mid,1.2,1922,0.5171941752827637
mid,1.2,1923,0.2004366897333652
mid,1.2,1924,0.013196742286281548
mid,1.2,1925,0.12976309545175352
mid,1.2,1926,0.24778973325319759
mid,1.2,1927,0.44794136551146263
mid,1.2,1928,-0.06754128968145541
mid,1.2,1929,0.2606985442244679
mid,1.2,1930,0.3579024912000055
mid,1.2,1931,0.3878002392845778
mid,1.2,1932,0.5863670164117276
mid,1.2,1933,0.2877647925453777
mid,1.2,1934,0.29857446517966024
mid,1.2,1935,0.3541006013212632
mid,1.2,1936,0.5388188319489469
mid,1.2,1937,0.05621136376400424
mid,1.2,1938,0.27337109009884514
mid,1.2,1939,-0.09429191256102734
mid,1.2,1940,0.2201333270638487
mid,1.2,1941,0.5685091691472355
mid,1.2,1942,0.3301086003122107
mid,1.2,1943,0.3524899651591183
mid,1.2,1944,0.42520975613885303
mid,1.2,1945,0.27919130806171694
mid,1.2,1946,0.6135653383797492
mid,1.2,1947,0.06684925519083615
mid,1.2,1948,0.2372749064256649
mid,1.2,1949,0.05841313197480491
mid,1.2,1950,0.2193489128084575
mid,1.2,1951,0.3101435266472836
mid,1.2,1952,0.36878559684551626
mid,1.2,1953,-0.03351766871917246
mid,1.2,1954,0.0029658605521476417
mid,1.2,1955,0.5609400326256669
mid,1.2,1956,0.2881760357023898
mid,1.2,1957,0.23277548872627626
mid,1.2,1958,0.11108715342101029
mid,1.2,1959,-0.27965096555199614
mid,1.2,1960,0.16111902620761553
mid,1.2,1961,0.2422439110927153
mid,1.2,1962,0.0656068993368129
mid,1.2,1963,0.44063634848257155
mid,1.2,1964,0.14622461946338203
mid,1.2,1965,0.1070556727682095
mid,1.2,1966,0.3895743520198461
mid,1.2,1967,0.12162576554632079
mid,1.2,1968,0.2631849709706675
mid,1.2,1969,0.11170965846506879
mid,1.2,1970,0.2503291907681694
mid,1.2,1971,0.3256232819110613
mid,1.2,1972,0.6711925840638004
mid,1.2,1973,0.28141608126847695
mid,1.2,1974,0.05998305942889733
mid,1.2,1975,0.11507834787805475
mid,1.2,1976,0.5705545325018201
mid,1.2,1977,0.5917403582299317
mid,1.2,1978,0.5460251598899157
mid,1.2,1979,0.33209612380376863
mid,1.2,1980,0.10929476084911136
mid,1.2,1981,0.11347814883919695
mid,1.2,1982,-0.21613936470206394
mid,1.2,1983,0.36271623353503274
mid,1.2,1984,0.2628670742625176
mid,1.2,1985,0.2590462733350718
mid,1.2,1986,0.026028479250488727
mid,1.2,1987,0.37455548431958985
mid,1.2,1988,0.38423331977940517
mid,1.2,1989,0.28585873149775093
mid,1.2,1990,0.19861453994921185
mid,1.2,1991,-0.18944204955719177
mid,1.2,1992,-0.21878481761582305
mid,1.2,1993,0.3960500091725204
mid,1.2,1994,-0.0011511290775712965
mid,1.2,1995,-0.12932349448901073
mid,1.2,1996,0.535658966994559
mid,1.2,1997,0.27194218211963744
mid,1.2,1998,0.37719685613664716
mid,1.2,1999,0.10228894353529573
mid,1.3,0,0.7949899973794392
mid,1.3,1,0.8447795758872731
mid,1.3,2,1.197657837499486
mid,1.3,3,0.8542576846799749
mid,1.3,4,0.7121304679636642
mid,1.3,5,0.7562308605475726
mid,1.3,6,0.617121798986257
mid,1.3,7,0.5667728968674101
mid,1.3,8,1.0065630669156502
mid,1.3,9,0.8691975614528633
mid,1.3,10,1.1405169231304348
mid,1.3,11,0.38823723539759686
mid,1.3,12,1.174020095236472
mid,1.3,13,0.9998695151248486
mid,1.3,14,0.5384630186377228
mid,1.3,15,1.0374749726564718
mid,1.3,16,0.8976509879610078
mid,1.3,17,0.3655211388180181
mid,1.3,18,1.067000383525414
mid,1.3,19,0.7622472552440073
mid,1.3,20,1.0705335760434835
mid,1.3,21,0.9581215712751832
mid,1.3,22,0.8238927844892994
mid,1.3,23,0.6049298123944806
mid,1.3,24,0.8981575656537933
mid,1.3,25,1.0239625961147707
mid,1.3,26,1.0330386948852854
mid,1.3,27,0.7527010241794978
mid,1.3,28,0.74784656017859
mid,1.3,29,0.6395837147159558
mid,1.3,30,0.739406939876677
mid,1.3,31,0.7690864131130135
mid,1.3,32,0.9789407710185837
mid,1.3,33,1.106916217696943
mid,1.3,34,0.8094022044959676
mid,1.3,35,0.5769949814936466
mid,1.3,36,0.8621314892765861
mid,1.3,37,1.1264227640343312
mid,1.3,38,1.0753771520330229
mid,1.3,39,0.7436501640976091
mid,1.3,40,0.8447711480958111
mid,1.3,41,0.46186093680088625
mid,1.3,42,0.3703161822719398
mid,1.3,43,0.6133467762865089
mid,1.3,44,0.5673291363886326
mid,1.3,45,0.7156766060830304
mid,1.3,46,0.6904310158403286
mid,1.3,47,0.876323707385929
mid,1.3,48,0.7363354965620239
mid,1.3,49,0.9835695775098441
mid,1.3,50,0.8337664819343391
mid,1.3,51,0.7923954087034414
mid,1.3,52,0.783059067701588
mid,1.3,53,0.30486560148974534
mid,1.3,54,0.5673434350984278
mid,1.3,55,0.5144652133937991
mid,1.3,56,0.8496693500502145
mid,1.3,57,0.9616832398828576
mid,1.3,58,0.8047174088149976
mid,1.3,59,0.8395053777419988
mid,1.3,60,0.874428378873115
mid,1.3,61,1.0502642562023135
mid,1.3,62,0.3340600945033578
mid,1.3,63,0.4758622271706049
mid,1.3,64,0.819063704573431
mid,1.3,65,0.9587767689541888
mid,1.3,66,0.9297627209708726
mid,1.3,67,0.5986875375804329
mid,1.3,68,0.7042142165817401
mid,1.3,69,0.7369614715369752
mid,1.3,70,0.8214129582121267
mid,1.3,71,0.7030913138918641
mid,1.3,72,0.6380134814160978
mid,1.3,73,0.6699765620577448
mid,1.3,74,0.6245802234392044
mid,1.3,75,0.9359589299101333
mid,1.3,76,0.8265505400520022
mid,1.3,77,0.847039238729323
mid,1.3,78,1.115992317617714
mid,1.3,79,0.5536813308853451
mid,1.3,80,0.5628839131097817
mid,1.3,81,0.767578516432921
mid,1.3,82,1.2022628056742775
mid,1.3,83,0.7525886324345763
mid,1.3,84,0.5470243300684083
mid,1.3,85,0.815861031308171
mid,1.3,86,0.3944659187418255
mid,1.3,87,0.7308787173625635
mid,1.3,88,0.46538298051671656
mid,1.3,89,1.1143738203616755
mid,1.3,90,0.6296183399737011
mid,1.3,91,0.5535485114393178
mid,1.3,92,0.44730086953307346
mid,1.3,93,1.2794268877316588
mid,1.3,94,0.5304698722217849
mid,1.3,95,1.0164681273937493
mid,1.3,96,0.8845481539531961
mid,1.3,97,0.8095861761293521
mid,1.3,98,0.8160025905753677
mid,1.3,99,0.5299820468966232
mid,1.3,100,0.9993639774590878
mid,1.3,101,0.4269501199858171
mid,1.3,102,0.3876010282757705
mid,1.3,103,0.8335902137317485
mid,1.3,104,0.512288948228323
mid,1.3,105,0.36626456440649496
mid,1.3,106,0.08952522255866537
mid,1.3,107,1.3246133729546765
mid,1.3,108,0.8956532744984483
mid,1.3,109,0.5722229862294296
mid,1.3,110,0.7342291556173531
mid,1.3,111,0.4190560256701666
mid,1.3,112,1.319543145283689
mid,1.3,113,0.747947889975771
mid,1.3,114,0.9699704881126416
mid,1.3,115,0.6947594795537363
mid,1.3,116,0.7258206711650691
mid,1.3,117,0.7589857657323378
mid,1.3,118,0.6373866815831504
mid,1.3,119,0.9928678027724257
mid,1.3,120,0.5084271287179074
mid,1.3,121,0.8511410115961252
mid,1.3,122,0.7598180733624085
mid,1.3,123,0.8148267520879362
mid,1.3,124,0.9528518086934888
mid,1.3,125,0.7155011858144928
mid,1.3,126,0.8376279168003118
mid,1.3,127,1.323351108281967
mid,1.3,128,0.6647825121832214
mid,1.3,129,0.9350265376685548
mid,1.3,130,1.150562811608649
mid,1.3,131,0.9670073080594594
mid,1.3,132,0.6982052905411832
mid,1.3,133,0.679695644788954
mid,1.3,134,0.9227719817040587
mid,1.3,135,0.8685333474203354
mid,1.3,136,1.0949941232637517
mid,1.3,137,0.544208011097503
mid,1.3,138,0.8330286378008489
mid,1.3,139,0.8977212268020544
mid,1.3,140,0.7120331141609777
mid,1.3,141,0.8601894130353391
mid,1.3,142,0.6666478817006368
mid,1.3,143,0.864973160826612
mid,1.3,144,0.7817370001843007
mid,1.3,145,0.8067092735282354
mid,1.3,146,0.4045894147611223
mid,1.3,147,0.7396076269767796
mid,1.3,148,0.7939067519746061
mid,1.3,149,0.6534290233966771
mid,1.3,150,0.9231252527692433
mid,1.3,151,0.9989202452061391
mid,1.3,152,0.5945350115744944
mid,1.3,153,0.7213175291509212
mid,1.3,154,1.087621681038333
mid,1.3,155,1.1023813954252746
mid,1.3,156,1.1079027122599387
mid,1.3,157,0.8906574088589437
mid,1.3,158,0.3380368780333111
mid,1.3,159,0.9496857452363994
mid,1.3,160,0.593755068899765
mid,1.3,161,0.6181545574386527
mid,1.3,162,0.08719443516284066
mid,1.3,163,0.9125296529688556
mid,1.3,164,1.1175661916745208
mid,1.3,165,0.7601059874698266
mid,1.3,166,1.1308239114284093
mid,1.3,167,0.7274475879307598
mid,1.3,168,1.3053574080115489
mid,1.3,169,0.935129770125775
mid,1.3,170,1.2575716590450738
mid,1.3,171,0.9479682826177943
mid,1.3,172,0.9553342569133161
mid,1.3,173,0.5359725700389155
mid,1.3,174,0.5833120669340257
mid,1.3,175,0.7516233430513954
mid,1.3,176,0.8873390670918826
mid,1.3,177,0.854303351399996
mid,1.3,178,1.172498948442144
mid,1.3,179,0.5964250708256505
mid,1.3,180,0.6535483469177894
mid,1.3,181,0.9321294433925582
mid,1.3,182,0.6361857488731572
mid,1.3,183,0.73165768745953
mid,1.3,184,0.6611331317941673
mid,1.3,185,0.8904242104878797
mid,1.3,186,0.1915893398242231
mid,1.3,187,0.9877238543982256
mid,1.3,188,0.5684392083417159
mid,1.3,189,0.782189017565889
mid,1.3,190,1.0991079963521946
mid,1.3,191,0.758029642845414
mid,1.3,192,0.6498872029170211
mid,1.3,193,1.1167615328336982
mid,1.3,194,1.0456358306811404
mid,1.3,195,0.9415582181259554
mid,1.3,196,0.30574749392743433
mid,1.3,197,0.5646466970458416
mid,1.3,198,1.0285983838180097
mid,1.3,199,0.39299742149129574
mid,1.3,200,0.8735858821089922
mid,1.3,201,0.46899876467095764
mid,1.3,202,0.8908737704247
mid,1.3,203,0.5997250220473012
mid,1.3,204,0.9474610347877195
mid,1.3,205,0.5401504037553856
mid,1.3,206,0.7870193202264621
mid,1.3,207,1.3804409278395156
mid,1.3,208,0.8769476477282555
mid,1.3,209,0.776862966561264
mid,1.3,210,1.3822379042552437
mid,1.3,211,0.9636443549141307
mid,1.3,212,0.5185292891929307
mid,1.3,213,0.5331968629867423
mid,1.3,214,0.7682504019553333
mid,1.3,215,0.9092336437248651
mid,1.3,216,0.5984268904736898
mid,1.3,217,0.8581047676554351
mid,1.3,218,0.9893245766365157
mid,1.3,219,1.0858842065420538
mid,1.3,220,0.3418964426874735
mid,1.3,221,0.7191742687650662
mid,1.3,222,0.392169720125219
mid,1.3,223,0.8181066251817053
mid,1.3,224,1.3633580665597103
mid,1.3,225,1.152614772789763
mid,1.3,226,1.0566012349872411
mid,1.3,227,0.784584638604224
mid,1.3,228,1.194351549085507
mid,1.3,229,0.8720770746508953
mid,1.3,230,0.4753295408703143
mid,1.3,231,0.6589777164817243
mid,1.3,232,0.767498411244143
mid,1.3,233,1.3779554970414738
mid,1.3,234,1.0562069660998903
mid,1.3,235,0.6684346258044559
mid,1.3,236,0.7633603442309123
mid,1.3,237,0.9647719239691499
mid,1.3,238,0.45326127864130406
mid,1.3,239,0.9231520228164569
mid,1.3,240,0.8003094261104131
mid,1.3,241,0.8029672984923986
mid,1.3,242,0.6431162041692834
mid,1.3,243,0.9320793965423382
mid,1.3,244,0.5612831849911958
mid,1.3,245,1.0263374156690823
mid,1.3,246,0.74348453645043
mid,1.3,247,0.9943806400666698
mid,1.3,248,0.7955232609962201
mid,1.3,249,0.8695520362381943
mid,1.3,250,0.5104964155687736
mid,1.3,251,0.4754141732709482
mid,1.3,252,0.8379526623151848
mid,1.3,253,0.6543219412644171
mid,1.3,254,0.8169786142347462
mid,1.3,255,0.9061726352948616
mid,1.3,256,0.765131714081865
mid,1.3,257,0.6578028299063311
mid,1.3,258,0.7326837997138801
mid,1.3,259,1.0212804182504478
mid,1.3,260,0.7930062656414814
mid,1.3,261,0.9518619080714176
mid,1.3,262,0.8703683426503254
mid,1.3,263,0.7727091179410649
mid,1.3,264,0.7008934554698206
mid,1.3,265,0.7382040210036993
mid,1.3,266,0.8608953428768863
mid,1.3,267,0.48730389447351624
mid,1.3,268,0.603740555716621
mid,1.3,269,0.8922878707523509
mid,1.3,270,0.38851308112337407
mid,1.3,271,0.6396718715760398
mid,1.3,272,0.6129717647023324
mid,1.3,273,1.0872770910976306
mid,1.3,274,1.0889463395688486
mid,1.3,275,0.7094632833739248
mid,1.3,276,0.48233442486141004
mid,1.3,277,1.1606782224883065
mid,1.3,278,0.5309531782595002
mid,1.3,279,0.5908916239361859
mid,1.3,280,0.510845393057128
mid,1.3,281,0.6227149227819787
mid,1.3,282,0.39182381193406185
mid,1.3,283,0.49581611355408145
mid,1.3,284,0.5617131028954641
mid,1.3,285,0.5913408219709863
mid,1.3,286,0.5892478123807691
mid,1.3,287,0.5639107120679782
mid,1.3,288,1.0674125471772369
mid,1.3,289,0.6611298867581757
mid,1.3,290,0.6339504880892416
mid,1.3,291,0.7698176633214668
mid,1.3,292,1.0032520288779572
mid,1.3,293,0.7445369375898796
mid,1.3,294,0.452514926826567
mid,1.3,295,0.996245314594795
mid,1.3,296,0.6767717687595785
mid,1.3,297,0.48270541060610495
mid,1.3,298,0.7596094851546603
mid,1.3,299,0.6265386983428817
mid,1.3,300,0.8236133989000045
mid,1.3,301,1.0152823725364106
mid,1.3,302,0.8254567974030733
mid,1.3,303,0.7176101636525191
mid,1.3,304,0.5141308046075505
mid,1.3,305,0.9128363089740049
mid,1.3,306,1.101162148569716
mid,1.3,307,0.8840183792122057
mid,1.3,308,0.7588629720379864
mid,1.3,309,1.0280051044415874
mid,1.3,310,0.9816019182274196
mid,1.3,311,0.6140818458088142
mid,1.3,312,0.5702860732741509
mid,1.3,313,0.47644555411109335
mid,1.3,314,0.6399747727945141
mid,1.3,315,0.7544236800745998
mid,1.3,316,0.9371108016099107
mid,1.3,317,0.5450581642087899
mid,1.3,318,0.9012890907880103
mid,1.3,319,0.506759602703097
mid,1.3,320,0.8953228459756226
mid,1.3,321,0.8797892662529048
mid,1.3,322,0.7344897608897732
mid,1.3,323,0.91714250197572
mid,1.3,324,0.6629267510875947
mid,1.3,325,0.873343215682831
mid,1.3,326,0.914258791268364
mid,1.3,327,0.8916584355235644
mid,1.3,328,0.6516831996153774
mid,1.3,329,0.5471976899951322
mid,1.3,330,1.430210359329267
mid,1.3,331,0.9856590896557349
mid,1.3,332,1.0225401994256096
mid,1.3,333,0.5727494635034396
mid,1.3,334,0.8473321999330794
mid,1.3,335,0.9022202744597426
mid,1.3,336,0.48904765124170263
mid,1.3,337,0.9489118774349873
mid,1.3,338,0.6321028632452292
mid,1.3,339,0.9464442051440652
mid,1.3,340,0.9812596721334674
mid,1.3,341,0.6302904372673386
mid,1.3,342,0.5128541217471222
mid,1.3,343,0.9706070239627487
mid,1.3,344,1.1265231045242532
mid,1.3,345,0.35048882832564354
mid,1.3,346,0.6171689563800493
mid,1.3,347,0.716870883094162
mid,1.3,348,0.6931750051901933
mid,1.3,349,0.7477147778373062
mid,1.3,350,0.6291077281937074
mid,1.3,351,0.8851743146089726
mid,1.3,352,0.32707351704034987
mid,1.3,353,0.9913833563269018
mid,1.3,354,0.23758391244769742
mid,1.3,355,1.0764917300516441
mid,1.3,356,0.8458382557463348
mid,1.3,357,0.30080446016378565
mid,1.3,358,0.8092926785633946
mid,1.3,359,0.6273110196593467
mid,1.3,360,0.12690301840324916
mid,1.3,361,0.8833264716160677
mid,1.3,362,0.905727239986933
mid,1.3,363,0.32471116027528324
mid,1.3,364,0.828743048979507
mid,1.3,365,1.0555817509342618
mid,1.3,366,0.9534277359764484
mid,1.3,367,0.7165098914810781
mid,1.3,368,1.5960728617870452
mid,1.3,369,0.30794312116423395
mid,1.3,370,1.1080761953687404
mid,1.3,371,0.2694033182725026
mid,1.3,372,1.2724116374728662
mid,1.3,373,0.653858292703168
mid,1.3,374,0.9101864746876294
mid,1.3,375,0.9463883313226916
mid,1.3,376,0.8225192977291613
mid,1.3,377,0.8440361055886806
mid,1.3,378,0.49693152795627227
mid,1.3,379,0.25043246423611387
mid,1.3,380,0.7637577930480761
mid,1.3,381,0.4076274937397173
mid,1.3,382,0.22655223069984387
mid,1.3,383,0.5685598048028967
mid,1.3,384,0.34712523868587664
mid,1.3,385,0.5328604283544971
mid,1.3,386,0.6680602399386253
mid,1.3,387,1.1049313764425504
mid,1.3,388,1.0574421264025127
mid,1.3,389,0.9686773580300134
mid,1.3,390,1.1680866850351084
mid,1.3,391,1.0702829582682654
mid,1.3,392,0.7669259250559657
mid,1.3,393,0.9689909421483149
mid,1.3,394,1.2681992957991608
mid,1.3,395,0.885233133603318
mid,1.3,396,0.3270138700779306
mid,1.3,397,0.7050359384467326
mid,1.3,398,0.7245024162718109
mid,1.3,399,0.8405473667709218
mid,1.3,400,0.8951736162363613
mid,1.3,401,0.5271326459764053
mid,1.3,402,0.9364390632103958
mid,1.3,403,0.702593486204588
mid,1.3,404,0.7996709582197585
mid,1.3,405,0.7673933314074658
mid,1.3,406,0.7351695482051153
mid,1.3,407,0.9482548226256161
mid,1.3,408,0.7785612803906743
mid,1.3,409,0.8238188745606885
mid,1.3,410,0.5399081553540345
mid,1.3,411,0.6956966474998764
mid,1.3,412,0.4856367254265921
mid,1.3,413,0.8308783505444337
mid,1.3,414,0.67399424629603
mid,1.3,415,0.7637051606923814
mid,1.3,416,0.9263335765389227
mid,1.3,417,0.9288080984715962
mid,1.3,418,0.84675851519421
mid,1.3,419,0.8662992243747578
mid,1.3,420,0.7247319010419615
mid,1.3,421,0.8944764772376238
mid,1.3,422,1.0801360369636792
mid,1.3,423,0.7730625784382864
mid,1.3,424,1.1868649851230724
mid,1.3,425,0.9382867819714236
mid,1.3,426,0.7820286496952994
mid,1.3,427,0.6581627870235796
mid,1.3,428,0.7318349541878756
mid,1.3,429,0.7457512835992902
mid,1.3,430,1.031014678661447
mid,1.3,431,0.8567711817794065
mid,1.3,432,1.1855974461231296
mid,1.3,433,0.6188985249427301
mid,1.3,434,0.2526664113693938
mid,1.3,435,0.42295746443289883
mid,1.3,436,0.8190445561495985
mid,1.3,437,0.5530307069128187
mid,1.3,438,0.7185784789514846
mid,1.3,439,0.6992342224314609
mid,1.3,440,1.1649204237862814
mid,1.3,441,0.7045782286515424
mid,1.3,442,0.77333079295791
mid,1.3,443,0.8618759293864351
mid,1.3,444,0.47391482922104156
mid,1.3,445,1.1634560439620305
mid,1.3,446,1.0292064746678267
mid,1.3,447,0.9364860559527477
mid,1.3,448,0.912678427090433
mid,1.3,449,1.1327412989490167
mid,1.3,450,0.4900221468577532
mid,1.3,451,0.36346539677400996
mid,1.3,452,0.514995340549412
mid,1.3,453,0.908431460420191
mid,1.3,454,0.8565053639179784
mid,1.3,455,0.6924716332168075
mid,1.3,456,0.9666259540202687
mid,1.3,457,0.8415096555848806
mid,1.3,458,0.9802272144095897
mid,1.3,459,0.5659417318085799
mid,1.3,460,0.6111094693473149
mid,1.3,461,0.7792506020231553
mid,1.3,462,0.22436528604638253
mid,1.3,463,0.6085527620980828
mid,1.3,464,0.8616714225579004
mid,1.3,465,0.923008760667798
mid,1.3,466,0.532446721115582
mid,1.3,467,1.242090955663865
mid,1.3,468,0.9075726827234339
mid,1.3,469,0.7691185686518306
mid,1.3,470,0.9827809124648087
mid,1.3,471,1.0615847114408916
mid,1.3,472,0.9603827760761403
mid,1.3,473,1.0029416432227234
mid,1.3,474,0.7938035922911041
mid,1.3,475,1.1650075538333735
mid,1.3,476,0.7857577161731449
mid,1.3,477,0.8719923245647869
mid,1.3,478,0.8994672171986816
mid,1.3,479,0.8614427018944613
mid,1.3,480,0.9092832908704275
mid,1.3,481,0.9529447675582746
mid,1.3,482,1.230179349193806
mid,1.3,483,1.3387775974885294
mid,1.3,484,0.7244676003681425
mid,1.3,485,1.0029143700866732
mid,1.3,486,0.6245467695459977
mid,1.3,487,0.48693145658946774
mid,1.3,488,0.7817637937033394
mid,1.3,489,0.9734340625435517
mid,1.3,490,0.6903911719008179
mid,1.3,491,0.7748898225444271
mid,1.3,492,0.7489043590383954
mid,1.3,493,0.8393039471891879
mid,1.3,494,0.793118550609232
mid,1.3,495,1.0810674146435375
mid,1.3,496,0.652990849540688
mid,1.3,497,1.3620650577331601
mid,1.3,498,1.1887261586066513
mid,1.3,499,0.7410765326320512
mid,1.3,500,0.7721760073083396
mid,1.3,501,1.003982334020223
mid,1.3,502,0.752057966356804
mid,1.3,503,0.40025659756618354
mid,1.3,504,0.6635080519157205
mid,1.3,505,0.9812331141435393
mid,1.3,506,0.6720860586376148
mid,1.3,507,1.0223323489609668
mid,1.3,508,1.0346097130107064
mid,1.3,509,0.6508558895182998
mid,1.3,510,0.6410995611559714
mid,1.3,511,1.1568409166849876
mid,1.3,512,0.411401949928493
mid,1.3,513,0.7616427002601853
mid,1.3,514,1.247428770863391
mid,1.3,515,0.4561236813988123
mid,1.3,516,0.6031280211043798
mid,1.3,517,0.8659790316249693
mid,1.3,518,0.8797181520922321
mid,1.3,519,0.7449518809497444
mid,1.3,520,0.7406156472691807
mid,1.3,521,0.7663562227251116
mid,1.3,522,0.607771500515015
mid,1.3,523,1.177615869493674
mid,1.3,524,0.9448507114411641
mid,1.3,525,0.43792433813740606
mid,1.3,526,0.8182197503882727
mid,1.3,527,0.7815224788380996
mid,1.3,528,0.58538759182513
mid,1.3,529,0.6574005450432518
mid,1.3,530,0.7465960543029511
mid,1.3,531,0.8544724693670006
mid,1.3,532,0.7907640065871349
mid,1.3,533,1.2383540561749968
mid,1.3,534,0.8868707179584382
mid,1.3,535,0.6868754940790888
mid,1.3,536,0.7455949493643503
mid,1.3,537,0.9945674561946751
mid,1.3,538,0.4871175521927175
mid,1.3,539,0.8435230063434856
mid,1.3,540,0.39232481465398206
mid,1.3,541,0.7301940014568993
mid,1.3,542,0.5617190650934847
mid,1.3,543,0.9924910544385136
mid,1.3,544,0.587790473465519
mid,1.3,545,0.9444242857054553
mid,1.3,546,0.8316688466291591
mid,1.3,547,0.8733584910198762
mid,1.3,548,0.7605759997989813
mid,1.3,549,0.5518858595022691
mid,1.3,550,0.6720476705403808
mid,1.3,551,0.8777371735762992
mid,1.3,552,1.193861489581311
mid,1.3,553,0.9260336318757061
mid,1.3,554,0.7687915859115435
mid,1.3,555,0.5743684756720789
mid,1.3,556,0.9183303151414866
mid,1.3,557,0.6898686208879133
mid,1.3,558,0.8499137311281029
mid,1.3,559,0.4241047252085803
mid,1.3,560,1.1026583212900398
mid,1.3,561,0.4392140006772409
mid,1.3,562,0.5840851308872915
mid,1.3,563,0.9046093788996243
mid,1.3,564,0.5675986437683624
mid,1.3,565,1.2832300904029348
mid,1.3,566,0.745788997252939
mid,1.3,567,0.6902658518881346
mid,1.3,568,0.568241468284993
mid,1.3,569,0.6393998775411437
mid,1.3,570,0.37792338968967015
mid,1.3,571,0.7156055983541453
mid,1.3,572,0.507014636044636
mid,1.3,573,0.7832282715282888
mid,1.3,574,1.1034281155896875
mid,1.3,575,0.6740336212770031
mid,1.3,576,1.3799228734340718
mid,1.3,577,0.9694661184254659
mid,1.3,578,1.0161660802800134
mid,1.3,579,0.8828272761211857
mid,1.3,580,0.7870026663444102
mid,1.3,581,0.8608881899422345
mid,1.3,582,0.599474706753054
mid,1.3,583,0.48359680405565925
mid,1.3,584,0.890358339548913
mid,1.3,585,0.6442467631291331
mid,1.3,586,0.837974265995766
mid,1.3,587,0.5935271561698758
mid,1.3,588,0.47516881099135316
mid,1.3,589,0.9696277671558533
mid,1.3,590,0.9002658181383392
mid,1.3,591,0.6443110048915616
mid,1.3,592,0.7228243941166735
mid,1.3,593,0.8700587192718324
mid,1.3,594,0.6563913787911877
mid,1.3,595,0.7524127469348556
mid,1.3,596,0.5544219783487857
mid,1.3,597,0.6021019653709582
mid,1.3,598,0.773347666951557
mid,1.3,599,0.4900000789039378
mid,1.3,600,0.36870869974888126
mid,1.3,601,0.871992309429124
mid,1.3,602,0.611464379328406
mid,1.3,603,0.2833152707521966
mid,1.3,604,0.5236764397811104
mid,1.3,605,0.7189873232109674
mid,1.3,606,0.6118393530304448
mid,1.3,607,0.603866534360375
mid,1.3,608,1.0232402789416988
mid,1.3,609,0.5531262111945402
mid,1.3,610,0.8269677750415634
mid,1.3,611,1.2295630608219363
mid,1.3,612,0.7665970053535103
mid,1.3,613,0.9085301905065136
mid,1.3,614,1.0316623573138248
mid,1.3,615,1.0988884078400514
mid,1.3,616,0.40175588814482094
mid,1.3,617,1.008111363976872
mid,1.3,618,0.3838628258944913
mid,1.3,619,1.2140058224593648
mid,1.3,620,0.9295830676563285
mid,1.3,621,0.7897856650753554
mid,1.3,622,0.6399086553385851
mid,1.3,623,0.8237420683386898
mid,1.3,624,0.58467381185275
mid,1.3,625,0.642062728260559
mid,1.3,626,1.027442257310542
mid,1.3,627,0.5727056327893829
mid,1.3,628,1.1201231169857475
mid,1.3,629,0.47747706029799764
mid,1.3,630,0.7225718419670202
mid,1.3,631,0.6360212124371443
mid,1.3,632,1.049920348251199
mid,1.3,633,0.8475795761587526
mid,1.3,634,1.3131508135947767
mid,1.3,635,0.5679194708451414
mid,1.3,636,1.4070463262619768
mid,1.3,637,0.7363905502954196
mid,1.3,638,0.7309952921458656
mid,1.3,639,0.8731055584902456
mid,1.3,640,0.9851234006087175
mid,1.3,641,0.6735247073460785
mid,1.3,642,1.2013845938931773
mid,1.3,643,0.6839453933516345
mid,1.3,644,0.8104280483440446
mid,1.3,645,0.291790765756275
mid,1.3,646,0.2946589134616348
mid,1.3,647,0.9884196912910672
mid,1.3,648,0.869462036987495
mid,1.3,649,0.41791252594362466
mid,1.3,650,1.193397793531104
mid,1.3,651,1.0111068273893942
mid,1.3,652,0.6518579962561125
mid,1.3,653,1.058572703394755
mid,1.3,654,0.924578580822356
mid,1.3,655,0.5912427719345578
mid,1.3,656,0.8405368372501898
mid,1.3,657,0.7101140489748409
mid,1.3,658,0.9171309392118777
mid,1.3,659,0.6349015256760155
mid,1.3,660,0.7992332290206162
mid,1.3,661,0.6702355592725653
mid,1.3,662,0.6961285015551109
mid,1.3,663,0.7484146735091342
mid,1.3,664,1.034047529260066
mid,1.3,665,0.39277156772866584
mid,1.3,666,0.909326718409181
mid,1.3,667,0.6216691251647
mid,1.3,668,0.7087336599071986
mid,1.3,669,0.28928070765821995
mid,1.3,670,0.847745248943384
mid,1.3,671,0.8677502973910419
mid,1.3,672,0.6649066085192368
mid,1.3,673,0.8369918709651377
mid,1.3,674,0.4699395152314571
mid,1.3,675,0.32410435690913
mid,1.3,676,0.7444796838170098
mid,1.3,677,0.5082057292134542
mid,1.3,678,0.6950889402867436
mid,1.3,679,0.93421157421025
mid,1.3,680,1.3432888613770924
mid,1.3,681,0.745552729364494
mid,1.3,682,0.6153305339369881
mid,1.3,683,0.6642050761468281
mid,1.3,684,0.3958700233087448
mid,1.3,685,0.6756657491631712
mid,1.3,686,0.9221242751633688
mid,1.3,687,1.2471677935138452
mid,1.3,688,0.8756275284105146
mid,1.3,689,0.6219317363177782
mid,1.3,690,0.521710851804614
mid,1.3,691,0.5885348906810408
mid,1.3,692,0.682722133655188
mid,1.3,693,1.0496014794305932
mid,1.3,694,0.5499652924100908
mid,1.3,695,0.6328938039496566
mid,1.3,696,0.7152135322271905
mid,1.3,697,0.8766946891164247
mid,1.3,698,0.694758337708719
mid,1.3,699,0.8452625513778591
mid,1.3,700,0.9983025481517144
mid,1.3,701,0.7043935092474604
mid,1.3,702,0.33439859436430375
mid,1.3,703,0.9546570528598154
mid,1.3,704,0.5470390495631807
mid,1.3,705,0.8954158163218081
mid,1.3,706,0.5495017856339824
mid,1.3,707,0.9471862514604158
mid,1.3,708,0.48475497610621016
mid,1.3,709,0.7847349090088397
mid,1.3,710,0.6620809311264556
mid,1.3,711,0.8910514455933157
mid,1.3,712,0.7077698459276361
mid,1.3,713,1.1137096132209543
mid,1.3,714,0.9710547540401043
mid,1.3,715,0.6466894375956819
mid,1.3,716,1.3282435289335384
mid,1.3,717,0.7854879179544796
mid,1.3,718,0.3456007733876355
mid,1.3,719,0.49730467547709034
mid,1.3,720,0.6075826247148851
mid,1.3,721,0.5034050088218992
mid,1.3,722,0.5140600680943275
mid,1.3,723,0.5140607140962905
mid,1.3,724,0.7642416801605603
mid,1.3,725,0.7214572447866582
mid,1.3,726,0.9358065236002614
mid,1.3,727,1.0874617203307964
mid,1.3,728,0.5100594707570855
mid,1.3,729,0.623345767515785
mid,1.3,730,1.2207038954970266
mid,1.3,731,1.0854988663121794
mid,1.3,732,0.3947502184006918
mid,1.3,733,0.8871132253020012
mid,1.3,734,0.8496480476474982
mid,1.3,735,0.7057640300678092
mid,1.3,736,0.40938827172263376
mid,1.3,737,0.6528579581292983
mid,1.3,738,0.45400227857744146
mid,1.3,739,0.5841783994273584
mid,1.3,740,0.7144237559205527
mid,1.3,741,0.4056379592964777
mid,1.3,742,0.4901626292700517
mid,1.3,743,0.8736447366054788
mid,1.3,744,0.689388773710569
mid,1.3,745,0.7684379335367961
mid,1.3,746,0.8705315953552173
mid,1.3,747,0.9558693636767502
mid,1.3,748,0.8992569172261236
mid,1.3,749,0.5855298372383371
mid,1.3,750,1.0995494228231053
mid,1.3,751,0.5344387470022182
mid,1.3,752,0.6542143379061286
mid,1.3,753,0.8130166364595872
mid,1.3,754,0.7763424329943147
mid,1.3,755,1.0504146153830196
mid,1.3,756,0.8116978757748154
mid,1.3,757,0.49997534812670336
mid,1.3,758,0.9881133104197505
mid,1.3,759,0.9127949400625065
mid,1.3,760,0.6185568123039908
mid,1.3,761,0.8196123483139643
mid,1.3,762,0.7126580503034801
mid,1.3,763,0.6948662976568286
mid,1.3,764,0.8346921888257014
mid,1.3,765,0.8761156189484269
mid,1.3,766,1.0540341386089511
mid,1.3,767,0.6894364159544395
mid,1.3,768,1.0296879505204175
mid,1.3,769,0.7703094645413714
mid,1.3,770,0.6821513596275841
mid,1.3,771,0.7480572273646783
mid,1.3,772,0.7217412834496139
mid,1.3,773,0.3689594510784312
mid,1.3,774,0.8069034193536444
mid,1.3,775,0.6799563919790694
mid,1.3,776,0.43179660361267813
mid,1.3,777,1.272422032254923
mid,1.3,778,1.4318126784937204
mid,1.3,779,1.3677112433509069
mid,1.3,780,0.9361514370884678
mid,1.3,781,0.3609388203287442
mid,1.3,782,0.5082199559942667
mid,1.3,783,1.2568920858785932
mid,1.3,784,1.0099340302188062
mid,1.3,785,0.5339336527433474
mid,1.3,786,0.8259101962335524
mid,1.3,787,0.9917393425968208
mid,1.3,788,0.9090172622701205
mid,1.3,789,0.7016147114148023
mid,1.3,790,0.7627461047542853
mid,1.3,791,0.4871003977428393
mid,1.3,792,0.7345879479602503
mid,1.3,793,0.7858033089859161
mid,1.3,794,0.5563679767218895
mid,1.3,795,0.948565140524015
mid,1.3,796,0.8196142928077756
mid,1.3,797,0.5411069858451042
mid,1.3,798,1.3816963686962462
mid,1.3,799,0.586140559902999
mid,1.3,800,0.7880978540750544
mid,1.3,801,0.24897302672844954
mid,1.3,802,0.8013984353416428
mid,1.3,803,0.8276342328484365
mid,1.3,804,0.8132536187878079
mid,1.3,805,0.8821980035027436
mid,1.3,806,1.0970969400343626
mid,1.3,807,0.6138143954912401
mid,1.3,808,0.7834166996591255
mid,1.3,809,0.5048426930347365
mid,1.3,810,0.7721689665615756
mid,1.3,811,0.8927442258646588
mid,1.3,812,0.469328950793395
mid,1.3,813,0.6378579007973194
mid,1.3,814,1.1068003637485748
mid,1.3,815,0.33445148238862726
mid,1.3,816,0.6088827605979877
mid,1.3,817,0.30654692419927787
mid,1.3,818,0.4918895293991918
mid,1.3,819,0.5074052051550102
mid,1.3,820,0.9882987442710396
mid,1.3,821,0.8167079538615322
mid,1.3,822,0.3003284190771284
mid,1.3,823,0.8216648937311384
mid,1.3,824,0.7454046090229588
mid,1.3,825,0.9299996407415391
mid,1.3,826,0.8122833922267976
mid,1.3,827,0.6029506928928244
mid,1.3,828,0.7867412710292508
mid,1.3,829,1.294701702345875
mid,1.3,830,0.3297384359557645
mid,1.3,831,1.1228105971771247
mid,1.3,832,0.9048310385695957
mid,1.3,833,0.6916296814585579
mid,1.3,834,1.0781857965874924
mid,1.3,835,0.5858022380968962
mid,1.3,836,1.1447164343646803
mid,1.3,837,0.5694541297563745
mid,1.3,838,0.5146951813018334
mid,1.3,839,0.7129056290389527
mid,1.3,840,0.8555725278319457
mid,1.3,841,0.676831012624379
mid,1.3,842,1.1089354445984232
mid,1.3,843,0.7099014442443249
mid,1.3,844,0.48129205724263274
mid,1.3,845,1.0199357639377356
mid,1.3,846,1.3506832209554809
mid,1.3,847,0.8980261607182948
mid,1.3,848,0.6656282848106388
mid,1.3,849,0.8668355623423898
mid,1.3,850,0.5571894972250558
mid,1.3,851,0.8096207934558822
mid,1.3,852,0.44863011694838134
mid,1.3,853,0.9399537331222976
mid,1.3,854,0.8604520097376698
mid,1.3,855,0.878458987999739
mid,1.3,856,0.7537483182889869
mid,1.3,857,1.1911277051343447
mid,1.3,858,0.724723622968755
mid,1.3,859,0.9075385052423375
mid,1.3,860,1.3636370702323495
mid,1.3,861,0.841601617483365
mid,1.3,862,0.934879901739999
mid,1.3,863,0.8585886391547051
mid,1.3,864,0.48265368720567126
mid,1.3,865,0.7675861530012165
mid,1.3,866,0.7729268405694071
mid,1.3,867,0.877812745707545
mid,1.3,868,0.8662819871117492
mid,1.3,869,0.7959888569983098
mid,1.3,870,0.6766454173243744
mid,1.3,871,1.0351294319876934
mid,1.3,872,0.8968958778982211
mid,1.3,873,0.6781549778577517
mid,1.3,874,1.1190536669784739
mid,1.3,875,0.8118561993987712
mid,1.3,876,1.1181548871944185
mid,1.3,877,0.7939793915320031
mid,1.3,878,0.4663201377967255
mid,1.3,879,0.6757627189225306
mid,1.3,880,0.44404101317349143
mid,1.3,881,0.8818903884600858
mid,1.3,882,1.0201008406442948
mid,1.3,883,0.3719334636499433
mid,1.3,884,1.3257410958042057
mid,1.3,885,0.7743697921946427
mid,1.3,886,0.8218288711514581
mid,1.3,887,0.37451758169790533
mid,1.3,888,0.4674634461246562
mid,1.3,889,0.4972773993813765
mid,1.3,890,1.0674370721534479
mid,1.3,891,0.7666269136204172
mid,1.3,892,0.7491550487185181
mid,1.3,893,0.46248904022212206
mid,1.3,894,0.8217261010005955
mid,1.3,895,0.6015309615272092
mid,1.3,896,0.9680761197721017
mid,1.3,897,1.3942207481990174
mid,1.3,898,0.9682779724226349
mid,1.3,899,0.772394481580509
mid,1.3,900,0.9263127777241038
mid,1.3,901,0.764185104486259
mid,1.3,902,0.9156337703666253
mid,1.3,903,0.9333142071077295
mid,1.3,904,0.15182032436408474
mid,1.3,905,0.9637663815791038
mid,1.3,906,0.854248346967979
mid,1.3,907,1.0851947485466396
mid,1.3,908,0.3249558737759899
mid,1.3,909,1.4366684682876592
mid,1.3,910,0.6490615034267312
mid,1.3,911,0.7754089803857049
mid,1.3,912,0.7570967964783153
mid,1.3,913,0.9156707533132101
mid,1.3,914,0.6182473361200114
mid,1.3,915,0.3062376529059789
mid,1.3,916,0.7245179385913191
mid,1.3,917,1.211628886249416
mid,1.3,918,0.45306071098605977
mid,1.3,919,0.42549846301429745
mid,1.3,920,0.514570248932925
mid,1.3,921,0.5088865237453734
mid,1.3,922,0.6443870969469282
mid,1.3,923,0.5490621735679426
mid,1.3,924,0.3500830901354876
mid,1.3,925,0.627152540643906
mid,1.3,926,0.5581859071731472
mid,1.3,927,0.6568396678494881
mid,1.3,928,1.0681012000021506
mid,1.3,929,1.003414381811437
mid,1.3,930,0.8340142727784174
mid,1.3,931,0.677818446664082
mid,1.3,932,0.6084275212954899
mid,1.3,933,0.6803824792596184
mid,1.3,934,1.0596006999892595
mid,1.3,935,0.503462693089623
mid,1.3,936,0.8846512207404861
mid,1.3,937,0.6399072694651307
mid,1.3,938,1.142368919306535
mid,1.3,939,0.9549304752801774
mid,1.3,940,1.0168382687911592
mid,1.3,941,0.9879302082821741
mid,1.3,942,0.8341887554802255
mid,1.3,943,0.5508051253625289
mid,1.3,944,0.5065039794644474
mid,1.3,945,0.44675514219781876
mid,1.3,946,0.7542351772304994
mid,1.3,947,1.0104221831839333
mid,1.3,948,0.8400620131949503
mid,1.3,949,0.8515653945753323
mid,1.3,950,0.3769291994714592
mid,1.3,951,1.0140229621718972
mid,1.3,952,1.0349827894300803
mid,1.3,953,0.692986076918947
mid,1.3,954,0.6851594288203166
mid,1.3,955,0.6171419207546314
mid,1.3,956,0.5315059538934427
mid,1.3,957,1.0847491493711359
mid,1.3,958,0.6427656090949789
mid,1.3,959,0.6587469949703073
mid,1.3,960,0.5369490748939354
mid,1.3,961,1.2125016649921494
mid,1.3,962,0.720103901889601
mid,1.3,963,0.6187770828521082
mid,1.3,964,0.5281374306873275
mid,1.3,965,1.2413959599221878
mid,1.3,966,0.573932578497844
mid,1.3,967,1.222927522798865
mid,1.3,968,0.46677546427292393
mid,1.3,969,0.7965003480422892
mid,1.3,970,0.853235195310871
mid,1.3,971,0.8214727871677978
mid,1.3,972,1.1460029227071638
mid,1.3,973,0.8443513323573154
mid,1.3,974,0.9243209652168041
mid,1.3,975,0.8575626059949685
mid,1.3,976,0.7532214031102689
mid,1.3,977,0.49276148723713503
mid,1.3,978,0.3881955833759568
mid,1.3,979,0.8498634881115604
mid,1.3,980,0.4655057512833256
mid,1.3,981,0.6895700598324327
mid,1.3,982,1.0976553420246684
mid,1.3,983,0.43282137063659387
mid,1.3,984,0.7008629287870123
mid,1.3,985,0.5103628092585936
mid,1.3,986,0.7278217868241185
mid,1.3,987,0.8689376236638979
mid,1.3,988,0.6373934123840536
mid,1.3,989,0.8196058643772763
mid,1.3,990,1.0657293595941726
mid,1.3,991,0.7146395395569741
mid,1.3,992,0.6844090142489873
mid,1.3,993,0.7109905397126987
mid,1.3,994,1.0327693061462233
mid,1.3,995,0.5180851645595487
mid,1.3,996,1.3894715881141675
mid,1.3,997,0.8527074839446785
mid,1.3,998,1.1177994129559479
mid,1.3,999,0.9644327732263216
mid,1.3,1000,0.6966620049223284
mid,1.3,1001,0.7871336804471943
mid,1.3,1002,1.0812399292061856
mid,1.3,1003,1.022319007873115
mid,1.3,1004,0.6066117495398043
mid,1.3,1005,1.0726607516292925
mid,1.3,1006,0.38169074373423756
mid,1.3,1007,0.5129376289743569
mid,1.3,1008,0.6992897699553622
mid,1.3,1009,1.1583121809259538
mid,1.3,1010,1.1464258054284489
mid,1.3,1011,1.0315224049655516
mid,1.3,1012,0.6181242744526741
mid,1.3,1013,0.8457782500265564
mid,1.3,1014,0.3665602668946993
mid,1.3,1015,0.605298174078278
mid,1.3,1016,0.5324350622869354
mid,1.3,1017,1.051214131546322
mid,1.3,1018,0.6267262902588366
mid,1.3,1019,1.0097515650910294
mid,1.3,1020,1.194465374820801
mid,1.3,1021,0.668835966614757
mid,1.3,1022,0.38275045323544193
mid,1.3,1023,0.502332287886696
mid,1.3,1024,1.120056952886929
mid,1.3,1025,1.331352095543125
mid,1.3,1026,0.6914872190775257
mid,1.3,1027,1.289443562556404
mid,1.3,1028,0.7114321391939874
mid,1.3,1029,0.8656092133090524
mid,1.3,1030,0.612858049591234
mid,1.3,1031,0.5124330440754198
mid,1.3,1032,0.3325152597783532
mid,1.3,1033,0.8526583679381909
mid,1.3,1034,0.43038089203659996
mid,1.3,1035,0.9436509997030166
mid,1.3,1036,0.467096260648872
mid,1.3,1037,0.41684582704515255
mid,1.3,1038,0.6553072635718323
mid,1.3,1039,0.6339456380789579
mid,1.3,1040,0.7031529742396774
mid,1.3,1041,0.529925212534305
mid,1.3,1042,0.8168938917107815
mid,1.3,1043,0.7681683706704356
mid,1.3,1044,0.7804015531992096
mid,1.3,1045,0.7524804741801974
mid,1.3,1046,1.148385867316945
mid,1.3,1047,0.2001923563111823
mid,1.3,1048,0.8792197993251664
mid,1.3,1049,0.8401109345827611
mid,1.3,1050,1.028735323950752
mid,1.3,1051,1.207331335771262
mid,1.3,1052,0.557731545917935
mid,1.3,1053,0.9762438177973859
mid,1.3,1054,1.0080223409613118
mid,1.3,1055,1.2392056930571242
mid,1.3,1056,1.0204251913800206
mid,1.3,1057,0.8959451371773373
mid,1.3,1058,1.039240553928167
mid,1.3,1059,1.0228061267969353
mid,1.3,1060,0.728056112873078
mid,1.3,1061,1.1931930505405883
mid,1.3,1062,1.2816341918618084
mid,1.3,1063,0.7309524489613634
mid,1.3,1064,0.6796493656083302
mid,1.3,1065,0.8350354420117917
mid,1.3,1066,0.6795976370082213
mid,1.3,1067,0.5946395260960474
mid,1.3,1068,0.30607284372546495
mid,1.3,1069,0.5041797360174111
mid,1.3,1070,0.49163717003363727
mid,1.3,1071,0.7400310314266004
mid,1.3,1072,0.8881518912264703
mid,1.3,1073,1.0948611861041078
mid,1.3,1074,0.47771006091102
mid,1.3,1075,0.8376639334904687
mid,1.3,1076,0.8992558889664063
mid,1.3,1077,0.9643207054509534
mid,1.3,1078,0.7149361641440236
mid,1.3,1079,1.139751761640292
mid,1.3,1080,0.5039097913098578
mid,1.3,1081,1.0746232471866786
mid,1.3,1082,0.6066306929715615
mid,1.3,1083,1.0427720108035659
mid,1.3,1084,0.9037713222475863
mid,1.3,1085,0.6426520172692456
mid,1.3,1086,0.13764828249083505
mid,1.3,1087,1.2388442383728828
mid,1.3,1088,1.1606557379130746
mid,1.3,1089,0.6744783845261846
mid,1.3,1090,1.1216719174173597
mid,1.3,1091,0.972602793268392
mid,1.3,1092,0.7857258827504994
mid,1.3,1093,0.6736050054416017
mid,1.3,1094,1.019879223405553
mid,1.3,1095,0.5438625900923835
mid,1.3,1096,0.32988893754724496
mid,1.3,1097,1.0178913737620694
mid,1.3,1098,0.689401036236464
mid,1.3,1099,0.9048026870328416
mid,1.3,1100,0.7535959079472031
mid,1.3,1101,0.9044760242468742
mid,1.3,1102,0.5155254600393889
mid,1.3,1103,1.4825686016453046
mid,1.3,1104,0.8930652911192049
mid,1.3,1105,0.9106065832866422
mid,1.3,1106,0.7110008232220385
mid,1.3,1107,0.4408891413761324
mid,1.3,1108,0.5757143816997248
mid,1.3,1109,0.9605575416366954
mid,1.3,1110,1.0869579913069576
mid,1.3,1111,0.901796450724689
mid,1.3,1112,1.2583529736259498
mid,1.3,1113,0.7074089760687894
mid,1.3,1114,0.4597073186651989
mid,1.3,1115,1.2103976464377584
mid,1.3,1116,0.6406200151530617
mid,1.3,1117,0.527119641925734
mid,1.3,1118,0.865873724142081
mid,1.3,1119,0.6386031245401953
mid,1.3,1120,1.0727083022692232
mid,1.3,1121,0.7542136345206369
mid,1.3,1122,0.6981512743511037
mid,1.3,1123,0.4800838561494412
mid,1.3,1124,0.9536292532017298
mid,1.3,1125,0.9059048939765557
mid,1.3,1126,0.5210049748358919
mid,1.3,1127,0.7172598132612871
mid,1.3,1128,1.0046560902945674
mid,1.3,1129,0.6039941993504959
mid,1.3,1130,0.7918784587732721
mid,1.3,1131,0.6141102098037692
mid,1.3,1132,0.8631334849126174
mid,1.3,1133,0.9718287864925905
mid,1.3,1134,0.6789879564206259
mid,1.3,1135,0.7084693556607237
mid,1.3,1136,0.8957165919891926
mid,1.3,1137,0.5859226248881194
mid,1.3,1138,0.962878671723206
mid,1.3,1139,0.6639228283981794
mid,1.3,1140,0.565067719567761
mid,1.3,1141,0.8617459972917294
mid,1.3,1142,1.0008661978484032
mid,1.3,1143,0.3666826106840094
mid,1.3,1144,0.020018488842829297
mid,1.3,1145,0.9261555875967317
mid,1.3,1146,0.6989258688620933
mid,1.3,1147,0.6209178585748478
mid,1.3,1148,0.5648007934608951
mid,1.3,1149,0.8654947494648227
mid,1.3,1150,0.4897702746655261
mid,1.3,1151,0.7706065756232702
mid,1.3,1152,0.7366418190043306
mid,1.3,1153,0.8207111956783547
mid,1.3,1154,0.4456148171602797
mid,1.3,1155,0.4452480366629278
mid,1.3,1156,0.44239951719775
mid,1.3,1157,1.517001715880458
mid,1.3,1158,0.9532834011932687
mid,1.3,1159,0.7939602821521377
mid,1.3,1160,0.5143780237007495
mid,1.3,1161,0.440864296004408
mid,1.3,1162,0.9642079008759922
mid,1.3,1163,0.5170155939633648
mid,1.3,1164,0.308377092633618
mid,1.3,1165,0.8465789255740099
mid,1.3,1166,0.9337838320899078
mid,1.3,1167,0.6568980150095468
mid,1.3,1168,0.9109005782122751
mid,1.3,1169,1.0751979341357676
mid,1.3,1170,0.630974953550455
mid,1.3,1171,0.5080156482835126
mid,1.3,1172,0.5653130946352224
mid,1.3,1173,0.48109263553971987
mid,1.3,1174,0.6008723716586969
mid,1.3,1175,0.6515792817708416
mid,1.3,1176,0.6273537938230792
mid,1.3,1177,0.7591201901498591
mid,1.3,1178,0.8689354900469713
mid,1.3,1179,1.1806581486279104
mid,1.3,1180,0.6363051386836269
mid,1.3,1181,0.34776931390205945
mid,1.3,1182,0.9877974388134774
mid,1.3,1183,0.6398638970440327
mid,1.3,1184,0.9584672748714521
mid,1.3,1185,0.7490920939910427
mid,1.3,1186,0.7305585600950796
mid,1.3,1187,0.799343729890344
mid,1.3,1188,0.6309526036714459
mid,1.3,1189,0.6544360846678872
mid,1.3,1190,0.8806851070196995
mid,1.3,1191,0.2961133694609716
mid,1.3,1192,0.9106233580509446
mid,1.3,1193,0.8227045345511321
mid,1.3,1194,0.9037306003872799
mid,1.3,1195,1.0546344042036195
mid,1.3,1196,1.0479023676174233
mid,1.3,1197,0.8835506561450859
mid,1.3,1198,1.046543205670014
mid,1.3,1199,0.690535658709222
mid,1.3,1200,0.3440315085837443
mid,1.3,1201,0.5005453200163273
mid,1.3,1202,0.9205213501096847
mid,1.3,1203,0.28052979693093744
mid,1.3,1204,0.33522893266163156
mid,1.3,1205,0.8482687087156137
mid,1.3,1206,0.2669595086577521
mid,1.3,1207,0.9548606911877047
mid,1.3,1208,0.2912322955652171
mid,1.3,1209,0.6573225997069774
mid,1.3,1210,0.6256976587725418
mid,1.3,1211,0.4888702841257229
mid,1.3,1212,0.7139102732672773
mid,1.3,1213,1.5144734008316334
mid,1.3,1214,0.5386403553545546
mid,1.3,1215,0.5011128021585035
mid,1.3,1216,0.45369466378887036
mid,1.3,1217,0.6140012994801309
mid,1.3,1218,1.0859493600281291
mid,1.3,1219,0.709947506810412
mid,1.3,1220,1.1319854885875933
mid,1.3,1221,0.8054075667070213
mid,1.3,1222,0.8451484862703417
mid,1.3,1223,0.8713874485008796
mid,1.3,1224,0.8311887314088215
mid,1.3,1225,0.7809698167572336
mid,1.3,1226,0.562077794080605
mid,1.3,1227,0.6590171663276655
mid,1.3,1228,0.7859289195479076
mid,1.3,1229,1.0495439063992944
mid,1.3,1230,0.7447929736177672
mid,1.3,1231,1.0729343981971642
mid,1.3,1232,1.0412336645646245
mid,1.3,1233,0.8853258523279803
mid,1.3,1234,0.9024381357939308
mid,1.3,1235,0.993001665780289
mid,1.3,1236,0.8043763310910134
mid,1.3,1237,0.9153390885516395
mid,1.3,1238,1.0730860546321623
mid,1.3,1239,0.8358452603009255
mid,1.3,1240,0.9652933537704118
mid,1.3,1241,0.5782309693029565
mid,1.3,1242,1.118848291878034
mid,1.3,1243,0.7762253741458803
mid,1.3,1244,0.643807077204976
mid,1.3,1245,0.9943357375399834
mid,1.3,1246,1.2381564389426354
mid,1.3,1247,0.8133409641511226
mid,1.3,1248,0.7219899820722085
mid,1.3,1249,0.6911290379845453
mid,1.3,1250,0.8850409085151761
mid,1.3,1251,0.7898518208839816
mid,1.3,1252,0.7914430451916421
mid,1.3,1253,0.7522116466679056
mid,1.3,1254,0.7458621504214531
mid,1.3,1255,0.8422962933124097
mid,1.3,1256,0.6062285277362941
mid,1.3,1257,0.7577941367407777
mid,1.3,1258,0.4951860585318514
mid,1.3,1259,0.7359390524211031
mid,1.3,1260,1.0644061434099528
mid,1.3,1261,0.5256634242238747
mid,1.3,1262,0.9180343763800635
mid,1.3,1263,0.8004346531475569
mid,1.3,1264,0.8940440596053967
mid,1.3,1265,0.44811038105155987
mid,1.3,1266,0.6955499518962667
mid,1.3,1267,0.6023257077771957
mid,1.3,1268,0.8167187484576197
mid,1.3,1269,0.6119670981770096
mid,1.3,1270,1.101270883562861
mid,1.3,1271,0.8554245227168185
mid,1.3,1272,0.944596009675196
mid,1.3,1273,1.0690017716220988
mid,1.3,1274,0.6852167628298936
mid,1.3,1275,0.6415555055492292
mid,1.3,1276,0.26776332194761926
mid,1.3,1277,1.132949234861921
mid,1.3,1278,0.836900968278024
mid,1.3,1279,1.162649297844839
mid,1.3,1280,0.6542841750562259
mid,1.3,1281,0.7634902037602881
mid,1.3,1282,0.8865120454244231
mid,1.3,1283,0.7251055359652452
mid,1.3,1284,0.805468408621415
mid,1.3,1285,1.0522892496339782
mid,1.3,1286,0.7234001009717014
mid,1.3,1287,1.1769343289752325
mid,1.3,1288,0.7447045987283205
mid,1.3,1289,0.8788557852337869
mid,1.3,1290,0.48318080847092215
mid,1.3,1291,0.5129907518008814
mid,1.3,1292,0.32042595217043457
mid,1.3,1293,1.0371175643901185
mid,1.3,1294,0.5443096147396081
mid,1.3,1295,0.5894785204222999
mid,1.3,1296,0.7576257805871031
mid,1.3,1297,0.568690326734938
mid,1.3,1298,1.0370306619140766
mid,1.3,1299,0.6415989553599569
mid,1.3,1300,0.9073067540760827
mid,1.3,1301,0.2585940954016728
mid,1.3,1302,0.9597554762110571
mid,1.3,1303,0.5281544595393072
mid,1.3,1304,0.6363831020281551
mid,1.3,1305,0.4637927595720934
mid,1.3,1306,0.753613119459384
mid,1.3,1307,0.8926916280204403
mid,1.3,1308,1.0212813568917007
mid,1.3,1309,0.6887653133069903
mid,1.3,1310,0.38211435424387635
mid,1.3,1311,0.6264566852860158
mid,1.3,1312,1.0053416605575225
mid,1.3,1313,0.45681108826593775
mid,1.3,1314,0.9636960710792174
mid,1.3,1315,0.9797132873342114
mid,1.3,1316,0.46257050805561445
mid,1.3,1317,1.0075219939748605
mid,1.3,1318,0.2067616227853958
mid,1.3,1319,0.5335504433766737
mid,1.3,1320,0.6594175411208104
mid,1.3,1321,0.2957433693785796
mid,1.3,1322,0.7022365324790734
mid,1.3,1323,0.7881727382267614
mid,1.3,1324,1.24371294667288
mid,1.3,1325,0.3876594286510012
mid,1.3,1326,0.36983948393903343
mid,1.3,1327,1.3727684620735106
mid,1.3,1328,0.693039667555953
mid,1.3,1329,0.3746721456256346
mid,1.3,1330,0.9459517979216644
mid,1.3,1331,0.8564984371897497
mid,1.3,1332,0.9346499587615679
mid,1.3,1333,0.7020978861682241
mid,1.3,1334,1.1730349405927445
mid,1.3,1335,0.8492636988023137
mid,1.3,1336,0.6083585461672756
mid,1.3,1337,0.7655442346888728
mid,1.3,1338,0.700915316543084
mid,1.3,1339,0.9022620306454021
mid,1.3,1340,0.9943562075467159
mid,1.3,1341,0.8628800147018303
mid,1.3,1342,1.0619447009976881
mid,1.3,1343,0.253872087225465
mid,1.3,1344,0.7854726592786639
mid,1.3,1345,0.645241770781488
mid,1.3,1346,0.9837725218295761
mid,1.3,1347,0.8730094124949294
mid,1.3,1348,0.7321662063071019
mid,1.3,1349,0.7957951442230058
mid,1.3,1350,0.9025882548078367
mid,1.3,1351,0.4050593889031785
mid,1.3,1352,0.7123059353708514
mid,1.3,1353,0.8702036443119998
mid,1.3,1354,1.1486547762127475
mid,1.3,1355,1.2011759056376896
mid,1.3,1356,0.665667357598192
mid,1.3,1357,0.9728590471550747
mid,1.3,1358,1.0747364730116196
mid,1.3,1359,0.8583083382756223
mid,1.3,1360,0.8276952566175548
mid,1.3,1361,0.3839692759964723
mid,1.3,1362,0.7363254845770408
mid,1.3,1363,0.8727969635653552
mid,1.3,1364,0.45691417072116336
mid,1.3,1365,0.6045804896089696
mid,1.3,1366,1.1445445392285154
mid,1.3,1367,0.9578457062337279
mid,1.3,1368,1.0887112787605762
mid,1.3,1369,1.1197550160852703
mid,1.3,1370,0.9549401417770751
mid,1.3,1371,1.1752244364141802
mid,1.3,1372,1.3861341333446904
mid,1.3,1373,1.4060138548208658
mid,1.3,1374,0.24007093045596742
mid,1.3,1375,0.4364206852297853
mid,1.3,1376,0.5677843391302698
mid,1.3,1377,0.5387940849449445
mid,1.3,1378,0.835506876116981
mid,1.3,1379,0.835200381289905
mid,1.3,1380,0.6325363844500963
mid,1.3,1381,0.44245546118429413
mid,1.3,1382,1.0904890007009316
mid,1.3,1383,0.7248233768277477
mid,1.3,1384,0.6865491516883527
mid,1.3,1385,1.1751566325321454
mid,1.3,1386,0.9643201409229585
mid,1.3,1387,0.585582300541174
mid,1.3,1388,0.7938365479235986
mid,1.3,1389,0.3320493136320379
mid,1.3,1390,0.7591834567283857
mid,1.3,1391,0.6513418654796299
mid,1.3,1392,0.9692262440248988
mid,1.3,1393,0.6241433272328722
mid,1.3,1394,0.46254775375839463
mid,1.3,1395,0.9871700613491021
mid,1.3,1396,0.8237703391268761
mid,1.3,1397,0.7177891799921753
mid,1.3,1398,0.5856003925939035
mid,1.3,1399,0.6055389800820326
mid,1.3,1400,1.045768525809531
mid,1.3,1401,0.7423281322636647
mid,1.3,1402,0.729482559220058
mid,1.3,1403,0.585650170086749
mid,1.3,1404,0.8009804325790508
mid,1.3,1405,0.951957742441336
mid,1.3,1406,1.0159497656344858
mid,1.3,1407,0.7068224511271227
mid,1.3,1408,0.969817017106934
mid,1.3,1409,0.7898072725015062
mid,1.3,1410,0.46148013207679595
mid,1.3,1411,0.6706341773894634
mid,1.3,1412,0.7983454355766628
mid,1.3,1413,0.6541572302408962
mid,1.3,1414,0.759037972129262
mid,1.3,1415,0.6970167875228717
mid,1.3,1416,0.9492797894993772
mid,1.3,1417,0.4859686258849806
mid,1.3,1418,0.7819283542913891
mid,1.3,1419,0.8517745364821389
mid,1.3,1420,0.5202376969495759
mid,1.3,1421,0.5612258565992515
mid,1.3,1422,0.854597533118774
mid,1.3,1423,0.8575259430854111
mid,1.3,1424,0.9795344338437156
mid,1.3,1425,0.9286237098989432
mid,1.3,1426,0.6823569202369384
mid,1.3,1427,0.9924142951077033
mid,1.3,1428,0.7818145433875142
mid,1.3,1429,0.6990119250583998
mid,1.3,1430,0.6839574409914565
mid,1.3,1431,0.8548673263787955
mid,1.3,1432,0.418043818140149
mid,1.3,1433,1.1559113437664457
mid,1.3,1434,0.5268626787171979
mid,1.3,1435,1.0016231442956804
mid,1.3,1436,1.0596247362586007
mid,1.3,1437,0.4837558128942214
mid,1.3,1438,0.6336650204243232
mid,1.3,1439,0.63958410903816
mid,1.3,1440,1.0752203986333537
mid,1.3,1441,1.0536559923961961
mid,1.3,1442,0.6287563547863578
mid,1.3,1443,1.1673798627177772
mid,1.3,1444,0.5480464349879507
mid,1.3,1445,0.8322559879873671
mid,1.3,1446,0.8163298197353926
mid,1.3,1447,0.8335142184847367
mid,1.3,1448,0.9459239656057031
mid,1.3,1449,0.5106522928348967
mid,1.3,1450,0.6914376456048041
mid,1.3,1451,0.4291255501005339
mid,1.3,1452,0.8061350679831999
mid,1.3,1453,0.8369784187448011
mid,1.3,1454,1.3090205603576222
mid,1.3,1455,0.7777856983923486
mid,1.3,1456,0.8153888143352168
mid,1.3,1457,0.6386603816590145
mid,1.3,1458,0.37033629927682155
mid,1.3,1459,0.7168040331502878
mid,1.3,1460,0.8399990686221337
mid,1.3,1461,0.7239064694029249
mid,1.3,1462,0.9129027451334398
mid,1.3,1463,0.6615574960658208
mid,1.3,1464,0.8356521747840422
mid,1.3,1465,1.1422014240231226
mid,1.3,1466,0.26035107615981795
mid,1.3,1467,0.569752090496302
mid,1.3,1468,0.8318895215370201
mid,1.3,1469,0.7998966969762462
mid,1.3,1470,0.5534545769592512
mid,1.3,1471,0.7835782352500672
mid,1.3,1472,0.8665077683652372
mid,1.3,1473,0.911853357519405
mid,1.3,1474,0.3193122924741432
mid,1.3,1475,0.9632120852115401
mid,1.3,1476,0.9432252858457845
mid,1.3,1477,0.7281447096321921
mid,1.3,1478,1.2069513261201104
mid,1.3,1479,1.1363425102606828
mid,1.3,1480,1.2803801384655158
mid,1.3,1481,0.7107718383545171
mid,1.3,1482,0.5972295441294138
mid,1.3,1483,0.4988637912753074
mid,1.3,1484,0.7509637585349084
mid,1.3,1485,0.8021169368161211
mid,1.3,1486,0.7160011493270955
mid,1.3,1487,0.7140640223261214
mid,1.3,1488,1.3570910406660996
mid,1.3,1489,1.1284025501918769
mid,1.3,1490,0.6130172417184827
mid,1.3,1491,0.7310692047653815
mid,1.3,1492,0.7347374557440098
mid,1.3,1493,0.5174561377359732
mid,1.3,1494,0.670085278539538
mid,1.3,1495,1.2733461478228443
mid,1.3,1496,1.3542675915968174
mid,1.3,1497,0.4458534151685745
mid,1.3,1498,0.43110378164160573
mid,1.3,1499,0.38840920577327376
mid,1.3,1500,0.8667602761356424
mid,1.3,1501,0.7217352915341285
mid,1.3,1502,0.9230638596363956
mid,1.3,1503,1.0404244160611615
mid,1.3,1504,0.9996832482688447
mid,1.3,1505,0.40671731486065793
mid,1.3,1506,0.7253610341470409
mid,1.3,1507,0.7552670603094064
mid,1.3,1508,0.6779679904157504
mid,1.3,1509,0.5938732063631138
mid,1.3,1510,0.6498718422712945
mid,1.3,1511,0.6794470522057765
mid,1.3,1512,0.6781375516641089
mid,1.3,1513,0.8929920183022247
mid,1.3,1514,0.93081868335403
mid,1.3,1515,0.34796907737595223
mid,1.3,1516,0.571917968181631
mid,1.3,1517,0.6250926402872486
mid,1.3,1518,1.010725447471334
mid,1.3,1519,0.8002732131698654
mid,1.3,1520,0.5923896556121376
mid,1.3,1521,0.7395559474828296
mid,1.3,1522,0.5087489960684922
mid,1.3,1523,0.5209457765050427
mid,1.3,1524,0.5364303699365075
mid,1.3,1525,1.146916112717506
mid,1.3,1526,0.9475212696825291
mid,1.3,1527,0.35947063930044315
mid,1.3,1528,1.1643953895971995
mid,1.3,1529,1.0226031949592191
mid,1.3,1530,0.8171634668261072
mid,1.3,1531,1.0245396357255074
mid,1.3,1532,0.5778638346178018
mid,1.3,1533,0.6444730850952628
mid,1.3,1534,0.5520811105833617
mid,1.3,1535,0.5717540950948145
mid,1.3,1536,0.3697593213678496
mid,1.3,1537,0.7900532143594041
mid,1.3,1538,0.6083935585557213
mid,1.3,1539,0.8799758376931264
mid,1.3,1540,0.5252116214533261
mid,1.3,1541,0.5788717721224383
mid,1.3,1542,0.6529938965629054
mid,1.3,1543,0.4756012931741085
mid,1.3,1544,1.3354517892610709
mid,1.3,1545,0.44490327678287306
mid,1.3,1546,0.5679775992304293
mid,1.3,1547,0.8561221943950975
mid,1.3,1548,1.1269732834891821
mid,1.3,1549,0.7494386117003164
mid,1.3,1550,0.5651768750437772
mid,1.3,1551,1.0020619202373822
mid,1.3,1552,0.7464270206478688
mid,1.3,1553,0.6200390244995194
mid,1.3,1554,0.48255864514520547
mid,1.3,1555,0.058071448047379876
mid,1.3,1556,0.8665700980027607
mid,1.3,1557,0.9686748132161983
mid,1.3,1558,1.125016821575885
mid,1.3,1559,0.7563054261999191
mid,1.3,1560,0.22663491194997668
mid,1.3,1561,0.4932252869882862
mid,1.3,1562,0.5021190256892496
mid,1.3,1563,0.6665158661423
mid,1.3,1564,0.8308967672146568
mid,1.3,1565,0.6254580274684121
mid,1.3,1566,1.0494097839403524
mid,1.3,1567,1.3158224066812578
mid,1.3,1568,0.6802241467037663
mid,1.3,1569,1.156784225363809
mid,1.3,1570,1.0753663133274896
mid,1.3,1571,0.7554769015518704
mid,1.3,1572,0.6144237113822548
mid,1.3,1573,0.860894549261986
mid,1.3,1574,0.7935414064008698
mid,1.3,1575,0.8192164907773075
mid,1.3,1576,0.9433703359482404
mid,1.3,1577,0.9584122504322571
mid,1.3,1578,0.48018898208251104
mid,1.3,1579,0.9449353285163563
mid,1.3,1580,0.4876063183715368
mid,1.3,1581,0.6551314813917627
mid,1.3,1582,0.9494340914085597
mid,1.3,1583,0.6039491769166851
mid,1.3,1584,0.7116173595780796
mid,1.3,1585,0.8023020388818737
mid,1.3,1586,1.0571971653530425
mid,1.3,1587,0.8113679337229689
mid,1.3,1588,0.7952778889367432
mid,1.3,1589,0.9302851582255693
mid,1.3,1590,0.6187899567674091
mid,1.3,1591,0.5024053399652219
mid,1.3,1592,0.8666195092680629
mid,1.3,1593,1.1568399143303782
mid,1.3,1594,0.7151322632228992
mid,1.3,1595,1.6554225818221875
mid,1.3,1596,1.0740780594286023
mid,1.3,1597,0.7760072843928919
mid,1.3,1598,0.5303091308179138
mid,1.3,1599,0.5995276262198557
mid,1.3,1600,0.36174611618801283
mid,1.3,1601,1.0385635228309749
mid,1.3,1602,0.9591219325792785
mid,1.3,1603,0.7700039512290383
mid,1.3,1604,0.6548314769790554
mid,1.3,1605,0.44779761726654216
mid,1.3,1606,1.0854402570773274
mid,1.3,1607,0.5290895693006398
mid,1.3,1608,0.8844173084197678
mid,1.3,1609,0.7727424128297489
mid,1.3,1610,0.9883657917716382
mid,1.3,1611,0.8275462850004615
mid,1.3,1612,1.049716553104583
mid,1.3,1613,0.6510414118697293
mid,1.3,1614,0.8463607604186504
mid,1.3,1615,1.0846527288407437
mid,1.3,1616,1.1888402699208211
mid,1.3,1617,0.5862513205312319
mid,1.3,1618,1.0030330073239762
mid,1.3,1619,1.1025418750486338
mid,1.3,1620,0.5674244708845676
mid,1.3,1621,0.7486117696866637
mid,1.3,1622,0.8384541012602975
mid,1.3,1623,0.527493019073595
mid,1.3,1624,0.7398878584353613
mid,1.3,1625,0.5932888818109922
mid,1.3,1626,0.5375731695454304
mid,1.3,1627,0.7625758455373035
mid,1.3,1628,0.6257154970692369
mid,1.3,1629,0.7550277067948676
mid,1.3,1630,0.7382165607736149
mid,1.3,1631,0.5883464658974606
mid,1.3,1632,0.777500403107691
mid,1.3,1633,1.0265681021500068
mid,1.3,1634,1.1711003923393895
mid,1.3,1635,0.3733350635871837
mid,1.3,1636,0.8325398930979571
mid,1.3,1637,0.8367317907910775
mid,1.3,1638,1.209235934267761
mid,1.3,1639,0.6202730235269156
mid,1.3,1640,1.0725165659180935
mid,1.3,1641,0.5129003716128931
mid,1.3,1642,0.9505660789068353
mid,1.3,1643,0.758765277364313
mid,1.3,1644,1.0129286150798464
mid,1.3,1645,0.5650528545415768
mid,1.3,1646,0.8089555866618767
mid,1.3,1647,0.8777802994736842
mid,1.3,1648,0.5642273477184394
mid,1.3,1649,0.3669705785481241
mid,1.3,1650,0.5640358370675808
mid,1.3,1651,0.9775500828612854
mid,1.3,1652,1.016081649998465
mid,1.3,1653,0.38734647043634435
mid,1.3,1654,0.3552186617669462
mid,1.3,1655,0.6347648814602747
mid,1.3,1656,0.5601633435582738
mid,1.3,1657,0.723986213781536
mid,1.3,1658,0.9582314776622844
mid,1.3,1659,0.8034465352464045
mid,1.3,1660,1.2882978183853875
mid,1.3,1661,0.5353158777050564
mid,1.3,1662,0.9385972729259004
mid,1.3,1663,0.529706077771388
mid,1.3,1664,0.4693022734576182
mid,1.3,1665,0.4521503651264043
mid,1.3,1666,0.7192234724730019
mid,1.3,1667,1.3131013250845291
mid,1.3,1668,0.8214787343400749
mid,1.3,1669,0.8701698768598508
mid,1.3,1670,0.793832292932041
mid,1.3,1671,0.692523500552037
mid,1.3,1672,0.4869696662684209
mid,1.3,1673,0.8231698382521443
mid,1.3,1674,0.47164246388816744
mid,1.3,1675,0.9664763444313718
mid,1.3,1676,0.7655317877014872
mid,1.3,1677,0.4626093124255383
mid,1.3,1678,0.7936199153466577
mid,1.3,1679,0.5668111639349073
mid,1.3,1680,0.9384021896474275
mid,1.3,1681,0.7984845266743298
mid,1.3,1682,0.9802596245450936
mid,1.3,1683,0.7170131641819677
mid,1.3,1684,0.5855368632150376
mid,1.3,1685,0.8122517806913412
mid,1.3,1686,0.7728303007638436
mid,1.3,1687,0.5160034315058455
mid,1.3,1688,0.7757864640100547
mid,1.3,1689,0.9073026534864783
mid,1.3,1690,0.5731569901105923
mid,1.3,1691,1.1252090483624135
mid,1.3,1692,0.8913299117100545
mid,1.3,1693,0.5402213241177666
mid,1.3,1694,0.8800519520887409
mid,1.3,1695,0.4932165500980361
mid,1.3,1696,0.789103312565416
mid,1.3,1697,0.7885907722597343
mid,1.3,1698,0.8301915494061815
mid,1.3,1699,1.0089051560788713
mid,1.3,1700,0.9084358344414806
mid,1.3,1701,1.1706235773757114
mid,1.3,1702,0.5963968646547282
mid,1.3,1703,0.6947364891380523
mid,1.3,1704,0.46940145837798164
mid,1.3,1705,0.5888567971744136
mid,1.3,1706,0.6536490724199162
mid,1.3,1707,0.5908553102091678
mid,1.3,1708,0.4094947073762299
mid,1.3,1709,0.5900084178158583
mid,1.3,1710,0.9170514048859629
mid,1.3,1711,0.7505955163243906
mid,1.3,1712,0.38948683573300574
mid,1.3,1713,1.1926177164037983
mid,1.3,1714,0.24061117341207314
mid,1.3,1715,0.916536158487355
mid,1.3,1716,0.2839108888546113
mid,1.3,1717,0.4745529152495311
mid,1.3,1718,0.5717198657650021
mid,1.3,1719,0.857557861174451
mid,1.3,1720,0.36884459564902655
mid,1.3,1721,0.8719107840425142
mid,1.3,1722,0.4852584640302011
mid,1.3,1723,0.7235547659330313
mid,1.3,1724,0.7693300433125543
mid,1.3,1725,0.6361771812169282
mid,1.3,1726,0.7803761997492529
mid,1.3,1727,0.2120177948950043
mid,1.3,1728,0.6784307482793919
mid,1.3,1729,0.8925208565941058
mid,1.3,1730,1.0700336735019913
mid,1.3,1731,1.1660859569512447
mid,1.3,1732,0.5116331334605028
mid,1.3,1733,0.4617103822622406
mid,1.3,1734,0.659415212318909
mid,1.3,1735,0.6520975664142682
mid,1.3,1736,1.1311905562619218
mid,1.3,1737,1.0269521944291242
mid,1.3,1738,0.4552982068628658
mid,1.3,1739,0.7061469749647208
mid,1.3,1740,0.7644206401592057
mid,1.3,1741,0.750389941504945
mid,1.3,1742,0.703975268335357
mid,1.3,1743,0.663497288134489
mid,1.3,1744,0.747065296922417
mid,1.3,1745,0.7436414819265867
mid,1.3,1746,1.0234541543787807
mid,1.3,1747,0.6745080350262472
mid,1.3,1748,0.7312255044929924
mid,1.3,1749,0.8207074375212049
mid,1.3,1750,0.9592167755644708
mid,1.3,1751,0.7098197189322004
mid,1.3,1752,0.8644728488578454
mid,1.3,1753,0.5732296198412709
mid,1.3,1754,0.5689560370989537
mid,1.3,1755,0.7989759902204285
mid,1.3,1756,0.8558854069647657
mid,1.3,1757,0.5767218205278046
mid,1.3,1758,0.6003445682930347
mid,1.3,1759,0.7648784766102558
mid,1.3,1760,0.5960565513637999
mid,1.3,1761,0.7413486908361909
mid,1.3,1762,0.5360194238805274
mid,1.3,1763,0.4714423716176719
mid,1.3,1764,0.7223445272649143
mid,1.3,1765,0.8879116575657893
mid,1.3,1766,0.2950045071306702
mid,1.3,1767,0.596721163090307
mid,1.3,1768,0.5949624475153695
mid,1.3,1769,0.37225563646817694
mid,1.3,1770,0.936321032081861
mid,1.3,1771,0.6195575015849359
mid,1.3,1772,0.6261523106852523
mid,1.3,1773,0.35541199231640597
mid,1.3,1774,0.745815934716462
mid,1.3,1775,0.7859779964135423
mid,1.3,1776,0.5074647345148623
mid,1.3,1777,0.8585116335516653
mid,1.3,1778,0.9605205002651296
mid,1.3,1779,0.36781444643888345
mid,1.3,1780,1.129993107157107
mid,1.3,1781,0.6795680298136878
mid,1.3,1782,0.9229221309358221
mid,1.3,1783,0.7333088288666304
mid,1.3,1784,0.804242605438976
mid,1.3,1785,0.8259320606056031
mid,1.3,1786,0.7577596642598644
mid,1.3,1787,0.6705999505611467
mid,1.3,1788,0.5916926636578344
mid,1.3,1789,0.47298395158539375
mid,1.3,1790,0.6996171097941594
mid,1.3,1791,0.6569379312590379
mid,1.3,1792,0.49712132685525984
mid,1.3,1793,0.48946313831235433
mid,1.3,1794,1.0444160100161686
mid,1.3,1795,0.60437731411267
mid,1.3,1796,1.007449824367364
mid,1.3,1797,0.9371313567007566
mid,1.3,1798,0.7566796259901445
mid,1.3,1799,0.5693448148266298
mid,1.3,1800,0.9241923828786542
mid,1.3,1801,0.7506245468028497
mid,1.3,1802,0.6796019228526378
mid,1.3,1803,0.496722989957239
mid,1.3,1804,1.099711981378806
mid,1.3,1805,0.5086933807085056
mid,1.3,1806,0.9268899389003512
mid,1.3,1807,0.9232656140994537
mid,1.3,1808,0.4016301919506937
mid,1.3,1809,0.7737456008412593
mid,1.3,1810,1.0350914031806395
mid,1.3,1811,0.7455953075282711
mid,1.3,1812,0.8697812168658593
mid,1.3,1813,0.4122869439191605
mid,1.3,1814,0.7846950057171285
mid,1.3,1815,0.4834954221471716
mid,1.3,1816,0.9852482128101393
mid,1.3,1817,0.954170186297398
mid,1.3,1818,0.6676880051886348
mid,1.3,1819,0.5268022529586182
mid,1.3,1820,0.5313000182411421
mid,1.3,1821,0.7925663011661869
mid,1.3,1822,0.19541564865506794
mid,1.3,1823,0.5101561884942948
mid,1.3,1824,0.6902989230828632
mid,1.3,1825,1.4565439104506503
mid,1.3,1826,1.1166457575268067
mid,1.3,1827,1.0262036480617984
mid,1.3,1828,0.5915938167932521
mid,1.3,1829,0.8200455643442148
mid,1.3,1830,0.8838759393592102
mid,1.3,1831,0.8857529435485524
mid,1.3,1832,0.6183772951214741
mid,1.3,1833,1.0061459470138716
mid,1.3,1834,0.6528826702307459
mid,1.3,1835,0.805651317565927
mid,1.3,1836,0.8701593869716951
mid,1.3,1837,0.8474738095459063
mid,1.3,1838,0.6748026168614656
mid,1.3,1839,0.921213721070379
mid,1.3,1840,0.6091865247744451
mid,1.3,1841,0.865589941658886
mid,1.3,1842,0.982822876044662
mid,1.3,1843,0.4783596803716209
mid,1.3,1844,0.853227403927372
mid,1.3,1845,0.7051352508119851
mid,1.3,1846,0.9585055486140566
mid,1.3,1847,0.9475212986359239
mid,1.3,1848,0.5761913859464011
mid,1.3,1849,0.3680511636285636
mid,1.3,1850,0.5110597710687246
mid,1.3,1851,0.8057041515585275
mid,1.3,1852,0.6790254004651575
mid,1.3,1853,0.6632460769369141
mid,1.3,1854,0.6335682706142856
mid,1.3,1855,1.1002736756853972
mid,1.3,1856,0.8452473318093988
mid,1.3,1857,0.8996042547180753
mid,1.3,1858,1.2208287412550696
mid,1.3,1859,0.7289068236193608
mid,1.3,1860,1.1725824582501083
mid,1.3,1861,1.0368442078706168
mid,1.3,1862,0.9295335676673092
mid,1.3,1863,0.5345240420098603
mid,1.3,1864,0.4922467675561491
mid,1.3,1865,0.7006453634052529
mid,1.3,1866,0.8176148794538719
mid,1.3,1867,0.7120160757924454
mid,1.3,1868,1.1292472287429984
mid,1.3,1869,0.6882049409563358
mid,1.3,1870,0.8448808016557748
mid,1.3,1871,0.6400557784381439
mid,1.3,1872,1.0790609994998026
mid,1.3,1873,0.7543876769755388
mid,1.3,1874,0.6401825781611297
mid,1.3,1875,1.098604607799052
mid,1.3,1876,0.7590527976059691
mid,1.3,1877,0.442440610223493
mid,1.3,1878,0.6176299857905849
mid,1.3,1879,0.7356750183290474
mid,1.3,1880,0.618788518707206
mid,1.3,1881,0.9288299259177424
mid,1.3,1882,0.7692598126482918
mid,1.3,1883,0.40725317130765193
mid,1.3,1884,0.7717795773173344
mid,1.3,1885,0.7265409762499757
mid,1.3,1886,0.8480368678935744
mid,1.3,1887,0.8142496681807369
mid,1.3,1888,1.0757251501948613
mid,1.3,1889,0.7523962136989094
mid,1.3,1890,0.8371193807268753
mid,1.3,1891,0.6018713420775338
mid,1.3,1892,1.1786162871882049
mid,1.3,1893,0.4936423724941222
mid,1.3,1894,1.2471740358156433
mid,1.3,1895,0.7045237654295733
mid,1.3,1896,0.9603884951604027
mid,1.3,1897,0.7797753632749419
mid,1.3,1898,0.7675347376254608
mid,1.3,1899,0.760017676408042
mid,1.3,1900,0.9288606317888615
mid,1.3,1901,0.6631663436342606
mid,1.3,1902,0.9046143689681447
mid,1.3,1903,0.5860657490458389
mid,1.3,1904,0.4754638661286236
mid,1.3,1905,0.29906357598255695
mid,1.3,1906,0.7069128980723094
mid,1.3,1907,0.1711265135583509
mid,1.3,1908,0.6317020060278985
mid,1.3,1909,0.9102379644646075
mid,1.3,1910,0.9577843223167994
mid,1.3,1911,0.5229594303699014
mid,1.3,1912,0.7710641156148178
mid,1.3,1913,1.1241961410391366
mid,1.3,1914,0.41371954834756797
mid,1.3,1915,0.7978565856334205
mid,1.3,1916,0.8145871916000503
mid,1.3,1917,0.9265662563097086
mid,1.3,1918,0.46544246488168933
mid,1.3,1919,0.282094371522838
mid,1.3,1920,0.6116119397562007
mid,1.3,1921,0.9862633222567003
mid,1.3,1922,1.040920497900734
mid,1.3,1923,0.7624739046660547
mid,1.3,1924,0.552178033173979
mid,1.3,1925,0.651576136626239
mid,1.3,1926,0.7761588705505167
mid,1.3,1927,0.9870011326539364
mid,1.3,1928,0.4060360768794958
mid,1.3,1929,0.8013088019915824
mid,1.3,1930,0.9344777035911245
mid,1.3,1931,0.9522289996085394
mid,1.3,1932,1.146346439841218
mid,1.3,1933,0.7985815740889812
mid,1.3,1934,0.813608479640728
mid,1.3,1935,0.8804752261997694
mid,1.3,1936,1.1516262574887695
mid,1.3,1937,0.5523973922292787
mid,1.3,1938,0.7945611648029313
mid,1.3,1939,0.37948454400265846
mid,1.3,1940,0.7940247142559905
mid,1.3,1941,1.1460278918237625
mid,1.3,1942,0.8627690398188732
mid,1.3,1943,0.9277623911388279
mid,1.3,1944,0.9792096008199113
mid,1.3,1945,0.7881996842693884
mid,1.3,1946,1.1596595003017443
mid,1.3,1947,0.5908529356802378
mid,1.3,1948,0.7648881969494753
mid,1.3,1949,0.6097003076872952
mid,1.3,1950,0.7508242666573756
mid,1.3,1951,0.8531919143222989
mid,1.3,1952,0.8743056235921929
mid,1.3,1953,0.4539623148897553
mid,1.3,1954,0.5156078166398406
mid,1.3,1955,1.1463622309818753
mid,1.3,1956,0.8415643110082305
mid,1.3,1957,0.7628358663642196
mid,1.3,1958,0.6322980004068613
mid,1.3,1959,0.22402297375718516
mid,1.3,1960,0.6658787946221121
mid,1.3,1961,0.7459733817669124
mid,1.3,1962,0.5916158591403837
mid,1.3,1963,1.0044914411683263
mid,1.3,1964,0.6704615746131911
mid,1.3,1965,0.6342625819259268
mid,1.3,1966,0.924130075641125
mid,1.3,1967,0.6550528440026433
mid,1.3,1968,0.7508974303688943
mid,1.3,1969,0.6484381732260627
mid,1.3,1970,0.7767099127263528
mid,1.3,1971,0.8692878916857222
mid,1.3,1972,1.2783351153547187
mid,1.3,1973,0.8376432465196554
mid,1.3,1974,0.5369674769755323
mid,1.3,1975,0.6277541949301394
mid,1.3,1976,1.140137749270148
mid,1.3,1977,1.1926396518919207
mid,1.3,1978,1.123423146623555
mid,1.3,1979,0.8820096859484321
mid,1.3,1980,0.6137897548084007
mid,1.3,1981,0.671319240860798
mid,1.3,1982,0.27074873596670385
mid,1.3,1983,0.9437129329018352
mid,1.3,1984,0.7729809024776768
mid,1.3,1985,0.7725184887395784
mid,1.3,1986,0.5366884465315016
mid,1.3,1987,0.9137885695460143
mid,1.3,1988,0.8927296740415688
mid,1.3,1989,0.8415460469747863
mid,1.3,1990,0.7184164401415242
mid,1.3,1991,0.3133295642185907
mid,1.3,1992,0.25982170164924817
mid,1.3,1993,0.9294939619597583
mid,1.3,1994,0.4584924523639136
mid,1.3,1995,0.3888030195454368
mid,1.3,1996,1.0848659398605567
mid,1.3,1997,0.7967511421522073
mid,1.3,1998,0.9367774790605843
mid,1.3,1999,0.6253461114865589
long,1.0,0,-0.91620548382296
long,1.0,1,-0.9287004742740256
long,1.0,2,-0.485160663684767
long,1.0,3,-1.0114418875039433
long,1.0,4,-0.8877168041701281
long,1.0,5,-1.1011061796302521
long,1.0,6,-0.6935080643609954
long,1.0,7,-0.7060384467459597
long,1.0,8,-0.9990787709983957
long,1.0,9,-0.9008166941340906
long,1.0,10,-0.5098827498123846
long,1.0,11,-0.9075465321661215
long,1.0,12,-0.8289541896287719
long,1.0,13,-0.7392609122888075
long,1.0,14,-0.9828178937341738
long,1.0,15,-1.0649202801692585
long,1.0,16,-1.0987380760424135
long,1.0,17,-0.8098283585061495
long,1.0,18,-0.684131800604591
long,1.0,19,-0.733148035392631
long,1.0,20,-1.02399021978835
long,1.0,21,-0.7333187849394477
long,1.0,22,-0.9487035122506158
long,1.0,23,-0.6921280095338759
long,1.0,24,-0.6712120129881408
long,1.0,25,-1.1829327722265042
long,1.0,26,-0.5570287234383697
long,1.0,27,-0.7290601969219042
long,1.0,28,-1.0495278238816932
long,1.0,29,-0.9718135266565939
long,1.0,30,-0.9203937877921371
long,1.0,31,-1.0371782473390387
long,1.0,32,-0.8651658195097954
long,1.0,33,-0.7793175465167487
long,1.0,34,-1.0275397328716311
long,1.0,35,-0.8139747354932642
long,1.0,36,-0.9528247849050036
long,1.0,37,-1.0907670378289467
long,1.0,38,-0.6022952630461225
long,1.0,39,-1.159501030764579
long,1.0,40,-1.0037238450796502
long,1.0,41,-1.2647293837822071
long,1.0,42,-0.9160041231965909
long,1.0,43,-1.1185990405320045
long,1.0,44,-1.3826728422709378
long,1.0,45,-1.0445230799529102
long,1.0,46,-0.6695709686871296
long,1.0,47,-1.2192897957474602
long,1.0,48,-0.985719062031196
long,1.0,49,-0.9908766226016289
long,1.0,50,-1.0002035536450302
long,1.0,51,-0.7848457112238187
long,1.0,52,-0.750784555158861
long,1.0,53,-1.2292953337182095
long,1.0,54,-1.081568696178254
long,1.0,55,-1.1932666811549246
long,1.0,56,-0.7332442738428302
long,1.0,57,-0.9837109026434105
long,1.0,58,-0.6589665664621236
long,1.0,59,-0.9045351730054642
long,1.0,60,-0.961491699846504
long,1.0,61,-1.0421480591991732
long,1.0,62,-1.1752412329676127
long,1.0,63,-0.8090137718962583
long,1.0,64,-0.9279895294163805
long,1.0,65,-0.8398615082162684
long,1.0,66,-0.7800332804003525
long,1.0,67,-1.2537994303811861
long,1.0,68,-0.9480995238362591
long,1.0,69,-0.9037879932150316
long,1.0,70,-1.0071497370424953
long,1.0,71,-0.9391369370037252
long,1.0,72,-1.0689437875906231
long,1.0,73,-1.0068760750839483
long,1.0,74,-0.8339784230920555
long,1.0,75,-0.8400249016023686
long,1.0,76,-0.7361628906785384
long,1.0,77,-1.0040602948508375
long,1.0,78,-1.0153528720458653
long,1.0,79,-1.0122595603183595
long,1.0,80,-0.9623310230815582
long,1.0,81,-1.0138758339470562
long,1.0,82,-0.9385401103182964
long,1.0,83,-1.1120266561641612
long,1.0,84,-0.9389345354653013
long,1.0,85,-0.8642534626326235
long,1.0,86,-1.2049808545442142
long,1.0,87,-1.2744417145277331
long,1.0,88,-0.871639517344126
long,1.0,89,-0.8520865316463966
long,1.0,90,-1.2055835652947655
long,1.0,91,-1.1755553750770378
long,1.0,92,-1.1265347258471339
long,1.0,93,-0.7508866234916219
long,1.0,94,-0.8442636621405342
long,1.0,95,-1.0515683061173515
long,1.0,96,-0.8483961137448427
long,1.0,97,-0.6773905573581595
long,1.0,98,-0.6020832024484141
long,1.0,99,-0.7194342687581226
long,1.0,100,-0.9754072325471882
long,1.0,101,-1.0616548494021512
long,1.0,102,-0.9494269542711569
long,1.0,103,-0.8951622548980618
long,1.0,104,-0.9838427453958616
long,1.0,105,-1.1202873549021637
long,1.0,106,-1.1937741325650186
long,1.0,107,-0.9101880238784089
long,1.0,108,-1.0388641596511559
long,1.0,109,-0.7730142425490519
long,1.0,110,-0.9154646560467636
long,1.0,111,-0.6844319719509766
long,1.0,112,-0.7053072632510187
long,1.0,113,-0.9227285793788775
long,1.0,114,-1.018093345764573
long,1.0,115,-1.2362683954335887
long,1.0,116,-0.8638467079141546
long,1.0,117,-1.0164506719149984
long,1.0,118,-0.9638886711468231
long,1.0,119,-0.9653198865639565
long,1.0,120,-1.0909063286145855
long,1.0,121,-0.8322485599605828
long,1.0,122,-0.6803033677036736
long,1.0,123,-0.9213709853330184
long,1.0,124,-0.9902310335981915
long,1.0,125,-0.7018798211907841
long,1.0,126,-0.8783651774736745
long,1.0,127,-0.7258095627852605
long,1.0,128,-1.145774085241064
long,1.0,129,-0.7012749369995898
long,1.0,130,-1.063628066309141
long,1.0,131,-0.788453036711265
long,1.0,132,-1.072622896561559
long,1.0,133,-0.9643221331783314
long,1.0,134,-1.1500066418680406
long,1.0,135,-0.9301392444193818
long,1.0,136,-0.8492869517294275
long,1.0,137,-1.0327221860810758
long,1.0,138,-1.1233953151057527
long,1.0,139,-0.9495447870271225
long,1.0,140,-0.810079021001359
long,1.0,141,-0.8190696304485001
long,1.0,142,-1.1102216106960834
long,1.0,143,-1.1708402586832387
long,1.0,144,-0.7992360288322278
long,1.0,145,-1.4259042035720257
long,1.0,146,-0.9276814371836403
long,1.0,147,-0.649012528379682
long,1.0,148,-0.917850811747781
long,1.0,149,-0.7762869685331394
long,1.0,150,-1.0040624113942773
long,1.0,151,-0.7668460364654545
long,1.0,152,-1.1419892031813412
long,1.0,153,-1.1479712626299583
long,1.0,154,-0.5637363588804397
long,1.0,155,-0.918505779035167
long,1.0,156,-0.7214241159592496
long,1.0,157,-0.8455553297614203
long,1.0,158,-1.0377177395135668
long,1.0,159,-0.9116182053183113
long,1.0,160,-1.0329081736345942
long,1.0,161,-0.6985454430791891
long,1.0,162,-0.9849774317691172
long,1.0,163,-0.8673008510248459
long,1.0,164,-0.8393900496413277
long,1.0,165,-1.0382698089841458
long,1.0,166,-0.6133868496047907
long,1.0,167,-1.0058313238778185
long,1.0,168,-0.5786718338066384
long,1.0,169,-0.25473939210905394
long,1.0,170,-0.6262010860413535
long,1.0,171,-0.9151418764823029
long,1.0,172,-1.161812313303434
long,1.0,173,-0.9363443236564107
long,1.0,174,-0.9686159015559649
long,1.0,175,-0.5585544215722941
long,1.0,176,-0.9768703289434104
long,1.0,177,-0.9244146715378166
long,1.0,178,-0.9423282349798022
long,1.0,179,-0.9388128737904042
long,1.0,180,-0.8798199706862726
long,1.0,181,-0.8753919981756825
long,1.0,182,-1.3052353834619557
long,1.0,183,-0.7203932954913732
long,1.0,184,-0.6959284391930699
long,1.0,185,-0.6837268111911415
long,1.0,186,-0.9929181204505575
long,1.0,187,-0.5041706397626313
long,1.0,188,-0.9534808386279776
long,1.0,189,-0.8055856333755221
long,1.0,190,-0.7431387237265169
long,1.0,191,-1.0731360081424133
long,1.0,192,-0.7457839147632616
long,1.0,193,-0.8211687870035587
long,1.0,194,-1.1246816186616264
long,1.0,195,-0.17618725076510866
long,1.0,196,-0.9645776090922692
long,1.0,197,-1.0159776415382695
long,1.0,198,-0.754379784808546
long,1.0,199,-1.0964277041166388
long,1.0,200,-1.0459956059383453
long,1.0,201,-1.130078879392976
long,1.0,202,-1.0223837138418208
long,1.0,203,-0.9296553621728556
long,1.0,204,-0.9022809509040733
long,1.0,205,-1.0650018730240318
long,1.0,206,-0.9595376982517565
long,1.0,207,-0.6630392406093469
long,1.0,208,-0.9305215317508927
long,1.0,209,-1.1194276398393321
long,1.0,210,-0.8443429290414016
long,1.0,211,-1.0911280068921214
long,1.0,212,-0.9109151109953295
long,1.0,213,-0.9538175603859346
long,1.0,214,-0.5097967549214786
long,1.0,215,-1.007335399247775
long,1.0,216,-1.4170126705574004
long,1.0,217,-1.1163731543328919
long,1.0,218,-0.8975037036272019
long,1.0,219,-1.0432918498881956
long,1.0,220,-1.0410012296954492
long,1.0,221,-0.8209310349223542
long,1.0,222,-1.1031438375211766
long,1.0,223,-0.8700457837907638
long,1.0,224,-0.7162128194784915
long,1.0,225,-1.0380451025766335
long,1.0,226,-1.0019870752708682
long,1.0,227,-1.053361358596013
long,1.0,228,-0.6588418850914608
long,1.0,229,-0.7511359744164217
long,1.0,230,-1.132986119220588
long,1.0,231,-1.0981134363730196
long,1.0,232,-1.1817672691395102
long,1.0,233,-0.6466322304007232
long,1.0,234,-0.715141265779278
long,1.0,235,-1.0068669608656577
long,1.0,236,-1.0028754217938147
long,1.0,237,-0.8796653736428245
long,1.0,238,-1.03045897394528
long,1.0,239,-0.8388681408344207
long,1.0,240,-1.1167633181841576
long,1.0,241,-1.0336795886634136
long,1.0,242,-1.0184357559728383
long,1.0,243,-0.739222772121733
long,1.0,244,-0.5829654380600502
long,1.0,245,-0.8765884023418491
long,1.0,246,-1.1014997290860515
long,1.0,247,-0.7259696783120824
long,1.0,248,-1.072386266868739
long,1.0,249,-0.5446853914604076
long,1.0,250,-0.8654787788586227
long,1.0,251,-0.9037395230774465
long,1.0,252,-0.8069772844417287
long,1.0,253,-0.8357527908559798
long,1.0,254,-0.43838283313464904
long,1.0,255,-1.0785636544456934
long,1.0,256,-1.0302528862744103
long,1.0,257,-1.175113552729066
long,1.0,258,-0.8638435347224613
long,1.0,259,-0.7734580698806833
long,1.0,260,-1.0446124569083115
long,1.0,261,-0.7918847242924667
long,1.0,262,-0.9176623293320564
long,1.0,263,-0.8709437083898072
long,1.0,264,-0.8847149893239102
long,1.0,265,-0.6046835096825475
long,1.0,266,-1.0957690711766617
long,1.0,267,-0.7951305728237833
long,1.0,268,-0.7330822130350888
long,1.0,269,-0.9038590425332171
long,1.0,270,-1.129111378925331
long,1.0,271,-0.9222988490184524
long,1.0,272,-1.0334319149713516
long,1.0,273,-0.8103374312098967
long,1.0,274,-1.1153682944787757
long,1.0,275,-0.7958370841875827
long,1.0,276,-0.8064739853799491
long,1.0,277,-0.837532779559301
long,1.0,278,-0.9303125535579654
long,1.0,279,-1.144130340677108
long,1.0,280,-0.9129253115972739
long,1.0,281,-1.1794610495732019
long,1.0,282,-0.7310804320302877
long,1.0,283,-1.1855162949864277
long,1.0,284,-1.2375769255821096
long,1.0,285,-0.6039470382202704
long,1.0,286,-0.7898544972711251
long,1.0,287,-1.0484909239329374
long,1.0,288,-0.7848045812694618
long,1.0,289,-0.6479496079366626
long,1.0,290,-1.1349879997220733
long,1.0,291,-1.1735148828297324
long,1.0,292,-0.71820524778546
long,1.0,293,-0.49059529661219514
long,1.0,294,-1.0761368606572752
long,1.0,295,-1.1774468420083737
long,1.0,296,-1.0097386516779154
long,1.0,297,-0.8525518706814283
long,1.0,298,-0.9547567008586441
long,1.0,299,-0.9509787458722754
long,1.0,300,-0.8850210134920433
long,1.0,301,-1.0037746396189156
long,1.0,302,-0.6460529819488113
long,1.0,303,-0.5799900183055984
long,1.0,304,-1.1938464448034638
long,1.0,305,-0.6857848113910864
long,1.0,306,-0.7083025420774364
long,1.0,307,-0.9493030638641886
long,1.0,308,-0.7621073222958166
long,1.0,309,-0.8878011316468746
long,1.0,310,-0.7380761192170141
long,1.0,311,-1.1132156449455786
long,1.0,312,-0.7413784523764079
long,1.0,313,-0.7294960483123554
long,1.0,314,-1.1694514906717481
long,1.0,315,-0.7048316648454922
long,1.0,316,-1.145847344721757
long,1.0,317,-0.9492597580656993
long,1.0,318,-0.7369960307565838
long,1.0,319,-1.171733444242806
long,1.0,320,-0.5488246590533971
long,1.0,321,-0.5125295124152051
long,1.0,322,-0.9165391909183206
long,1.0,323,-0.5778263277475459
long,1.0,324,-0.8636393081146854
long,1.0,325,-0.8834518087170736
long,1.0,326,-0.6455821468027169
long,1.0,327,-1.0682278053156595
long,1.0,328,-0.8417982824887319
long,1.0,329,-0.8664246347406498
long,1.0,330,-0.7750088386036479
long,1.0,331,-0.9767573094622
long,1.0,332,-0.9871116833836395
long,1.0,333,-1.0604262694615478
long,1.0,334,-1.193412336702095
long,1.0,335,-0.9906204997984609
long,1.0,336,-0.8800641308285554
long,1.0,337,-0.928271575889291
long,1.0,338,-1.0204124021647334
long,1.0,339,-0.601397347527049
long,1.0,340,-0.9528792636479719
long,1.0,341,-0.8215657027032268
long,1.0,342,-0.8097846040939716
long,1.0,343,-0.4618696958454277
long,1.0,344,-1.0878382283697738
long,1.0,345,-0.9261965179030206
long,1.0,346,-0.9793335054621537
long,1.0,347,-1.0877933474938926
long,1.0,348,-0.6412271296727032
long,1.0,349,-0.9606597141772186
long,1.0,350,-0.7956463385799696
long,1.0,351,-1.0066125438928317
long,1.0,352,-1.068461707877383
long,1.0,353,-0.6509511686603802
long,1.0,354,-0.8936964971085928
long,1.0,355,-0.44530254501773747
long,1.0,356,-1.0625777366805709
long,1.0,357,-1.027071999529468
long,1.0,358,-1.098353882205125
long,1.0,359,-1.0569799266890414
long,1.0,360,-1.2495474026967799
long,1.0,361,-1.0372945302542642
long,1.0,362,-1.4204581635810725
long,1.0,363,-0.8942799689114478
long,1.0,364,-1.1436859527405676
long,1.0,365,-1.311616898356547
long,1.0,366,-0.7976310731958519
long,1.0,367,-0.7528449000964569
long,1.0,368,-0.5409965077214012
long,1.0,369,-1.3856948693835343
long,1.0,370,-1.136932222487459
long,1.0,371,-1.0419179174664386
long,1.0,372,-0.7191248787085308
long,1.0,373,-0.5242252974549428
long,1.0,374,-0.8325115513808082
long,1.0,375,-0.9581328206224233
long,1.0,376,-0.6047781218568363
long,1.0,377,-0.8797988205475696
long,1.0,378,-1.1708904871308683
long,1.0,379,-0.9751948835703819
long,1.0,380,-1.0403660019794732
long,1.0,381,-0.7281286534835479
long,1.0,382,-0.8225510481852242
long,1.0,383,-1.0069277196083357
long,1.0,384,-0.884460821557662
long,1.0,385,-0.8218931055228968
long,1.0,386,-0.6592131213855457
long,1.0,387,-0.6437941327531939
long,1.0,388,-0.914724065407861
long,1.0,389,-0.7186988103697619
long,1.0,390,-0.9182253483833225
long,1.0,391,-0.6800361829951346
long,1.0,392,-0.7954125137220147
long,1.0,393,-0.862308019803229
long,1.0,394,-0.6693740482052654
long,1.0,395,-0.7774322745565123
long,1.0,396,-1.1306300540667473
long,1.0,397,-0.7491776248343828
long,1.0,398,-0.7453358221167979
long,1.0,399,-0.7425086042892033
long,1.0,400,-0.9756317044333
long,1.0,401,-1.0316268976597824
long,1.0,402,-0.6801549754152315
long,1.0,403,-0.8120797298043717
long,1.0,404,-0.4836257378785695
long,1.0,405,-1.0184405356146513
long,1.0,406,-0.8699726997395968
long,1.0,407,-1.085142086671154
long,1.0,408,-0.7524731033968708
long,1.0,409,-0.8079723505793353
long,1.0,410,-1.1540621667748954
long,1.0,411,-0.738040402220034
long,1.0,412,-1.138297063618955
long,1.0,413,-0.6002782226195724
long,1.0,414,-1.17112615092619
long,1.0,415,-0.7959395159904719
long,1.0,416,-1.0559355823210232
long,1.0,417,-0.8173459786187747
long,1.0,418,-1.2012437932750424
long,1.0,419,-1.0205395287468468
long,1.0,420,-0.8630473493227138
long,1.0,421,-0.8941369975746333
long,1.0,422,-0.8375293653139015
long,1.0,423,-0.9138588928955718
long,1.0,424,-1.1580224053715846
long,1.0,425,-0.9726881552431893
long,1.0,426,-1.1066183133344556
long,1.0,427,-1.0608162532803322
long,1.0,428,-0.8338869853358064
long,1.0,429,-1.0695685715791694
long,1.0,430,-0.7508863444875109
long,1.0,431,-0.888721430211761
long,1.0,432,-0.9766686805764115
long,1.0,433,-0.7205042951239592
long,1.0,434,-1.0914206746399486
long,1.0,435,-0.993573045550962
long,1.0,436,-1.1482588465902408
long,1.0,437,-1.1526863294671152
long,1.0,438,-1.1151059137509185
long,1.0,439,-0.7370272543669866
long,1.0,440,-0.93935132984652
long,1.0,441,-0.8849808985887618
long,1.0,442,-0.8242573055172853
long,1.0,443,-0.7075531170984215
long,1.0,444,-0.9911242979587326
long,1.0,445,-0.7872510888356915
long,1.0,446,-0.7461915616471496
long,1.0,447,-0.837849384147183
long,1.0,448,-0.8394233836395159
long,1.0,449,-0.784128140879626
long,1.0,450,-1.1583401876987254
long,1.0,451,-1.0155355727843507
long,1.0,452,-0.632501700222454
long,1.0,453,-0.8185018922174969
long,1.0,454,-0.6574095012051807
long,1.0,455,-0.7984611718360534
long,1.0,456,-0.9066553448175153
long,1.0,457,-1.2713959733548386
long,1.0,458,-0.5783205499854309
long,1.0,459,-1.1474192201079034
long,1.0,460,-0.9861411008554596
long,1.0,461,-1.115962521113838
long,1.0,462,-0.9540255797956577
long,1.0,463,-1.1933317556900063
long,1.0,464,-0.6122385888977657
long,1.0,465,-0.8077935251221675
long,1.0,466,-0.8599262084485313
long,1.0,467,-1.151627688113352
long,1.0,468,-0.641019015413044
long,1.0,469,-0.4585336620938781
long,1.0,470,-0.6505151118178746
long,1.0,471,-0.5591607123362566
long,1.0,472,-1.1228754311319948
long,1.0,473,-1.0266778720937773
long,1.0,474,-0.699260082130996
long,1.0,475,-0.7034565714362891
long,1.0,476,-1.1082976561029427
long,1.0,477,-0.6491582692494469
long,1.0,478,-0.9430355568504238
long,1.0,479,-0.9788939118062207
long,1.0,480,-1.007777772104287
long,1.0,481,-0.7946907570877539
long,1.0,482,-0.8522409837583448
long,1.0,483,-0.7850010258485421
long,1.0,484,-1.1423326727322165
long,1.0,485,-1.158077986397699
long,1.0,486,-0.6431233066795798
long,1.0,487,-0.8391580183263001
long,1.0,488,-1.0740629075134793
long,1.0,489,-0.6833616411176052
long,1.0,490,-0.5849438278586904
long,1.0,491,-0.678126079886239
long,1.0,492,-0.7824551949421623
long,1.0,493,-0.9814936253980342
long,1.0,494,-0.9697844827440992
long,1.0,495,-0.7378941908127913
long,1.0,496,-1.092924320846861
long,1.0,497,-0.6790992483504191
long,1.0,498,-0.7619211442463735
long,1.0,499,-1.0947719609533622
long,1.0,500,-0.7274189906557884
long,1.0,501,-0.9201361185173558
long,1.0,502,-0.9200813532163971
long,1.0,503,-0.9069233755429164
long,1.0,504,-0.9112129427651583
long,1.0,505,-0.8593849233997981
long,1.0,506,-1.467606180299134
long,1.0,507,-0.8266937483220538
long,1.0,508,-0.7136112123910485
long,1.0,509,-0.9087349528555788
long,1.0,510,-0.7236370401587138
long,1.0,511,-0.9509822076503046
long,1.0,512,-0.9341856057172865
long,1.0,513,-0.801927564077378
long,1.0,514,-1.0190629070209922
long,1.0,515,-1.0936243163522206
long,1.0,516,-0.6455811694981476
long,1.0,517,-0.7383121233317312
long,1.0,518,-0.8809523795115222
long,1.0,519,-0.8602615550657299
long,1.0,520,-0.8765634362603932
long,1.0,521,-0.8072905147657864
long,1.0,522,-1.005083182639549
long,1.0,523,-1.1559263752881306
long,1.0,524,-1.064642157107927
long,1.0,525,-0.8024845291720761
long,1.0,526,-0.8435382737002681
long,1.0,527,-0.6828876505457521
long,1.0,528,-1.3557607269936238
long,1.0,529,-0.9099107196987125
long,1.0,530,-1.0719475283056499
long,1.0,531,-0.6731403397032958
long,1.0,532,-0.6048819912934562
long,1.0,533,-1.088872457824261
long,1.0,534,-0.6495669438526367
long,1.0,535,-1.216033949067953
long,1.0,536,-1.0277314867530642
long,1.0,537,-0.8668161566393743
long,1.0,538,-0.6921233383827552
long,1.0,539,-0.8033302411586887
long,1.0,540,-1.041524331216415
long,1.0,541,-0.8648657005843876
long,1.0,542,-1.0643637042558274
long,1.0,543,-1.1891948467259088
long,1.0,544,-0.9508048656623956
long,1.0,545,-0.9140773836036734
long,1.0,546,-0.9764265161658278
long,1.0,547,-1.008147476342081
long,1.0,548,-0.97219639327957
long,1.0,549,-0.991912845228185
long,1.0,550,-0.8644526590159989
long,1.0,551,-1.152109495429158
long,1.0,552,-0.6884526641451658
long,1.0,553,-0.7464292715141488
long,1.0,554,-0.7881791586833622
long,1.0,555,-1.1997270450992954
long,1.0,556,-1.1454951039344143
long,1.0,557,-1.0378099051405392
long,1.0,558,-0.5702694948500356
long,1.0,559,-1.1036858879678764
long,1.0,560,-0.4553043898030904
long,1.0,561,-0.9144462021573735
long,1.0,562,-1.0478526153316658
long,1.0,563,-1.0211346075498464
long,1.0,564,-1.0449862502402658
long,1.0,565,-0.7316146212707969
long,1.0,566,-1.1593903839020456
long,1.0,567,-0.6061026901177851
long,1.0,568,-0.9583805464909821
long,1.0,569,-1.0312252151235632
long,1.0,570,-1.242337025494364
long,1.0,571,-0.7441118457937971
long,1.0,572,-0.7479868529331433
long,1.0,573,-0.7379625662696145
long,1.0,574,-1.226759351716872
long,1.0,575,-1.0510399127705345
long,1.0,576,-1.110138735837577
long,1.0,577,-0.7438579490288812
long,1.0,578,-1.1675978187617286
long,1.0,579,-0.9158327112073941
long,1.0,580,-0.8585035533065609
long,1.0,581,-0.9437286923652126
long,1.0,582,-0.9738939151731362
long,1.0,583,-0.934464285948786
long,1.0,584,-0.8296205640635371
long,1.0,585,-1.185853611640264
long,1.0,586,-0.8563638415913186
long,1.0,587,-1.0595331882521997
long,1.0,588,-1.0581758861455093
long,1.0,589,-0.9793226478907399
long,1.0,590,-1.118232164411313
long,1.0,591,-0.9508274045576824
long,1.0,592,-1.104417640105916
long,1.0,593,-0.9047881935400341
long,1.0,594,-0.8679597954407974
long,1.0,595,-0.9195336128229876
long,1.0,596,-0.7132774082161254
long,1.0,597,-1.0829875722000784
long,1.0,598,-0.9036994612644083
long,1.0,599,-1.4306115020548111
long,1.0,600,-1.0571474583477498
long,1.0,601,-0.7956564090385899
long,1.0,602,-0.8543402502734041
long,1.0,603,-0.844070796958328
long,1.0,604,-1.2323402286765954
long,1.0,605,-1.100023963931465
long,1.0,606,-1.017181777192557
long,1.0,607,-0.43807957562268374
long,1.0,608,-0.9162796127716933
long,1.0,609,-0.8589198881101894
long,1.0,610,-1.2149027527664713
long,1.0,611,-0.8619774301794606
long,1.0,612,-1.241218475165691
long,1.0,613,-1.1134323315207852
long,1.0,614,-1.0537834465859388
long,1.0,615,-0.8715702282471609
long,1.0,616,-0.9921071552278641
long,1.0,617,-0.911390096356559
long,1.0,618,-1.0513452241696368
long,1.0,619,-1.3157062410415707
long,1.0,620,-0.8668190335366828
long,1.0,621,-0.7129310608424346
long,1.0,622,-0.8044337526384736
long,1.0,623,-0.7941979873548359
long,1.0,624,-0.7485575080462658
long,1.0,625,-0.9750422528658083
long,1.0,626,-1.1570281751259273
long,1.0,627,-0.3724763392137784
long,1.0,628,-0.7385307275622889
long,1.0,629,-1.3149535138525381
long,1.0,630,-0.9513236584436771
long,1.0,631,-0.9489505126462494
long,1.0,632,-1.0426814117220193
long,1.0,633,-0.7548761218524606
long,1.0,634,-1.1731500786998634
long,1.0,635,-0.9576259790280585
long,1.0,636,-1.0144905470768375
long,1.0,637,-1.0743232005438568
long,1.0,638,-1.0363602948670567
long,1.0,639,-0.9251955930151492
long,1.0,640,-0.6855542494436451
long,1.0,641,-0.6053740252073117
long,1.0,642,-0.8994688421259271
long,1.0,643,-0.8545587326101688
long,1.0,644,-0.8758164618337195
long,1.0,645,-1.0217829544096486
long,1.0,646,-1.2886923979232652
long,1.0,647,-1.3610577378183653
long,1.0,648,-0.9888080687568661
long,1.0,649,-1.1798900756407646
long,1.0,650,-1.2760935863280858
long,1.0,651,-0.8163200373968051
long,1.0,652,-0.7268568331869617
long,1.0,653,-0.631300883327342
long,1.0,654,-0.8105052204469912
long,1.0,655,-0.9879585061309873
long,1.0,656,-0.7170959361485988
long,1.0,657,-0.7636315927790214
long,1.0,658,-0.9581677271899973
long,1.0,659,-0.7903052683465538
long,1.0,660,-0.8079586235613702
long,1.0,661,-0.8854781816923929
long,1.0,662,-0.9470692019371315
long,1.0,663,-0.7071382974990685
long,1.0,664,-0.7664599211521288
long,1.0,665,-0.8068999616197141
long,1.0,666,-0.9852469115166648
long,1.0,667,-0.7948010837176728
long,1.0,668,-0.938411022756174
long,1.0,669,-0.8423816984431307
long,1.0,670,-0.9952538172414307
long,1.0,671,-0.5966828242314584
long,1.0,672,-1.0344444241872723
long,1.0,673,-0.8796601857453101
long,1.0,674,-0.8023947026449796
long,1.0,675,-1.013298953511404
long,1.0,676,-1.2785842447803044
long,1.0,677,-0.9148004496421055
long,1.0,678,-1.0740662048288654
long,1.0,679,-0.8762626727954212
long,1.0,680,-0.6463890586610634
long,1.0,681,-1.1030011439947112
long,1.0,682,-1.0253395771045575
long,1.0,683,-0.637081693308727
long,1.0,684,-0.7502684099874932
long,1.0,685,-1.023428126438332
long,1.0,686,-1.0842623293894296
long,1.0,687,-0.7875242992728341
long,1.0,688,-1.4775456290890896
long,1.0,689,-1.1153763200622127
long,1.0,690,-0.946230156361661
long,1.0,691,-1.0389991970739438
long,1.0,692,-1.0829544249791605
long,1.0,693,-0.772547064182769
long,1.0,694,-0.9002240390771575
long,1.0,695,-0.8672099208796108
long,1.0,696,-1.0154249140089757
long,1.0,697,-0.8664318580392754
long,1.0,698,-0.9503332934920623
long,1.0,699,-0.8926499399936032
long,1.0,700,-0.6801483835708014
long,1.0,701,-0.9475461434641996
long,1.0,702,-1.363229412106154
long,1.0,703,-0.822512898819225
long,1.0,704,-0.81283001884698
long,1.0,705,-0.8169587438315069
long,1.0,706,-1.198523541279348
long,1.0,707,-1.2049523405262321
long,1.0,708,-1.288200544965371
long,1.0,709,-0.7535676412726533
long,1.0,710,-0.8453776762803012
long,1.0,711,-0.7351779062644497
long,1.0,712,-1.1471289379460872
long,1.0,713,-0.8282692172946198
long,1.0,714,-0.812847657839428
long,1.0,715,-0.8665843890721315
long,1.0,716,-0.7268360623280995
long,1.0,717,-1.0220358784415988
long,1.0,718,-1.2061842324742553
long,1.0,719,-1.0077362478683747
long,1.0,720,-1.0657247383414172
long,1.0,721,-0.7095392421297537
long,1.0,722,-1.039868153291698
long,1.0,723,-1.1596636772904663
long,1.0,724,-0.9566613780057911
long,1.0,725,-1.1495208220226771
long,1.0,726,-1.0164849540587495
long,1.0,727,-1.1154579491301715
long,1.0,728,-1.2084197525015585
long,1.0,729,-0.9850875958898833
long,1.0,730,-0.8100732870216192
long,1.0,731,-0.6970873257184522
long,1.0,732,-1.1154832457371733
long,1.0,733,-0.7220050872180261
long,1.0,734,-0.7751074984162956
long,1.0,735,-0.8177594671854934
long,1.0,736,-0.8859860756140918
long,1.0,737,-0.9716662823635605
long,1.0,738,-0.8510525894515086
long,1.0,739,-0.902149027721389
long,1.0,740,-1.2408167704367337
long,1.0,741,-0.8951397805073401
long,1.0,742,-1.0251027987761097
long,1.0,743,-0.8394657877228275
long,1.0,744,-0.8464441165219175
long,1.0,745,-0.6639979683610754
long,1.0,746,-0.6862191965688561
long,1.0,747,-0.9152446224427191
long,1.0,748,-0.9583809464931257
long,1.0,749,-0.9651454663152637
long,1.0,750,-0.8648408892613108
long,1.0,751,-1.2686916469292258
long,1.0,752,-0.9811123988044546
long,1.0,753,-0.8332719990831967
long,1.0,754,-0.8998758312732335
long,1.0,755,-0.8029524123645626
long,1.0,756,-0.841501599956078
long,1.0,757,-1.0076412700981716
long,1.0,758,-0.7339626675416029
long,1.0,759,-0.9067177687076384
long,1.0,760,-1.320760590426186
long,1.0,761,-0.6425264934421023
long,1.0,762,-1.14585906640239
long,1.0,763,-0.880967077370063
long,1.0,764,-0.85986026751101
long,1.0,765,-1.218342909370819
long,1.0,766,-0.8048170742342752
long,1.0,767,-0.9383953678189616
long,1.0,768,-0.5676544476918424
long,1.0,769,-0.8279624228371245
long,1.0,770,-0.8211524485616926
long,1.0,771,-0.8192549572721561
long,1.0,772,-0.928766343667635
long,1.0,773,-1.0120077767838773
long,1.0,774,-1.0576550807991232
long,1.0,775,-1.0983554633347994
long,1.0,776,-0.9565454112858741
long,1.0,777,-0.8349792229811989
long,1.0,778,-0.82745332390737
long,1.0,779,-0.8645932478911664
long,1.0,780,-0.8418074569842691
long,1.0,781,-1.0701774007305451
long,1.0,782,-1.0043918289343883
long,1.0,783,-0.6243525437012849
long,1.0,784,-0.2899246821644065
long,1.0,785,-0.841692095104832
long,1.0,786,-0.8781538380667413
long,1.0,787,-0.9832697985528585
long,1.0,788,-0.8599910581787508
long,1.0,789,-1.0013561182334443
long,1.0,790,-1.0310062655704626
long,1.0,791,-1.1809217824702998
long,1.0,792,-0.9383605646471732
long,1.0,793,-1.0640874989038158
long,1.0,794,-1.0243236820727075
long,1.0,795,-0.8795489421365477
long,1.0,796,-0.7923521219268075
long,1.0,797,-1.0136488009440279
long,1.0,798,-0.8361588475709834
long,1.0,799,-1.0377126906231764
long,1.0,800,-0.9140954393973884
long,1.0,801,-1.3693910799296676
long,1.0,802,-0.9166734866740208
long,1.0,803,-1.2072788938137209
long,1.0,804,-1.089323481417785
long,1.0,805,-1.0832331910303288
long,1.0,806,-0.8167519394755002
long,1.0,807,-0.7658702103529836
long,1.0,808,-0.9650856262415675
long,1.0,809,-1.0184250618135477
long,1.0,810,-0.8024107296269757
long,1.0,811,-0.40800103849205915
long,1.0,812,-0.5763085741714546
long,1.0,813,-1.0119866254882757
long,1.0,814,-1.028558277773053
long,1.0,815,-1.0341720205257723
long,1.0,816,-0.9902350504061943
long,1.0,817,-1.1203586579130478
long,1.0,818,-0.613366201786457
long,1.0,819,-0.742599726021881
long,1.0,820,-0.9681000479621764
long,1.0,821,-1.2038602986848093
long,1.0,822,-1.039089509339815
long,1.0,823,-1.037108326016042
long,1.0,824,-1.1492161200280493
long,1.0,825,-0.7674978860674202
long,1.0,826,-1.0200740450552765
long,1.0,827,-1.0929196366910088
long,1.0,828,-1.0011968523530699
long,1.0,829,-0.7364531743458694
long,1.0,830,-1.0725509720521462
long,1.0,831,-0.9059020489682711
long,1.0,832,-0.8906251659237893
long,1.0,833,-1.0566122146241814
long,1.0,834,-1.2791571810063342
long,1.0,835,-0.9785612287475746
long,1.0,836,-1.3425542948371036
long,1.0,837,-0.7689408947085342
long,1.0,838,-0.7697676770121218
long,1.0,839,-1.0042057860005282
long,1.0,840,-1.2921496785594289
long,1.0,841,-0.6199709871580817
long,1.0,842,-0.877207586506302
long,1.0,843,-0.9608962530334914
long,1.0,844,-1.1357914744627877
long,1.0,845,-0.8774927144142427
long,1.0,846,-0.7980670864114975
long,1.0,847,-1.277571872808778
long,1.0,848,-1.213777167621711
long,1.0,849,-0.6167057324341741
long,1.0,850,-0.9768490550873977
long,1.0,851,-0.8156088908566405
long,1.0,852,-1.1375619148428127
long,1.0,853,-1.0436534113473583
long,1.0,854,-0.7749533416590395
long,1.0,855,-0.8457377608361216
long,1.0,856,-0.9208382918837624
long,1.0,857,-0.8471465585470399
long,1.0,858,-0.9064617821020109
long,1.0,859,-0.9871892211730483
long,1.0,860,-1.002591242277248
long,1.0,861,-0.9358343440675493
long,1.0,862,-1.0138932211254743
long,1.0,863,-0.8341896203217414
long,1.0,864,-0.8952058946158533
long,1.0,865,-0.7501129233025352
long,1.0,866,-0.8890544425290625
long,1.0,867,-0.9152897832850234
long,1.0,868,-0.9771160523229718
long,1.0,869,-0.845597733919399
long,1.0,870,-0.7568875898049743
long,1.0,871,-0.8009205026890515
long,1.0,872,-0.7895212649029252
long,1.0,873,-0.8228648764302442
long,1.0,874,-0.928363022559669
long,1.0,875,-0.7863661172203809
long,1.0,876,-0.7140154973736739
long,1.0,877,-1.0965434469671245
long,1.0,878,-1.1785653609166875
long,1.0,879,-1.227525948304999
long,1.0,880,-1.11202128011627
long,1.0,881,-0.8576163743892417
long,1.0,882,-0.4570508775507079
long,1.0,883,-1.1395551139266418
long,1.0,884,-0.9124190909188001
long,1.0,885,-0.9056881585571797
long,1.0,886,-0.8539237516554012
long,1.0,887,-0.9564541734766846
long,1.0,888,-0.7574754239681182
long,1.0,889,-0.7519881403535893
long,1.0,890,-0.842837656739282
long,1.0,891,-0.6616597381188072
long,1.0,892,-0.9630558726954314
long,1.0,893,-1.0234274177589244
long,1.0,894,-0.879303584840462
long,1.0,895,-0.8227841781766125
long,1.0,896,-0.5755587381599762
long,1.0,897,-0.6752365503240281
long,1.0,898,-0.6542183636354001
long,1.0,899,-1.047089857531714
long,1.0,900,-0.9756346873791526
long,1.0,901,-1.0920198520153952
long,1.0,902,-0.6336354723453675
long,1.0,903,-1.037446088332562
long,1.0,904,-0.9446665254086847
long,1.0,905,-0.7183509700203217
long,1.0,906,-0.82560851445416
long,1.0,907,-0.6495027012391781
long,1.0,908,-0.7736355634032803
long,1.0,909,-0.7516601090513244
long,1.0,910,-0.7850637733682412
long,1.0,911,-1.0615384487874153
long,1.0,912,-1.206164326310877
long,1.0,913,-0.6685961792230783
long,1.0,914,-0.9808589290535911
long,1.0,915,-1.0681302979573783
long,1.0,916,-0.9732797537677109
long,1.0,917,-0.49965217625126646
long,1.0,918,-0.8715375350923544
long,1.0,919,-1.1392024220436932
long,1.0,920,-0.8868768956856294
long,1.0,921,-0.9677051008373961
long,1.0,922,-1.1188154346360621
long,1.0,923,-1.0758580105273088
long,1.0,924,-1.0198823042291507
long,1.0,925,-0.8094236267672276
long,1.0,926,-1.181381080610219
long,1.0,927,-0.9350286927411837
long,1.0,928,-0.6249904064988694
long,1.0,929,-1.1917966915359066
long,1.0,930,-0.7905199568658479
long,1.0,931,-0.7746806609041081
long,1.0,932,-0.6068290579193529
long,1.0,933,-0.7802710586075465
long,1.0,934,-1.1104338089737684
long,1.0,935,-1.0242148008738925
long,1.0,936,-0.7253418143823416
long,1.0,937,-1.048243515519448
long,1.0,938,-1.1871761597509725
long,1.0,939,-0.8371541090766778
long,1.0,940,-1.1675953291656125
long,1.0,941,-1.08259207519446
long,1.0,942,-0.9677826162456593
long,1.0,943,-1.2529554208700842
long,1.0,944,-1.0309363948689259
long,1.0,945,-0.9205785205512702
long,1.0,946,-1.0639430246191397
long,1.0,947,-0.8438510663812923
long,1.0,948,-0.7497357629904083
long,1.0,949,-1.0103507927264657
long,1.0,950,-1.044442772812009
long,1.0,951,-0.6538784250998328
long,1.0,952,-1.106297189519686
long,1.0,953,-1.4341248715315078
long,1.0,954,-1.0613464769160021
long,1.0,955,-1.0221356080700184
long,1.0,956,-0.8037391381733159
long,1.0,957,-0.9761622700782165
long,1.0,958,-0.5780377621870771
long,1.0,959,-0.6935267627561533
long,1.0,960,-1.003157202109761
long,1.0,961,-0.9845477927329869
long,1.0,962,-0.9485599837256807
long,1.0,963,-0.7119578634871333
long,1.0,964,-0.7332063289557778
long,1.0,965,-0.6554857348238093
long,1.0,966,-0.6097683065958711
long,1.0,967,-0.9803863897717823
long,1.0,968,-0.9862789674983217
long,1.0,969,-0.8209619014320289
long,1.0,970,-0.7692545238961155
long,1.0,971,-1.061048222017897
long,1.0,972,-1.0850964326727972
long,1.0,973,-1.0091729506260045
long,1.0,974,-0.8380653986478848
long,1.0,975,-0.9429282933012263
long,1.0,976,-0.9042952897335297
long,1.0,977,-0.7694044818506565
long,1.0,978,-0.9587626060623374
long,1.0,979,-0.9240249448425114
long,1.0,980,-1.2000682859747385
long,1.0,981,-1.0075473299122946
long,1.0,982,-0.9535988711972165
long,1.0,983,-0.9056276496542655
long,1.0,984,-0.9902182765246181
long,1.0,985,-0.8091823821531344
long,1.0,986,-0.835128400573481
long,1.0,987,-0.888597631065766
long,1.0,988,-0.6642384205572732
long,1.0,989,-0.7863808605305644
long,1.0,990,-0.9047828194894689
long,1.0,991,-0.9808440343880734
long,1.0,992,-1.066798709615655
long,1.0,993,-0.8255005861820484
long,1.0,994,-0.6695699971345535
long,1.0,995,-1.225438285448999
long,1.0,996,-0.8901502230237005
long,1.0,997,-0.758258800772153
long,1.0,998,-0.885459862108309
long,1.0,999,-0.7048181615090534
long,1.0,1000,-0.9165257368542621
long,1.0,1001,-1.0053278706358617
long,1.0,1002,-1.0839583018861325
long,1.0,1003,-0.7758631330378569
long,1.0,1004,-1.303248242395286
long,1.0,1005,-1.0256873208791606
long,1.0,1006,-0.9511700901491343
long,1.0,1007,-1.0868165806486914
long,1.0,1008,-1.1291187341072262
long,1.0,1009,-0.9054626074661294
long,1.0,1010,-1.3282560225367956
long,1.0,1011,-0.8652422537559671
long,1.0,1012,-1.1248153835337606
long,1.0,1013,-0.8755972358917873
long,1.0,1014,-1.1507263218245398
long,1.0,1015,-1.0649239103032624
long,1.0,1016,-0.9059253684063896
long,1.0,1017,-0.5933107557010323
long,1.0,1018,-0.4003729998134126
long,1.0,1019,-1.1610944334221354
long,1.0,1020,-0.6501354731013074
long,1.0,1021,-1.197925588412344
long,1.0,1022,-0.8241717631722184
long,1.0,1023,-0.8724735409366858
long,1.0,1024,-1.081976316971592
long,1.0,1025,-0.668202554441572
long,1.0,1026,-1.0072098406446335
long,1.0,1027,-0.7222856712005182
long,1.0,1028,-0.6968532148717655
long,1.0,1029,-0.4260799219335026
long,1.0,1030,-0.6172724490216904
long,1.0,1031,-0.9355277717212716
long,1.0,1032,-0.9887311276679388
long,1.0,1033,-0.7279318110859306
long,1.0,1034,-1.0263589647383466
long,1.0,1035,-0.8963315808250889
long,1.0,1036,-0.8744465309223358
long,1.0,1037,-0.9439795634790401
long,1.0,1038,-1.0905533065808801
long,1.0,1039,-1.0940519355042593
long,1.0,1040,-1.161494565702745
long,1.0,1041,-1.2544274915518754
long,1.0,1042,-0.9120378339639557
long,1.0,1043,-0.9066757743960704
long,1.0,1044,-1.027067374895806
long,1.0,1045,-0.90036525152712
long,1.0,1046,-1.1495719392231978
long,1.0,1047,-1.1606284928095925
long,1.0,1048,-1.1829946199604158
long,1.0,1049,-1.1499825478211043
long,1.0,1050,-0.7227672926210613
long,1.0,1051,-0.8194468334647487
long,1.0,1052,-0.8911368768698121
long,1.0,1053,-0.699601986467888
long,1.0,1054,-0.9274854382504515
long,1.0,1055,-0.9765297271043222
long,1.0,1056,-1.2744274440310779
long,1.0,1057,-0.8795598385218732
long,1.0,1058,-0.6390063478445518
long,1.0,1059,-0.9611087687338503
long,1.0,1060,-0.7010903447579039
long,1.0,1061,-0.6348400620135816
long,1.0,1062,-0.6785307046797947
long,1.0,1063,-1.0801983407320128
long,1.0,1064,-0.9743440599084392
long,1.0,1065,-1.313559312588024
long,1.0,1066,-1.0902338339365996
long,1.0,1067,-1.1435036273163977
long,1.0,1068,-1.3314641810388181
long,1.0,1069,-1.16823328537314
long,1.0,1070,-1.0826224776856166
long,1.0,1071,-1.0035478863159388
long,1.0,1072,-1.0801593789916373
long,1.0,1073,-0.8975551671440485
long,1.0,1074,-1.2903406251816398
long,1.0,1075,-0.8219190617791738
long,1.0,1076,-0.8477676273588733
long,1.0,1077,-0.468710844618191
long,1.0,1078,-0.9492969161369206
long,1.0,1079,-0.9556202367075062
long,1.0,1080,-1.0263415534836096
long,1.0,1081,-0.7861819649580496
long,1.0,1082,-1.0512363500557496
long,1.0,1083,-1.1099533557157324
long,1.0,1084,-1.0745592883374342
long,1.0,1085,-0.9685554844572555
long,1.0,1086,-1.3304912723763
long,1.0,1087,-1.041593886661988
long,1.0,1088,-0.905858079979725
long,1.0,1089,-1.0243720314587237
long,1.0,1090,-0.9305867564944821
long,1.0,1091,-0.9723833622936184
long,1.0,1092,-1.091896492809731
long,1.0,1093,-0.7602570865633738
long,1.0,1094,-1.011350328780128
long,1.0,1095,-0.7653370129692209
long,1.0,1096,-1.0447231434385216
long,1.0,1097,-0.5257686997363787
long,1.0,1098,-0.9780000466739627
long,1.0,1099,-0.7961673608508482
long,1.0,1100,-1.2724698266899577
long,1.0,1101,-0.4650466744740019
long,1.0,1102,-0.8447848447838947
long,1.0,1103,-0.753694877435489
long,1.0,1104,-0.8122201542296044
long,1.0,1105,-0.938075571364629
long,1.0,1106,-0.88062215756354
long,1.0,1107,-0.9883578504243571
long,1.0,1108,-1.0567014275274091
long,1.0,1109,-0.908070596297289
long,1.0,1110,-0.7989096071448638
long,1.0,1111,-0.720588396084939
long,1.0,1112,-0.5422603601832912
long,1.0,1113,-0.8348982381192489
long,1.0,1114,-0.9943476205251165
long,1.0,1115,-0.9758164543099148
long,1.0,1116,-0.7987856038668042
long,1.0,1117,-1.226221861136917
long,1.0,1118,-0.8408422323014609
long,1.0,1119,-0.8235530676440823
long,1.0,1120,-0.6797429475239797
long,1.0,1121,-0.803475023451958
long,1.0,1122,-0.7053870440704723
long,1.0,1123,-0.9523806921961624
long,1.0,1124,-1.1794336346483212
long,1.0,1125,-0.7574906198778302
long,1.0,1126,-1.2584475556470407
long,1.0,1127,-0.7438558608482527
long,1.0,1128,-0.6556505654477508
long,1.0,1129,-1.0397750088761806
long,1.0,1130,-0.6155856817541336
long,1.0,1131,-1.0243907888681005
long,1.0,1132,-1.0408078233649263
long,1.0,1133,-0.990041133729751
long,1.0,1134,-0.6103896819187699
long,1.0,1135,-0.6961556105521701
long,1.0,1136,-0.8287368907105657
long,1.0,1137,-1.1219384012924314
long,1.0,1138,-0.9800884540053842
long,1.0,1139,-0.7668065358455346
long,1.0,1140,-1.2192348739887788
long,1.0,1141,-0.8798708490926199
long,1.0,1142,-1.0238146638543497
long,1.0,1143,-0.9390145024256916
long,1.0,1144,-1.0800077821904326
long,1.0,1145,-0.6418171884684757
long,1.0,1146,-0.9774030190532973
long,1.0,1147,-0.9241790600474777
long,1.0,1148,-0.751504103330172
long,1.0,1149,-1.076822613852752
long,1.0,1150,-0.879889033944103
long,1.0,1151,-0.9861839036655138
long,1.0,1152,-1.26282040014226
long,1.0,1153,-0.7535697483063207
long,1.0,1154,-0.6512489039119749
long,1.0,1155,-0.8636857463361863
long,1.0,1156,-1.0610475208167884
long,1.0,1157,-0.8801829703365741
long,1.0,1158,-0.9162885555650886
long,1.0,1159,-0.544560336287917
long,1.0,1160,-1.0693134776871034
long,1.0,1161,-0.9464811066242309
long,1.0,1162,-0.5895402879735037
long,1.0,1163,-1.0600849571727096
long,1.0,1164,-1.0386297686514094
long,1.0,1165,-0.8848784762550496
long,1.0,1166,-0.9439544127997225
long,1.0,1167,-0.9452378317012503
long,1.0,1168,-1.0437342749940566
long,1.0,1169,-0.6137146917192042
long,1.0,1170,-1.0010466232327173
long,1.0,1171,-1.0176396272242716
long,1.0,1172,-1.1396471074021821
long,1.0,1173,-0.6278568350413166
long,1.0,1174,-0.6027167277854243
long,1.0,1175,-0.8653619214071145
long,1.0,1176,-1.1499936845655852
long,1.0,1177,-0.6358459911552237
long,1.0,1178,-0.6764025067097575
long,1.0,1179,-0.9512499731369531
long,1.0,1180,-0.8404845190142021
long,1.0,1181,-1.0210115379189455
long,1.0,1182,-0.7934108951258696
long,1.0,1183,-0.925412262232554
long,1.0,1184,-0.9239503700194233
long,1.0,1185,-0.7204191188375634
long,1.0,1186,-1.3086053885482474
long,1.0,1187,-0.8748577885408811
long,1.0,1188,-0.9592842416445689
long,1.0,1189,-0.8412971438959251
long,1.0,1190,-0.6787782752625722
long,1.0,1191,-0.9683550156094054
long,1.0,1192,-1.0358959764501057
long,1.0,1193,-0.8545171609237926
long,1.0,1194,-0.8719003430254835
long,1.0,1195,-0.6225853582932744
long,1.0,1196,-0.6826352194140357
long,1.0,1197,-0.4342948341148623
long,1.0,1198,-0.774573667010081
long,1.0,1199,-1.0228353974832107
long,1.0,1200,-0.9017010268839398
long,1.0,1201,-0.9604172552106928
long,1.0,1202,-1.0242459900339356
long,1.0,1203,-0.940872013548329
long,1.0,1204,-0.8707766502779914
long,1.0,1205,-0.9190450822109951
long,1.0,1206,-1.0401968837634978
long,1.0,1207,-1.0496761426558396
long,1.0,1208,-1.0402463559990074
long,1.0,1209,-0.7845684571854302
long,1.0,1210,-1.034910214093249
long,1.0,1211,-0.9165978053295945
long,1.0,1212,-0.7704496658438299
long,1.0,1213,-0.647411349080762
long,1.0,1214,-0.8558739735471685
long,1.0,1215,-1.2530423413407206
long,1.0,1216,-1.2084984386124356
long,1.0,1217,-0.9418225249567878
long,1.0,1218,-1.096625223769858
long,1.0,1219,-1.194338758017612
long,1.0,1220,-0.8265969436789078
long,1.0,1221,-0.968175246047095
long,1.0,1222,-0.985638400977065
long,1.0,1223,-0.6942752434891443
long,1.0,1224,-0.9594664369086663
long,1.0,1225,-0.8828309916412729
long,1.0,1226,-1.1490011760662282
long,1.0,1227,-0.9355119916766476
long,1.0,1228,-0.7920431590136033
long,1.0,1229,-1.1684537737555218
long,1.0,1230,-0.7786906910459073
long,1.0,1231,-0.7800540233020709
long,1.0,1232,-1.2786465040002633
long,1.0,1233,-0.7786764994712448
long,1.0,1234,-1.042083485260754
long,1.0,1235,-0.7707639063981868
long,1.0,1236,-0.736463290966414
long,1.0,1237,-0.8447547789716587
long,1.0,1238,-0.8177134246881738
long,1.0,1239,-1.0063932401620024
long,1.0,1240,-0.7752517083415658
long,1.0,1241,-0.9418775404144486
long,1.0,1242,-0.8660871224925456
long,1.0,1243,-0.9524167306305911
long,1.0,1244,-0.7882015662607407
long,1.0,1245,-0.6645176107812418
long,1.0,1246,-0.9072230067644906
long,1.0,1247,-0.5540041664410246
long,1.0,1248,-0.9901948529192679
long,1.0,1249,-0.9113619640424329
long,1.0,1250,-1.0781168130524468
long,1.0,1251,-1.0225112595680281
long,1.0,1252,-0.8894454177965269
long,1.0,1253,-0.6804630983793696
long,1.0,1254,-0.9041469980140179
long,1.0,1255,-0.9201302646247984
long,1.0,1256,-1.0627081518273565
long,1.0,1257,-0.8520733050608541
long,1.0,1258,-1.0403662647175989
long,1.0,1259,-1.1713191175568065
long,1.0,1260,-1.036832859109102
long,1.0,1261,-1.0489342824218495
long,1.0,1262,-0.8407741969830439
long,1.0,1263,-1.0133835742840809
long,1.0,1264,-0.8286927825150059
long,1.0,1265,-0.799598247578391
long,1.0,1266,-1.0568162684507891
long,1.0,1267,-1.1357253613748368
long,1.0,1268,-0.9412599567711334
long,1.0,1269,-1.1325084688552596
long,1.0,1270,-0.9491666453675345
long,1.0,1271,-0.981224848678918
long,1.0,1272,-0.8009489023932457
long,1.0,1273,-0.898594969260734
long,1.0,1274,-1.1700496925509916
long,1.0,1275,-1.0621323035853991
long,1.0,1276,-1.003517882217244
long,1.0,1277,-1.1100362417937133
long,1.0,1278,-1.153291671040665
long,1.0,1279,-0.9511191601564188
long,1.0,1280,-0.9785359556992014
long,1.0,1281,-0.8277658086051595
long,1.0,1282,-0.924826403240157
long,1.0,1283,-0.9937572336747172
long,1.0,1284,-0.9239021884208866
long,1.0,1285,-1.295554391158379
long,1.0,1286,-0.7856014193299588
long,1.0,1287,-0.783251213733708
long,1.0,1288,-0.8874533498619712
long,1.0,1289,-0.9222679743506452
long,1.0,1290,-0.7225426546895385
long,1.0,1291,-0.9103319148436536
long,1.0,1292,-1.1555022448031094
long,1.0,1293,-0.7436287590007299
long,1.0,1294,-0.9590392442747576
long,1.0,1295,-0.8897579969795761
long,1.0,1296,-0.9740500875684317
long,1.0,1297,-1.1207837759358177
long,1.0,1298,-1.087960108067987
long,1.0,1299,-0.6468243219193076
long,1.0,1300,-0.33604402770493935
long,1.0,1301,-0.9342830326816024
long,1.0,1302,-0.9901151395936124
long,1.0,1303,-0.9111272456598931
long,1.0,1304,-0.9018925083016157
long,1.0,1305,-1.1552325661957366
long,1.0,1306,-1.0290919881280336
long,1.0,1307,-0.4967866667510451
long,1.0,1308,-0.6737189128749868
long,1.0,1309,-0.7391871124610394
long,1.0,1310,-1.108797497262848
long,1.0,1311,-1.1319703672580426
long,1.0,1312,-1.0322645454725303
long,1.0,1313,-1.0172196681523535
long,1.0,1314,-0.8490251226405555
long,1.0,1315,-0.8098830670775318
long,1.0,1316,-1.0290992239432286
long,1.0,1317,-0.5955713006688438
long,1.0,1318,-1.037281596825179
long,1.0,1319,-1.059876875948448
long,1.0,1320,-1.0918790597643895
long,1.0,1321,-0.8872597306009858
long,1.0,1322,-0.800932122564439
long,1.0,1323,-0.628850098385809
long,1.0,1324,-0.9948231573280626
long,1.0,1325,-0.8639506109023779
long,1.0,1326,-0.893951230012414
long,1.0,1327,-0.7470178485742521
long,1.0,1328,-0.8884728256697356
long,1.0,1329,-1.2071543006354153
long,1.0,1330,-0.944047700814263
long,1.0,1331,-0.504431038444401
long,1.0,1332,-0.9338347663672367
long,1.0,1333,-0.9626088031814398
long,1.0,1334,-0.7446559390581026
long,1.0,1335,-0.9460174987379405
long,1.0,1336,-1.2133544973815746
long,1.0,1337,-1.0983687902160426
long,1.0,1338,-0.9796314933193416
long,1.0,1339,-0.9235705169804114
long,1.0,1340,-1.0275980932032385
long,1.0,1341,-0.8719231668896493
long,1.0,1342,-1.1687071099799589
long,1.0,1343,-1.1875672529817587
long,1.0,1344,-0.9089639234011122
long,1.0,1345,-0.9877783874036895
long,1.0,1346,-0.9079171933995315
long,1.0,1347,-0.6849721085292323
long,1.0,1348,-0.8538574259119243
long,1.0,1349,-1.0466769106570974
long,1.0,1350,-0.969186769814537
long,1.0,1351,-0.92707256067421
long,1.0,1352,-0.892524414159092
long,1.0,1353,-0.7468270418288877
long,1.0,1354,-0.9284842852007738
long,1.0,1355,-1.0649183968130116
long,1.0,1356,-0.9931694106832104
long,1.0,1357,-0.23551504713029492
long,1.0,1358,-0.45344646812116357
long,1.0,1359,-1.1692031596025931
long,1.0,1360,-0.8967214189813268
long,1.0,1361,-0.916402967597809
long,1.0,1362,-0.8261900487494473
long,1.0,1363,-0.9481296579507354
long,1.0,1364,-0.9521233815359048
long,1.0,1365,-0.8474949521367374
long,1.0,1366,-0.9967743098659804
long,1.0,1367,-0.7794281640174702
long,1.0,1368,-0.6163793816526317
long,1.0,1369,-0.5212527063238259
long,1.0,1370,-0.974992319210295
long,1.0,1371,-0.8184378429106515
long,1.0,1372,-0.5625281058617319
long,1.0,1373,-0.6412149517689404
long,1.0,1374,-0.80338454169004
long,1.0,1375,-1.0609690166364636
long,1.0,1376,-1.0618865728232199
long,1.0,1377,-1.2656758330620619
long,1.0,1378,-0.852231292202086
long,1.0,1379,-0.987285731493836
long,1.0,1380,-1.0026211789946533
long,1.0,1381,-0.868995347231734
long,1.0,1382,-0.7400685696589773
long,1.0,1383,-0.9423011603344548
long,1.0,1384,-0.7521638540533827
long,1.0,1385,-1.0018560187760046
long,1.0,1386,-1.1140049439086883
long,1.0,1387,-1.045352038261722
long,1.0,1388,-0.36583519645552487
long,1.0,1389,-1.0560745015548996
long,1.0,1390,-0.9342755893342298
long,1.0,1391,-0.8817939211663375
long,1.0,1392,-0.9856336636851135
long,1.0,1393,-1.016056139532561
long,1.0,1394,-1.1116959577320855
long,1.0,1395,-0.6564021454710789
long,1.0,1396,-0.7121018988017266
long,1.0,1397,-0.7136735904211473
long,1.0,1398,-1.3661954800349423
long,1.0,1399,-0.9709850387517506
long,1.0,1400,-0.8891746485938747
long,1.0,1401,-1.0327382864103558
long,1.0,1402,-0.8268025903248946
long,1.0,1403,-0.8541195434050626
long,1.0,1404,-1.1429201453751554
long,1.0,1405,-0.8238222126405117
long,1.0,1406,-0.7087699066275948
long,1.0,1407,-0.6601206533037943
long,1.0,1408,-0.7483615241515424
long,1.0,1409,-1.0237900725648446
long,1.0,1410,-1.037336520592441
long,1.0,1411,-0.7995703055828204
long,1.0,1412,-1.0816121501037983
long,1.0,1413,-0.5407367742846404
long,1.0,1414,-0.9374999636125378
long,1.0,1415,-0.9881215744478998
long,1.0,1416,-0.6773234007329452
long,1.0,1417,-1.186998721848354
long,1.0,1418,-0.9365086785515099
long,1.0,1419,-0.6379111062051707
long,1.0,1420,-0.875131755230712
long,1.0,1421,-1.235852290461755
long,1.0,1422,-0.6160692586546515
long,1.0,1423,-0.8349982556396162
long,1.0,1424,-1.2080608506081159
long,1.0,1425,-0.9498841363739392
long,1.0,1426,-0.5926453262213953
long,1.0,1427,-0.7426552757801649
long,1.0,1428,-0.7263967829736369
long,1.0,1429,-0.9167419070946504
long,1.0,1430,-0.9530687202141291
long,1.0,1431,-1.0356650912649816
long,1.0,1432,-0.9569545596230187
long,1.0,1433,-0.6783841563041609
long,1.0,1434,-1.0897733127355957
long,1.0,1435,-0.7262538059698027
long,1.0,1436,-1.2075050857653578
long,1.0,1437,-0.8476263594520267
long,1.0,1438,-0.9526893854983469
long,1.0,1439,-0.9684424246124287
long,1.0,1440,-0.5256324486975121
long,1.0,1441,-0.6972109995700381
long,1.0,1442,-0.9531693261038732
long,1.0,1443,-0.9806688761436876
long,1.0,1444,-1.192545691064627
long,1.0,1445,-0.9667996315973981
long,1.0,1446,-0.8357183910226533
long,1.0,1447,-0.9698472411010828
long,1.0,1448,-0.7018818147554872
long,1.0,1449,-1.0093672530011943
long,1.0,1450,-0.8504053324731938
long,1.0,1451,-0.9768235731836793
long,1.0,1452,-0.8889868730929353
long,1.0,1453,-0.735566433945098
long,1.0,1454,-1.0689706138790236
long,1.0,1455,-0.6800783032452398
long,1.0,1456,-0.785591778752494
long,1.0,1457,-0.9096562676485636
long,1.0,1458,-0.773310605922012
long,1.0,1459,-0.9458894738827163
long,1.0,1460,-1.0324476566032645
long,1.0,1461,-1.1682968404165817
long,1.0,1462,-1.0361610402268298
long,1.0,1463,-0.8875694077858552
long,1.0,1464,-0.8514112056780306
long,1.0,1465,-0.5025301513088049
long,1.0,1466,-1.0514855718547116
long,1.0,1467,-1.0243764521713308
long,1.0,1468,-1.0003437994838213
long,1.0,1469,-0.7510176617913994
long,1.0,1470,-0.854841895055361
long,1.0,1471,-1.0953195445960269
long,1.0,1472,-0.745349773578529
long,1.0,1473,-0.9116756312856393
long,1.0,1474,-1.1845437240844887
long,1.0,1475,-1.0239971468789728
long,1.0,1476,-0.6651353785593522
long,1.0,1477,-1.2517720555242178
long,1.0,1478,-1.0608507731429273
long,1.0,1479,-1.149171683887755
long,1.0,1480,-0.730424770362948
long,1.0,1481,-0.8294341867405266
long,1.0,1482,-1.0198437161320921
long,1.0,1483,-0.8203108770104631
long,1.0,1484,-1.221012321077062
long,1.0,1485,-0.8623171800187838
long,1.0,1486,-1.0073905292652086
long,1.0,1487,-1.0059053521346542
long,1.0,1488,-1.0085322811393058
long,1.0,1489,-0.8834045260776145
long,1.0,1490,-1.050709332633074
long,1.0,1491,-1.0026359609612656
long,1.0,1492,-1.291049378514771
long,1.0,1493,-0.7702924125491754
long,1.0,1494,-0.9705069212329226
long,1.0,1495,-0.6544759916880857
long,1.0,1496,-0.7163039840015565
long,1.0,1497,-1.1446856664293235
long,1.0,1498,-1.0678038469281768
long,1.0,1499,-1.0539024780070267
long,1.0,1500,-1.1993906984538052
long,1.0,1501,-0.7783483734809487
long,1.0,1502,-0.9061471718859271
long,1.0,1503,-0.9084067483140482
long,1.0,1504,-0.6000432317767428
long,1.0,1505,-0.9003068753804928
long,1.0,1506,-0.8144031534846252
long,1.0,1507,-0.5575110620491819
long,1.0,1508,-0.8261760107436174
long,1.0,1509,-0.8264849989612963
long,1.0,1510,-1.0750283200993622
long,1.0,1511,-0.9709389477963916
long,1.0,1512,-0.8167739884068653
long,1.0,1513,-0.9308264333907964
long,1.0,1514,-1.0416592360160262
long,1.0,1515,-0.8894917697664049
long,1.0,1516,-1.039543792660321
long,1.0,1517,-1.203120016581019
long,1.0,1518,-0.7517009658491854
long,1.0,1519,-0.8336068304314606
long,1.0,1520,-0.8431216079350309
long,1.0,1521,-0.7118575329097827
long,1.0,1522,-0.9787535843062528
long,1.0,1523,-0.8459281835841916
long,1.0,1524,-0.7467435180370667
long,1.0,1525,-0.7511356621201702
long,1.0,1526,-0.7940428516060789
long,1.0,1527,-0.8437748958860453
long,1.0,1528,-0.9926577786944845
long,1.0,1529,-1.216831623509537
long,1.0,1530,-0.8588501548899283
long,1.0,1531,-0.5795403180328067
long,1.0,1532,-0.8111357732321933
long,1.0,1533,-0.8664672526872073
long,1.0,1534,-0.7122923147511204
long,1.0,1535,-0.9313371827713967
long,1.0,1536,-0.9855936853277361
long,1.0,1537,-0.697376390970982
long,1.0,1538,-0.7731276940991954
long,1.0,1539,-0.9734827335101327
long,1.0,1540,-0.9132953553837538
long,1.0,1541,-0.8583345627351674
long,1.0,1542,-1.167290835705531
long,1.0,1543,-1.367845918016623
long,1.0,1544,-0.5064862932261508
long,1.0,1545,-1.1173713779518892
long,1.0,1546,-0.9740184995045726
long,1.0,1547,-1.0749037082064095
long,1.0,1548,-0.7925295827789238
long,1.0,1549,-0.8548707660321128
long,1.0,1550,-0.4738386058873929
long,1.0,1551,-1.0189366246935874
long,1.0,1552,-0.8888285780140045
long,1.0,1553,-1.1801185760232946
long,1.0,1554,-0.7779295219854052
long,1.0,1555,-1.015350327733204
long,1.0,1556,-1.0568550622061856
long,1.0,1557,-0.9286003908809624
long,1.0,1558,-0.9490505739989058
long,1.0,1559,-1.0305349409595899
long,1.0,1560,-0.9868779766592254
long,1.0,1561,-0.7378128228920061
long,1.0,1562,-1.0576051388160173
long,1.0,1563,-1.0822546922718397
long,1.0,1564,-0.898297757040027
long,1.0,1565,-1.1569274809325683
long,1.0,1566,-1.2019147944998612
long,1.0,1567,-0.974893077564166
long,1.0,1568,-1.1080264682571517
long,1.0,1569,-1.2631182901548437
long,1.0,1570,-0.683266868419134
long,1.0,1571,-0.9885318995538149
long,1.0,1572,-1.110031746418339
long,1.0,1573,-0.8795786016154564
long,1.0,1574,-0.6247206406691787
long,1.0,1575,-0.8999415819743138
long,1.0,1576,-0.9046798154499597
long,1.0,1577,-0.9275489670196768
long,1.0,1578,-0.7284445646746915
long,1.0,1579,-0.8942673159716078
long,1.0,1580,-1.1223288759018195
long,1.0,1581,-0.8250405967206047
long,1.0,1582,-1.1451475609301116
long,1.0,1583,-1.106385062981957
long,1.0,1584,-0.9133883391950023
long,1.0,1585,-1.1283761883271315
long,1.0,1586,-0.7258034948356936
long,1.0,1587,-0.9193072815140073
long,1.0,1588,-0.9647938158436896
long,1.0,1589,-1.1304378263363535
long,1.0,1590,-1.0870767090134916
long,1.0,1591,-0.884036336320844
long,1.0,1592,-0.8355379609798375
long,1.0,1593,-0.6822435939444629
long,1.0,1594,-1.0183000655075323
long,1.0,1595,-0.5003981275618462
long,1.0,1596,-0.8107402746080056
long,1.0,1597,-0.9708691298024692
long,1.0,1598,-0.7636252042361766
long,1.0,1599,-0.7525601182325871
long,1.0,1600,-0.8507232626837514
long,1.0,1601,-0.5238056390425024
long,1.0,1602,-1.0219019341622912
long,1.0,1603,-0.6542127065344621
long,1.0,1604,-0.9308525476209429
long,1.0,1605,-0.9297672062157769
long,1.0,1606,-0.9571987303706763
long,1.0,1607,-1.0054637188688915
long,1.0,1608,-0.7354964528492499
long,1.0,1609,-0.7851970051835754
long,1.0,1610,-0.7797770433106525
long,1.0,1611,-0.9235192729153262
long,1.0,1612,-1.0517889220844316
long,1.0,1613,-0.7959765254165445
long,1.0,1614,-0.9815780027371093
long,1.0,1615,-0.7591110257623708
long,1.0,1616,-0.6720548428815484
long,1.0,1617,-1.0310067089556154
long,1.0,1618,-0.7003713878553136
long,1.0,1619,-0.8421645938326262
long,1.0,1620,-1.1807958387828514
long,1.0,1621,-1.0355896694915911
long,1.0,1622,-1.0220696758579035
long,1.0,1623,-0.9332537111081598
long,1.0,1624,-0.8149809978763374
long,1.0,1625,-0.876077011148622
long,1.0,1626,-1.3823200519380505
long,1.0,1627,-0.7239821522359927
long,1.0,1628,-0.8228248043116725
long,1.0,1629,-0.887037977662487
long,1.0,1630,-1.1432767585747714
long,1.0,1631,-0.5432706468836114
long,1.0,1632,-1.2042283244844652
long,1.0,1633,-1.0172823167965093
long,1.0,1634,-0.8407278136900046
long,1.0,1635,-0.8387693709235744
long,1.0,1636,-0.8646600668825589
long,1.0,1637,-0.8471566589753498
long,1.0,1638,-1.0006209717747698
long,1.0,1639,-0.7848091298787022
long,1.0,1640,-0.8699519340603342
long,1.0,1641,-0.8352100103459336
long,1.0,1642,-1.1761870964655112
long,1.0,1643,-1.007025598386198
long,1.0,1644,-1.0640087940746963
long,1.0,1645,-0.955041284072046
long,1.0,1646,-1.112871352110961
long,1.0,1647,-1.1300328336580918
long,1.0,1648,-0.6923201366064213
long,1.0,1649,-0.8789149215945888
long,1.0,1650,-0.7115294126299796
long,1.0,1651,-1.0035090284481063
long,1.0,1652,-0.7466590749868486
long,1.0,1653,-0.8337287571973304
long,1.0,1654,-0.8615819519157089
long,1.0,1655,-1.0369131722727272
long,1.0,1656,-0.7763316496889903
long,1.0,1657,-0.2911098228225325
long,1.0,1658,-1.1009738978058388
long,1.0,1659,-0.8033214376348975
long,1.0,1660,-0.918327383321062
long,1.0,1661,-1.1103350723096257
long,1.0,1662,-0.8285742584199879
long,1.0,1663,-0.9981357894457189
long,1.0,1664,-0.9048483986729239
long,1.0,1665,-1.0240039794761324
long,1.0,1666,-1.2205164656837515
long,1.0,1667,-0.8888164780985311
long,1.0,1668,-0.6970359480507923
long,1.0,1669,-1.1405906056795692
long,1.0,1670,-0.9978555782817923
long,1.0,1671,-1.0549940806532097
long,1.0,1672,-0.844744802247386
long,1.0,1673,-0.6607570317180705
long,1.0,1674,-0.9988619810657365
long,1.0,1675,-0.7340194855645172
long,1.0,1676,-0.9380688344077233
long,1.0,1677,-0.9644466107125159
long,1.0,1678,-1.0073958014081865
long,1.0,1679,-0.7715466133009907
long,1.0,1680,-0.8988533742847625
long,1.0,1681,-0.9661207413284219
long,1.0,1682,-0.9471192249091852
long,1.0,1683,-1.027388397396939
long,1.0,1684,-1.184084314093568
long,1.0,1685,-1.3795268165611128
long,1.0,1686,-1.0511057947577014
long,1.0,1687,-1.0793908176113967
long,1.0,1688,-1.0768146385902815
long,1.0,1689,-0.7336802960436533
long,1.0,1690,-0.837176629514616
long,1.0,1691,-1.1557095565289348
long,1.0,1692,-0.9196789161975665
long,1.0,1693,-1.208560904116815
long,1.0,1694,-1.100535515632625
long,1.0,1695,-0.8922691541948993
long,1.0,1696,-0.9643738546343613
long,1.0,1697,-0.8137222186448421
long,1.0,1698,-0.8885391149642221
long,1.0,1699,-0.5033780479368013
long,1.0,1700,-0.46856262798658027
long,1.0,1701,-0.9015362854733039
long,1.0,1702,-0.9173093653306353
long,1.0,1703,-0.7841860407810087
long,1.0,1704,-0.9700071800033803
long,1.0,1705,-0.8270787167793784
long,1.0,1706,-1.1739751223966846
long,1.0,1707,-0.8962126050368682
long,1.0,1708,-1.0120217349290683
long,1.0,1709,-1.1429626779828075
long,1.0,1710,-0.6081218973983894
long,1.0,1711,-0.8523894854969599
long,1.0,1712,-0.8553597852305919
long,1.0,1713,-0.6971519283966495
long,1.0,1714,-1.0735377308992684
long,1.0,1715,-0.909259904351957
long,1.0,1716,-0.8861647704839759
long,1.0,1717,-0.9504219002706027
long,1.0,1718,-1.1674600344000745
long,1.0,1719,-0.7705235287346521
long,1.0,1720,-1.0531127182665763
long,1.0,1721,-1.0956761710911531
long,1.0,1722,-0.9643082652428343
long,1.0,1723,-1.0397357319351335
long,1.0,1724,-0.7949823236473762
long,1.0,1725,-1.2813380269386279
long,1.0,1726,-0.5292134132948136
long,1.0,1727,-1.2702612680451255
long,1.0,1728,-0.7182089174545433
long,1.0,1729,-0.8629349651762882
long,1.0,1730,-0.7649666374440636
long,1.0,1731,-0.7329003992219189
long,1.0,1732,-1.0743212206408783
long,1.0,1733,-0.9716486095665791
long,1.0,1734,-1.1764866556263196
long,1.0,1735,-1.1209023599445698
long,1.0,1736,-1.0340576079945332
long,1.0,1737,-0.8609031033235922
long,1.0,1738,-0.8206132767984855
long,1.0,1739,-1.0569129068357037
long,1.0,1740,-0.8914397103036676
long,1.0,1741,-0.8279233570599955
long,1.0,1742,-0.8257654547343598
long,1.0,1743,-0.9437478957673442
long,1.0,1744,-0.7668669846287057
long,1.0,1745,-0.9203207389429647
long,1.0,1746,-1.0257773973478939
long,1.0,1747,-0.9787039282684987
long,1.0,1748,-0.8196702566670161
long,1.0,1749,-1.2355406777604694
long,1.0,1750,-0.7058155571377339
long,1.0,1751,-0.8423448473732554
long,1.0,1752,-0.7931628396488993
long,1.0,1753,-0.9221982443635645
long,1.0,1754,-1.1147198099348967
long,1.0,1755,-1.2071425464677978
long,1.0,1756,-0.8467799317984251
long,1.0,1757,-0.679006827971991
long,1.0,1758,-0.8943787989406285
long,1.0,1759,-0.6636795332735791
long,1.0,1760,-0.9684197418647222
long,1.0,1761,-0.7373743310545294
long,1.0,1762,-0.8017758893843382
long,1.0,1763,-1.0354288387758135
long,1.0,1764,-1.0268393991893618
long,1.0,1765,-0.8279226443847816
long,1.0,1766,-1.2782689398285865
long,1.0,1767,-0.8510327788115243
long,1.0,1768,-1.149876050903701
long,1.0,1769,-0.8199149121388334
long,1.0,1770,-0.8730567366828346
long,1.0,1771,-0.946805877820353
long,1.0,1772,-0.881139373295622
long,1.0,1773,-0.8282503891001932
long,1.0,1774,-1.494081524517358
long,1.0,1775,-1.113138145157023
long,1.0,1776,-0.5917882773984645
long,1.0,1777,-0.6579143651458923
long,1.0,1778,-0.7594633735421472
long,1.0,1779,-0.7943496783695269
long,1.0,1780,-1.3091710337077775
long,1.0,1781,-1.0435462162648874
long,1.0,1782,-0.7850784204069751
long,1.0,1783,-0.8359706548892649
long,1.0,1784,-0.73190412877111
long,1.0,1785,-1.0281993881712377
long,1.0,1786,-1.0013023100807283
long,1.0,1787,-1.0411220505472094
long,1.0,1788,-1.0133381525653724
long,1.0,1789,-0.9055940561186645
long,1.0,1790,-0.9136041935501855
long,1.0,1791,-0.9923683931666517
long,1.0,1792,-1.1963660555608504
long,1.0,1793,-0.8902163354094611
long,1.0,1794,-0.43146042598541623
long,1.0,1795,-0.8793065115750758
long,1.0,1796,-0.6604505354744094
long,1.0,1797,-0.9644683730948257
long,1.0,1798,-0.8295925753448931
long,1.0,1799,-1.0797832249090065
long,1.0,1800,-0.8092661064795708
long,1.0,1801,-0.9823545940213091
long,1.0,1802,-0.8818182164191252
long,1.0,1803,-0.5392160823705795
long,1.0,1804,-0.8695620149724544
long,1.0,1805,-1.1609491403629344
long,1.0,1806,-0.6994622866860629
long,1.0,1807,-0.8241591010582594
long,1.0,1808,-1.1812155757409246
long,1.0,1809,-0.8272474768262643
long,1.0,1810,-0.7721675435967622
long,1.0,1811,-0.5910451036813051
long,1.0,1812,-0.5981686912491229
long,1.0,1813,-1.047964642097589
long,1.0,1814,-1.0245231486944908
long,1.0,1815,-1.1700489758739527
long,1.0,1816,-1.1829232726625303
long,1.0,1817,-0.8740393009074502
long,1.0,1818,-0.8422869912341489
long,1.0,1819,-1.020150868752762
long,1.0,1820,-0.861775410047299
long,1.0,1821,-1.0109141532136994
long,1.0,1822,-1.1187804884901404
long,1.0,1823,-1.093738098202422
long,1.0,1824,-1.076261123484463
long,1.0,1825,-0.3081690641721098
long,1.0,1826,-0.8557435555083505
long,1.0,1827,-1.0086290291736095
long,1.0,1828,-0.8277801489167089
long,1.0,1829,-0.6970300087319116
long,1.0,1830,-1.0138239882457878
long,1.0,1831,-0.9395147706476197
long,1.0,1832,-0.7804519518536857
long,1.0,1833,-1.0538870684007728
long,1.0,1834,-0.9181869409622503
long,1.0,1835,-0.9435939711457483
long,1.0,1836,-0.7914019045609428
long,1.0,1837,-1.1029260873660753
long,1.0,1838,-0.7911627048656764
long,1.0,1839,-0.9757795075772384
long,1.0,1840,-1.2362729526193135
long,1.0,1841,-0.55237795810619
long,1.0,1842,-0.5813728825943031
long,1.0,1843,-1.481839300023726
long,1.0,1844,-0.9584863035486406
long,1.0,1845,-0.8983895433745779
long,1.0,1846,-0.8945956774847462
long,1.0,1847,-0.9316795759882315
long,1.0,1848,-0.9315297583420461
long,1.0,1849,-1.4232423442115338
long,1.0,1850,-1.1980912829267862
long,1.0,1851,-0.9838380859922023
long,1.0,1852,-1.193506778594489
long,1.0,1853,-0.9064495277646695
long,1.0,1854,-0.9625513073096501
long,1.0,1855,-0.4391497610563815
long,1.0,1856,-1.0624112575886089
long,1.0,1857,-1.00479935351629
long,1.0,1858,-1.438732304494196
long,1.0,1859,-0.9906482025815121
long,1.0,1860,-0.9744805671068654
long,1.0,1861,-0.6058056222237703
long,1.0,1862,-0.5898513644439852
long,1.0,1863,-1.2682589434533418
long,1.0,1864,-0.9128442922977923
long,1.0,1865,-0.6618515635466297
long,1.0,1866,-1.0012169277651306
long,1.0,1867,-0.6416115578964282
long,1.0,1868,-0.9395061867865611
long,1.0,1869,-0.9456250032962105
long,1.0,1870,-0.9491042184418681
long,1.0,1871,-0.7506598884870177
long,1.0,1872,-0.6263384990892316
long,1.0,1873,-0.5618554202422689
long,1.0,1874,-0.7161044919201194
long,1.0,1875,-0.757239203893236
long,1.0,1876,-0.6443252424978526
long,1.0,1877,-0.8317462248182799
long,1.0,1878,-1.2727657141930804
long,1.0,1879,-1.0422421322346989
long,1.0,1880,-0.992743695569655
long,1.0,1881,-0.6158525059407237
long,1.0,1882,-1.3800416253764956
long,1.0,1883,-0.7560278793133672
long,1.0,1884,-1.0120006123991774
long,1.0,1885,-0.9450989130130443
long,1.0,1886,-0.7417902365053892
long,1.0,1887,-0.7521543154770399
long,1.0,1888,-0.9491276218365717
long,1.0,1889,-0.8897471722483726
long,1.0,1890,-0.6016392362077531
long,1.0,1891,-1.0955975409006056
long,1.0,1892,-1.1705473349183362
long,1.0,1893,-0.9120361833376412
long,1.0,1894,-0.73331015279662
long,1.0,1895,-0.9634096161899414
long,1.0,1896,-1.2110187169755031
long,1.0,1897,-0.9711593282722832
long,1.0,1898,-0.8731267630215113
long,1.0,1899,-0.8226881536875799
long,1.0,1900,-1.1447994905218442
long,1.0,1901,-0.7251547075184536
long,1.0,1902,-1.2467453846856023
long,1.0,1903,-0.8050811439889397
long,1.0,1904,-0.7250378319093546
long,1.0,1905,-1.2375729862503548
long,1.0,1906,-0.7548724610672103
long,1.0,1907,-1.206916925871398
long,1.0,1908,-0.9681038177964921
long,1.0,1909,-0.8531972597037011
long,1.0,1910,-1.3268625747758362
long,1.0,1911,-1.1876970387101344
long,1.0,1912,-0.6491429722731498
long,1.0,1913,-0.8276917858340949
long,1.0,1914,-0.9462663904778813
long,1.0,1915,-1.0553940624460065
long,1.0,1916,-0.9261772601030224
long,1.0,1917,-0.7503293980377806
long,1.0,1918,-1.13934109317148
long,1.0,1919,-1.2023059989598484
long,1.0,1920,-0.7371978954743936
long,1.0,1921,-0.944009104739269
long,1.0,1922,-0.6273299408516911
long,1.0,1923,-0.9215557280896833
long,1.0,1924,-1.088330777360213
long,1.0,1925,-1.125244493437689
long,1.0,1926,-1.0703093654654163
long,1.0,1927,-0.666973943646925
long,1.0,1928,-1.1257310244505927
long,1.0,1929,-1.0125247605600913
long,1.0,1930,-0.7969419643105032
long,1.0,1931,-1.0503459117816325
long,1.0,1932,-0.9808217455301143
long,1.0,1933,-0.6331055798508641
long,1.0,1934,-0.9079652733160195
long,1.0,1935,-0.7683081943748045
long,1.0,1936,-1.1046699812105025
long,1.0,1937,-1.0608022951289433
long,1.0,1938,-1.0219332290522982
long,1.0,1939,-0.9794918300330375
long,1.0,1940,-1.2043464204314984
long,1.0,1941,-0.7882852952131374
long,1.0,1942,-0.9640164881742891
long,1.0,1943,-1.0775556127667167
long,1.0,1944,-0.799728704921021
long,1.0,1945,-0.5771251687670298
long,1.0,1946,-0.7264920257792242
long,1.0,1947,-1.1731742305167183
long,1.0,1948,-0.7603587825206323
long,1.0,1949,-0.6840798066108283
long,1.0,1950,-0.9903078899329738
long,1.0,1951,-0.8357791731472622
long,1.0,1952,-0.7158497141322726
long,1.0,1953,-0.7792350869592721
long,1.0,1954,-1.053767125048254
long,1.0,1955,-0.8919204507003146
long,1.0,1956,-1.0104915946721607
long,1.0,1957,-0.8189253579418379
long,1.0,1958,-1.1170201929841963
long,1.0,1959,-0.6774450986070939
long,1.0,1960,-1.0635201515399244
long,1.0,1961,-0.7999167074411803
long,1.0,1962,-1.2148304953311926
long,1.0,1963,-0.8075550175511081
long,1.0,1964,-1.0538810778358676
long,1.0,1965,-1.0378641966675735
long,1.0,1966,-0.6530550230790018
long,1.0,1967,-0.9553564901486818
long,1.0,1968,-0.4978786873451413
long,1.0,1969,-0.8823891274955398
long,1.0,1970,-0.7821976482172838
long,1.0,1971,-1.0111420462203242
long,1.0,1972,-1.3379053724931127
long,1.0,1973,-0.7735245089921299
long,1.0,1974,-0.8411118822199083
long,1.0,1975,-0.6783493963043574
long,1.0,1976,-0.9871746992550514
long,1.0,1977,-0.9481821453789356
long,1.0,1978,-0.8740838731565915
long,1.0,1979,-0.7765652438897077
long,1.0,1980,-0.9085382968185591
long,1.0,1981,-1.0133231077872167
long,1.0,1982,-1.1435582865631875
long,1.0,1983,-1.2878027052819387
long,1.0,1984,-0.735233471360441
long,1.0,1985,-0.7827388415500622
long,1.0,1986,-0.8291804999920711
long,1.0,1987,-1.0883850565167013
long,1.0,1988,-0.6076501176063809
long,1.0,1989,-1.1058431555492527
long,1.0,1990,-1.0114265749917013
long,1.0,1991,-1.2521760451450532
long,1.0,1992,-0.7550817957038383
long,1.0,1993,-0.7848048933539559
long,1.0,1994,-0.8539120715298049
long,1.0,1995,-1.0808805982670746
long,1.0,1996,-1.0089291298451326
long,1.0,1997,-0.8403647007005738
long,1.0,1998,-0.6976252195085656
long,1.0,1999,-1.0152824720514773
long,1.1,0,-0.5942350051894806
long,1.1,1,-0.47601526250690834
long,1.1,2,-0.030385151964280176
long,1.1,3,-0.6301794121328126
long,1.1,4,-0.5084162538602117
long,1.1,5,-0.6104315266437168
long,1.1,6,-0.2469078568951093
long,1.1,7,-0.39262809952910505
long,1.1,8,-0.36478664129258787
long,1.1,9,-0.5055703344437398
long,1.1,10,-0.10892766579367799
long,1.1,11,-0.49168197442105965
long,1.1,12,-0.2891905373663058
long,1.1,13,-0.2787780794709135
long,1.1,14,-0.6266499403865082
long,1.1,15,-0.6917339457668216
long,1.1,16,-0.6707266822271992
long,1.1,17,-0.54888013162018
long,1.1,18,-0.3009143045107313
long,1.1,19,-0.2985018924155742
long,1.1,20,-0.6627649678154036
long,1.1,21,-0.3736269674845898
long,1.1,22,-0.49275480602397287
long,1.1,23,-0.3251162909597101
long,1.1,24,-0.32131676172891543
long,1.1,25,-0.8583498469546037
long,1.1,26,0.0010877625489654462
long,1.1,27,-0.2049279543270504
long,1.1,28,-0.5246729228656549
long,1.1,29,-0.5725743709447922
long,1.1,30,-0.6118195345227143
long,1.1,31,-0.6469542316631763
long,1.1,32,-0.37903055133849184
long,1.1,33,-0.20052544899614277
long,1.1,34,-0.6231022672229084
long,1.1,35,-0.47331325083167386
long,1.1,36,-0.49987128512504386
long,1.1,37,-0.6341674645157238
long,1.1,38,-0.2697309013957406
long,1.1,39,-0.5991344744917968
long,1.1,40,-0.6274978388287727
long,1.1,41,-0.8949234989152952
long,1.1,42,-0.6275169892630383
long,1.1,43,-0.6445393939516179
long,1.1,44,-1.0460771606341017
long,1.1,45,-0.6231609336150762
long,1.1,46,-0.24574713705181703
long,1.1,47,-0.8433322719762425
long,1.1,48,-0.6509824708365396
long,1.1,49,-0.5144808155455367
long,1.1,50,-0.5199802053164783
long,1.1,51,-0.4896402262911375
long,1.1,52,-0.3123607777283795
long,1.1,53,-0.9049827104700331
long,1.1,54,-0.7037712720052595
long,1.1,55,-0.864699400524814
long,1.1,56,-0.27729894920793147
long,1.1,57,-0.6087940605019562
long,1.1,58,-0.22045900396485626
long,1.1,59,-0.5189506083695606
long,1.1,60,-0.5777750930944927
long,1.1,61,-0.6680203521465491
long,1.1,62,-0.8748890375818389
long,1.1,63,-0.38326575301976723
long,1.1,64,-0.5730963731799734
long,1.1,65,-0.4390314239298563
long,1.1,66,-0.3979796460271448
long,1.1,67,-0.9356665637112316
long,1.1,68,-0.5052674002638929
long,1.1,69,-0.5283661408112549
long,1.1,70,-0.7019636847673185
long,1.1,71,-0.5420149507440731
long,1.1,72,-0.7886693239337274
long,1.1,73,-0.5826557782502114
long,1.1,74,-0.4526534093581414
long,1.1,75,-0.32497990961776824
long,1.1,76,-0.37955707652255355
long,1.1,77,-0.6211632059308065
long,1.1,78,-0.5642702868375645
long,1.1,79,-0.6699180812231941
long,1.1,80,-0.6209614826575917
long,1.1,81,-0.7713959576382344
long,1.1,82,-0.6013703967715343
long,1.1,83,-0.7138322431623997
long,1.1,84,-0.5508919083523499
long,1.1,85,-0.46641047003292563
long,1.1,86,-0.7722975224809698
long,1.1,87,-0.7646290956719681
long,1.1,88,-0.5054264035311509
long,1.1,89,-0.5545421919690129
long,1.1,90,-0.7311022955819444
long,1.1,91,-0.8930760495456813
long,1.1,92,-0.7072665012838729
long,1.1,93,-0.36275739479400165
long,1.1,94,-0.3879057029233134
long,1.1,95,-0.5909276324853444
long,1.1,96,-0.391337610127288
long,1.1,97,-0.2853014406865691
long,1.1,98,-0.30318284320522837
long,1.1,99,-0.4035392482984932
long,1.1,100,-0.4935062641354383
long,1.1,101,-0.7852985444221515
long,1.1,102,-0.6037182807287618
long,1.1,103,-0.49606882751060083
long,1.1,104,-0.6977469877286515
long,1.1,105,-0.7486409183461935
long,1.1,106,-0.8443173911444534
long,1.1,107,-0.4312920050504282
long,1.1,108,-0.610062499765031
long,1.1,109,-0.41799554792136323
long,1.1,110,-0.37805769845662074
long,1.1,111,-0.35981282571865997
long,1.1,112,-0.3469422205598928
long,1.1,113,-0.4729995712736574
long,1.1,114,-0.6454507404567138
long,1.1,115,-0.8585085748046142
long,1.1,116,-0.3733556353431994
long,1.1,117,-0.5810543796974206
long,1.1,118,-0.42939045163345235
long,1.1,119,-0.5890987790795718
long,1.1,120,-0.7608277424587573
long,1.1,121,-0.48223355501436177
long,1.1,122,-0.22487441630270316
long,1.1,123,-0.532896431439004
long,1.1,124,-0.6551922614640074
long,1.1,125,-0.23159181882514843
long,1.1,126,-0.3989845435302866
long,1.1,127,-0.22568753149743018
long,1.1,128,-0.6488900347441519
long,1.1,129,-0.36142659276970757
long,1.1,130,-0.6033469583556389
long,1.1,131,-0.46931611961272
long,1.1,132,-0.7986010209224468
long,1.1,133,-0.5962643935302885
long,1.1,134,-0.7773171314513845
long,1.1,135,-0.5540270521034633
long,1.1,136,-0.40880427007871334
long,1.1,137,-0.6423341434660833
long,1.1,138,-0.6067067499516288
long,1.1,139,-0.5729131301681281
long,1.1,140,-0.44454815720317536
long,1.1,141,-0.40167502962116947
long,1.1,142,-0.7400243371665334
long,1.1,143,-0.8172172694944729
long,1.1,144,-0.485077736538531
long,1.1,145,-0.9373678692652276
long,1.1,146,-0.4911717697500521
long,1.1,147,-0.26353327721712577
long,1.1,148,-0.5376937968925936
long,1.1,149,-0.45329810933340137
long,1.1,150,-0.6074780719578452
long,1.1,151,-0.21170346824685976
long,1.1,152,-0.797101105850658
long,1.1,153,-0.6099357883414385
long,1.1,154,-0.1500948584642205
long,1.1,155,-0.5942781144011045
long,1.1,156,-0.1138535522366719
long,1.1,157,-0.34967478394422674
long,1.1,158,-0.6787872082003953
long,1.1,159,-0.5817578913686334
long,1.1,160,-0.6576190542283973
long,1.1,161,-0.26575185389142125
long,1.1,162,-0.6097591665604326
long,1.1,163,-0.5561402863516277
long,1.1,164,-0.4826881018431475
long,1.1,165,-0.6739294938914135
long,1.1,166,-0.2173039272441345
long,1.1,167,-0.6049634511926966
long,1.1,168,-0.1671944726687663
long,1.1,169,0.22359420953847392
long,1.1,170,-0.17323278385232171
long,1.1,171,-0.5761487306912146
long,1.1,172,-0.7023675436503732
long,1.1,173,-0.5876054610876573
long,1.1,174,-0.5927657395966441
long,1.1,175,-0.20189903375023185
long,1.1,176,-0.6308259807348134
long,1.1,177,-0.43125731437749043
long,1.1,178,-0.6027184295391051
long,1.1,179,-0.6063466456155764
long,1.1,180,-0.3323497416946016
long,1.1,181,-0.4068932891217163
long,1.1,182,-0.9169772031834715
long,1.1,183,-0.15175974881207555
long,1.1,184,-0.3665179196128758
long,1.1,185,-0.2712827880942684
long,1.1,186,-0.6664896882507731
long,1.1,187,0.03848633370508195
long,1.1,188,-0.5621193493652004
long,1.1,189,-0.25106074626579894
long,1.1,190,-0.20660425212171293
long,1.1,191,-0.5602928137263635
long,1.1,192,-0.3021828725655378
long,1.1,193,-0.3542206355398179
long,1.1,194,-0.6760196317621214
long,1.1,195,0.3215461324410147
long,1.1,196,-0.6568477676911003
long,1.1,197,-0.620444462258998
long,1.1,198,-0.390873950238976
long,1.1,199,-0.7056465291409659
long,1.1,200,-0.7033705667864849
long,1.1,201,-0.5984361818232871
long,1.1,202,-0.6689651423953927
long,1.1,203,-0.574581198184805
long,1.1,204,-0.5003130912533839
long,1.1,205,-0.8279567728289627
long,1.1,206,-0.6181323593309731
long,1.1,207,-0.09959105116052866
long,1.1,208,-0.37929023650114374
long,1.1,209,-0.7181647723900145
long,1.1,210,-0.3122689570504694
long,1.1,211,-0.7778039522017481
long,1.1,212,-0.6257554240504803
long,1.1,213,-0.6445936270269531
long,1.1,214,0.01783209049319898
long,1.1,215,-0.5573465030949132
long,1.1,216,-0.9604922065686667
long,1.1,217,-0.604496163906087
long,1.1,218,-0.566306902611055
long,1.1,219,-0.5922857960948343
long,1.1,220,-0.6109845610241582
long,1.1,221,-0.29875828935749366
long,1.1,222,-0.7865199196712114
long,1.1,223,-0.5546037634276082
long,1.1,224,-0.21365199648925554
long,1.1,225,-0.5252637668243617
long,1.1,226,-0.46163811774831875
long,1.1,227,-0.5959362968487861
long,1.1,228,-0.12072419777334581
long,1.1,229,-0.30990535080527043
long,1.1,230,-0.7591484568685813
long,1.1,231,-0.6553994511458978
long,1.1,232,-0.8518267759680377
long,1.1,233,-0.1520631788198144
long,1.1,234,-0.29885751214917045
long,1.1,235,-0.6287188444148202
long,1.1,236,-0.5667014047193206
long,1.1,237,-0.5289916511299984
long,1.1,238,-0.6670411042554687
long,1.1,239,-0.4640922939385236
long,1.1,240,-0.7414803414160305
long,1.1,241,-0.5968822426751963
long,1.1,242,-0.6308903616259639
long,1.1,243,-0.4006515446746852
long,1.1,244,-0.19852634488997478
long,1.1,245,-0.5094375049602937
long,1.1,246,-0.7413152970840036
long,1.1,247,-0.33245228366728263
long,1.1,248,-0.7560043991106988
long,1.1,249,-0.025679842199135657
long,1.1,250,-0.47888477871038543
long,1.1,251,-0.5947224756771494
long,1.1,252,-0.4703316314711897
long,1.1,253,-0.4823619936433843
long,1.1,254,0.01598055110630643
long,1.1,255,-0.7917893981745304
long,1.1,256,-0.7147640636610033
long,1.1,257,-0.6887265057560158
long,1.1,258,-0.5706257257280372
long,1.1,259,-0.4090522712728916
long,1.1,260,-0.7024178257759421
long,1.1,261,-0.34873587783663207
long,1.1,262,-0.5364191307052001
long,1.1,263,-0.5946827521279668
long,1.1,264,-0.402904548009763
long,1.1,265,-0.21984105392710537
long,1.1,266,-0.7200428996471936
long,1.1,267,-0.4945674172351019
long,1.1,268,-0.32342401294885925
long,1.1,269,-0.5447526305541367
long,1.1,270,-0.8385353053319016
long,1.1,271,-0.48122403407805436
long,1.1,272,-0.7614482433192298
long,1.1,273,-0.22146052696075455
long,1.1,274,-0.7623122935767036
long,1.1,275,-0.44273487169809556
long,1.1,276,-0.4081538463415931
long,1.1,277,-0.47913592138755384
long,1.1,278,-0.37475934219121815
long,1.1,279,-0.8250140770302092
long,1.1,280,-0.5270324847774712
long,1.1,281,-0.6401090685723634
long,1.1,282,-0.19578681285687544
long,1.1,283,-0.830650229570228
long,1.1,284,-0.7684798059565013
long,1.1,285,-0.17627425183944678
long,1.1,286,-0.36782055165557126
long,1.1,287,-0.6852279390808474
long,1.1,288,-0.3311701826953525
long,1.1,289,-0.23909782448672104
long,1.1,290,-0.7242393558670605
long,1.1,291,-0.7337001690489067
long,1.1,292,-0.2955504652345354
long,1.1,293,0.007761392061557854
long,1.1,294,-0.7628000138183726
long,1.1,295,-0.7122601199283783
long,1.1,296,-0.6519522177469498
long,1.1,297,-0.4707738938479601
long,1.1,298,-0.5541705231835737
long,1.1,299,-0.5642709381301082
long,1.1,300,-0.40634933135434015
long,1.1,301,-0.5739570762483833
long,1.1,302,-0.1639711780540333
long,1.1,303,-0.10210929291921116
long,1.1,304,-0.9181414641807731
long,1.1,305,-0.29689936511113485
long,1.1,306,-0.20749149137155679
long,1.1,307,-0.36123690816621146
long,1.1,308,-0.42619451981162165
long,1.1,309,-0.3311948515952468
long,1.1,310,-0.2726355996602277
long,1.1,311,-0.8335799274220907
long,1.1,312,-0.18156094158496094
long,1.1,313,-0.16989295821059464
long,1.1,314,-0.8571665276700489
long,1.1,315,-0.34475377309361366
long,1.1,316,-0.7326675809804872
long,1.1,317,-0.6845621057063577
long,1.1,318,-0.15809011830077407
long,1.1,319,-0.8212282566749184
long,1.1,320,-0.00893000071679105
long,1.1,321,0.05719762985085518
long,1.1,322,-0.5773798530899719
long,1.1,323,0.09242046058690279
long,1.1,324,-0.5068817072867999
long,1.1,325,-0.5625648068327754
long,1.1,326,-0.29004367088957395
long,1.1,327,-0.6084649870556661
long,1.1,328,-0.5181689135764672
long,1.1,329,-0.5680921143773177
long,1.1,330,-0.30817183729135816
long,1.1,331,-0.46250414985606914
long,1.1,332,-0.6559548775269082
long,1.1,333,-0.6586966915291935
long,1.1,334,-0.7422150697782042
long,1.1,335,-0.5542595137336627
long,1.1,336,-0.28725826104279206
long,1.1,337,-0.617846218783334
long,1.1,338,-0.7443342099875904
long,1.1,339,-0.23234021527390653
long,1.1,340,-0.5890940629649369
long,1.1,341,-0.4128564353962971
long,1.1,342,-0.46397392723282754
long,1.1,343,0.02640974410500563
long,1.1,344,-0.7585593175610336
long,1.1,345,-0.6424070352150208
long,1.1,346,-0.6943493885007387
long,1.1,347,-0.7449417817455264
long,1.1,348,-0.2663496533468014
long,1.1,349,-0.5534426522707047
long,1.1,350,-0.4084106581713779
long,1.1,351,-0.6258183970019131
long,1.1,352,-0.7418769073452669
long,1.1,353,-0.0938933010544568
long,1.1,354,-0.4205670977697271
long,1.1,355,0.06538431045175166
long,1.1,356,-0.7155682528137446
long,1.1,357,-0.7732697668507017
long,1.1,358,-0.781448801946283
long,1.1,359,-0.4794304992769948
long,1.1,360,-0.8539558950427644
long,1.1,361,-0.753021410481086
long,1.1,362,-1.0407335484044657
long,1.1,363,-0.583261659138899
long,1.1,364,-0.6363565647871445
long,1.1,365,-0.8579372156342144
long,1.1,366,-0.4200485867833227
long,1.1,367,-0.37455945920008843
long,1.1,368,-0.026025284718180178
long,1.1,369,-1.0244000291749336
long,1.1,370,-0.693276993986617
long,1.1,371,-0.6996786898133124
long,1.1,372,-0.23165082281738117
long,1.1,373,-0.14325564981350325
long,1.1,374,-0.35415083342362147
long,1.1,375,-0.5079841490563913
long,1.1,376,-0.102103701973134
long,1.1,377,-0.564218939385822
long,1.1,378,-0.7427216564886886
long,1.1,379,-0.611632999145819
long,1.1,380,-0.540053578206677
long,1.1,381,-0.3890066025405486
long,1.1,382,-0.5446981234297197
long,1.1,383,-0.7156020420032465
long,1.1,384,-0.5150240711711311
long,1.1,385,-0.4916347152727068
long,1.1,386,-0.3321027179410113
long,1.1,387,-0.2976432009749497
long,1.1,388,-0.5400502416127106
long,1.1,389,-0.34013659098221594
long,1.1,390,-0.5853920024634164
long,1.1,391,-0.27429716226091616
long,1.1,392,-0.44040384989177994
long,1.1,393,-0.4247058758270094
long,1.1,394,-0.10720433411302199
long,1.1,395,-0.26621842522384337
long,1.1,396,-0.7404351256454975
long,1.1,397,-0.4027517594590028
long,1.1,398,-0.3379345762381282
long,1.1,399,-0.2249691843663415
long,1.1,400,-0.5924280186808422
long,1.1,401,-0.7251097291920431
long,1.1,402,-0.2953213505977942
long,1.1,403,-0.45171809997116524
long,1.1,404,-0.04121790529028479
long,1.1,405,-0.6224833898031171
long,1.1,406,-0.49105607078354613
long,1.1,407,-0.6259624750588736
long,1.1,408,-0.4136024837117348
long,1.1,409,-0.3700322671252606
long,1.1,410,-0.8440799818527231
long,1.1,411,-0.3613682589285486
long,1.1,412,-0.7493399615620705
long,1.1,413,-0.08698263303675596
long,1.1,414,-0.8669408028351535
long,1.1,415,-0.3812076381554491
long,1.1,416,-0.4899010481652372
long,1.1,417,-0.4197155516506104
long,1.1,418,-0.6497893025901921
long,1.1,419,-0.6058213309164521
long,1.1,420,-0.6011914779739421
long,1.1,421,-0.4068242714649075
long,1.1,422,-0.45428005949469746
long,1.1,423,-0.543827578314005
long,1.1,424,-0.7417593366399562
long,1.1,425,-0.5309399103144055
long,1.1,426,-0.7780758068598185
long,1.1,427,-0.7742166701555222
long,1.1,428,-0.5121897923329404
long,1.1,429,-0.7190293878559595
long,1.1,430,-0.39280939715557006
long,1.1,431,-0.4832161923062835
long,1.1,432,-0.5694956586196805
long,1.1,433,-0.26770748140346873
long,1.1,434,-0.8019651913004293
long,1.1,435,-0.6768856197919028
long,1.1,436,-0.7077942641403808
long,1.1,437,-0.7848822381030475
long,1.1,438,-0.7780372583056118
long,1.1,439,-0.43628451496538545
long,1.1,440,-0.49536048381646075
long,1.1,441,-0.5524039742121665
long,1.1,442,-0.5499002930258323
long,1.1,443,-0.14077042951105248
long,1.1,444,-0.5679093918374886
long,1.1,445,-0.41270572176130366
long,1.1,446,-0.16062915387405646
long,1.1,447,-0.37847995671653906
long,1.1,448,-0.4427140392329146
long,1.1,449,-0.35707855849337794
long,1.1,450,-0.777903801876412
long,1.1,451,-0.7134103128561388
long,1.1,452,-0.2639024676435886
long,1.1,453,-0.4691102546838163
long,1.1,454,-0.24562222302105727
long,1.1,455,-0.3764486035407051
long,1.1,456,-0.4359686298673123
long,1.1,457,-0.8395036403657965
long,1.1,458,-0.07160636698049973
long,1.1,459,-0.7691906679239994
long,1.1,460,-0.6466993142566203
long,1.1,461,-0.5677788064580239
long,1.1,462,-0.5918515481298329
long,1.1,463,-0.7736021314550771
long,1.1,464,-0.2111181565500251
long,1.1,465,-0.40092512877252123
long,1.1,466,-0.45023236595187194
long,1.1,467,-0.7108876467162645
long,1.1,468,-0.2197288617996592
long,1.1,469,0.03776196358716582
long,1.1,470,-0.1697006275415406
long,1.1,471,-0.1731514630018367
long,1.1,472,-0.8320225824527802
long,1.1,473,-0.6951655653176382
long,1.1,474,-0.3948249638136308
long,1.1,475,-0.1387831865634805
long,1.1,476,-0.6352518820550177
long,1.1,477,-0.2707475275225326
long,1.1,478,-0.6336491379597751
long,1.1,479,-0.6526855266723494
long,1.1,480,-0.6657362266649243
long,1.1,481,-0.40907387488941843
long,1.1,482,-0.43876146581489645
long,1.1,483,-0.3618529613890277
long,1.1,484,-0.6891464397227064
long,1.1,485,-0.8238223921311737
long,1.1,486,-0.28699668231045794
long,1.1,487,-0.4537439239427585
long,1.1,488,-0.6216035861996901
long,1.1,489,-0.2690719755040187
long,1.1,490,-0.12718087336762832
long,1.1,491,-0.1691914054567895
long,1.1,492,-0.3755561772640671
long,1.1,493,-0.6305708031984473
long,1.1,494,-0.5020106332245572
long,1.1,495,-0.32725934849763333
long,1.1,496,-0.6286809551226564
long,1.1,497,-0.3040297135189008
long,1.1,498,-0.30841814428207426
long,1.1,499,-0.6388482943375202
long,1.1,500,-0.34542033043799214
long,1.1,501,-0.3621222496220708
long,1.1,502,-0.4857188819136827
long,1.1,503,-0.5789288469055724
long,1.1,504,-0.43095209234994303
long,1.1,505,-0.1844659762624661
long,1.1,506,-1.0127625851356838
long,1.1,507,-0.45243323148544634
long,1.1,508,-0.28721180315977884
long,1.1,509,-0.5667662146119579
long,1.1,510,-0.292463139486835
long,1.1,511,-0.35914306164175974
long,1.1,512,-0.6510610296606298
long,1.1,513,-0.4130855670109257
long,1.1,514,-0.5575777781834115
long,1.1,515,-0.726686836362823
long,1.1,516,-0.345605428808772
long,1.1,517,-0.33758431570452924
long,1.1,518,-0.4101290142912026
long,1.1,519,-0.47929833959383716
long,1.1,520,-0.4674495451099835
long,1.1,521,-0.5000695789909348
long,1.1,522,-0.5523061187216287
long,1.1,523,-0.591601882272008
long,1.1,524,-0.6949056602751403
long,1.1,525,-0.47057492900745757
long,1.1,526,-0.4779687042512972
long,1.1,527,-0.3406338189392963
long,1.1,528,-0.9602162901321956
long,1.1,529,-0.42032719669502505
long,1.1,530,-0.7929843841449781
long,1.1,531,-0.24428886479343292
long,1.1,532,-0.21958055035914004
long,1.1,533,-0.6064157327237029
long,1.1,534,-0.26009410187408777
long,1.1,535,-0.8512354540147647
long,1.1,536,-0.7347721918182513
long,1.1,537,-0.5787434125678504
long,1.1,538,-0.14143753560788117
long,1.1,539,-0.3621556802896134
long,1.1,540,-0.7274173367521682
long,1.1,541,-0.5335273838906754
long,1.1,542,-0.7801132751628749
long,1.1,543,-0.7501247641759231
long,1.1,544,-0.5345298008756096
long,1.1,545,-0.5247222093070973
long,1.1,546,-0.46944582338697055
long,1.1,547,-0.6661942120617482
long,1.1,548,-0.49198279961231606
long,1.1,549,-0.730651250737189
long,1.1,550,-0.35458879314531766
long,1.1,551,-0.854378896252301
long,1.1,552,-0.2664545779177157
long,1.1,553,-0.360962327971672
long,1.1,554,-0.3722230609047741
long,1.1,555,-0.7953235114312257
long,1.1,556,-0.8169320318019374
long,1.1,557,-0.6835808849177124
long,1.1,558,-0.18728739872988032
long,1.1,559,-0.7538682380010685
long,1.1,560,-0.11531600474536953
long,1.1,561,-0.45120283886510515
long,1.1,562,-0.5774556372369304
long,1.1,563,-0.6663937900762829
long,1.1,564,-0.6641340878024259
long,1.1,565,-0.26895157485974047
long,1.1,566,-0.6775136081330142
long,1.1,567,-0.20545613193716095
long,1.1,568,-0.6168415479969823
long,1.1,569,-0.7251328215031714
long,1.1,570,-0.8682719766038137
long,1.1,571,-0.3479398552255222
long,1.1,572,-0.44871700519329727
long,1.1,573,-0.28121102350578103
long,1.1,574,-0.813812998348691
long,1.1,575,-0.6945295609072797
long,1.1,576,-0.6710631744981388
long,1.1,577,-0.28401839921287864
long,1.1,578,-0.7239115249130902
long,1.1,579,-0.5957758514242563
long,1.1,580,-0.43538743820481557
long,1.1,581,-0.4467292197564593
long,1.1,582,-0.6207084491333725
long,1.1,583,-0.615152164140088
long,1.1,584,-0.3379476826256579
long,1.1,585,-0.8545937510067564
long,1.1,586,-0.4913447523821055
long,1.1,587,-0.7041221049280887
long,1.1,588,-0.7242552307012693
long,1.1,589,-0.5556491950930592
long,1.1,590,-0.6704836108279871
long,1.1,591,-0.5996934322784893
long,1.1,592,-0.609730748599794
long,1.1,593,-0.3327727476055633
long,1.1,594,-0.5095468137212086
long,1.1,595,-0.569724217305729
long,1.1,596,-0.3774551798029903
long,1.1,597,-0.6192333065519882
long,1.1,598,-0.5063757740727279
long,1.1,599,-1.01922875109077
long,1.1,600,-0.7982817923723289
long,1.1,601,-0.3553832455821007
long,1.1,602,-0.43468282430293176
long,1.1,603,-0.4065030335568003
long,1.1,604,-0.8445219038549533
long,1.1,605,-0.7607199304982805
long,1.1,606,-0.6265339410230337
long,1.1,607,0.024039930801118024
long,1.1,608,-0.4184157444185558
long,1.1,609,-0.4863443945137973
long,1.1,610,-0.8250237204417082
long,1.1,611,-0.4992043550781337
long,1.1,612,-0.6927837825868864
long,1.1,613,-0.6909374639494574
long,1.1,614,-0.6293441475910989
long,1.1,615,-0.28336035604925947
long,1.1,616,-0.7130460784632268
long,1.1,617,-0.5462860048567979
long,1.1,618,-0.7020227885412006
long,1.1,619,-0.841195563939885
long,1.1,620,-0.34627434013446046
long,1.1,621,-0.23744464832701886
long,1.1,622,-0.39916793571769504
long,1.1,623,-0.3778477486144779
long,1.1,624,-0.3766254456241428
long,1.1,625,-0.649789421353213
long,1.1,626,-0.6177066239116623
long,1.1,627,0.12858550372871413
long,1.1,628,-0.19359380460244213
long,1.1,629,-0.9171656820791796
long,1.1,630,-0.6173755943493087
long,1.1,631,-0.6223388844635255
long,1.1,632,-0.492831049537549
long,1.1,633,-0.17208665916084032
long,1.1,634,-0.8237320550612952
long,1.1,635,-0.6000577012505606
long,1.1,636,-0.44854107900919066
long,1.1,637,-0.7599038413755439
long,1.1,638,-0.5366891547325124
long,1.1,639,-0.6416426971805638
long,1.1,640,-0.21951210177978756
long,1.1,641,-0.24162161820984743
long,1.1,642,-0.48374766836741967
long,1.1,643,-0.4968476778881305
long,1.1,644,-0.49580300047072945
long,1.1,645,-0.7080313181538295
long,1.1,646,-0.8995620200041088
long,1.1,647,-0.7658590948923143
long,1.1,648,-0.614982728400997
long,1.1,649,-0.7684990982623232
long,1.1,650,-0.7894497660280555
long,1.1,651,-0.3616120033889815
long,1.1,652,-0.3626697524215461
long,1.1,653,-0.2539927720818795
long,1.1,654,-0.42776722521331373
long,1.1,655,-0.7182428760649955
long,1.1,656,-0.236325814083664
long,1.1,657,-0.40444344389742803
long,1.1,658,-0.6762684716413423
long,1.1,659,-0.40960331394058824
long,1.1,660,-0.4375514485945923
long,1.1,661,-0.47056463595370923
long,1.1,662,-0.6285745384725824
long,1.1,663,-0.21755376351134312
long,1.1,664,-0.27459573905673124
long,1.1,665,-0.3814104374133368
long,1.1,666,-0.43318638048166036
long,1.1,667,-0.48505458342377644
long,1.1,668,-0.6282031696601381
long,1.1,669,-0.5326059865326782
long,1.1,670,-0.5000937447965614
long,1.1,671,-0.08386439012678261
long,1.1,672,-0.7180235774850785
long,1.1,673,-0.5762169824718315
long,1.1,674,-0.4185790388783056
long,1.1,675,-0.6504871622858053
long,1.1,676,-0.7755182352575728
long,1.1,677,-0.5441969289024696
long,1.1,678,-0.5906817958332816
long,1.1,679,-0.4557082796877612
long,1.1,680,-0.1611653045860752
long,1.1,681,-0.637281054243025
long,1.1,682,-0.6749301969194123
long,1.1,683,-0.07215185948093981
long,1.1,684,-0.43153833694387805
long,1.1,685,-0.6626023227444773
long,1.1,686,-0.6850213857471489
long,1.1,687,-0.42863081649463247
long,1.1,688,-1.0204069551880655
long,1.1,689,-0.8351811535768423
long,1.1,690,-0.5950097450723297
long,1.1,691,-0.6662672777934852
long,1.1,692,-0.6289036675496043
long,1.1,693,-0.44075091338975897
long,1.1,694,-0.5687957198926737
long,1.1,695,-0.500520949635314
long,1.1,696,-0.6632897049481159
long,1.1,697,-0.483920683689137
long,1.1,698,-0.6341591312032522
long,1.1,699,-0.3864919304216413
long,1.1,700,-0.2838078205399848
long,1.1,701,-0.5162502973613663
long,1.1,702,-1.0211336525915335
long,1.1,703,-0.4974926582457618
long,1.1,704,-0.4244758083859899
long,1.1,705,-0.46641164524811174
long,1.1,706,-0.8162749137469931
long,1.1,707,-0.7906920030619055
long,1.1,708,-0.9184374141714573
long,1.1,709,-0.35466159524490914
long,1.1,710,-0.5387693277659792
long,1.1,711,-0.4276701763080229
long,1.1,712,-0.7913428044026276
long,1.1,713,-0.40279566242969816
long,1.1,714,-0.48137901653589016
long,1.1,715,-0.3917102934134639
long,1.1,716,-0.1618974147096211
long,1.1,717,-0.5824713919390845
long,1.1,718,-0.8868142598565886
long,1.1,719,-0.6910286166135472
long,1.1,720,-0.6815291881492135
long,1.1,721,-0.38087420687146273
long,1.1,722,-0.6676785350004594
long,1.1,723,-0.728594382621982
long,1.1,724,-0.5243905208616421
long,1.1,725,-0.7483963531338761
long,1.1,726,-0.6789244293179935
long,1.1,727,-0.7780369756820623
long,1.1,728,-0.7438503734841581
long,1.1,729,-0.6816258017348644
long,1.1,730,-0.41729276257355546
long,1.1,731,-0.2360082058614043
long,1.1,732,-0.7815616397538174
long,1.1,733,-0.28185591901299223
long,1.1,734,-0.39396925299229996
long,1.1,735,-0.4105196163507046
long,1.1,736,-0.408703593435248
long,1.1,737,-0.6648967449410129
long,1.1,738,-0.4716097580201211
long,1.1,739,-0.4823576782365812
long,1.1,740,-0.7858257907257419
long,1.1,741,-0.6213197899287166
long,1.1,742,-0.7227887738838028
long,1.1,743,-0.4103172711725111
long,1.1,744,-0.4188437551304742
long,1.1,745,-0.1416764127414859
long,1.1,746,-0.27043349150728235
long,1.1,747,-0.46934879996070017
long,1.1,748,-0.5733621034643482
long,1.1,749,-0.5860664181003798
long,1.1,750,-0.44005462792844313
long,1.1,751,-0.8100223810290613
long,1.1,752,-0.4959806607283342
long,1.1,753,-0.4241234156094605
long,1.1,754,-0.5643707133384512
long,1.1,755,-0.3607917081180457
long,1.1,756,-0.3955253029104972
long,1.1,757,-0.6897354908355751
long,1.1,758,-0.37819124342933647
long,1.1,759,-0.3846047928797792
long,1.1,760,-0.9596483748189492
long,1.1,761,-0.250110847154618
long,1.1,762,-0.7810688910066937
long,1.1,763,-0.4632953420594077
long,1.1,764,-0.47672842964357803
long,1.1,765,-0.9362297439839964
long,1.1,766,-0.39950429226774464
long,1.1,767,-0.5836438744635449
long,1.1,768,-0.1467359965054802
long,1.1,769,-0.4698986414786622
long,1.1,770,-0.4630581542819343
long,1.1,771,-0.4262410959171199
long,1.1,772,-0.6213541687558779
long,1.1,773,-0.7249575974433753
long,1.1,774,-0.7018521509964358
long,1.1,775,-0.6017199696743577
long,1.1,776,-0.5776366829826693
long,1.1,777,-0.4116023239923952
long,1.1,778,-0.27809246847800656
long,1.1,779,-0.4071761685111718
long,1.1,780,-0.44153332299924836
long,1.1,781,-0.704611007622001
long,1.1,782,-0.5984457941712323
long,1.1,783,-0.08514911335849529
long,1.1,784,0.22269497647000075
long,1.1,785,-0.42756453143632545
long,1.1,786,-0.42542079804205307
long,1.1,787,-0.5258997736451193
long,1.1,788,-0.448038640369681
long,1.1,789,-0.6696095734150408
long,1.1,790,-0.6488965363475826
long,1.1,791,-0.83886716451835
long,1.1,792,-0.5652516341940429
long,1.1,793,-0.7225386090138018
long,1.1,794,-0.5427821205255543
long,1.1,795,-0.556974913454007
long,1.1,796,-0.3473850958071661
long,1.1,797,-0.6025266539056514
long,1.1,798,-0.39875438147515807
long,1.1,799,-0.6494455168757656
long,1.1,800,-0.42110478786227223
long,1.1,801,-1.0911333300426354
long,1.1,802,-0.564244988686232
long,1.1,803,-0.8063756209159783
long,1.1,804,-0.6124630034597012
long,1.1,805,-0.7830210835558528
long,1.1,806,-0.3588199703616096
long,1.1,807,-0.3653541503178265
long,1.1,808,-0.5814545446670709
long,1.1,809,-0.7356315555853566
long,1.1,810,-0.36100998850027194
long,1.1,811,0.22099585610934855
long,1.1,812,-0.04216149352850238
long,1.1,813,-0.6385996262640413
long,1.1,814,-0.6114157898544623
long,1.1,815,-0.7659234209066703
long,1.1,816,-0.7125703571161438
long,1.1,817,-0.8605342480955485
long,1.1,818,-0.2694517311252871
long,1.1,819,-0.4150518526510674
long,1.1,820,-0.36611992012725586
long,1.1,821,-0.8423596742644777
long,1.1,822,-0.736290095173664
long,1.1,823,-0.616079844907245
long,1.1,824,-0.617630271057843
long,1.1,825,-0.29040477887394145
long,1.1,826,-0.6865997301424163
long,1.1,827,-0.7886386167204815
long,1.1,828,-0.6869922613127601
long,1.1,829,-0.27478163194595523
long,1.1,830,-0.8213589693411971
long,1.1,831,-0.5700959556062595
long,1.1,832,-0.5408034835309714
long,1.1,833,-0.7539721165896143
long,1.1,834,-0.8282615030801542
long,1.1,835,-0.621703520664923
long,1.1,836,-0.8836241374006206
long,1.1,837,-0.38701899408543217
long,1.1,838,-0.36814264714409795
long,1.1,839,-0.5819643903001107
long,1.1,840,-0.7798394606910758
long,1.1,841,-0.07578919631983347
long,1.1,842,-0.5428574709078462
long,1.1,843,-0.5992831303416871
long,1.1,844,-0.7976095963608993
long,1.1,845,-0.5334834846726914
long,1.1,846,-0.34888333104735303
long,1.1,847,-0.8618627787382005
long,1.1,848,-0.7724543472729113
long,1.1,849,-0.10978049590812403
long,1.1,850,-0.4997613670707326
long,1.1,851,-0.3561038915935041
long,1.1,852,-0.7994535669092638
long,1.1,853,-0.6688783722551634
long,1.1,854,-0.39105566479029935
long,1.1,855,-0.37365400108627345
long,1.1,856,-0.5669504729366678
long,1.1,857,-0.49704653794911846
long,1.1,858,-0.5207882160009708
long,1.1,859,-0.5062336854526246
long,1.1,860,-0.5986879668079547
long,1.1,861,-0.6040053107252277
long,1.1,862,-0.6524432855901717
long,1.1,863,-0.5007806949545179
long,1.1,864,-0.5849680450743107
long,1.1,865,-0.3759900239534554
long,1.1,866,-0.5836723309895463
long,1.1,867,-0.5512984053861868
long,1.1,868,-0.484148831767816
long,1.1,869,-0.5179231517998163
long,1.1,870,-0.43735360957108155
long,1.1,871,-0.320520651674447
long,1.1,872,-0.43298010617451804
long,1.1,873,-0.5044692195850936
long,1.1,874,-0.4585406247237985
long,1.1,875,-0.45100426801611787
long,1.1,876,-0.09453923268302365
long,1.1,877,-0.8342222272195084
long,1.1,878,-0.7594166809996893
long,1.1,879,-0.8428864445636846
long,1.1,880,-0.7933688883379807
long,1.1,881,-0.4396674836021168
long,1.1,882,-0.07164810527222998
long,1.1,883,-0.8533794936396932
long,1.1,884,-0.4654655870121987
long,1.1,885,-0.6098495033471906
long,1.1,886,-0.3830014629166809
long,1.1,887,-0.4815399943126111
long,1.1,888,-0.4733680389883032
long,1.1,889,-0.3791869851016386
long,1.1,890,-0.353462191271871
long,1.1,891,-0.3208634400167444
long,1.1,892,-0.3916208720162541
long,1.1,893,-0.6211662695986895
long,1.1,894,-0.42185906231556775
long,1.1,895,-0.45196767335322435
long,1.1,896,-0.2542377999878133
long,1.1,897,-0.2979043449172052
long,1.1,898,-0.2391899845180593
long,1.1,899,-0.7245562983430821
long,1.1,900,-0.5623562148030204
long,1.1,901,-0.8006264655351335
long,1.1,902,-0.1710019246821048
long,1.1,903,-0.6346786324455601
long,1.1,904,-0.6274819783037396
long,1.1,905,-0.10490512694525365
long,1.1,906,-0.41679846289930184
long,1.1,907,-0.21161541917053167
long,1.1,908,-0.36935797173340174
long,1.1,909,-0.25814394317437445
long,1.1,910,-0.3361592977434659
long,1.1,911,-0.6786506600670682
long,1.1,912,-0.7787074590266749
long,1.1,913,-0.0877209264591258
long,1.1,914,-0.5997376257812808
long,1.1,915,-0.738992132126565
long,1.1,916,-0.5930065016058403
long,1.1,917,0.10653373762279064
long,1.1,918,-0.4562407232282496
long,1.1,919,-0.7544292792695363
long,1.1,920,-0.5645216015054094
long,1.1,921,-0.4521121397096619
long,1.1,922,-0.8222353805956135
long,1.1,923,-0.8101048891369373
long,1.1,924,-0.7418549068607178
long,1.1,925,-0.34850208463987026
long,1.1,926,-0.9553678981160652
long,1.1,927,-0.5250533602760707
long,1.1,928,-0.08290449188965199
long,1.1,929,-0.6658239516964771
long,1.1,930,-0.3635645542595008
long,1.1,931,-0.30998901802842777
long,1.1,932,-0.2825795930044749
long,1.1,933,-0.4400158373915626
long,1.1,934,-0.6842699251168353
long,1.1,935,-0.6306604802550845
long,1.1,936,-0.12973083133337185
long,1.1,937,-0.7481311616196958
long,1.1,938,-0.655703101204987
long,1.1,939,-0.3398436675758255
long,1.1,940,-0.672106107932536
long,1.1,941,-0.6191871709605358
long,1.1,942,-0.6564253428333268
long,1.1,943,-0.8442853935660948
long,1.1,944,-0.6721790334646714
long,1.1,945,-0.5943193034856267
long,1.1,946,-0.6494887301333371
long,1.1,947,-0.33459384128749725
long,1.1,948,-0.3964289059465538
long,1.1,949,-0.5575085116861987
long,1.1,950,-0.6339396458519436
long,1.1,951,-0.20078826338511907
long,1.1,952,-0.6154232730952583
long,1.1,953,-0.9374551775850339
long,1.1,954,-0.6697307765844817
long,1.1,955,-0.7343770715881037
long,1.1,956,-0.3469282136889068
long,1.1,957,-0.6222853835518058
long,1.1,958,0.04168096491486015
long,1.1,959,-0.3160174205278602
long,1.1,960,-0.6321287019361622
long,1.1,961,-0.6601601811568838
long,1.1,962,-0.5911797801317914
long,1.1,963,-0.32936895281659173
long,1.1,964,-0.41949805647949
long,1.1,965,-0.09899594917368457
long,1.1,966,-0.1490430034297526
long,1.1,967,-0.5193203476043936
long,1.1,968,-0.5561608763950273
long,1.1,969,-0.45304211351974133
long,1.1,970,-0.33633140648862375
long,1.1,971,-0.7354089803234082
long,1.1,972,-0.647580933124986
long,1.1,973,-0.5183499037428106
long,1.1,974,-0.4839657134973021
long,1.1,975,-0.6092522455570333
long,1.1,976,-0.5524762960636356
long,1.1,977,-0.47015175326843534
long,1.1,978,-0.6945177813671112
long,1.1,979,-0.59481257668985
long,1.1,980,-0.8040942120514563
long,1.1,981,-0.6172656677377623
long,1.1,982,-0.5355031949348096
long,1.1,983,-0.5527000518952742
long,1.1,984,-0.37881033083439186
long,1.1,985,-0.3189240726113235
long,1.1,986,-0.531599177612116
long,1.1,987,-0.4866254972294211
long,1.1,988,-0.3234112642174208
long,1.1,989,-0.49510142907667276
long,1.1,990,-0.5373733473544136
long,1.1,991,-0.49545692352449755
long,1.1,992,-0.7818332835839796
long,1.1,993,-0.41897180112637794
long,1.1,994,-0.22455475660658797
long,1.1,995,-0.7572035214265165
long,1.1,996,-0.45950595497662333
long,1.1,997,-0.32907799173179303
long,1.1,998,-0.5479477567825085
long,1.1,999,-0.21006028988836092
long,1.1,1000,-0.5473019164601813
long,1.1,1001,-0.6902403495950605
long,1.1,1002,-0.6503920527826001
long,1.1,1003,-0.44565701254019197
long,1.1,1004,-0.9427794038664784
long,1.1,1005,-0.6603914569296921
long,1.1,1006,-0.5412140117481324
long,1.1,1007,-0.5586656069185214
long,1.1,1008,-0.7402578196378198
long,1.1,1009,-0.5411252994386604
long,1.1,1010,-0.9282089449248699
long,1.1,1011,-0.4619945855473053
long,1.1,1012,-0.7088186813561101
long,1.1,1013,-0.34109487421028933
long,1.1,1014,-0.8204189179136518
long,1.1,1015,-0.7469362597356778
long,1.1,1016,-0.5701020508505054
long,1.1,1017,-0.12781741173234726
long,1.1,1018,0.0782227025269345
long,1.1,1019,-0.7963915620146811
long,1.1,1020,-0.06719742600848169
long,1.1,1021,-0.8643952143533018
long,1.1,1022,-0.5500510067236973
long,1.1,1023,-0.3805426237772592
long,1.1,1024,-0.5326473904700108
long,1.1,1025,-0.30505688971895195
long,1.1,1026,-0.7484787443784728
long,1.1,1027,-0.2067425476221535
long,1.1,1028,-0.23509206176548222
long,1.1,1029,0.03681428620101958
long,1.1,1030,-0.29981824138158697
long,1.1,1031,-0.6533115881837342
long,1.1,1032,-0.6557350814911999
long,1.1,1033,-0.361856065641631
long,1.1,1034,-0.7798889807632723
long,1.1,1035,-0.5142207333759049
long,1.1,1036,-0.5535051274492032
long,1.1,1037,-0.6705891984226656
long,1.1,1038,-0.6651486694276091
long,1.1,1039,-0.5864780642924069
long,1.1,1040,-0.8573827263396229
long,1.1,1041,-0.9057358544602222
long,1.1,1042,-0.5995214426768982
long,1.1,1043,-0.5570168638881423
long,1.1,1044,-0.6744802939156976
long,1.1,1045,-0.5307488900333203
long,1.1,1046,-0.7134349380685078
long,1.1,1047,-0.8738220703643259
long,1.1,1048,-0.8837772521408304
long,1.1,1049,-0.5898536366188293
long,1.1,1050,-0.2840804169465369
long,1.1,1051,-0.41593995342243817
long,1.1,1052,-0.5164294683204714
long,1.1,1053,-0.3808993005270745
long,1.1,1054,-0.5835668301729099
long,1.1,1055,-0.5486763818733237
long,1.1,1056,-0.8633670899030891
long,1.1,1057,-0.49752571509491716
long,1.1,1058,0.004080247339230922
long,1.1,1059,-0.6227407046181669
long,1.1,1060,-0.3725079739942923
long,1.1,1061,-0.1565269232943102
long,1.1,1062,-0.12113789195770892
long,1.1,1063,-0.7086067525904758
long,1.1,1064,-0.6938970130460291
long,1.1,1065,-0.8039030867893754
long,1.1,1066,-0.5827941339411573
long,1.1,1067,-0.6946338044696975
long,1.1,1068,-1.0479698819540668
long,1.1,1069,-0.8414166903558346
long,1.1,1070,-0.7733224684592155
long,1.1,1071,-0.5872780875517173
long,1.1,1072,-0.6704074488930711
long,1.1,1073,-0.3909672612322155
long,1.1,1074,-0.9172850017935897
long,1.1,1075,-0.29718540800713455
long,1.1,1076,-0.31939596102855683
long,1.1,1077,-0.051844188391420964
long,1.1,1078,-0.6366158854647774
long,1.1,1079,-0.4237989815692581
long,1.1,1080,-0.7202180813491007
long,1.1,1081,-0.3777818326681004
long,1.1,1082,-0.770177735121242
long,1.1,1083,-0.5339613783189919
long,1.1,1084,-0.7404162745204179
long,1.1,1085,-0.4562721170124583
long,1.1,1086,-1.019238862603412
long,1.1,1087,-0.6052785179895326
long,1.1,1088,-0.42238300590515426
long,1.1,1089,-0.6416695836284959
long,1.1,1090,-0.6021097741606223
long,1.1,1091,-0.6649476510393313
long,1.1,1092,-0.6233158370986398
long,1.1,1093,-0.4510798196599149
long,1.1,1094,-0.6211442014824996
long,1.1,1095,-0.393169944739526
long,1.1,1096,-0.7356370084758069
long,1.1,1097,0.05153225141664431
long,1.1,1098,-0.4448658050990213
long,1.1,1099,-0.363538648184776
long,1.1,1100,-0.9459792611627259
long,1.1,1101,-0.08842543867223154
long,1.1,1102,-0.46658553340045134
long,1.1,1103,-0.20806866220329964
long,1.1,1104,-0.32451559435380706
long,1.1,1105,-0.45205852620335235
long,1.1,1106,-0.5627117579531119
long,1.1,1107,-0.745048746801498
long,1.1,1108,-0.7235606787521075
long,1.1,1109,-0.5471507488430111
long,1.1,1110,-0.3275594063341251
long,1.1,1111,-0.3478878116282769
long,1.1,1112,-0.07522782838443164
long,1.1,1113,-0.47156868890356485
long,1.1,1114,-0.6741685391392673
long,1.1,1115,-0.43952003910472565
long,1.1,1116,-0.5071504315506532
long,1.1,1117,-0.8745677957056603
long,1.1,1118,-0.4804618275470925
long,1.1,1119,-0.4955988964616928
long,1.1,1120,-0.207629710501111
long,1.1,1121,-0.4824923078729777
long,1.1,1122,-0.30290435164517676
long,1.1,1123,-0.5957245277029588
long,1.1,1124,-0.8232325664137179
long,1.1,1125,-0.3707011825103299
long,1.1,1126,-0.9611526661317549
long,1.1,1127,-0.3823765052887727
long,1.1,1128,-0.27473940459236706
long,1.1,1129,-0.7366295830160137
long,1.1,1130,-0.21047011540615376
long,1.1,1131,-0.6833389776993272
long,1.1,1132,-0.5536205908397894
long,1.1,1133,-0.5695077743343236
long,1.1,1134,-0.15225397522728468
long,1.1,1135,-0.29197419064627783
long,1.1,1136,-0.41911728246392327
long,1.1,1137,-0.7878080291993638
long,1.1,1138,-0.4162102533434963
long,1.1,1139,-0.44864556362376923
long,1.1,1140,-0.8350706455643542
long,1.1,1141,-0.5008666655513443
long,1.1,1142,-0.46873299613625924
long,1.1,1143,-0.5664954838682149
long,1.1,1144,-0.7840555287791706
long,1.1,1145,-0.1299541108200241
long,1.1,1146,-0.6973769262339952
long,1.1,1147,-0.598828791659606
long,1.1,1148,-0.3723342896640051
long,1.1,1149,-0.6606099764110862
long,1.1,1150,-0.5750743774132809
long,1.1,1151,-0.6615093831748373
long,1.1,1152,-0.9024574526140281
long,1.1,1153,-0.247108567501756
long,1.1,1154,-0.33756448797803373
long,1.1,1155,-0.5427832099524951
long,1.1,1156,-0.5907631931140032
long,1.1,1157,-0.38308259875152634
long,1.1,1158,-0.5486885614007729
long,1.1,1159,-0.14087678187246674
long,1.1,1160,-0.7605613313733904
long,1.1,1161,-0.6367788289859878
long,1.1,1162,-0.12973907279738933
long,1.1,1163,-0.7049329070352439
long,1.1,1164,-0.6058045756103773
long,1.1,1165,-0.49806193668329846
long,1.1,1166,-0.557436279003675
long,1.1,1167,-0.6297255852924601
long,1.1,1168,-0.616981661078705
long,1.1,1169,-0.1923333573707917
long,1.1,1170,-0.6060781070789591
long,1.1,1171,-0.6013025150882996
long,1.1,1172,-0.8491317827446403
long,1.1,1173,-0.14746788399392996
long,1.1,1174,-0.2916817993206302
long,1.1,1175,-0.5723833615390319
long,1.1,1176,-0.7847572026963153
long,1.1,1177,-0.2404384769632596
long,1.1,1178,-0.3069795007365934
long,1.1,1179,-0.41667360879117266
long,1.1,1180,-0.4704135729555465
long,1.1,1181,-0.6564515326734465
long,1.1,1182,-0.48022650156071234
long,1.1,1183,-0.6002108322179197
long,1.1,1184,-0.44051300319986025
long,1.1,1185,-0.31784047230106827
long,1.1,1186,-0.908422413456906
long,1.1,1187,-0.4905294863601457
long,1.1,1188,-0.5135561291350622
long,1.1,1189,-0.45496180534228164
long,1.1,1190,-0.25043286513863633
long,1.1,1191,-0.6865064296803646
long,1.1,1192,-0.5042993403959735
long,1.1,1193,-0.3511360071483071
long,1.1,1194,-0.5673185547304244
long,1.1,1195,-0.22128810142705113
long,1.1,1196,-0.03625413940815772
long,1.1,1197,-0.002823156950243335
long,1.1,1198,-0.3318196554701629
long,1.1,1199,-0.5542794958492938
long,1.1,1200,-0.5325457373716225
long,1.1,1201,-0.5710514156836343
long,1.1,1202,-0.6398194290510701
long,1.1,1203,-0.6170062835612573
long,1.1,1204,-0.5056990957100118
long,1.1,1205,-0.568799052829182
long,1.1,1206,-0.7228904400643172
long,1.1,1207,-0.7570871250192331
long,1.1,1208,-0.6719373417150621
long,1.1,1209,-0.3738888061368025
long,1.1,1210,-0.5322962132702073
long,1.1,1211,-0.5965891733017463
long,1.1,1212,-0.44166518347879463
long,1.1,1213,-0.2093780925231911
long,1.1,1214,-0.45525053525513354
long,1.1,1215,-0.9460939475136049
long,1.1,1216,-0.8634728636632352
long,1.1,1217,-0.3726797455186543
long,1.1,1218,-0.6923063941174535
long,1.1,1219,-0.7409403410169464
long,1.1,1220,-0.4338692326295566
long,1.1,1221,-0.559824634980419
long,1.1,1222,-0.5851635100099472
long,1.1,1223,-0.23984798590578135
long,1.1,1224,-0.5970684470028987
long,1.1,1225,-0.5911504134802823
long,1.1,1226,-0.7156570810600913
long,1.1,1227,-0.5585173008759055
long,1.1,1228,-0.42004934816170375
long,1.1,1229,-0.7788341409672569
long,1.1,1230,-0.33759890276994686
long,1.1,1231,-0.22703619896190974
long,1.1,1232,-0.864485946969511
long,1.1,1233,-0.3136822205160975
long,1.1,1234,-0.5794690317785218
long,1.1,1235,-0.36162865037289543
long,1.1,1236,-0.3458812699126554
long,1.1,1237,-0.4902562790216635
long,1.1,1238,-0.3664174514364326
long,1.1,1239,-0.6315061281558608
long,1.1,1240,-0.4355481679966638
long,1.1,1241,-0.6188413827111126
long,1.1,1242,-0.36740232379252785
long,1.1,1243,-0.5994833639980727
long,1.1,1244,-0.3884376240328228
long,1.1,1245,-0.3314976146385009
long,1.1,1246,-0.4732693068822865
long,1.1,1247,-0.18070081964909782
long,1.1,1248,-0.6297220854492557
long,1.1,1249,-0.577023868723836
long,1.1,1250,-0.7522587315897705
long,1.1,1251,-0.526994321579227
long,1.1,1252,-0.525795325699526
long,1.1,1253,-0.24650734969049215
long,1.1,1254,-0.6388769533703237
long,1.1,1255,-0.5504815231241167
long,1.1,1256,-0.5425918007039074
long,1.1,1257,-0.3891123674653061
long,1.1,1258,-0.6645082849625178
long,1.1,1259,-0.6918309831116779
long,1.1,1260,-0.6423479611736088
long,1.1,1261,-0.6959605151011469
long,1.1,1262,-0.5121902848126731
long,1.1,1263,-0.585821893571525
long,1.1,1264,-0.4525211086197347
long,1.1,1265,-0.5155061921485783
long,1.1,1266,-0.7642840735818706
long,1.1,1267,-0.7101749257171794
long,1.1,1268,-0.5658952407591005
long,1.1,1269,-0.7579189899198792
long,1.1,1270,-0.5741481497432627
long,1.1,1271,-0.53264541647182
long,1.1,1272,-0.4259952279222261
long,1.1,1273,-0.4740838865208736
long,1.1,1274,-0.7505607011217478
long,1.1,1275,-0.5805018751464547
long,1.1,1276,-0.7051974803025802
long,1.1,1277,-0.6942717769664667
long,1.1,1278,-0.6975247512680932
long,1.1,1279,-0.5140528273449159
long,1.1,1280,-0.7305529421029628
long,1.1,1281,-0.4658159828923443
long,1.1,1282,-0.42667370549248473
long,1.1,1283,-0.6802606128498695
long,1.1,1284,-0.5706099580793687
long,1.1,1285,-0.8333121791895691
long,1.1,1286,-0.44241658018464597
long,1.1,1287,-0.30170926093607764
long,1.1,1288,-0.5001099063704352
long,1.1,1289,-0.6085083621406426
long,1.1,1290,-0.3493039169673962
long,1.1,1291,-0.5545298923214544
long,1.1,1292,-0.8591420355230134
long,1.1,1293,-0.3875400272469633
long,1.1,1294,-0.6271660925861355
long,1.1,1295,-0.5251895705391628
long,1.1,1296,-0.5862022037018428
long,1.1,1297,-0.6152398928280717
long,1.1,1298,-0.6431948213577849
long,1.1,1299,-0.2856764082037897
long,1.1,1300,0.12379728300646972
long,1.1,1301,-0.6587130630019808
long,1.1,1302,-0.5960774933667762
long,1.1,1303,-0.5372870692557866
long,1.1,1304,-0.3669103354707721
long,1.1,1305,-0.8559364832481651
long,1.1,1306,-0.6537150660595211
long,1.1,1307,-0.1443902156481594
long,1.1,1308,-0.16811872773200856
long,1.1,1309,-0.28582857971855935
long,1.1,1310,-0.7931780262595546
long,1.1,1311,-0.6856590477023151
long,1.1,1312,-0.5230513968287129
long,1.1,1313,-0.6875076128994895
long,1.1,1314,-0.4301947028813961
long,1.1,1315,-0.39549188024324633
long,1.1,1316,-0.6671163051112907
long,1.1,1317,-0.22319153198683486
long,1.1,1318,-0.7453302516952122
long,1.1,1319,-0.7465120291073177
long,1.1,1320,-0.6756635728960249
long,1.1,1321,-0.5649662884598721
long,1.1,1322,-0.4555769439754045
long,1.1,1323,-0.17757983790654397
long,1.1,1324,-0.601206057803444
long,1.1,1325,-0.5673215193707974
long,1.1,1326,-0.3720175656301328
long,1.1,1327,-0.28103885393969974
long,1.1,1328,-0.4155332559192913
long,1.1,1329,-0.9183066332430344
long,1.1,1330,-0.46714792016544054
long,1.1,1331,-0.09194651187730801
long,1.1,1332,-0.5406421676619831
long,1.1,1333,-0.6136740494262145
long,1.1,1334,-0.32573426466876837
long,1.1,1335,-0.5968283156195613
long,1.1,1336,-0.7770748365011819
long,1.1,1337,-0.7244531874712193
long,1.1,1338,-0.5011432979608313
long,1.1,1339,-0.5387875002428456
long,1.1,1340,-0.6848170069713078
long,1.1,1341,-0.5538577367715846
long,1.1,1342,-0.7030128467856606
long,1.1,1343,-0.842481460615886
long,1.1,1344,-0.5536910885176212
long,1.1,1345,-0.6490333345512056
long,1.1,1346,-0.5257434424331938
long,1.1,1347,-0.34059114951416786
long,1.1,1348,-0.45144875804999485
long,1.1,1349,-0.7331420036784544
long,1.1,1350,-0.4426118240534225
long,1.1,1351,-0.590341688049734
long,1.1,1352,-0.5257019085095981
long,1.1,1353,-0.3528354787969695
long,1.1,1354,-0.4584109029000992
long,1.1,1355,-0.7686576225652281
long,1.1,1356,-0.6356132752088559
long,1.1,1357,0.36772114935376565
long,1.1,1358,0.13640897575352923
long,1.1,1359,-0.7348900063953847
long,1.1,1360,-0.56375812277458
long,1.1,1361,-0.5369921570387535
long,1.1,1362,-0.4339859563348292
long,1.1,1363,-0.5471887447364296
long,1.1,1364,-0.631897255825551
long,1.1,1365,-0.5406872525641858
long,1.1,1366,-0.36673943994117547
long,1.1,1367,-0.36248627351798085
long,1.1,1368,-0.19387375809668767
long,1.1,1369,-0.020672329891216045
long,1.1,1370,-0.5877561340832521
long,1.1,1371,-0.26336084895119866
long,1.1,1372,-0.02466841562592783
long,1.1,1373,-0.2146434639144229
long,1.1,1374,-0.33664400980760195
long,1.1,1375,-0.6661850298910502
long,1.1,1376,-0.7708451788792848
long,1.1,1377,-0.9117840285882987
long,1.1,1378,-0.4748972265476359
long,1.1,1379,-0.6017000480036913
long,1.1,1380,-0.735115060691211
long,1.1,1381,-0.5312367007941166
long,1.1,1382,-0.3148461568631825
long,1.1,1383,-0.6511478665024337
long,1.1,1384,-0.3641485949154371
long,1.1,1385,-0.5618651956627495
long,1.1,1386,-0.7128453053647137
long,1.1,1387,-0.6277090775592108
long,1.1,1388,0.1006454847959694
long,1.1,1389,-0.6773021918211707
long,1.1,1390,-0.5323338564678298
long,1.1,1391,-0.46556462939528853
long,1.1,1392,-0.5206010850475873
long,1.1,1393,-0.6481633514504475
long,1.1,1394,-0.7085479710344456
long,1.1,1395,-0.23418693941608712
long,1.1,1396,-0.36615838143053964
long,1.1,1397,-0.2070694020324143
long,1.1,1398,-0.9874941838897884
long,1.1,1399,-0.6235255573700743
long,1.1,1400,-0.3715808029449189
long,1.1,1401,-0.7081583359673977
long,1.1,1402,-0.38462409809862885
long,1.1,1403,-0.5889709140147915
long,1.1,1404,-0.6729728611350613
long,1.1,1405,-0.41774226235009587
long,1.1,1406,-0.15786649057402538
long,1.1,1407,-0.266299832611724
long,1.1,1408,-0.34104386417479954
long,1.1,1409,-0.6323065158337203
long,1.1,1410,-0.7033754409675963
long,1.1,1411,-0.44746818620750634
long,1.1,1412,-0.7234799275481573
long,1.1,1413,-0.13323545251176422
long,1.1,1414,-0.5834017421907591
long,1.1,1415,-0.519350901210071
long,1.1,1416,-0.22782542318135024
long,1.1,1417,-0.7895978581076488
long,1.1,1418,-0.6006449721570253
long,1.1,1419,-0.15627600822285265
long,1.1,1420,-0.4923921285973332
long,1.1,1421,-0.9600452908748998
long,1.1,1422,-0.07427845688234432
long,1.1,1423,-0.48193259573343455
long,1.1,1424,-0.7606965266988084
long,1.1,1425,-0.607699396021996
long,1.1,1426,-0.06153073422186771
long,1.1,1427,-0.40393112736469367
long,1.1,1428,-0.341056065569061
long,1.1,1429,-0.49917144374322203
long,1.1,1430,-0.6345809428172199
long,1.1,1431,-0.6905818809329397
long,1.1,1432,-0.4984834860309101
long,1.1,1433,-0.20366284276678587
long,1.1,1434,-0.7281684941430155
long,1.1,1435,-0.1453058913415006
long,1.1,1436,-0.7371972679104645
long,1.1,1437,-0.46843562072049866
long,1.1,1438,-0.6298962409750282
long,1.1,1439,-0.5211410646552691
long,1.1,1440,-0.05337541718199862
long,1.1,1441,-0.31550165433223676
long,1.1,1442,-0.6225437788447727
long,1.1,1443,-0.4682875437996745
long,1.1,1444,-0.8782408249391629
long,1.1,1445,-0.6882040918352387
long,1.1,1446,-0.47898664347110076
long,1.1,1447,-0.5769441260941541
long,1.1,1448,-0.19687414950958287
long,1.1,1449,-0.6493385233181207
long,1.1,1450,-0.5565781831174119
long,1.1,1451,-0.6263737251277397
long,1.1,1452,-0.5432924818356979
long,1.1,1453,-0.28686514437954286
long,1.1,1454,-0.7323275084957005
long,1.1,1455,-0.1471829232713096
long,1.1,1456,-0.416553399393722
long,1.1,1457,-0.5806799046055322
long,1.1,1458,-0.40574609383616717
long,1.1,1459,-0.6589922882911727
long,1.1,1460,-0.5715889287652534
long,1.1,1461,-0.8732478912455269
long,1.1,1462,-0.6541463655660575
long,1.1,1463,-0.5663025920013209
long,1.1,1464,-0.3016951166672949
long,1.1,1465,-0.15341544814523433
long,1.1,1466,-0.6844876201368729
long,1.1,1467,-0.5847027194533069
long,1.1,1468,-0.630620338917743
long,1.1,1469,-0.3575821255699415
long,1.1,1470,-0.587798781417724
long,1.1,1471,-0.7599728850232145
long,1.1,1472,-0.36930206504357815
long,1.1,1473,-0.5435564045606159
long,1.1,1474,-0.8659887320169756
long,1.1,1475,-0.5752200162177562
long,1.1,1476,-0.182873909682859
long,1.1,1477,-0.799420827337343
long,1.1,1478,-0.7044833728215609
long,1.1,1479,-0.7727105482790262
long,1.1,1480,-0.24247154625969922
long,1.1,1481,-0.512391363696021
long,1.1,1482,-0.6955574606781624
long,1.1,1483,-0.5383192532541029
long,1.1,1484,-0.8962383803488291
long,1.1,1485,-0.46349454204567536
long,1.1,1486,-0.5828623472197383
long,1.1,1487,-0.6764552105595389
long,1.1,1488,-0.589921135998156
long,1.1,1489,-0.3046639862668616
long,1.1,1490,-0.7160512336914717
long,1.1,1491,-0.5843027680755599
long,1.1,1492,-0.9119462730855562
long,1.1,1493,-0.4878896601106816
long,1.1,1494,-0.5142707305675042
long,1.1,1495,-0.1125536211020643
long,1.1,1496,-0.343480712999421
long,1.1,1497,-0.8689339075141189
long,1.1,1498,-0.7056496572833305
long,1.1,1499,-0.6593025310453746
long,1.1,1500,-0.7445792401153188
long,1.1,1501,-0.4386251723680308
long,1.1,1502,-0.5367062782218035
long,1.1,1503,-0.3982778157804918
long,1.1,1504,-0.1741817514444357
long,1.1,1505,-0.6268047479669073
long,1.1,1506,-0.4535687810317791
long,1.1,1507,0.0028444425655195322
long,1.1,1508,-0.37555603788031605
long,1.1,1509,-0.4279892470853003
long,1.1,1510,-0.7946438446117574
long,1.1,1511,-0.46886675315488247
long,1.1,1512,-0.4944965827907534
long,1.1,1513,-0.46484356514954467
long,1.1,1514,-0.7376409255494595
long,1.1,1515,-0.4617762386143307
long,1.1,1516,-0.6748305391757946
long,1.1,1517,-0.8358595817682988
long,1.1,1518,-0.32307700276510204
long,1.1,1519,-0.44743323328422496
long,1.1,1520,-0.35198971597382905
long,1.1,1521,-0.3192049446193945
long,1.1,1522,-0.6310244573852897
long,1.1,1523,-0.5417542848698577
long,1.1,1524,-0.34870626247877196
long,1.1,1525,-0.22300022653152607
long,1.1,1526,-0.5027245445205573
long,1.1,1527,-0.46691862192031847
long,1.1,1528,-0.5752010639563278
long,1.1,1529,-0.7856229931369142
long,1.1,1530,-0.4902464794207704
long,1.1,1531,-0.15329175956688404
long,1.1,1532,-0.4269714636891172
long,1.1,1533,-0.505142597786311
long,1.1,1534,-0.31186366960520384
long,1.1,1535,-0.5751759231792634
long,1.1,1536,-0.7123646213920987
long,1.1,1537,-0.22495519434386993
long,1.1,1538,-0.38178859188303493
long,1.1,1539,-0.47084809033256647
long,1.1,1540,-0.5546661384452056
long,1.1,1541,-0.5322731410099465
long,1.1,1542,-0.8344942572860145
long,1.1,1543,-0.8663473344835917
long,1.1,1544,0.1578540441773495
long,1.1,1545,-0.8413342458122811
long,1.1,1546,-0.5881764667105602
long,1.1,1547,-0.6828897840408802
long,1.1,1548,-0.4381046618375564
long,1.1,1549,-0.42943134894783563
long,1.1,1550,-0.06450730825457046
long,1.1,1551,-0.509359677014881
long,1.1,1552,-0.4551046646037179
long,1.1,1553,-0.8192974642739791
long,1.1,1554,-0.4375199013719211
long,1.1,1555,-0.7544871647776035
long,1.1,1556,-0.6607020813743898
long,1.1,1557,-0.5136157729634695
long,1.1,1558,-0.43456097286456535
long,1.1,1559,-0.6244530920548167
long,1.1,1560,-0.6177615798012537
long,1.1,1561,-0.3674927871384817
long,1.1,1562,-0.7893681155606126
long,1.1,1563,-0.7056599682467998
long,1.1,1564,-0.5249627130107677
long,1.1,1565,-0.662131817966324
long,1.1,1566,-0.727755450679648
long,1.1,1567,-0.5650753057944263
long,1.1,1568,-0.5819747487685093
long,1.1,1569,-0.7817018628671507
long,1.1,1570,-0.145450342703726
long,1.1,1571,-0.624993329758514
long,1.1,1572,-0.6550945458578176
long,1.1,1573,-0.4126123005138123
long,1.1,1574,-0.06842785174325183
long,1.1,1575,-0.5181905046196658
long,1.1,1576,-0.4908653442386498
long,1.1,1577,-0.5508881589950664
long,1.1,1578,-0.3739386659608476
long,1.1,1579,-0.5124656395919295
long,1.1,1580,-0.762051544791054
long,1.1,1581,-0.2688732430184582
long,1.1,1582,-0.742784689774044
long,1.1,1583,-0.6884545648870315
long,1.1,1584,-0.6094666905255911
long,1.1,1585,-0.6759667863747117
long,1.1,1586,-0.4026381196457153
long,1.1,1587,-0.562641441711211
long,1.1,1588,-0.567309834723185
long,1.1,1589,-0.7291361458148704
long,1.1,1590,-0.6413203474685563
long,1.1,1591,-0.5263495411198907
long,1.1,1592,-0.5433933115877799
long,1.1,1593,-0.34203619576028926
long,1.1,1594,-0.550653748211532
long,1.1,1595,0.021860777140915624
long,1.1,1596,-0.4858966639119105
long,1.1,1597,-0.5924235640876863
long,1.1,1598,-0.463400327123416
long,1.1,1599,-0.3760984415047467
long,1.1,1600,-0.5188679726975132
long,1.1,1601,0.18280650954508362
long,1.1,1602,-0.5728607519464951
long,1.1,1603,-0.2950077670992312
long,1.1,1604,-0.5651928248954362
long,1.1,1605,-0.6344077907334975
long,1.1,1606,-0.6447721880911785
long,1.1,1607,-0.6874983034618246
long,1.1,1608,-0.2839251093267729
long,1.1,1609,-0.4951882144818987
long,1.1,1610,-0.14478458616745585
long,1.1,1611,-0.5757926069218473
long,1.1,1612,-0.6081014783277239
long,1.1,1613,-0.34006771125301793
long,1.1,1614,-0.6150792654264053
long,1.1,1615,-0.3134015253105918
long,1.1,1616,-0.317856432836532
long,1.1,1617,-0.6076803760868867
long,1.1,1618,-0.32804862391673273
long,1.1,1619,-0.2799251209788351
long,1.1,1620,-0.8928750946630221
long,1.1,1621,-0.7300133468066937
long,1.1,1622,-0.7396491690998808
long,1.1,1623,-0.6427071766976742
long,1.1,1624,-0.5014051519241823
long,1.1,1625,-0.5777197001599431
long,1.1,1626,-0.9472468874472353
long,1.1,1627,-0.1400840491651915
long,1.1,1628,-0.4550513595092835
long,1.1,1629,-0.5360425293429152
long,1.1,1630,-0.6759793265536713
long,1.1,1631,-0.13184761062109415
long,1.1,1632,-0.7698641875638698
long,1.1,1633,-0.5662378323829026
long,1.1,1634,-0.3050314747611246
long,1.1,1635,-0.3834010403853498
long,1.1,1636,-0.5212529805186092
long,1.1,1637,-0.5031304968635026
long,1.1,1638,-0.4901105149977247
long,1.1,1639,-0.4585980221836736
long,1.1,1640,-0.35835770844483184
long,1.1,1641,-0.4355730513084962
long,1.1,1642,-0.6390525591615468
long,1.1,1643,-0.6183873572789764
long,1.1,1644,-0.597821816725267
long,1.1,1645,-0.6302101776295645
long,1.1,1646,-0.7783735094808932
long,1.1,1647,-0.6461995935875173
long,1.1,1648,-0.32154354592060186
long,1.1,1649,-0.4028042037355783
long,1.1,1650,-0.33272273798374336
long,1.1,1651,-0.714729177731647
long,1.1,1652,-0.4302388279872449
long,1.1,1653,-0.33709602457386795
long,1.1,1654,-0.5138147699830172
long,1.1,1655,-0.7410119632815741
long,1.1,1656,-0.24919362976842377
long,1.1,1657,0.19573722872973218
long,1.1,1658,-0.677715114785361
long,1.1,1659,-0.28994526375600255
long,1.1,1660,-0.54694560442697
long,1.1,1661,-0.6628410925410814
long,1.1,1662,-0.3656760849260857
long,1.1,1663,-0.6861089658436303
long,1.1,1664,-0.5756943435612657
long,1.1,1665,-0.7418505892284525
long,1.1,1666,-0.8389306687915412
long,1.1,1667,-0.5065578523861413
long,1.1,1668,-0.3224906981114937
long,1.1,1669,-0.6144331070854336
long,1.1,1670,-0.42146313394210294
long,1.1,1671,-0.6941136263640413
long,1.1,1672,-0.40378876242814116
long,1.1,1673,-0.2267882440951248
long,1.1,1674,-0.7425693181278966
long,1.1,1675,-0.3667624349639744
long,1.1,1676,-0.5491422189555816
long,1.1,1677,-0.6155200289609086
long,1.1,1678,-0.5948650733097679
long,1.1,1679,-0.2294926584363084
long,1.1,1680,-0.5552545146242891
long,1.1,1681,-0.5463006324909668
long,1.1,1682,-0.5431976103803002
long,1.1,1683,-0.7016849480558753
long,1.1,1684,-0.9091971348995987
long,1.1,1685,-0.8883818161010896
long,1.1,1686,-0.6603200746998378
long,1.1,1687,-0.7853703004879019
long,1.1,1688,-0.6767841854505621
long,1.1,1689,-0.3332161910356163
long,1.1,1690,-0.4241262526285694
long,1.1,1691,-0.6969970258309712
long,1.1,1692,-0.5709213067642461
long,1.1,1693,-0.6848305001891237
long,1.1,1694,-0.6422322425269285
long,1.1,1695,-0.48578828483670916
long,1.1,1696,-0.5229955498301522
long,1.1,1697,-0.5015501120918004
long,1.1,1698,-0.5413970321955538
long,1.1,1699,0.02686640052082243
long,1.1,1700,0.08372159429533158
long,1.1,1701,-0.4629304652508537
long,1.1,1702,-0.5572136115326959
long,1.1,1703,-0.5111486295633613
long,1.1,1704,-0.6395801698886155
long,1.1,1705,-0.5208730063950766
long,1.1,1706,-0.7353977324146762
long,1.1,1707,-0.46778796032431325
long,1.1,1708,-0.661167260764309
long,1.1,1709,-0.762430572370518
long,1.1,1710,-0.11947230106910066
long,1.1,1711,-0.4794140257910825
long,1.1,1712,-0.45801353926267074
long,1.1,1713,-0.220548259840679
long,1.1,1714,-0.8197295291210528
long,1.1,1715,-0.3156863845651224
long,1.1,1716,-0.5394437501126943
long,1.1,1717,-0.5819506484963054
long,1.1,1718,-0.7744810707350598
long,1.1,1719,-0.2817678934387726
long,1.1,1720,-0.7592193539626756
long,1.1,1721,-0.7496672639688999
long,1.1,1722,-0.6663891552167887
long,1.1,1723,-0.6037498560263362
long,1.1,1724,-0.4291706591375266
long,1.1,1725,-0.7489240612231273
long,1.1,1726,-0.1564402458602949
long,1.1,1727,-0.9980965756813486
long,1.1,1728,-0.36933046383025664
long,1.1,1729,-0.45815228454018836
long,1.1,1730,-0.31825524464240573
long,1.1,1731,-0.3752283749729277
long,1.1,1732,-0.7750396123177923
long,1.1,1733,-0.6608486479087716
long,1.1,1734,-0.8205070753628299
long,1.1,1735,-0.7537383839481788
long,1.1,1736,-0.6332160147445571
long,1.1,1737,-0.4384745398133514
long,1.1,1738,-0.5073532143202655
long,1.1,1739,-0.754508387224637
long,1.1,1740,-0.31994168714911736
long,1.1,1741,-0.47628267602771873
long,1.1,1742,-0.4865390477042668
long,1.1,1743,-0.575669532824847
long,1.1,1744,-0.43968354179988656
long,1.1,1745,-0.5813295702089085
long,1.1,1746,-0.6442628744932465
long,1.1,1747,-0.6098240935429086
long,1.1,1748,-0.4982641820541031
long,1.1,1749,-0.9026027218532099
long,1.1,1750,-0.31419148925438445
long,1.1,1751,-0.43903401958117927
long,1.1,1752,-0.49354741959028603
long,1.1,1753,-0.5049587441707534
long,1.1,1754,-0.740275198742144
long,1.1,1755,-0.8457557557002224
long,1.1,1756,-0.5401228994771499
long,1.1,1757,-0.370483763604308
long,1.1,1758,-0.5749120028458146
long,1.1,1759,-0.30107197901508964
long,1.1,1760,-0.6849912226208917
long,1.1,1761,-0.45508634169951373
long,1.1,1762,-0.28758981675250217
long,1.1,1763,-0.5074696571709827
long,1.1,1764,-0.6625127829545036
long,1.1,1765,-0.47974509809900506
long,1.1,1766,-1.0109185511494374
long,1.1,1767,-0.5368635001100356
long,1.1,1768,-0.8824635943453601
long,1.1,1769,-0.42780502330122255
long,1.1,1770,-0.5306729662932816
long,1.1,1771,-0.5621479168300989
long,1.1,1772,-0.3714829747032832
long,1.1,1773,-0.3683560208897512
long,1.1,1774,-1.0255884596834057
long,1.1,1775,-0.6186177362866814
long,1.1,1776,-0.2783695816453947
long,1.1,1777,-0.25689824887796364
long,1.1,1778,-0.4303071631999374
long,1.1,1779,-0.4677514814099852
long,1.1,1780,-0.8322312508272364
long,1.1,1781,-0.6786055393390609
long,1.1,1782,-0.36593350890690124
long,1.1,1783,-0.5140759160075048
long,1.1,1784,-0.40221847764949825
long,1.1,1785,-0.6373615709661161
long,1.1,1786,-0.6575209341308672
long,1.1,1787,-0.6990747175722596
long,1.1,1788,-0.47369858249068153
long,1.1,1789,-0.5516216533010467
long,1.1,1790,-0.5373807641810195
long,1.1,1791,-0.6574312618973939
long,1.1,1792,-0.8698899977683177
long,1.1,1793,-0.33593096311161263
long,1.1,1794,0.01595682132848514
long,1.1,1795,-0.5200255133568796
long,1.1,1796,-0.3064417441066373
long,1.1,1797,-0.6422144101810506
long,1.1,1798,-0.38352579621511373
long,1.1,1799,-0.7864831863807388
long,1.1,1800,-0.3815138152178991
long,1.1,1801,-0.6102371282224694
long,1.1,1802,-0.4945895856010157
long,1.1,1803,-0.1618214608535815
long,1.1,1804,-0.40712915250468235
long,1.1,1805,-0.6858403632444624
long,1.1,1806,-0.12700810659688846
long,1.1,1807,-0.4772962397893091
long,1.1,1808,-0.8408176981438872
long,1.1,1809,-0.4597713313983879
long,1.1,1810,-0.40744067716864774
long,1.1,1811,-0.23769848296821428
long,1.1,1812,-0.03906520133044586
long,1.1,1813,-0.7504129700237825
long,1.1,1814,-0.607607375541389
long,1.1,1815,-0.7883963847637855
long,1.1,1816,-0.8063511060935357
long,1.1,1817,-0.41837269040051656
long,1.1,1818,-0.4454248761501571
long,1.1,1819,-0.616481850242481
long,1.1,1820,-0.535624691198074
long,1.1,1821,-0.6738240884759823
long,1.1,1822,-0.8360212845656007
long,1.1,1823,-0.8008687979467563
long,1.1,1824,-0.5683964633431222
long,1.1,1825,0.18710963948118448
long,1.1,1826,-0.48626122515064046
long,1.1,1827,-0.6007420176350008
long,1.1,1828,-0.35581201339970886
long,1.1,1829,-0.2996676846019762
long,1.1,1830,-0.6797574910209827
long,1.1,1831,-0.5394427368702096
long,1.1,1832,-0.40036512456502393
long,1.1,1833,-0.7246817562301432
long,1.1,1834,-0.557454546396003
long,1.1,1835,-0.5284343926105122
long,1.1,1836,-0.45284588665539727
long,1.1,1837,-0.5885668990699127
long,1.1,1838,-0.4659505998967725
long,1.1,1839,-0.649456148663344
long,1.1,1840,-0.8983332792708827
long,1.1,1841,-0.15723171917749795
long,1.1,1842,-0.24777920773370946
long,1.1,1843,-1.0158616234716307
long,1.1,1844,-0.6175152445017543
long,1.1,1845,-0.5069696532993023
long,1.1,1846,-0.5595305112909188
long,1.1,1847,-0.5904585067981785
long,1.1,1848,-0.6743183135389372
long,1.1,1849,-0.9834411862251781
long,1.1,1850,-0.8844447243373704
long,1.1,1851,-0.5758693644415569
long,1.1,1852,-0.9062790687556034
long,1.1,1853,-0.623599684070144
long,1.1,1854,-0.48500959478131933
long,1.1,1855,0.019822975757076772
long,1.1,1856,-0.6507595829515395
long,1.1,1857,-0.640942305372325
long,1.1,1858,-0.9633556611119511
long,1.1,1859,-0.6577383455305896
long,1.1,1860,-0.571092559843683
long,1.1,1861,-0.22140993564815756
long,1.1,1862,-0.252585817744983
long,1.1,1863,-0.8138230459300242
long,1.1,1864,-0.540395256570805
long,1.1,1865,-0.17328410377927322
long,1.1,1866,-0.6792519152070787
long,1.1,1867,-0.26390081618248257
long,1.1,1868,-0.49935563084294615
long,1.1,1869,-0.6297885123933321
long,1.1,1870,-0.5381879891032202
long,1.1,1871,-0.3696240972826495
long,1.1,1872,-0.060639512848275144
long,1.1,1873,-0.03000134707426004
long,1.1,1874,-0.38437153577586053
long,1.1,1875,-0.43381789703455687
long,1.1,1876,-0.2782491808218436
long,1.1,1877,-0.44221799348800217
long,1.1,1878,-0.889587879441644
long,1.1,1879,-0.6556647942053235
long,1.1,1880,-0.7326266988395831
long,1.1,1881,-0.17748672259959572
long,1.1,1882,-0.9017644924729369
long,1.1,1883,-0.43034757458806194
long,1.1,1884,-0.728150842956916
long,1.1,1885,-0.6379278236476984
long,1.1,1886,-0.29782851202353033
long,1.1,1887,-0.39865559382036414
long,1.1,1888,-0.58519500614766
long,1.1,1889,-0.5220238350077343
long,1.1,1890,-0.25016187192070216
long,1.1,1891,-0.6648830232615975
long,1.1,1892,-0.6403625350719554
long,1.1,1893,-0.47134240366216285
long,1.1,1894,-0.22889172421323245
long,1.1,1895,-0.5377815984170979
long,1.1,1896,-0.79135348567107
long,1.1,1897,-0.437123494379512
long,1.1,1898,-0.45461260873356074
long,1.1,1899,-0.4417860214324373
long,1.1,1900,-0.6682710889082115
long,1.1,1901,-0.2892682238390317
long,1.1,1902,-0.8899490107824114
long,1.1,1903,-0.4895112942676364
long,1.1,1904,-0.23454474300455508
long,1.1,1905,-0.8598474247123216
long,1.1,1906,-0.39517705533241637
long,1.1,1907,-0.844211613625343
long,1.1,1908,-0.6151054932636889
long,1.1,1909,-0.5277288289063957
long,1.1,1910,-0.8310624582441923
long,1.1,1911,-0.8771049717579568
long,1.1,1912,-0.20987193271586607
long,1.1,1913,-0.41327812161058325
long,1.1,1914,-0.5993645384576127
long,1.1,1915,-0.6996968188582912
long,1.1,1916,-0.5191275548414455
long,1.1,1917,-0.24240574590737535
long,1.1,1918,-0.868508591800085
long,1.1,1919,-0.792363730195868
long,1.1,1920,-0.3634015010405035
long,1.1,1921,-0.4026913402384259
long,1.1,1922,-0.2007468125563455
long,1.1,1923,-0.49826776491328517
long,1.1,1924,-0.7554060570844158
long,1.1,1925,-0.8399669963055458
long,1.1,1926,-0.724946813780306
long,1.1,1927,-0.26569797382974425
long,1.1,1928,-0.752984922006099
long,1.1,1929,-0.6863302926924743
long,1.1,1930,-0.26205239700269556
long,1.1,1931,-0.7097877968008218
long,1.1,1932,-0.5927578828067386
long,1.1,1933,-0.22326683988963442
long,1.1,1934,-0.6079666054940357
long,1.1,1935,-0.35223294448837533
long,1.1,1936,-0.6579114776044503
long,1.1,1937,-0.6375621542293546
long,1.1,1938,-0.6761445244298776
long,1.1,1939,-0.7068777619847699
long,1.1,1940,-0.7179283073831194
long,1.1,1941,-0.437050755587947
long,1.1,1942,-0.5984220038061018
long,1.1,1943,-0.7038569413085034
long,1.1,1944,-0.33344170636124526
long,1.1,1945,-0.19930657531434956
long,1.1,1946,-0.33791693643957477
long,1.1,1947,-0.8663710671586622
long,1.1,1948,-0.360416273665395
long,1.1,1949,-0.2570285718246244
long,1.1,1950,-0.726020649622788
long,1.1,1951,-0.5129880920426257
long,1.1,1952,-0.2342581216195325
long,1.1,1953,-0.3460342218191617
long,1.1,1954,-0.737961272561173
long,1.1,1955,-0.3159745241804108
long,1.1,1956,-0.6287143589353772
long,1.1,1957,-0.37933215625850364
long,1.1,1958,-0.7287109495777347
long,1.1,1959,-0.2808671007103681
long,1.1,1960,-0.7323702959859227
long,1.1,1961,-0.5166155716217999
long,1.1,1962,-0.7929557593783935
long,1.1,1963,-0.4648694476507904
long,1.1,1964,-0.6459843017548683
long,1.1,1965,-0.6707203638761358
long,1.1,1966,-0.26867687944051266
long,1.1,1967,-0.49598598472688005
long,1.1,1968,-0.10557640746759693
long,1.1,1969,-0.38580109159731585
long,1.1,1970,-0.3424356616219751
long,1.1,1971,-0.6002877635737475
long,1.1,1972,-0.8835132435665078
long,1.1,1973,-0.3719377126547331
long,1.1,1974,-0.5694043179728857
long,1.1,1975,-0.19914718364681552
long,1.1,1976,-0.623047378136759
long,1.1,1977,-0.4717510348591368
long,1.1,1978,-0.45327243652882454
long,1.1,1979,-0.2867094071272723
long,1.1,1980,-0.543259248947231
long,1.1,1981,-0.5535627981314131
long,1.1,1982,-0.8389759492364813
long,1.1,1983,-0.9409415183666082
long,1.1,1984,-0.35155474313137175
long,1.1,1985,-0.3791461466215449
long,1.1,1986,-0.43910995913267037
long,1.1,1987,-0.6591042949314092
long,1.1,1988,-0.1194216604083211
long,1.1,1989,-0.6503793877698488
long,1.1,1990,-0.6446489582732645
long,1.1,1991,-0.8121070379149125
long,1.1,1992,-0.4038228034267595
long,1.1,1993,-0.35923421579928483
long,1.1,1994,-0.5427866871860689
long,1.1,1995,-0.7007385195522611
long,1.1,1996,-0.6088681411744776
long,1.1,1997,-0.49195290608248354
long,1.1,1998,-0.3332627240904325
long,1.1,1999,-0.5127231259422118
long,1.2,0,-0.28141299319416874
long,1.2,1,-0.04607692631399641
long,1.2,2,0.4011482816308094
long,1.2,3,-0.2551047914856998
long,1.2,4,-0.133883106361111
long,1.2,5,-0.13646765331968744
long,1.2,6,0.16897813676977327
long,1.2,7,-0.08583350412537608
long,1.2,8,0.2346407895969443
long,1.2,9,-0.1189054683430407
long,1.2,10,0.2766462482852361
long,1.2,11,-0.09944569557636099
long,1.2,12,0.22045918558650981
long,1.2,13,0.1564837697560222
long,1.2,14,-0.27462202513807493
long,1.2,15,-0.3267306421709663
long,1.2,16,-0.2479766571503157
long,1.2,17,-0.28782054290866815
long,1.2,18,0.07338971304109575
long,1.2,19,0.11758778664816734
long,1.2,20,-0.3047590482698847
long,1.2,21,-0.024832170699633994
long,1.2,22,-0.05752617788720989
long,1.2,23,0.02763646883789334
long,1.2,24,0.014783601156090788
long,1.2,25,-0.5327086826927939
long,1.2,26,0.5062213901336784
long,1.2,27,0.28343493731800723
long,1.2,28,-0.036969999668273454
long,1.2,29,-0.18060988193613292
long,1.2,30,-0.30211361083911775
long,1.2,31,-0.26168014481728424
long,1.2,32,0.08435123008872548
long,1.2,33,0.33668810307103625
long,1.2,34,-0.22703197955186122
long,1.2,35,-0.13809983258724914
long,1.2,36,-0.06390129091127253
long,1.2,37,-0.18705196052482795
long,1.2,38,0.053685334190911545
long,1.2,39,-0.062494992701542025
long,1.2,40,-0.25829234863836953
long,1.2,41,-0.5255436600125089
long,1.2,42,-0.34478911468800244
long,1.2,43,-0.18213505038252736
long,1.2,44,-0.7079487033560043
long,1.2,45,-0.2219427004347752
long,1.2,46,0.1631102713926665
long,1.2,47,-0.46811936865768106
long,1.2,48,-0.3196126593223058
long,1.2,49,-0.06105542748468098
long,1.2,50,-0.048336881893672586
long,1.2,51,-0.19569938610162055
long,1.2,52,0.10668351289424427
long,1.2,53,-0.5855480858561554
long,1.2,54,-0.3330713765917142
long,1.2,55,-0.5350102057418599
long,1.2,56,0.15661744078770226
long,1.2,57,-0.23883974139137482
long,1.2,58,0.19415014331084604
long,1.2,59,-0.15222627529250118
long,1.2,60,-0.20542510375357131
long,1.2,61,-0.3028770403922684
long,1.2,62,-0.5781932784262475
long,1.2,63,0.02406114692720304
long,1.2,64,-0.2282401682039734
long,1.2,65,-0.04554184083640317
long,1.2,66,-0.02551778740428851
long,1.2,67,-0.6122588143952
long,1.2,68,-0.08476849960152567
long,1.2,69,-0.1582818445034746
long,1.2,70,-0.3992498711819406
long,1.2,71,-0.15469912388239493
long,1.2,72,-0.5067885726227793
long,1.2,73,-0.16502783172623137
long,1.2,74,-0.08362055650258368
long,1.2,75,0.16470438830271453
long,1.2,76,-0.03686691655845296
long,1.2,77,-0.2499466108165952
long,1.2,78,-0.12617679342611596
long,1.2,79,-0.3353189612287788
long,1.2,80,-0.2873245338632561
long,1.2,81,-0.530121393996824
long,1.2,82,-0.26974561293133975
long,1.2,83,-0.32163195155186886
long,1.2,84,-0.17414841140536377
long,1.2,85,-0.08174637921269992
long,1.2,86,-0.34289785445562737
long,1.2,87,-0.27058053322987136
long,1.2,88,-0.1498143632427133
long,1.2,89,-0.25984004176516107
long,1.2,90,-0.2692391994963822
long,1.2,91,-0.6090848715381729
long,1.2,92,-0.2983585849929783
long,1.2,93,0.02253067257490561
long,1.2,94,0.04663744751610167
long,1.2,95,-0.14641179391439005
long,1.2,96,0.048436759017418216
long,1.2,97,0.09563432023315475
long,1.2,98,-0.012797966147894012
long,1.2,99,-0.09722160005006418
long,1.2,100,-0.025238324673985603
long,1.2,101,-0.5078610577710575
long,1.2,102,-0.2614577201218243
long,1.2,103,-0.10767545404157465
long,1.2,104,-0.4156583049223837
long,1.2,105,-0.3744943935810607
long,1.2,106,-0.4985181561854382
long,1.2,107,0.03437261259116368
long,1.2,108,-0.18303787728724907
long,1.2,109,-0.07762115408322151
long,1.2,110,0.14221430346569544
long,1.2,111,-0.044341837676065476
long,1.2,112,0.0063821392681333786
long,1.2,113,-0.045615512665959645
long,1.2,114,-0.2778512148214189
long,1.2,115,-0.4778113634147293
long,1.2,116,0.09964805915808819
long,1.2,117,-0.16365021811133346
long,1.2,118,0.08283525525437473
long,1.2,119,-0.2249494153621304
long,1.2,120,-0.43785461106976215
long,1.2,121,-0.14070267965609648
long,1.2,122,0.21641187102269582
long,1.2,123,-0.14672909149959515
long,1.2,124,-0.32471060131696294
long,1.2,125,0.21201693047768666
long,1.2,126,0.060286153674266235
long,1.2,127,0.2544536953973871
long,1.2,128,-0.1644163280034768
long,1.2,129,-0.03028391827700969
long,1.2,130,-0.16128852103532404
long,1.2,131,-0.15514918221000668
long,1.2,132,-0.5242389822649862
long,1.2,133,-0.23291516689242672
long,1.2,134,-0.4082515737083437
long,1.2,135,-0.19079892515141766
long,1.2,136,0.021905158589107552
long,1.2,137,-0.2565592163795293
long,1.2,138,-0.1094254075893951
long,1.2,139,-0.20940772238834934
long,1.2,140,-0.09148933313741103
long,1.2,141,0.0007712263506058384
long,1.2,142,-0.37821649559047527
long,1.2,143,-0.46610954399170157
long,1.2,144,-0.17968207718455903
long,1.2,145,-0.45660035548296035
long,1.2,146,-0.066689821997542
long,1.2,147,0.10448465757125458
long,1.2,148,-0.167143050108372
long,1.2,149,-0.13727682491740215
long,1.2,150,-0.22136961932307875
long,1.2,151,0.31147161319553784
long,1.2,152,-0.4592604721912766
long,1.2,153,-0.08337211836424797
long,1.2,154,0.2467270817465818
long,1.2,155,-0.27883117300967764
long,1.2,156,0.44572365817247694
long,1.2,157,0.1313629911069557
long,1.2,158,-0.3283716003150485
long,1.2,159,-0.25357594068013184
long,1.2,160,-0.28824117016472045
long,1.2,161,0.15106271673973784
long,1.2,162,-0.24778390319096974
long,1.2,163,-0.2486985269958971
long,1.2,164,-0.1383507212162113
long,1.2,165,-0.31533696061690525
long,1.2,166,0.16620709954201637
long,1.2,167,-0.2117659198552996
long,1.2,168,0.2266737274482853
long,1.2,169,0.6783557085722279
long,1.2,170,0.26065018007455226
long,1.2,171,-0.24244175904714146
long,1.2,172,-0.2578461146605428
long,1.2,173,-0.23834630036976379
long,1.2,174,-0.2279332892032783
long,1.2,175,0.1351086241494535
long,1.2,176,-0.28562996406473135
long,1.2,177,0.0442791037153003
long,1.2,178,-0.2656693859254948
long,1.2,179,-0.2754089190156229
long,1.2,180,0.1842477050394888
long,1.2,181,0.04531877710667151
long,1.2,182,-0.5317577105557589
long,1.2,183,0.38262141040911324
long,1.2,184,-0.04821260790595378
long,1.2,185,0.12864222493572453
long,1.2,186,-0.3445098512087282
long,1.2,187,0.53914021489268
long,1.2,188,-0.18254160379633172
long,1.2,189,0.27910702820743605
long,1.2,190,0.3112142177459116
long,1.2,191,-0.06638548841977307
long,1.2,192,0.12177348296967094
long,1.2,193,0.09306892721479675
long,1.2,194,-0.2363830103012439
long,1.2,195,0.7879500085263929
long,1.2,196,-0.34811935175735104
long,1.2,197,-0.23325367561047997
long,1.2,198,-0.035918083776949015
long,1.2,199,-0.3229078887509601
long,1.2,200,-0.36909393686576214
long,1.2,201,-0.08644453817980434
long,1.2,202,-0.3176183220986743
long,1.2,203,-0.2299060643376314
long,1.2,204,-0.10915094438516337
long,1.2,205,-0.5885535857181823
long,1.2,206,-0.2826238882581533
long,1.2,207,0.41363478764102607
long,1.2,208,0.1541679483997107
long,1.2,209,-0.32660320540270604
long,1.2,210,0.19794409215811834
long,1.2,211,-0.46449745275492527
long,1.2,212,-0.3474533344053816
long,1.2,213,-0.34035600269277727
long,1.2,214,0.5125255131804798
long,1.2,215,-0.12516187736270717
long,1.2,216,-0.5124377469819856
long,1.2,217,-0.12017870034100972
long,1.2,218,-0.24009204877490695
long,1.2,219,-0.153381052248807
long,1.2,220,-0.19163592151266923
long,1.2,221,0.1931463986691105
long,1.2,222,-0.4746158255640633
long,1.2,223,-0.2399676732903194
long,1.2,224,0.2631908768628245
long,1.2,225,-0.03735592353887774
long,1.2,226,0.05531140922261885
long,1.2,227,-0.14690795068200468
long,1.2,228,0.3902332893349748
long,1.2,229,0.11140263410264212
long,1.2,230,-0.3891306883179592
long,1.2,231,-0.22498183960719775
long,1.2,232,-0.5193762718169264
long,1.2,233,0.30874694465200175
long,1.2,234,0.09817362559927807
long,1.2,235,-0.2594807140747519
long,1.2,236,-0.1489142913494327
long,1.2,237,-0.1853149788206482
long,1.2,238,-0.3138106342535315
long,1.2,239,-0.09809941666374927
long,1.2,240,-0.3706442889363521
long,1.2,241,-0.17911199480645779
long,1.2,242,-0.2507475663948713
long,1.2,243,-0.07152637335940938
long,1.2,244,0.17884398525242876
long,1.2,245,-0.1532719321570683
long,1.2,246,-0.3871217599296403
long,1.2,247,0.043110182826347584
long,1.2,248,-0.4372287206683605
long,1.2,249,0.46286798221869535
long,1.2,250,-0.10513779720986899
long,1.2,251,-0.29040433151016726
long,1.2,252,-0.13794944487315422
long,1.2,253,-0.13842334507170312
long,1.2,254,0.44812265143489
long,1.2,255,-0.5051544322635246
long,1.2,256,-0.40173512452626997
long,1.2,257,-0.22129661722549643
long,1.2,258,-0.2835308168934357
long,1.2,259,-0.05386748191704269
long,1.2,260,-0.3670132051222326
long,1.2,261,0.07818501189207136
long,1.2,262,-0.16734258373866032
long,1.2,263,-0.32007442376563366
long,1.2,264,0.05861310513202952
long,1.2,265,0.1496206457938056
long,1.2,266,-0.34239624747456204
long,1.2,267,-0.203901790453776
long,1.2,268,0.07181236871620177
long,1.2,269,-0.19857947185474592
long,1.2,270,-0.5472448766016971
long,1.2,271,-0.05849324323006252
long,1.2,272,-0.4880531239643356
long,1.2,273,0.3397590090155539
long,1.2,274,-0.4123602961854027
long,1.2,275,-0.10157179231643106
long,1.2,276,-0.020184568310137773
long,1.2,277,-0.12880576436612
long,1.2,278,0.15521341947901107
long,1.2,279,-0.5106482006105016
long,1.2,280,-0.15447342971409087
long,1.2,281,-0.1234807817410429
long,1.2,282,0.30872568017184654
long,1.2,283,-0.4798226019796175
long,1.2,284,-0.30628767526410916
long,1.2,285,0.24349210952159026
long,1.2,286,0.04377778841325527
long,1.2,287,-0.32489145305199746
long,1.2,288,0.10670001687210175
long,1.2,289,0.15432961116106125
long,1.2,290,-0.32488397210357284
long,1.2,291,-0.3049711420801988
long,1.2,292,0.11377699190502819
long,1.2,293,0.4687014961078248
long,1.2,294,-0.45588152635857115
long,1.2,295,-0.2626002754829596
long,1.2,296,-0.29853405864819516
long,1.2,297,-0.10231686154907232
long,1.2,298,-0.15217000119871393
long,1.2,299,-0.18690739615571372
long,1.2,300,0.05142800336020683
long,1.2,301,-0.1529201735838788
long,1.2,302,0.29326111061674526
long,1.2,303,0.3432086282736164
long,1.2,304,-0.6387951892644069
long,1.2,305,0.07467948097269857
long,1.2,306,0.275889668994575
long,1.2,307,0.19707352896627753
long,1.2,308,-0.10049093074054172
long,1.2,309,0.19016625673948792
long,1.2,310,0.17175586128956288
long,1.2,311,-0.5508083374855434
long,1.2,312,0.34434411188381014
long,1.2,313,0.3595403216709233
long,1.2,314,-0.5432243032052809
long,1.2,315,0.007648463612425982
long,1.2,316,-0.3282914577164343
long,1.2,317,-0.4203931801175568
long,1.2,318,0.3856385494031713
long,1.2,319,-0.4749091099562754
long,1.2,320,0.5024351752182332
long,1.2,321,0.5732817688689343
long,1.2,322,-0.2458446112753325
long,1.2,323,0.7193851134296031
long,1.2,324,-0.15352398856311264
long,1.2,325,-0.24748056729624252
long,1.2,326,0.055718324805342744
long,1.2,327,-0.15567119576699132
long,1.2,328,-0.19918713505823546
long,1.2,329,-0.27319809609459356
long,1.2,330,0.14555124289436397
long,1.2,331,0.03027538456902273
long,1.2,332,-0.32824335750079325
long,1.2,333,-0.26871780966524694
long,1.2,334,-0.3047525596393545
long,1.2,335,-0.12926592783117594
long,1.2,336,0.26804520808205823
long,1.2,337,-0.31180382134018864
long,1.2,338,-0.47193451616262944
long,1.2,339,0.11977073057150726
long,1.2,340,-0.23240032315623507
long,1.2,341,-0.011849375143591797
long,1.2,342,-0.12246961223424174
long,1.2,343,0.47665839693556805
long,1.2,344,-0.43577958606611744
long,1.2,345,-0.36532789066322063
long,1.2,346,-0.40662731241334416
long,1.2,347,-0.40809934733481373
long,1.2,348,0.09756160129964751
long,1.2,349,-0.15735538398557053
long,1.2,350,-0.024642496540941985
long,1.2,351,-0.2577192457119758
long,1.2,352,-0.4180532285970523
long,1.2,353,0.423223679122174
long,1.2,354,0.028293116049447745
long,1.2,355,0.529895625088435
long,1.2,356,-0.3742866934973465
long,1.2,357,-0.5206915228145675
long,1.2,358,-0.46096882117076077
long,1.2,359,0.07405883089239608
long,1.2,360,-0.46570669154134436
long,1.2,361,-0.4688780155332194
long,1.2,362,-0.664270818717576
long,1.2,363,-0.2733227850957632
long,1.2,364,-0.14488970755132663
long,1.2,365,-0.41027308705673615
long,1.2,366,-0.054961938882585
long,1.2,367,-0.013678805413108574
long,1.2,368,0.4606360761906319
long,1.2,369,-0.6654245943382653
long,1.2,370,-0.2571512721324245
long,1.2,371,-0.35345184937282825
long,1.2,372,0.22724271642549615
long,1.2,373,0.2200224573176909
long,1.2,374,0.09691230152905617
long,1.2,375,-0.07787333829598961
long,1.2,376,0.3790032333213719
long,1.2,377,-0.25973342451234777
long,1.2,378,-0.32768584496838093
long,1.2,379,-0.25686325112081765
long,1.2,380,-0.05891155961624342
long,1.2,381,-0.060662813830299256
long,1.2,382,-0.27340213954768805
long,1.2,383,-0.4284238140117389
long,1.2,384,-0.1547312966869249
long,1.2,385,-0.1712033286142936
long,1.2,386,-0.012022885276635272
long,1.2,387,0.04324917133912503
long,1.2,388,-0.16948863495623565
long,1.2,389,0.024074457518650436
long,1.2,390,-0.2580250548239446
long,1.2,391,0.11600740096974427
long,1.2,392,-0.09292344133202621
long,1.2,393,0.005217778781480104
long,1.2,394,0.4057297145039616
long,1.2,395,0.22252637582372647
long,1.2,396,-0.3490247559209992
long,1.2,397,-0.06800599900039207
long,1.2,398,0.06106239837810947
long,1.2,399,0.24876378741331584
long,1.2,400,-0.2290728296435491
long,1.2,401,-0.4228432289435733
long,1.2,402,0.07964891365655359
long,1.2,403,-0.10235476858135935
long,1.2,404,0.3870600951981303
long,1.2,405,-0.23293598441674046
long,1.2,406,-0.11680837926023557
long,1.2,407,-0.17834888728770737
long,1.2,408,-0.08179614498042033
long,1.2,409,0.05207485813095714
long,1.2,410,-0.5307454795306984
long,1.2,411,0.005633485775238917
long,1.2,412,-0.36378251459363614
long,1.2,413,0.3961971468682257
long,1.2,414,-0.5623795546385492
long,1.2,415,0.02446223044080009
long,1.2,416,0.05879109859281454
long,1.2,417,-0.02499590742416901
long,1.2,418,-0.12047240834961483
long,1.2,419,-0.2035138811464961
long,1.2,420,-0.34108921200286746
long,1.2,421,0.06378521592631335
long,1.2,422,-0.08320771245280133
long,1.2,423,-0.18171161245489018
long,1.2,424,-0.33394435869781314
long,1.2,425,-0.10640085331241148
long,1.2,426,-0.45516657172931796
long,1.2,427,-0.4908255123178363
long,1.2,428,-0.19430590416332924
long,1.2,429,-0.3721787583310204
long,1.2,430,-0.04148064156307954
long,1.2,431,-0.08707217704637357
long,1.2,432,-0.1767882487855447
long,1.2,433,0.15453683404091598
long,1.2,434,-0.5139490491614156
long,1.2,435,-0.36285345027492016
long,1.2,436,-0.2777474178812347
long,1.2,437,-0.420010328082966
long,1.2,438,-0.44238079272439534
long,1.2,439,-0.1378559490002793
long,1.2,440,-0.06251676776884374
long,1.2,441,-0.23518429967464835
long,1.2,442,-0.2832122054539744
long,1.2,443,0.3756366280916596
long,1.2,444,-0.1532335778278232
long,1.2,445,-0.047842143013188704
long,1.2,446,0.37609183025160375
long,1.2,447,0.06366629032705771
long,1.2,448,-0.05503172787953392
long,1.2,449,0.05823469317097231
long,1.2,450,-0.3965030089233189
long,1.2,451,-0.4135364365012796
long,1.2,452,0.0989637414786504
long,1.2,453,-0.1253062902385211
long,1.2,454,0.1547205630431034
long,1.2,455,0.030087108759734617
long,1.2,456,0.018976779128943327
long,1.2,457,-0.42132093210184934
long,1.2,458,0.3951398263621321
long,1.2,459,-0.39839977346957717
long,1.2,460,-0.3123587277748602
long,1.2,461,-0.04997516131382073
long,1.2,462,-0.23933378903840744
long,1.2,463,-0.3590607904350727
long,1.2,464,0.17974151093227012
long,1.2,465,-0.0013832723404253189
long,1.2,466,-0.05029637377665354
long,1.2,467,-0.282949376615723
long,1.2,468,0.1915087480570781
long,1.2,469,0.49829694253786405
long,1.2,470,0.28576124476039744
long,1.2,471,0.19373085823881686
long,1.2,472,-0.5415524518525169
long,1.2,473,-0.3660443506514548
long,1.2,474,-0.0977225415841215
long,1.2,475,0.3896697213565207
long,1.2,476,-0.17975126927115226
long,1.2,477,0.0981459957555412
long,1.2,478,-0.33061861274794707
long,1.2,479,-0.3254136602769928
long,1.2,480,-0.3313604569773508
long,1.2,481,-0.034034985066692246
long,1.2,482,-0.045784198359276516
long,1.2,483,0.04711158554469747
long,1.2,484,-0.2528032103537735
long,1.2,485,-0.49730841547332727
long,1.2,486,0.05413480749401311
long,1.2,487,-0.0745087661384519
long,1.2,488,-0.1899386533121132
long,1.2,489,0.1350109413476663
long,1.2,490,0.3204090390437412
long,1.2,491,0.30690693948692643
long,1.2,492,0.011416423626600879
long,1.2,493,-0.29156859294311954
long,1.2,494,-0.05402581255430252
long,1.2,495,0.07171512866109118
long,1.2,496,-0.1756278161217574
long,1.2,497,0.05997768135381716
long,1.2,498,0.11952053750056009
long,1.2,499,-0.1906976397747783
long,1.2,500,0.02281620756042156
long,1.2,501,0.1771473527827381
long,1.2,502,-0.061813214245564595
long,1.2,503,-0.2508584372383475
long,1.2,504,0.03178271533940577
long,1.2,505,0.44080098254011346
long,1.2,506,-0.5606559077988236
long,1.2,507,-0.08631596847388431
long,1.2,508,0.13044323212087694
long,1.2,509,-0.2258815897181938
long,1.2,510,0.1171894008806951
long,1.2,511,0.20952649999816522
long,1.2,512,-0.36774044329366085
long,1.2,513,-0.03739425947505211
long,1.2,514,-0.1133890028022959
long,1.2,515,-0.3642443344773683
long,1.2,516,-0.05530591305976964
long,1.2,517,0.0521600107001865
long,1.2,518,0.04883041556640776
long,1.2,519,-0.10990017753909256
long,1.2,520,-0.06737995647588059
long,1.2,521,-0.20285770069980963
long,1.2,522,-0.11716591236869943
long,1.2,523,-0.041870641904089116
long,1.2,524,-0.33137577366728
long,1.2,525,-0.1443439849757682
long,1.2,526,-0.11917593446031795
long,1.2,527,-0.011129891997820444
long,1.2,528,-0.5685366621923403
long,1.2,529,0.044385698481079046
long,1.2,530,-0.5186510731426371
long,1.2,531,0.16840218801484622
long,1.2,532,0.1553354356082771
long,1.2,533,-0.141364265133419
long,1.2,534,0.11614292005378188
long,1.2,535,-0.48505836898406574
long,1.2,536,-0.44763278635487985
long,1.2,537,-0.293581315403863
long,1.2,538,0.3698340305106297
long,1.2,539,0.06267743956919482
long,1.2,540,-0.4150710582385532
long,1.2,541,-0.2073442869113921
long,1.2,542,-0.4985311834408769
long,1.2,543,-0.32571424955436235
long,1.2,544,-0.13333826608193403
long,1.2,545,-0.14794598083968022
long,1.2,546,0.014548858405472605
long,1.2,547,-0.32360790274425716
long,1.2,548,-0.031847721935245654
long,1.2,549,-0.4682640068417462
long,1.2,550,0.1264798394215927
long,1.2,551,-0.557579602478335
long,1.2,552,0.1445315553916812
long,1.2,553,0.012490250766395703
long,1.2,554,0.03278776783441498
long,1.2,555,-0.39247734933016054
long,1.2,556,-0.48666261974025543
long,1.2,557,-0.3343651828177461
long,1.2,558,0.18192092111283822
long,1.2,559,-0.4142150504003993
long,1.2,560,0.2125479016108194
long,1.2,561,-0.009005670997504791
long,1.2,562,-0.12003607404524452
long,1.2,563,-0.3190317857279638
long,1.2,564,-0.2913319412277894
long,1.2,565,0.16701528752659578
long,1.2,566,-0.2132685708805974
long,1.2,567,0.17907960976883616
long,1.2,568,-0.2752238476854705
long,1.2,569,-0.42172995418735953
long,1.2,570,-0.4961357056756037
long,1.2,571,0.04280039002687496
long,1.2,572,-0.15559470951256513
long,1.2,573,0.1539581574569252
long,1.2,574,-0.41050041075119464
long,1.2,575,-0.3346115866514397
long,1.2,576,-0.23770513107861344
long,1.2,577,0.15976939019770417
long,1.2,578,-0.2862272593808808
long,1.2,579,-0.2834191373401949
long,1.2,580,-0.027357377889427922
long,1.2,581,0.0271798830946915
long,1.2,582,-0.2677235875903338
long,1.2,583,-0.3015363364445603
long,1.2,584,0.12884824601542946
long,1.2,585,-0.5263866161879701
long,1.2,586,-0.13522840102851474
long,1.2,587,-0.3543399242584252
long,1.2,588,-0.3913407028639206
long,1.2,589,-0.14094190739265688
long,1.2,590,-0.2387502487447755
long,1.2,591,-0.25686321362759745
long,1.2,592,-0.13501118354116806
long,1.2,593,0.2228941435278693
long,1.2,594,-0.1515830967043666
long,1.2,595,-0.22204062798459784
long,1.2,596,-0.05327567838514058
long,1.2,597,-0.17904356404379906
long,1.2,598,-0.12789337756475727
long,1.2,599,-0.6074150711515494
long,1.2,600,-0.5388771797584864
long,1.2,601,0.07258665184329252
long,1.2,602,-0.02260388370809911
long,1.2,603,0.0024887999457621586
long,1.2,604,-0.4595818247836115
long,1.2,605,-0.4272479357347285
long,1.2,606,-0.24949445156960434
long,1.2,607,0.4491890547287573
long,1.2,608,0.060180879458563145
long,1.2,609,-0.11591361700949447
long,1.2,610,-0.4377982398726021
long,1.2,611,-0.1391909313924582
long,1.2,612,-0.15866563274421164
long,1.2,613,-0.27674437429956067
long,1.2,614,-0.2138141393922183
long,1.2,615,0.28697838113316537
long,1.2,616,-0.43332689153516046
long,1.2,617,-0.1892204850647672
long,1.2,618,-0.3553155184865788
long,1.2,619,-0.37052344899437273
long,1.2,620,0.15393233736665293
long,1.2,621,0.20937947190281364
long,1.2,622,-0.005979207247455723
long,1.2,623,0.02762250961022461
long,1.2,624,-0.017182324632946385
long,1.2,625,-0.3290093406851651
long,1.2,626,-0.10982151917126864
long,1.2,627,0.5920839759964394
long,1.2,628,0.3216223142980987
long,1.2,629,-0.5262219843017791
long,1.2,630,-0.28557020322240445
long,1.2,631,-0.2965135327525782
long,1.2,632,0.037588548059971534
long,1.2,633,0.36445653742310213
long,1.2,634,-0.47890216536793884
long,1.2,635,-0.25137595190784523
long,1.2,636,0.09164783077573993
long,1.2,637,-0.4551019131190966
long,1.2,638,-0.04951940553711952
long,1.2,639,-0.3624062704265339
long,1.2,640,0.21935570423646847
long,1.2,641,0.10617889980748606
long,1.2,642,-0.07661563545521373
long,1.2,643,-0.15512039204502232
long,1.2,644,-0.12093289048584999
long,1.2,645,-0.3992867818915131
long,1.2,646,-0.5137157673480514
long,1.2,647,-0.18741663482034054
long,1.2,648,-0.24521134289997268
long,1.2,649,-0.3663338022945442
long,1.2,650,-0.3201653612386489
long,1.2,651,0.06933826758699951
long,1.2,652,-0.010868040500539177
long,1.2,653,0.11401108169207448
long,1.2,654,-0.05463295011969793
long,1.2,655,-0.4498231322802666
long,1.2,656,0.21964534773082764
long,1.2,657,-0.0510924805118843
long,1.2,658,-0.39339283514481377
long,1.2,659,-0.03414688481675159
long,1.2,660,-0.07634434613985963
long,1.2,661,-0.07453621213678113
long,1.2,662,-0.31568275865093626
long,1.2,663,0.2300669886671595
long,1.2,664,0.1890878593987517
long,1.2,665,0.029954828164888675
long,1.2,666,0.0858867692463677
long,1.2,667,-0.17998477852907313
long,1.2,668,-0.32203299730556856
long,1.2,669,-0.22852387554173342
long,1.2,670,-0.02497970338475583
long,1.2,671,0.3980918303690082
long,1.2,672,-0.40721417601760446
long,1.2,673,-0.2744945458546797
long,1.2,674,-0.05121087542960186
long,1.2,675,-0.30135399790673917
long,1.2,676,-0.2996926864867593
long,1.2,677,-0.18314613251473535
long,1.2,678,-0.12181193861395372
long,1.2,679,-0.055579402582187215
long,1.2,680,0.2919718208111601
long,1.2,681,-0.17339002982741758
long,1.2,682,-0.3268485757019492
long,1.2,683,0.4668039421915687
long,1.2,684,-0.12378933287941196
long,1.2,685,-0.30720508975415844
long,1.2,686,-0.28801334233094616
long,1.2,687,-0.08266635310983156
long,1.2,688,-0.5648243881319834
long,1.2,689,-0.5581534197798367
long,1.2,690,-0.25196109192962324
long,1.2,691,-0.2979183687447536
long,1.2,692,-0.19235398998924608
long,1.2,693,-0.11853923274974688
long,1.2,694,-0.2415736595887709
long,1.2,695,-0.14904475520286284
long,1.2,696,-0.3148076454429358
long,1.2,697,-0.10836089312185794
long,1.2,698,-0.3233623985832653
long,1.2,699,0.09838813706678132
long,1.2,700,0.09197295766837835
long,1.2,701,-0.10131325088475743
long,1.2,702,-0.6819882780971471
long,1.2,703,-0.17472367858867863
long,1.2,704,-0.04831269258157611
long,1.2,705,-0.1264544692640348
long,1.2,706,-0.443210679793302
long,1.2,707,-0.3710172104869129
long,1.2,708,-0.5492238376032412
long,1.2,709,0.029980998606122126
long,1.2,710,-0.23553706016872114
long,1.2,711,-0.12620559177653257
long,1.2,712,-0.43903865870510633
long,1.2,713,0.002478375345904782
long,1.2,714,-0.15833598236654114
long,1.2,715,0.05881195645301283
long,1.2,716,0.37752168423523097
long,1.2,717,-0.14779999220734788
long,1.2,718,-0.568269110754532
long,1.2,719,-0.3791913062974813
long,1.2,720,-0.3070095285687913
long,1.2,721,-0.05923380393829044
long,1.2,722,-0.3025789084543301
long,1.2,723,-0.3131580664970945
long,1.2,724,-0.09868915784319905
long,1.2,725,-0.35851952911610774
long,1.2,726,-0.3460462654850497
long,1.2,727,-0.43735149245981964
long,1.2,728,-0.28611297748775266
long,1.2,729,-0.38286716100889734
long,1.2,730,-0.033805366371011794
long,1.2,731,0.20272462906275587
long,1.2,732,-0.45190990266139375
long,1.2,733,0.1366597559518575
long,1.2,734,-0.01984574482130615
long,1.2,735,-0.009151138046304158
long,1.2,736,0.041595067636312814
long,1.2,737,-0.3584741681553126
long,1.2,738,-0.10196751591216695
long,1.2,739,-0.07341158915520771
long,1.2,740,-0.343253675660509
long,1.2,741,-0.3544051314968302
long,1.2,742,-0.41968008690448266
long,1.2,743,0.019173183700549754
long,1.2,744,-0.01138845404276393
long,1.2,745,0.35005840201148025
long,1.2,746,0.13173842458841367
long,1.2,747,-0.042136071845008095
long,1.2,748,-0.19105311559004715
long,1.2,749,-0.21508193013142254
long,1.2,750,-0.02873858005349895
long,1.2,751,-0.35546265154717094
long,1.2,752,-0.029398611460725695
long,1.2,753,-0.021976377681514194
long,1.2,754,-0.23455694985442216
long,1.2,755,0.06146827756909142
long,1.2,756,0.03807717927757257
long,1.2,757,-0.3770458669340977
long,1.2,758,-0.03709166851281946
long,1.2,759,0.11187977606375957
long,1.2,760,-0.5978470806033532
long,1.2,761,0.1344811983139968
long,1.2,762,-0.4168330236094474
long,1.2,763,-0.05482304350547869
long,1.2,764,-0.10237306993087508
long,1.2,765,-0.6456218788602066
long,1.2,766,-0.006812060314941769
long,1.2,767,-0.2339848168020597
long,1.2,768,0.26079221004785524
long,1.2,769,-0.1204401648170567
long,1.2,770,-0.1143756342435718
long,1.2,771,-0.043933161089429455
long,1.2,772,-0.3168768962065588
long,1.2,773,-0.43594809458240824
long,1.2,774,-0.3501755631464547
long,1.2,775,-0.13273262986796577
long,1.2,776,-0.20664864811215058
long,1.2,777,-0.00794838301650197
long,1.2,778,0.24798992395446715
long,1.2,779,0.0317738493579342
long,1.2,780,-0.0438462350902666
long,1.2,781,-0.3445278709767505
long,1.2,782,-0.19342451818922318
long,1.2,783,0.4260870695035396
long,1.2,784,0.7029139933814259
long,1.2,785,-0.02660561632938619
long,1.2,786,0.00424807781272144
long,1.2,787,-0.07731850280437094
long,1.2,788,-0.04597396492837964
long,1.2,789,-0.34544682043805586
long,1.2,790,-0.278153639720803
long,1.2,791,-0.5044102162798088
long,1.2,792,-0.2004582406252213
long,1.2,793,-0.3869069553336352
long,1.2,794,-0.08586928464229243
long,1.2,795,-0.2343556831559053
long,1.2,796,0.08606632600547079
long,1.2,797,-0.1881276207238673
long,1.2,798,0.023650441497791535
long,1.2,799,-0.27032780303651543
long,1.2,800,0.04806032857607653
long,1.2,801,-0.8111772828158069
long,1.2,802,-0.21643716183746567
long,1.2,803,-0.40856011726687946
long,1.2,804,-0.15010726382699058
long,1.2,805,-0.49027136818122813
long,1.2,806,0.09055687916525067
long,1.2,807,0.02803922682928219
long,1.2,808,-0.20621517901289507
long,1.2,809,-0.45244991657062805
long,1.2,810,0.06950416355597341
long,1.2,811,0.7902895583610383
long,1.2,812,0.44947784042914524
long,1.2,813,-0.27362970104595136
long,1.2,814,-0.19883478817704928
long,1.2,815,-0.4984266817497732
long,1.2,816,-0.43756227286967264
long,1.2,817,-0.5969021875069759
long,1.2,818,0.06365371901556237
long,1.2,819,-0.09348643605706634
long,1.2,820,0.2109066567814336
long,1.2,821,-0.4867643927261097
long,1.2,822,-0.4324880906038186
long,1.2,823,-0.19872159533085065
long,1.2,824,-0.1074709770975665
long,1.2,825,0.16725431402081775
long,1.2,826,-0.36345658665172065
long,1.2,827,-0.48571184709199633
long,1.2,828,-0.37877230985795135
long,1.2,829,0.1659659233590103
long,1.2,830,-0.5717066379377626
long,1.2,831,-0.24059784809366747
long,1.2,832,-0.19948113601926656
long,1.2,833,-0.46065310770448364
long,1.2,834,-0.3852429743760401
long,1.2,835,-0.26640853458101205
long,1.2,836,-0.430736894216249
long,1.2,837,-0.013409109903142693
long,1.2,838,0.02343784252457862
long,1.2,839,-0.17666290850209848
long,1.2,840,-0.2859389997382742
long,1.2,841,0.4268350421919814
long,1.2,842,-0.21656760378554007
long,1.2,843,-0.2453448866461192
long,1.2,844,-0.4602259665406898
long,1.2,845,-0.19522136782943872
long,1.2,846,0.08864756711019331
long,1.2,847,-0.45031810126240024
long,1.2,848,-0.33941304708974274
long,1.2,849,0.36656676854619274
long,1.2,850,-0.03507843607828958
long,1.2,851,0.09268113288117592
long,1.2,852,-0.4700948469949395
long,1.2,853,-0.30041878222116414
long,1.2,854,-0.013053030984690565
long,1.2,855,0.09230090766247236
long,1.2,856,-0.22317443683733335
long,1.2,857,-0.15370773928305587
long,1.2,858,-0.14229333612712633
long,1.2,859,-0.03583194870632494
long,1.2,860,-0.20714792942465673
long,1.2,861,-0.2785592731063341
long,1.2,862,-0.2954117411693289
long,1.2,863,-0.1735916049789583
long,1.2,864,-0.2774677066408674
long,1.2,865,-0.016375378253659655
long,1.2,866,-0.2817823054712261
long,1.2,867,-0.1930212128399809
long,1.2,868,-0.02020853083525684
long,1.2,869,-0.198275978833326
long,1.2,870,-0.12077484053240115
long,1.2,871,0.13983478897242632
long,1.2,872,-0.0908023745271644
long,1.2,873,-0.1933314914172536
long,1.2,874,-0.005712525005084425
long,1.2,875,-0.11961349829068922
long,1.2,876,0.46307694257670684
long,1.2,877,-0.5676922060945292
long,1.2,878,-0.3508289845424331
long,1.2,879,-0.461112726794674
long,1.2,880,-0.4767287629804331
long,1.2,881,-0.036588558806912766
long,1.2,882,0.2937915285975826
long,1.2,883,-0.5712992937320946
long,1.2,884,-0.03502838718292655
long,1.2,885,-0.3205107554914979
long,1.2,886,0.06706622966295546
long,1.2,887,-0.03014456577084481
long,1.2,888,-0.19164137743776247
long,1.2,889,-0.019909588409651617
long,1.2,890,0.11045115931169491
long,1.2,891,0.00977226344493374
long,1.2,892,0.14345371856251113
long,1.2,893,-0.23081463287655643
long,1.2,894,0.013627441838893778
long,1.2,895,-0.09131200218753029
long,1.2,896,0.058477033432266394
long,1.2,897,0.06692589131692692
long,1.2,898,0.15840813042802848
long,1.2,899,-0.4054773088150188
long,1.2,900,-0.16091441327908906
long,1.2,901,-0.5082356873101472
long,1.2,902,0.26816316780424554
long,1.2,903,-0.23890283063234036
long,1.2,904,-0.30978653907318654
long,1.2,905,0.46326214930475346
long,1.2,906,-0.022488827803885763
long,1.2,907,0.20694308597230335
long,1.2,908,0.015212231210860547
long,1.2,909,0.21280483420873036
long,1.2,910,0.09044740219256743
long,1.2,911,-0.2991247588830865
long,1.2,912,-0.36400763303973444
long,1.2,913,0.46130815278042653
long,1.2,914,-0.2239715059496513
long,1.2,915,-0.4092406298961902
long,1.2,916,-0.2190223403715401
long,1.2,917,0.6679236963689699
long,1.2,918,-0.0566285145085788
long,1.2,919,-0.3778855130677093
long,1.2,920,-0.24746688096483924
long,1.2,921,0.03761614636767508
long,1.2,922,-0.5281230609093738
long,1.2,923,-0.5437557559348258
long,1.2,924,-0.4692112966096323
long,1.2,925,0.08512034933380976
long,1.2,926,-0.7259056633734752
long,1.2,927,-0.12838667955638064
long,1.2,928,0.42208128678660334
long,1.2,929,-0.16572294925309045
long,1.2,930,0.04994292392313545
long,1.2,931,0.13913968483565226
long,1.2,932,0.03291015124174098
long,1.2,933,-0.10682131034813744
long,1.2,934,-0.2620062518974808
long,1.2,935,-0.2457353499321816
long,1.2,936,0.4231280553452626
long,1.2,937,-0.4526161842832767
long,1.2,938,-0.1390930801993965
long,1.2,939,0.12980989197524315
long,1.2,940,-0.1920197659590251
long,1.2,941,-0.17235575868817327
long,1.2,942,-0.34432805083028584
long,1.2,943,-0.445932191789829
long,1.2,944,-0.3160019876174828
long,1.2,945,-0.27810691487812184
long,1.2,946,-0.24573482250684686
long,1.2,947,0.1506551388200484
long,1.2,948,-0.05728334973831574
long,1.2,949,-0.11819971349301002
long,1.2,950,-0.23029054853228523
long,1.2,951,0.23089248232451887
long,1.2,952,-0.14262777995181355
long,1.2,953,-0.4549211201749537
long,1.2,954,-0.28344412019080806
long,1.2,955,-0.44608401956750376
long,1.2,956,0.08978258179095923
long,1.2,957,-0.2742944865060509
long,1.2,958,0.6073883499600566
long,1.2,959,0.05331454246838807
long,1.2,960,-0.2640677115223142
long,1.2,961,-0.33875503692550285
long,1.2,962,-0.24673365212441875
long,1.2,963,0.038973525717410265
long,1.2,964,-0.10989132204213507
long,1.2,965,0.4221301463223269
long,1.2,966,0.28332911895538043
long,1.2,967,-0.08348337515244765
long,1.2,968,-0.14039788439493467
long,1.2,969,-0.09261917664087918
long,1.2,970,0.08627478328065318
long,1.2,971,-0.41279108183866314
long,1.2,972,-0.22075819997097845
long,1.2,973,-0.045800019507339355
long,1.2,974,-0.14365669885068708
long,1.2,975,-0.27877012394493744
long,1.2,976,-0.1993647852600664
long,1.2,977,-0.17702057710460362
long,1.2,978,-0.4307228358750747
long,1.2,979,-0.2689305147176941
long,1.2,980,-0.41032222321816336
long,1.2,981,-0.24177445618014695
long,1.2,982,-0.1398676699126993
long,1.2,983,-0.20717547437372957
long,1.2,984,0.1985413010426935
long,1.2,985,0.14747876582016758
long,1.2,986,-0.22982497451586623
long,1.2,987,-0.09631736090089807
long,1.2,988,0.007646106964606788
long,1.2,989,-0.20892379294557042
long,1.2,990,-0.1762625436406506
long,1.2,991,-0.03989748582088518
long,1.2,992,-0.49880968014311566
long,1.2,993,-0.030927256217584465
long,1.2,994,0.19461283477395488
long,1.2,995,-0.30044167808143957
long,1.2,996,-0.028209165906715856
long,1.2,997,0.0837459768403616
long,1.2,998,-0.21955935398064103
long,1.2,999,0.2640164117161824
long,1.2,1000,-0.1917346709825983
long,1.2,1001,-0.37449505109859293
long,1.2,1002,-0.2296416494552026
long,1.2,1003,-0.11981537354863468
long,1.2,1004,-0.5863671829039546
long,1.2,1005,-0.2938923340943895
long,1.2,1006,-0.14711417907525018
long,1.2,1007,-0.05866050635254389
long,1.2,1008,-0.35652930055082027
long,1.2,1009,-0.18540083291609719
long,1.2,1010,-0.5238216003315802
long,1.2,1011,-0.0645897479273324
long,1.2,1012,-0.2933467187777449
long,1.2,1013,0.16833909510491205
long,1.2,1014,-0.49068371673240263
long,1.2,1015,-0.43146671168749223
long,1.2,1016,-0.2370675703665477
long,1.2,1017,0.3153265418877679
long,1.2,1018,0.5280844352175119
long,1.2,1019,-0.4338978156938853
long,1.2,1020,0.474546708533986
long,1.2,1021,-0.5323674723592208
long,1.2,1022,-0.281520450277805
long,1.2,1023,0.09573038907125307
long,1.2,1024,-0.01658883611301882
long,1.2,1025,0.03703534597071239
long,1.2,1026,-0.4906027043720163
long,1.2,1027,0.27896186479687785
long,1.2,1028,0.20209572990290084
long,1.2,1029,0.4730142176839352
long,1.2,1030,0.009760591261211211
long,1.2,1031,-0.37102067191418153
long,1.2,1032,-0.32514621936904065
long,1.2,1033,-0.0017297455375196939
long,1.2,1034,-0.5331743442339074
long,1.2,1035,-0.13973880798643856
long,1.2,1036,-0.23752488714120498
long,1.2,1037,-0.39543778141657393
long,1.2,1038,-0.2496921342161683
long,1.2,1039,-0.09942011478514547
long,1.2,1040,-0.5495396291198527
long,1.2,1041,-0.5546214092079224
long,1.2,1042,-0.29452571148944734
long,1.2,1043,-0.21249250169345318
long,1.2,1044,-0.32951659882229
long,1.2,1045,-0.16681902915646735
long,1.2,1046,-0.28627441915900176
long,1.2,1047,-0.586213059769625
long,1.2,1048,-0.584210747589203
long,1.2,1049,-0.04397824023778444
long,1.2,1050,0.13433036825972583
long,1.2,1051,-0.022931219231421825
long,1.2,1052,-0.1529712173286016
long,1.2,1053,-0.06617228076258165
long,1.2,1054,-0.24395851094547727
long,1.2,1055,-0.1374228351886075
long,1.2,1056,-0.459268473881763
long,1.2,1057,-0.12199152707953555
long,1.2,1058,0.5955455910817044
long,1.2,1059,-0.28821255788925
long,1.2,1060,-0.049566131040936455
long,1.2,1061,0.29099869206962126
long,1.2,1062,0.4126459569233209
long,1.2,1063,-0.3371517464453633
long,1.2,1064,-0.41714208692575133
long,1.2,1065,-0.3035584793057682
long,1.2,1066,-0.09257380471262579
long,1.2,1067,-0.2514774660718827
long,1.2,1068,-0.7602868236185002
long,1.2,1069,-0.5202704169430781
long,1.2,1070,-0.4641341285031713
long,1.2,1071,-0.18466588169925183
long,1.2,1072,-0.26853106323129894
long,1.2,1073,0.08339340818126387
long,1.2,1074,-0.5412291674105617
long,1.2,1075,0.19274830073352409
long,1.2,1076,0.18700235118964692
long,1.2,1077,0.3490593602045735
long,1.2,1078,-0.3323945202102359
long,1.2,1079,0.0863133048338766
long,1.2,1080,-0.4209550966504559
long,1.2,1081,0.0012709102192354279
long,1.2,1082,-0.4916846727983494
long,1.2,1083,0.015840442307668783
long,1.2,1084,-0.4062890126544395
long,1.2,1085,0.033908388868071064
long,1.2,1086,-0.7104023864384728
long,1.2,1087,-0.18141538773227806
long,1.2,1088,0.04495793618276216
long,1.2,1089,-0.26875157433569535
long,1.2,1090,-0.2777414320466205
long,1.2,1091,-0.3616699130937129
long,1.2,1092,-0.16356215550893805
long,1.2,1093,-0.14974247211279104
long,1.2,1094,-0.23907506400374282
long,1.2,1095,-0.03092540831453316
long,1.2,1096,-0.4303506149468382
long,1.2,1097,0.5961723122795421
long,1.2,1098,0.0651430467101598
long,1.2,1099,0.04997522474350617
long,1.2,1100,-0.6192070447769269
long,1.2,1101,0.27343311560862327
long,1.2,1102,-0.0957139417941785
long,1.2,1103,0.31282209078059875
long,1.2,1104,0.1318841186538046
long,1.2,1105,0.009608685205171615
long,1.2,1106,-0.24988313797506828
long,1.2,1107,-0.4982503082350828
long,1.2,1108,-0.3908493045801949
long,1.2,1109,-0.1958557367736798
long,1.2,1110,0.1183469067196161
long,1.2,1111,0.010207554855022108
long,1.2,1112,0.3668168585430736
long,1.2,1113,-0.11566048857353921
long,1.2,1114,-0.35636586771305234
long,1.2,1115,0.0652451287445769
long,1.2,1116,-0.22448488784806056
long,1.2,1117,-0.5181061873156005
long,1.2,1118,-0.13069848899747077
long,1.2,1119,-0.17108522022678635
long,1.2,1120,0.24148588185208159
long,1.2,1121,-0.16354516301941308
long,1.2,1122,0.08755796846158695
long,1.2,1123,-0.2505082348705684
long,1.2,1124,-0.4661628632650668
long,1.2,1125,0.0008204694661704006
long,1.2,1126,-0.6626764559313094
long,1.2,1127,-0.028495424092773537
long,1.2,1128,0.09193449476470794
long,1.2,1129,-0.434910420370384
long,1.2,1130,0.17616160839269318
long,1.2,1131,-0.34911456668002555
long,1.2,1132,-0.0878799564036526
long,1.2,1133,-0.15704969050271808
long,1.2,1134,0.2786337041131023
long,1.2,1135,0.09929608062274455
long,1.2,1136,-0.012904511848945881
long,1.2,1137,-0.45530163003356106
long,1.2,1138,0.1191823932427544
long,1.2,1139,-0.1393189979926332
long,1.2,1140,-0.4569688630855992
long,1.2,1141,-0.12972557958758377
long,1.2,1142,0.05520911809408291
long,1.2,1143,-0.21050069537413102
long,1.2,1144,-0.4911833688719654
long,1.2,1145,0.3484365331464026
long,1.2,1146,-0.4188178693527571
long,1.2,1147,-0.2792068328699028
long,1.2,1148,-0.001065119549504181
long,1.2,1149,-0.25963701065602734
long,1.2,1150,-0.2791696902249128
long,1.2,1151,-0.3429307040486305
long,1.2,1152,-0.5407777390287029
long,1.2,1153,0.22945918283773756
long,1.2,1154,-0.031197847263837144
long,1.2,1155,-0.2273981769708431
long,1.2,1156,-0.13997599702035934
long,1.2,1157,0.10206605005950875
long,1.2,1158,-0.1930571867922627
long,1.2,1159,0.23675163041583852
long,1.2,1160,-0.4543679248086345
long,1.2,1161,-0.33336493398796924
long,1.2,1162,0.3012441346775829
long,1.2,1163,-0.3565639922559597
long,1.2,1164,-0.1898472385291472
long,1.2,1165,-0.11977208420570905
long,1.2,1166,-0.1745730357049777
long,1.2,1167,-0.31595932058683385
long,1.2,1168,-0.1985482912711256
long,1.2,1169,0.21314341602816061
long,1.2,1170,-0.2202345567540866
long,1.2,1171,-0.19012889883138073
long,1.2,1172,-0.560248612362055
long,1.2,1173,0.2941692554233194
long,1.2,1174,0.013188109764421044
long,1.2,1175,-0.2850901993759879
long,1.2,1176,-0.4222609483354086
long,1.2,1177,0.14087970732897398
long,1.2,1178,0.058060196415512424
long,1.2,1179,0.0943993711617132
long,1.2,1180,-0.11358305601496717
long,1.2,1181,-0.29739209251275134
long,1.2,1182,-0.1674765219247673
long,1.2,1183,-0.27809175461472496
long,1.2,1184,0.023584727343467893
long,1.2,1185,0.0751670113215673
long,1.2,1186,-0.5120675966477268
long,1.2,1187,-0.11844662217908665
long,1.2,1188,-0.08527230149653386
long,1.2,1189,-0.07384921793277621
long,1.2,1190,0.15614830639007402
long,1.2,1191,-0.4075952146287533
long,1.2,1192,-0.0025672875538985617
long,1.2,1193,0.1295242862727922
long,1.2,1194,-0.2662625265536387
long,1.2,1195,0.16399469874206768
long,1.2,1196,0.5562463750231564
long,1.2,1197,0.40771548094400006
long,1.2,1198,0.08728311150313794
long,1.2,1199,-0.10703537586701299
long,1.2,1200,-0.17565458556737581
long,1.2,1201,-0.1904742979060679
long,1.2,1202,-0.2634283911947268
long,1.2,1203,-0.30089882333540763
long,1.2,1204,-0.14847779047384255
long,1.2,1205,-0.2234624731042665
long,1.2,1206,-0.41041386859013984
long,1.2,1207,-0.46668378935984345
long,1.2,1208,-0.3058030381685238
long,1.2,1209,0.017624746335957512
long,1.2,1210,-0.04331130868122114
long,1.2,1211,-0.2843048660926551
long,1.2,1212,-0.11989776351983407
long,1.2,1213,0.21763709260169847
long,1.2,1214,-0.07599706597357858
long,1.2,1215,-0.6347840433080878
long,1.2,1216,-0.5234334010401576
long,1.2,1217,0.1758786260453435
long,1.2,1218,-0.29551779892109276
long,1.2,1219,-0.29870901328949884
long,1.2,1220,-0.05271199344013909
long,1.2,1221,-0.16698188013257648
long,1.2,1222,-0.19514290373045068
long,1.2,1223,0.18911638248160925
long,1.2,1224,-0.24134468709180598
long,1.2,1225,-0.301747064534013
long,1.2,1226,-0.29420827993286514
long,1.2,1227,-0.18602884048930407
long,1.2,1228,-0.05486479936664645
long,1.2,1229,-0.38930398488174384
long,1.2,1230,0.08025721080496495
long,1.2,1231,0.28487638533462806
long,1.2,1232,-0.4539579902484313
long,1.2,1233,0.1268048984655294
long,1.2,1234,-0.13016855136652966
long,1.2,1235,0.03659882836801519
long,1.2,1236,0.03302015959538855
long,1.2,1237,-0.13855821820265843
long,1.2,1238,0.06671158529828604
long,1.2,1239,-0.2648507472567872
long,1.2,1240,-0.09678573089538567
long,1.2,1241,-0.30331823186699275
long,1.2,1242,0.1125334707143453
long,1.2,1243,-0.2479022983088937
long,1.2,1244,0.0003122332212357627
long,1.2,1245,-0.007554472177391899
long,1.2,1246,-0.0630579013872243
long,1.2,1247,0.17377575990506974
long,1.2,1248,-0.2775062554428572
long,1.2,1249,-0.2480389037283609
long,1.2,1250,-0.42451477394504555
long,1.2,1251,-0.046092895136413264
long,1.2,1252,-0.16857658631538275
long,1.2,1253,0.16705572844376843
long,1.2,1254,-0.3739791099876769
long,1.2,1255,-0.18683147766726002
long,1.2,1256,-0.041017546546600774
long,1.2,1257,0.05372170081315287
long,1.2,1258,-0.2901231024929473
long,1.2,1259,-0.22748344260673634
long,1.2,1260,-0.25486339047466855
long,1.2,1261,-0.34366818216830974
long,1.2,1262,-0.18912501005453033
long,1.2,1263,-0.17414100588762926
long,1.2,1264,-0.08230133497763657
long,1.2,1265,-0.23827961713612067
long,1.2,1266,-0.47095406231956743
long,1.2,1267,-0.2916042993557741
long,1.2,1268,-0.20582759373512588
long,1.2,1269,-0.38523128610058227
long,1.2,1270,-0.2062091229726812
long,1.2,1271,-0.10401043485878772
long,1.2,1272,-0.057047519631942496
long,1.2,1273,-0.06381576790133558
long,1.2,1274,-0.3425294063958734
long,1.2,1275,-0.11815572890670567
long,1.2,1276,-0.41182696531754365
long,1.2,1277,-0.28832522685423184
long,1.2,1278,-0.25476284809765587
long,1.2,1279,-0.09470737577007354
long,1.2,1280,-0.48283931922924755
long,1.2,1281,-0.10486518125421827
long,1.2,1282,0.033175262081047395
long,1.2,1283,-0.37090684292697373
long,1.2,1284,-0.22776169711888253
long,1.2,1285,-0.3851933137923149
long,1.2,1286,-0.10823317375462854
long,1.2,1287,0.1547032001193624
long,1.2,1288,-0.12337695759575044
long,1.2,1289,-0.2984857215575007
long,1.2,1290,0.011689229754028186
long,1.2,1291,-0.202812021776479
long,1.2,1292,-0.5643792150246818
long,1.2,1293,-0.03879491076198868
long,1.2,1294,-0.30137837331690903
long,1.2,1295,-0.17112080787170067
long,1.2,1296,-0.20182133748873612
long,1.2,1297,-0.12853605826426912
long,1.2,1298,-0.2141894770532392
long,1.2,1299,0.06415200379768847
long,1.2,1300,0.5506721351741036
long,1.2,1301,-0.3881109034711397
long,1.2,1302,-0.21043292516404521
long,1.2,1303,-0.17226747113715368
long,1.2,1304,0.14863782964572292
long,1.2,1305,-0.5539065324101093
long,1.2,1306,-0.29046699940246595
long,1.2,1307,0.192198569920664
long,1.2,1308,0.29666463921257724
long,1.2,1309,0.14584143481101589
long,1.2,1310,-0.47996994241677005
long,1.2,1311,-0.2536087431521977
long,1.2,1312,-0.04063439791046977
long,1.2,1313,-0.3596510725072865
long,1.2,1314,-0.030951168482430343
long,1.2,1315,0.013053228045778464
long,1.2,1316,-0.31022385437868916
long,1.2,1317,0.13937147187219429
long,1.2,1318,-0.45600642226403165
long,1.2,1319,-0.4346131123938264
long,1.2,1320,-0.27190663655255176
long,1.2,1321,-0.25077685993593773
long,1.2,1322,-0.12587537537536475
long,1.2,1323,0.2579395691377172
long,1.2,1324,-0.21198346132492218
long,1.2,1325,-0.27555762139679374
long,1.2,1326,0.1284561672165027
long,1.2,1327,0.16764821365561763
long,1.2,1328,0.03630461057864744
long,1.2,1329,-0.6300205246073028
long,1.2,1330,-0.00714346571352483
long,1.2,1331,0.3102823003267797
long,1.2,1332,-0.15246504956949547
long,1.2,1333,-0.26823178346680143
long,1.2,1334,0.07880635866393741
long,1.2,1335,-0.2550134523285937
long,1.2,1336,-0.34623368983707087
long,1.2,1337,-0.35857725425312054
long,1.2,1338,-0.043385950148497957
long,1.2,1339,-0.15837724030019915
long,1.2,1340,-0.3390679852693371
long,1.2,1341,-0.2440840863535018
long,1.2,1342,-0.2457530201026631
long,1.2,1343,-0.4989621278557115
long,1.2,1344,-0.20900838066564312
long,1.2,1345,-0.31309660895165825
long,1.2,1346,-0.15354247187459605
long,1.2,1347,-0.007059887748224863
long,1.2,1348,-0.058553422650754756
long,1.2,1349,-0.4189762602990117
long,1.2,1350,0.05608338874009111
long,1.2,1351,-0.25992123757739477
long,1.2,1352,-0.1630795815682565
long,1.2,1353,0.03216336510532249
long,1.2,1354,-0.006633756441949285
long,1.2,1355,-0.4709949020873433
long,1.2,1356,-0.2794164558323694
long,1.2,1357,0.9009968024275232
long,1.2,1358,0.677563926866226
long,1.2,1359,-0.3026883749942081
long,1.2,1360,-0.2347529896277452
long,1.2,1361,-0.16447420239773836
long,1.2,1362,-0.04744399125151357
long,1.2,1363,-0.1525755586183746
long,1.2,1364,-0.31942074923313907
long,1.2,1365,-0.23802913027373576
long,1.2,1366,0.23011314528184953
long,1.2,1367,0.03654818169983665
long,1.2,1368,0.21002547278234746
long,1.2,1369,0.4474972415403637
long,1.2,1370,-0.20970854415548085
long,1.2,1371,0.26617454861600276
long,1.2,1372,0.47945174628025644
long,1.2,1373,0.19682884337633222
long,1.2,1374,0.1060559165752698
long,1.2,1375,-0.2756909226818978
long,1.2,1376,-0.4764995001862853
long,1.2,1377,-0.5530992224854839
long,1.2,1378,-0.10401499385790562
long,1.2,1379,-0.2214889717026841
long,1.2,1380,-0.47287360830247577
long,1.2,1381,-0.19970281699538325
long,1.2,1382,0.0864068527678878
long,1.2,1383,-0.3643814021768055
long,1.2,1384,0.009615453930175821
long,1.2,1385,-0.13328473012980513
long,1.2,1386,-0.31448132163155024
long,1.2,1387,-0.2218799292936549
long,1.2,1388,0.5291335867856806
long,1.2,1389,-0.30880748534922264
long,1.2,1390,-0.13227973579957894
long,1.2,1391,-0.06462836181003778
long,1.2,1392,-0.05873347400704899
long,1.2,1393,-0.27693144111597057
long,1.2,1394,-0.3164413564994203
long,1.2,1395,0.16322346331299334
long,1.2,1396,-0.02703079372385444
long,1.2,1397,0.2724346998159819
long,1.2,1398,-0.6163915110607989
long,1.2,1399,-0.27749743809084876
long,1.2,1400,0.1197926892030839
long,1.2,1401,-0.3850332590678547
long,1.2,1402,0.03820046903608805
long,1.2,1403,-0.3271433311011458
long,1.2,1404,-0.22211776047424667
long,1.2,1405,-0.02152585669953225
long,1.2,1406,0.3649068583764589
long,1.2,1407,0.10712821563070997
long,1.2,1408,0.053005018730151975
long,1.2,1409,-0.24564795710630347
long,1.2,1410,-0.3734778456120228
long,1.2,1411,-0.09849006382023734
long,1.2,1412,-0.37091842881939413
long,1.2,1413,0.25691648656263383
long,1.2,1414,-0.23728725744434204
long,1.2,1415,-0.06826012862023148
long,1.2,1416,0.19931908672060747
long,1.2,1417,-0.39356351665370004
long,1.2,1418,-0.2734477264925152
long,1.2,1419,0.30210910027549065
long,1.2,1420,-0.11487410241958965
long,1.2,1421,-0.6858485397167196
long,1.2,1422,0.4352819456751347
long,1.2,1423,-0.13899060817010245
long,1.2,1424,-0.3283679665944653
long,1.2,1425,-0.2709996823210004
long,1.2,1426,0.4313554009283975
long,1.2,1427,-0.07162979863732147
long,1.2,1428,0.034727808404633444
long,1.2,1429,-0.09260832214052651
long,1.2,1430,-0.31395331409892935
long,1.2,1431,-0.356037237177699
long,1.2,1432,-0.06381415848798486
long,1.2,1433,0.23959271254120326
long,1.2,1434,-0.3710410159014953
long,1.2,1435,0.39007323389333365
long,1.2,1436,-0.27570811247703125
long,1.2,1437,-0.09753758698429268
long,1.2,1438,-0.3137087013966616
long,1.2,1439,-0.09003846080590358
long,1.2,1440,0.39997469854134804
long,1.2,1441,0.054156421498657584
long,1.2,1442,-0.29632233379499756
long,1.2,1443,0.027285117961044096
long,1.2,1444,-0.5679361401032554
long,1.2,1445,-0.41369508669742944
long,1.2,1446,-0.1285550572560104
long,1.2,1447,-0.19392529955729423
long,1.2,1448,0.2891707952433228
long,1.2,1449,-0.29153997717233227
long,1.2,1450,-0.2697130668337922
long,1.2,1451,-0.2781407106163424
long,1.2,1452,-0.20864477327148132
long,1.2,1453,0.13955999218721749
long,1.2,1454,-0.3974472980159308
long,1.2,1455,0.36315561399484303
long,1.2,1456,-0.058115225627547784
long,1.2,1457,-0.2522306867699185
long,1.2,1458,-0.0423406392903596
long,1.2,1459,-0.37145264522640903
long,1.2,1460,-0.11321835238585941
long,1.2,1461,-0.5780949154690882
long,1.2,1462,-0.2775685250990143
long,1.2,1463,-0.24915212906237857
long,1.2,1464,0.21766617952531925
long,1.2,1465,0.17847840469410908
long,1.2,1466,-0.3234796260822551
long,1.2,1467,-0.1586485289054436
long,1.2,1468,-0.2673217230330773
long,1.2,1469,0.019756776589339373
long,1.2,1470,-0.32664714096001124
long,1.2,1471,-0.427804834287613
long,1.2,1472,-0.0032387140969802933
long,1.2,1473,-0.18162338875643205
long,1.2,1474,-0.5472003534073466
long,1.2,1475,-0.1403280454122277
long,1.2,1476,0.27596944440205834
long,1.2,1477,-0.35629408752705194
long,1.2,1478,-0.34788581295120513
long,1.2,1479,-0.40059548034879977
long,1.2,1480,0.21419098450929414
long,1.2,1481,-0.19998790218700035
long,1.2,1482,-0.37960729253855174
long,1.2,1483,-0.25827853331475475
long,1.2,1484,-0.576522032029402
long,1.2,1485,-0.07919434264332399
long,1.2,1486,-0.1711599042505729
long,1.2,1487,-0.35004902176091124
long,1.2,1488,-0.1770611580322809
long,1.2,1489,0.24786224144858715
long,1.2,1490,-0.38365720752363736
long,1.2,1491,-0.1835818618882877
long,1.2,1492,-0.5315149317762572
long,1.2,1493,-0.21283534082983982
long,1.2,1494,-0.07382146793195445
long,1.2,1495,0.4008322167079342
long,1.2,1496,0.015603699567372235
long,1.2,1497,-0.5879989674401668
long,1.2,1498,-0.34637709170981884
long,1.2,1499,-0.27342868721727365
long,1.2,1500,-0.30515770770540696
long,1.2,1501,-0.11243977724523055
long,1.2,1502,-0.17220047893553955
long,1.2,1503,0.09374591786288562
long,1.2,1504,0.233941947484124
long,1.2,1505,-0.3529615434282617
long,1.2,1506,-0.1021183667049315
long,1.2,1507,0.523154155703987
long,1.2,1508,0.06605132480606793
long,1.2,1509,-0.03697528695773969
long,1.2,1510,-0.5134409087535986
long,1.2,1511,0.0034963630555906564
long,1.2,1512,-0.17377177847262174
long,1.2,1513,-0.012977711055938592
long,1.2,1514,-0.4417229354892827
long,1.2,1515,-0.042560466122538415
long,1.2,1516,-0.31288105616395595
long,1.2,1517,-0.4700041715892807
long,1.2,1518,0.09230477097513509
long,1.2,1519,-0.06656568174818026
long,1.2,1520,0.10630535916785845
long,1.2,1521,0.057982976158371724
long,1.2,1522,-0.29092284299101595
long,1.2,1523,-0.2452783501481776
long,1.2,1524,0.038888652835023324
long,1.2,1525,0.2750181093986839
long,1.2,1526,-0.21794489897526473
long,1.2,1527,-0.10293174954488941
long,1.2,1528,-0.1659208596636275
long,1.2,1529,-0.36040015104815143
long,1.2,1530,-0.12667395765083828
long,1.2,1531,0.2592143253700458
long,1.2,1532,-0.05209122340802164
long,1.2,1533,-0.1539874773051677
long,1.2,1534,0.07346333649889605
long,1.2,1535,-0.22520856257440738
long,1.2,1536,-0.43989081919168244
long,1.2,1537,0.226782150432632
long,1.2,1538,-0.00577487477113186
long,1.2,1539,0.009447090006191254
long,1.2,1540,-0.19871767154704473
long,1.2,1541,-0.20347450655665641
long,1.2,1542,-0.4990210247084153
long,1.2,1543,-0.3724570017391434
long,1.2,1544,0.7746698622472564
long,1.2,1545,-0.5660662697154095
long,1.2,1546,-0.2076631227270244
long,1.2,1547,-0.302676056890716
long,1.2,1548,-0.08706239903967998
long,1.2,1549,-0.0169372276802532
long,1.2,1550,0.3264757744992981
long,1.2,1551,-0.016166569821698614
long,1.2,1552,-0.041203322479776754
long,1.2,1553,-0.467497545068087
long,1.2,1554,-0.10063804529195416
long,1.2,1555,-0.49507879720728465
long,1.2,1556,-0.2764150983631177
long,1.2,1557,-0.10217979094701238
long,1.2,1558,0.05914172066051809
long,1.2,1559,-0.22833396654798582
long,1.2,1560,-0.26186285999941755
long,1.2,1561,-0.01168520748488491
long,1.2,1562,-0.5186447268120783
long,1.2,1563,-0.3310398896217945
long,1.2,1564,-0.16186599925388748
long,1.2,1565,-0.18062953052346487
long,1.2,1566,-0.27152695787361886
long,1.2,1567,-0.17691954744928137
long,1.2,1568,-0.07378525356828568
long,1.2,1569,-0.30869964821080953
long,1.2,1570,0.34772799475042543
long,1.2,1571,-0.2684100437969383
long,1.2,1572,-0.21958910300343729
long,1.2,1573,0.0416434381291634
long,1.2,1574,0.45288540044533987
long,1.2,1575,-0.14547511981270003
long,1.2,1576,-0.08141560033852176
long,1.2,1577,-0.18293399822437778
long,1.2,1578,-0.02744491827440431
long,1.2,1579,-0.1393031704008648
long,1.2,1580,-0.4029597717572892
long,1.2,1581,0.25256619667710617
long,1.2,1582,-0.3419936904983283
long,1.2,1583,-0.28050651430466705
long,1.2,1584,-0.305279737397507
long,1.2,1585,-0.22717503544251685
long,1.2,1586,-0.08704119573582686
long,1.2,1587,-0.21021180627007546
long,1.2,1588,-0.1786345388063143
long,1.2,1589,-0.3382953740124306
long,1.2,1590,-0.2048954642533694
long,1.2,1591,-0.17797888829041264
long,1.2,1592,-0.26113223381485046
long,1.2,1593,-0.009364570171733208
long,1.2,1594,-0.09109698758012062
long,1.2,1595,0.5111482616733364
long,1.2,1596,-0.16705372868810728
long,1.2,1597,-0.2248506831050825
long,1.2,1598,-0.16947603908622927
long,1.2,1599,-0.01126074675190053
long,1.2,1600,-0.1922841365346624
long,1.2,1601,0.8073987867213351
long,1.2,1602,-0.13001106961679926
long,1.2,1603,0.05055976256290142
long,1.2,1604,-0.21621278258229842
long,1.2,1605,-0.343730956215818
long,1.2,1606,-0.3376130960287076
long,1.2,1607,-0.3721132190996926
long,1.2,1608,0.14558255085414515
long,1.2,1609,-0.21466911972985525
long,1.2,1610,0.433050127379001
long,1.2,1611,-0.23292446863075647
long,1.2,1612,-0.17329115284925609
long,1.2,1613,0.09722132655940903
long,1.2,1614,-0.255493594246712
long,1.2,1615,0.12429889509580762
long,1.2,1616,0.032639434901294555
long,1.2,1617,-0.19190099307509015
long,1.2,1618,0.027860261741337523
long,1.2,1619,0.25642680546372043
long,1.2,1620,-0.6031007407392562
long,1.2,1621,-0.4238953579665553
long,1.2,1622,-0.45515890324444147
long,1.2,1623,-0.3526834621561335
long,1.2,1624,-0.1960887839262584
long,1.2,1625,-0.28645653440744034
long,1.2,1626,-0.5198454214285833
long,1.2,1627,0.4082899734220431
long,1.2,1628,-0.10002184374234845
long,1.2,1629,-0.19092608560194815
long,1.2,1630,-0.22802702398267471
long,1.2,1631,0.26685506740376946
long,1.2,1632,-0.3432941355660365
long,1.2,1633,-0.12640015880917937
long,1.2,1634,0.2088467358022231
long,1.2,1635,0.050873002460679044
long,1.2,1636,-0.18289426009426032
long,1.2,1637,-0.1695254289623005
long,1.2,1638,0.007378446479601608
long,1.2,1639,-0.13717078607107402
long,1.2,1640,0.13153562425730403
long,1.2,1641,-0.04392845158028738
long,1.2,1642,-0.11935120963226473
long,1.2,1643,-0.23673388037021392
long,1.2,1644,-0.14060715405377225
long,1.2,1645,-0.30959660130019695
long,1.2,1646,-0.4417363603755983
long,1.2,1647,-0.1819094677617202
long,1.2,1648,0.03765356243387379
long,1.2,1649,0.048001694377384586
long,1.2,1650,0.03812320035440861
long,1.2,1651,-0.42969281762402384
long,1.2,1652,-0.12287681307290953
long,1.2,1653,0.13779090087390608
long,1.2,1654,-0.17345288365762765
long,1.2,1655,-0.44818414063624906
long,1.2,1656,0.2411778585071868
long,1.2,1657,0.6505220922138414
long,1.2,1658,-0.256641340768691
long,1.2,1659,0.1949660154634813
long,1.2,1660,-0.18855092666600365
long,1.2,1661,-0.23197341886426293
long,1.2,1662,0.06722003803269805
long,1.2,1663,-0.38033636138065574
long,1.2,1664,-0.2453613193289747
long,1.2,1665,-0.46426627973362083
long,1.2,1666,-0.46172179012386083
long,1.2,1667,-0.12741676114637487
long,1.2,1668,0.04447033130567825
long,1.2,1669,-0.10852768531170592
long,1.2,1670,0.1369666067840405
long,1.2,1671,-0.34165507147602986
long,1.2,1672,0.016586840766493516
long,1.2,1673,0.18617441371633958
long,1.2,1674,-0.4919593844277735
long,1.2,1675,-0.0101932523434959
long,1.2,1676,-0.16866372011463307
long,1.2,1677,-0.27603210670236394
long,1.2,1678,-0.1826729269661263
long,1.2,1679,0.2857159334786284
long,1.2,1680,-0.21978430402312732
long,1.2,1681,-0.13974305869853595
long,1.2,1682,-0.15050080622440454
long,1.2,1683,-0.3783593208173723
long,1.2,1684,-0.6336958994266566
long,1.2,1685,-0.40794422123579455
long,1.2,1686,-0.27574646780762074
long,1.2,1687,-0.49316133545394525
long,1.2,1688,-0.2847024446600565
long,1.2,1689,0.05836940697526987
long,1.2,1690,-0.03154762106561524
long,1.2,1691,-0.2452866453951598
long,1.2,1692,-0.2243876740867168
long,1.2,1693,-0.17188262927257839
long,1.2,1694,-0.19569832589166472
long,1.2,1695,-0.0944518833001185
long,1.2,1696,-0.09537723614038894
long,1.2,1697,-0.1987367616150695
long,1.2,1698,-0.20346171845235675
long,1.2,1699,0.5145030000735054
long,1.2,1700,0.5887584384416249
long,1.2,1701,-0.03704557923155469
long,1.2,1702,-0.20452581603281353
long,1.2,1703,-0.241094307490249
long,1.2,1704,-0.31062127715647775
long,1.2,1705,-0.21796957167407208
long,1.2,1706,-0.30689091373839406
long,1.2,1707,-0.04808507105844553
long,1.2,1708,-0.31965375094197174
long,1.2,1709,-0.38483116444490356
long,1.2,1710,0.3444916010046651
long,1.2,1711,-0.11942228354792749
long,1.2,1712,-0.07194783511364339
long,1.2,1713,0.23192586568409335
long,1.2,1714,-0.5658469385195628
long,1.2,1715,0.2503202580193456
long,1.2,1716,-0.20011412502978101
long,1.2,1717,-0.22044130596020148
long,1.2,1718,-0.3925407612422726
long,1.2,1719,0.18472738489983132
long,1.2,1720,-0.4671237181724836
long,1.2,1721,-0.40837807921742175
long,1.2,1722,-0.37641072156198796
long,1.2,1723,-0.1869291570966287
long,1.2,1724,-0.0758251210140769
long,1.2,1725,-0.2458526904477654
long,1.2,1726,0.2040186307395277
long,1.2,1727,-0.72944441560744
long,1.2,1728,-0.02923605972593071
long,1.2,1729,-0.06661850344434589
long,1.2,1730,0.11967043112891078
long,1.2,1731,-0.03074118446225841
long,1.2,1732,-0.47319302196852825
long,1.2,1733,-0.3553688989154078
long,1.2,1734,-0.4689852467521896
long,1.2,1735,-0.39183896833126286
long,1.2,1736,-0.2352401984218342
long,1.2,1737,-0.02774848566181895
long,1.2,1738,-0.19530732584695934
long,1.2,1739,-0.45718142589281996
long,1.2,1740,0.2187311216939751
long,1.2,1741,-0.13821294453768534
long,1.2,1742,-0.14989569817641343
long,1.2,1743,-0.21383087800202036
long,1.2,1744,-0.12114442375143623
long,1.2,1745,-0.24914021446059575
long,1.2,1746,-0.27136035331537306
long,1.2,1747,-0.251836640172674
long,1.2,1748,-0.18241012854462207
long,1.2,1749,-0.5748000226618882
long,1.2,1750,0.05852467735464734
long,1.2,1751,-0.04934836944366558
long,1.2,1752,-0.19801038823995032
long,1.2,1753,-0.10273686212992857
long,1.2,1754,-0.3686717852000813
long,1.2,1755,-0.4885867837326858
long,1.2,1756,-0.237217210747146
long,1.2,1757,-0.07209501650523209
long,1.2,1758,-0.25381949643921947
long,1.2,1759,0.0554059152629691
long,1.2,1760,-0.40771326022455884
long,1.2,1761,-0.18149573837741184
long,1.2,1762,0.20210265002922645
long,1.2,1763,0.0009994511801927615
long,1.2,1764,-0.31410985167711375
long,1.2,1765,-0.13953179687854514
long,1.2,1766,-0.7432667165204775
long,1.2,1767,-0.22927783274609626
long,1.2,1768,-0.6168044299902401
long,1.2,1769,-0.046138569386067946
long,1.2,1770,-0.1981439211500025
long,1.2,1771,-0.18590008991215332
long,1.2,1772,0.11985895497693767
long,1.2,1773,0.06940358069354913
long,1.2,1774,-0.5619282749146944
long,1.2,1775,-0.14207987181541804
long,1.2,1776,0.02610767635372836
long,1.2,1777,0.13165102756270614
long,1.2,1778,-0.10221503392856264
long,1.2,1779,-0.14678633281123446
long,1.2,1780,-0.3698279099916933
long,1.2,1781,-0.31876316394986126
long,1.2,1782,0.04319113846690419
long,1.2,1783,-0.19709964123603765
long,1.2,1784,-0.0788422492446911
long,1.2,1785,-0.25884225349508094
long,1.2,1786,-0.323074105508825
long,1.2,1787,-0.3572028039481708
long,1.2,1788,0.04428985020911434
long,1.2,1789,-0.20988383627016657
long,1.2,1790,-0.1807372405719094
long,1.2,1791,-0.3278597370906256
long,1.2,1792,-0.5462108075764265
long,1.2,1793,0.1979608850240703
long,1.2,1794,0.4414701518433666
long,1.2,1795,-0.16868956246496608
long,1.2,1796,0.04210418351910094
long,1.2,1797,-0.3235992388161709
long,1.2,1798,0.04045476326272674
long,1.2,1799,-0.49393789510212066
long,1.2,1800,0.032928260457958755
long,1.2,1801,-0.2453255428510473
long,1.2,1802,-0.12198747547969334
long,1.2,1803,0.19911437644191027
long,1.2,1804,0.0378274014833132
long,1.2,1805,-0.22438275530609542
long,1.2,1806,0.40519451964869246
long,1.2,1807,-0.13677053128623373
long,1.2,1808,-0.5095299939812411
long,1.2,1809,-0.10546388982512003
long,1.2,1810,-0.04880143557031461
long,1.2,1811,0.10224850807518253
long,1.2,1812,0.48697660812125665
long,1.2,1813,-0.46064084347870954
long,1.2,1814,-0.19777937301778836
long,1.2,1815,-0.40919089264753766
long,1.2,1816,-0.43011455264972964
long,1.2,1817,0.022080877322060533
long,1.2,1818,-0.061690358711792535
long,1.2,1819,-0.22245614295159635
long,1.2,1820,-0.21106128866986282
long,1.2,1821,-0.339788738842872
long,1.2,1822,-0.5544808768984394
long,1.2,1823,-0.5121559042434493
long,1.2,1824,-0.08197688303507362
long,1.2,1825,0.6407226776625278
long,1.2,1826,-0.1242195529262246
long,1.2,1827,-0.20745452043657162
long,1.2,1828,0.10278920566948226
long,1.2,1829,0.08509953211952287
long,1.2,1830,-0.3458022058728535
long,1.2,1831,-0.14786791226858956
long,1.2,1832,-0.03385615419451202
long,1.2,1833,-0.39831994010512717
long,1.2,1834,-0.20574432544203547
long,1.2,1835,-0.12908912546607418
long,1.2,1836,-0.11970716875192215
long,1.2,1837,-0.09322542227203737
long,1.2,1838,-0.14827016826885908
long,1.2,1839,-0.3238333111261921
long,1.2,1840,-0.5577446784622285
long,1.2,1841,0.2144891851012271
long,1.2,1842,0.0750824549849425
long,1.2,1843,-0.5538931600525893
long,1.2,1844,-0.28106725191222115
long,1.2,1845,-0.1247240939576714
long,1.2,1846,-0.23043058833422897
long,1.2,1847,-0.2533505505300824
long,1.2,1848,-0.4191484264313545
long,1.2,1849,-0.5530174578176182
long,1.2,1850,-0.5725886299505156
long,1.2,1851,-0.18162748480885932
long,1.2,1852,-0.6185824065659773
long,1.2,1853,-0.3405789824436571
long,1.2,1854,-0.025946533524290594
long,1.2,1855,0.4467673519744303
long,1.2,1856,-0.2522799727252118
long,1.2,1857,-0.27981118522468185
long,1.2,1858,-0.48484170628115464
long,1.2,1859,-0.32404070356265086
long,1.2,1860,-0.17538779570261948
long,1.2,1861,0.1472641218295077
long,1.2,1862,0.07572857590787009
long,1.2,1863,-0.3659236926884557
long,1.2,1864,-0.17349304335096505
long,1.2,1865,0.27720914776111155
long,1.2,1866,-0.3551403369459045
long,1.2,1867,0.0963897930357717
long,1.2,1868,-0.07813649120861678
long,1.2,1869,-0.3180947063832552
long,1.2,1870,-0.14077403144367934
long,1.2,1871,-0.0018661443144052528
long,1.2,1872,0.47587423187212397
long,1.2,1873,0.46831954935734355
long,1.2,1874,-0.060543327830145516
long,1.2,1875,-0.12056083060234914
long,1.2,1876,0.07533532133321094
long,1.2,1877,-0.06892153656712338
long,1.2,1878,-0.5122863086955161
long,1.2,1879,-0.2730420264320551
long,1.2,1880,-0.4735265182345723
long,1.2,1881,0.24398128692065477
long,1.2,1882,-0.4319136215598634
long,1.2,1883,-0.11430056856741368
long,1.2,1884,-0.4485404061871038
long,1.2,1885,-0.3366288027909271
long,1.2,1886,0.12677019856590158
long,1.2,1887,-0.05532149441470403
long,1.2,1888,-0.22739785378674487
long,1.2,1889,-0.16557698227045903
long,1.2,1890,0.08793841130098425
long,1.2,1891,-0.24875516403381212
long,1.2,1892,-0.13480440865783097
long,1.2,1893,-0.046440336997060246
long,1.2,1894,0.2469999990160494
long,1.2,1895,-0.1232512899303104
long,1.2,1896,-0.3845452119311432
long,1.2,1897,0.06964571793267352
long,1.2,1898,-0.04997335632912461
long,1.2,1899,-0.06887867166931752
long,1.2,1900,-0.210548764960781
long,1.2,1901,0.12438153932520314
long,1.2,1902,-0.5345082136923098
long,1.2,1903,-0.17873726816471916
long,1.2,1904,0.22336317695969551
long,1.2,1905,-0.4835233818173248
long,1.2,1906,-0.04590821701728255
long,1.2,1907,-0.48472823104462487
long,1.2,1908,-0.2629561278841866
long,1.2,1909,-0.20153998731031225
long,1.2,1910,-0.3414575768208
long,1.2,1911,-0.5693557262258682
long,1.2,1912,0.21104651465327331
long,1.2,1913,-0.02043535941437657
long,1.2,1914,-0.26602058635200865
long,1.2,1915,-0.35310037280811046
long,1.2,1916,-0.1195493559916519
long,1.2,1917,0.24756716908706433
long,1.2,1918,-0.5964264203206309
long,1.2,1919,-0.39828821331771286
long,1.2,1920,-0.0030994122738535563
long,1.2,1921,0.10893671365177182
long,1.2,1922,0.20903148368820673
long,1.2,1923,-0.0888638194546245
long,1.2,1924,-0.42720943816210033
long,1.2,1925,-0.554176609892304
long,1.2,1926,-0.3826736989858071
long,1.2,1927,0.11735606244666678
long,1.2,1928,-0.38671857166755863
long,1.2,1929,-0.36457497857170484
long,1.2,1930,0.24179476684885481
long,1.2,1931,-0.37367074639970493
long,1.2,1932,-0.21814179898738173
long,1.2,1933,0.1705050374938701
long,1.2,1934,-0.31416531681673626
long,1.2,1935,0.0568954256304376
long,1.2,1936,-0.21239754158535934
long,1.2,1937,-0.23015269125167587
long,1.2,1938,-0.33570343149715604
long,1.2,1939,-0.43864596340365236
long,1.2,1940,-0.2389013190721255
long,1.2,1941,-0.0901545616569947
long,1.2,1942,-0.24102112447744775
long,1.2,1943,-0.33469852431895736
long,1.2,1944,0.10386885970633299
long,1.2,1945,0.1601038185288912
long,1.2,1946,0.03513557968807188
long,1.2,1947,-0.5597277304705838
long,1.2,1948,0.031667791513422985
long,1.2,1949,0.1501856279819805
long,1.2,1950,-0.46441269024619436
long,1.2,1951,-0.19096683470330064
long,1.2,1952,0.21045131702348482
long,1.2,1953,0.0707832332427862
long,1.2,1954,-0.4270972952001579
long,1.2,1955,0.2279132694329137
long,1.2,1956,-0.2529032733822044
long,1.2,1957,0.047407117124547565
long,1.2,1958,-0.34952886604777045
long,1.2,1959,0.09933240789696766
long,1.2,1960,-0.40732320050641263
long,1.2,1961,-0.24169103278275617
long,1.2,1962,-0.38429500207165573
long,1.2,1963,-0.12764703051615464
long,1.2,1964,-0.2459713685745366
long,1.2,1965,-0.3124357123995969
long,1.2,1966,0.10209996289765458
long,1.2,1967,-0.04315030480724914
long,1.2,1968,0.2762908532916567
long,1.2,1969,0.07963883592490081
long,1.2,1970,0.07520892670647217
long,1.2,1971,-0.20192898282192373
long,1.2,1972,-0.4266176760581099
long,1.2,1973,0.019957717329505523
long,1.2,1974,-0.30128216490106186
long,1.2,1975,0.2537155045038533
long,1.2,1976,-0.2633438088369173
long,1.2,1977,-0.010087346445612334
long,1.2,1978,-0.038861972463653575
long,1.2,1979,0.1766701578826847
long,1.2,1980,-0.18360626572193636
long,1.2,1981,-0.10811242985650227
long,1.2,1982,-0.5349525139781801
long,1.2,1983,-0.5893305949495244
long,1.2,1984,0.020282065557895333
long,1.2,1985,0.010610787641468073
long,1.2,1986,-0.05736927292738482
long,1.2,1987,-0.2362032794081368
long,1.2,1988,0.333939742763334
long,1.2,1989,-0.21055746743246348
long,1.2,1990,-0.28125766822548065
long,1.2,1991,-0.3774149998044737
long,1.2,1992,-0.0661335591102008
long,1.2,1993,0.04491966594956642
long,1.2,1994,-0.23750463472960354
long,1.2,1995,-0.3273800135768919
long,1.2,1996,-0.22326511897030518
long,1.2,1997,-0.15205655702392462
long,1.2,1998,0.020181953693484134
long,1.2,1999,-0.04216896880969981
long,1.3,0,0.01993799272427435
long,1.3,1,0.3578091419627026
long,1.3,2,0.793906743086488
long,1.3,3,0.10833216615538369
long,1.3,4,0.22797884249476713
long,1.3,5,0.3099901401055733
long,1.3,6,0.5487138395547522
long,1.3,7,0.20570623535079322
long,1.3,8,0.7712536873059828
long,1.3,9,0.2508922708979407
long,1.3,10,0.6432477122918159
long,1.3,11,0.26615145808329227
long,1.3,12,0.6839105036884965
long,1.3,13,0.5604494467636116
long,1.3,14,0.06331064216986493
long,1.3,15,0.02929888168988832
long,1.3,16,0.157066845330774
long,1.3,17,-0.03659929486206212
long,1.3,18,0.42829503034566774
long,1.3,19,0.5035941736768477
long,1.3,20,0.040786266607868736
long,1.3,21,0.3030710148938541
long,1.3,22,0.35180702976340633
long,1.3,23,0.36353871145673605
long,1.3,24,0.3362184093856022
long,1.3,25,-0.2118558576422541
long,1.3,26,0.9578167955460893
long,1.3,27,0.7247799578416264
long,1.3,28,0.40734166403418137
long,1.3,29,0.1955867683988667
long,1.3,30,-0.0013944358087422653
long,1.3,31,0.10838600588790077
long,1.3,32,0.5179470995736476
long,1.3,33,0.8179633496721338
long,1.3,34,0.15102475082596947
long,1.3,35,0.1822966679746642
long,1.3,36,0.34443565123522485
long,1.3,37,0.2401242031744755
long,1.3,38,0.3617288806927202
long,1.3,39,0.4380043891917145
long,1.3,40,0.09456754388771857
long,1.3,41,-0.1697070673823411
long,1.3,42,-0.06874411676347209
long,1.3,43,0.25011672280934816
long,1.3,44,-0.37667805519742936
long,1.3,45,0.16081015181756356
long,1.3,46,0.547574880098227
long,1.3,47,-0.09967314547643218
long,1.3,48,0.00250096788274212
long,1.3,49,0.3631921063631805
long,1.3,50,0.3962377747392633
long,1.3,51,0.08771144703468461
long,1.3,52,0.5042420864580461
long,1.3,53,-0.27108560478972166
long,1.3,54,0.02368904099690741
long,1.3,55,-0.21337152752594665
long,1.3,56,0.5545792061870244
long,1.3,57,0.1193305978868587
long,1.3,58,0.5810586622741145
long,1.3,59,0.188660263235513
long,1.3,60,0.1531414462597098
long,1.3,61,0.04692348900227471
long,1.3,62,-0.28968169485677187
long,1.3,63,0.4068058729955818
long,1.3,64,0.1061001920485411
long,1.3,65,0.3294599430326892
long,1.3,66,0.33622031699663024
long,1.3,67,-0.2941806070042615
long,1.3,68,0.30877212627834405
long,1.3,69,0.19393216109231778
long,1.3,70,-0.10454261710144204
long,1.3,71,0.21907788505821982
long,1.3,72,-0.2301783489345711
long,1.3,73,0.2340648349983496
long,1.3,74,0.2678969776890047
long,1.3,75,0.6088379918141338
long,1.3,76,0.28967006518818456
long,1.3,77,0.10730300626736165
long,1.3,78,0.28736500214627075
long,1.3,79,-0.014737919333884767
long,1.3,80,0.03428288944580759
long,1.3,81,-0.2966997839814494
long,1.3,82,0.05232352682795465
long,1.3,83,0.057573104471925395
long,1.3,84,0.18488897633572113
long,1.3,85,0.2831652663129007
long,1.3,86,0.07218717068191721
long,1.3,87,0.1884432021770667
long,1.3,88,0.19348687983912685
long,1.3,89,0.023942314431269696
long,1.3,90,0.166091485854376
long,1.3,91,-0.3314147630556552
long,1.3,92,0.08776283882819198
long,1.3,93,0.38864566556376745
long,1.3,94,0.4563657638609448
long,1.3,95,0.2711392007631067
long,1.3,96,0.4600470601017221
long,1.3,97,0.4543588248826655
long,1.3,98,0.2617663373496934
long,1.3,99,0.19553545397242802
long,1.3,100,0.41636428861010666
long,1.3,101,-0.2353924597057552
long,1.3,102,0.06804565325331781
long,1.3,103,0.2633239261947844
long,1.3,104,-0.1399107091948551
long,1.3,105,-0.009307391102002611
long,1.3,106,-0.16538674753799384
long,1.3,107,0.4752019252109024
long,1.3,108,0.22976691477787872
long,1.3,109,0.24843510991680495
long,1.3,110,0.629702851958748
long,1.3,111,0.252146785037608
long,1.3,112,0.3401095323613905
long,1.3,113,0.3566559303876313
long,1.3,114,0.07746951832213196
long,1.3,115,-0.10767046041640725
long,1.3,116,0.5470018553171037
long,1.3,117,0.23178497238727855
long,1.3,118,0.5566621721418427
long,1.3,119,0.12005787799590065
long,1.3,120,-0.12454650447948329
long,1.3,121,0.1871504745619965
long,1.3,122,0.6306273704068249
long,1.3,123,0.2248524300145132
long,1.3,124,-0.001880054624477168
long,1.3,125,0.6193699637307515
long,1.3,126,0.4844391742180316
long,1.3,127,0.7061491771224218
long,1.3,128,0.28758301331728886
long,1.3,129,0.28874279946233405
long,1.3,130,0.2547271464938398
long,1.3,131,0.14618690519287855
long,1.3,132,-0.2582925908088006
long,1.3,133,0.11887029519948061
long,1.3,134,-0.052501089932794884
long,1.3,135,0.1562755230385632
long,1.3,136,0.4285151449362753
long,1.3,137,0.11274982166819247
long,1.3,138,0.34909909843320674
long,1.3,139,0.1367120317688523
long,1.3,140,0.24549719629965194
long,1.3,141,0.3807225723824672
long,1.3,142,-0.02565410440154761
long,1.3,143,-0.12370660583211417
long,1.3,144,0.1116194536436425
long,1.3,145,0.0005328069565073611
long,1.3,146,0.3311264295810888
long,1.3,147,0.4517832858007562
long,1.3,148,0.19025170597847746
long,1.3,149,0.16588458683565505
long,1.3,150,0.14156789610202603
long,1.3,151,0.7830365954432693
long,1.3,152,-0.12839050196600268
long,1.3,153,0.4125830351399311
long,1.3,154,0.6196371105137586
long,1.3,155,0.026291256315409194
long,1.3,156,0.9442666888778771
long,1.3,157,0.5887641678132068
long,1.3,158,0.008593479630606192
long,1.3,159,0.06631094672674812
long,1.3,160,0.06912862815136063
long,1.3,161,0.5387839869394143
long,1.3,162,0.09013211437331894
long,1.3,163,0.046839678497481274
long,1.3,164,0.19413464418732737
long,1.3,165,0.033448980879848204
long,1.3,166,0.5304315034554695
long,1.3,167,0.16072338957660026
long,1.3,168,0.5941023749851176
long,1.3,169,1.0964133380284804
long,1.3,170,0.6651334552046055
long,1.3,171,0.08127050387446418
long,1.3,172,0.16368730989330435
long,1.3,173,0.09761185394494973
long,1.3,174,0.12310104364890746
long,1.3,175,0.4467459005832133
long,1.3,176,0.049396837588958784
long,1.3,177,0.4916961899691309
long,1.3,178,0.05837014350780575
long,1.3,179,0.04691149751575856
long,1.3,180,0.6646016686065986
long,1.3,181,0.4692064292429098
long,1.3,182,-0.15954432517404027
long,1.3,183,0.8814412303196183
long,1.3,184,0.25018106131961254
long,1.3,185,0.5078718736050666
long,1.3,186,-0.03421760471720245
long,1.3,187,0.9836824322377404
long,1.3,188,0.17843119546340053
long,1.3,189,0.7706765463434593
long,1.3,190,0.7918674750574716
long,1.3,191,0.3883700262337687
long,1.3,192,0.5177945328826561
long,1.3,193,0.5123094043877731
long,1.3,194,0.18710614759951658
long,1.3,195,1.2169052084310774
long,1.3,196,-0.04897181270617595
long,1.3,197,0.1348798828898262
long,1.3,198,0.3066710895037919
long,1.3,199,0.03837699936548472
long,1.3,200,-0.04700498065389501
long,1.3,201,0.3861057013677752
long,1.3,202,0.01432845779853323
long,1.3,203,0.10175834944619755
long,1.3,204,0.26468152295969255
long,1.3,205,-0.35087212684935654
long,1.3,206,0.04336111762944085
long,1.3,207,0.8645507549106013
long,1.3,208,0.6478306601031443
long,1.3,209,0.05311850201295745
long,1.3,210,0.6651945021852383
long,1.3,211,-0.15878015823585534
long,1.3,212,-0.08169202478215531
long,1.3,213,-0.044597809367564696
long,1.3,214,0.9629503492843643
long,1.3,215,0.29201039068027357
long,1.3,216,-0.07729516545591278
long,1.3,217,0.3319286700573928
long,1.3,218,0.0725971644920152
long,1.3,219,0.2639616852209979
long,1.3,220,0.21688079124203505
long,1.3,221,0.645917230086573
long,1.3,222,-0.17123114777185827
long,1.3,223,0.06436519301427242
long,1.3,224,0.7007251605372469
long,1.3,225,0.4206752671397477
long,1.3,226,0.5315373855471512
long,1.3,227,0.27321937803186347
long,1.3,228,0.8656699034559612
long,1.3,229,0.5009264372085988
long,1.3,230,-0.025427826136978082
long,1.3,231,0.18556041616440197
long,1.3,232,-0.1961483266282476
long,1.3,233,0.7346074334571927
long,1.3,234,0.4698614728723315
long,1.3,235,0.09456103547158341
long,1.3,236,0.24393758874264027
long,1.3,237,0.14462688990132938
long,1.3,238,0.023243328291486568
long,1.3,239,0.2517272843751205
long,1.3,240,-0.01415595594969165
long,1.3,241,0.21588864976057068
long,1.3,242,0.11963736980686283
long,1.3,243,0.24285407634638403
long,1.3,244,0.5388563645831613
long,1.3,245,0.18180000111609634
long,1.3,246,-0.050975035463784985
long,1.3,247,0.3988596855879983
long,1.3,248,-0.12254647691147609
long,1.3,249,0.9074813782518438
long,1.3,250,0.24936404316826644
long,1.3,251,0.002930603599147738
long,1.3,252,0.17850671409897811
long,1.3,253,0.1878604712831529
long,1.3,254,0.8472973342755692
long,1.3,255,-0.2254668637426819
long,1.3,256,-0.10373044173493265
long,1.3,257,0.2159674541519014
long,1.3,258,0.0012031438437386764
long,1.3,259,0.2889345006538071
long,1.3,260,-0.04206919931551854
long,1.3,261,0.4779569939157366
long,1.3,262,0.18663030535967717
long,1.3,263,-0.05369874099838812
long,1.3,264,0.5000128881882508
long,1.3,265,0.4952881938400125
long,1.3,266,0.02192313396799076
long,1.3,267,0.07797093336158886
long,1.3,268,0.44218842932310076
long,1.3,269,0.1352536471138825
long,1.3,270,-0.2625355652507822
long,1.3,271,0.328643774180815
long,1.3,272,-0.22353550895065055
long,1.3,273,0.8592999675114698
long,1.3,274,-0.07384211382288182
long,1.3,275,0.22079382837424125
long,1.3,276,0.34834073445751296
long,1.3,277,0.20444844882057198
long,1.3,278,0.6415876364535159
long,1.3,279,-0.205153657567026
long,1.3,280,0.1946346912011247
long,1.3,281,0.35708559142438867
long,1.3,282,0.7677635613417569
long,1.3,283,-0.1386613647373904
long,1.3,284,0.14072142680451974
long,1.3,285,0.6417417513494676
long,1.3,286,0.4375660121780132
long,1.3,287,0.026344093666493044
long,1.3,288,0.5137065395834163
long,1.3,289,0.5204147698380116
long,1.3,290,0.05528677907869626
long,1.3,291,0.10752789066577768
long,1.3,292,0.5017296019413517
long,1.3,293,0.8891777508181817
long,1.3,294,-0.1576305932801463
long,1.3,295,0.1621359779422115
long,1.3,296,0.043624128024282706
long,1.3,297,0.2482403090326324
long,1.3,298,0.22882405503681932
long,1.3,299,0.16949171722776912
long,1.3,300,0.4813798023846547
long,1.3,301,0.2495596543948024
long,1.3,302,0.722360990318059
long,1.3,303,0.7520667713462417
long,1.3,304,-0.3592005007477243
long,1.3,305,0.42174617569043643
long,1.3,306,0.7203585863065244
long,1.3,307,0.7057564593635577
long,1.3,308,0.21114235673409326
long,1.3,309,0.666092977140521
long,1.3,310,0.5765307949920883
long,1.3,311,-0.2725339478267783
long,1.3,312,0.8156128405475424
long,1.3,313,0.848336344496623
long,1.3,314,-0.23859640011327937
long,1.3,315,0.3467852665132614
long,1.3,316,0.06303421626966953
long,1.3,317,-0.16430567216992353
long,1.3,318,0.8682748703321979
long,1.3,319,-0.13936721581254086
long,1.3,320,0.9774050790093194
long,1.3,321,1.0289985361209992
long,1.3,322,0.07100118670951232
long,1.3,323,1.2754711266041445
long,1.3,324,0.18658349429659832
long,1.3,325,0.0573261457344359
long,1.3,326,0.3808889585371909
long,1.3,327,0.2759566062100783
long,1.3,328,0.11038817071448102
long,1.3,329,0.013183674507389519
long,1.3,330,0.5751555056852555
long,1.3,331,0.4822784742270251
long,1.3,332,-0.007417720318720233
long,1.3,333,0.10072208740184416
long,1.3,334,0.10574473050379078
long,1.3,335,0.2777852636521319
long,1.3,336,0.7713307777355272
long,1.3,337,-0.017564199720936095
long,1.3,338,-0.20695059889262693
long,1.3,339,0.4531795714457311
long,1.3,340,0.10688207474309895
long,1.3,341,0.3734489272907972
long,1.3,342,0.20627775746904994
long,1.3,343,0.8823160956140524
long,1.3,344,-0.12378496186235892
long,1.3,345,-0.09767960881414314
long,1.3,346,-0.12570202666640784
long,1.3,347,-0.08190554583954955
long,1.3,348,0.4407268451156538
long,1.3,349,0.21583379690750903
long,1.3,350,0.34585853210712075
long,1.3,351,0.08941823219786643
long,1.3,352,-0.11008449428411186
long,1.3,353,0.8879849172389619
long,1.3,354,0.4517293292147704
long,1.3,355,0.9416787699782562
long,1.3,356,-0.04554058589144936
long,1.3,357,-0.27112631152877054
long,1.3,358,-0.1479929962112771
long,1.3,359,0.5735831947765835
long,1.3,360,-0.10041635887695521
long,1.3,361,-0.18701519670947098
long,1.3,362,-0.29677486634583267
long,1.3,363,0.028106782401952256
long,1.3,364,0.31017278537608245
long,1.3,365,0.016818866956066873
long,1.3,366,0.28735307124812026
long,1.3,367,0.32681862281456453
long,1.3,368,0.9109434006372712
long,1.3,369,-0.3161380363817226
long,1.3,370,0.1598441599073926
long,1.3,371,-0.012964976127934954
long,1.3,372,0.6469402734821299
long,1.3,373,0.5595259830899859
long,1.3,374,0.5215077694929713
long,1.3,375,0.32841819148200774
long,1.3,376,0.8340871311698248
long,1.3,377,0.03307183414157347
long,1.3,378,0.0669969611503249
long,1.3,379,0.0758268629054298
long,1.3,380,0.4001112485836095
long,1.3,381,0.2486490104921569
long,1.3,382,-0.012302210977156048
long,1.3,383,-0.14571714738220454
long,1.3,384,0.19146734947178298
long,1.3,385,0.13531964813112055
long,1.3,386,0.2963274580746212
long,1.3,387,0.36557580378464893
long,1.3,388,0.18938369851796427
long,1.3,389,0.36630485712272853
long,1.3,390,0.06209274915232833
long,1.3,391,0.4835919963587292
long,1.3,392,0.23845572487581965
long,1.3,393,0.4224824429419577
long,1.3,394,0.858417113272296
long,1.3,395,0.6845956857182566
long,1.3,396,0.027131936297624674
long,1.3,397,0.24511803688847128
long,1.3,398,0.4316196316545612
long,1.3,399,0.681696590608706
long,1.3,400,0.10940476099367731
long,1.3,401,-0.13067882103426104
long,1.3,402,0.44065612333711995
long,1.3,403,0.22732411675004643
long,1.3,404,0.7845782529561162
long,1.3,405,0.1496031391615325
long,1.3,406,0.24146706891412217
long,1.3,407,0.24711680338176875
long,1.3,408,0.2368894229580966
long,1.3,409,0.44755061258081796
long,1.3,410,-0.22444082447737443
long,1.3,411,0.357325587624578
long,1.3,412,0.016300246392263792
long,1.3,413,0.8304125182303996
long,1.3,414,-0.2630053275791737
long,1.3,415,0.4067073683247632
long,1.3,416,0.5721765359439466
long,1.3,417,0.3478525959332876
long,1.3,418,0.3685423509204496
long,1.3,419,0.1758819208199609
long,1.3,420,-0.09157210552506513
long,1.3,421,0.5043498109009729
long,1.3,422,0.2654477281862588
long,1.3,423,0.15901798672601924
long,1.3,424,0.05873261258766489
long,1.3,425,0.2895680780701362
long,1.3,426,-0.13832197493921197
long,1.3,427,-0.2107774840655103
long,1.3,428,0.112755526489935
long,1.3,429,-0.0368886295252908
long,1.3,430,0.29542408153025324
long,1.3,431,0.2872633101928111
long,1.3,432,0.1954451269042559
long,1.3,433,0.5427232191578293
long,1.3,434,-0.23370384258643045
long,1.3,435,-0.05499510898000875
long,1.3,436,0.13592150390901675
long,1.3,437,-0.060894343237702944
long,1.3,438,-0.11453549465037755
long,1.3,439,0.15079541938623048
long,1.3,440,0.35293062440868966
long,1.3,441,0.06820449237186611
long,1.3,442,-0.025460683742411984
long,1.3,443,0.8300128202345484
long,1.3,444,0.23945509195724915
long,1.3,445,0.2989276102603927
long,1.3,446,0.8498295223327332
long,1.3,447,0.4795977712726796
long,1.3,448,0.3086558131278033
long,1.3,449,0.45155101892580163
long,1.3,450,-0.028643755185404168
long,1.3,451,-0.12561186253689513
long,1.3,452,0.44711105521828565
long,1.3,453,0.20511521791407952
long,1.3,454,0.5286467511474174
long,1.3,455,0.41162751361809935
long,1.3,456,0.4488648344726772
long,1.3,457,-0.016468755969302473
long,1.3,458,0.8130951846223009
long,1.3,459,-0.038244727348667615
long,1.3,460,0.009435812332227208
long,1.3,461,0.4236164044998224
long,1.3,462,0.10097888056209607
long,1.3,463,0.033780066125710606
long,1.3,464,0.548223497207482
long,1.3,465,0.38052113956267847
long,1.3,466,0.3301684972320236
long,1.3,467,0.12241386637099248
long,1.3,468,0.5858369056111778
long,1.3,469,0.9253719771715637
long,1.3,470,0.7041078058271759
long,1.3,471,0.5345723867676777
long,1.3,472,-0.2564280338920936
long,1.3,473,-0.041470470310459494
long,1.3,474,0.18469730937398737
long,1.3,475,0.8743596555057116
long,1.3,476,0.24706175826796786
long,1.3,477,0.4504583801608663
long,1.3,478,-0.03619972481001954
long,1.3,479,-0.004195179804761293
long,1.3,480,-0.006027414967794603
long,1.3,481,0.3200216116561044
long,1.3,482,0.32637076312377267
long,1.3,483,0.4299873824636873
long,1.3,484,0.15539198689644515
long,1.3,485,-0.17999027840029436
long,1.3,486,0.37109184745508556
long,1.3,487,0.2850161628669322
long,1.3,488,0.21701860287333916
long,1.3,489,0.5206357194748218
long,1.3,490,0.7431096660814479
long,1.3,491,0.7449732905451414
long,1.3,492,0.3717816919723126
long,1.3,493,0.03163600598214702
long,1.3,494,0.37023668836271173
long,1.3,495,0.4482450265198994
long,1.3,496,0.25547432894227834
long,1.3,497,0.40753022923519017
long,1.3,498,0.5197031221930478
long,1.3,499,0.2290864737489007
long,1.3,500,0.3738885444990911
long,1.3,501,0.6764514207362216
long,1.3,502,0.3394735214116681
long,1.3,503,0.06961084810983562
long,1.3,504,0.464814736359672
long,1.3,505,1.0053709628687573
long,1.3,506,-0.12094239399272974
long,1.3,507,0.26328557536469804
long,1.3,508,0.5293507859600352
long,1.3,509,0.10544850552689668
long,1.3,510,0.49873362197376925
long,1.3,511,0.7386113072500033
long,1.3,512,-0.09084407703074353
long,1.3,513,0.32377492671628116
long,1.3,514,0.3049705038140783
long,1.3,515,-0.01044869600459475
long,1.3,516,0.22136489147836075
long,1.3,517,0.4234844843513262
long,1.3,518,0.48161112344964374
long,1.3,519,0.24441225592243715
long,1.3,520,0.31480296409293906
long,1.3,521,0.08452078631246812
long,1.3,522,0.29486715066205693
long,1.3,523,0.46704131801232024
long,1.3,524,0.02195328837537419
long,1.3,525,0.1695769054239118
long,1.3,526,0.22813316040791187
long,1.3,527,0.30291227511211244
long,1.3,528,-0.19516989606251617
long,1.3,529,0.47998288617026197
long,1.3,530,-0.2528470028829037
long,1.3,531,0.5552164534108727
long,1.3,532,0.509178449218119
long,1.3,533,0.2999232554581747
long,1.3,534,0.4680030879045651
long,1.3,535,-0.13113633653524223
long,1.3,536,-0.16677862001645885
long,1.3,537,-0.020294700308392193
long,1.3,538,0.8288820797231546
long,1.3,539,0.4600782523063736
long,1.3,540,-0.11377233756524859
long,1.3,541,0.11075497551899471
long,1.3,542,-0.2199802732939926
long,1.3,543,0.07345315934331917
long,1.3,544,0.2538044408102671
long,1.3,545,0.2129891112585026
long,1.3,546,0.4688804412626984
long,1.3,547,0.007624353028290381
long,1.3,548,0.39459061271022344
long,1.3,549,-0.2117490336028076
long,1.3,550,0.5713404122452697
long,1.3,551,-0.2675699897760091
long,1.3,552,0.5323487999590859
long,1.3,553,0.3662168433871924
long,1.3,554,0.41869839579547746
long,1.3,555,-0.0018346391046092595
long,1.3,556,-0.16506631026217305
long,1.3,557,0.002356055627325438
long,1.3,558,0.5340334062587139
long,1.3,559,-0.08642999138184716
long,1.3,560,0.5229399637711819
long,1.3,561,0.3966842651495975
long,1.3,562,0.3176656550121423
long,1.3,563,0.016205137427692053
long,1.3,564,0.0678125592613764
long,1.3,565,0.5775981262923903
long,1.3,566,0.22650921904252422
long,1.3,567,0.5406875163357159
long,1.3,568,0.05564782844764712
long,1.3,569,-0.1251260535451037
long,1.3,570,-0.1355746005907751
long,1.3,571,0.41419574259412895
long,1.3,572,0.12164801589423291
long,1.3,573,0.5604512295599405
long,1.3,574,-0.016873638489103594
long,1.3,575,0.015770763082375704
long,1.3,576,0.1826581992029661
long,1.3,577,0.5813022361311078
long,1.3,578,0.13173972200183956
long,1.3,579,0.01486351892469091
long,1.3,580,0.35414200382607175
long,1.3,581,0.4656587109557181
long,1.3,582,0.07293639038533913
long,1.3,583,0.0016634014907317735
long,1.3,584,0.5516795828773685
long,1.3,585,-0.20509815004259532
long,1.3,586,0.20669155678815831
long,1.3,587,-0.017712554143870917
long,1.3,588,-0.06958253800680898
long,1.3,589,0.25781016065800805
long,1.3,590,0.1649845719079222
long,1.3,591,0.07289482099898868
long,1.3,592,0.3030677040466206
long,1.3,593,0.7489672745215613
long,1.3,594,0.192379509957247
long,1.3,595,0.11353605811754294
long,1.3,596,0.2560329288043024
long,1.3,597,0.22996846573909888
long,1.3,598,0.22919362029380477
long,1.3,599,-0.20814819296938114
long,1.3,600,-0.2856426354843531
long,1.3,601,0.4740917350078101
long,1.3,602,0.36415064046113055
long,1.3,603,0.3805188309317738
long,1.3,604,-0.08953808215721155
long,1.3,605,-0.10939551108711956
long,1.3,606,0.11390972849482753
long,1.3,607,0.840846360979024
long,1.3,608,0.5085632764380891
long,1.3,609,0.23891821141624506
long,1.3,610,-0.06510976413502391
long,1.3,611,0.21112968114669872
long,1.3,612,0.34598325507590844
long,1.3,613,0.11844176348218892
long,1.3,614,0.18315664869440107
long,1.3,615,0.8233160195007145
long,1.3,616,-0.15755138152851694
long,1.3,617,0.1562514425964549
long,1.3,618,-0.020263261536384306
long,1.3,619,0.08501654654331804
long,1.3,620,0.621031284886324
long,1.3,621,0.620588712162894
long,1.3,622,0.36816014089533067
long,1.3,623,0.40713887071409227
long,1.3,624,0.32406873301815936
long,1.3,625,-0.022675885012955425
long,1.3,626,0.35225761083495416
long,1.3,627,1.007459393591011
long,1.3,628,0.7956204253196189
long,1.3,629,-0.14789190955448273
long,1.3,630,0.036936594459218416
long,1.3,631,0.022075206968831043
long,1.3,632,0.5287606635057281
long,1.3,633,0.8399158767435083
long,1.3,634,-0.1472631235540484
long,1.3,635,0.08637245049799924
long,1.3,636,0.5943051591521844
long,1.3,637,-0.1597484422434242
long,1.3,638,0.4013887022153301
long,1.3,639,-0.08478283312993526
long,1.3,640,0.6333519750484852
long,1.3,641,0.42926844228203725
long,1.3,642,0.3113148858908282
long,1.3,643,0.1723932759274918
long,1.3,644,0.23756087015704697
long,1.3,645,-0.09195567112991379
long,1.3,646,-0.1441532624523899
long,1.3,647,0.34980543071426506
long,1.3,648,0.11148458268611723
long,1.3,649,0.010178453457535463
long,1.3,650,0.11929200391730076
long,1.3,651,0.474949589992761
long,1.3,652,0.32328535568501005
long,1.3,653,0.46104446727034315
long,1.3,654,0.2998694301572733
long,1.3,655,-0.185422572675777
long,1.3,656,0.6319197083504523
long,1.3,657,0.2795821402234117
long,1.3,658,-0.11683572538586151
long,1.3,659,0.3239005634609413
long,1.3,660,0.26549361395965015
long,1.3,661,0.30611337392707266
long,1.3,662,-0.013114466857854673
long,1.3,663,0.6385676783132768
long,1.3,664,0.6198660447486721
long,1.3,665,0.4127730011639551
long,1.3,666,0.56197075450836
long,1.3,667,0.10699954505879655
long,1.3,668,-0.0240357516943983
long,1.3,669,0.06418208415114825
long,1.3,670,0.4136181307262724
long,1.3,671,0.8462250238493481
long,1.3,672,-0.10950245080429609
long,1.3,673,0.01397102859548217
long,1.3,674,0.2931689885928968
long,1.3,675,0.03532653299551568
long,1.3,676,0.15136805427141617
long,1.3,677,0.1612407907699705
long,1.3,678,0.32075763927267187
long,1.3,679,0.32735482794178605
long,1.3,680,0.7090505268317843
long,1.3,681,0.2676426637060727
long,1.3,682,0.004695669476021817
long,1.3,683,0.972164971055093
long,1.3,684,0.17011025669296917
long,1.3,685,0.031629304080019266
long,1.3,686,0.09875930835799741
long,1.3,687,0.2487446148776257
long,1.3,688,-0.1287289334232921
long,1.3,689,-0.2857756075310213
long,1.3,690,0.07838263175290822
long,1.3,691,0.054493150692933014
long,1.3,692,0.21463272011280682
long,1.3,693,0.1871823755192256
long,1.3,694,0.07675357197725002
long,1.3,695,0.18661478555532166
long,1.3,696,0.022020194319531384
long,1.3,697,0.24699704352545765
long,1.3,698,-0.020137031898739263
long,1.3,699,0.551000289843927
long,1.3,700,0.4450393101681888
long,1.3,701,0.2867651673238164
long,1.3,702,-0.3503215779646005
long,1.3,703,0.13772736826758344
long,1.3,704,0.3117884235504127
long,1.3,705,0.19655341131613133
long,1.3,706,-0.07790249535406092
long,1.3,707,0.04141066169401537
long,1.3,708,-0.19303941077622103
long,1.3,709,0.3986681638510521
long,1.3,710,0.055850131736422864
long,1.3,711,0.17088248787102947
long,1.3,712,-0.09977004385686129
long,1.3,713,0.37984390137197915
long,1.3,714,0.1504028057242179
long,1.3,715,0.4810510657579197
long,1.3,716,0.8669903938437289
long,1.3,717,0.26720409306789267
long,1.3,718,-0.2579982546823335
long,1.3,719,-0.07398391801090762
long,1.3,720,0.04981544950935329
long,1.3,721,0.24936916174117446
long,1.3,722,0.04981296154383956
long,1.3,723,0.08349455595988219
long,1.3,724,0.31023465675986744
long,1.3,725,0.009489077208097283
long,1.3,726,-0.028432362431325704
long,1.3,727,-0.09657361111788021
long,1.3,728,0.161816214751064
long,1.3,729,-0.0962310675450774
long,1.3,730,0.3276561437133543
long,1.3,731,0.612126336333072
long,1.3,732,-0.13101337844878444
long,1.3,733,0.5223919026935333
long,1.3,734,0.3362306644985816
long,1.3,735,0.37577410978013054
long,1.3,736,0.4492251886763435
long,1.3,737,-0.05480258248848886
long,1.3,738,0.24956176158079393
long,1.3,739,0.31337327474456284
long,1.3,740,0.08561519727854518
long,1.3,741,-0.09666537396204156
long,1.3,742,-0.12388212678396854
long,1.3,743,0.4351673442816699
long,1.3,744,0.3703313439114692
long,1.3,745,0.7992745990602386
long,1.3,746,0.5130472723654904
long,1.3,747,0.36609471389934
long,1.3,748,0.17697651697108596
long,1.3,749,0.14062811907083017
long,1.3,750,0.35374016625910343
long,1.3,751,0.07998270962520315
long,1.3,752,0.4098845417051091
long,1.3,753,0.35722488867253416
long,1.3,754,0.07981215680217223
long,1.3,755,0.45165703422499937
long,1.3,756,0.4478775188829735
long,1.3,757,-0.07374388378218044
long,1.3,758,0.2870415650016103
long,1.3,759,0.5816748677833572
long,1.3,760,-0.24931684470356016
long,1.3,761,0.49985563270368694
long,1.3,762,-0.06546852558515094
long,1.3,763,0.334877681645501
long,1.3,764,0.2557389199659603
long,1.3,765,-0.3530269321763157
long,1.3,766,0.3653606417370652
long,1.3,767,0.10500192065311885
long,1.3,768,0.6393773353182529
long,1.3,769,0.20932263552191396
long,1.3,770,0.2206166452556158
long,1.3,771,0.32899611616112084
long,1.3,772,-0.02085619642652063
long,1.3,773,-0.15365851149540363
long,1.3,774,-0.01018215082541201
long,1.3,775,0.30032143937312306
long,1.3,776,0.14971713736647974
long,1.3,777,0.36310146414828437
long,1.3,778,0.7401256476238122
long,1.3,779,0.44122749074357687
long,1.3,780,0.33453787507727895
long,1.3,781,0.006202681402622294
long,1.3,782,0.1989108066720043
long,1.3,783,0.890369782658805
long,1.3,784,1.1449394099920567
long,1.3,785,0.3543454560005772
long,1.3,786,0.40240357934225107
long,1.3,787,0.3465258138654223
long,1.3,788,0.33177114313310274
long,1.3,789,-0.03132125076875161
long,1.3,790,0.0771851907819409
long,1.3,791,-0.18172764302696703
long,1.3,792,0.1472549758085901
long,1.3,793,-0.05405588641191242
long,1.3,794,0.3359286429309844
long,1.3,795,0.07535888549068002
long,1.3,796,0.4930838555612558
long,1.3,797,0.211744357363787
long,1.3,798,0.42530491450723024
long,1.3,799,0.09147291422256142
long,1.3,800,0.4820968683781656
long,1.3,801,-0.532020496289435
long,1.3,802,0.12008594492650156
long,1.3,803,-0.023212519706938405
long,1.3,804,0.28782986734248633
long,1.3,805,-0.20413731855366932
long,1.3,806,0.5112465453734266
long,1.3,807,0.4015133348105519
long,1.3,808,0.1513225227627774
long,1.3,809,-0.17698530676512975
long,1.3,810,0.46868860075354263
long,1.3,811,1.2964170544833333
long,1.3,812,0.8939402711880691
long,1.3,813,0.07351873322928526
long,1.3,814,0.2088016123745625
long,1.3,815,-0.2386880030025707
long,1.3,816,-0.17026642513575482
long,1.3,817,-0.3347605949592981
long,1.3,818,0.38558578902418394
long,1.3,819,0.215449276791863
long,1.3,820,0.7349191926738182
long,1.3,821,-0.14362469484811774
long,1.3,822,-0.13527828885944745
long,1.3,823,0.20009370710843477
long,1.3,824,0.36287935737504784
long,1.3,825,0.588624042201562
long,1.3,826,-0.05433700296444786
long,1.3,827,-0.1901555185167459
long,1.3,828,-0.08245062912338393
long,1.3,829,0.5847864757937772
long,1.3,830,-0.3290165840851336
long,1.3,831,0.07436802709044699
long,1.3,832,0.12952771088194912
long,1.3,833,-0.17534819198833695
long,1.3,834,0.03366950021886613
long,1.3,835,0.07818310409707836
long,1.3,836,0.002635360002621806
long,1.3,837,0.3478009929290563
long,1.3,838,0.39125053711118746
long,1.3,839,0.20012678918606003
long,1.3,840,0.17676409866395637
long,1.3,841,0.8809258748768386
long,1.3,842,0.09777758095333493
long,1.3,843,0.09454778552084454
long,1.3,844,-0.1262623098412049
long,1.3,845,0.13058258667787506
long,1.3,846,0.507226087735883
long,1.3,847,-0.0498628269584809
long,1.3,848,0.07322463086877724
long,1.3,849,0.8112926845834035
long,1.3,850,0.4056574292085206
long,1.3,851,0.5189054352857959
long,1.3,852,-0.14737230994270953
long,1.3,853,0.05957632521752296
long,1.3,854,0.35261683737222577
long,1.3,855,0.5371637254832611
long,1.3,856,0.10571334763710483
long,1.3,857,0.17533026670330198
long,1.3,858,0.21776172007808067
long,1.3,859,0.40873775537921025
long,1.3,860,0.1687616965342013
long,1.3,861,0.04074752782847035
long,1.3,862,0.04825248012758016
long,1.3,863,0.1393141746777646
long,1.3,864,0.01960522192010837
long,1.3,865,0.32849620088153214
long,1.3,866,0.011868665682704069
long,1.3,867,0.15009440658202775
long,1.3,868,0.4106846573544811
long,1.3,869,0.10592994421511308
long,1.3,870,0.18327975343566585
long,1.3,871,0.5629076474692818
long,1.3,872,0.22945226216210904
long,1.3,873,0.10858168312457413
long,1.3,874,0.4234241956768127
long,1.3,875,0.20094888638235617
long,1.3,876,0.9498590237065442
long,1.3,877,-0.30554692825875607
long,1.3,878,0.03925655443677038
long,1.3,879,-0.0930569289557529
long,1.3,880,-0.16311343254824073
long,1.3,881,0.34056595243004706
long,1.3,882,0.6362684837391367
long,1.3,883,-0.29580061110623446
long,1.3,884,0.36490657738885685
long,1.3,885,-0.038293538813710705
long,1.3,886,0.48777358819852995
long,1.3,887,0.3880925611417358
long,1.3,888,0.08086424773843941
long,1.3,889,0.3183890213809986
long,1.3,890,0.5436604554183471
long,1.3,891,0.3216941517744503
long,1.3,892,0.6193641638082478
long,1.3,893,0.1406426859937265
long,1.3,894,0.4190409400134498
long,1.3,895,0.253195275197889
long,1.3,896,0.3594844681766498
long,1.3,897,0.4141087380748941
long,1.3,898,0.5246702576481768
long,1.3,899,-0.09192924526204917
long,1.3,900,0.2226663449870982
long,1.3,901,-0.2205007666508779
long,1.3,902,0.6815601736412651
long,1.3,903,0.14281735035357623
long,1.3,904,-0.0022382351502540786
long,1.3,905,0.9757979643663096
long,1.3,906,0.3564681234202125
long,1.3,907,0.598299688067224
long,1.3,908,0.3719636456574819
long,1.3,909,0.6482490317563058
long,1.3,910,0.48557802240303094
long,1.3,911,0.0661278331237997
long,1.3,912,0.033209855360631764
long,1.3,913,0.9661658026894042
long,1.3,914,0.14069943959349845
long,1.3,915,-0.0867613165212791
long,1.3,916,0.13783517119045013
long,1.3,917,1.1702158111879006
long,1.3,918,0.32388367848302835
long,1.3,919,-0.019901208364617638
long,1.3,920,0.058523614052128234
long,1.3,921,0.4860909841650732
long,1.3,922,-0.24353122593052956
long,1.3,923,-0.2819763723172864
long,1.3,924,-0.19986431787339726
long,1.3,925,0.48233905806243754
long,1.3,926,-0.498324591000193
long,1.3,927,0.24590697370820291
long,1.3,928,0.8750059461394882
long,1.3,929,0.2977317065796479
long,1.3,930,0.44105747831761005
long,1.3,931,0.5635265028081664
long,1.3,932,0.33215573219191624
long,1.3,933,0.21116469215394984
long,1.3,934,0.13561119140385275
long,1.3,935,0.12394221084158957
long,1.3,936,0.9237573474525806
long,1.3,937,-0.16481049535423267
long,1.3,938,0.3465429156627792
long,1.3,939,0.562484710077023
long,1.3,940,0.2566965229890223
long,1.3,941,0.2491570270058995
long,1.3,942,-0.03812523408917001
long,1.3,943,-0.06476838468121195
long,1.3,944,0.029424453001681925
long,1.3,945,0.020701185653451016
long,1.3,946,0.13551420199338984
long,1.3,947,0.5996091232179032
long,1.3,948,0.26432998489806925
long,1.3,949,0.2969265326300634
long,1.3,950,0.15328785358845462
long,1.3,951,0.6348512016984676
long,1.3,952,0.3076450756012142
long,1.3,953,-0.0007728105638919296
long,1.3,954,0.08325183016045884
long,1.3,955,-0.16910526471113693
long,1.3,956,0.5026208942673214
long,1.3,957,0.06199893696244949
long,1.3,958,1.1039177161599494
long,1.3,959,0.41103161778625713
long,1.3,960,0.09162819578896168
long,1.3,961,-0.023225909066263133
long,1.3,962,0.08300291255102793
long,1.3,963,0.38584300883991296
long,1.3,964,0.18861806190314725
long,1.3,965,0.88737925458608
long,1.3,966,0.6718620808593998
long,1.3,967,0.320456614927886
long,1.3,968,0.24716677885670335
long,1.3,969,0.24382315676637253
long,1.3,970,0.4812367662891126
long,1.3,971,-0.09556508684942962
long,1.3,972,0.18536425372812532
long,1.3,973,0.3946122654297961
long,1.3,974,0.1839699304663263
long,1.3,975,0.04471337783838047
long,1.3,976,0.14078334331220488
long,1.3,977,0.10697442187198473
long,1.3,978,-0.17133414961200835
long,1.3,979,0.04236563441420068
long,1.3,980,-0.03283565308323523
long,1.3,981,0.11479009714963508
long,1.3,982,0.23008256883537948
long,1.3,983,0.1210441287363189
long,1.3,984,0.7109755726039048
long,1.3,985,0.5748651021322657
long,1.3,986,0.060557718048214304
long,1.3,987,0.27394331106370146
long,1.3,988,0.32046924269025984
long,1.3,989,0.06377629501780627
long,1.3,990,0.1711984117953086
long,1.3,991,0.37944829780301925
long,1.3,992,-0.22378474619170075
long,1.3,993,0.33546420648308817
long,1.3,994,0.581974123498883
long,1.3,995,0.13008657390019304
long,1.3,996,0.3846688272530902
long,1.3,997,0.4668036974440318
long,1.3,998,0.09112702957968187
long,1.3,999,0.7056099903347027
long,1.3,1000,0.14696580479396745
long,1.3,1001,-0.06665979224154103
long,1.3,1002,0.17657730636674845
long,1.3,1003,0.1927143677362675
long,1.3,1004,-0.24244606429887208
long,1.3,1005,0.06802563506833652
long,1.3,1006,0.22778142889143793
long,1.3,1007,0.3996233474410695
long,1.3,1008,0.01917957704346618
long,1.3,1009,0.15325277339466034
long,1.3,1010,-0.13328059525004446
long,1.3,1011,0.3137662360712715
long,1.3,1012,0.11100253778757045
long,1.3,1013,0.644091568161165
long,1.3,1014,-0.17162586311764017
long,1.3,1015,-0.12228409958960676
long,1.3,1016,0.09096702210309313
long,1.3,1017,0.7266792708664641
long,1.3,1018,0.9413579148611952
long,1.3,1019,-0.08398633844892048
long,1.3,1020,0.9653888918606118
long,1.3,1021,-0.2056653512641845
long,1.3,1022,-0.02448692915663582
long,1.3,1023,0.545878507551699
long,1.3,1024,0.44615571720597863
long,1.3,1025,0.3569120015332869
long,1.3,1026,-0.23778963474331302
long,1.3,1027,0.7266892091918556
long,1.3,1028,0.6012225245336196
long,1.3,1029,0.8765670137634199
long,1.3,1030,0.3048572676138767
long,1.3,1031,-0.09907601356991128
long,1.3,1032,-0.0011700506848620685
long,1.3,1033,0.3420576352779927
long,1.3,1034,-0.2887461441089821
long,1.3,1035,0.22312933754412909
long,1.3,1036,0.07325148418457653
long,1.3,1037,-0.12318197395979656
long,1.3,1038,0.14784222288934568
long,1.3,1039,0.3552843305904711
long,1.3,1040,-0.24604803680780624
long,1.3,1041,-0.21132400837350102
long,1.3,1042,0.0007537080521845695
long,1.3,1043,0.11649883440014963
long,1.3,1044,0.0027589621067117803
long,1.3,1045,0.18500401399737607
long,1.3,1046,0.11894381654262595
long,1.3,1047,-0.30623624197305693
long,1.3,1048,-0.28805769577196205
long,1.3,1049,0.45973002626188175
long,1.3,1050,0.522803261304226
long,1.3,1051,0.3510412267946642
long,1.3,1052,0.1938968524923457
long,1.3,1053,0.23819938806422322
long,1.3,1054,0.08712180245676591
long,1.3,1055,0.252840032895951
long,1.3,1056,-0.06394939899274027
long,1.3,1057,0.2416240926585743
long,1.3,1058,1.114099358289697
long,1.3,1059,0.03373035721231551
long,1.3,1060,0.2614051153429342
long,1.3,1061,0.7009542298581762
long,1.3,1062,0.9029949419664984
long,1.3,1063,0.026855747163314486
long,1.3,1064,-0.14847388409568668
long,1.3,1065,0.16889464329479756
long,1.3,1066,0.36146678368230317
long,1.3,1067,0.16845066989169305
long,1.3,1068,-0.4758540669877027
long,1.3,1069,-0.20540987493809498
long,1.3,1070,-0.16109916430125948
long,1.3,1071,0.19698442647729977
long,1.3,1072,0.12026198256788022
long,1.3,1073,0.5194368036500441
long,1.3,1074,-0.17332778726645692
long,1.3,1075,0.6385658230130021
long,1.3,1076,0.6613226651031547
long,1.3,1077,0.7261610364209534
long,1.3,1078,-0.038985532079107425
long,1.3,1079,0.5568026749308254
long,1.3,1080,-0.13424220919675278
long,1.3,1081,0.35237539964445014
long,1.3,1082,-0.22203703168069547
long,1.3,1083,0.5213473465037296
long,1.3,1084,-0.08027693385680534
long,1.3,1085,0.49022747891359764
long,1.3,1086,-0.4133217657322391
long,1.3,1087,0.22194138721307205
long,1.3,1088,0.4874651391649513
long,1.3,1089,0.0893991372552196
long,1.3,1090,0.034182811703217936
long,1.3,1091,-0.06769473120812979
long,1.3,1092,0.2745922515762218
long,1.3,1093,0.14143916510277832
long,1.3,1094,0.12230153296242162
long,1.3,1095,0.3124937406171271
long,1.3,1096,-0.13442919287106442
long,1.3,1097,1.094685270325037
long,1.3,1098,0.530915550058087
long,1.3,1099,0.4413320089583503
long,1.3,1100,-0.301640231078418
long,1.3,1101,0.6141725485062592
long,1.3,1102,0.2626396288642186
long,1.3,1103,0.7883878222341416
long,1.3,1104,0.5489384362971003
long,1.3,1105,0.44128246452312053
long,1.3,1106,0.049482148589988034
long,1.3,1107,-0.25465889278071635
long,1.3,1108,-0.06339392376267679
long,1.3,1109,0.1397860135370978
long,1.3,1110,0.5390482315050705
long,1.3,1111,0.3440562323452736
long,1.3,1112,0.7761732231750197
long,1.3,1113,0.22480301884437054
long,1.3,1114,-0.04699761144974891
long,1.3,1115,0.5220652871833695
long,1.3,1116,0.04472577140446892
long,1.3,1117,-0.16703412856845057
long,1.3,1118,0.20181858491729981
long,1.3,1119,0.14555579535415772
long,1.3,1120,0.6626224213601061
long,1.3,1121,0.1441945583159706
long,1.3,1122,0.4516858207156688
long,1.3,1123,0.0819607895886463
long,1.3,1124,-0.11902440047748059
long,1.3,1125,0.3517923876314766
long,1.3,1126,-0.3711852048527761
long,1.3,1127,0.30888795603234714
long,1.3,1128,0.4417249253884066
long,1.3,1129,-0.1402165930554684
long,1.3,1130,0.5443664712067274
long,1.3,1131,-0.01969672899357351
long,1.3,1132,0.34859069072993
long,1.3,1133,0.2422480250873759
long,1.3,1134,0.6800131908919457
long,1.3,1135,0.47066225208209456
long,1.3,1136,0.37830719200061746
long,1.3,1137,-0.12974858195002356
long,1.3,1138,0.6035580472321174
long,1.3,1139,0.15757196220501246
long,1.3,1140,-0.08602123216879007
long,1.3,1141,0.22797612718107566
long,1.3,1142,0.5359948597284526
long,1.3,1143,0.134996177383618
long,1.3,1144,-0.20565914846905745
long,1.3,1145,0.7843841962933663
long,1.3,1146,-0.15089958384771884
long,1.3,1147,0.03086648496065743
long,1.3,1148,0.3474479085062258
long,1.3,1149,0.12266349471165526
long,1.3,1150,0.006196297035199758
long,1.3,1151,-0.03355446369003775
long,1.3,1152,-0.185941266769506
long,1.3,1153,0.6645624549739396
long,1.3,1154,0.259451835931825
long,1.3,1155,0.0821114833499764
long,1.3,1156,0.28270805497603296
long,1.3,1157,0.5634564604152468
long,1.3,1158,0.14992465218098824
long,1.3,1159,0.5843452847110743
long,1.3,1160,-0.15199481169178147
long,1.3,1161,-0.04315270217288392
long,1.3,1162,0.6992816391848546
long,1.3,1163,-0.018385148824050967
long,1.3,1164,0.20848104331017406
long,1.3,1165,0.24050635351233324
long,1.3,1166,0.19163577063578202
long,1.3,1167,-0.011938189652521846
long,1.3,1168,0.19832695144398604
long,1.3,1169,0.5895842832257501
long,1.3,1170,0.1495178448369147
long,1.3,1171,0.199587454539204
long,1.3,1172,-0.27340122100822284
long,1.3,1173,0.6924907375069097
long,1.3,1174,0.3091394605265427
long,1.3,1175,-0.0086912952017079
long,1.3,1176,-0.07308579652727852
long,1.3,1177,0.503890507098175
long,1.3,1178,0.40779143260436757
long,1.3,1179,0.5638836559067146
long,1.3,1180,0.23145397781346894
long,1.3,1181,0.04567829888302975
long,1.3,1182,0.13209407636555515
long,1.3,1183,0.034884809598037296
long,1.3,1184,0.44978558793652373
long,1.3,1185,0.4504808273547339
long,1.3,1186,-0.13054869428380592
long,1.3,1187,0.23622449905347662
long,1.3,1188,0.31660550296729933
long,1.3,1189,0.29445691792363704
long,1.3,1190,0.5392339954864209
long,1.3,1191,-0.1350667404369639
long,1.3,1192,0.46272338125010776
long,1.3,1193,0.5706110924588782
long,1.3,1194,0.022387628678964003
long,1.3,1195,0.5300750237335736
long,1.3,1196,1.076845230694839
long,1.3,1197,0.7875530191635559
long,1.3,1198,0.4808285800608742
long,1.3,1199,0.3131785061951036
long,1.3,1200,0.16780253095832912
long,1.3,1201,0.17278015233708727
long,1.3,1202,0.10368710257045327
long,1.3,1203,0.00077757747127123
long,1.3,1204,0.19611848504841708
long,1.3,1205,0.10638572273117318
long,1.3,1206,-0.10633887672997391
long,1.3,1207,-0.18299134641684187
long,1.3,1208,0.0470614234511948
long,1.3,1209,0.3884048694683631
long,1.3,1210,0.41919288802278076
long,1.3,1211,0.017818306717788175
long,1.3,1212,0.18656645470296618
long,1.3,1213,0.6246722871304273
long,1.3,1214,0.27537095197055794
long,1.3,1215,-0.32950659232000795
long,1.3,1216,-0.19184815315567474
long,1.3,1217,0.6806679723484983
long,1.3,1218,0.08712711126369357
long,1.3,1219,0.12299858448694015
long,1.3,1220,0.3118705850673476
long,1.3,1221,0.20161971822410577
long,1.3,1222,0.176490116334712
long,1.3,1223,0.5861294648388364
long,1.3,1224,0.10058897164457782
long,1.3,1225,-0.02235888912605247
long,1.3,1226,0.09843303861363423
long,1.3,1227,0.17399207952306447
long,1.3,1228,0.2965919257938125
long,1.3,1229,-0.008060413263766985
long,1.3,1230,0.46560607309786495
long,1.3,1231,0.7396018551021568
long,1.3,1232,-0.06269001525914131
long,1.3,1233,0.5359225286459351
long,1.3,1234,0.29615875859131585
long,1.3,1235,0.41424765837032695
long,1.3,1236,0.39083371934475536
long,1.3,1237,0.19570404701844898
long,1.3,1238,0.46950849268461975
long,1.3,1239,0.08821554680302554
long,1.3,1240,0.22799289471194678
long,1.3,1241,0.002561142674459089
long,1.3,1242,0.5617161734308713
long,1.3,1243,0.09223181700261282
long,1.3,1244,0.37082596175111804
long,1.3,1245,0.30010027582034693
long,1.3,1246,0.32438069238592027
long,1.3,1247,0.5001940893436547
long,1.3,1248,0.059426587114805064
long,1.3,1249,0.06571192259989225
long,1.3,1250,-0.10638101946390902
long,1.3,1251,0.4003943726773327
long,1.3,1252,0.17110769584088817
long,1.3,1253,0.5563268787760521
long,1.3,1254,-0.11783251987245792
long,1.3,1255,0.16227473543454407
long,1.3,1256,0.41999428297342456
long,1.3,1257,0.466159333097887
long,1.3,1258,0.07184136686767258
long,1.3,1259,0.21159390748529544
long,1.3,1260,0.11717495621090009
long,1.3,1261,0.0014352164928969938
long,1.3,1262,0.12067346124667984
long,1.3,1263,0.21212775432649097
long,1.3,1264,0.2690345578759645
long,1.3,1265,0.024266497532741838
long,1.3,1266,-0.18533389718500384
long,1.3,1267,0.11185750005124209
long,1.3,1268,0.13751802543427946
long,1.3,1269,-0.02656764239930942
long,1.3,1270,0.14990478542290092
long,1.3,1271,0.3051467588825725
long,1.3,1272,0.2956060668638749
long,1.3,1273,0.31809883624346225
long,1.3,1274,0.05017500003730331
long,1.3,1275,0.31036583406926144
long,1.3,1276,-0.1286736853713771
long,1.3,1277,0.10577541215975364
long,1.3,1278,0.1610096596304948
long,1.3,1279,0.30566816048826806
long,1.3,1280,-0.24234961151108148
long,1.3,1281,0.237408757880667
long,1.3,1282,0.457796590790973
long,1.3,1283,-0.07409276595715092
long,1.3,1284,0.10160692618952738
long,1.3,1285,0.05207285318907087
long,1.3,1286,0.21031222598290564
long,1.3,1287,0.5713250461819471
long,1.3,1288,0.23215787050522324
long,1.3,1289,-0.00011977748113191803
long,1.3,1290,0.3501966232861088
long,1.3,1291,0.13639326156470072
long,1.3,1292,-0.2787803188756057
long,1.3,1293,0.29298628967462975
long,1.3,1294,0.008348340704700348
long,1.3,1295,0.1651867871326829
long,1.3,1296,0.16810531921535354
long,1.3,1297,0.323198652907977
long,1.3,1298,0.18835807241484764
long,1.3,1299,0.39329641391991
long,1.3,1300,0.9408253990398612
long,1.3,1301,-0.12399484494120089
long,1.3,1302,0.16088067648860838
long,1.3,1303,0.17976909782768405
long,1.3,1304,0.626551807172652
long,1.3,1305,-0.25671493339628415
long,1.3,1306,0.05293814360609048
long,1.3,1307,0.5079216559672138
long,1.3,1308,0.7142290088437802
long,1.3,1309,0.5500995934524584
long,1.3,1310,-0.17754014643335683
long,1.3,1311,0.1559167455009439
long,1.3,1312,0.40582235844977926
long,1.3,1313,-0.039263005800303064
long,1.3,1314,0.3427498220246232
long,1.3,1315,0.40173149407152214
long,1.3,1316,0.0322752040934224
long,1.3,1317,0.4850405882393212
long,1.3,1318,-0.16970711832396662
long,1.3,1319,-0.13515937546856907
long,1.3,1320,0.11813761641773218
long,1.3,1321,0.056111055244709405
long,1.3,1322,0.18531486605415612
long,1.3,1323,0.6733345918057781
long,1.3,1324,0.15991639592978843
long,1.3,1325,0.0020683435689586114
long,1.3,1326,0.5875579948501501
long,1.3,1327,0.5870234793804884
long,1.3,1328,0.458683738061273
long,1.3,1329,-0.34360743802208765
long,1.3,1330,0.423505629229248
long,1.3,1331,0.6917276832303649
long,1.3,1332,0.21672310216558527
long,1.3,1333,0.07014085667094659
long,1.3,1334,0.4620166934019836
long,1.3,1335,0.07262439337195109
long,1.3,1336,0.07016124431356117
long,1.3,1337,-0.0016012217542408337
long,1.3,1338,0.38762809626151123
long,1.3,1339,0.20809935475145758
long,1.3,1340,-0.0023049774251570113
long,1.3,1341,0.057830111503549705
long,1.3,1342,0.19291332407947714
long,1.3,1343,-0.16666826790099273
long,1.3,1344,0.12461018019927331
long,1.3,1345,0.011496803451396614
long,1.3,1346,0.20640291377878028
long,1.3,1347,0.30814739164946103
long,1.3,1348,0.3128552239127589
long,1.3,1349,-0.11401297840201431
long,1.3,1350,0.5218927797508351
long,1.3,1351,0.057534255648864406
long,1.3,1352,0.18316836298663056
long,1.3,1353,0.3986886773161167
long,1.3,1354,0.4107916989726081
long,1.3,1355,-0.18322570437502697
long,1.3,1356,0.061665423556259175
long,1.3,1357,1.365754049586198
long,1.3,1358,1.160619827351689
long,1.3,1359,0.11073186898735193
long,1.3,1360,0.08309203143604396
long,1.3,1361,0.18737796617307326
long,1.3,1362,0.3232792029152429
long,1.3,1363,0.22782967758368827
long,1.3,1364,-0.01721989098503294
long,1.3,1365,0.05237952770418516
long,1.3,1366,0.7697647411394012
long,1.3,1367,0.41018213996224034
long,1.3,1368,0.5874291932947174
long,1.3,1369,0.8723630336388766
long,1.3,1370,0.15331307725777818
long,1.3,1371,0.7633482311410349
long,1.3,1372,0.948770325307419
long,1.3,1373,0.586291815800672
long,1.3,1374,0.5239374856365999
long,1.3,1375,0.09895093954825472
long,1.3,1376,-0.19017678508840857
long,1.3,1377,-0.20086775946735416
long,1.3,1378,0.25101874310683675
long,1.3,1379,0.14231008510441118
long,1.3,1380,-0.21402586794776657
long,1.3,1381,0.11519927463958489
long,1.3,1382,0.46234604378599586
long,1.3,1383,-0.08592104131734583
long,1.3,1384,0.3622811566640959
long,1.3,1385,0.2721206105502104
long,1.3,1386,0.07170358293259692
long,1.3,1387,0.16013506434724972
long,1.3,1388,0.9135118315797013
long,1.3,1389,0.03892762381484418
long,1.3,1390,0.25261123734070573
long,1.3,1391,0.3101823062689698
long,1.3,1392,0.38311605817682864
long,1.3,1393,0.0858784128074883
long,1.3,1394,0.054999955474821706
long,1.3,1395,0.5403783170679479
long,1.3,1396,0.29817205596522817
long,1.3,1397,0.7132001748993787
long,1.3,1398,-0.25997742974402516
long,1.3,1399,0.06117476274054667
long,1.3,1400,0.5696796502526119
long,1.3,1401,-0.07155253072182184
long,1.3,1402,0.43643968530270644
long,1.3,1403,-0.07497220543675163
long,1.3,1404,0.2014748747565767
long,1.3,1405,0.35838628890807506
long,1.3,1406,0.845087453668024
long,1.3,1407,0.4552416479605045
long,1.3,1408,0.42958910540181416
long,1.3,1409,0.12414301482840769
long,1.3,1410,-0.05245267794303182
long,1.3,1411,0.23470569245762102
long,1.3,1412,-0.02882455982829439
long,1.3,1413,0.6169286685311605
long,1.3,1414,0.09448212992755047
long,1.3,1415,0.3547127857241617
long,1.3,1416,0.5942058501795785
long,1.3,1417,-0.009316851499708649
long,1.3,1418,0.044720924700057625
long,1.3,1419,0.7234974999747062
long,1.3,1420,0.24560349012606744
long,1.3,1421,-0.413935921273589
long,1.3,1422,0.8937462509139644
long,1.3,1423,0.19037212382468874
long,1.3,1424,0.07988797052395458
long,1.3,1425,0.053268931153791964
long,1.3,1426,0.8762110655243851
long,1.3,1427,0.24834092538269648
long,1.3,1428,0.39147189714742164
long,1.3,1429,0.29614101573554164
long,1.3,1430,1.1648128225242675e-05
long,1.3,1431,-0.03531624236679158
long,1.3,1432,0.34573576829100755
long,1.3,1433,0.6388981173789293
long,1.3,1434,-0.03266753893963101
long,1.3,1435,0.869862450368979
long,1.3,1436,0.16745129405449413
long,1.3,1437,0.2556952848999503
long,1.3,1438,-0.011017923364638395
long,1.3,1439,0.3151847780257067
long,1.3,1440,0.819207374252345
long,1.3,1441,0.4089428412396849
long,1.3,1442,0.018446605248431298
long,1.3,1443,0.48898393689114705
long,1.3,1444,-0.266395899238204
long,1.3,1445,-0.14947209013660506
long,1.3,1446,0.2089601673712531
long,1.3,1447,0.17265102969616597
long,1.3,1448,0.7437742050521781
long,1.3,1449,0.05155481456492907
long,1.3,1450,0.005525456312592854
long,1.3,1451,0.05668700725400009
long,1.3,1452,0.1102552989948018
long,1.3,1453,0.5303422281834903
long,1.3,1454,-0.06971416402287357
long,1.3,1455,0.8427190755435413
long,1.3,1456,0.2791762399665179
long,1.3,1457,0.07128802893793715
long,1.3,1458,0.3060132121363646
long,1.3,1459,-0.09185540821661213
long,1.3,1460,0.3254622842363975
long,1.3,1461,-0.2857370750741988
long,1.3,1462,0.08714984986110105
long,1.3,1463,0.053967358609393515
long,1.3,1464,0.6936948784772987
long,1.3,1465,0.4883117721388836
long,1.3,1466,0.023782761611212944
long,1.3,1467,0.23741991157013928
long,1.3,1468,0.08366621293986819
long,1.3,1469,0.3772536908275408
long,1.3,1470,-0.07839369839925933
long,1.3,1471,-0.10310160291542497
long,1.3,1472,0.3419325920983985
long,1.3,1473,0.16121688562612563
long,1.3,1474,-0.2312668071158766
long,1.3,1475,0.27174973401286345
long,1.3,1476,0.7002983734100721
long,1.3,1477,0.06785083698645146
long,1.3,1478,-0.0005150003140904771
long,1.3,1479,-0.03819049028107332
long,1.3,1480,0.6331321288468233
long,1.3,1481,0.10021728705475626
long,1.3,1482,-0.07581253029401001
long,1.3,1483,0.013904388821662348
long,1.3,1484,-0.26248901586331136
long,1.3,1485,0.27919337485510576
long,1.3,1486,0.22299278508158882
long,1.3,1487,-0.03126046971539765
long,1.3,1488,0.221001460662362
long,1.3,1489,0.7530570449359546
long,1.3,1490,-0.06157764131041902
long,1.3,1491,0.20138084052703126
long,1.3,1492,-0.16083104674592566
long,1.3,1493,0.047183576770847224
long,1.3,1494,0.34262556211014566
long,1.3,1495,0.8732485528415213
long,1.3,1496,0.3501722333401592
long,1.3,1497,-0.3094718048217193
long,1.3,1498,-0.00034996591208396834
long,1.3,1499,0.09310240077853446
long,1.3,1500,0.1106995586352648
long,1.3,1501,0.2014209225036318
long,1.3,1502,0.18042293926258357
long,1.3,1503,0.5520067156054146
long,1.3,1504,0.6193147200389411
long,1.3,1505,-0.0849590224485891
long,1.3,1506,0.23155359734264905
long,1.3,1507,0.9851477091995711
long,1.3,1508,0.4875656845110687
long,1.3,1509,0.3360956568923736
long,1.3,1510,-0.2398993340151855
long,1.3,1511,0.43854041496089674
long,1.3,1512,0.13514694272108144
long,1.3,1513,0.40692844185947097
long,1.3,1514,-0.1544815960369329
long,1.3,1515,0.35604860123939286
long,1.3,1516,0.037971306558781975
long,1.3,1517,-0.10954327811795138
long,1.3,1518,0.4801085628432757
long,1.3,1519,0.298625887991454
long,1.3,1520,0.5360352338979566
long,1.3,1521,0.409342708746622
long,1.3,1522,0.038585211497302416
long,1.3,1523,0.04368441767937424
long,1.3,1524,0.40767312279194523
long,1.3,1525,0.7293552822629419
long,1.3,1526,0.05507047992604
long,1.3,1527,0.24042442518147233
long,1.3,1528,0.22517928290633585
long,1.3,1529,0.04988151696153609
long,1.3,1530,0.22585010284505866
long,1.3,1531,0.6488328437767599
long,1.3,1532,0.30742871104961567
long,1.3,1533,0.1850871490037846
long,1.3,1534,0.4353067914734584
long,1.3,1535,0.11116311674960715
long,1.3,1536,-0.17464901878764683
long,1.3,1537,0.6431112509791589
long,1.3,1538,0.34628882678143275
long,1.3,1539,0.45867001241544314
long,1.3,1540,0.1404195377527114
long,1.3,1541,0.11877404129337649
long,1.3,1542,-0.16819821774083724
long,1.3,1543,0.09319421973767236
long,1.3,1544,1.3291300593696944
long,1.3,1545,-0.29537184876957706
long,1.3,1546,0.1547336582487344
long,1.3,1547,0.060724934754205186
long,1.3,1548,0.24590477695880125
long,1.3,1549,0.37258579761956495
long,1.3,1550,0.6946911618055912
long,1.3,1551,0.45046524432379437
long,1.3,1552,0.34492221226125463
long,1.3,1553,-0.13053020000745555
long,1.3,1554,0.21978582261120214
long,1.3,1555,-0.23930138112091032
long,1.3,1556,0.09256242450596573
long,1.3,1557,0.29009189181889805
long,1.3,1558,0.5223709152434652
long,1.3,1559,0.1504753859135949
long,1.3,1560,0.08066135294292297
long,1.3,1561,0.32366964669242143
long,1.3,1562,-0.2488861596170176
long,1.3,1563,0.025168092188989504
long,1.3,1564,0.18411888608291652
long,1.3,1565,0.27942814470228367
long,1.3,1566,0.15842471853809373
long,1.3,1567,0.18898531703978239
long,1.3,1568,0.40281913677097225
long,1.3,1569,0.14223365712173366
long,1.3,1570,0.7886299113724721
long,1.3,1571,0.07742186396706202
long,1.3,1572,0.1859394640434022
long,1.3,1573,0.474145702563182
long,1.3,1574,0.930117867316489
long,1.3,1575,0.21215690536164808
long,1.3,1576,0.3082260524247599
long,1.3,1577,0.17098664892260249
long,1.3,1578,0.3016633908907566
long,1.3,1579,0.2126959255118207
long,1.3,1580,-0.04801278990891905
long,1.3,1581,0.7275874942007436
long,1.3,1582,0.050025180808871576
long,1.3,1583,0.10585623278316006
long,1.3,1584,-0.011879530923448301
long,1.3,1585,0.19519878855043143
long,1.3,1586,0.21116798480492147
long,1.3,1587,0.12354870049037212
long,1.3,1588,0.19581692768895645
long,1.3,1589,0.03749951428555494
long,1.3,1590,0.20106792188149836
long,1.3,1591,0.153235092082456
long,1.3,1592,0.009182844675787298
long,1.3,1593,0.3084246699316829
long,1.3,1594,0.33824160658783287
long,1.3,1595,0.9566789118802657
long,1.3,1596,0.14255459437405707
long,1.3,1597,0.12795954981311197
long,1.3,1598,0.1128752799540312
long,1.3,1599,0.3319229517072383
long,1.3,1600,0.12261995932544319
long,1.3,1601,1.3371119893880459
long,1.3,1602,0.2939010821296962
long,1.3,1603,0.3744985647954161
long,1.3,1604,0.11775417959238414
long,1.3,1605,-0.06113715926907298
long,1.3,1606,-0.04250297834877283
long,1.3,1607,-0.0606950470983298
long,1.3,1608,0.5476658261832332
long,1.3,1609,0.05553139365818046
long,1.3,1610,0.9437318890712338
long,1.3,1611,0.09678879307252372
long,1.3,1612,0.24496133330282338
long,1.3,1613,0.5098704868122407
long,1.3,1614,0.09000879775119348
long,1.3,1615,0.5384774693295376
long,1.3,1616,0.3630658929460572
long,1.3,1617,0.20780332829370057
long,1.3,1618,0.3615184040704801
long,1.3,1619,0.7535414800086844
long,1.3,1620,-0.321422106321533
long,1.3,1621,-0.12354059927178379
long,1.3,1622,-0.17751943336817447
long,1.3,1623,-0.06944819916370602
long,1.3,1624,0.09970515470208373
long,1.3,1625,-0.0060810155974226
long,1.3,1626,-0.11186791646038868
long,1.3,1627,0.8993896076398444
long,1.3,1628,0.2384204101305595
long,1.3,1629,0.14252788693187404
long,1.3,1630,0.18948615953641013
long,1.3,1631,0.6446844081900578
long,1.3,1632,0.059982501900147034
long,1.3,1633,0.297743510085604
long,1.3,1634,0.6861385963347187
long,1.3,1635,0.4602206685964484
long,1.3,1636,0.14675575800697907
long,1.3,1637,0.1468098478048767
long,1.3,1638,0.47947874407521
long,1.3,1639,0.1752694252621412
long,1.3,1640,0.586545231349235
long,1.3,1641,0.3267833661300731
long,1.3,1642,0.3596068567279032
long,1.3,1643,0.1307088278090255
long,1.3,1644,0.28447788964183895
long,1.3,1645,0.002679485529293888
long,1.3,1646,-0.11134666141221701
long,1.3,1647,0.2552891492164908
long,1.3,1648,0.3779196203164578
long,1.3,1649,0.46142094858961674
long,1.3,1650,0.3924801337663236
long,1.3,1651,-0.15316963129354938
long,1.3,1652,0.17315461315868688
long,1.3,1653,0.5782353590021372
long,1.3,1654,0.15220915418494296
long,1.3,1655,-0.16836336532446833
long,1.3,1656,0.687885158267679
long,1.3,1657,1.0618715111422419
long,1.3,1658,0.1527129595439342
long,1.3,1659,0.6515735330550815
long,1.3,1660,0.15379439159492736
long,1.3,1661,0.17728122260327167
long,1.3,1662,0.4658189935935015
long,1.3,1663,-0.08384395126911802
long,1.3,1664,0.07290866016286061
long,1.3,1665,-0.19760930948379885
long,1.3,1666,-0.09862224081832123
long,1.3,1667,0.24363186446614513
long,1.3,1668,0.39732859852455593
long,1.3,1669,0.3537688774862537
long,1.3,1670,0.6612480419899941
long,1.3,1671,-0.00040305260946265384
long,1.3,1672,0.41150561736702207
long,1.3,1673,0.5728809975178588
long,1.3,1674,-0.2522834223474613
long,1.3,1675,0.3225801063739359
long,1.3,1676,0.18820522846680193
long,1.3,1677,0.047926084173762616
long,1.3,1678,0.21874406360443407
long,1.3,1679,0.7576350823089759
long,1.3,1680,0.10506388054117277
long,1.3,1681,0.24837124525922152
long,1.3,1682,0.22090707274598886
long,1.3,1683,-0.06936598002579174
long,1.3,1684,-0.36042216070654925
long,1.3,1685,0.05301517019640355
long,1.3,1686,0.09509676238048438
long,1.3,1687,-0.2065547965698549
long,1.3,1688,0.089095873133575
long,1.3,1689,0.4326274851018547
long,1.3,1690,0.3328696786481137
long,1.3,1691,0.19336207893970153
long,1.3,1692,0.11523508366622996
long,1.3,1693,0.3105125492131624
long,1.3,1694,0.22810059672356595
long,1.3,1695,0.2786012474331794
long,1.3,1696,0.3062416520825653
long,1.3,1697,0.09211744821477842
long,1.3,1698,0.12049918420261146
long,1.3,1699,0.9458538574828103
long,1.3,1700,1.042377572186367
long,1.3,1701,0.36493279953647023
long,1.3,1702,0.12831197905664996
long,1.3,1703,0.017042155314875337
long,1.3,1704,0.007998882861388055
long,1.3,1705,0.07419456767262828
long,1.3,1706,0.09644514782781911
long,1.3,1707,0.34958168318117416
long,1.3,1708,0.0078092028551532845
long,1.3,1709,-0.023488535737994965
long,1.3,1710,0.772298000664164
long,1.3,1711,0.22508386840682862
long,1.3,1712,0.2935932634700837
long,1.3,1713,0.6480482537460223
long,1.3,1714,-0.3161239276774952
long,1.3,1715,0.7647588809767752
long,1.3,1716,0.12404567701404134
long,1.3,1717,0.12490599988988015
long,1.3,1718,-0.02289070770893539
long,1.3,1719,0.6176830969586604
long,1.3,1720,-0.18602700061011146
long,1.3,1721,-0.08092872850255135
long,1.3,1722,-0.09583875725573013
long,1.3,1723,0.2024357007550559
long,1.3,1724,0.26144651340597685
long,1.3,1725,0.21570686701819147
long,1.3,1726,0.5492259874328994
long,1.3,1727,-0.4636716136593108
long,1.3,1728,0.2899404199990961
long,1.3,1729,0.3148138364554623
long,1.3,1730,0.5343553579064486
long,1.3,1731,0.29293175278167266
long,1.3,1732,-0.17880463152355575
long,1.3,1733,-0.06289125402496683
long,1.3,1734,-0.1353018499754245
long,1.3,1735,-0.04004217605719491
long,1.3,1736,0.1477165920629564
long,1.3,1737,0.3627740475150162
long,1.3,1738,0.10816974017181558
long,1.3,1739,-0.1643587735337844
long,1.3,1740,0.7017388384335042
long,1.3,1741,0.18450650501592156
long,1.3,1742,0.1705351391503447
long,1.3,1743,0.12669085681109665
long,1.3,1744,0.1841976028868255
long,1.3,1745,0.06642047846507092
long,1.3,1746,0.09061564690768595
long,1.3,1747,0.08515426419707646
long,1.3,1748,0.11709004612329389
long,1.3,1749,-0.26206476055892314
long,1.3,1750,0.4031002334259317
long,1.3,1751,0.3222408374080495
long,1.3,1752,0.08931703357276793
long,1.3,1753,0.27133843443660366
long,1.3,1754,-0.008944791061648137
long,1.3,1755,-0.14342047889177553
long,1.3,1756,0.055169322076683555
long,1.3,1757,0.21169076496323733
long,1.3,1758,0.060469962849042366
long,1.3,1759,0.39643696060264916
long,1.3,1760,-0.1440382356980943
long,1.3,1761,0.08165618419640823
long,1.3,1762,0.6521834561756245
long,1.3,1763,0.46751595267168994
long,1.3,1764,0.01403843915200489
long,1.3,1765,0.18694227698410368
long,1.3,1766,-0.4820284432833127
long,1.3,1767,0.06593926490516806
long,1.3,1768,-0.3583475571915662
long,1.3,1769,0.3204235125789825
long,1.3,1770,0.12279098370689354
long,1.3,1771,0.1700904299620396
long,1.3,1772,0.5802562805251331
long,1.3,1773,0.48200622356294387
long,1.3,1774,-0.12039862665232033
long,1.3,1775,0.30325319330024736
long,1.3,1776,0.3148784802064625
long,1.3,1777,0.4986183642264108
long,1.3,1778,0.21364551435678714
long,1.3,1779,0.1640743749933354
long,1.3,1780,0.06613188473454079
long,1.3,1781,0.023847866326103893
long,1.3,1782,0.4321110441963612
long,1.3,1783,0.11004671399124306
long,1.3,1784,0.22849660944760847
long,1.3,1785,0.10158068433434835
long,1.3,1786,-0.002787565287734145
long,1.3,1787,-0.024496729028517482
long,1.3,1788,0.5276013281080035
long,1.3,1789,0.11847185617193379
long,1.3,1790,0.1595021604481048
long,1.3,1791,-0.012694256572734803
long,1.3,1792,-0.23083071848534636
long,1.3,1793,0.694386314653059
long,1.3,1794,0.8373054487700151
long,1.3,1795,0.16308296562951918
long,1.3,1796,0.37046689121225274
long,1.3,1797,-0.016573724407457566
long,1.3,1798,0.44115426955291487
long,1.3,1799,-0.20834977665201557
long,1.3,1800,0.4223317042600404
long,1.3,1801,0.10080400476027535
long,1.3,1802,0.22914781975170614
long,1.3,1803,0.5392130175426175
long,1.3,1804,0.45967546735261405
long,1.3,1805,0.21264249862112403
long,1.3,1806,0.8860160997319171
long,1.3,1807,0.19148978609587955
long,1.3,1808,-0.18583779184516053
long,1.3,1809,0.23022342207479682
long,1.3,1810,0.29523810353101815
long,1.3,1811,0.4239601361707689
long,1.3,1812,0.9654470643748712
long,1.3,1813,-0.18022636355301336
long,1.3,1814,0.20079390990076268
long,1.3,1815,-0.04292359186133915
long,1.3,1816,-0.06661042270139578
long,1.3,1817,0.43146381376602305
long,1.3,1818,0.29885879376758034
long,1.3,1819,0.15164875068346764
long,1.3,1820,0.10403503486699703
long,1.3,1821,-0.018041466027680326
long,1.3,1822,-0.2794879961993339
long,1.3,1823,-0.22971032231208163
long,1.3,1824,0.3750709532142443
long,1.3,1825,1.052102579197197
long,1.3,1826,0.22064206430946504
long,1.3,1827,0.16756455653016422
long,1.3,1828,0.5307560711407355
long,1.3,1829,0.45104081980175176
long,1.3,1830,-0.022916504808719197
long,1.3,1831,0.22632152109842651
long,1.3,1832,0.3093530766144717
long,1.3,1833,-0.08042063799159815
long,1.3,1834,0.13248255482883237
long,1.3,1835,0.25032431062387067
long,1.3,1836,0.2016813435986613
long,1.3,1837,0.37203717097539035
long,1.3,1838,0.16076646054170002
long,1.3,1839,-0.00446109912459927
long,1.3,1840,-0.22217545314781403
long,1.3,1841,0.558748755179872
long,1.3,1842,0.376247518782462
long,1.3,1843,-0.11420269596385872
long,1.3,1844,0.046103410651055804
long,1.3,1845,0.23772828082106065
long,1.3,1846,0.08816881921206182
long,1.3,1847,0.07659411210599314
long,1.3,1848,-0.17077376557640697
long,1.3,1849,-0.14099372588884196
long,1.3,1850,-0.26916871235977163
long,1.3,1851,0.1972785585131505
long,1.3,1852,-0.3322538323120789
long,1.3,1853,-0.0673708089605782
long,1.3,1854,0.4062272876258095
long,1.3,1855,0.8356337194574146
long,1.3,1856,0.1281505884048982
long,1.3,1857,0.06987584322339165
long,1.3,1858,-0.012840801402248374
long,1.3,1859,-0.0021094841783695036
long,1.3,1860,0.20227772349562295
long,1.3,1861,0.49521917316707464
long,1.3,1862,0.39010697506051234
long,1.3,1863,0.061555606294561124
long,1.3,1864,0.18459197313288228
long,1.3,1865,0.6870579327339112
long,1.3,1866,-0.042947670008906515
long,1.3,1867,0.4337878785063733
long,1.3,1868,0.31693804551428745
long,1.3,1869,-0.020507939709115717
long,1.3,1870,0.2414473738942271
long,1.3,1871,0.3462990472466653
long,1.3,1872,0.9704603313188044
long,1.3,1873,0.9158612866858787
long,1.3,1874,0.25027611879409617
long,1.3,1875,0.17743171881776743
long,1.3,1876,0.41493261911049567
long,1.3,1877,0.28234921327482815
long,1.3,1878,-0.1502377011798084
long,1.3,1879,0.09471497509376511
long,1.3,1880,-0.22241173556666036
long,1.3,1881,0.6349000143197279
long,1.3,1882,0.008105083845173049
long,1.3,1883,0.18922046615415647
long,1.3,1884,-0.17276347822998633
long,1.3,1885,-0.04907021202233461
long,1.3,1886,0.5183214433341989
long,1.3,1887,0.27073800395391684
long,1.3,1888,0.11800025667754263
long,1.3,1889,0.17116929863922486
long,1.3,1890,0.4075108729687171
long,1.3,1891,0.1418441581025239
long,1.3,1892,0.33944005120967274
long,1.3,1893,0.35320954710526253
long,1.3,1894,0.6830320082191828
long,1.3,1895,0.2637275515682626
long,1.3,1896,-0.00487377282923611
long,1.3,1897,0.5339622274346035
long,1.3,1898,0.33132752629975876
long,1.3,1899,0.2867080274113262
long,1.3,1900,0.22460826539680692
long,1.3,1901,0.5084699328717087
long,1.3,1902,-0.19056050764752072
long,1.3,1903,0.11779307921057076
long,1.3,1904,0.6376881715288685
long,1.3,1905,-0.12228485168051081
long,1.3,1906,0.28095852523429754
long,1.3,1907,-0.13316557638717635
long,1.3,1908,0.08458828290120624
long,1.3,1909,0.11367212912097932
long,1.3,1910,0.12108487748325679
long,1.3,1911,-0.27018940352368565
long,1.3,1912,0.6004417764210885
long,1.3,1913,0.3509074729825139
long,1.3,1914,0.05728443688962768
long,1.3,1915,-0.02236897134059596
long,1.3,1916,0.26029537641101114
long,1.3,1917,0.705498874926276
long,1.3,1918,-0.33154010659253935
long,1.3,1919,-0.024398407407194435
long,1.3,1920,0.3370036374345033
long,1.3,1921,0.5823524222940183
long,1.3,1922,0.582846530507198
long,1.3,1923,0.29184117794510633
long,1.3,1924,-0.10803327251105271
long,1.3,1925,-0.27063399960193346
long,1.3,1926,-0.05226998273709604
long,1.3,1927,0.47458262311189076
long,1.3,1928,-0.033451010791535
long,1.3,1929,-0.05535143923976387
long,1.3,1930,0.6960584831058936
long,1.3,1931,-0.051344052143967325
long,1.3,1932,0.14247627419515016
long,1.3,1933,0.542609480108754
long,1.3,1934,-0.030222313817405023
long,1.3,1935,0.449738031184945
long,1.3,1936,0.21467008867428694
long,1.3,1937,0.15745627421386268
long,1.3,1938,-0.010671150290001083
long,1.3,1939,-0.17816355797988784
long,1.3,1940,0.21910451150169596
long,1.3,1941,0.2407996156358632
long,1.3,1942,0.10077747699163536
long,1.3,1943,0.02320517281445518
long,1.3,1944,0.5175196926871362
long,1.3,1945,0.49599994388154484
long,1.3,1946,0.38542748231633533
long,1.3,1947,-0.25835377122531616
long,1.3,1948,0.40790733478471053
long,1.3,1949,0.527264377602064
long,1.3,1950,-0.2107894873178617
long,1.3,1951,0.11942168432854801
long,1.3,1952,0.624108386293819
long,1.3,1953,0.46258472799791545
long,1.3,1954,-0.13153991102381593
long,1.3,1955,0.7302756137099495
long,1.3,1956,0.108683685510887
long,1.3,1957,0.45514706563349583
long,1.3,1958,0.016334698130210514
long,1.3,1959,0.4459375843047211
long,1.3,1960,-0.09394378253027967
long,1.3,1961,0.021166606370768882
long,1.3,1962,0.007153741396994904
long,1.3,1963,0.19361287765426627
long,1.3,1964,0.1336235039141453
long,1.3,1965,0.03048101932170078
long,1.3,1966,0.44608773964484205
long,1.3,1967,0.3854449494935293
long,1.3,1968,0.6366631952783836
long,1.3,1969,0.5129021981480466
long,1.3,1970,0.46131602120324416
long,1.3,1971,0.17749757052967122
long,1.3,1972,0.0214428258065744
long,1.3,1973,0.39446013237068694
long,1.3,1974,-0.04386759893506892
long,1.3,1975,0.6723496051549435
long,1.3,1976,0.08096543029343706
long,1.3,1977,0.43046289133550514
long,1.3,1978,0.3599949113190517
long,1.3,1979,0.6069830919337099
long,1.3,1980,0.16551996997705265
long,1.3,1981,0.32068328426772547
long,1.3,1982,-0.2370863231721335
long,1.3,1983,-0.24587081472265088
long,1.3,1984,0.3744095340123287
long,1.3,1985,0.37497254362563004
long,1.3,1986,0.30130304190966845
long,1.3,1987,0.1684357481493335
long,1.3,1988,0.7509983056086187
long,1.3,1989,0.20575819303898846
long,1.3,1990,0.07353682074828188
long,1.3,1991,0.03713568705409415
long,1.3,1992,0.24856259792996713
long,1.3,1993,0.42649283899067364
long,1.3,1994,0.05659007435317022
long,1.3,1995,0.030071706727340188
long,1.3,1996,0.14281427827999765
long,1.3,1997,0.17221724372475697
long,1.3,1998,0.3512695739510542
long,1.3,1999,0.3857397676249002
winner,1.0,0,-0.43938097663157427
winner,1.0,1,-0.2513470452941884
winner,1.0,2,-0.4251451282808953
winner,1.0,3,-0.8493480614377301
winner,1.0,4,-0.6709051913799419
winner,1.0,5,-0.8114832083153738
winner,1.0,6,-0.3901456722721356
winner,1.0,7,-0.6083485288850303
winner,1.0,8,-0.20927129186249266
winner,1.0,9,-0.7212259627916846
winner,1.0,10,-0.38526337019544293
winner,1.0,11,-0.3789847701524481
winner,1.0,12,-0.27440931798666557
winner,1.0,13,-0.19132479742278116
winner,1.0,14,-0.4472331031957322
winner,1.0,15,-0.389128033290891
winner,1.0,16,-0.6997537861941984
winner,1.0,17,-0.8037330262633626
winner,1.0,18,-0.4946932179524255
winner,1.0,19,-0.2773714687939615
winner,1.0,20,-0.3738237000159106
winner,1.0,21,-0.44219562867633544
winner,1.0,22,-0.5691657776754755
winner,1.0,23,-0.32488583527583065
winner,1.0,24,-0.2735762741857452
winner,1.0,25,-0.5677036905801337
winner,1.0,26,-0.34979642728516164
winner,1.0,27,-0.1627549977297956
winner,1.0,28,-0.33056807712218605
winner,1.0,29,-0.14059506994856444
winner,1.0,30,-0.5630079066632186
winner,1.0,31,-0.5443456206308117
winner,1.0,32,-0.21082866148671975
winner,1.0,33,-0.2879620298378166
winner,1.0,34,-0.6784928551010053
winner,1.0,35,-0.5404772087687647
winner,1.0,36,-0.44108081374528485
winner,1.0,37,-0.289158805249195
winner,1.0,38,-0.6484296500672143
winner,1.0,39,-0.7490249091001375
winner,1.0,40,-0.4261249641406434
winner,1.0,41,-0.47564911619209804
winner,1.0,42,-0.9387964284701121
winner,1.0,43,-0.2562866370417167
winner,1.0,44,-0.6245519807965778
winner,1.0,45,-0.437396417369674
winner,1.0,46,-0.6017336391013723
winner,1.0,47,-0.4676238380854862
winner,1.0,48,-0.3466396109617136
winner,1.0,49,-0.33664062052995725
winner,1.0,50,-0.5202583692628271
winner,1.0,51,-0.4807408048149693
winner,1.0,52,-0.31270227704776643
winner,1.0,53,-0.7073715957597995
winner,1.0,54,-0.5560319695758271
winner,1.0,55,-0.29045442965589363
winner,1.0,56,-0.5626314445410607
winner,1.0,57,-0.21367174980593567
winner,1.0,58,-0.7927625199844854
winner,1.0,59,-0.58991544716263
winner,1.0,60,-0.8562816414718387
winner,1.0,61,-0.26341314569749064
winner,1.0,62,-0.4602936879261979
winner,1.0,63,-0.31111313627915815
winner,1.0,64,-0.38108179726999036
winner,1.0,65,-0.5763289337871625
winner,1.0,66,-0.4334778642371854
winner,1.0,67,-0.695675768237337
winner,1.0,68,-0.15282547056506943
winner,1.0,69,-0.4430431404485257
winner,1.0,70,-0.8073952910062993
winner,1.0,71,-0.20920487046071368
winner,1.0,72,-0.5122044181061791
winner,1.0,73,-0.42214249774166696
winner,1.0,74,-0.39921981254751304
winner,1.0,75,-0.45341896521807773
winner,1.0,76,-0.7937209380292656
winner,1.0,77,-0.4345738278994429
winner,1.0,78,-0.32663654580108925
winner,1.0,79,-0.4570422607740046
winner,1.0,80,-0.661425348468426
winner,1.0,81,-0.8592078098545696
winner,1.0,82,-0.18229498299855149
winner,1.0,83,-0.2642856816710704
winner,1.0,84,-0.3901056403461295
winner,1.0,85,-0.33187405850037777
winner,1.0,86,-0.6214011237182275
winner,1.0,87,-0.38961511607230853
winner,1.0,88,-0.11918281489365624
winner,1.0,89,-0.6458096301601426
winner,1.0,90,-0.3811961273792307
winner,1.0,91,-0.7758108595323088
winner,1.0,92,-0.4938535210835532
winner,1.0,93,-0.2826702815282833
winner,1.0,94,-0.44562865272464813
winner,1.0,95,-0.23489040144936113
winner,1.0,96,-0.6119972300132995
winner,1.0,97,-0.3159998417624067
winner,1.0,98,-0.3596341614834595
winner,1.0,99,-0.7803781301761611
winner,1.0,100,-0.4549666402754571
winner,1.0,101,-0.503544270944062
winner,1.0,102,-0.8351622713397949
winner,1.0,103,-0.2580648998797511
winner,1.0,104,-0.9375321810386008
winner,1.0,105,-0.7459333319281337
winner,1.0,106,-0.33345929461782414
winner,1.0,107,-0.17325968325069876
winner,1.0,108,-0.41390358381489956
winner,1.0,109,-0.16528729474664755
winner,1.0,110,-0.37847370038491157
winner,1.0,111,-0.38065877949601185
winner,1.0,112,-0.39560246146218747
winner,1.0,113,-0.20874782203398837
winner,1.0,114,-0.7301919336361632
winner,1.0,115,-0.6073236107285392
winner,1.0,116,-0.5301760530084106
winner,1.0,117,-0.3385745601480928
winner,1.0,118,-0.2222682194976362
winner,1.0,119,-0.4968219631537206
winner,1.0,120,-0.47189629742265965
winner,1.0,121,-0.29044305682133664
winner,1.0,122,-0.26268623724876
winner,1.0,123,-0.5908208408676302
winner,1.0,124,-0.6868099464607084
winner,1.0,125,-0.20224500287935251
winner,1.0,126,-0.1544853382470594
winner,1.0,127,0.09717008488206902
winner,1.0,128,-0.06274762923745117
winner,1.0,129,-0.48483874768887947
winner,1.0,130,-0.4015306596276383
winner,1.0,131,-0.18974300360615307
winner,1.0,132,-0.5788960445733238
winner,1.0,133,-0.7547265160023406
winner,1.0,134,-0.6997124849118711
winner,1.0,135,-0.2506112641337119
winner,1.0,136,-0.03978508064936366
winner,1.0,137,-0.5382683026256196
winner,1.0,138,-0.38570882999818756
winner,1.0,139,-0.49178509761061234
winner,1.0,140,-0.43704395314471245
winner,1.0,141,-0.21258639105930657
winner,1.0,142,-0.7227327286345503
winner,1.0,143,-0.8468036679741268
winner,1.0,144,-0.757882649458177
winner,1.0,145,-0.5315216549106354
winner,1.0,146,-0.5108012408995639
winner,1.0,147,-0.2886155068691428
winner,1.0,148,-0.5979576949261511
winner,1.0,149,-0.3893032256813499
winner,1.0,150,-0.10024235646581664
winner,1.0,151,-0.12128859765781821
winner,1.0,152,-0.4589004290053646
winner,1.0,153,-0.5157197216559841
winner,1.0,154,-0.21710792686291164
winner,1.0,155,-0.7213343370133288
winner,1.0,156,-0.3054662065494315
winner,1.0,157,-0.3219987360656059
winner,1.0,158,-0.7298356212415059
winner,1.0,159,-0.36134188530702493
winner,1.0,160,-0.6326624946227313
winner,1.0,161,-0.3642126122932698
winner,1.0,162,-0.8909781698843178
winner,1.0,163,-0.38079796031109175
winner,1.0,164,-0.5916985593817852
winner,1.0,165,-0.3648553810587107
winner,1.0,166,-0.4562598924873451
winner,1.0,167,-0.5701798728062044
winner,1.0,168,-0.5643688830132599
winner,1.0,169,-0.11838627525809255
winner,1.0,170,-0.1287505100591306
winner,1.0,171,-0.5760327759477337
winner,1.0,172,-0.20806357436265
winner,1.0,173,-0.654799313440648
winner,1.0,174,-0.43616964705041217
winner,1.0,175,-0.3319574802394302
winner,1.0,176,-0.5010325097548286
winner,1.0,177,-0.06305934575685233
winner,1.0,178,-0.5216309615965283
winner,1.0,179,-0.6879156689235012
winner,1.0,180,-0.7001304382422974
winner,1.0,181,-0.3001410238385318
winner,1.0,182,-0.5065030200800181
winner,1.0,183,-0.4148589806650169
winner,1.0,184,-0.7650844410172574
winner,1.0,185,-0.18768510701565963
winner,1.0,186,-0.7035946971541495
winner,1.0,187,-0.18709202964490912
winner,1.0,188,-0.4453242801764201
winner,1.0,189,-0.5493397534433747
winner,1.0,190,-0.10247913349033243
winner,1.0,191,-0.021944767446811998
winner,1.0,192,-0.3094355120150334
winner,1.0,193,-0.3905383334833944
winner,1.0,194,-0.4757070421220041
winner,1.0,195,-0.5186983876876536
winner,1.0,196,-0.7494042915599495
winner,1.0,197,-0.40091790623960144
winner,1.0,198,-0.32770461423552366
winner,1.0,199,-0.44235214310705245
winner,1.0,200,-0.31577638876004205
winner,1.0,201,-0.5484992616015985
winner,1.0,202,-0.2827474624526359
winner,1.0,203,-0.32819568099443197
winner,1.0,204,-0.652600133404714
winner,1.0,205,-0.7704122620183923
winner,1.0,206,-0.259220200169603
winner,1.0,207,-0.253891026188188
winner,1.0,208,-0.2523168836890511
winner,1.0,209,-0.6068350731812554
winner,1.0,210,-0.43985003453613
winner,1.0,211,-0.6112503837683425
winner,1.0,212,-0.7567511547832907
winner,1.0,213,-0.6891464753924413
winner,1.0,214,-0.03933019951680271
winner,1.0,215,-0.4436165153384697
winner,1.0,216,-0.3243113432814214
winner,1.0,217,-0.30622175934862506
winner,1.0,218,-0.04428578306975839
winner,1.0,219,-0.16361029352960732
winner,1.0,220,-0.3549289491615337
winner,1.0,221,-0.4597836761633803
winner,1.0,222,-0.5469821348187784
winner,1.0,223,-0.0567393948742299
winner,1.0,224,-0.10880037623190626
winner,1.0,225,-0.8492042579621447
winner,1.0,226,0.08028062854861807
winner,1.0,227,-0.5041053202216074
winner,1.0,228,-0.4317332375652961
winner,1.0,229,-0.3260473271349844
winner,1.0,230,-0.5450716970792844
winner,1.0,231,-0.3362289863228784
winner,1.0,232,-0.6451599771029037
winner,1.0,233,-0.515405916488155
winner,1.0,234,-0.5406798214253548
winner,1.0,235,-0.4682679839134883
winner,1.0,236,-0.6438385958461695
winner,1.0,237,-0.44853040597342597
winner,1.0,238,-0.6561818122935057
winner,1.0,239,-0.4057792602079565
winner,1.0,240,-0.5534350133083029
winner,1.0,241,-0.7009321096950549
winner,1.0,242,-0.7390449297724236
winner,1.0,243,-0.6498889458264029
winner,1.0,244,-0.7200010433328785
winner,1.0,245,-0.5491878510350366
winner,1.0,246,-0.42854614448117206
winner,1.0,247,-0.15710189029626986
winner,1.0,248,-0.7198062311635448
winner,1.0,249,-0.4902881908878749
winner,1.0,250,-0.5108870236269516
winner,1.0,251,-0.36273414403736504
winner,1.0,252,-0.48137432432226135
winner,1.0,253,0.014432099602705624
winner,1.0,254,-0.1670574928305987
winner,1.0,255,-0.590489745346546
winner,1.0,256,-0.7241222865103467
winner,1.0,257,-0.49828712652255736
winner,1.0,258,-0.5819807288522357
winner,1.0,259,-0.3805994852544157
winner,1.0,260,-0.6767411488255528
winner,1.0,261,-0.3171660534036793
winner,1.0,262,-0.4047071775794444
winner,1.0,263,-0.5634327114979172
winner,1.0,264,-0.3902361323681485
winner,1.0,265,-0.13471079687958362
winner,1.0,266,-0.6341343591840781
winner,1.0,267,-0.5572950573074901
winner,1.0,268,-0.3824322170874762
winner,1.0,269,-0.37922883640295346
winner,1.0,270,-0.9102018744525179
winner,1.0,271,-0.3414624550419772
winner,1.0,272,-0.762494596547737
winner,1.0,273,-0.3245071203785358
winner,1.0,274,-0.4803275506792367
winner,1.0,275,-0.2568768417544691
winner,1.0,276,-0.5868369591475568
winner,1.0,277,-0.5872738677989114
winner,1.0,278,-0.463858780016148
winner,1.0,279,-0.46549211141423363
winner,1.0,280,-0.35581193809349443
winner,1.0,281,-0.32456134644169854
winner,1.0,282,-0.42291992290087294
winner,1.0,283,-0.559943902689677
winner,1.0,284,-0.6886558386926201
winner,1.0,285,-0.3626486163318066
winner,1.0,286,-0.698873384654754
winner,1.0,287,-0.6704900817452889
winner,1.0,288,-0.4788501552403638
winner,1.0,289,-0.15108400141403783
winner,1.0,290,-0.4288683171292307
winner,1.0,291,-0.6443437294513372
winner,1.0,292,-0.558043887059613
winner,1.0,293,-0.24318648788410152
winner,1.0,294,-0.6402024365973986
winner,1.0,295,-0.45849817066921367
winner,1.0,296,-0.4595699329074454
winner,1.0,297,-0.54792495980041
winner,1.0,298,-0.5352173594580923
winner,1.0,299,-0.5520067736702061
winner,1.0,300,-0.42952849352935013
winner,1.0,301,-0.4252844307143899
winner,1.0,302,-0.5038940766441855
winner,1.0,303,-0.4325088271428003
winner,1.0,304,-0.814538508707141
winner,1.0,305,-0.005133909962131822
winner,1.0,306,-0.2661105211503349
winner,1.0,307,-0.20939814465268636
winner,1.0,308,-0.760749013742617
winner,1.0,309,-0.2402161903605639
winner,1.0,310,-0.35977116157473754
winner,1.0,311,-0.823860772249292
winner,1.0,312,-0.28463444537532145
winner,1.0,313,-0.6460178698070761
winner,1.0,314,-0.6270557596611857
winner,1.0,315,-0.26791280151669133
winner,1.0,316,-0.3213668426982004
winner,1.0,317,-0.7029126646667887
winner,1.0,318,-0.36995064701581093
winner,1.0,319,-0.6705215379748805
winner,1.0,320,-0.23464382215390206
winner,1.0,321,-0.2065155035247218
winner,1.0,322,-0.6143860004945091
winner,1.0,323,-0.14675943092176857
winner,1.0,324,-0.6487475137722325
winner,1.0,325,-0.5542645094621751
winner,1.0,326,-0.3715962853374302
winner,1.0,327,-0.4569766304575479
winner,1.0,328,-0.6168821259893933
winner,1.0,329,-0.8003176505329009
winner,1.0,330,-0.20401038258405724
winner,1.0,331,-0.24039223055217687
winner,1.0,332,-0.6472439610016585
winner,1.0,333,-0.6115912717379667
winner,1.0,334,-0.5042923243123767
winner,1.0,335,-0.591119906511799
winner,1.0,336,-0.1749144083165003
winner,1.0,337,-0.3767543972457372
winner,1.0,338,-0.4982847787664561
winner,1.0,339,-0.28653358772076515
winner,1.0,340,-0.2812352483821456
winner,1.0,341,-0.33242657432360406
winner,1.0,342,-0.5087573381103342
winner,1.0,343,-0.6691925354571788
winner,1.0,344,-0.535154735298603
winner,1.0,345,-0.42569039207999076
winner,1.0,346,-0.9057453329274338
winner,1.0,347,-0.4128084891826468
winner,1.0,348,-0.6297528422142469
winner,1.0,349,0.002257514679012363
winner,1.0,350,-0.5123267102364637
winner,1.0,351,-0.3132798483243119
winner,1.0,352,-0.6216208696671642
winner,1.0,353,-0.3177109240926901
winner,1.0,354,-0.36561833811285216
winner,1.0,355,-0.23252764183631516
winner,1.0,356,-0.3330646410799229
winner,1.0,357,-1.0508161410248287
winner,1.0,358,-0.5417403142040881
winner,1.0,359,-0.3506221090275314
winner,1.0,360,-0.37114254648544764
winner,1.0,361,-0.6858499549102115
winner,1.0,362,-0.7527413593516138
winner,1.0,363,-0.4001948209057658
winner,1.0,364,-0.4352631865632435
winner,1.0,365,-0.16187549930408693
winner,1.0,366,-0.12426842719573493
winner,1.0,367,-0.47653561785003656
winner,1.0,368,-0.347438428687777
winner,1.0,369,-0.37751968789343865
winner,1.0,370,-0.37525949426850386
winner,1.0,371,-0.6362677308730926
winner,1.0,372,-0.3890138265366298
winner,1.0,373,-0.3239381082343693
winner,1.0,374,-0.5505766183245764
winner,1.0,375,-0.5265753532348159
winner,1.0,376,-0.329590121522885
winner,1.0,377,-0.6208405703992402
winner,1.0,378,-0.39023113853653874
winner,1.0,379,-0.5303873982418215
winner,1.0,380,-0.2631571817812092
winner,1.0,381,-0.6716632147307219
winner,1.0,382,-0.6199302044869436
winner,1.0,383,-0.6052465427955125
winner,1.0,384,-0.5324909010370967
winner,1.0,385,-0.300485629620067
winner,1.0,386,-0.7392231060598029
winner,1.0,387,-0.5594241411749719
winner,1.0,388,-0.6182491210077115
winner,1.0,389,-0.5956073104065358
winner,1.0,390,-0.3563104573029159
winner,1.0,391,-0.6484760750244926
winner,1.0,392,-0.24747699696985537
winner,1.0,393,-0.44692302746191404
winner,1.0,394,-0.5507581504893319
winner,1.0,395,-0.1741148463998479
winner,1.0,396,-0.5551018786839923
winner,1.0,397,-0.3429462595966213
winner,1.0,398,-0.3485777150886321
winner,1.0,399,-0.482659644717013
winner,1.0,400,-0.43199482535113937
winner,1.0,401,-0.4559003723070904
winner,1.0,402,-0.45782993419264584
winner,1.0,403,-0.4651169821991366
winner,1.0,404,-0.16698936671650996
winner,1.0,405,-0.643284312771952
winner,1.0,406,-0.4080943706027202
winner,1.0,407,-0.5009846966485687
winner,1.0,408,-0.6019299918018931
winner,1.0,409,-0.5253038483426508
winner,1.0,410,-0.4301713480135204
winner,1.0,411,-0.6184493325712962
winner,1.0,412,-0.5946818058031927
winner,1.0,413,-0.2576129362063658
winner,1.0,414,-0.5350907052916323
winner,1.0,415,-0.4368649972565778
winner,1.0,416,-0.32018263054248247
winner,1.0,417,-0.23903012834033385
winner,1.0,418,-0.6843677562451613
winner,1.0,419,-0.47794147301570883
winner,1.0,420,-0.6806988896258785
winner,1.0,421,-0.1596312307586046
winner,1.0,422,-0.29956510983402357
winner,1.0,423,-0.5263178248254305
winner,1.0,424,-0.40935653304076325
winner,1.0,425,-0.3603871503509712
winner,1.0,426,-0.5797432874416544
winner,1.0,427,-0.6094635860467356
winner,1.0,428,-0.4834646717560946
winner,1.0,429,-0.24210429341983342
winner,1.0,430,-0.619671034499843
winner,1.0,431,-0.32597771296090267
winner,1.0,432,-0.6679142482285977
winner,1.0,433,-0.27884093050006553
winner,1.0,434,-0.5261990024990099
winner,1.0,435,-0.5199021864784436
winner,1.0,436,-0.5292905369153206
winner,1.0,437,-0.527681133419531
winner,1.0,438,-0.5903276676410242
winner,1.0,439,-0.6251581211678452
winner,1.0,440,-0.5236532814932388
winner,1.0,441,-0.6465046375805406
winner,1.0,442,-0.8409711456141602
winner,1.0,443,-0.0411347937589231
winner,1.0,444,-0.5807976421291202
winner,1.0,445,-0.22209947167814545
winner,1.0,446,-0.27076033822496387
winner,1.0,447,-0.4939269959124554
winner,1.0,448,-0.03827483087370693
winner,1.0,449,-0.4363155837617258
winner,1.0,450,-0.4947304259559826
winner,1.0,451,-0.39298089965527977
winner,1.0,452,-0.46805129121366207
winner,1.0,453,-0.2602243082433635
winner,1.0,454,-0.24849342585801357
winner,1.0,455,-0.5523176249265584
winner,1.0,456,-0.5660470822773218
winner,1.0,457,-0.6370903512150925
winner,1.0,458,-0.43717926417007946
winner,1.0,459,-0.4037914405873665
winner,1.0,460,-0.6481656531874964
winner,1.0,461,-0.6287355246145956
winner,1.0,462,-0.37464266823119785
winner,1.0,463,-0.42763431074344366
winner,1.0,464,-0.633057862949153
winner,1.0,465,-0.22238013764294107
winner,1.0,466,-0.44009423133629294
winner,1.0,467,-0.5533536220849714
winner,1.0,468,-0.2895466641366005
winner,1.0,469,-0.33734520526290784
winner,1.0,470,-0.5208096118637796
winner,1.0,471,-0.48312518764871365
winner,1.0,472,-0.7860606038788652
winner,1.0,473,-0.7475856850958061
winner,1.0,474,-0.4525255147830907
winner,1.0,475,0.04262198998530345
winner,1.0,476,-0.5874613462500283
winner,1.0,477,-0.5878023198072199
winner,1.0,478,-0.5701581884818434
winner,1.0,479,-0.5688444829709863
winner,1.0,480,-0.6748389267307651
winner,1.0,481,-0.44031888074225467
winner,1.0,482,-0.4661792004078636
winner,1.0,483,-0.4280812589081189
winner,1.0,484,-0.23058212110074203
winner,1.0,485,-0.6120658325727615
winner,1.0,486,-0.21189356316100671
winner,1.0,487,-0.24067208197953674
winner,1.0,488,-0.6162392311202011
winner,1.0,489,-0.6563044217953693
winner,1.0,490,-0.6568569008570594
winner,1.0,491,-0.5789951796008358
winner,1.0,492,-0.08819923115519965
winner,1.0,493,-0.5120921158624585
winner,1.0,494,-0.21353848272216375
winner,1.0,495,-0.6478164050837736
winner,1.0,496,-0.6148593835070832
winner,1.0,497,-0.5157971051991865
winner,1.0,498,-0.2530071789644401
winner,1.0,499,-0.3849304808416988
winner,1.0,500,-0.061655290516087966
winner,1.0,501,-0.3847872152656839
winner,1.0,502,-0.09019729599486952
winner,1.0,503,-0.8083147285609378
winner,1.0,504,-0.5544866288960852
winner,1.0,505,-0.34143751797629207
winner,1.0,506,-0.6376786186596642
winner,1.0,507,-0.826735950101413
winner,1.0,508,-0.6324723752176173
winner,1.0,509,-0.4385257614146815
winner,1.0,510,-0.6567718492347026
winner,1.0,511,-0.31621879589136787
winner,1.0,512,-0.4595734706816257
winner,1.0,513,-0.7113060512257732
winner,1.0,514,-0.4183087788016368
winner,1.0,515,-0.8254100471325195
winner,1.0,516,-0.5009453265777546
winner,1.0,517,-0.6027282522233794
winner,1.0,518,-0.2917325571216948
winner,1.0,519,-0.4901415795517074
winner,1.0,520,-0.5118955343866266
winner,1.0,521,-0.348963464563
winner,1.0,522,-0.21735794052013982
winner,1.0,523,-0.4382151189037598
winner,1.0,524,-0.42419109867018556
winner,1.0,525,-1.1296338120068576
winner,1.0,526,-0.263975565491157
winner,1.0,527,-0.4083144102486742
winner,1.0,528,-0.4268042279976423
winner,1.0,529,-0.24834299271408097
winner,1.0,530,-0.7550631988010452
winner,1.0,531,-0.26956887523926854
winner,1.0,532,-0.6338166525382449
winner,1.0,533,-0.5445474252277412
winner,1.0,534,-0.1191379933644743
winner,1.0,535,-0.49902794263329137
winner,1.0,536,-0.4768390412600713
winner,1.0,537,-0.1875165133840472
winner,1.0,538,-0.3864192455390637
winner,1.0,539,-0.7444971424488553
winner,1.0,540,-0.41025242588140387
winner,1.0,541,-0.9318041185466445
winner,1.0,542,-0.6177760021974056
winner,1.0,543,-0.3902394723528059
winner,1.0,544,-0.42775846485047575
winner,1.0,545,-0.23430759808701274
winner,1.0,546,-0.710622108369517
winner,1.0,547,-0.4100956135241362
winner,1.0,548,-0.347553068010891
winner,1.0,549,-0.5155983309263366
winner,1.0,550,-0.6467292633860908
winner,1.0,551,-0.3598446172623857
winner,1.0,552,-0.14784579149139193
winner,1.0,553,-0.673119301575834
winner,1.0,554,-0.39186884826542995
winner,1.0,555,-0.3824043973704343
winner,1.0,556,-0.6359178473335393
winner,1.0,557,-0.290934342825489
winner,1.0,558,-0.13288131859034494
winner,1.0,559,-0.24599142573437302
winner,1.0,560,-0.23613733164003917
winner,1.0,561,-0.14239374268266833
winner,1.0,562,-0.4971927350169001
winner,1.0,563,-0.5299876248062737
winner,1.0,564,-0.6308085860243123
winner,1.0,565,-0.17078583377603346
winner,1.0,566,-0.6365939633117782
winner,1.0,567,-0.1971478200121831
winner,1.0,568,-0.5870662135081135
winner,1.0,569,-0.5613006905335802
winner,1.0,570,-0.876782309438484
winner,1.0,571,-0.7048607475311183
winner,1.0,572,-0.3732999849912204
winner,1.0,573,-0.42661730223633393
winner,1.0,574,-0.6882619288605022
winner,1.0,575,-0.6617054076235311
winner,1.0,576,-0.32205117774256165
winner,1.0,577,-0.45067804162683917
winner,1.0,578,-0.5942495776446596
winner,1.0,579,-0.7655839402872539
winner,1.0,580,-0.4022567025218416
winner,1.0,581,-0.380391864576248
winner,1.0,582,-0.6104084934966121
winner,1.0,583,-0.723716623497013
winner,1.0,584,-0.3901768476168204
winner,1.0,585,-0.5193758536036603
winner,1.0,586,-0.29476337337608655
winner,1.0,587,-0.6264637353176308
winner,1.0,588,-0.27458169007458394
winner,1.0,589,-0.2661795526005074
winner,1.0,590,-0.2874034877123758
winner,1.0,591,-0.6483989480052635
winner,1.0,592,-0.5392261397120386
winner,1.0,593,-0.26254094196756805
winner,1.0,594,-0.44572854007428714
winner,1.0,595,-0.2761393305588727
winner,1.0,596,-0.6544801667298077
winner,1.0,597,-0.3568085792221972
winner,1.0,598,-0.39691840227484254
winner,1.0,599,-0.6329686437403378
winner,1.0,600,-0.7401619221340963
winner,1.0,601,-0.20453951444507085
winner,1.0,602,-0.33045866324387246
winner,1.0,603,-0.42940932286618066
winner,1.0,604,-0.5568522876862922
winner,1.0,605,-0.612395055084247
winner,1.0,606,-0.3633462142801382
winner,1.0,607,-0.2627905387461197
winner,1.0,608,-0.6420696876347856
winner,1.0,609,-0.30232649644026804
winner,1.0,610,-1.0246684466162497
winner,1.0,611,-0.5472081361845346
winner,1.0,612,-0.6282137100148795
winner,1.0,613,-0.5954485876457871
winner,1.0,614,-0.4767649132605007
winner,1.0,615,-0.4813624338926315
winner,1.0,616,-0.4686895588470167
winner,1.0,617,-0.35508765172846146
winner,1.0,618,-0.5705408233017801
winner,1.0,619,-0.39958838462350443
winner,1.0,620,-0.5347791981708072
winner,1.0,621,-0.16197892572556122
winner,1.0,622,-0.4719470614441499
winner,1.0,623,-0.4484884858272823
winner,1.0,624,-0.6028564945044855
winner,1.0,625,-0.6371826646483767
winner,1.0,626,-0.3684890963750016
winner,1.0,627,0.09633216006455102
winner,1.0,628,-0.6211124817648132
winner,1.0,629,-0.7631580740701639
winner,1.0,630,-0.6175301257802313
winner,1.0,631,-0.6578692404263077
winner,1.0,632,-0.44395680341429344
winner,1.0,633,-0.5347819418876051
winner,1.0,634,-0.4839430976136693
winner,1.0,635,-0.543129636416311
winner,1.0,636,-0.09881596601613263
winner,1.0,637,-0.7373384959143111
winner,1.0,638,-0.646767851050998
winner,1.0,639,-1.2189508663847972
winner,1.0,640,-0.5861344728708443
winner,1.0,641,-0.36518739631970487
winner,1.0,642,-0.5152427625713158
winner,1.0,643,-0.3990575710674858
winner,1.0,644,-0.48224165230243043
winner,1.0,645,-0.7967534329050716
winner,1.0,646,-0.4176156403158945
winner,1.0,647,-0.280177833909773
winner,1.0,648,-0.24748365939642175
winner,1.0,649,-0.17744731106619782
winner,1.0,650,-0.577891200638661
winner,1.0,651,-0.4298559391319823
winner,1.0,652,-0.3208666523286769
winner,1.0,653,-0.4710450840499789
winner,1.0,654,-0.4246313872801096
winner,1.0,655,-0.8369608746243518
winner,1.0,656,-0.38509067361439825
winner,1.0,657,-0.4245799897920566
winner,1.0,658,-0.3640741372655557
winner,1.0,659,-0.5055910944622315
winner,1.0,660,-0.5270205585539777
winner,1.0,661,-0.7364359040277798
winner,1.0,662,-0.6514273734267544
winner,1.0,663,-0.32858051960757445
winner,1.0,664,-0.6962860262814401
winner,1.0,665,-0.3332255084469913
winner,1.0,666,-0.3021719785717562
winner,1.0,667,-0.4789284115682044
winner,1.0,668,-0.6427880537341008
winner,1.0,669,-0.5764056972189249
winner,1.0,670,-0.8713262257337703
winner,1.0,671,-0.06475638154738181
winner,1.0,672,-0.43539837511885676
winner,1.0,673,-0.5459796819621798
winner,1.0,674,-0.5025706294938022
winner,1.0,675,-0.512659602614055
winner,1.0,676,-0.2824420492958123
winner,1.0,677,-0.47920111219997
winner,1.0,678,-0.3752713290813291
winner,1.0,679,-0.13139638637942766
winner,1.0,680,-0.20242890108038766
winner,1.0,681,-0.31761536207502233
winner,1.0,682,-0.5025248338536445
winner,1.0,683,-0.5056313974179593
winner,1.0,684,-0.6768407240660296
winner,1.0,685,-0.815549210850098
winner,1.0,686,-0.6204865655007525
winner,1.0,687,-0.5289357382822824
winner,1.0,688,-0.24636430681026747
winner,1.0,689,-0.7523176478083892
winner,1.0,690,-0.66728971298579
winner,1.0,691,-0.4138218439665761
winner,1.0,692,-0.4191375526542204
winner,1.0,693,-0.5522244678491599
winner,1.0,694,-0.5776452513234331
winner,1.0,695,-0.6038746273349318
winner,1.0,696,-0.5462742737554984
winner,1.0,697,-0.33762429401856303
winner,1.0,698,-0.7008255468431905
winner,1.0,699,-0.1914815008091133
winner,1.0,700,-0.40610795975696146
winner,1.0,701,-0.39010685280376434
winner,1.0,702,-0.7411997887461893
winner,1.0,703,-0.4430158735191502
winner,1.0,704,-0.1612704277625989
winner,1.0,705,-0.5466054422797679
winner,1.0,706,-0.6378108810988732
winner,1.0,707,-0.5020732183930884
winner,1.0,708,-0.5395445399825268
winner,1.0,709,-0.4081392017989714
winner,1.0,710,-0.8816821340703466
winner,1.0,711,-0.5127545143612839
winner,1.0,712,-0.5786407298162486
winner,1.0,713,-0.3681781392831108
winner,1.0,714,-0.7229901028418116
winner,1.0,715,-0.12022380220342765
winner,1.0,716,-0.11845043047268593
winner,1.0,717,-0.5191522169660667
winner,1.0,718,-0.5900259989871326
winner,1.0,719,-0.4518910570582159
winner,1.0,720,-0.3442400925978127
winner,1.0,721,-0.3041630811770821
winner,1.0,722,-0.872866297033976
winner,1.0,723,-0.6543373429574245
winner,1.0,724,-0.40709465311719706
winner,1.0,725,-0.5058286926985364
winner,1.0,726,-0.2949975296873835
winner,1.0,727,-0.35363830695954873
winner,1.0,728,-0.5100103949566138
winner,1.0,729,-0.5074635524388453
winner,1.0,730,-0.3371940734011297
winner,1.0,731,-0.3674276173912724
winner,1.0,732,-0.60224834962334
winner,1.0,733,-0.2930971836024408
winner,1.0,734,-0.5312810827883973
winner,1.0,735,-0.7040100452923618
winner,1.0,736,-0.3648964508299008
winner,1.0,737,-0.6868532185315213
winner,1.0,738,-0.4456495901735472
winner,1.0,739,-0.33907043684435556
winner,1.0,740,-0.8376306529939646
winner,1.0,741,-0.5241325080306446
winner,1.0,742,-0.9461798618030305
winner,1.0,743,-0.4666239666706631
winner,1.0,744,-0.7749574336521008
winner,1.0,745,-0.32457427130083527
winner,1.0,746,-0.3565940823807819
winner,1.0,747,-0.3939432882970671
winner,1.0,748,-0.5503979566235362
winner,1.0,749,-0.4532494891920389
winner,1.0,750,-0.4357077949056421
winner,1.0,751,-0.59812033264879
winner,1.0,752,-0.29822010342916727
winner,1.0,753,-0.6111843326180673
winner,1.0,754,-0.24737311775447832
winner,1.0,755,-0.382019598395254
winner,1.0,756,-0.3538752285684976
winner,1.0,757,-0.6097959616346577
winner,1.0,758,-0.6088894328149167
winner,1.0,759,-0.40260782587763344
winner,1.0,760,-0.5762858285101293
winner,1.0,761,-0.24606639207299033
winner,1.0,762,-0.39574108880350817
winner,1.0,763,-0.3100824108208996
winner,1.0,764,-0.5061281819546422
winner,1.0,765,-0.38844784885284595
winner,1.0,766,-0.2663209610223512
winner,1.0,767,-0.779654778101012
winner,1.0,768,-0.24506576601250915
winner,1.0,769,-0.47011572594561546
winner,1.0,770,-0.38247396286707347
winner,1.0,771,-0.3253139918601279
winner,1.0,772,-0.4384896346683039
winner,1.0,773,-0.8280549243585885
winner,1.0,774,-0.42850794055525293
winner,1.0,775,-0.5619840542287721
winner,1.0,776,-0.619615832919504
winner,1.0,777,-0.22867722588611003
winner,1.0,778,-0.25348920187700735
winner,1.0,779,-0.3715458062618029
winner,1.0,780,-0.5423295854761825
winner,1.0,781,-0.535506855640546
winner,1.0,782,-0.5421479860803815
winner,1.0,783,-0.19795781473205706
winner,1.0,784,-0.40935488992682734
winner,1.0,785,-0.48467741435632195
winner,1.0,786,-0.5237214299604234
winner,1.0,787,-0.3324821964574124
winner,1.0,788,-0.4218637400325877
winner,1.0,789,-0.5980976572574606
winner,1.0,790,-0.4545046248907549
winner,1.0,791,-0.7115770764546802
winner,1.0,792,-0.2770291937248294
winner,1.0,793,-0.6993725047566068
winner,1.0,794,-0.410384238102265
winner,1.0,795,-0.4043298985689109
winner,1.0,796,-0.4144593018697754
winner,1.0,797,-0.680558303900206
winner,1.0,798,-0.43858724521083775
winner,1.0,799,-0.6036942845883881
winner,1.0,800,-0.5496574212067274
winner,1.0,801,-0.7701546806494431
winner,1.0,802,-0.22211386593146243
winner,1.0,803,-0.38902881533579237
winner,1.0,804,-0.18716755055130915
winner,1.0,805,-0.7270548661969706
winner,1.0,806,-0.24081565954864897
winner,1.0,807,-0.5734413778039247
winner,1.0,808,-0.40740863038898273
winner,1.0,809,-0.21918467384999465
winner,1.0,810,-0.6783279051943227
winner,1.0,811,-0.18013335941195957
winner,1.0,812,-0.5600136664369226
winner,1.0,813,-0.7068317697529648
winner,1.0,814,-0.24798302411086928
winner,1.0,815,-0.8238585181500222
winner,1.0,816,-0.7979892418799835
winner,1.0,817,-0.7169344765192818
winner,1.0,818,-0.2096274461021797
winner,1.0,819,-0.45482539614297596
winner,1.0,820,-0.15306887223027557
winner,1.0,821,-0.5349305822283598
winner,1.0,822,-0.5667352599111638
winner,1.0,823,-0.48606416414638737
winner,1.0,824,-0.3370069923221831
winner,1.0,825,-0.2975427182019829
winner,1.0,826,-0.2523446448984033
winner,1.0,827,-0.6837856086071643
winner,1.0,828,-1.1650639856855562
winner,1.0,829,-0.4953722045318104
winner,1.0,830,-0.4565944913080141
winner,1.0,831,-0.5803634524098562
winner,1.0,832,-0.6245611235372923
winner,1.0,833,-0.6903143447660036
winner,1.0,834,-0.30970036934636574
winner,1.0,835,-0.4333917698843083
winner,1.0,836,-0.6500105470169866
winner,1.0,837,-0.5328998902821772
winner,1.0,838,-0.29164828011861255
winner,1.0,839,-0.32667019403657593
winner,1.0,840,-0.49654162517679906
winner,1.0,841,0.029949642723735098
winner,1.0,842,-0.5403446698055653
winner,1.0,843,-0.604961041505336
winner,1.0,844,-0.5387517780819436
winner,1.0,845,-0.7478823572252681
winner,1.0,846,-0.4230183734404875
winner,1.0,847,-0.5425747697517678
winner,1.0,848,-0.18083190498562215
winner,1.0,849,-0.277191704127987
winner,1.0,850,-0.3009245279976015
winner,1.0,851,-0.6194994458983758
winner,1.0,852,-0.8072718171093223
winner,1.0,853,-0.6304650467733052
winner,1.0,854,-0.32725713114441923
winner,1.0,855,-0.1722390567609423
winner,1.0,856,-0.4603125981006754
winner,1.0,857,-0.6029938565306672
winner,1.0,858,-0.13787791025857296
winner,1.0,859,-0.42209690561360724
winner,1.0,860,-0.5453217340988511
winner,1.0,861,-0.3453094220771416
winner,1.0,862,-0.3536282900116336
winner,1.0,863,-0.6315942726705058
winner,1.0,864,-0.5325821859837427
winner,1.0,865,-0.466140588828111
winner,1.0,866,-0.6866294136177784
winner,1.0,867,-0.17266699114692932
winner,1.0,868,-0.3468983513188385
winner,1.0,869,-0.5514529198344396
winner,1.0,870,-0.5094279067898196
winner,1.0,871,-0.564077659495854
winner,1.0,872,-0.35514671477851933
winner,1.0,873,-0.18125639634158192
winner,1.0,874,-0.44356892958046773
winner,1.0,875,-0.6114716994960576
winner,1.0,876,-0.4051027420601427
winner,1.0,877,-0.6171363118355612
winner,1.0,878,-0.5449092120165253
winner,1.0,879,-0.44430556317745507
winner,1.0,880,-0.9861481917925663
winner,1.0,881,-0.46674103773154985
winner,1.0,882,-0.20036593371942285
winner,1.0,883,-0.8368207512099475
winner,1.0,884,-0.09784118495798068
winner,1.0,885,-0.7454430592683144
winner,1.0,886,-0.6825883839041665
winner,1.0,887,-0.2516769701949327
winner,1.0,888,-0.5482549159835073
winner,1.0,889,-0.6149245936180939
winner,1.0,890,-0.11160735642115877
winner,1.0,891,-0.35506435467603953
winner,1.0,892,-0.2549811037401439
winner,1.0,893,-0.5415302504275762
winner,1.0,894,-0.4046597288355756
winner,1.0,895,-0.5328485831813035
winner,1.0,896,0.007201067346810394
winner,1.0,897,0.0013492655041299718
winner,1.0,898,-0.05023634283556257
winner,1.0,899,-0.4826319140739568
winner,1.0,900,-0.685778130365133
winner,1.0,901,-0.8626871072687406
winner,1.0,902,-0.2036549760892036
winner,1.0,903,-0.4492626055752197
winner,1.0,904,-0.5800788639883574
winner,1.0,905,-0.12399361430296194
winner,1.0,906,-0.5225469081084417
winner,1.0,907,-0.45007852848590785
winner,1.0,908,-0.6773749535314345
winner,1.0,909,-0.13458763713816557
winner,1.0,910,-0.5557120000350808
winner,1.0,911,-0.5562997499049455
winner,1.0,912,-0.5366147387572167
winner,1.0,913,-0.07240345219633813
winner,1.0,914,-0.539322886363472
winner,1.0,915,-0.4746997739169425
winner,1.0,916,-0.4597730584785848
winner,1.0,917,-0.0898263010195927
winner,1.0,918,-0.6617711142704988
winner,1.0,919,-0.30575230357970584
winner,1.0,920,-0.5326153872423963
winner,1.0,921,-0.449042876216794
winner,1.0,922,-0.5124105027538295
winner,1.0,923,-0.9502356641429478
winner,1.0,924,-0.8306099369411947
winner,1.0,925,-0.29518225596412584
winner,1.0,926,-0.6686270305621935
winner,1.0,927,-0.27736644992805043
winner,1.0,928,-0.33292132380506045
winner,1.0,929,-0.39157126146702464
winner,1.0,930,-0.2281576670175406
winner,1.0,931,-0.5282526970163338
winner,1.0,932,-0.3137980904498859
winner,1.0,933,-0.3662138137970878
winner,1.0,934,-0.22507696178973377
winner,1.0,935,-0.40867042784607593
winner,1.0,936,-0.15563219518748264
winner,1.0,937,-0.6098744179628758
winner,1.0,938,-0.03743283202315334
winner,1.0,939,0.051476776281836285
winner,1.0,940,-0.7437312834353155
winner,1.0,941,-0.39357790972081563
winner,1.0,942,-0.6114978531448839
winner,1.0,943,-0.48301245118886726
winner,1.0,944,-0.6241773440718408
winner,1.0,945,-0.5795699017518773
winner,1.0,946,-0.29096007442583716
winner,1.0,947,-0.23973825662681256
winner,1.0,948,-0.5160515947973865
winner,1.0,949,-0.7283774229722818
winner,1.0,950,-0.1795413806499083
winner,1.0,951,-0.34837228949079946
winner,1.0,952,-0.4411419036695068
winner,1.0,953,-0.43786022012679626
winner,1.0,954,-0.2779388197219117
winner,1.0,955,-0.7185041314947694
winner,1.0,956,-0.45569569764628454
winner,1.0,957,-0.4400975976778514
winner,1.0,958,-0.14980348693897869
winner,1.0,959,-0.4431211406175995
winner,1.0,960,-0.5530783439113712
winner,1.0,961,-0.5813333288100222
winner,1.0,962,-0.5185840426320619
winner,1.0,963,-0.19784579108662054
winner,1.0,964,-0.37089386002097685
winner,1.0,965,-0.09376678279910787
winner,1.0,966,-0.1293937293300375
winner,1.0,967,-0.3028905643148366
winner,1.0,968,-0.3754185659137502
winner,1.0,969,-0.544874963503872
winner,1.0,970,-0.6299735944164968
winner,1.0,971,-0.7860550378473354
winner,1.0,972,-0.09586716342869914
winner,1.0,973,-0.2558540669955707
winner,1.0,974,-0.5147799722408354
winner,1.0,975,-0.23277079098974018
winner,1.0,976,-0.5112427038764212
winner,1.0,977,-0.3459565770083038
winner,1.0,978,-0.6052214736046136
winner,1.0,979,-0.4804429103506186
winner,1.0,980,-0.5381824131623171
winner,1.0,981,-0.5589920920922077
winner,1.0,982,-0.21669744269772725
winner,1.0,983,-0.34250334528454074
winner,1.0,984,-0.2859593032227005
winner,1.0,985,-0.4910634828297864
winner,1.0,986,-0.32453717449752495
winner,1.0,987,-0.3142067686813703
winner,1.0,988,-0.4351059940585424
winner,1.0,989,-0.10424488792899363
winner,1.0,990,-0.4630875442504217
winner,1.0,991,-0.2788715060145764
winner,1.0,992,-0.47751745130059847
winner,1.0,993,-0.20935204419180406
winner,1.0,994,-0.372263491565026
winner,1.0,995,-0.41601122864706236
winner,1.0,996,-0.5771242447896007
winner,1.0,997,-0.4669390147482415
winner,1.0,998,-0.39180884966650786
winner,1.0,999,-0.20542717722239306
winner,1.0,1000,-0.5070202788508211
winner,1.0,1001,-0.3504958900332733
winner,1.0,1002,-0.8216597788593278
winner,1.0,1003,-0.8666923264005566
winner,1.0,1004,-0.6390546218932553
winner,1.0,1005,-0.6470074345201785
winner,1.0,1006,-0.3519671429263471
winner,1.0,1007,-0.7657456283033943
winner,1.0,1008,-0.518266208221809
winner,1.0,1009,-0.47010856473475726
winner,1.0,1010,-0.08091520425196849
winner,1.0,1011,-0.3801663390464166
winner,1.0,1012,-0.9456538952692924
winner,1.0,1013,-0.36329232523842653
winner,1.0,1014,-0.44225714439729985
winner,1.0,1015,-0.43741810194829156
winner,1.0,1016,-0.741808020840911
winner,1.0,1017,-0.3566525369548606
winner,1.0,1018,0.36868193343499467
winner,1.0,1019,-0.7324345515234103
winner,1.0,1020,-0.24555510617396434
winner,1.0,1021,-0.31696750429458675
winner,1.0,1022,-0.6099052046374903
winner,1.0,1023,-0.3761073739188801
winner,1.0,1024,-0.03235452174416015
winner,1.0,1025,-0.435076482450359
winner,1.0,1026,-0.5671926148066708
winner,1.0,1027,-0.15851381801006534
winner,1.0,1028,-0.22030274734218708
winner,1.0,1029,-0.39159135362188413
winner,1.0,1030,-0.47168259340561264
winner,1.0,1031,-0.6189057167796708
winner,1.0,1032,-0.7644598957030334
winner,1.0,1033,-0.4435034963730861
winner,1.0,1034,-0.9537710337422461
winner,1.0,1035,-0.32501481511874347
winner,1.0,1036,-0.17301356201695786
winner,1.0,1037,-0.5576685720374187
winner,1.0,1038,-0.43368718669124484
winner,1.0,1039,-0.2237859568852122
winner,1.0,1040,-0.6286743499780133
winner,1.0,1041,-0.6898552083520564
winner,1.0,1042,-0.7117308853855078
winner,1.0,1043,-0.29740493082664027
winner,1.0,1044,-0.49245644390649995
winner,1.0,1045,-0.45024881436721237
winner,1.0,1046,-0.49715995700876303
winner,1.0,1047,-0.6045585016086905
winner,1.0,1048,-0.503603455947014
winner,1.0,1049,-0.45149016792232344
winner,1.0,1050,-0.4060042821297337
winner,1.0,1051,-0.2101701580149069
winner,1.0,1052,-0.4042573220953132
winner,1.0,1053,-0.43671814037047296
winner,1.0,1054,-0.2520783298013235
winner,1.0,1055,-0.5627721088556653
winner,1.0,1056,-0.42079564171266837
winner,1.0,1057,-0.4763057172876905
winner,1.0,1058,-0.20274168101793
winner,1.0,1059,-0.5386658002015261
winner,1.0,1060,-0.41393262552638327
winner,1.0,1061,-0.5500577577553719
winner,1.0,1062,-0.3522773209611454
winner,1.0,1063,-0.5979711380164031
winner,1.0,1064,-0.9826007503023495
winner,1.0,1065,0.21550650238370322
winner,1.0,1066,-0.4420930415995675
winner,1.0,1067,-0.8328528371620493
winner,1.0,1068,-0.8919390464085887
winner,1.0,1069,-0.6608333420531538
winner,1.0,1070,-0.5045020785006687
winner,1.0,1071,-0.5601527525888284
winner,1.0,1072,-0.2955182234253431
winner,1.0,1073,-0.7111155986348624
winner,1.0,1074,-0.5637673709151616
winner,1.0,1075,-0.20677395390243142
winner,1.0,1076,-0.3643596422166622
winner,1.0,1077,0.11092964628237703
winner,1.0,1078,-0.5208549328204493
winner,1.0,1079,-0.26347057207678104
winner,1.0,1080,-0.959359687929446
winner,1.0,1081,-0.2632193650751785
winner,1.0,1082,-0.7600329084891718
winner,1.0,1083,-0.14135905770999024
winner,1.0,1084,-0.34425339426486595
winner,1.0,1085,-0.34451387030455494
winner,1.0,1086,-0.7579309274679197
winner,1.0,1087,-0.4178589985490653
winner,1.0,1088,-0.08644883447723545
winner,1.0,1089,-0.6863599262569106
winner,1.0,1090,-0.6082958205957544
winner,1.0,1091,-0.505471015678265
winner,1.0,1092,-0.5565279720002477
winner,1.0,1093,-0.5581201415377175
winner,1.0,1094,-0.4411728077955874
winner,1.0,1095,-0.32956629887657996
winner,1.0,1096,-0.44948425271263515
winner,1.0,1097,0.007907063562108744
winner,1.0,1098,-0.39595112846920755
winner,1.0,1099,-0.3976419631426278
winner,1.0,1100,-0.6201666094993076
winner,1.0,1101,-0.29150309210405406
winner,1.0,1102,-0.6020257605793281
winner,1.0,1103,-0.17801067438938292
winner,1.0,1104,-0.3074849735305934
winner,1.0,1105,-0.4892624338822639
winner,1.0,1106,-0.5289928068866754
winner,1.0,1107,-0.6963142924180491
winner,1.0,1108,-0.5994414833822552
winner,1.0,1109,-0.6498254916590214
winner,1.0,1110,-0.48225848253355863
winner,1.0,1111,-0.230165366114161
winner,1.0,1112,-0.6007464256217848
winner,1.0,1113,-0.768408574978764
winner,1.0,1114,-0.8634657564529743
winner,1.0,1115,-0.10316412122101463
winner,1.0,1116,-0.5027284486985938
winner,1.0,1117,-0.6818177139112951
winner,1.0,1118,-0.45920909120444015
winner,1.0,1119,-0.5391401644544225
winner,1.0,1120,-0.7653415892031743
winner,1.0,1121,-0.13178416859496062
winner,1.0,1122,-0.4079570095647896
winner,1.0,1123,-0.5052335135096127
winner,1.0,1124,-0.5099084036756552
winner,1.0,1125,-0.3398648306860474
winner,1.0,1126,-0.405911907915241
winner,1.0,1127,-0.46250732720179316
winner,1.0,1128,-0.42501345300260296
winner,1.0,1129,-0.4516933273317684
winner,1.0,1130,-0.6023540023746359
winner,1.0,1131,-1.0304911952471998
winner,1.0,1132,-0.33910917825945036
winner,1.0,1133,-0.8621317176416697
winner,1.0,1134,-0.48499086587854456
winner,1.0,1135,-0.18727156658006258
winner,1.0,1136,-0.5451684333631427
winner,1.0,1137,-0.4340374559824668
winner,1.0,1138,-0.4918435122939903
winner,1.0,1139,-0.5098230857796016
winner,1.0,1140,-0.6766486974502619
winner,1.0,1141,-0.5600555873834976
winner,1.0,1142,-0.40731102638674865
winner,1.0,1143,-0.3010049649313442
winner,1.0,1144,-0.6071689482263248
winner,1.0,1145,-0.2163313273430677
winner,1.0,1146,-0.7724930368130883
winner,1.0,1147,-0.5637217637209989
winner,1.0,1148,-0.0923181687569059
winner,1.0,1149,-0.6439067614637004
winner,1.0,1150,-0.6275168103391273
winner,1.0,1151,-0.7823740072219825
winner,1.0,1152,-0.264247335925047
winner,1.0,1153,-0.18181550771585642
winner,1.0,1154,-0.43814109839898624
winner,1.0,1155,-0.8466194508186097
winner,1.0,1156,-0.6407138389499023
winner,1.0,1157,-0.22914441500242658
winner,1.0,1158,-0.3849478540356632
winner,1.0,1159,-0.5757882230454477
winner,1.0,1160,-0.6759609976157299
winner,1.0,1161,-0.6524313883501657
winner,1.0,1162,-0.3036131086086058
winner,1.0,1163,-0.42499962090488047
winner,1.0,1164,-0.6150135671535315
winner,1.0,1165,-0.285184345153628
winner,1.0,1166,-0.06736735692316255
winner,1.0,1167,-0.8281831092533477
winner,1.0,1168,-0.5313433318901118
winner,1.0,1169,-0.44189827497929524
winner,1.0,1170,-0.38829879873477235
winner,1.0,1171,-0.542527918667002
winner,1.0,1172,-0.496327590060335
winner,1.0,1173,-0.12299973355878753
winner,1.0,1174,-0.4990401194561772
winner,1.0,1175,-0.544822179252061
winner,1.0,1176,-0.6611991751729929
winner,1.0,1177,-0.5310469174538045
winner,1.0,1178,-0.4611822606969022
winner,1.0,1179,-0.5284051701643485
winner,1.0,1180,-0.6141810073129819
winner,1.0,1181,-0.21335135946155584
winner,1.0,1182,-0.5744170925184817
winner,1.0,1183,-0.46989423435643657
winner,1.0,1184,-0.2566517475610026
winner,1.0,1185,-0.6363952607658575
winner,1.0,1186,-0.3872271433831456
winner,1.0,1187,-0.3785406681235682
winner,1.0,1188,-0.44538032057735755
winner,1.0,1189,-0.391043224246911
winner,1.0,1190,-0.2925603638514388
winner,1.0,1191,-0.711916630695734
winner,1.0,1192,-0.5169389229703646
winner,1.0,1193,-0.7084283661197696
winner,1.0,1194,-0.4915534791551388
winner,1.0,1195,-0.15049283411131137
winner,1.0,1196,-0.2391589962306718
winner,1.0,1197,-0.43073031152651786
winner,1.0,1198,-0.495650552937021
winner,1.0,1199,-0.4706817180497721
winner,1.0,1200,-0.8437556901149085
winner,1.0,1201,-0.5665403387458838
winner,1.0,1202,-0.6536083182810456
winner,1.0,1203,-0.5326911601531241
winner,1.0,1204,-0.7553119745391259
winner,1.0,1205,-0.7731523276014516
winner,1.0,1206,-0.7231272160426497
winner,1.0,1207,-0.7478854848105316
winner,1.0,1208,-0.5955679797789845
winner,1.0,1209,-0.6272110601304317
winner,1.0,1210,-0.5653299891419633
winner,1.0,1211,-0.329422212160172
winner,1.0,1212,-0.65419700441127
winner,1.0,1213,-0.31408365040146563
winner,1.0,1214,-0.20494928733967985
winner,1.0,1215,-0.2518570420653043
winner,1.0,1216,-0.6024192274958831
winner,1.0,1217,-0.22047639864903182
winner,1.0,1218,-0.15020241976373766
winner,1.0,1219,-0.3017824742973402
winner,1.0,1220,-0.11240025897459663
winner,1.0,1221,-0.07739048503955684
winner,1.0,1222,-0.39405843206886065
winner,1.0,1223,-0.377807638058729
winner,1.0,1224,-0.5845264349871174
winner,1.0,1225,-0.4706065746743629
winner,1.0,1226,-0.1796975324892487
winner,1.0,1227,-0.0807852638426852
winner,1.0,1228,-0.5477229292480342
winner,1.0,1229,-0.5810438353766499
winner,1.0,1230,-0.13889701307518126
winner,1.0,1231,-0.2516380623683197
winner,1.0,1232,-0.20145005692304047
winner,1.0,1233,-0.6013707929779913
winner,1.0,1234,-0.5187586524245942
winner,1.0,1235,-0.45657630909959046
winner,1.0,1236,-0.206301143608952
winner,1.0,1237,-0.6369755225005772
winner,1.0,1238,-0.20581303183456578
winner,1.0,1239,-0.6632842712197794
winner,1.0,1240,-0.6700999126914945
winner,1.0,1241,-0.7304325684607902
winner,1.0,1242,-0.2721492492545139
winner,1.0,1243,-0.45185068114609733
winner,1.0,1244,-0.4616391213671961
winner,1.0,1245,-0.3667501434474557
winner,1.0,1246,-0.3401489198834524
winner,1.0,1247,-0.5000760482740342
winner,1.0,1248,-0.5570013951626045
winner,1.0,1249,-0.41437163429238677
winner,1.0,1250,-0.7234091812292882
winner,1.0,1251,-0.20289968531540828
winner,1.0,1252,-0.6552419534756048
winner,1.0,1253,-0.9396441783800735
winner,1.0,1254,-0.36258116793484946
winner,1.0,1255,-0.5053519123618864
winner,1.0,1256,-0.5518538918767607
winner,1.0,1257,-0.7156130729841634
winner,1.0,1258,-0.14392661221650305
winner,1.0,1259,-0.4986074261356266
winner,1.0,1260,-0.3361074786079455
winner,1.0,1261,-0.5632859973679537
winner,1.0,1262,-0.38803934491219555
winner,1.0,1263,-0.34782784456633903
winner,1.0,1264,-0.6145376681759286
winner,1.0,1265,-0.7296154664078959
winner,1.0,1266,-0.732772916182678
winner,1.0,1267,-0.5318860350904929
winner,1.0,1268,-0.6099107822060246
winner,1.0,1269,-0.7372741779290387
winner,1.0,1270,-0.4408980232147085
winner,1.0,1271,-0.6706033291480521
winner,1.0,1272,-0.42779025798364423
winner,1.0,1273,-0.2684608769339639
winner,1.0,1274,-0.3022818105584311
winner,1.0,1275,-0.5609375488854669
winner,1.0,1276,-0.6357300047006056
winner,1.0,1277,-0.6446104930937866
winner,1.0,1278,0.09679070454867447
winner,1.0,1279,-0.4912284587374684
winner,1.0,1280,-0.7168483484033282
winner,1.0,1281,-0.6968880828428621
winner,1.0,1282,-0.8147154849828486
winner,1.0,1283,-0.47561486293839655
winner,1.0,1284,-0.4146039797802427
winner,1.0,1285,-0.4579679458419296
winner,1.0,1286,-0.30252607887028965
winner,1.0,1287,-0.36748219763761375
winner,1.0,1288,-0.09142472358208674
winner,1.0,1289,-0.5955914381698725
winner,1.0,1290,-0.16095222265584808
winner,1.0,1291,-0.6186021318591391
winner,1.0,1292,-0.4744236930733956
winner,1.0,1293,-0.5840566085429147
winner,1.0,1294,-0.5425231550730493
winner,1.0,1295,-0.36879827363931855
winner,1.0,1296,-0.2113056190487604
winner,1.0,1297,-0.4060751235357162
winner,1.0,1298,-0.36352243022853026
winner,1.0,1299,-0.5459666231531111
winner,1.0,1300,-0.28040219831947516
winner,1.0,1301,-0.5055537382390778
winner,1.0,1302,-0.22934320004218794
winner,1.0,1303,-0.661047939421299
winner,1.0,1304,-0.19733046246931488
winner,1.0,1305,-0.6078131160684023
winner,1.0,1306,-0.43297926505201334
winner,1.0,1307,-0.2255757795676357
winner,1.0,1308,-0.2581304345032879
winner,1.0,1309,-0.3549473868676384
winner,1.0,1310,-0.7239858271465647
winner,1.0,1311,-0.23655197525213528
winner,1.0,1312,-0.16523466878347645
winner,1.0,1313,-0.525533607628741
winner,1.0,1314,-0.5560490111311248
winner,1.0,1315,-0.17120298095057546
winner,1.0,1316,-0.6965752553647909
winner,1.0,1317,-0.48605176776684317
winner,1.0,1318,-0.6842781831340375
winner,1.0,1319,-0.48792513833648055
winner,1.0,1320,-0.6282990976164752
winner,1.0,1321,-0.906991773075499
winner,1.0,1322,-0.5093394983245084
winner,1.0,1323,-0.5766537451508659
winner,1.0,1324,-0.557262835729652
winner,1.0,1325,-0.4997051159863898
winner,1.0,1326,-0.12044159746545391
winner,1.0,1327,-0.08231451402594464
winner,1.0,1328,-0.5103955077772465
winner,1.0,1329,-0.9619116907752203
winner,1.0,1330,-0.2237021967800535
winner,1.0,1331,-0.22634470610296792
winner,1.0,1332,-0.344339429156732
winner,1.0,1333,-0.3829646986876481
winner,1.0,1334,-0.16603635170392572
winner,1.0,1335,-0.8044301422010857
winner,1.0,1336,-0.4440370771424256
winner,1.0,1337,-0.7540234596058006
winner,1.0,1338,-0.2681868148991136
winner,1.0,1339,-0.27845906381818103
winner,1.0,1340,-0.7979848018218023
winner,1.0,1341,-0.7016383548066951
winner,1.0,1342,-0.597625138836944
winner,1.0,1343,-0.24274529423153657
winner,1.0,1344,-0.6854711994148863
winner,1.0,1345,-0.3894582915280198
winner,1.0,1346,-0.42220446152650354
winner,1.0,1347,-0.396183107010932
winner,1.0,1348,-0.6469001569700795
winner,1.0,1349,-0.6057491829437394
winner,1.0,1350,-0.04411908023738998
winner,1.0,1351,0.00019529093578622592
winner,1.0,1352,-0.2502864101140359
winner,1.0,1353,-0.3265689055287236
winner,1.0,1354,-0.23645666145978
winner,1.0,1355,-0.5689130979871266
winner,1.0,1356,-0.5612681784443828
winner,1.0,1357,-0.46793524048447804
winner,1.0,1358,0.041960394618155976
winner,1.0,1359,-0.2111989981876725
winner,1.0,1360,-0.6027692069340026
winner,1.0,1361,-0.8131635193478569
winner,1.0,1362,-0.4694065126411394
winner,1.0,1363,-0.28491597259758594
winner,1.0,1364,-0.662952877422509
winner,1.0,1365,-0.6866753891504389
winner,1.0,1366,-0.3718237064801771
winner,1.0,1367,-0.5943371165115463
winner,1.0,1368,-0.35496591976204606
winner,1.0,1369,-0.36470334340899413
winner,1.0,1370,-0.36562538736090167
winner,1.0,1371,-0.2694602316105281
winner,1.0,1372,-0.30690065353046747
winner,1.0,1373,-0.20022205690171246
winner,1.0,1374,-0.4124617057095263
winner,1.0,1375,-0.27188386833214834
winner,1.0,1376,-0.4758840407762576
winner,1.0,1377,-0.3343791394680558
winner,1.0,1378,-0.20580430382795642
winner,1.0,1379,-0.6678253162581212
winner,1.0,1380,-0.701474279536418
winner,1.0,1381,-0.7355626861684426
winner,1.0,1382,-0.35716674335917636
winner,1.0,1383,-0.6406645929458875
winner,1.0,1384,-0.46923015628217685
winner,1.0,1385,-0.2785879949357946
winner,1.0,1386,-0.3256847053178855
winner,1.0,1387,-0.2357790133410268
winner,1.0,1388,-0.10301433575895706
winner,1.0,1389,-0.25180934786954323
winner,1.0,1390,-0.36375567581254026
winner,1.0,1391,-0.19115890294637994
winner,1.0,1392,-0.43522553696277677
winner,1.0,1393,-0.5063828541421624
winner,1.0,1394,-0.36133310177702516
winner,1.0,1395,-0.39924064108128565
winner,1.0,1396,-0.5810030988096657
winner,1.0,1397,-0.505696555659146
winner,1.0,1398,-0.7172647988548424
winner,1.0,1399,-0.494403950551641
winner,1.0,1400,-0.39073551110822363
winner,1.0,1401,-0.48316260221292884
winner,1.0,1402,-0.9560783736254049
winner,1.0,1403,-0.5330803506108269
winner,1.0,1404,-0.33861824149720565
winner,1.0,1405,-0.3874562718118225
winner,1.0,1406,-0.4359914448867309
winner,1.0,1407,-0.5814971763783319
winner,1.0,1408,-0.4988354138169217
winner,1.0,1409,-0.2983741689598589
winner,1.0,1410,-0.4322334567428111
winner,1.0,1411,-0.6100367131295246
winner,1.0,1412,-0.7713942617354795
winner,1.0,1413,-0.5669490524872417
winner,1.0,1414,-0.7254111843809832
winner,1.0,1415,-0.6665179998738484
winner,1.0,1416,-0.3482961224553886
winner,1.0,1417,-0.1616335346527189
winner,1.0,1418,-0.451894361151132
winner,1.0,1419,0.0009466634969458997
winner,1.0,1420,-0.4355423381659242
winner,1.0,1421,-0.8262049613775097
winner,1.0,1422,-0.24782946102881706
winner,1.0,1423,-0.8836646718710701
winner,1.0,1424,-0.5424967340796504
winner,1.0,1425,-0.49073551945936805
winner,1.0,1426,0.033033146490761986
winner,1.0,1427,-0.4831118379280679
winner,1.0,1428,-0.39223216912536885
winner,1.0,1429,-0.2143733333303977
winner,1.0,1430,-0.3159820608850787
winner,1.0,1431,-0.46461173034227443
winner,1.0,1432,-0.38729511420792034
winner,1.0,1433,-0.37188337151924283
winner,1.0,1434,-0.30932319181317225
winner,1.0,1435,-0.22727590658433253
winner,1.0,1436,-0.4315898555845222
winner,1.0,1437,-0.4717854241929449
winner,1.0,1438,-0.4308045530855991
winner,1.0,1439,-0.4545265462855515
winner,1.0,1440,-0.41787809300323764
winner,1.0,1441,-0.1845675338974039
winner,1.0,1442,-0.8928801473236099
winner,1.0,1443,-0.22138270905390361
winner,1.0,1444,-0.46693752575038056
winner,1.0,1445,-0.5127286075819626
winner,1.0,1446,-0.2310456851428742
winner,1.0,1447,-0.33669933267789925
winner,1.0,1448,-0.3880893855478701
winner,1.0,1449,-0.6135468305231929
winner,1.0,1450,-0.1079062301365952
winner,1.0,1451,-0.4876664634361762
winner,1.0,1452,-0.48976521104013676
winner,1.0,1453,-0.25881311402363916
winner,1.0,1454,-0.44595618875655296
winner,1.0,1455,-0.23573832890025595
winner,1.0,1456,-0.46460461569857764
winner,1.0,1457,-0.39404267652881125
winner,1.0,1458,-0.5536902151569313
winner,1.0,1459,-0.3588746977474454
winner,1.0,1460,-0.6217616996522717
winner,1.0,1461,-0.8729362607225508
winner,1.0,1462,-0.531240353340949
winner,1.0,1463,-0.39559295183836624
winner,1.0,1464,-0.45714229021610225
winner,1.0,1465,-0.4864746986617016
winner,1.0,1466,-0.75905129485482
winner,1.0,1467,-0.1459189429847887
winner,1.0,1468,-0.6323908660483167
winner,1.0,1469,-0.39011699698012353
winner,1.0,1470,-0.5658156367442072
winner,1.0,1471,-0.5604655240709671
winner,1.0,1472,-0.49545240751459035
winner,1.0,1473,-0.36635890020454814
winner,1.0,1474,-0.7111965026930844
winner,1.0,1475,-0.40206426456835254
winner,1.0,1476,-0.3179722287939625
winner,1.0,1477,-0.535255306013382
winner,1.0,1478,-0.46753135304424015
winner,1.0,1479,-0.29515789712785845
winner,1.0,1480,-0.363843603538493
winner,1.0,1481,-0.25269294327146163
winner,1.0,1482,-0.6316052534849033
winner,1.0,1483,-0.430602699521805
winner,1.0,1484,-0.7950294534382649
winner,1.0,1485,-0.3815015377273369
winner,1.0,1486,-0.3205932395850888
winner,1.0,1487,-0.5478102527022963
winner,1.0,1488,-0.3535428940239101
winner,1.0,1489,-0.22983485463775263
winner,1.0,1490,-0.7716276621537197
winner,1.0,1491,-0.26263175728264576
winner,1.0,1492,-0.8375547251731938
winner,1.0,1493,-0.8210780157163831
winner,1.0,1494,-0.3274641530376695
winner,1.0,1495,-0.5574973689748288
winner,1.0,1496,-0.3867517512497318
winner,1.0,1497,-0.8082183057341705
winner,1.0,1498,-0.4212820622314096
winner,1.0,1499,-0.3018259848237041
winner,1.0,1500,-0.2071028191176608
winner,1.0,1501,-0.5364334088120923
winner,1.0,1502,-0.2422503265790362
winner,1.0,1503,-0.18922137377325524
winner,1.0,1504,-0.40680137525724086
winner,1.0,1505,-0.7412049804904641
winner,1.0,1506,-0.81261614111966
winner,1.0,1507,-0.06377644495799034
winner,1.0,1508,-0.5966379945624404
winner,1.0,1509,-0.5281460523951942
winner,1.0,1510,-0.5239728028054258
winner,1.0,1511,-0.6096723962405933
winner,1.0,1512,-0.37906719884272116
winner,1.0,1513,-0.11777068439248833
winner,1.0,1514,-0.6865627004446819
winner,1.0,1515,-0.15490725608447875
winner,1.0,1516,-0.5709393826652502
winner,1.0,1517,-0.18674787458314776
winner,1.0,1518,-0.4971538191849899
winner,1.0,1519,-0.2425426926542093
winner,1.0,1520,-0.14646429365414734
winner,1.0,1521,-0.27042925386928307
winner,1.0,1522,-0.4762854828068775
winner,1.0,1523,-0.7571465294798078
winner,1.0,1524,-0.35604954086275786
winner,1.0,1525,-0.05470429137681295
winner,1.0,1526,-0.60638373393218
winner,1.0,1527,-0.42063434062219995
winner,1.0,1528,-0.49570369799441183
winner,1.0,1529,-0.2811268180948661
winner,1.0,1530,-0.1903062033545016
winner,1.0,1531,-0.15533139260929094
winner,1.0,1532,-0.3474711764691713
winner,1.0,1533,-0.8724813129898612
winner,1.0,1534,-0.2702459237858908
winner,1.0,1535,-0.6811122357304211
winner,1.0,1536,-0.6434115044973001
winner,1.0,1537,-0.4460235457123011
winner,1.0,1538,-0.5377285905955362
winner,1.0,1539,-0.48338614655993806
winner,1.0,1540,-0.31947628840703135
winner,1.0,1541,-0.6954270256217816
winner,1.0,1542,-0.5471323705832305
winner,1.0,1543,-0.7474868207307687
winner,1.0,1544,-0.3211755504036496
winner,1.0,1545,-0.817892799096249
winner,1.0,1546,-0.49907593323049326
winner,1.0,1547,-0.6604936160005421
winner,1.0,1548,-0.5856886960513381
winner,1.0,1549,-0.527368691319863
winner,1.0,1550,-0.5047001989376684
winner,1.0,1551,-0.07402117291624029
winner,1.0,1552,-0.37701512340764204
winner,1.0,1553,-0.27604487188140264
winner,1.0,1554,-0.5466887099028358
winner,1.0,1555,-1.098259815133308
winner,1.0,1556,-0.38156494888870784
winner,1.0,1557,-0.40067061540459864
winner,1.0,1558,-0.5346316559384724
winner,1.0,1559,-0.07533971477490299
winner,1.0,1560,-0.6226731473877058
winner,1.0,1561,-0.45509557830325226
winner,1.0,1562,-0.7412009757192769
winner,1.0,1563,-0.32871908826863133
winner,1.0,1564,-0.11754616176061984
winner,1.0,1565,-0.6314554994466692
winner,1.0,1566,-0.5542028057033016
winner,1.0,1567,-0.35770063792792767
winner,1.0,1568,-0.4824383085224867
winner,1.0,1569,-0.3375959839862124
winner,1.0,1570,-0.2936333659345383
winner,1.0,1571,-0.6024996104154432
winner,1.0,1572,-0.24778309861009587
winner,1.0,1573,-0.7469617506241016
winner,1.0,1574,-0.4097103325577926
winner,1.0,1575,-0.2995587322877625
winner,1.0,1576,-0.6081994935067904
winner,1.0,1577,-0.18069951921444194
winner,1.0,1578,-0.2920808466052753
winner,1.0,1579,-0.27634228082844486
winner,1.0,1580,-0.7048794860800116
winner,1.0,1581,-0.37676582618684606
winner,1.0,1582,-0.7522296783500532
winner,1.0,1583,-0.6936990170988899
winner,1.0,1584,-0.4617741529742851
winner,1.0,1585,-0.8099357632178759
winner,1.0,1586,-0.6495393334353609
winner,1.0,1587,-0.653729336277319
winner,1.0,1588,-0.8956697721021616
winner,1.0,1589,-0.42896241572464566
winner,1.0,1590,-0.25245864507372606
winner,1.0,1591,-0.4922580805142499
winner,1.0,1592,-0.5614305261652748
winner,1.0,1593,-0.33313689016701553
winner,1.0,1594,-0.6245661113051502
winner,1.0,1595,-0.2256973815489346
winner,1.0,1596,-0.5332789338216837
winner,1.0,1597,-0.7586094421756039
winner,1.0,1598,-0.637362678549572
winner,1.0,1599,-0.4556118180870124
winner,1.0,1600,-0.2769170758546024
winner,1.0,1601,-0.2785252207503825
winner,1.0,1602,-0.402467779700048
winner,1.0,1603,-0.2816136061239194
winner,1.0,1604,-0.8833068956003565
winner,1.0,1605,-0.4253795303871055
winner,1.0,1606,-0.5906143140315316
winner,1.0,1607,-0.6146154725609375
winner,1.0,1608,-0.45012511984152426
winner,1.0,1609,-0.6733451853129093
winner,1.0,1610,-0.2980149266770837
winner,1.0,1611,-0.43587140064683344
winner,1.0,1612,-0.4997722383799876
winner,1.0,1613,-0.38390610592577984
winner,1.0,1614,-0.3007183506523304
winner,1.0,1615,-0.3591692691269427
winner,1.0,1616,-0.2487242892034724
winner,1.0,1617,-0.8056234366530394
winner,1.0,1618,-0.6294966747205089
winner,1.0,1619,-0.38562611193923363
winner,1.0,1620,-0.8417512687237578
winner,1.0,1621,-0.41704447549357554
winner,1.0,1622,-0.8034684769783416
winner,1.0,1623,-0.4558980465380766
winner,1.0,1624,-0.25638740757595346
winner,1.0,1625,-0.7061779128880364
winner,1.0,1626,-0.39279354398597977
winner,1.0,1627,-0.2970874453371581
winner,1.0,1628,-0.6104218379370737
winner,1.0,1629,-0.23501638482915324
winner,1.0,1630,-0.24616534787252492
winner,1.0,1631,-0.2613151557552841
winner,1.0,1632,-0.5234128866542541
winner,1.0,1633,-0.4487715891495921
winner,1.0,1634,-0.585466833597524
winner,1.0,1635,-0.2422825411948698
winner,1.0,1636,-0.6074962753831443
winner,1.0,1637,-0.5609741799199164
winner,1.0,1638,-0.4067723281797206
winner,1.0,1639,-0.13785494550505764
winner,1.0,1640,-0.3814564060956327
winner,1.0,1641,-0.5528078157350454
winner,1.0,1642,-0.08564444039274823
winner,1.0,1643,-0.5762148936892683
winner,1.0,1644,-0.2914416268673518
winner,1.0,1645,-0.4686581390062904
winner,1.0,1646,-0.6626921619297987
winner,1.0,1647,-0.06017194142207919
winner,1.0,1648,-0.7888254296021132
winner,1.0,1649,-0.5944574792903153
winner,1.0,1650,-0.658706195396916
winner,1.0,1651,-0.5530074393078127
winner,1.0,1652,0.01099192141508432
winner,1.0,1653,-0.18931782841479736
winner,1.0,1654,-0.35378705997668275
winner,1.0,1655,-0.4708385545516893
winner,1.0,1656,-0.38705656815627665
winner,1.0,1657,-0.2560865805560383
winner,1.0,1658,-0.6808921499009636
winner,1.0,1659,0.0650431436926813
winner,1.0,1660,-0.5629938534723725
winner,1.0,1661,-0.23693335280817415
winner,1.0,1662,-0.1020339436658463
winner,1.0,1663,-0.7338883679308476
winner,1.0,1664,-0.3267030874639578
winner,1.0,1665,-0.6725539892948502
winner,1.0,1666,-0.48372896206593624
winner,1.0,1667,-0.34811361255780504
winner,1.0,1668,-0.20538648941189772
winner,1.0,1669,-0.3596780222155912
winner,1.0,1670,-0.43500883032237997
winner,1.0,1671,-0.7275623269651703
winner,1.0,1672,-0.4524813188861916
winner,1.0,1673,-0.5397860570085429
winner,1.0,1674,-0.5985138499015874
winner,1.0,1675,-0.7074129596188447
winner,1.0,1676,-0.547290207341887
winner,1.0,1677,-0.6594196007137868
winner,1.0,1678,-0.2040373393886002
winner,1.0,1679,-0.5646889021311666
winner,1.0,1680,-0.35267804149959836
winner,1.0,1681,-0.7413988820422291
winner,1.0,1682,-0.40369585042555994
winner,1.0,1683,-0.33328846183474947
winner,1.0,1684,-0.6888579831674193
winner,1.0,1685,-0.6407080161785242
winner,1.0,1686,-0.27822140239494586
winner,1.0,1687,-0.6698631392593878
winner,1.0,1688,-0.3748233047033862
winner,1.0,1689,-0.48935622578807797
winner,1.0,1690,-0.3044483405782524
winner,1.0,1691,-0.6120039829727001
winner,1.0,1692,-0.5695662981284705
winner,1.0,1693,-0.42144729662871505
winner,1.0,1694,-0.5878511821243442
winner,1.0,1695,-0.26798332619366366
winner,1.0,1696,-0.5345442162303036
winner,1.0,1697,-0.6348276225721651
winner,1.0,1698,-0.4485301347516013
winner,1.0,1699,-0.12028974758625237
winner,1.0,1700,-0.4096011032909016
winner,1.0,1701,-0.18997091230092347
winner,1.0,1702,-0.25789705705956534
winner,1.0,1703,-0.6420717011696282
winner,1.0,1704,-0.7618483592051971
winner,1.0,1705,-0.503420867416557
winner,1.0,1706,-0.2900254804186958
winner,1.0,1707,-0.4368752855011214
winner,1.0,1708,-0.596729493608727
winner,1.0,1709,-0.3561529718579047
winner,1.0,1710,-0.3823266461069237
winner,1.0,1711,-0.3689644851911776
winner,1.0,1712,-0.6790425959648078
winner,1.0,1713,-0.15798853461494416
winner,1.0,1714,-0.7780861139732672
winner,1.0,1715,-0.10901146160079325
winner,1.0,1716,-0.22837138008936697
winner,1.0,1717,-0.7786113722420485
winner,1.0,1718,-0.804828996075261
winner,1.0,1719,-0.3863960817540855
winner,1.0,1720,-0.5273978239932654
winner,1.0,1721,-0.5244978611346425
winner,1.0,1722,-0.8211953838963658
winner,1.0,1723,-0.4007838669859473
winner,1.0,1724,-0.3180810305122094
winner,1.0,1725,-0.31995667929110905
winner,1.0,1726,-0.4454434883859455
winner,1.0,1727,-0.6593920301594982
winner,1.0,1728,-0.29058755515221973
winner,1.0,1729,-0.4561732006429283
winner,1.0,1730,-0.42341579587153133
winner,1.0,1731,-0.6899451428693651
winner,1.0,1732,-0.6281560659085338
winner,1.0,1733,-0.5263348505597738
winner,1.0,1734,-0.5379623497135727
winner,1.0,1735,-0.5780422586571229
winner,1.0,1736,-0.31518730909776627
winner,1.0,1737,-0.3928691868860197
winner,1.0,1738,-0.6208441946780813
winner,1.0,1739,-0.5658265567187751
winner,1.0,1740,-0.02924529436815485
winner,1.0,1741,-0.20552027385784394
winner,1.0,1742,-0.24805154158121542
winner,1.0,1743,-0.37207689429594265
winner,1.0,1744,-0.3382464909858711
winner,1.0,1745,-0.3232866951728164
winner,1.0,1746,-0.14035067791031158
winner,1.0,1747,-0.22524385954188422
winner,1.0,1748,-0.6735421937862769
winner,1.0,1749,-0.45145025428986085
winner,1.0,1750,-0.4619294922744552
winner,1.0,1751,-0.0802858620710954
winner,1.0,1752,-0.3198591951418299
winner,1.0,1753,-0.3700893914328107
winner,1.0,1754,-0.4424273510875526
winner,1.0,1755,-0.6106232732026897
winner,1.0,1756,-0.6709882445936621
winner,1.0,1757,-0.3875140837288563
winner,1.0,1758,-0.5083850381017264
winner,1.0,1759,-0.6224758121153051
winner,1.0,1760,-0.5898745005320306
winner,1.0,1761,-0.610323280176477
winner,1.0,1762,-0.5583963115031615
winner,1.0,1763,-0.2604750601482008
winner,1.0,1764,-0.4776650075435547
winner,1.0,1765,-0.596609352900644
winner,1.0,1766,-0.6866286946660491
winner,1.0,1767,-0.6897665714000321
winner,1.0,1768,-0.7353615393368094
winner,1.0,1769,-0.4450871428610555
winner,1.0,1770,-0.6492608409022901
winner,1.0,1771,-0.29340357638885833
winner,1.0,1772,-0.38577546654276074
winner,1.0,1773,-0.4532414023575932
winner,1.0,1774,-0.3520997242116052
winner,1.0,1775,-0.07084680909395498
winner,1.0,1776,-0.37337240986127923
winner,1.0,1777,-0.4706526332767643
winner,1.0,1778,-0.2335158284476128
winner,1.0,1779,-0.32946387390065857
winner,1.0,1780,-0.6646366543440871
winner,1.0,1781,-0.2562086669892809
winner,1.0,1782,-0.3219910028715836
winner,1.0,1783,-0.8252719454950996
winner,1.0,1784,-0.42290226992878455
winner,1.0,1785,-0.5295583360123092
winner,1.0,1786,-0.4451003937191715
winner,1.0,1787,-0.17083175107101295
winner,1.0,1788,-0.2897446380446386
winner,1.0,1789,-0.21059014452380637
winner,1.0,1790,-0.8276231291305826
winner,1.0,1791,-0.4165811487203268
winner,1.0,1792,-0.5327244596972635
winner,1.0,1793,-0.40958202092185564
winner,1.0,1794,-0.456883410939924
winner,1.0,1795,-0.5144300853900131
winner,1.0,1796,-0.4703355844451689
winner,1.0,1797,-0.6142686165431414
winner,1.0,1798,-0.14505842797922153
winner,1.0,1799,-0.6120895476390086
winner,1.0,1800,-0.14438735435600603
winner,1.0,1801,-0.6135267224741869
winner,1.0,1802,-0.5529406411539743
winner,1.0,1803,-0.06260262100717491
winner,1.0,1804,-0.4010857216536137
winner,1.0,1805,-0.2561623853204718
winner,1.0,1806,-0.40571378375605593
winner,1.0,1807,-0.5483289972165851
winner,1.0,1808,-0.622392152545448
winner,1.0,1809,-0.42670175667721666
winner,1.0,1810,-0.3785410329378498
winner,1.0,1811,-0.36391457130263355
winner,1.0,1812,-0.39461120154416174
winner,1.0,1813,-0.8226672119806584
winner,1.0,1814,-0.796223678881282
winner,1.0,1815,-0.7685791827051118
winner,1.0,1816,-0.6284596535726427
winner,1.0,1817,-0.3471553554983544
winner,1.0,1818,-0.6487636150405042
winner,1.0,1819,-0.5032069582245968
winner,1.0,1820,-0.6797388017115545
winner,1.0,1821,-0.5279994396115169
winner,1.0,1822,-0.7825255779828533
winner,1.0,1823,-0.6274153016333434
winner,1.0,1824,-0.28402022883699285
winner,1.0,1825,-0.19505720479094665
winner,1.0,1826,-0.49591919876013146
winner,1.0,1827,-0.5408074834362965
winner,1.0,1828,-0.2573140158284032
winner,1.0,1829,-0.32360507715366743
winner,1.0,1830,-0.585064654966266
winner,1.0,1831,-0.7059666854807678
winner,1.0,1832,-0.41865464104700206
winner,1.0,1833,-0.42542796726415333
winner,1.0,1834,-0.3771001706366158
winner,1.0,1835,-0.27816959412867515
winner,1.0,1836,-0.20470729043160962
winner,1.0,1837,-0.522051345038603
winner,1.0,1838,-0.8416474815633933
winner,1.0,1839,-0.3612333200115877
winner,1.0,1840,-0.674780436265014
winner,1.0,1841,-0.3479233330535552
winner,1.0,1842,-0.28252934035277466
winner,1.0,1843,-0.7296846453315863
winner,1.0,1844,-0.8903680378744566
winner,1.0,1845,-0.5872779640667034
winner,1.0,1846,-0.7439363289037205
winner,1.0,1847,-0.4948981921953005
winner,1.0,1848,-0.6816295159908344
winner,1.0,1849,-0.7152898401281065
winner,1.0,1850,-0.48851535847251154
winner,1.0,1851,-0.5095211825716898
winner,1.0,1852,-0.7440599573402837
winner,1.0,1853,-0.5768753330304612
winner,1.0,1854,-0.2417271187875381
winner,1.0,1855,-0.23950124368084427
winner,1.0,1856,-0.5792519223127274
winner,1.0,1857,-0.4451556585275187
winner,1.0,1858,-0.7411443257349567
winner,1.0,1859,-0.35349295250927565
winner,1.0,1860,-0.2713276830493721
winner,1.0,1861,-0.210896467560162
winner,1.0,1862,-0.3761445544508288
winner,1.0,1863,-0.5190243463384021
winner,1.0,1864,-0.6487103088393279
winner,1.0,1865,-0.3062018375810099
winner,1.0,1866,-0.39792891896397287
winner,1.0,1867,-0.5761400578953392
winner,1.0,1868,-0.35200295193676995
winner,1.0,1869,-0.7291950339267179
winner,1.0,1870,-0.7085297785640859
winner,1.0,1871,-0.3373242450120882
winner,1.0,1872,-0.20160450429790527
winner,1.0,1873,-0.46986522555738536
winner,1.0,1874,-0.5379609615100723
winner,1.0,1875,-0.3502353730477665
winner,1.0,1876,-0.35145775006280383
winner,1.0,1877,-0.3240630925669417
winner,1.0,1878,-0.6092860236925903
winner,1.0,1879,-0.4222656696041103
winner,1.0,1880,-0.6279425341400181
winner,1.0,1881,-0.24290137199735398
winner,1.0,1882,-0.26143095329791316
winner,1.0,1883,-0.5656159598408823
winner,1.0,1884,-0.3911975314243488
winner,1.0,1885,-0.6611890881616871
winner,1.0,1886,-0.11800222884959058
winner,1.0,1887,-0.7762553050687193
winner,1.0,1888,-0.5765047287453229
winner,1.0,1889,-0.36499416684105457
winner,1.0,1890,-0.34100133136327776
winner,1.0,1891,-0.4790130551952804
winner,1.0,1892,-0.32983749549993324
winner,1.0,1893,-0.4693789544664342
winner,1.0,1894,-0.530318235349225
winner,1.0,1895,-0.7164236021627187
winner,1.0,1896,-0.6332843119260724
winner,1.0,1897,-0.30016533363232684
winner,1.0,1898,-0.30804009758293
winner,1.0,1899,-0.22254336270009623
winner,1.0,1900,-0.47721156552614935
winner,1.0,1901,-0.19157923690486867
winner,1.0,1902,-0.3105010194082476
winner,1.0,1903,-0.19936811352302528
winner,1.0,1904,-0.577714057770305
winner,1.0,1905,-0.6648907631654676
winner,1.0,1906,-0.31336987839055785
winner,1.0,1907,-0.8251606437240222
winner,1.0,1908,-0.5731999567161082
winner,1.0,1909,-0.555014481484447
winner,1.0,1910,-0.168627401778013
winner,1.0,1911,-0.8015042503109615
winner,1.0,1912,-0.5436615307168766
winner,1.0,1913,-0.46253585951074955
winner,1.0,1914,-0.7116077522586616
winner,1.0,1915,-0.6273728289702589
winner,1.0,1916,-0.3456389904330951
winner,1.0,1917,-0.15555137209620756
winner,1.0,1918,-0.34649980685392184
winner,1.0,1919,-0.6309804904009093
winner,1.0,1920,-0.49340416535571363
winner,1.0,1921,-0.2592281551846822
winner,1.0,1922,-0.09912393503367936
winner,1.0,1923,-0.3332450470755884
winner,1.0,1924,-0.8561332803253199
winner,1.0,1925,-0.6135653617878117
winner,1.0,1926,-0.7678416140947065
winner,1.0,1927,-0.30199517975293516
winner,1.0,1928,-0.21311928516441087
winner,1.0,1929,-0.5510183783403946
winner,1.0,1930,-0.1823255123753796
winner,1.0,1931,-0.5855027528128668
winner,1.0,1932,-0.28892560712445675
winner,1.0,1933,-0.19589678190797974
winner,1.0,1934,-0.6453621943539632
winner,1.0,1935,-0.29584743108380507
winner,1.0,1936,-0.32796996317680754
winner,1.0,1937,-0.4371575129556239
winner,1.0,1938,-0.19489783367920283
winner,1.0,1939,-0.5327207165183641
winner,1.0,1940,-0.3694627147873421
winner,1.0,1941,-0.007858984435034059
winner,1.0,1942,-0.38513600876917065
winner,1.0,1943,-0.39381992747111466
winner,1.0,1944,-0.3526654253570064
winner,1.0,1945,-0.36328853254860194
winner,1.0,1946,-0.4830700747069226
winner,1.0,1947,-0.649239181793894
winner,1.0,1948,-0.33325858647892387
winner,1.0,1949,-0.6729834199509469
winner,1.0,1950,-0.4692353506768682
winner,1.0,1951,-0.729066241580261
winner,1.0,1952,-0.4047721578999264
winner,1.0,1953,-0.1355757977535429
winner,1.0,1954,-0.36525524574347334
winner,1.0,1955,-0.45960900662563897
winner,1.0,1956,-0.5568937904731728
winner,1.0,1957,-0.559955951108415
winner,1.0,1958,-0.39760605728140913
winner,1.0,1959,-0.14895577534356533
winner,1.0,1960,-0.2587344896644274
winner,1.0,1961,-0.5568457697292815
winner,1.0,1962,-0.3962875732720674
winner,1.0,1963,-0.33304336211725083
winner,1.0,1964,-0.47642616995889686
winner,1.0,1965,-0.5916751029690722
winner,1.0,1966,-0.5062295497571
winner,1.0,1967,-0.262611505986135
winner,1.0,1968,-0.4696082673182854
winner,1.0,1969,-0.5283378605251271
winner,1.0,1970,-0.39914347417972607
winner,1.0,1971,-0.3686626642142681
winner,1.0,1972,-0.7427178300758379
winner,1.0,1973,-0.2519136428150718
winner,1.0,1974,-0.6139148567226228
winner,1.0,1975,-0.13661917896375
winner,1.0,1976,-0.2297827469050202
winner,1.0,1977,-0.2259892457097497
winner,1.0,1978,-0.35711526268832583
winner,1.0,1979,-0.18684458566862525
winner,1.0,1980,-0.28884969838773744
winner,1.0,1981,-1.0246657567269104
winner,1.0,1982,-0.5552777848522571
winner,1.0,1983,-0.023679636329881803
winner,1.0,1984,-0.5034229591025876
winner,1.0,1985,-0.22906147983721115
winner,1.0,1986,-0.26123316144549813
winner,1.0,1987,-0.39784114576017165
winner,1.0,1988,-0.3630206742330209
winner,1.0,1989,-0.37179427331386977
winner,1.0,1990,-0.5924751818120056
winner,1.0,1991,-0.5737518235270574
winner,1.0,1992,-0.5609326146746573
winner,1.0,1993,-0.41497099646497293
winner,1.0,1994,-0.2761558335312496
winner,1.0,1995,-0.339774067262317
winner,1.0,1996,0.00857521846869349
winner,1.0,1997,-0.6021893587974625
winner,1.0,1998,-0.4582150037460282
winner,1.0,1999,-0.18283426447708712
winner,1.1,0,1.3101052885348095
winner,1.1,1,1.4407250695401572
winner,1.1,2,1.3605421367407853
winner,1.1,3,0.8571073600308835
winner,1.1,4,1.3478755201762065
winner,1.1,5,1.0278984549323975
winner,1.1,6,1.3025771235950065
winner,1.1,7,1.2051576945119538
winner,1.1,8,1.5652400772015993
winner,1.1,9,1.0165587705583512
winner,1.1,10,1.614186716064542
winner,1.1,11,1.250703821877827
winner,1.1,12,1.4712915988443422
winner,1.1,13,1.570534474421398
winner,1.1,14,1.2953729477836582
winner,1.1,15,1.32127879883233
winner,1.1,16,1.0348186114030424
winner,1.1,17,0.9890164593091817
winner,1.1,18,1.3311080141840261
winner,1.1,19,1.5210212504001326
winner,1.1,20,1.4187272337395005
winner,1.1,21,1.1801644435679854
winner,1.1,22,1.1235552906711177
winner,1.1,23,1.460218511792861
winner,1.1,24,1.4639234839307214
winner,1.1,25,1.176104918540693
winner,1.1,26,1.5105376935934496
winner,1.1,27,1.64187386626859
winner,1.1,28,1.5306563242198994
winner,1.1,29,1.6783373707135947
winner,1.1,30,1.2178030167533442
winner,1.1,31,1.3791145900319837
winner,1.1,32,1.703432787547465
winner,1.1,33,1.5339251822055138
winner,1.1,34,1.0997480857635449
winner,1.1,35,1.2375036553054428
winner,1.1,36,1.4929214986748762
winner,1.1,37,1.5851945553918012
winner,1.1,38,1.1104500859518796
winner,1.1,39,1.1131399326687579
winner,1.1,40,1.4367167433256591
winner,1.1,41,1.4089693615707666
winner,1.1,42,0.8093356801061947
winner,1.1,43,1.542101459600859
winner,1.1,44,1.107594218611996
winner,1.1,45,1.447129786501218
winner,1.1,46,1.1358302953191162
winner,1.1,47,1.4355113474289865
winner,1.1,48,1.4193869772268652
winner,1.1,49,1.4976860715404996
winner,1.1,50,1.181831518195287
winner,1.1,51,1.2492369408253798
winner,1.1,52,1.4666962019834928
winner,1.1,53,1.001109497083658
winner,1.1,54,1.0993439324235428
winner,1.1,55,1.5283470850686298
winner,1.1,56,0.9851110888787384
winner,1.1,57,1.7105341711352549
winner,1.1,58,1.168403193991352
winner,1.1,59,0.9963323966344013
winner,1.1,60,1.0054292081153315
winner,1.1,61,1.5348872009258965
winner,1.1,62,1.2077005579686277
winner,1.1,63,1.4875923323200166
winner,1.1,64,1.4317722253143033
winner,1.1,65,1.2218963698434888
winner,1.1,66,1.4186877103522222
winner,1.1,67,1.0535243313587688
winner,1.1,68,1.5670471833468742
winner,1.1,69,1.2585646094872205
winner,1.1,70,0.9581514220545168
winner,1.1,71,1.5454296115432622
winner,1.1,72,1.1853271766337734
winner,1.1,73,1.4078467892946878
winner,1.1,74,1.2801822338547593
winner,1.1,75,1.236499140784655
winner,1.1,76,1.0343777005374821
winner,1.1,77,1.3483939713418627
winner,1.1,78,1.4781221281685661
winner,1.1,79,1.2825760317367747
winner,1.1,80,1.0962797009518286
winner,1.1,81,0.8502261044089584
winner,1.1,82,1.4747891539342648
winner,1.1,83,1.5258624730919648
winner,1.1,84,1.50765554585813
winner,1.1,85,1.4172807738235764
winner,1.1,86,1.2252109328758973
winner,1.1,87,1.409521217926151
winner,1.1,88,1.664901321267576
winner,1.1,89,0.9779862707461197
winner,1.1,90,1.4349892873604142
winner,1.1,91,0.9064080631812145
winner,1.1,92,1.4108003699341398
winner,1.1,93,1.42999214882454
winner,1.1,94,1.294578058689834
winner,1.1,95,1.5231610162189655
winner,1.1,96,1.1017596814102082
winner,1.1,97,1.4798549850958342
winner,1.1,98,1.4297081027024168
winner,1.1,99,1.0067892660257884
winner,1.1,100,1.297586366741594
winner,1.1,101,1.313864491740079
winner,1.1,102,0.9608732973863072
winner,1.1,103,1.5621968975825322
winner,1.1,104,0.7577732375422991
winner,1.1,105,1.0080587638713243
winner,1.1,106,1.5243715872913282
winner,1.1,107,1.5134804537179676
winner,1.1,108,1.4354682491825512
winner,1.1,109,1.5688355801715061
winner,1.1,110,1.506049465765027
winner,1.1,111,1.478564059721907
winner,1.1,112,1.3272434981165246
winner,1.1,113,1.54208038347597
winner,1.1,114,1.1351610219311237
winner,1.1,115,1.1440050604434426
winner,1.1,116,1.3018545899156355
winner,1.1,117,1.5864064394052326
winner,1.1,118,1.502523578377296
winner,1.1,119,1.1947859289694236
winner,1.1,120,1.2121448048005763
winner,1.1,121,1.494513876760312
winner,1.1,122,1.6268167697217828
winner,1.1,123,1.2633184588296928
winner,1.1,124,1.1385194383647368
winner,1.1,125,1.5697027007842415
winner,1.1,126,1.6592258511705364
winner,1.1,127,1.9531028235842849
winner,1.1,128,1.6879306776069996
winner,1.1,129,1.3426779021593935
winner,1.1,130,1.3146548895610868
winner,1.1,131,1.5112216678627683
winner,1.1,132,1.0855533567630373
winner,1.1,133,1.0261150575056455
winner,1.1,134,0.9655264582071352
winner,1.1,135,1.4237906998249552
winner,1.1,136,1.7465132893830602
winner,1.1,137,1.348190896364735
winner,1.1,138,1.3175957684733879
winner,1.1,139,1.1809000708265407
winner,1.1,140,1.3600541805620936
winner,1.1,141,1.4888874216504593
winner,1.1,142,1.0902605030369301
winner,1.1,143,0.8319551716003166
winner,1.1,144,1.0599422310757647
winner,1.1,145,1.1718942826115057
winner,1.1,146,1.5501940417940767
winner,1.1,147,1.4496201648856948
winner,1.1,148,1.1965848406677837
winner,1.1,149,1.3526721721885095
winner,1.1,150,1.6843830608100718
winner,1.1,151,1.8005434798119129
winner,1.1,152,1.4676987689560819
winner,1.1,153,1.2640581402271738
winner,1.1,154,1.8231882312386865
winner,1.1,155,1.0464833815403174
winner,1.1,156,1.6209628728237389
winner,1.1,157,1.6039647154320336
winner,1.1,158,1.1955244529184021
winner,1.1,159,1.4362248766852264
winner,1.1,160,1.1389351138893147
winner,1.1,161,1.3014695820511326
winner,1.1,162,0.9315209427652917
winner,1.1,163,1.457650506493213
winner,1.1,164,1.1763406639305833
winner,1.1,165,1.4999168388969855
winner,1.1,166,1.3030112204285265
winner,1.1,167,1.0514220708297046
winner,1.1,168,1.2368010512205811
winner,1.1,169,1.7629548393104233
winner,1.1,170,1.7428100743241017
winner,1.1,171,1.157702564068377
winner,1.1,172,1.6193592228512788
winner,1.1,173,1.0338745112451981
winner,1.1,174,1.2153856208734821
winner,1.1,175,1.3624006824687227
winner,1.1,176,1.2827463819946254
winner,1.1,177,1.7603082830757544
winner,1.1,178,1.2487164345011454
winner,1.1,179,1.1904060662788407
winner,1.1,180,1.1748264367674848
winner,1.1,181,1.6699218575859422
winner,1.1,182,1.2112173136800433
winner,1.1,183,1.3999880334997472
winner,1.1,184,0.9125942810210821
winner,1.1,185,1.6044227144127174
winner,1.1,186,1.0067979924586852
winner,1.1,187,1.4993363197593905
winner,1.1,188,1.3805890897350481
winner,1.1,189,1.2348397564630214
winner,1.1,190,1.7261130133960323
winner,1.1,191,1.7410651504108203
winner,1.1,192,1.4741254133570905
winner,1.1,193,1.4155215569028532
winner,1.1,194,1.3089937774563174
winner,1.1,195,1.3183554819710854
winner,1.1,196,1.0695648947965049
winner,1.1,197,1.3775065174729693
winner,1.1,198,1.4118784010757046
winner,1.1,199,1.2884590368682587
winner,1.1,200,1.5115991731808596
winner,1.1,201,1.2226225093009941
winner,1.1,202,1.480788408351063
winner,1.1,203,1.5764607267229613
winner,1.1,204,1.0279572222142155
winner,1.1,205,0.9907595252830709
winner,1.1,206,1.472162947245605
winner,1.1,207,1.3220333964074125
winner,1.1,208,1.5396450560051578
winner,1.1,209,1.2360069083726783
winner,1.1,210,1.2376524634283077
winner,1.1,211,1.2279581348417303
winner,1.1,212,0.8577847882923502
winner,1.1,213,1.1450435299805062
winner,1.1,214,1.7864772679997627
winner,1.1,215,1.3931654210071005
winner,1.1,216,1.4848407404598305
winner,1.1,217,1.4505791405776067
winner,1.1,218,1.753167677259563
winner,1.1,219,1.4653513695001674
winner,1.1,220,1.457635825973689
winner,1.1,221,1.3852678283509898
winner,1.1,222,1.2305577540834514
winner,1.1,223,1.5973399234040986
winner,1.1,224,1.6798370097066828
winner,1.1,225,0.9423975480499277
winner,1.1,226,1.887251475845795
winner,1.1,227,1.3021482065528611
winner,1.1,228,1.3262419895267619
winner,1.1,229,1.4177455529879437
winner,1.1,230,1.2348332486947209
winner,1.1,231,1.4948046966750603
winner,1.1,232,1.0106527508513659
winner,1.1,233,1.237296439924437
winner,1.1,234,1.2176046542870043
winner,1.1,235,1.248664006092333
winner,1.1,236,1.0714582963271826
winner,1.1,237,1.5052251012073288
winner,1.1,238,1.1386801696316662
winner,1.1,239,1.2466080667094135
winner,1.1,240,1.2598721233218333
winner,1.1,241,1.030775048259124
winner,1.1,242,1.0899659321354054
winner,1.1,243,1.2203494667033297
winner,1.1,244,1.0857952115628557
winner,1.1,245,1.1197018860070191
winner,1.1,246,1.2999174519423622
winner,1.1,247,1.7915075147418704
winner,1.1,248,1.037199040971421
winner,1.1,249,1.1578000541735973
winner,1.1,250,1.265732710352245
winner,1.1,251,1.359175190363403
winner,1.1,252,1.2190276033373786
winner,1.1,253,1.762142007600101
winner,1.1,254,1.6993532098467714
winner,1.1,255,1.1114022057076178
winner,1.1,256,0.9551385914190057
winner,1.1,257,1.276900301193707
winner,1.1,258,1.1587941009611404
winner,1.1,259,1.4265311513300174
winner,1.1,260,0.9181605893284115
winner,1.1,261,1.3824169430359394
winner,1.1,262,1.5252800842645622
winner,1.1,263,1.0884915922150373
winner,1.1,264,1.527880843278387
winner,1.1,265,1.710580762393449
winner,1.1,266,1.1248459922223342
winner,1.1,267,1.2450530474025658
winner,1.1,268,1.4764296047312755
winner,1.1,269,1.4601312394422439
winner,1.1,270,0.9260287793520373
winner,1.1,271,1.4055310140804185
winner,1.1,272,1.1652066083784496
winner,1.1,273,1.7326028673600675
winner,1.1,274,1.2095854930257357
winner,1.1,275,1.6225033174436494
winner,1.1,276,1.2745217701672842
winner,1.1,277,1.1103740929023476
winner,1.1,278,1.3644517249117618
winner,1.1,279,1.2440830676464711
winner,1.1,280,1.4426631185676062
winner,1.1,281,1.453121386936217
winner,1.1,282,1.400978247464556
winner,1.1,283,1.2913148997209662
winner,1.1,284,0.9919130171190984
winner,1.1,285,1.6556499193551146
winner,1.1,286,1.1017675156665576
winner,1.1,287,1.1155017360581345
winner,1.1,288,1.2447780897554106
winner,1.1,289,1.6723500738382335
winner,1.1,290,1.2568536916127524
winner,1.1,291,1.1660989196616567
winner,1.1,292,1.147200728192681
winner,1.1,293,1.646621067045653
winner,1.1,294,1.2143222491200596
winner,1.1,295,1.2246771071342601
winner,1.1,296,1.2617306463627642
winner,1.1,297,1.1632485131740686
winner,1.1,298,1.2350946900856297
winner,1.1,299,1.4008781606732963
winner,1.1,300,1.2877269302439054
winner,1.1,301,1.3646785222794147
winner,1.1,302,1.212758990323915
winner,1.1,303,1.5142551150958365
winner,1.1,304,0.8244488096890653
winner,1.1,305,1.7801853708548865
winner,1.1,306,1.4671350231013318
winner,1.1,307,1.6020563577541922
winner,1.1,308,0.9633866410321675
winner,1.1,309,1.559819352935757
winner,1.1,310,1.3690593580743513
winner,1.1,311,0.8219940940323723
winner,1.1,312,1.4606148522018398
winner,1.1,313,1.3454282951613667
winner,1.1,314,1.2104521937376918
winner,1.1,315,1.525164172238637
winner,1.1,316,1.249401404903808
winner,1.1,317,1.1958325804792695
winner,1.1,318,1.450905451844331
winner,1.1,319,1.0810930472775189
winner,1.1,320,1.481631519720761
winner,1.1,321,1.6090146578034306
winner,1.1,322,1.045114695643018
winner,1.1,323,1.7327727623340412
winner,1.1,324,1.2714815441597027
winner,1.1,325,1.2132295283019516
winner,1.1,326,1.4194888001987782
winner,1.1,327,1.217824027970779
winner,1.1,328,1.2746892563616117
winner,1.1,329,0.9839300102523904
winner,1.1,330,1.4622842165263146
winner,1.1,331,1.4802601470980505
winner,1.1,332,1.0628948451477984
winner,1.1,333,1.2676648971705946
winner,1.1,334,1.1299672730499513
winner,1.1,335,1.1045412350755535
winner,1.1,336,1.588351183256359
winner,1.1,337,1.4242777011570686
winner,1.1,338,1.358214647044096
winner,1.1,339,1.4766411009019615
winner,1.1,340,1.3941752278599482
winner,1.1,341,1.6925374555524235
winner,1.1,342,1.1737707982677803
winner,1.1,343,1.24575095876308
winner,1.1,344,1.1392275798954923
winner,1.1,345,1.3599325089585839
winner,1.1,346,1.106617482868018
winner,1.1,347,1.317988167314637
winner,1.1,348,1.194149089307174
winner,1.1,349,1.7050185723661528
winner,1.1,350,1.2861176430649612
winner,1.1,351,1.3985300425010883
winner,1.1,352,1.2023459717008158
winner,1.1,353,1.3296638358915953
winner,1.1,354,1.5358001727066255
winner,1.1,355,1.6263492928602756
winner,1.1,356,1.4060102672596553
winner,1.1,357,0.7819917484695585
winner,1.1,358,1.213770729836272
winner,1.1,359,1.3736643944749112
winner,1.1,360,1.3819628009795846
winner,1.1,361,1.0446422299385083
winner,1.1,362,1.091199966805613
winner,1.1,363,1.4839221218584389
winner,1.1,364,1.3885531144225207
winner,1.1,365,1.5917887851041472
winner,1.1,366,1.615445083203105
winner,1.1,367,1.1843921097783898
winner,1.1,368,1.529313642552252
winner,1.1,369,1.3430223115798374
winner,1.1,370,1.2947221473813975
winner,1.1,371,1.2616473963206105
winner,1.1,372,1.391392918713453
winner,1.1,373,1.4827427123740553
winner,1.1,374,1.2426986224829883
winner,1.1,375,1.1715434024901104
winner,1.1,376,1.5097109854863064
winner,1.1,377,1.1084208418656756
winner,1.1,378,1.427060562241611
winner,1.1,379,1.2332437547477562
winner,1.1,380,1.6215503062305565
winner,1.1,381,1.005820404650766
winner,1.1,382,1.2802348579674054
winner,1.1,383,1.1695338262755108
winner,1.1,384,1.3912127442813973
winner,1.1,385,1.538119529437092
winner,1.1,386,1.0211516931834554
winner,1.1,387,1.2319181511845858
winner,1.1,388,0.9942030680202733
winner,1.1,389,1.154512978127232
winner,1.1,390,1.3785730056332983
winner,1.1,391,1.1057252612143684
winner,1.1,392,1.7049931343849107
winner,1.1,393,1.4170936795916662
winner,1.1,394,1.2806889588202388
winner,1.1,395,1.8130887780560496
winner,1.1,396,1.3936861096144773
winner,1.1,397,1.3614214529639
winner,1.1,398,1.4252887678629387
winner,1.1,399,1.390960640406851
winner,1.1,400,1.278258227700826
winner,1.1,401,1.2159483188559568
winner,1.1,402,1.4288273618486333
winner,1.1,403,1.2827289872031649
winner,1.1,404,1.5772539919455306
winner,1.1,405,1.017900156438355
winner,1.1,406,1.2354202246836332
winner,1.1,407,1.264175876683636
winner,1.1,408,1.0904289854303457
winner,1.1,409,1.202720128442285
winner,1.1,410,1.311772429559657
winner,1.1,411,1.1501653102464067
winner,1.1,412,1.2917276934243225
winner,1.1,413,1.5463936263483797
winner,1.1,414,1.268297064620077
winner,1.1,415,1.1959599171777715
winner,1.1,416,1.628509516006055
winner,1.1,417,1.447356982320698
winner,1.1,418,1.1855613403996919
winner,1.1,419,1.088678145483083
winner,1.1,420,1.0569915306557869
winner,1.1,421,1.7387484541478686
winner,1.1,422,1.5378989372538157
winner,1.1,423,1.3402205810501546
winner,1.1,424,1.2655459992064249
winner,1.1,425,1.5275621040164744
winner,1.1,426,1.1702962315472405
winner,1.1,427,1.1552612618081644
winner,1.1,428,1.3522238430469589
winner,1.1,429,1.615534123621602
winner,1.1,430,1.0960878130388723
winner,1.1,431,1.3818238767333755
winner,1.1,432,1.0007699875127396
winner,1.1,433,1.641989690699166
winner,1.1,434,1.1975897999224212
winner,1.1,435,1.248593352933568
winner,1.1,436,1.1816100276779482
winner,1.1,437,1.3064872226747606
winner,1.1,438,1.2137904165906808
winner,1.1,439,1.1448620984509914
winner,1.1,440,1.1374014643858523
winner,1.1,441,1.0195311178061666
winner,1.1,442,0.8714905858419966
winner,1.1,443,1.8174534394211272
winner,1.1,444,1.1972995767554415
winner,1.1,445,1.3955242584110221
winner,1.1,446,1.6660560862197686
winner,1.1,447,1.31339216599367
winner,1.1,448,1.6058955942656492
winner,1.1,449,1.357183367654616
winner,1.1,450,1.2115231805739135
winner,1.1,451,1.3684831115755747
winner,1.1,452,1.3978364893923425
winner,1.1,453,1.330520414610753
winner,1.1,454,1.420209804583001
winner,1.1,455,1.1481019868804712
winner,1.1,456,1.161352442427718
winner,1.1,457,1.236903802535497
winner,1.1,458,1.324541282804121
winner,1.1,459,1.437247780924657
winner,1.1,460,1.0750362643878033
winner,1.1,461,1.0875587828384177
winner,1.1,462,1.5306549402742293
winner,1.1,463,1.4224351510000277
winner,1.1,464,1.043853389437284
winner,1.1,465,1.5658110084265937
winner,1.1,466,1.3265815474914195
winner,1.1,467,1.2095328140839068
winner,1.1,468,1.67452594299577
winner,1.1,469,1.4898662995338703
winner,1.1,470,1.2146919008257169
winner,1.1,471,1.3565724691712309
winner,1.1,472,0.9379016054346649
winner,1.1,473,1.0625670384305264
winner,1.1,474,1.2529283119536836
winner,1.1,475,1.9410078334886813
winner,1.1,476,1.2735141169886273
winner,1.1,477,1.1817579033181926
winner,1.1,478,1.1017952186444595
winner,1.1,479,1.1809235736530275
winner,1.1,480,0.9851705021797786
winner,1.1,481,1.3005673815152168
winner,1.1,482,1.2363739354521053
winner,1.1,483,1.29647924532847
winner,1.1,484,1.7349012541987379
winner,1.1,485,1.0356121688947706
winner,1.1,486,1.425157379127467
winner,1.1,487,1.6337362113105396
winner,1.1,488,1.1439422488767261
winner,1.1,489,1.2662734586592557
winner,1.1,490,1.313171240389232
winner,1.1,491,1.1606223912607505
winner,1.1,492,1.729263800018142
winner,1.1,493,1.176563329397228
winner,1.1,494,1.5664791052819707
winner,1.1,495,1.1395186700860533
winner,1.1,496,1.2030455339869863
winner,1.1,497,1.2481902653220327
winner,1.1,498,1.6191695340121757
winner,1.1,499,1.4778848486003098
winner,1.1,500,1.8413973818366156
winner,1.1,501,1.3637805134670649
winner,1.1,502,1.6628149930776854
winner,1.1,503,1.0978961701442662
winner,1.1,504,1.2492627253853357
winner,1.1,505,1.494460948247816
winner,1.1,506,1.1116094281213724
winner,1.1,507,0.9307968598526905
winner,1.1,508,1.1689558176401145
winner,1.1,509,1.4396639612374844
winner,1.1,510,1.2197723410470942
winner,1.1,511,1.57742092178416
winner,1.1,512,1.4923278500435508
winner,1.1,513,1.0553201364774443
winner,1.1,514,1.3105276282591356
winner,1.1,515,1.004868352393061
winner,1.1,516,1.3285006552329164
winner,1.1,517,1.1692569561842099
winner,1.1,518,1.597321289888676
winner,1.1,519,1.1038978370500965
winner,1.1,520,1.3935600504599708
winner,1.1,521,1.5610455894812219
winner,1.1,522,1.621066711877253
winner,1.1,523,1.2321647549444388
winner,1.1,524,1.2669810683637535
winner,1.1,525,0.754349928761977
winner,1.1,526,1.646662192081962
winner,1.1,527,1.3253867638832506
winner,1.1,528,1.4054525650245677
winner,1.1,529,1.6371730180773987
winner,1.1,530,0.9131125684715069
winner,1.1,531,1.5216095801314045
winner,1.1,532,1.1953680202055779
winner,1.1,533,1.2633363547699787
winner,1.1,534,1.6139885443066229
winner,1.1,535,1.1816270514873761
winner,1.1,536,1.2835580461200236
winner,1.1,537,1.4189583230703382
winner,1.1,538,1.5686277167926943
winner,1.1,539,1.0256852819915059
winner,1.1,540,1.4654357633595059
winner,1.1,541,1.0450894946114988
winner,1.1,542,1.1823962619582422
winner,1.1,543,1.3243223427649216
winner,1.1,544,1.4814450207833123
winner,1.1,545,1.4959613769722806
winner,1.1,546,1.1125285915183674
winner,1.1,547,1.252033294098323
winner,1.1,548,1.4811067393453488
winner,1.1,549,1.216963746035391
winner,1.1,550,1.235342291195242
winner,1.1,551,1.4082355216612747
winner,1.1,552,1.6158291827423452
winner,1.1,553,1.0384469810532302
winner,1.1,554,1.5394229635141496
winner,1.1,555,1.4521705380702208
winner,1.1,556,1.0587774016530227
winner,1.1,557,1.3606573811285423
winner,1.1,558,1.8531704741876003
winner,1.1,559,1.5648171461932716
winner,1.1,560,1.6222247268159768
winner,1.1,561,1.6800779553905063
winner,1.1,562,1.4021285642869985
winner,1.1,563,1.1946094886070078
winner,1.1,564,1.131000667524299
winner,1.1,565,1.483606031379326
winner,1.1,566,1.1286015462501615
winner,1.1,567,1.7078177534529895
winner,1.1,568,1.2199437319618434
winner,1.1,569,1.170364964747419
winner,1.1,570,0.7816019926165847
winner,1.1,571,1.098174661678945
winner,1.1,572,1.32184009172024
winner,1.1,573,1.5462013530283008
winner,1.1,574,0.9708746870156948
winner,1.1,575,1.1164316637299672
winner,1.1,576,1.497040197997745
winner,1.1,577,1.4084714790996218
winner,1.1,578,1.0394542240753462
winner,1.1,579,1.0105564575588164
winner,1.1,580,1.3626183445014413
winner,1.1,581,1.4706538774318267
winner,1.1,582,1.1234759600112363
winner,1.1,583,1.0604284074659278
winner,1.1,584,1.3200687351831044
winner,1.1,585,1.286488698053582
winner,1.1,586,1.4557156827813698
winner,1.1,587,1.1925200386986354
winner,1.1,588,1.512217000582097
winner,1.1,589,1.5096080299231955
winner,1.1,590,1.3550113741041467
winner,1.1,591,1.0791367051300544
winner,1.1,592,1.0878922976664092
winner,1.1,593,1.6030647002942688
winner,1.1,594,1.3780387409741413
winner,1.1,595,1.5778958752678127
winner,1.1,596,1.0250502287008887
winner,1.1,597,1.4345457550513225
winner,1.1,598,1.1746814541415882
winner,1.1,599,1.1788103633513058
winner,1.1,600,0.9433767985726317
winner,1.1,601,1.5540257175048096
winner,1.1,602,1.6291037000153732
winner,1.1,603,1.4085620398300118
winner,1.1,604,1.2126912282158828
winner,1.1,605,1.0046107464251695
winner,1.1,606,1.3983193663496816
winner,1.1,607,1.6138142968864118
winner,1.1,608,1.0356184570293518
winner,1.1,609,1.5172160906305656
winner,1.1,610,0.6859063911006039
winner,1.1,611,1.2394522742438105
winner,1.1,612,1.2073668994039446
winner,1.1,613,1.1880496876431195
winner,1.1,614,1.2340582607333208
winner,1.1,615,1.514387346346214
winner,1.1,616,1.5316497549301868
winner,1.1,617,1.445224453302487
winner,1.1,618,1.212986995733322
winner,1.1,619,1.2610887795431454
winner,1.1,620,1.2262289207531474
winner,1.1,621,1.5734072607782736
winner,1.1,622,1.3040022419782713
winner,1.1,623,1.3455005835405707
winner,1.1,624,1.2374464476126983
winner,1.1,625,1.1815393367446057
winner,1.1,626,1.3078456690365812
winner,1.1,627,2.0869999721970665
winner,1.1,628,1.131113570393636
winner,1.1,629,1.023673751982275
winner,1.1,630,1.007453569089598
winner,1.1,631,1.1241009356935976
winner,1.1,632,1.211631803671065
winner,1.1,633,1.4270193473040231
winner,1.1,634,1.2220037785106437
winner,1.1,635,1.4114136901275394
winner,1.1,636,1.6567756108077312
winner,1.1,637,1.0309572351194618
winner,1.1,638,1.0712816510549263
winner,1.1,639,0.4910290641984574
winner,1.1,640,1.1875327705728764
winner,1.1,641,1.257479391139027
winner,1.1,642,1.2437115172354993
winner,1.1,643,1.2995622114099044
winner,1.1,644,1.2927510038171772
winner,1.1,645,1.0110038957860459
winner,1.1,646,1.2061385875413662
winner,1.1,647,1.538395657782624
winner,1.1,648,1.7533543815489119
winner,1.1,649,1.7398207031294082
winner,1.1,650,1.3389422459540163
winner,1.1,651,1.1889768280308737
winner,1.1,652,1.5134661275358954
winner,1.1,653,1.3715780686961083
winner,1.1,654,1.2784387759863154
winner,1.1,655,0.9589890869370848
winner,1.1,656,1.3186270020463158
winner,1.1,657,1.3659517796821923
winner,1.1,658,1.3102280365394865
winner,1.1,659,1.4331711286691373
winner,1.1,660,1.340170614879623
winner,1.1,661,1.1411400354986763
winner,1.1,662,1.2803448911422803
winner,1.1,663,1.523335301387139
winner,1.1,664,1.1512773562385938
winner,1.1,665,1.5736779184253336
winner,1.1,666,1.574804803692375
winner,1.1,667,1.2775957330653958
winner,1.1,668,0.9350981500752359
winner,1.1,669,1.2007678939521862
winner,1.1,670,0.8458165372781185
winner,1.1,671,1.7229530633239647
winner,1.1,672,1.405356036434521
winner,1.1,673,1.2451099316803622
winner,1.1,674,1.3197597769957832
winner,1.1,675,1.3306022779484064
winner,1.1,676,1.5800104213498787
winner,1.1,677,1.3087546327839827
winner,1.1,678,1.2217460432878373
winner,1.1,679,1.7294094886325952
winner,1.1,680,1.6801883285320585
winner,1.1,681,1.3850945333595746
winner,1.1,682,1.1074634529108731
winner,1.1,683,1.3625239925463577
winner,1.1,684,1.1307437912627358
winner,1.1,685,0.9089781124265224
winner,1.1,686,1.3083519938327215
winner,1.1,687,1.1918874921744005
winner,1.1,688,1.5718153216540394
winner,1.1,689,1.0516454927923864
winner,1.1,690,1.201665253990406
winner,1.1,691,1.386379235259622
winner,1.1,692,1.2969284726293544
winner,1.1,693,1.2076808209485839
winner,1.1,694,1.123092707413256
winner,1.1,695,1.1780506805599726
winner,1.1,696,1.1551962443192778
winner,1.1,697,1.2893184004713418
winner,1.1,698,1.162072378170632
winner,1.1,699,1.4559974262936473
winner,1.1,700,1.3560869736402843
winner,1.1,701,1.3533689869562737
winner,1.1,702,1.1769518671489856
winner,1.1,703,1.3005489627063536
winner,1.1,704,1.8099992202442525
winner,1.1,705,1.1957066241129153
winner,1.1,706,1.0727658534892217
winner,1.1,707,1.6031851977711513
winner,1.1,708,1.2914622400645508
winner,1.1,709,1.5157836387269363
winner,1.1,710,0.94844146669437
winner,1.1,711,1.3521086648015264
winner,1.1,712,1.008537252656531
winner,1.1,713,1.3551378333144266
winner,1.1,714,1.0146552581239883
winner,1.1,715,1.7088338723508176
winner,1.1,716,1.7500851182855055
winner,1.1,717,1.457266504306573
winner,1.1,718,1.1475413097844684
winner,1.1,719,1.233084919875138
winner,1.1,720,1.468468929263104
winner,1.1,721,1.5395566652543116
winner,1.1,722,0.9083865122216955
winner,1.1,723,1.1645672767837432
winner,1.1,724,1.335665954911132
winner,1.1,725,1.1770605190464472
winner,1.1,726,1.3810819740679676
winner,1.1,727,1.4783684899375737
winner,1.1,728,1.4158831084154775
winner,1.1,729,1.1712406083301072
winner,1.1,730,1.557370071267105
winner,1.1,731,1.4055875078508298
winner,1.1,732,1.259967851823231
winner,1.1,733,1.4747873893656256
winner,1.1,734,1.2274604769498865
winner,1.1,735,1.0379997788543376
winner,1.1,736,1.482077922364411
winner,1.1,737,1.0438817714436484
winner,1.1,738,1.3377522501268504
winner,1.1,739,1.57676891569465
winner,1.1,740,0.9136713583939785
winner,1.1,741,1.157356654384805
winner,1.1,742,0.9743579075238826
winner,1.1,743,1.5863086310201664
winner,1.1,744,1.138136595973759
winner,1.1,745,1.4187406416434523
winner,1.1,746,1.4474909163297842
winner,1.1,747,1.3871783791703254
winner,1.1,748,1.33337011673767
winner,1.1,749,1.3914692295254474
winner,1.1,750,1.2064909445237597
winner,1.1,751,1.2258114957555328
winner,1.1,752,1.4578571485489422
winner,1.1,753,1.0983355857204091
winner,1.1,754,1.4954721330835614
winner,1.1,755,1.2383083159752861
winner,1.1,756,1.5160590169204187
winner,1.1,757,1.106882445340696
winner,1.1,758,1.1156018188643109
winner,1.1,759,1.487442574737592
winner,1.1,760,1.1691687917238263
winner,1.1,761,1.6065003208480666
winner,1.1,762,1.3377598186682065
winner,1.1,763,1.5662356050839856
winner,1.1,764,1.170129859799751
winner,1.1,765,1.3470784346194538
winner,1.1,766,1.4314542610980985
winner,1.1,767,1.017295797270888
winner,1.1,768,1.5395406555176305
winner,1.1,769,1.3110315357074545
winner,1.1,770,1.4592890836403634
winner,1.1,771,1.3271733148780591
winner,1.1,772,1.246934302340597
winner,1.1,773,0.9616666832620386
winner,1.1,774,1.4120359512107776
winner,1.1,775,1.1901196223057748
winner,1.1,776,1.3447039241050613
winner,1.1,777,1.4580018078800938
winner,1.1,778,1.5064719697072508
winner,1.1,779,1.2771050049614763
winner,1.1,780,1.240536945704494
winner,1.1,781,1.399359914374976
winner,1.1,782,1.1795203646843115
winner,1.1,783,1.6344191686720042
winner,1.1,784,1.3245416066531726
winner,1.1,785,1.3649024373590442
winner,1.1,786,1.222704141035287
winner,1.1,787,1.3508911947526745
winner,1.1,788,1.2751355619534666
winner,1.1,789,1.1749810478247258
winner,1.1,790,1.4372711230971231
winner,1.1,791,1.0733832683523634
winner,1.1,792,1.57226268614269
winner,1.1,793,1.1990630243694067
winner,1.1,794,1.3223254575321672
winner,1.1,795,1.33507227780456
winner,1.1,796,1.4398027777673306
winner,1.1,797,1.2075792631404336
winner,1.1,798,1.373410786949466
winner,1.1,799,1.2360737606616927
winner,1.1,800,1.2414841897946765
winner,1.1,801,1.0291089192665757
winner,1.1,802,1.5431237165762488
winner,1.1,803,1.3841627562869803
winner,1.1,804,1.6699604899819458
winner,1.1,805,0.9090000044750627
winner,1.1,806,1.6185043327702933
winner,1.1,807,1.4773889185501874
winner,1.1,808,1.3788683368190413
winner,1.1,809,1.5242778412747815
winner,1.1,810,1.070651012999525
winner,1.1,811,1.6758162694212404
winner,1.1,812,1.2962428541182214
winner,1.1,813,1.071673866359646
winner,1.1,814,1.6299134656187861
winner,1.1,815,1.0241031172035522
winner,1.1,816,0.9444962532179189
winner,1.1,817,1.0967877010058373
winner,1.1,818,1.7560818877582378
winner,1.1,819,1.2267628995986677
winner,1.1,820,1.5097309759845245
winner,1.1,821,1.272985965860282
winner,1.1,822,1.2536836065285177
winner,1.1,823,1.293941968851395
winner,1.1,824,1.4429092190362287
winner,1.1,825,1.5642272640493915
winner,1.1,826,1.486567677740259
winner,1.1,827,1.136742414283505
winner,1.1,828,0.5891748177010077
winner,1.1,829,1.1932968415546217
winner,1.1,830,1.3510303165564703
winner,1.1,831,1.0466202465158327
winner,1.1,832,1.1451847650939304
winner,1.1,833,0.9514463224332536
winner,1.1,834,1.4035572717438316
winner,1.1,835,1.4983165927619029
winner,1.1,836,1.2641903286218361
winner,1.1,837,1.381798340548141
winner,1.1,838,1.4208295837418348
winner,1.1,839,1.3529803449107582
winner,1.1,840,1.3398317149676013
winner,1.1,841,2.079328819220957
winner,1.1,842,1.2306519585920659
winner,1.1,843,1.181628617036352
winner,1.1,844,1.4246601889503963
winner,1.1,845,1.0310707783303061
winner,1.1,846,1.308523465138568
winner,1.1,847,1.2602216441020415
winner,1.1,848,1.5692331268115596
winner,1.1,849,1.6472168682249926
winner,1.1,850,1.5950356676995823
winner,1.1,851,1.1326324541742927
winner,1.1,852,0.9060983995240574
winner,1.1,853,1.2422423821474866
winner,1.1,854,1.511378853132035
winner,1.1,855,1.6671610720136247
winner,1.1,856,1.3077083280369637
winner,1.1,857,1.2194135638693446
winner,1.1,858,1.6710978123277853
winner,1.1,859,1.4017560557367268
winner,1.1,860,1.1821994441173447
winner,1.1,861,1.4682512691665783
winner,1.1,862,1.3682064858357903
winner,1.1,863,1.0572829461632542
winner,1.1,864,1.1525590436164523
winner,1.1,865,1.29282195694269
winner,1.1,866,1.0776469827805266
winner,1.1,867,1.5514361092768838
winner,1.1,868,1.520851859236246
winner,1.1,869,1.2862672888335975
winner,1.1,870,1.1901487969582587
winner,1.1,871,1.109968820876955
winner,1.1,872,1.291762719924282
winner,1.1,873,1.731596291639604
winner,1.1,874,1.322992607265868
winner,1.1,875,1.1218615268840024
winner,1.1,876,1.534655338749573
winner,1.1,877,1.0770181864668038
winner,1.1,878,1.1252512402608417
winner,1.1,879,1.477473396538806
winner,1.1,880,0.793308872964578
winner,1.1,881,1.2527133186580945
winner,1.1,882,1.6138108263975328
winner,1.1,883,0.9518486272735338
winner,1.1,884,1.6216158251804007
winner,1.1,885,1.117246721885516
winner,1.1,886,1.0273781042007286
winner,1.1,887,1.602756684634809
winner,1.1,888,1.1086868438218118
winner,1.1,889,1.2011403389049136
winner,1.1,890,1.6495881179950278
winner,1.1,891,1.532352109066808
winner,1.1,892,1.5513138500004517
winner,1.1,893,1.2784168734403625
winner,1.1,894,1.4243748632251303
winner,1.1,895,1.3246657232430223
winner,1.1,896,1.7461068066260492
winner,1.1,897,1.7633999579584947
winner,1.1,898,1.5750936871249728
winner,1.1,899,1.2461343600997927
winner,1.1,900,1.1160358776838253
winner,1.1,901,0.8905307334071263
winner,1.1,902,1.6519660982445195
winner,1.1,903,1.3146291912509733
winner,1.1,904,1.3573810528581114
winner,1.1,905,1.6866482133001093
winner,1.1,906,1.2699006299947402
winner,1.1,907,1.3691904960085421
winner,1.1,908,1.172165863761768
winner,1.1,909,1.6035670090388534
winner,1.1,910,1.3795409713024374
winner,1.1,911,1.2370805702501213
winner,1.1,912,1.0821822456141414
winner,1.1,913,1.7401526019421694
winner,1.1,914,1.2147255824619736
winner,1.1,915,1.4530959089419528
winner,1.1,916,1.477189169342373
winner,1.1,917,1.6786425496275836
winner,1.1,918,1.2173564682587126
winner,1.1,919,1.3379326215726215
winner,1.1,920,1.069130723756757
winner,1.1,921,1.3685566948348693
winner,1.1,922,1.1823620312812753
winner,1.1,923,0.8003847955160919
winner,1.1,924,0.9626936578043345
winner,1.1,925,1.4091689750657836
winner,1.1,926,0.9178277878709671
winner,1.1,927,1.4823282783108198
winner,1.1,928,1.354593983630243
winner,1.1,929,1.329965423345167
winner,1.1,930,1.7121959124837345
winner,1.1,931,1.5621557790355418
winner,1.1,932,1.458330506694327
winner,1.1,933,1.5260719242040264
winner,1.1,934,1.3994857019013054
winner,1.1,935,1.3552200457377688
winner,1.1,936,1.779353762702976
winner,1.1,937,1.061855931028027
winner,1.1,938,1.811263848018003
winner,1.1,939,1.8432611775841403
winner,1.1,940,0.7839277950986122
winner,1.1,941,1.3553834808998686
winner,1.1,942,1.2653069876881702
winner,1.1,943,1.2021083012145148
winner,1.1,944,1.1126462118593967
winner,1.1,945,1.087941439916372
winner,1.1,946,1.420927219251126
winner,1.1,947,1.5833853180950932
winner,1.1,948,1.2841300172592034
winner,1.1,949,1.0723145961951264
winner,1.1,950,1.4955081342359586
winner,1.1,951,1.3959391246690491
winner,1.1,952,1.2731939488075423
winner,1.1,953,1.4020442606621852
winner,1.1,954,1.5418106595602061
winner,1.1,955,0.971407891025073
winner,1.1,956,1.2992652425124056
winner,1.1,957,1.2261890604026615
winner,1.1,958,1.68224938111344
winner,1.1,959,1.50356149370446
winner,1.1,960,1.3413647490667724
winner,1.1,961,1.1453542816119595
winner,1.1,962,1.0922497866723297
winner,1.1,963,1.627673647114844
winner,1.1,964,1.4667443393863915
winner,1.1,965,1.6932632915261894
winner,1.1,966,1.6269547477791677
winner,1.1,967,1.4737506658992898
winner,1.1,968,1.453412260590597
winner,1.1,969,1.1605110432110823
winner,1.1,970,1.3074223124214712
winner,1.1,971,0.9499829955070968
winner,1.1,972,1.7083716707478203
winner,1.1,973,1.495356208497026
winner,1.1,974,1.244261955226449
winner,1.1,975,1.54046782163404
winner,1.1,976,1.323262804184549
winner,1.1,977,1.5873224668948291
winner,1.1,978,1.3425615352721407
winner,1.1,979,1.2489572426248157
winner,1.1,980,1.2124250599814126
winner,1.1,981,1.1876043698913785
winner,1.1,982,1.6103521407279955
winner,1.1,983,1.4574884649628705
winner,1.1,984,1.4149345900316632
winner,1.1,985,1.3633112668988463
winner,1.1,986,1.4339225730499456
winner,1.1,987,1.5066236337894126
winner,1.1,988,1.3316851961626572
winner,1.1,989,1.4915815484601656
winner,1.1,990,1.2074229744753022
winner,1.1,991,1.696142482655185
winner,1.1,992,1.2859859686887556
winner,1.1,993,1.543540799368802
winner,1.1,994,1.3743812709911136
winner,1.1,995,1.3076230706971814
winner,1.1,996,1.240567284627953
winner,1.1,997,1.2830551923455853
winner,1.1,998,1.241223769486082
winner,1.1,999,1.707012748688519
winner,1.1,1000,1.162973638502523
winner,1.1,1001,1.3455655366876327
winner,1.1,1002,0.9575680082943049
winner,1.1,1003,1.0175248114884992
winner,1.1,1004,0.9290958286967206
winner,1.1,1005,1.002085308418369
winner,1.1,1006,1.4722192113650605
winner,1.1,1007,0.9327776185076485
winner,1.1,1008,1.385811641437429
winner,1.1,1009,1.2821824229873315
winner,1.1,1010,1.5480986399169405
winner,1.1,1011,1.4672229033565052
winner,1.1,1012,0.9016804626247675
winner,1.1,1013,1.5928581662900205
winner,1.1,1014,1.3107458473716196
winner,1.1,1015,1.4187000666307796
winner,1.1,1016,1.1397138264475153
winner,1.1,1017,1.4075945075046925
winner,1.1,1018,2.3406381644267706
winner,1.1,1019,0.9952516448797174
winner,1.1,1020,1.6244377501763745
winner,1.1,1021,1.4616160649074996
winner,1.1,1022,1.188238188195373
winner,1.1,1023,1.4175587025607177
winner,1.1,1024,1.6789897897465662
winner,1.1,1025,1.3999596466575837
winner,1.1,1026,1.3276633860141296
winner,1.1,1027,1.791998777818955
winner,1.1,1028,1.3862628375659094
winner,1.1,1029,1.5161023443307622
winner,1.1,1030,1.4002813067069084
winner,1.1,1031,1.16704638195263
winner,1.1,1032,1.0938138371523527
winner,1.1,1033,1.29592952203767
winner,1.1,1034,0.789469060102329
winner,1.1,1035,1.3743615047617737
winner,1.1,1036,1.7373816702534632
winner,1.1,1037,1.2138259470828896
winner,1.1,1038,1.365551169965624
winner,1.1,1039,1.6930934382584317
winner,1.1,1040,1.2241403967268225
winner,1.1,1041,0.9634397619592505
winner,1.1,1042,1.0208191746538662
winner,1.1,1043,1.4084375350649732
winner,1.1,1044,1.258903477485469
winner,1.1,1045,1.7326202100322037
winner,1.1,1046,1.1684119871015126
winner,1.1,1047,1.1723576779589766
winner,1.1,1048,1.2188142104933255
winner,1.1,1049,1.409190920854762
winner,1.1,1050,1.224554256401758
winner,1.1,1051,1.5356240385623554
winner,1.1,1052,1.416767973322062
winner,1.1,1053,1.282701782958879
winner,1.1,1054,1.6341985195802808
winner,1.1,1055,1.10798239941897
winner,1.1,1056,1.3755834326830985
winner,1.1,1057,1.3412792246775793
winner,1.1,1058,1.545561952351055
winner,1.1,1059,1.0955052661689917
winner,1.1,1060,1.4996737243300704
winner,1.1,1061,1.322865191146217
winner,1.1,1062,1.4613345923880108
winner,1.1,1063,1.2071672681439571
winner,1.1,1064,0.6817271097677384
winner,1.1,1065,2.0797751192152214
winner,1.1,1066,1.3975481985241571
winner,1.1,1067,0.9462562965808893
winner,1.1,1068,0.8666025421402785
winner,1.1,1069,1.0709437434541513
winner,1.1,1070,1.3062640806699368
winner,1.1,1071,1.1403823050505366
winner,1.1,1072,1.5079457092475737
winner,1.1,1073,1.1623562931494804
winner,1.1,1074,1.3037380766343438
winner,1.1,1075,1.6278046925186787
winner,1.1,1076,1.328977619644447
winner,1.1,1077,2.033713897723675
winner,1.1,1078,1.1801096515136096
winner,1.1,1079,1.533777847187305
winner,1.1,1080,0.8819496143588152
winner,1.1,1081,1.6437236792350627
winner,1.1,1082,0.9109743570055235
winner,1.1,1083,1.6396057173879472
winner,1.1,1084,1.4024347074770616
winner,1.1,1085,1.4177943805352056
winner,1.1,1086,1.0486953018636378
winner,1.1,1087,1.1947579033578763
winner,1.1,1088,1.6593399891293883
winner,1.1,1089,1.001088100067287
winner,1.1,1090,0.9620522992295925
winner,1.1,1091,1.1143060416661905
winner,1.1,1092,1.3212914675304634
winner,1.1,1093,1.2192777478360923
winner,1.1,1094,1.3431147498833
winner,1.1,1095,1.5660203409117472
winner,1.1,1096,1.2515427022944745
winner,1.1,1097,1.940122058550707
winner,1.1,1098,1.426105249422636
winner,1.1,1099,1.3099856352890737
winner,1.1,1100,1.085760248069087
winner,1.1,1101,1.5168884329038308
winner,1.1,1102,1.2893184296079707
winner,1.1,1103,1.5730108044256905
winner,1.1,1104,1.410235800795894
winner,1.1,1105,1.325602917885595
winner,1.1,1106,1.2067148435491402
winner,1.1,1107,1.0738200210029425
winner,1.1,1108,1.2529202762556182
winner,1.1,1109,1.04085301112422
winner,1.1,1110,1.4490186769447417
winner,1.1,1111,1.5400610540361133
winner,1.1,1112,1.1007802422717148
winner,1.1,1113,1.0532787203716145
winner,1.1,1114,0.9847668610434173
winner,1.1,1115,1.6361864822131382
winner,1.1,1116,1.27531530266755
winner,1.1,1117,1.116153277951346
winner,1.1,1118,1.2556297735550228
winner,1.1,1119,1.1931023595558807
winner,1.1,1120,1.0430609465393266
winner,1.1,1121,1.7474532296659084
winner,1.1,1122,1.3552839402493986
winner,1.1,1123,1.3129010419415033
winner,1.1,1124,1.2251711316521705
winner,1.1,1125,1.4313037829795965
winner,1.1,1126,1.2516019859049112
winner,1.1,1127,1.2802956199408335
winner,1.1,1128,1.5339246564271773
winner,1.1,1129,1.3361132322105316
winner,1.1,1130,1.3193797852742764
winner,1.1,1131,0.8622632424241528
winner,1.1,1132,1.4741547988127564
winner,1.1,1133,1.07033240573284
winner,1.1,1134,1.2694887484805895
winner,1.1,1135,1.6313038175926369
winner,1.1,1136,1.4154695675959263
winner,1.1,1137,1.2053136161178286
winner,1.1,1138,1.4144555624705837
winner,1.1,1139,1.2578107410210764
winner,1.1,1140,1.195963691439478
winner,1.1,1141,1.2356959931883469
winner,1.1,1142,1.403662825281995
winner,1.1,1143,1.50655115473484
winner,1.1,1144,1.2277060351533648
winner,1.1,1145,1.552668712743782
winner,1.1,1146,0.9584686580970538
winner,1.1,1147,1.1488796439349687
winner,1.1,1148,1.7369167511851031
winner,1.1,1149,1.176446715656564
winner,1.1,1150,1.1818874795776777
winner,1.1,1151,0.9221545624740815
winner,1.1,1152,1.490397762695857
winner,1.1,1153,1.718550801727997
winner,1.1,1154,1.4956864476995504
winner,1.1,1155,1.0191224969850734
winner,1.1,1156,1.092732277378451
winner,1.1,1157,1.4721621536804548
winner,1.1,1158,1.2687553340691857
winner,1.1,1159,1.1689166410092566
winner,1.1,1160,0.9398152489516473
winner,1.1,1161,1.068962272983649
winner,1.1,1162,1.5274241720956205
winner,1.1,1163,1.3384563454389042
winner,1.1,1164,1.3017648384215477
winner,1.1,1165,1.5193756169751231
winner,1.1,1166,1.7598106369299154
winner,1.1,1167,0.9090289531592497
winner,1.1,1168,1.079811554565931
winner,1.1,1169,1.3960015402171004
winner,1.1,1170,1.4582942419036544
winner,1.1,1171,1.3092211132075209
winner,1.1,1172,1.3764063621415896
winner,1.1,1173,1.7900669130121325
winner,1.1,1174,1.3923633853899897
winner,1.1,1175,1.059642494189934
winner,1.1,1176,1.0780214341815801
winner,1.1,1177,1.3488677534097673
winner,1.1,1178,1.2408225448405534
winner,1.1,1179,1.3488540477430577
winner,1.1,1180,1.0404276596924256
winner,1.1,1181,1.7538660540921658
winner,1.1,1182,1.1364767598024956
winner,1.1,1183,1.300708456825847
winner,1.1,1184,1.4867514110709972
winner,1.1,1185,1.0907672604138139
winner,1.1,1186,1.3488500774255545
winner,1.1,1187,1.3496279604431152
winner,1.1,1188,1.282340279714437
winner,1.1,1189,1.5234000918452293
winner,1.1,1190,1.5229091221979147
winner,1.1,1191,1.0260070984022818
winner,1.1,1192,1.254793778140395
winner,1.1,1193,1.0387351518611803
winner,1.1,1194,1.3994599223090212
winner,1.1,1195,1.6516421319858288
winner,1.1,1196,1.5960598160606945
winner,1.1,1197,1.4414180329206334
winner,1.1,1198,1.2694030864115844
winner,1.1,1199,1.2767561193126415
winner,1.1,1200,1.176103928340215
winner,1.1,1201,1.2992314324691507
winner,1.1,1202,1.0930859453691866
winner,1.1,1203,1.4003023406073658
winner,1.1,1204,1.1933350526488018
winner,1.1,1205,0.9859221855815838
winner,1.1,1206,1.1108953790595606
winner,1.1,1207,0.8788505096908801
winner,1.1,1208,1.3768780529138835
winner,1.1,1209,1.2600021721083394
winner,1.1,1210,1.2528083485370256
winner,1.1,1211,1.4309107873911302
winner,1.1,1212,1.095972626944462
winner,1.1,1213,1.3450043144576334
winner,1.1,1214,1.5030618723271665
winner,1.1,1215,1.4131946538257212
winner,1.1,1216,1.0748199829219913
winner,1.1,1217,1.6834053786727552
winner,1.1,1218,1.5401223605969074
winner,1.1,1219,1.624954032722812
winner,1.1,1220,1.64962783072296
winner,1.1,1221,1.6802848962563355
winner,1.1,1222,1.3444988294534315
winner,1.1,1223,1.3722205570589845
winner,1.1,1224,1.1291755703931097
winner,1.1,1225,1.3242201986570619
winner,1.1,1226,1.5760838173527243
winner,1.1,1227,1.6984181119336217
winner,1.1,1228,1.2342309682470087
winner,1.1,1229,1.142939914995173
winner,1.1,1230,1.7498939392030457
winner,1.1,1231,1.402127433313537
winner,1.1,1232,1.487190316981397
winner,1.1,1233,1.0194591716443822
winner,1.1,1234,1.0588836713132084
winner,1.1,1235,1.2650128981059052
winner,1.1,1236,1.6275986319278664
winner,1.1,1237,1.2433017070114367
winner,1.1,1238,1.4295585320851039
winner,1.1,1239,0.9865382397044762
winner,1.1,1240,1.0832366956460617
winner,1.1,1241,1.0649018299405006
winner,1.1,1242,1.5341518042612483
winner,1.1,1243,1.3329323135624211
winner,1.1,1244,1.4018042368144203
winner,1.1,1245,1.4910051372925792
winner,1.1,1246,1.242036948180107
winner,1.1,1247,1.2866033965907075
winner,1.1,1248,1.1118464768361007
winner,1.1,1249,1.3174402336183832
winner,1.1,1250,1.0541877557241979
winner,1.1,1251,1.500459218879181
winner,1.1,1252,1.004360189255121
winner,1.1,1253,0.8568086062734903
winner,1.1,1254,1.3120971290661152
winner,1.1,1255,1.25058976953414
winner,1.1,1256,1.3290363874016053
winner,1.1,1257,1.1355041861100221
winner,1.1,1258,1.7070087279428414
winner,1.1,1259,1.3175499361337228
winner,1.1,1260,1.5297334815627803
winner,1.1,1261,1.3521764444836495
winner,1.1,1262,1.5223977179053942
winner,1.1,1263,1.5029749109363861
winner,1.1,1264,1.0898177400794382
winner,1.1,1265,0.9547314543970963
winner,1.1,1266,0.9389898822302551
winner,1.1,1267,1.3407019066266428
winner,1.1,1268,1.0302712564519294
winner,1.1,1269,0.9982183591937074
winner,1.1,1270,1.2868267548016605
winner,1.1,1271,1.2583998212617422
winner,1.1,1272,1.3544761549877373
winner,1.1,1273,1.4714609123499782
winner,1.1,1274,1.3989115850128477
winner,1.1,1275,1.192674688109743
winner,1.1,1276,1.094465636421986
winner,1.1,1277,1.1801625527757604
winner,1.1,1278,1.9448688596865824
winner,1.1,1279,1.2379618100691916
winner,1.1,1280,0.9726948415602222
winner,1.1,1281,1.1568635276084704
winner,1.1,1282,1.013844105190733
winner,1.1,1283,1.147222142133992
winner,1.1,1284,1.4353914209223373
winner,1.1,1285,1.3711999077289785
winner,1.1,1286,1.4314693062602497
winner,1.1,1287,1.3048580094650937
winner,1.1,1288,1.7407115098823325
winner,1.1,1289,1.1526257907135677
winner,1.1,1290,1.4482995986360112
winner,1.1,1291,1.3174835121859891
winner,1.1,1292,1.321647655774141
winner,1.1,1293,1.185462897685119
winner,1.1,1294,1.1678565295438519
winner,1.1,1295,1.4752654526336586
winner,1.1,1296,1.5862748446569337
winner,1.1,1297,1.328583296167056
winner,1.1,1298,1.4222929353887819
winner,1.1,1299,1.4006744127824575
winner,1.1,1300,1.5591428526156894
winner,1.1,1301,1.434884775383229
winner,1.1,1302,1.4875742510085894
winner,1.1,1303,1.1976730530180217
winner,1.1,1304,1.6002987622913876
winner,1.1,1305,1.1733221673001062
winner,1.1,1306,1.4987853087658167
winner,1.1,1307,1.5839488701396887
winner,1.1,1308,1.497629534378399
winner,1.1,1309,1.4374843205765382
winner,1.1,1310,1.0637421060442882
winner,1.1,1311,1.5919779396795
winner,1.1,1312,1.7297531817923635
winner,1.1,1313,1.383304719542948
winner,1.1,1314,1.1298850006463208
winner,1.1,1315,1.6263620066721092
winner,1.1,1316,1.1136886389617169
winner,1.1,1317,1.2334451267747313
winner,1.1,1318,1.1019856389352598
winner,1.1,1319,1.308732473532189
winner,1.1,1320,1.1682898509532853
winner,1.1,1321,0.9382966448955025
winner,1.1,1322,1.1272546361152058
winner,1.1,1323,1.2841263827740308
winner,1.1,1324,1.0828354275101035
winner,1.1,1325,1.1169480072106428
winner,1.1,1326,1.72802062856373
winner,1.1,1327,1.5603836821046317
winner,1.1,1328,1.2481162355175517
winner,1.1,1329,0.9452397931700849
winner,1.1,1330,1.6050340897461455
winner,1.1,1331,1.7761004990988507
winner,1.1,1332,1.461745562164515
winner,1.1,1333,1.4400943834053213
winner,1.1,1334,1.5178050079853929
winner,1.1,1335,0.9208236549856441
winner,1.1,1336,1.2625212341822065
winner,1.1,1337,0.9676824384575594
winner,1.1,1338,1.5092800279575067
winner,1.1,1339,1.562427884975636
winner,1.1,1340,0.9636083506417519
winner,1.1,1341,1.0981975518875164
winner,1.1,1342,1.12961811653942
winner,1.1,1343,1.626665574042929
winner,1.1,1344,1.041035297311054
winner,1.1,1345,1.3618561801138505
winner,1.1,1346,1.4910058264571489
winner,1.1,1347,1.299312789822201
winner,1.1,1348,1.3029946029191426
winner,1.1,1349,1.1422995800115119
winner,1.1,1350,1.7676170662210537
winner,1.1,1351,1.7782119303353268
winner,1.1,1352,1.5611461667964808
winner,1.1,1353,1.4821824706026534
winner,1.1,1354,1.5122340122913356
winner,1.1,1355,1.0935474295006244
winner,1.1,1356,1.3522284533268538
winner,1.1,1357,1.4489570875439253
winner,1.1,1358,1.8859922351554408
winner,1.1,1359,1.6453366455480065
winner,1.1,1360,1.2037757584524136
winner,1.1,1361,0.8719074177118415
winner,1.1,1362,1.3367749072051354
winner,1.1,1363,1.451543246735534
winner,1.1,1364,1.2403361186548625
winner,1.1,1365,0.9673158434435022
winner,1.1,1366,1.3125139583513947
winner,1.1,1367,1.129231303986522
winner,1.1,1368,1.4395042091074175
winner,1.1,1369,1.3777474841241113
winner,1.1,1370,1.3381517461723293
winner,1.1,1371,1.6089372779154085
winner,1.1,1372,1.5405278704346759
winner,1.1,1373,1.5332530909192612
winner,1.1,1374,1.5799477602275356
winner,1.1,1375,1.5366996657938576
winner,1.1,1376,1.2341451326277668
winner,1.1,1377,1.388218906055654
winner,1.1,1378,1.4659710034349855
winner,1.1,1379,1.0449325273189896
winner,1.1,1380,1.1471420845509321
winner,1.1,1381,1.0006167932707168
winner,1.1,1382,1.3015647983711383
winner,1.1,1383,1.0590326756393453
winner,1.1,1384,1.4549726822528806
winner,1.1,1385,1.4773589248178405
winner,1.1,1386,1.5130931513030574
winner,1.1,1387,1.600227280323991
winner,1.1,1388,1.692855103588355
winner,1.1,1389,1.5062621354339965
winner,1.1,1390,1.4937296167785221
winner,1.1,1391,1.5579211164679643
winner,1.1,1392,1.3735822923611158
winner,1.1,1393,1.409305252531185
winner,1.1,1394,1.3632637774449659
winner,1.1,1395,1.4023715073337888
winner,1.1,1396,1.1548167092844983
winner,1.1,1397,1.397378955868346
winner,1.1,1398,0.9551120466157099
winner,1.1,1399,1.2283713909222045
winner,1.1,1400,1.3408254407843236
winner,1.1,1401,1.266817709671329
winner,1.1,1402,0.7214351903577223
winner,1.1,1403,1.247524371757592
winner,1.1,1404,1.4240473214961769
winner,1.1,1405,1.3800323625399984
winner,1.1,1406,1.3455378509229914
winner,1.1,1407,1.3190865712493869
winner,1.1,1408,1.323962162565654
winner,1.1,1409,1.4456471479315538
winner,1.1,1410,1.4804182690170584
winner,1.1,1411,1.1933222601889162
winner,1.1,1412,0.910960956374844
winner,1.1,1413,1.2331091902370748
winner,1.1,1414,1.0764712989662664
winner,1.1,1415,1.1259497481466914
winner,1.1,1416,1.4637967059080572
winner,1.1,1417,1.6499335267702921
winner,1.1,1418,1.2548614727051985
winner,1.1,1419,1.7705843885118244
winner,1.1,1420,1.3363228512791967
winner,1.1,1421,0.9592369138003806
winner,1.1,1422,1.4246802577778706
winner,1.1,1423,0.9484583408829782
winner,1.1,1424,1.092621262533476
winner,1.1,1425,1.2417526495327893
winner,1.1,1426,1.7759673768587478
winner,1.1,1427,1.2866786710282614
winner,1.1,1428,1.3115450870702063
winner,1.1,1429,1.520050357286774
winner,1.1,1430,1.5580456147991746
winner,1.1,1431,1.1280902012175298
winner,1.1,1432,1.4458382445974929
winner,1.1,1433,1.3916270783244677
winner,1.1,1434,1.350346539744925
winner,1.1,1435,1.582038763098882
winner,1.1,1436,1.3478247864812614
winner,1.1,1437,1.3220798255434199
winner,1.1,1438,1.232540459441803
winner,1.1,1439,1.1953028816460636
winner,1.1,1440,1.3425415283681867
winner,1.1,1441,1.6167521057636716
winner,1.1,1442,0.761685409427627
winner,1.1,1443,1.621946511982116
winner,1.1,1444,1.3209333563960575
winner,1.1,1445,1.192909352870371
winner,1.1,1446,1.6119433835572674
winner,1.1,1447,1.3191920535814499
winner,1.1,1448,1.3071828787308433
winner,1.1,1449,1.2407149016585188
winner,1.1,1450,1.6633292462650857
winner,1.1,1451,1.3862967346842436
winner,1.1,1452,1.3535169538486833
winner,1.1,1453,1.3904350300642534
winner,1.1,1454,1.2630309892543694
winner,1.1,1455,1.6156016507878246
winner,1.1,1456,1.2076050005091792
winner,1.1,1457,1.4916576526065606
winner,1.1,1458,1.2679124875304928
winner,1.1,1459,1.2788609571118177
winner,1.1,1460,1.2498680274084053
winner,1.1,1461,0.8069175043295147
winner,1.1,1462,1.1179988667215714
winner,1.1,1463,1.4456737151736037
winner,1.1,1464,1.2939266050386613
winner,1.1,1465,1.2727175876313002
winner,1.1,1466,0.955182340403698
winner,1.1,1467,1.5766812171530773
winner,1.1,1468,1.200788422021174
winner,1.1,1469,1.3113439902414563
winner,1.1,1470,1.1850787352761938
winner,1.1,1471,1.2075217588213853
winner,1.1,1472,1.2963679082819202
winner,1.1,1473,1.3986298513104485
winner,1.1,1474,1.1828120976318808
winner,1.1,1475,1.4467145148100373
winner,1.1,1476,1.3948101284938406
winner,1.1,1477,1.2275439892903335
winner,1.1,1478,1.4689256913185467
winner,1.1,1479,1.6105803958191995
winner,1.1,1480,1.5062151151953864
winner,1.1,1481,1.454766969394822
winner,1.1,1482,1.1794463958387709
winner,1.1,1483,1.5113966006607993
winner,1.1,1484,0.8344624085239996
winner,1.1,1485,1.3796998656263744
winner,1.1,1486,1.42712229172482
winner,1.1,1487,1.1783402211131702
winner,1.1,1488,1.2986971126976508
winner,1.1,1489,1.5182550142929265
winner,1.1,1490,1.021012749924086
winner,1.1,1491,1.625926505983436
winner,1.1,1492,0.8932965418014929
winner,1.1,1493,0.9986571228747392
winner,1.1,1494,1.6913458110565973
winner,1.1,1495,1.271248175956358
winner,1.1,1496,1.2990406094916502
winner,1.1,1497,0.9195548445225824
winner,1.1,1498,1.3249961837870978
winner,1.1,1499,1.43605726127565
winner,1.1,1500,1.5460337829114357
winner,1.1,1501,1.1655529718648039
winner,1.1,1502,1.5160642983118562
winner,1.1,1503,1.554149989118578
winner,1.1,1504,1.4637082288308028
winner,1.1,1505,1.0689702604659772
winner,1.1,1506,0.9844801978671716
winner,1.1,1507,1.6311030121128143
winner,1.1,1508,1.2786596445625642
winner,1.1,1509,1.3883996559999099
winner,1.1,1510,1.3273651350453992
winner,1.1,1511,1.1493192744398597
winner,1.1,1512,1.312475187019261
winner,1.1,1513,1.7291422029748373
winner,1.1,1514,1.05705140560403
winner,1.1,1515,1.6523855006465358
winner,1.1,1516,1.180566658728837
winner,1.1,1517,1.598187896788049
winner,1.1,1518,1.0380646521316026
winner,1.1,1519,1.5815757385940747
winner,1.1,1520,1.7628250575260676
winner,1.1,1521,1.4048540502287947
winner,1.1,1522,1.1557922166157293
winner,1.1,1523,0.9639580990571721
winner,1.1,1524,1.4612201615475122
winner,1.1,1525,1.818243809357049
winner,1.1,1526,0.9146180470402924
winner,1.1,1527,1.3971064003774007
winner,1.1,1528,1.1955212087950553
winner,1.1,1529,1.4505822186104693
winner,1.1,1530,1.7220088377325946
winner,1.1,1531,1.7527289091164255
winner,1.1,1532,1.526455326967028
winner,1.1,1533,1.1440842496899561
winner,1.1,1534,1.4080848465938056
winner,1.1,1535,0.9981954222056996
winner,1.1,1536,1.1374329205241667
winner,1.1,1537,1.3539057394535883
winner,1.1,1538,1.2321730957434442
winner,1.1,1539,1.2764294852545714
winner,1.1,1540,1.5325071876415022
winner,1.1,1541,0.9537074700807593
winner,1.1,1542,1.2737520477655604
winner,1.1,1543,1.024041587009788
winner,1.1,1544,1.576925352953148
winner,1.1,1545,0.9211326211883133
winner,1.1,1546,1.2390620400121433
winner,1.1,1547,1.1196805585792133
winner,1.1,1548,1.0465908400324602
winner,1.1,1549,1.3593441970977669
winner,1.1,1550,1.3804251249591848
winner,1.1,1551,1.7939851843507917
winner,1.1,1552,1.225053048673907
winner,1.1,1553,1.4404443602619956
winner,1.1,1554,1.1318286658302954
winner,1.1,1555,0.7698626717544995
winner,1.1,1556,1.4989214209859734
winner,1.1,1557,1.2292896055990645
winner,1.1,1558,1.2267711776537942
winner,1.1,1559,1.752137029062969
winner,1.1,1560,1.2017609406509977
winner,1.1,1561,1.3190516951922235
winner,1.1,1562,1.062607755259406
winner,1.1,1563,1.398711027262106
winner,1.1,1564,1.607606091324354
winner,1.1,1565,1.2854781668045914
winner,1.1,1566,1.1627506523910924
winner,1.1,1567,1.3194396972367504
winner,1.1,1568,1.3874582940095685
winner,1.1,1569,1.4275638437399394
winner,1.1,1570,1.5142760179603578
winner,1.1,1571,1.1372149547050598
winner,1.1,1572,1.533931454144358
winner,1.1,1573,1.007708746454653
winner,1.1,1574,1.5884056315013917
winner,1.1,1575,1.4827348832963487
winner,1.1,1576,1.115900376961587
winner,1.1,1577,1.523134191898297
winner,1.1,1578,1.4314219832077788
winner,1.1,1579,1.3895675177730238
winner,1.1,1580,1.3421639302944153
winner,1.1,1581,1.3915503933402336
winner,1.1,1582,0.9067201459142332
winner,1.1,1583,0.9885994722954368
winner,1.1,1584,1.2800969319512705
winner,1.1,1585,0.9032221597638941
winner,1.1,1586,1.0683279046386773
winner,1.1,1587,1.0744653948521468
winner,1.1,1588,0.8421363273790147
winner,1.1,1589,1.3448115078039693
winner,1.1,1590,1.5611073584551085
winner,1.1,1591,1.1436268376501668
winner,1.1,1592,1.1112553128708884
winner,1.1,1593,1.3661957911931237
winner,1.1,1594,1.2667056577570472
winner,1.1,1595,1.454818333940024
winner,1.1,1596,1.2359858892387316
winner,1.1,1597,0.9253070287122572
winner,1.1,1598,1.1072831722718168
winner,1.1,1599,1.296872096071524
winner,1.1,1600,1.58368418357657
winner,1.1,1601,1.3416490257640845
winner,1.1,1602,1.6016128998597696
winner,1.1,1603,1.444438400642794
winner,1.1,1604,1.01266962924782
winner,1.1,1605,1.3922807691225805
winner,1.1,1606,1.1199043202388692
winner,1.1,1607,1.2290323906934562
winner,1.1,1608,1.2656748844659969
winner,1.1,1609,1.0442050200293642
winner,1.1,1610,1.563844935528841
winner,1.1,1611,1.322293107821536
winner,1.1,1612,1.2259064627335619
winner,1.1,1613,1.4935134026488357
winner,1.1,1614,1.4836345634790475
winner,1.1,1615,1.5338462061489722
winner,1.1,1616,1.4682923084756538
winner,1.1,1617,0.9494363737443056
winner,1.1,1618,1.1852878831289009
winner,1.1,1619,1.4152738183371452
winner,1.1,1620,0.7754405470808083
winner,1.1,1621,1.4666914322139506
winner,1.1,1622,0.9449138495837934
winner,1.1,1623,1.3121143217677944
winner,1.1,1624,1.3801594423318506
winner,1.1,1625,0.8606485522416351
winner,1.1,1626,1.3259144805893543
winner,1.1,1627,1.37801625170235
winner,1.1,1628,1.263378386063626
winner,1.1,1629,1.5561200657015675
winner,1.1,1630,1.568813564911241
winner,1.1,1631,1.6289602762230921
winner,1.1,1632,1.3357970872502303
winner,1.1,1633,1.24104186538611
winner,1.1,1634,1.0837577447025675
winner,1.1,1635,1.5121811823287623
winner,1.1,1636,1.0433105432040715
winner,1.1,1637,1.1643110566993604
winner,1.1,1638,1.360310966422697
winner,1.1,1639,1.8814792806331662
winner,1.1,1640,1.4584301291234525
winner,1.1,1641,1.2876753120535989
winner,1.1,1642,1.6511106984846766
winner,1.1,1643,1.0847867854258233
winner,1.1,1644,1.3619763958844038
winner,1.1,1645,1.3123813308621322
winner,1.1,1646,1.0547725037386897
winner,1.1,1647,1.7841434863040382
winner,1.1,1648,0.965135010150564
winner,1.1,1649,1.2505431085943954
winner,1.1,1650,1.1944433347433114
winner,1.1,1651,1.0598772403674994
winner,1.1,1652,1.7065660780195353
winner,1.1,1653,1.69699320543581
winner,1.1,1654,1.5407388628798118
winner,1.1,1655,1.154906239568973
winner,1.1,1656,1.546547932151206
winner,1.1,1657,1.4348819137882172
winner,1.1,1658,1.264694603585327
winner,1.1,1659,2.0303219413656772
winner,1.1,1660,1.2206555989494796
winner,1.1,1661,1.4933162773537925
winner,1.1,1662,1.567455022478905
winner,1.1,1663,1.0664075113408116
winner,1.1,1664,1.555796808893176
winner,1.1,1665,1.1009057546431478
winner,1.1,1666,1.1620611845633673
winner,1.1,1667,1.2732629432345695
winner,1.1,1668,1.6158881639651745
winner,1.1,1669,1.4850137088509712
winner,1.1,1670,1.4584566267090642
winner,1.1,1671,1.2136461537772085
winner,1.1,1672,1.5870194736790222
winner,1.1,1673,1.4245697826186798
winner,1.1,1674,0.8784982477702704
winner,1.1,1675,1.0605854185052643
winner,1.1,1676,1.2884836915389573
winner,1.1,1677,1.1521054608713057
winner,1.1,1678,1.9433356691662498
winner,1.1,1679,1.331777786579282
winner,1.1,1680,1.53026126713334
winner,1.1,1681,0.9920426817665274
winner,1.1,1682,1.4358432506031797
winner,1.1,1683,1.4219662822414352
winner,1.1,1684,1.0164647707832493
winner,1.1,1685,1.2218467192019917
winner,1.1,1686,1.4801375783851571
winner,1.1,1687,1.0046665046561396
winner,1.1,1688,1.3708443754256416
winner,1.1,1689,1.291010189313442
winner,1.1,1690,1.5122006619125021
winner,1.1,1691,1.066207571757553
winner,1.1,1692,1.1891244796891336
winner,1.1,1693,1.5073922148463814
winner,1.1,1694,1.200696117169822
winner,1.1,1695,1.4512703942063234
winner,1.1,1696,1.1666334600094475
winner,1.1,1697,1.0615760058842263
winner,1.1,1698,1.241502369350381
winner,1.1,1699,1.6143712576827156
winner,1.1,1700,1.4465833900735663
winner,1.1,1701,1.7519349241107904
winner,1.1,1702,1.5289730894120055
winner,1.1,1703,1.1540583513846931
winner,1.1,1704,1.1334886268095812
winner,1.1,1705,1.3304159198588952
winner,1.1,1706,1.4860958990215936
winner,1.1,1707,1.4529595102332158
winner,1.1,1708,1.1336168176728116
winner,1.1,1709,1.478408967418993
winner,1.1,1710,1.4360948236218134
winner,1.1,1711,1.5628994370641616
winner,1.1,1712,1.0867889563128283
winner,1.1,1713,1.4799446865147654
winner,1.1,1714,0.9640759044382458
winner,1.1,1715,1.7105097990521836
winner,1.1,1716,1.5631478588084913
winner,1.1,1717,0.8738176098884474
winner,1.1,1718,0.9711910795860598
winner,1.1,1719,1.3194263555945642
winner,1.1,1720,1.2680704530898212
winner,1.1,1721,1.1056929452935158
winner,1.1,1722,0.8379742294753777
winner,1.1,1723,1.2733416357744347
winner,1.1,1724,1.4876437676555636
winner,1.1,1725,1.4774421784764076
winner,1.1,1726,1.4622410953461067
winner,1.1,1727,1.0796645725608502
winner,1.1,1728,1.560646502139007
winner,1.1,1729,1.2131345234288444
winner,1.1,1730,1.3959551876633403
winner,1.1,1731,0.9798189813913094
winner,1.1,1732,1.163059633485717
winner,1.1,1733,1.2003861730051053
winner,1.1,1734,1.2838906030110364
winner,1.1,1735,1.1770883733206972
winner,1.1,1736,1.2801314368444385
winner,1.1,1737,1.333938734808737
winner,1.1,1738,1.257159091577777
winner,1.1,1739,1.047916277402187
winner,1.1,1740,1.7908195226264163
winner,1.1,1741,1.52337297044232
winner,1.1,1742,1.4631676604883042
winner,1.1,1743,1.4602398619436252
winner,1.1,1744,1.548192356535186
winner,1.1,1745,1.4175493118335865
winner,1.1,1746,1.708833411803547
winner,1.1,1747,1.4455768171104941
winner,1.1,1748,0.9249043264589931
winner,1.1,1749,1.3082200079549242
winner,1.1,1750,1.2356963711502789
winner,1.1,1751,1.7851283917797278
winner,1.1,1752,1.5174940338332243
winner,1.1,1753,1.3756972886517382
winner,1.1,1754,1.3171537884212081
winner,1.1,1755,1.1570510085649932
winner,1.1,1756,1.0992876702027925
winner,1.1,1757,1.3699708842764091
winner,1.1,1758,1.4903869136964225
winner,1.1,1759,1.475214201353885
winner,1.1,1760,1.0807591927750009
winner,1.1,1761,0.9895761767802268
winner,1.1,1762,1.2424801477200416
winner,1.1,1763,1.6431703512667064
winner,1.1,1764,1.1218050095987155
winner,1.1,1765,1.0830806601457024
winner,1.1,1766,0.9590348059469463
winner,1.1,1767,1.1960074528260831
winner,1.1,1768,1.0325883965818654
winner,1.1,1769,1.446618793673586
winner,1.1,1770,1.1149955286714908
winner,1.1,1771,1.7167465359557472
winner,1.1,1772,1.5255837074460918
winner,1.1,1773,1.4528994452262025
winner,1.1,1774,1.2189672613583489
winner,1.1,1775,1.7936093658556362
winner,1.1,1776,1.341548322231523
winner,1.1,1777,1.4022677727633188
winner,1.1,1778,1.6817315373979143
winner,1.1,1779,1.6086107570891783
winner,1.1,1780,1.1530532855102926
winner,1.1,1781,1.5111774539349219
winner,1.1,1782,1.5200700180013402
winner,1.1,1783,1.0436706408382843
winner,1.1,1784,1.313406824042242
winner,1.1,1785,1.1786392838473578
winner,1.1,1786,1.1692840835776526
winner,1.1,1787,1.7947299952831692
winner,1.1,1788,1.5008617074583772
winner,1.1,1789,1.5525466997522595
winner,1.1,1790,1.025761235903842
winner,1.1,1791,1.4793582457571648
winner,1.1,1792,1.1987242970092429
winner,1.1,1793,1.495157123819186
winner,1.1,1794,1.328358685048104
winner,1.1,1795,1.2839009451923136
winner,1.1,1796,1.2533502359662847
winner,1.1,1797,1.040760941828768
winner,1.1,1798,1.6700471893059472
winner,1.1,1799,1.2134147232366657
winner,1.1,1800,1.5820499869776934
winner,1.1,1801,1.1085297741210638
winner,1.1,1802,1.178073009883083
winner,1.1,1803,1.795732157198899
winner,1.1,1804,1.3452299896619677
winner,1.1,1805,1.5416488640089487
winner,1.1,1806,1.5232687695405385
winner,1.1,1807,1.4345757847325755
winner,1.1,1808,1.0770703366961625
winner,1.1,1809,1.3180909224043353
winner,1.1,1810,1.4563153598726575
winner,1.1,1811,1.3843887491067022
winner,1.1,1812,1.4603286301990839
winner,1.1,1813,0.8954904053105628
winner,1.1,1814,0.8579680078380784
winner,1.1,1815,1.065476773057991
winner,1.1,1816,1.1267712670404821
winner,1.1,1817,1.497327736014126
winner,1.1,1818,1.0444017167367012
winner,1.1,1819,1.273988215398474
winner,1.1,1820,1.0024642556506926
winner,1.1,1821,1.2656200470753738
winner,1.1,1822,1.0108547574200384
winner,1.1,1823,1.2445689998592109
winner,1.1,1824,1.6269135046527583
winner,1.1,1825,1.82435396596011
winner,1.1,1826,1.1928830187622013
winner,1.1,1827,1.1416639197030145
winner,1.1,1828,1.4490224938214986
winner,1.1,1829,1.3768918387954636
winner,1.1,1830,1.0867597128132578
winner,1.1,1831,0.9990310492383211
winner,1.1,1832,1.369223012289412
winner,1.1,1833,1.2711632313151942
winner,1.1,1834,1.5322330440116494
winner,1.1,1835,1.6223546614689088
winner,1.1,1836,1.4708716930723555
winner,1.1,1837,1.3324637032990756
winner,1.1,1838,0.9214809492382793
winner,1.1,1839,1.3150460915965816
winner,1.1,1840,1.1083505366691488
winner,1.1,1841,1.4264700099223402
winner,1.1,1842,1.4947245504796955
winner,1.1,1843,1.181538581773786
winner,1.1,1844,0.9545563565742374
winner,1.1,1845,1.1812496397986438
winner,1.1,1846,0.9996071849189513
winner,1.1,1847,1.2530017444729635
winner,1.1,1848,1.1397712109579363
winner,1.1,1849,1.002340614125524
winner,1.1,1850,1.33260824649665
winner,1.1,1851,1.285118703162317
winner,1.1,1852,1.0465338566936744
winner,1.1,1853,1.0431812251332344
winner,1.1,1854,1.6241919328220733
winner,1.1,1855,1.5756670247207376
winner,1.1,1856,1.1100864943686704
winner,1.1,1857,1.2816017354159914
winner,1.1,1858,1.036125651381532
winner,1.1,1859,1.4876138922093738
winner,1.1,1860,1.4734547684064363
winner,1.1,1861,1.5414932928299394
winner,1.1,1862,1.494904487012298
winner,1.1,1863,1.3050317546247312
winner,1.1,1864,1.1350639298917793
winner,1.1,1865,1.5660197832194993
winner,1.1,1866,1.4985027197749754
winner,1.1,1867,1.1217708833960236
winner,1.1,1868,1.379634805230189
winner,1.1,1869,0.9709114301467828
winner,1.1,1870,0.9743605430947728
winner,1.1,1871,1.6187292016753312
winner,1.1,1872,1.7261636934440747
winner,1.1,1873,1.3610315562539421
winner,1.1,1874,1.1668096249136442
winner,1.1,1875,1.3288334587333417
winner,1.1,1876,1.4181912654507838
winner,1.1,1877,1.636867401912299
winner,1.1,1878,0.9730797808277799
winner,1.1,1879,1.4395675219296291
winner,1.1,1880,1.1144408612158376
winner,1.1,1881,1.369559688465875
winner,1.1,1882,1.613454065875717
winner,1.1,1883,1.2221414738173093
winner,1.1,1884,1.2487258887978747
winner,1.1,1885,1.042285605386554
winner,1.1,1886,1.7324043757040941
winner,1.1,1887,1.1161901542730903
winner,1.1,1888,1.2245456624662001
winner,1.1,1889,1.326364158086466
winner,1.1,1890,1.3840074709095573
winner,1.1,1891,1.231015418538197
winner,1.1,1892,1.3880533258298557
winner,1.1,1893,1.341367262839287
winner,1.1,1894,1.29547414388119
winner,1.1,1895,1.1114611590511823
winner,1.1,1896,1.06556882588938
winner,1.1,1897,1.592324749171191
winner,1.1,1898,1.7293112807526083
winner,1.1,1899,1.515442401263863
winner,1.1,1900,1.2615405344547694
winner,1.1,1901,1.7421732559561678
winner,1.1,1902,1.4029801566045659
winner,1.1,1903,1.4204634749771718
winner,1.1,1904,1.2425998210298541
winner,1.1,1905,1.059528950067723
winner,1.1,1906,1.4821232107560962
winner,1.1,1907,0.9709247577150771
winner,1.1,1908,1.256878201079158
winner,1.1,1909,1.325857870346265
winner,1.1,1910,1.6624484053876278
winner,1.1,1911,1.0185388044789119
winner,1.1,1912,1.3151246655174078
winner,1.1,1913,1.3853690505259662
winner,1.1,1914,1.0858343538561976
winner,1.1,1915,1.1431312857681313
winner,1.1,1916,1.434867227210516
winner,1.1,1917,1.7773678345680644
winner,1.1,1918,1.2775157133880501
winner,1.1,1919,1.2081753172514613
winner,1.1,1920,1.3593166374843275
winner,1.1,1921,1.5413494620190242
winner,1.1,1922,1.57535077427842
winner,1.1,1923,1.4301143383190584
winner,1.1,1924,0.9662133733467629
winner,1.1,1925,1.1292522165307506
winner,1.1,1926,0.8606637803938505
winner,1.1,1927,1.381353740964029
winner,1.1,1928,1.5916803203148475
winner,1.1,1929,1.1323635603061164
winner,1.1,1930,1.5144732107899388
winner,1.1,1931,1.1417203829496
winner,1.1,1932,1.4565693545975555
winner,1.1,1933,1.5622002417612209
winner,1.1,1934,1.0826654282656267
winner,1.1,1935,1.467701932008241
winner,1.1,1936,1.3830551395171415
winner,1.1,1937,1.3944937979677687
winner,1.1,1938,1.5382622574831837
winner,1.1,1939,1.1627847335591701
winner,1.1,1940,1.5652340395162168
winner,1.1,1941,1.8811586805888194
winner,1.1,1942,1.41893876433113
winner,1.1,1943,1.2997301796515452
winner,1.1,1944,1.4742376032546747
winner,1.1,1945,1.489622638134012
winner,1.1,1946,1.3763791361977047
winner,1.1,1947,1.1002020818715352
winner,1.1,1948,1.6065604528523274
winner,1.1,1949,0.9951719572876454
winner,1.1,1950,1.1421715061125142
winner,1.1,1951,1.0371642459781176
winner,1.1,1952,1.4158490874742269
winner,1.1,1953,1.7382665824760766
winner,1.1,1954,1.3302284894885241
winner,1.1,1955,1.3509589602429506
winner,1.1,1956,1.2731024565540823
winner,1.1,1957,1.342521775705657
winner,1.1,1958,1.4913380886125558
winner,1.1,1959,1.5886681039539357
winner,1.1,1960,1.5077115197040716
winner,1.1,1961,1.1946451999438397
winner,1.1,1962,1.4291223076535913
winner,1.1,1963,1.4620555682312495
winner,1.1,1964,1.2745821578387413
winner,1.1,1965,1.1964414361549696
winner,1.1,1966,1.166447253829642
winner,1.1,1967,1.4761049405248723
winner,1.1,1968,1.3974826432452592
winner,1.1,1969,1.300235231036806
winner,1.1,1970,1.3619456797524325
winner,1.1,1971,1.512002260960002
winner,1.1,1972,1.086648257952056
winner,1.1,1973,1.7127153788073057
winner,1.1,1974,1.187072178482025
winner,1.1,1975,1.8062684234952526
winner,1.1,1976,1.4910105488090182
winner,1.1,1977,1.4912300021043532
winner,1.1,1978,1.681056469385827
winner,1.1,1979,1.8016824929649884
winner,1.1,1980,1.4735614537206405
winner,1.1,1981,0.6751374194663388
winner,1.1,1982,1.3413241743031616
winner,1.1,1983,1.617179062577346
winner,1.1,1984,1.2022741608648881
winner,1.1,1985,1.5703336800015113
winner,1.1,1986,1.5794106554085172
winner,1.1,1987,1.5087067767122118
winner,1.1,1988,1.4850943503619203
winner,1.1,1989,1.3838048372609315
winner,1.1,1990,1.2119627980477905
winner,1.1,1991,1.3404375700155868
winner,1.1,1992,1.1821275189015552
winner,1.1,1993,1.3129652241453285
winner,1.1,1994,1.5267490752980326
winner,1.1,1995,1.3723735282798002
winner,1.1,1996,1.8072335115620213
winner,1.1,1997,1.1842915402659038
winner,1.1,1998,1.3282297441679196
winner,1.1,1999,1.4952575111995845
winner,1.2,0,3.0016817491210204
winner,1.2,1,3.051819164124602
winner,1.2,2,3.1465619386519434
winner,1.2,3,2.513521090187535
winner,1.2,4,3.235837744732773
winner,1.2,5,2.778568785233143
winner,1.2,6,2.91598284761405
winner,1.2,7,2.957850454248716
winner,1.2,8,3.251152369829443
winner,1.2,9,2.7209573716366275
winner,1.2,10,3.5366376983572496
winner,1.2,11,2.8204258787176406
winner,1.2,12,3.166680423822141
winner,1.2,13,3.2321445688033488
winner,1.2,14,2.9413779458044917
winner,1.2,15,2.9479232713176584
winner,1.2,16,2.6407282398247203
winner,1.2,17,2.7370123564656677
winner,1.2,18,3.10653446146002
winner,1.2,19,3.1954998666370362
winner,1.2,20,3.112129842389551
winner,1.2,21,2.723389137273566
winner,1.2,22,2.754117039917204
winner,1.2,23,3.1661162321371488
winner,1.2,24,3.0763235100626836
winner,1.2,25,2.8345642362305723
winner,1.2,26,3.2302833672353914
winner,1.2,27,3.3286640004458308
winner,1.2,28,3.2420368669442063
winner,1.2,29,3.383099776605137
winner,1.2,30,2.9296395575727296
winner,1.2,31,3.1496222718592914
winner,1.2,32,3.483207364386643
winner,1.2,33,3.2739169489659763
winner,1.2,34,2.8120137831062286
winner,1.2,35,2.9700800770297
winner,1.2,36,3.334490903214933
winner,1.2,37,3.346621731336972
winner,1.2,38,2.848775827855583
winner,1.2,39,2.8786527878270998
winner,1.2,40,3.1258746318345936
winner,1.2,41,3.193402979984878
winner,1.2,42,2.449373564518296
winner,1.2,43,3.250175194412287
winner,1.2,44,2.719105609015015
winner,1.2,45,3.1593669419678836
winner,1.2,46,2.8619118279903124
winner,1.2,47,3.2308659160581352
winner,1.2,48,3.0895084267064794
winner,1.2,49,3.2526177107076837
winner,1.2,50,2.797635318527684
winner,1.2,51,2.9465882823814993
winner,1.2,52,3.145453595991722
winner,1.2,53,2.5623768666833
winner,1.2,54,2.651624966213743
winner,1.2,55,3.2767976599111304
winner,1.2,56,2.467241933585385
winner,1.2,57,3.537773276113784
winner,1.2,58,3.0162652873746674
winner,1.2,59,2.5013558013083292
winner,1.2,60,2.787299550506535
winner,1.2,61,3.235057849236181
winner,1.2,62,2.812811944170879
winner,1.2,63,3.1180726649630732
winner,1.2,64,3.1646539495509143
winner,1.2,65,2.9748028081983247
winner,1.2,66,3.153278908393093
winner,1.2,67,2.717826091431249
winner,1.2,68,3.1601096925297116
winner,1.2,69,2.8657072128394425
winner,1.2,70,2.6483560451354964
winner,1.2,71,3.191568499506297
winner,1.2,72,2.7828928151139776
winner,1.2,73,3.09920279839411
winner,1.2,74,2.8745233616509323
winner,1.2,75,2.8882451069742037
winner,1.2,76,2.822379733691033
winner,1.2,77,2.962978344166599
winner,1.2,78,3.1852069754465613
winner,1.2,79,2.9694089889792914
winner,1.2,80,2.723685513905482
winner,1.2,81,2.495048037053838
winner,1.2,82,3.050869307680068
winner,1.2,83,3.246947467007066
winner,1.2,84,3.2391174317595413
winner,1.2,85,3.0326899966731373
winner,1.2,86,2.9172719062493258
winner,1.2,87,3.090988723278713
winner,1.2,88,3.3414686489832395
winner,1.2,89,2.539187730993419
winner,1.2,90,3.1248276901595906
winner,1.2,91,2.5548945506844385
winner,1.2,92,3.2003826746846387
winner,1.2,93,3.0380870083515052
winner,1.2,94,2.9302888231178117
winner,1.2,95,3.1808826724269204
winner,1.2,96,2.79009560315715
winner,1.2,97,3.164823877644599
winner,1.2,98,3.1584927896586565
winner,1.2,99,2.6711721802222805
winner,1.2,100,2.996568741210678
winner,1.2,101,3.046419821578495
winner,1.2,102,2.6786344536933484
winner,1.2,103,3.289710492344491
winner,1.2,104,2.411144566278519
winner,1.2,105,2.7362202575228167
winner,1.2,106,3.259548813875062
winner,1.2,107,3.080670874200982
winner,1.2,108,3.156611070951453
winner,1.2,109,3.224417451394036
winner,1.2,110,3.3097518833439974
winner,1.2,111,3.2653135445873245
winner,1.2,112,2.9919806656888657
winner,1.2,113,3.145850033943843
winner,1.2,114,2.883067384622654
winner,1.2,115,2.826005666738567
winner,1.2,116,3.0361843105080975
winner,1.2,117,3.3950972919655737
winner,1.2,118,3.155118225584566
winner,1.2,119,2.8266877913015023
winner,1.2,120,2.802463867142692
winner,1.2,121,3.176984061129906
winner,1.2,122,3.3829776536878566
winner,1.2,123,3.0382277913180515
winner,1.2,124,2.8759576634740776
winner,1.2,125,3.262980180251489
winner,1.2,126,3.414717216297706
winner,1.2,127,3.7191071754667115
winner,1.2,128,3.359434508080048
winner,1.2,129,3.112997099610764
winner,1.2,130,2.964339213464637
winner,1.2,131,3.149071069148818
winner,1.2,132,2.6673977458511677
winner,1.2,133,2.686900209882475
winner,1.2,134,2.539479803126914
winner,1.2,135,3.026343142460186
winner,1.2,136,3.445298724898217
winner,1.2,137,3.1120689463348
winner,1.2,138,2.922151674273394
winner,1.2,139,2.830774762831468
winner,1.2,140,3.056269999662067
winner,1.2,141,3.1753837837040675
winner,1.2,142,2.7902552656870068
winner,1.2,143,2.442603980292043
winner,1.2,144,2.825547013981248
winner,1.2,145,2.8229535304271844
winner,1.2,146,3.4298518955734947
winner,1.2,147,3.087021971184247
winner,1.2,148,2.900870072748862
winner,1.2,149,3.0214263074890297
winner,1.2,150,3.3495868403248696
winner,1.2,151,3.6456225837857423
winner,1.2,152,3.2696322692726283
winner,1.2,153,2.975042442296983
winner,1.2,154,3.755144791886918
winner,1.2,155,2.7439196452403576
winner,1.2,156,3.420190957931376
winner,1.2,157,3.411078068670382
winner,1.2,158,2.996087077860425
winner,1.2,159,3.157767430247672
winner,1.2,160,2.7860443373815196
winner,1.2,161,2.8765199215511923
winner,1.2,162,2.621865493439104
winner,1.2,163,3.225493661038144
winner,1.2,164,2.864284366641228
winner,1.2,165,3.2440857721088956
winner,1.2,166,2.9921181721021157
winner,1.2,167,2.595570771832423
winner,1.2,168,2.963195469713151
winner,1.2,169,3.5523780531522324
winner,1.2,170,3.5324763925548264
winner,1.2,171,2.7928350213652875
winner,1.2,172,3.3545494113789287
winner,1.2,173,2.6399430845472995
winner,1.2,174,2.7931272342800386
winner,1.2,175,2.99109604826534
winner,1.2,176,2.9942624202425066
winner,1.2,177,3.4577465348300733
winner,1.2,178,2.938835711753001
winner,1.2,179,2.966029683611085
winner,1.2,180,2.916148973765547
winner,1.2,181,3.4984172487047065
winner,1.2,182,2.818848694777758
winner,1.2,183,3.038220654572597
winner,1.2,184,2.5210280478130955
winner,1.2,185,3.2878987123389884
winner,1.2,186,2.6264723696458376
winner,1.2,187,3.0659185522546695
winner,1.2,188,3.101229900903595
winner,1.2,189,2.9695968196314597
winner,1.2,190,3.4537083352921534
winner,1.2,191,3.411030112392732
winner,1.2,192,3.143989087252127
winner,1.2,193,3.1576169890604486
winner,1.2,194,2.9309922931789307
winner,1.2,195,3.0646565023597727
winner,1.2,196,2.7730289964427848
winner,1.2,197,3.0791016712504526
winner,1.2,198,3.034433908133299
winner,1.2,199,2.9128955424914653
winner,1.2,200,3.191510102537921
winner,1.2,201,2.8782339067589042
winner,1.2,202,3.1972838353650044
winner,1.2,203,3.427314463967965
winner,1.2,204,2.619694087470577
winner,1.2,205,2.7149315787660977
winner,1.2,206,3.143937004171181
winner,1.2,207,2.85240091461674
winner,1.2,208,3.1959431177312245
winner,1.2,209,2.9642106876923537
winner,1.2,210,2.88612526487367
winner,1.2,211,3.009353189161127
winner,1.2,212,2.389106063112846
winner,1.2,213,2.918268823936875
winner,1.2,214,3.473392041907063
winner,1.2,215,3.1086292153464194
winner,1.2,216,3.170018015318733
winner,1.2,217,3.087910937040855
winner,1.2,218,3.426520615979483
winner,1.2,219,3.0549069601503938
winner,1.2,220,3.1446994832062924
winner,1.2,221,3.146638999703004
winner,1.2,222,2.8790909708174617
winner,1.2,223,3.130502803393234
winner,1.2,224,3.350883021104712
winner,1.2,225,2.6919655158578077
winner,1.2,226,3.5910486230624934
winner,1.2,227,3.085351436306806
winner,1.2,228,3.0128068017179594
winner,1.2,229,3.0734620851542904
winner,1.2,230,2.9119842311325455
winner,1.2,231,3.228255263598348
winner,1.2,232,2.563662740348152
winner,1.2,233,2.9105945634415544
winner,1.2,234,2.9000767767040045
winner,1.2,235,2.866603588889764
winner,1.2,236,2.645687837739261
winner,1.2,237,3.3432691913458323
winner,1.2,238,2.8435690442658434
winner,1.2,239,2.797452841207847
winner,1.2,240,2.965608228582417
winner,1.2,241,2.65439247105011
winner,1.2,242,2.817158957075951
winner,1.2,243,3.0265200896898032
winner,1.2,244,2.8142548573376907
winner,1.2,245,2.6899753508996946
winner,1.2,246,2.9157196042844555
winner,1.2,247,3.6274189951227913
winner,1.2,248,2.7302460136822195
winner,1.2,249,2.7205618628425055
winner,1.2,250,2.948158417392808
winner,1.2,251,3.0525784755545264
winner,1.2,252,2.8870508480276924
winner,1.2,253,3.460021611866713
winner,1.2,254,3.469699521921508
winner,1.2,255,2.7334045759092738
winner,1.2,256,2.5030800754559177
winner,1.2,257,2.8908980227115726
winner,1.2,258,2.817630508026526
winner,1.2,259,3.1416607934750127
winner,1.2,260,2.4738128404816893
winner,1.2,261,2.9799672537979984
winner,1.2,262,3.3182928266472125
winner,1.2,263,2.668565925554866
winner,1.2,264,3.3166553829011427
winner,1.2,265,3.472873202229388
winner,1.2,266,2.8107910837374157
winner,1.2,267,2.9391639603687585
winner,1.2,268,3.1605045723704217
winner,1.2,269,3.1875729345412274
winner,1.2,270,2.6862248074538355
winner,1.2,271,3.1032342691280186
winner,1.2,272,3.032418126882874
winner,1.2,273,3.634751077389212
winner,1.2,274,2.800270960892175
winner,1.2,275,3.38655381706752
winner,1.2,276,3.025645820708757
winner,1.2,277,2.736649717059535
winner,1.2,278,3.0835077591139
winner,1.2,279,2.863054157743097
winner,1.2,280,3.160840796882308
winner,1.2,281,3.141656551785962
winner,1.2,282,3.0899158021771687
winner,1.2,283,3.0261583056509966
winner,1.2,284,2.6091456188221454
winner,1.2,285,3.5288764942898783
winner,1.2,286,2.841975710723904
winner,1.2,287,2.8142809210231334
winner,1.2,288,2.966769849712664
winner,1.2,289,3.3625480061456465
winner,1.2,290,2.8157977121691853
winner,1.2,291,2.859513837007277
winner,1.2,292,2.692337389787283
winner,1.2,293,3.4243710486135415
winner,1.2,294,2.977343510372435
winner,1.2,295,2.8348766438423274
winner,1.2,296,2.8654443187375565
winner,1.2,297,2.804051409732913
winner,1.2,298,2.9487280645764518
winner,1.2,299,3.3009717943651395
winner,1.2,300,2.9197238895664217
winner,1.2,301,3.009284837098806
winner,1.2,302,2.8366370559784433
winner,1.2,303,3.3295219428258704
winner,1.2,304,2.3887584553189876
winner,1.2,305,3.452547044132309
winner,1.2,306,3.160048676486485
winner,1.2,307,3.3470785445973026
winner,1.2,308,2.617861212349587
winner,1.2,309,3.2623102417259116
winner,1.2,310,3.0102680113113185
winner,1.2,311,2.367706142517323
winner,1.2,312,3.0908268393704494
winner,1.2,313,3.2070451519550716
winner,1.2,314,2.966193963413809
winner,1.2,315,3.2093941860912554
winner,1.2,316,2.7396546441587097
winner,1.2,317,3.022274515947275
winner,1.2,318,3.2210381450636207
winner,1.2,319,2.7075828484111337
winner,1.2,320,3.1290025024178223
winner,1.2,321,3.3003974330320927
winner,1.2,322,2.628864857241239
winner,1.2,323,3.5096038911578593
winner,1.2,324,3.1304640883265806
winner,1.2,325,2.9001991990520155
winner,1.2,326,3.107654898168006
winner,1.2,327,2.814049301512483
winner,1.2,328,3.012184438780159
winner,1.2,329,2.7069574056091312
winner,1.2,330,3.0709750305757724
winner,1.2,331,3.0844163935805087
winner,1.2,332,2.695796307190188
winner,1.2,333,3.1008203912806405
winner,1.2,334,2.666460723743404
winner,1.2,335,2.6979923758185422
winner,1.2,336,3.244392498681721
winner,1.2,337,3.1336443872538817
winner,1.2,338,3.102158503150119
winner,1.2,339,3.2262754371254276
winner,1.2,340,2.979953494191099
winner,1.2,341,3.6471374454050123
winner,1.2,342,2.8203519187654598
winner,1.2,343,3.1155228096237058
winner,1.2,344,2.7270347747082653
winner,1.2,345,3.02230583580873
winner,1.2,346,3.055935135456042
winner,1.2,347,2.955137253858862
winner,1.2,348,2.922884031328164
winner,1.2,349,3.2943408312345435
winner,1.2,350,3.0493020297857503
winner,1.2,351,3.021880561644828
winner,1.2,352,2.9248120555039825
winner,1.2,353,2.9548655967756745
winner,1.2,354,3.321532024060169
winner,1.2,355,3.4360425485164234
winner,1.2,356,3.0399813298418525
winner,1.2,357,2.521803478588497
winner,1.2,358,2.912051963901203
winner,1.2,359,3.064087817452023
winner,1.2,360,2.954677418760435
winner,1.2,361,2.695134045417345
winner,1.2,362,2.791557729873647
winner,1.2,363,3.2778043492693913
winner,1.2,364,3.096765375662723
winner,1.2,365,3.2029755925541834
winner,1.2,366,3.2155020674206862
winner,1.2,367,2.736257765985719
winner,1.2,368,3.359076266661889
winner,1.2,369,2.9388424441421925
winner,1.2,370,2.865036824600265
winner,1.2,371,3.0556808817351575
winner,1.2,372,3.062229468421232
winner,1.2,373,3.2306692863339657
winner,1.2,374,2.9229161953172897
winner,1.2,375,2.763794951921236
winner,1.2,376,3.251052097831434
winner,1.2,377,2.7973838448694943
winner,1.2,378,3.1186457196366546
winner,1.2,379,2.929673971916743
winner,1.2,380,3.4063321307903363
winner,1.2,381,2.65914878144696
winner,1.2,382,3.060721179840602
winner,1.2,383,2.8477097990397215
winner,1.2,384,3.1251296698479742
winner,1.2,385,3.2807598441983528
winner,1.2,386,2.7073877521467518
winner,1.2,387,2.918973862897146
winner,1.2,388,2.5927111152886484
winner,1.2,389,2.815739166708385
winner,1.2,390,3.0329052215281753
winner,1.2,391,2.7430135916710063
winner,1.2,392,3.5755342397717893
winner,1.2,393,3.2137360433499995
winner,1.2,394,3.093946951203763
winner,1.2,395,3.631877411729108
winner,1.2,396,3.2703407355483898
winner,1.2,397,3.0042913405627116
winner,1.2,398,3.0799233857632276
winner,1.2,399,3.1354478272895605
winner,1.2,400,2.898853554913326
winner,1.2,401,2.820826998635199
winner,1.2,402,3.197917140817144
winner,1.2,403,3.003269092094988
winner,1.2,404,3.2488050144182945
winner,1.2,405,2.5902212716221564
winner,1.2,406,2.79797846269202
winner,1.2,407,2.9193758533153185
winner,1.2,408,2.7426329464130133
winner,1.2,409,2.8264000419276307
winner,1.2,410,2.9474266286782482
winner,1.2,411,2.8323279742015472
winner,1.2,412,3.0473776604035185
winner,1.2,413,3.2127854355081107
winner,1.2,414,3.010767430173431
winner,1.2,415,2.717142675380131
winner,1.2,416,3.446574936404885
winner,1.2,417,3.100038837987594
winner,1.2,418,2.9159874135182418
winner,1.2,419,2.555208917270141
winner,1.2,420,2.748856407762784
winner,1.2,421,3.5246409331084303
winner,1.2,422,3.2653234306534547
winner,1.2,423,3.112705469347177
winner,1.2,424,2.819326491094211
winner,1.2,425,3.3012753671027877
winner,1.2,426,2.787021216950685
winner,1.2,427,2.8570655661808457
winner,1.2,428,3.1166143873017975
winner,1.2,429,3.4243672905107476
winner,1.2,430,2.737215059147101
winner,1.2,431,2.998728502848523
winner,1.2,432,2.5568359707085664
winner,1.2,433,3.4679232096533483
winner,1.2,434,2.8193912254636975
winner,1.2,435,2.920760404171607
winner,1.2,436,2.779749121889643
winner,1.2,437,3.034623514699028
winner,1.2,438,2.9499200498294513
winner,1.2,439,2.845287807288399
winner,1.2,440,2.717158056542367
winner,1.2,441,2.608914614324838
winner,1.2,442,2.5178983381063063
winner,1.2,443,3.572184851917824
winner,1.2,444,2.842272827049331
winner,1.2,445,2.9863209719203745
winner,1.2,446,3.534031558343811
winner,1.2,447,3.02164246821278
winner,1.2,448,3.167790819168578
winner,1.2,449,3.1200769342580346
winner,1.2,450,2.8321160764043447
winner,1.2,451,3.081751123139832
winner,1.2,452,3.1561017153276447
winner,1.2,453,2.8491598418049096
winner,1.2,454,3.0254506841640314
winner,1.2,455,2.794316031650973
winner,1.2,456,2.8107210135350167
winner,1.2,457,2.9749852853586676
winner,1.2,458,2.984930831849381
winner,1.2,459,3.1712574312714814
winner,1.2,460,2.7668767523611
winner,1.2,461,2.703666663543494
winner,1.2,462,3.3321476619263777
winner,1.2,463,3.158626552991961
winner,1.2,464,2.6729042358260173
winner,1.2,465,3.249971604594815
winner,1.2,466,3.0028808461335967
winner,1.2,467,2.9418856305115044
winner,1.2,468,3.534717525738037
winner,1.2,469,3.2441220020403008
winner,1.2,470,2.8957797787231634
winner,1.2,471,3.075500024910944
winner,1.2,472,2.634533672780118
winner,1.2,473,2.7763309587802163
winner,1.2,474,2.8941038440519673
winner,1.2,475,3.6915888276277107
winner,1.2,476,3.0515211073916078
winner,1.2,477,2.8434042082476987
winner,1.2,478,2.6847612553109284
winner,1.2,479,2.8777120118477044
winner,1.2,480,2.631698169773171
winner,1.2,481,2.989708880008361
winner,1.2,482,2.8725937491595133
winner,1.2,483,2.931021520759578
winner,1.2,484,3.625941644623839
winner,1.2,485,2.5882511969543547
winner,1.2,486,2.980797549110793
winner,1.2,487,3.3927828425657167
winner,1.2,488,2.7960735945802333
winner,1.2,489,3.1317612607786636
winner,1.2,490,3.1799524937157853
winner,1.2,491,2.767338635744631
winner,1.2,492,3.4774724820593956
winner,1.2,493,2.7951421679856723
winner,1.2,494,3.2397150061924522
winner,1.2,495,2.848282593507058
winner,1.2,496,2.920870189499908
winner,1.2,497,2.9556686745702025
winner,1.2,498,3.345476078114471
winner,1.2,499,3.309060957474187
winner,1.2,500,3.6487296244359917
winner,1.2,501,2.9880586191145815
winner,1.2,502,3.2922101348099244
winner,1.2,503,2.9321808089591763
winner,1.2,504,2.931980217146946
winner,1.2,505,3.2295350265455824
winner,1.2,506,2.7334537477046394
winner,1.2,507,2.6286436958756423
winner,1.2,508,2.8860210187423276
winner,1.2,509,3.2377806683606587
winner,1.2,510,3.0077276421485157
winner,1.2,511,3.293009294567555
winner,1.2,512,3.3352620561247632
winner,1.2,513,2.7052350197341672
winner,1.2,514,2.9063227034818153
winner,1.2,515,2.7144124135565697
winner,1.2,516,3.0855777262262993
winner,1.2,517,2.9105072337272855
winner,1.2,518,3.341666898903193
winner,1.2,519,2.6507893090272097
winner,1.2,520,3.1955530270614476
winner,1.2,521,3.3740893335767757
winner,1.2,522,3.3521064464687718
winner,1.2,523,2.8474525562094324
winner,1.2,524,2.8335062377322884
winner,1.2,525,2.5276484603499023
winner,1.2,526,3.4611854385091063
winner,1.2,527,3.0058564935269283
winner,1.2,528,3.0760559542016463
winner,1.2,529,3.453638963245578
winner,1.2,530,2.4906535692964966
winner,1.2,531,3.2151858406998195
winner,1.2,532,2.9705113665149923
winner,1.2,533,2.9328652443419907
winner,1.2,534,3.2720977511514353
winner,1.2,535,2.826034501931902
winner,1.2,536,2.9729433764185584
winner,1.2,537,2.953289451580353
winner,1.2,538,3.39632087552909
winner,1.2,539,2.717445452412661
winner,1.2,540,3.2558463825228103
winner,1.2,541,2.9308162738767614
winner,1.2,542,2.8997683244100347
winner,1.2,543,2.938981984711942
winner,1.2,544,3.257801439809226
winner,1.2,545,3.10451698965668
winner,1.2,546,2.832091152945218
winner,1.2,547,2.843021696076538
winner,1.2,548,3.2055061590759917
winner,1.2,549,2.8538868252882206
winner,1.2,550,2.9747243405483084
winner,1.2,551,3.062855330617942
winner,1.2,552,3.3312543918809374
winner,1.2,553,2.6488999942954057
winner,1.2,554,3.404432824426093
winner,1.2,555,3.158979501940678
winner,1.2,556,2.6451631264032587
winner,1.2,557,2.9385435800250144
winner,1.2,558,3.7474398670001663
winner,1.2,559,3.2595080765266378
winner,1.2,560,3.400429436046511
winner,1.2,561,3.427815552401006
winner,1.2,562,3.21933964985032
winner,1.2,563,2.826947671464423
winner,1.2,564,2.8202679142175824
winner,1.2,565,3.04112628526314
winner,1.2,566,2.7651109838043832
winner,1.2,567,3.479296950557127
winner,1.2,568,2.937513737418265
winner,1.2,569,2.798286417093017
winner,1.2,570,2.368335998382714
winner,1.2,571,2.820088547617142
winner,1.2,572,2.9334026547225878
winner,1.2,573,3.467231357005676
winner,1.2,574,2.548309773334655
winner,1.2,575,2.7984098030792266
winner,1.2,576,3.2169226739883556
winner,1.2,577,3.1785962031030155
winner,1.2,578,2.613763889004344
winner,1.2,579,2.715333671704781
winner,1.2,580,3.0295459373956035
winner,1.2,581,3.161174722959757
winner,1.2,582,2.735730885363886
winner,1.2,583,2.8006657128347623
winner,1.2,584,2.9548815826335457
winner,1.2,585,2.96759285480155
winner,1.2,586,3.0785871839500665
winner,1.2,587,2.887677720202897
winner,1.2,588,3.2254016009405966
winner,1.2,589,3.2097348398916115
winner,1.2,590,2.8725920560099465
winner,1.2,591,2.772890601155491
winner,1.2,592,2.606419301285166
winner,1.2,593,3.3121176181800185
winner,1.2,594,3.151637435663066
winner,1.2,595,3.3721284099982096
winner,1.2,596,2.6635294286151594
winner,1.2,597,3.0988889101703574
winner,1.2,598,2.66942768309963
winner,1.2,599,2.882938439655797
winner,1.2,600,2.5259959280952557
winner,1.2,601,3.252458563272534
winner,1.2,602,3.5010711208493337
winner,1.2,603,3.1427585267366336
winner,1.2,604,2.856183214264691
winner,1.2,605,2.5272084356340447
winner,1.2,606,3.053198116595452
winner,1.2,607,3.36998071421398
winner,1.2,608,2.5917246032996943
winner,1.2,609,3.303979730642724
winner,1.2,610,2.3199703464340957
winner,1.2,611,2.982510762061249
winner,1.2,612,2.8617546205972406
winner,1.2,613,2.843438046345439
winner,1.2,614,2.843902589983911
winner,1.2,615,3.4079716109441276
winner,1.2,616,3.468660986673787
winner,1.2,617,3.1512382463523223
winner,1.2,618,2.8942538480404663
winner,1.2,619,2.823322774071227
winner,1.2,620,2.8847241616148778
winner,1.2,621,3.1852742691663654
winner,1.2,622,2.9908142348767117
winner,1.2,623,3.057300538089317
winner,1.2,624,2.9933642060931036
winner,1.2,625,2.8912318405704673
winner,1.2,626,2.8850266386279277
winner,1.2,627,4.011815043606328
winner,1.2,628,2.7695313234681875
winner,1.2,629,2.739541710731207
winner,1.2,630,2.5559036296882063
winner,1.2,631,2.8496028376170934
winner,1.2,632,2.738426638572763
winner,1.2,633,3.334359645561205
winner,1.2,634,2.807057167760097
winner,1.2,635,3.259370759501764
winner,1.2,636,3.300219354078032
winner,1.2,637,2.692311938811791
winner,1.2,638,2.7352715891073487
winner,1.2,639,2.1644935700925427
winner,1.2,640,2.836063658266738
winner,1.2,641,2.8609609489384575
winner,1.2,642,2.9347709285674393
winner,1.2,643,2.9109198132974132
winner,1.2,644,3.01038102806618
winner,1.2,645,2.723584891113887
winner,1.2,646,2.7253033455613394
winner,1.2,647,3.2710301025617734
winner,1.2,648,3.615800865572912
winner,1.2,649,3.6297971407419936
winner,1.2,650,3.12381866427207
winner,1.2,651,2.7607258434949915
winner,1.2,652,3.234648390902728
winner,1.2,653,3.1257545516447016
winner,1.2,654,2.8930702642747783
winner,1.2,655,2.6736644058488888
winner,1.2,656,2.9578102051752735
winner,1.2,657,3.1041024283014687
winner,1.2,658,2.9453565856350514
winner,1.2,659,3.250258728737676
winner,1.2,660,3.0819755812899903
winner,1.2,661,2.8640238128010957
winner,1.2,662,3.089197608775178
winner,1.2,663,3.263958458466104
winner,1.2,664,2.884649659628252
winner,1.2,665,3.3355618910227687
winner,1.2,666,3.2868717654531907
winner,1.2,667,2.9411469752984254
winner,1.2,668,2.456528105041274
winner,1.2,669,2.8983841397511814
winner,1.2,670,2.4809264973455023
winner,1.2,671,3.4206025422653403
winner,1.2,672,3.175641879280822
winner,1.2,673,2.980722417064474
winner,1.2,674,3.030869424136584
winner,1.2,675,3.005238059229712
winner,1.2,676,3.3054799795909364
winner,1.2,677,3.0091407676132356
winner,1.2,678,2.7315618297388737
winner,1.2,679,3.4508948468084837
winner,1.2,680,3.5043065386925476
winner,1.2,681,2.9906894025028117
winner,1.2,682,2.598545188654394
winner,1.2,683,3.12313841633096
winner,1.2,684,2.827577522300075
winner,1.2,685,2.6096001918744274
winner,1.2,686,3.1011906835315814
winner,1.2,687,2.8602366908092125
winner,1.2,688,3.280269585587679
winner,1.2,689,2.7922962255868926
winner,1.2,690,2.968587798756618
winner,1.2,691,3.062634424554963
winner,1.2,692,2.8903468906748775
winner,1.2,693,2.921848408551458
winner,1.2,694,2.7682431057885504
winner,1.2,695,2.86182291647039
winner,1.2,696,2.7462331914915468
winner,1.2,697,2.8376504250900023
winner,1.2,698,2.940199854657229
winner,1.2,699,2.9983600098089647
winner,1.2,700,3.0090852766992278
winner,1.2,701,2.984147971290722
winner,1.2,702,3.0002075534354598
winner,1.2,703,2.959772920714794
winner,1.2,704,3.696286535341196
winner,1.2,705,2.8648517396865865
winner,1.2,706,2.7180403522150556
winner,1.2,707,3.588139711555205
winner,1.2,708,3.008087145325657
winner,1.2,709,3.4168056480558318
winner,1.2,710,2.6861207920058243
winner,1.2,711,3.099310101070777
winner,1.2,712,2.517961062056846
winner,1.2,713,3.015833328590107
winner,1.2,714,2.677242878582042
winner,1.2,715,3.4388185380046274
winner,1.2,716,3.5646061276889607
winner,1.2,717,3.302965666927449
winner,1.2,718,2.7548053863025523
winner,1.2,719,2.821192216661765
winner,1.2,720,3.1958410743906964
winner,1.2,721,3.3415631429516166
winner,1.2,722,2.570128080112449
winner,1.2,723,2.8740379489943777
winner,1.2,724,2.9629786940999963
winner,1.2,725,2.7595211953097047
winner,1.2,726,2.983130983415416
winner,1.2,727,3.1893095171029464
winner,1.2,728,3.245822189344698
winner,1.2,729,2.7348947977347495
winner,1.2,730,3.3988864635004146
winner,1.2,731,3.1005647116528325
winner,1.2,732,3.0390465333259105
winner,1.2,733,3.1431586155452615
winner,1.2,734,2.8853180447559383
winner,1.2,735,2.6904168386606178
winner,1.2,736,3.2297310007791067
winner,1.2,737,2.6970281695721896
winner,1.2,738,2.9997798796630972
winner,1.2,739,3.3929764681314944
winner,1.2,740,2.562924635127798
winner,1.2,741,2.794929906937512
winner,1.2,742,2.75367651157373
winner,1.2,743,3.478869694804938
winner,1.2,744,2.95615745636153
winner,1.2,745,3.12027014690669
winner,1.2,746,3.109278627201853
winner,1.2,747,3.0538818457731955
winner,1.2,748,3.115962538844645
winner,1.2,749,3.1408129216552507
winner,1.2,750,2.7623450812928017
winner,1.2,751,2.8969177501554073
winner,1.2,752,3.0639187756640425
winner,1.2,753,2.7623967554263213
winner,1.2,754,3.2008490740629423
winner,1.2,755,2.767357614013522
winner,1.2,756,3.3110284961415197
winner,1.2,757,2.7226719502560335
winner,1.2,758,2.8041859327334744
winner,1.2,759,3.294235697856984
winner,1.2,760,2.809608019950298
winner,1.2,761,3.371915315433642
winner,1.2,762,2.9440026541873854
winner,1.2,763,3.302479883734442
winner,1.2,764,2.818229446655163
winner,1.2,765,3.001748273040639
winner,1.2,766,3.037331516411796
winner,1.2,767,2.71547165540983
winner,1.2,768,3.219456339793961
winner,1.2,769,3.0516628248034614
winner,1.2,770,3.191733373223651
winner,1.2,771,2.9083003576194524
winner,1.2,772,2.857371266974422
winner,1.2,773,2.696686941262879
winner,1.2,774,3.2002834853191864
winner,1.2,775,2.8186579451927845
winner,1.2,776,3.213816080625359
winner,1.2,777,3.107691819798406
winner,1.2,778,3.1415293360647207
winner,1.2,779,2.8653253492885074
winner,1.2,780,2.929819634515703
winner,1.2,781,3.240495305844052
winner,1.2,782,2.8199761351592936
winner,1.2,783,3.432018480359744
winner,1.2,784,2.9819433526412027
winner,1.2,785,3.1002559772797134
winner,1.2,786,2.903699947638387
winner,1.2,787,2.9494869219578326
winner,1.2,788,2.866198771593889
winner,1.2,789,2.865294816730469
winner,1.2,790,3.2199690462183628
winner,1.2,791,2.719680687067919
winner,1.2,792,3.3395875753683835
winner,1.2,793,3.0431023550490197
winner,1.2,794,2.928043670887019
winner,1.2,795,3.01592350132585
winner,1.2,796,3.173953944511946
winner,1.2,797,2.9441637577405353
winner,1.2,798,3.128716095055768
winner,1.2,799,2.9569202384790607
winner,1.2,800,2.912409705170871
winner,1.2,801,2.746693145196368
winner,1.2,802,3.1821020761741114
winner,1.2,803,3.1122381044004146
winner,1.2,804,3.454777046856308
winner,1.2,805,2.46870612399286
winner,1.2,806,3.386453278335528
winner,1.2,807,3.3930847662470303
winner,1.2,808,3.0859988018302484
winner,1.2,809,3.1684951758670437
winner,1.2,810,2.7592564181152794
winner,1.2,811,3.454010219643204
winner,1.2,812,2.9930194500924365
winner,1.2,813,2.796276734336421
winner,1.2,814,3.3568500428803434
winner,1.2,815,2.7935609205512546
winner,1.2,816,2.6069423089742543
winner,1.2,817,2.8866347707849522
winner,1.2,818,3.653431643288871
winner,1.2,819,2.8255431403933575
winner,1.2,820,3.123832971371574
winner,1.2,821,3.0060680236961557
winner,1.2,822,2.987552402574755
winner,1.2,823,3.0041554081141775
winner,1.2,824,3.1058872549186227
winner,1.2,825,3.3608967220868617
winner,1.2,826,3.1277514066640624
winner,1.2,827,2.8348796064898956
winner,1.2,828,2.2466647397804067
winner,1.2,829,2.8204541673271333
winner,1.2,830,3.1241275411792007
winner,1.2,831,2.5947327797937283
winner,1.2,832,2.787366294566173
winner,1.2,833,2.523172966394958
winner,1.2,834,3.018528987474346
winner,1.2,835,3.3435225933682426
winner,1.2,836,3.0375864028547257
winner,1.2,837,3.243253633260932
winner,1.2,838,3.060829210255014
winner,1.2,839,2.9300052201362314
winner,1.2,840,3.0931707369355514
winner,1.2,841,3.9338551979619902
winner,1.2,842,2.902455951694034
winner,1.2,843,2.8682195614715678
winner,1.2,844,3.3224750969178722
winner,1.2,845,2.759807612873029
winner,1.2,846,2.965583945776824
winner,1.2,847,2.9576245181699385
winner,1.2,848,3.175736740343979
winner,1.2,849,3.3992880069375238
winner,1.2,850,3.3941497545408437
winner,1.2,851,2.8162802138988017
winner,1.2,852,2.5294136577558337
winner,1.2,853,3.0540448518977574
winner,1.2,854,3.235224712313979
winner,1.2,855,3.3648957952253697
winner,1.2,856,2.9534289297040535
winner,1.2,857,2.9666891514955793
winner,1.2,858,3.393258557567833
winner,1.2,859,3.1234375494403595
winner,1.2,860,2.810433971728895
winner,1.2,861,3.1915095059982974
winner,1.2,862,3.0411284551367537
winner,1.2,863,2.6527275938914223
winner,1.2,864,2.7820853406527166
winner,1.2,865,2.9566722424811873
winner,1.2,866,2.821625398865365
winner,1.2,867,3.1952297381212573
winner,1.2,868,3.239015413119201
winner,1.2,869,3.039790474334993
winner,1.2,870,2.870247905779883
winner,1.2,871,2.72141484128269
winner,1.2,872,2.861317768765773
winner,1.2,873,3.568146681739638
winner,1.2,874,2.9860009903015206
winner,1.2,875,2.783764891341226
winner,1.2,876,3.349528006639743
winner,1.2,877,2.7619112379529156
winner,1.2,878,2.6940981553617926
winner,1.2,879,3.277414033017963
winner,1.2,880,2.471229622411797
winner,1.2,881,2.8921400164915783
winner,1.2,882,3.3384486699696883
winner,1.2,883,2.643561449098663
winner,1.2,884,3.2752889514784855
winner,1.2,885,2.8737837275157676
winner,1.2,886,2.6514790579144965
winner,1.2,887,3.2962591832183543
winner,1.2,888,2.701209398287315
winner,1.2,889,2.9010100938626553
winner,1.2,890,3.3393391972886333
winner,1.2,891,3.293454188015401
winner,1.2,892,3.2374227614067164
winner,1.2,893,2.9883728925518827
winner,1.2,894,3.2262991512927806
winner,1.2,895,3.074796331530805
winner,1.2,896,3.4039010719714327
winner,1.2,897,3.4637958305720082
winner,1.2,898,3.1349958669250366
winner,1.2,899,2.881855780858899
winner,1.2,900,2.8052422619192154
winner,1.2,901,2.590843281052553
winner,1.2,902,3.427095678153831
winner,1.2,903,3.0320961496165566
winner,1.2,904,3.179477184584499
winner,1.2,905,3.3939451781468146
winner,1.2,906,2.9731120093917673
winner,1.2,907,3.11707855947703
winner,1.2,908,2.8807193082327234
winner,1.2,909,3.300851760839767
winner,1.2,910,3.239600714233014
winner,1.2,911,2.9094221746174815
winner,1.2,912,2.6203456231569917
winner,1.2,913,3.435455747026419
winner,1.2,914,2.8800539982662925
winner,1.2,915,3.2878518554935936
winner,1.2,916,3.342676230266217
winner,1.2,917,3.366223617472584
winner,1.2,918,2.983801405713598
winner,1.2,919,2.881508756118017
winner,1.2,920,2.652811619014888
winner,1.2,921,3.1554664404562547
winner,1.2,922,2.766476590368414
winner,1.2,923,2.522574314927605
winner,1.2,924,2.706528840890161
winner,1.2,925,3.0415573511020138
winner,1.2,926,2.438142596272181
winner,1.2,927,3.105697441574986
winner,1.2,928,2.944860043715328
winner,1.2,929,2.972076164949827
winner,1.2,930,3.5193475665228697
winner,1.2,931,3.5332913592660025
winner,1.2,932,3.1953703753202833
winner,1.2,933,3.3211646939900796
winner,1.2,934,2.9215714441166236
winner,1.2,935,3.053613573500655
winner,1.2,936,3.555808005350101
winner,1.2,937,2.6269875609013074
winner,1.2,938,3.5414612303100337
winner,1.2,939,3.533462000237441
winner,1.2,940,2.235837351314155
winner,1.2,941,3.0205745605999
winner,1.2,942,2.993016084717127
winner,1.2,943,2.7940519971962496
winner,1.2,944,2.708588971809218
winner,1.2,945,2.697784947205528
winner,1.2,946,3.011311521542621
winner,1.2,947,3.2742453818263937
winner,1.2,948,2.9854006844942713
winner,1.2,949,2.746278689465867
winner,1.2,950,3.0858654938853327
winner,1.2,951,3.0446745356341878
winner,1.2,952,2.878936129304176
winner,1.2,953,3.121337370358132
winner,1.2,954,3.3154386656827297
winner,1.2,955,2.5962649393195307
winner,1.2,956,2.9501912479413366
winner,1.2,957,2.805343337014915
winner,1.2,958,3.4382373312216545
winner,1.2,959,3.344048317901818
winner,1.2,960,3.1232349894990374
winner,1.2,961,2.776676427982219
winner,1.2,962,2.6037256125152224
winner,1.2,963,3.3554276327524195
winner,1.2,964,3.237324575653932
winner,1.2,965,3.3650487506119755
winner,1.2,966,3.2892443661137856
winner,1.2,967,3.132074181198691
winner,1.2,968,3.1149349535206867
winner,1.2,969,2.81137939435843
winner,1.2,970,3.173551319660121
winner,1.2,971,2.6218992371483414
winner,1.2,972,3.3785863946775874
winner,1.2,973,3.100597111093587
winner,1.2,974,2.89387471495964
winner,1.2,975,3.2039478429788817
winner,1.2,976,3.08090225013496
winner,1.2,977,3.396955842173963
winner,1.2,978,3.194698980457717
winner,1.2,979,2.906444821653916
winner,1.2,980,2.8430779123029213
winner,1.2,981,2.80434684421345
winner,1.2,982,3.3345252988869216
winner,1.2,983,3.174752548584758
winner,1.2,984,3.029651796721497
winner,1.2,985,3.156417640610312
winner,1.2,986,3.145763503750687
winner,1.2,987,3.2354586989320033
winner,1.2,988,3.035630802641604
winner,1.2,989,3.0177774256198293
winner,1.2,990,2.8337340560859055
winner,1.2,991,3.5792768863954043
winner,1.2,992,2.94185602564181
winner,1.2,993,3.175797585787645
winner,1.2,994,3.019412123159512
winner,1.2,995,2.9498817193491007
winner,1.2,996,2.9961795464566587
winner,1.2,997,2.9605199831322837
winner,1.2,998,2.786356778768577
winner,1.2,999,3.494547059274664
winner,1.2,1000,2.742066793493341
winner,1.2,1001,2.9603861298126493
winner,1.2,1002,2.631443720971675
winner,1.2,1003,2.8241848125742126
winner,1.2,1004,2.404837884412274
winner,1.2,1005,2.585266573100405
winner,1.2,1006,3.194988918011635
winner,1.2,1007,2.508586019172719
winner,1.2,1008,3.175720316813773
winner,1.2,1009,2.9272406601464303
winner,1.2,1010,3.0814516511756063
winner,1.2,1011,3.2293703048076816
winner,1.2,1012,2.62364162973764
winner,1.2,1013,3.4013651867117862
winner,1.2,1014,3.008346434868784
winner,1.2,1015,3.1607994274298026
winner,1.2,1016,2.899888097097595
winner,1.2,1017,3.0907776502965376
winner,1.2,1018,4.145577438895922
winner,1.2,1019,2.6363775480562386
winner,1.2,1020,3.442887994457558
winner,1.2,1021,3.1656038712143184
winner,1.2,1022,2.839617747728707
winner,1.2,1023,3.076586641178017
winner,1.2,1024,3.259820741966543
winner,1.2,1025,3.0762868336543976
winner,1.2,1026,3.1639232444558134
winner,1.2,1027,3.662027163524548
winner,1.2,1028,2.9446895458107067
winner,1.2,1029,3.297929911816437
winner,1.2,1030,3.207321128101188
winner,1.2,1031,2.876042728985816
winner,1.2,1032,2.8379615759861916
winner,1.2,1033,3.00633683332035
winner,1.2,1034,2.4628226168579297
winner,1.2,1035,3.0375404623825246
winner,1.2,1036,3.5083978651346523
winner,1.2,1037,2.9599649709197653
winner,1.2,1038,3.0873079762842703
winner,1.2,1039,3.5407269484347657
winner,1.2,1040,2.968956042591197
winner,1.2,1041,2.507933178570018
winner,1.2,1042,2.6345929131193984
winner,1.2,1043,3.0150706374212737
winner,1.2,1044,2.931032953776314
winner,1.2,1045,3.86391438007785
winner,1.2,1046,2.7296251511404654
winner,1.2,1047,2.8128487091407224
winner,1.2,1048,2.8490267002645076
winner,1.2,1049,3.147745222876182
winner,1.2,1050,2.7916641548442116
winner,1.2,1051,3.189215987284525
winner,1.2,1052,3.1413010884104415
winner,1.2,1053,2.9699031375069334
winner,1.2,1054,3.438324152032593
winner,1.2,1055,2.67592975278053
winner,1.2,1056,3.0826212895794005
winner,1.2,1057,3.0417508792736507
winner,1.2,1058,3.259126723065619
winner,1.2,1059,2.651589320336987
winner,1.2,1060,3.292627298311346
winner,1.2,1061,3.1051905588127493
winner,1.2,1062,3.1778455286804874
winner,1.2,1063,2.934955231006216
winner,1.2,1064,2.2954090835999827
winner,1.2,1065,3.784527396104188
winner,1.2,1066,3.107458888354749
winner,1.2,1067,2.578224946779433
winner,1.2,1068,2.562118188577595
winner,1.2,1069,2.7112240901092224
winner,1.2,1070,3.0631322241334473
winner,1.2,1071,2.759599620262623
winner,1.2,1072,3.2411552157192194
winner,1.2,1073,2.9220876243745004
winner,1.2,1074,3.058334551554361
winner,1.2,1075,3.343440737523609
winner,1.2,1076,2.9564099763291214
winner,1.2,1077,3.853241824666023
winner,1.2,1078,2.774165909089083
winner,1.2,1079,3.20764089011213
winner,1.2,1080,2.628709696447736
winner,1.2,1081,3.439196618232827
winner,1.2,1082,2.50313014152531
winner,1.2,1083,3.3112019929974004
winner,1.2,1084,3.101642520045231
winner,1.2,1085,3.048730432859248
winner,1.2,1086,2.7338704669581366
winner,1.2,1087,2.744229854073535
winner,1.2,1088,3.312179190361023
winner,1.2,1089,2.603648642112755
winner,1.2,1090,2.4685351467357224
winner,1.2,1091,2.6778918424524414
winner,1.2,1092,3.108772407897024
winner,1.2,1093,2.914694711798386
winner,1.2,1094,2.9913973869825266
winner,1.2,1095,3.3625792661261014
winner,1.2,1096,2.8333337130097918
winner,1.2,1097,3.761930137339501
winner,1.2,1098,3.0905539291818447
winner,1.2,1099,2.927959119546969
winner,1.2,1100,2.7408637228549413
winner,1.2,1101,3.2279301608882514
winner,1.2,1102,3.0741616316014553
winner,1.2,1103,3.2617150323485316
winner,1.2,1104,3.0414331426406775
winner,1.2,1105,3.0331519912889986
winner,1.2,1106,2.8304820388017027
winner,1.2,1107,2.822698082045166
winner,1.2,1108,2.9829012677227054
winner,1.2,1109,2.6496898186162445
winner,1.2,1110,3.295068718487212
winner,1.2,1111,3.224901657209628
winner,1.2,1112,2.7341561267079673
winner,1.2,1113,2.825974557436592
winner,1.2,1114,2.753048155567802
winner,1.2,1115,3.3008985317884845
winner,1.2,1116,2.965223215918117
winner,1.2,1117,2.8014734143312015
winner,1.2,1118,2.8794882414527883
winner,1.2,1119,2.8375194021271732
winner,1.2,1120,2.8213363467939048
winner,1.2,1121,3.5392420427433677
winner,1.2,1122,3.009711636239083
winner,1.2,1123,2.9913402287790203
winner,1.2,1124,2.90236926079763
winner,1.2,1125,3.1035406327216264
winner,1.2,1126,2.8331035796078274
winner,1.2,1127,2.9770999325473984
winner,1.2,1128,3.401306217403882
winner,1.2,1129,2.999449578859041
winner,1.2,1130,3.072840492038564
winner,1.2,1131,2.6124782902541948
winner,1.2,1132,3.1846228851481886
winner,1.2,1133,2.9027564365831258
winner,1.2,1134,2.9436044777846044
winner,1.2,1135,3.3733104565631775
winner,1.2,1136,3.250715757089731
winner,1.2,1137,2.791980193832113
winner,1.2,1138,3.2355781278728433
winner,1.2,1139,2.9406923788310064
winner,1.2,1140,2.934793390482921
winner,1.2,1141,2.9290947694274023
winner,1.2,1142,3.138612122264792
winner,1.2,1143,3.243979781329931
winner,1.2,1144,3.00499359851333
winner,1.2,1145,3.2099625675330548
winner,1.2,1146,2.5915666383932807
winner,1.2,1147,2.7822146926486147
winner,1.2,1148,3.4666340766021175
winner,1.2,1149,2.896227248874357
winner,1.2,1150,2.8670498895281136
winner,1.2,1151,2.556732438629211
winner,1.2,1152,3.1304713524818615
winner,1.2,1153,3.529164958413515
winner,1.2,1154,3.2830997186919912
winner,1.2,1155,2.805225261548331
winner,1.2,1156,2.757557741284571
winner,1.2,1157,3.1142960979441185
winner,1.2,1158,2.849720734178815
winner,1.2,1159,2.874571988552998
winner,1.2,1160,2.527245348347378
winner,1.2,1161,2.8000162856315054
winner,1.2,1162,3.247116180126971
winner,1.2,1163,2.954972697872571
winner,1.2,1164,3.078935903422673
winner,1.2,1165,3.2207596293053835
winner,1.2,1166,3.507117742523457
winner,1.2,1167,2.5921979917303886
winner,1.2,1168,2.623438540835517
winner,1.2,1169,3.127894358637422
winner,1.2,1170,3.216702780119853
winner,1.2,1171,3.05651506106001
winner,1.2,1172,3.1897962995332474
winner,1.2,1173,3.6059664112894403
winner,1.2,1174,3.185667647028159
winner,1.2,1175,2.5529467680292455
winner,1.2,1176,2.7353250375625517
winner,1.2,1177,3.1261733228340716
winner,1.2,1178,2.885811422812057
winner,1.2,1179,3.0824758520442552
winner,1.2,1180,2.606705455652011
winner,1.2,1181,3.6812867126147917
winner,1.2,1182,2.785954218201655
winner,1.2,1183,3.0283686313400398
winner,1.2,1184,3.1177467790321716
winner,1.2,1185,2.749909834920328
winner,1.2,1186,2.9443938443595017
winner,1.2,1187,3.000654174504118
winner,1.2,1188,2.90587485098571
winner,1.2,1189,3.339432225565436
winner,1.2,1190,3.194400319299866
winner,1.2,1191,2.6589654007060077
winner,1.2,1192,2.8724343537410837
winner,1.2,1193,2.6686118924751887
winner,1.2,1194,3.2518362429414442
winner,1.2,1195,3.3512138344502094
winner,1.2,1196,3.3378896501782966
winner,1.2,1197,3.2081671997029826
winner,1.2,1198,2.938763551513091
winner,1.2,1199,2.89309211433246
winner,1.2,1200,3.031877922578062
winner,1.2,1201,3.0498465061377495
winner,1.2,1202,2.769307579257591
winner,1.2,1203,3.2369106430206394
winner,1.2,1204,3.0180517626871506
winner,1.2,1205,2.687058557057323
winner,1.2,1206,2.9158331282346452
winner,1.2,1207,2.4530783138716132
winner,1.2,1208,3.2106831475321105
winner,1.2,1209,3.0502702596422355
winner,1.2,1210,2.999908348945746
winner,1.2,1211,3.1132813814955296
winner,1.2,1212,2.7849417076940486
winner,1.2,1213,2.934826178215264
winner,1.2,1214,3.153471613084122
winner,1.2,1215,2.9512457153533442
winner,1.2,1216,2.6462099135403405
winner,1.2,1217,3.4710313412986147
winner,1.2,1218,3.190134679927792
winner,1.2,1219,3.4397974985999484
winner,1.2,1220,3.313516001963137
winner,1.2,1221,3.365896814380367
winner,1.2,1222,2.9774757496460307
winner,1.2,1223,3.025758140158931
winner,1.2,1224,2.740301971460493
winner,1.2,1225,3.0222286501271034
winner,1.2,1226,3.1950968884189246
winner,1.2,1227,3.4241771575066267
winner,1.2,1228,2.92912940744951
winner,1.2,1229,2.7516668730990297
winner,1.2,1230,3.533277067844858
winner,1.2,1231,3.0029440514928196
winner,1.2,1232,3.078925226626892
winner,1.2,1233,2.5436601286996887
winner,1.2,1234,2.5308328092119474
winner,1.2,1235,2.9250420581308205
winner,1.2,1236,3.346167419321721
winner,1.2,1237,3.035786167553471
winner,1.2,1238,2.99444854835294
winner,1.2,1239,2.544448399891002
winner,1.2,1240,2.7968800066516533
winner,1.2,1241,2.753528006786207
winner,1.2,1242,3.2617027881294756
winner,1.2,1243,3.008644006392468
winner,1.2,1244,3.205695589863339
winner,1.2,1245,3.2988727084947893
winner,1.2,1246,2.734904352388335
winner,1.2,1247,3.0055516366125
winner,1.2,1248,2.662178030132039
winner,1.2,1249,2.949691606019752
winner,1.2,1250,2.759850138628808
winner,1.2,1251,3.1650035663229654
winner,1.2,1252,2.603680863796158
winner,1.2,1253,2.556760387858896
winner,1.2,1254,2.9270579768054152
winner,1.2,1255,2.9309180402865906
winner,1.2,1256,3.1627802627294184
winner,1.2,1257,2.849563244784811
winner,1.2,1258,3.4939809678432834
winner,1.2,1259,3.0371651947166156
winner,1.2,1260,3.2614396451791388
winner,1.2,1261,3.126767336050302
winner,1.2,1262,3.3506283647459925
winner,1.2,1263,3.215941826312856
winner,1.2,1264,2.7286842644315437
winner,1.2,1265,2.5530229402803544
winner,1.2,1266,2.505585081728124
winner,1.2,1267,3.0840811067577696
winner,1.2,1268,2.527537681027664
winner,1.2,1269,2.638773847531633
winner,1.2,1270,2.9268236731010466
winner,1.2,1271,3.0478785915145856
winner,1.2,1272,3.0176405757695584
winner,1.2,1273,3.1218724309563086
winner,1.2,1274,2.9845852858009065
winner,1.2,1275,2.8637214500876422
winner,1.2,1276,2.738157336841637
winner,1.2,1277,2.9272563813511714
winner,1.2,1278,3.672638671550155
winner,1.2,1279,2.8748606630934015
winner,1.2,1280,2.580277000209605
winner,1.2,1281,2.9168804725491624
winner,1.2,1282,2.7592398996479224
winner,1.2,1283,2.6983933329081955
winner,1.2,1284,3.1944847301162733
winner,1.2,1285,3.0728822145315475
winner,1.2,1286,3.114293450486858
winner,1.2,1287,2.9343268661631043
winner,1.2,1288,3.5161265800662673
winner,1.2,1289,2.8650578223368206
winner,1.2,1290,2.9682104596469743
winner,1.2,1291,3.1295576663720848
winner,1.2,1292,3.0703612729562626
winner,1.2,1293,2.9259358702486393
winner,1.2,1294,2.8142514880004685
winner,1.2,1295,3.2144508036073747
winner,1.2,1296,3.2793959682164107
winner,1.2,1297,2.9706065210035995
winner,1.2,1298,3.0655074547445937
winner,1.2,1299,3.2445201416868024
winner,1.2,1300,3.3358807850019003
winner,1.2,1301,3.269934786999987
winner,1.2,1302,3.16362097132751
winner,1.2,1303,2.9762130178509203
winner,1.2,1304,3.2687983361310633
winner,1.2,1305,2.887334010251934
winner,1.2,1306,3.267225690157492
winner,1.2,1307,3.3312658652028495
winner,1.2,1308,3.1588512849613233
winner,1.2,1309,3.148301755084294
winner,1.2,1310,2.846127047949111
winner,1.2,1311,3.281945028878585
winner,1.2,1312,3.4947413041558604
winner,1.2,1313,3.1954507662605125
winner,1.2,1314,2.7693414477405667
winner,1.2,1315,3.330618552973536
winner,1.2,1316,2.843208416784145
winner,1.2,1317,2.9135635456408044
winner,1.2,1318,2.8690256493596853
winner,1.2,1319,3.006669802856324
winner,1.2,1320,2.839071293833128
winner,1.2,1321,2.7009805746584803
winner,1.2,1322,2.6830700992819736
winner,1.2,1323,3.0200513776867215
winner,1.2,1324,2.664031609591256
winner,1.2,1325,2.673519447937863
winner,1.2,1326,3.427417094242886
winner,1.2,1327,3.161793143485374
winner,1.2,1328,2.901804052593306
winner,1.2,1329,2.7928928660029375
winner,1.2,1330,3.375301156952992
winner,1.2,1331,3.6520062778431464
winner,1.2,1332,3.19725463458893
winner,1.2,1333,3.144343438405482
winner,1.2,1334,3.118712089619535
winner,1.2,1335,2.5797027703236863
winner,1.2,1336,2.8791319869514753
winner,1.2,1337,2.59696424461867
winner,1.2,1338,3.1875602471787237
winner,1.2,1339,3.29016372830018
winner,1.2,1340,2.7004836006739983
winner,1.2,1341,2.8158484695186754
winner,1.2,1342,2.791879048145559
winner,1.2,1343,3.458696937520728
winner,1.2,1344,2.673024027276424
winner,1.2,1345,3.041230721160435
winner,1.2,1346,3.232090478358242
winner,1.2,1347,2.8903124118011565
winner,1.2,1348,3.1390004769261495
winner,1.2,1349,2.845770900478658
winner,1.2,1350,3.4943559302143883
winner,1.2,1351,3.4964829431746605
winner,1.2,1352,3.314038092503831
winner,1.2,1353,3.189474419770392
winner,1.2,1354,3.2108763330527874
winner,1.2,1355,2.711144340016213
winner,1.2,1356,3.21929515641043
winner,1.2,1357,3.187505111956037
winner,1.2,1358,3.6054578788953933
winner,1.2,1359,3.3353505287605563
winner,1.2,1360,2.9522288953627775
winner,1.2,1361,2.452670271741967
winner,1.2,1362,3.0621931687333013
winner,1.2,1363,3.078003938294386
winner,1.2,1364,2.9773320649490262
winner,1.2,1365,2.5731549447818853
winner,1.2,1366,2.8703690204084906
winner,1.2,1367,2.7312806480722283
winner,1.2,1368,3.131424549270893
winner,1.2,1369,2.988621073657737
winner,1.2,1370,2.9124751037672354
winner,1.2,1371,3.383170694675118
winner,1.2,1372,3.2520249265220866
winner,1.2,1373,3.1852640627952393
winner,1.2,1374,3.4001199726144606
winner,1.2,1375,3.2013693464244923
winner,1.2,1376,2.8319992169310018
winner,1.2,1377,3.0455175235552208
winner,1.2,1378,3.039676426875811
winner,1.2,1379,2.679698963163103
winner,1.2,1380,2.8597036706559456
winner,1.2,1381,2.6755737466510188
winner,1.2,1382,2.865454258667445
winner,1.2,1383,2.7142906949862744
winner,1.2,1384,3.2690392205832293
winner,1.2,1385,3.1378052861964822
winner,1.2,1386,3.2449429842049415
winner,1.2,1387,3.3065884148194464
winner,1.2,1388,3.4433535794147323
winner,1.2,1389,3.1786278494165696
winner,1.2,1390,3.2429248405057263
winner,1.2,1391,3.243471262273212
winner,1.2,1392,3.054974669874837
winner,1.2,1393,3.2588057938613733
winner,1.2,1394,3.0065463957403584
winner,1.2,1395,3.10443555238697
winner,1.2,1396,2.8065621353809598
winner,1.2,1397,3.262108777118906
winner,1.2,1398,2.499894952795723
winner,1.2,1399,2.8762881522150456
winner,1.2,1400,2.9752881495321373
winner,1.2,1401,2.9472222336304505
winner,1.2,1402,2.3532483235792925
winner,1.2,1403,2.9835416806757245
winner,1.2,1404,3.1171733031081192
winner,1.2,1405,3.0323906820231543
winner,1.2,1406,3.047898601988532
winner,1.2,1407,3.111032073610427
winner,1.2,1408,3.02293231091779
winner,1.2,1409,3.0991075707614324
winner,1.2,1410,3.2700197571746044
winner,1.2,1411,2.946552908113032
winner,1.2,1412,2.5186764923842384
winner,1.2,1413,2.945890380549827
winner,1.2,1414,2.7979617516350337
winner,1.2,1415,2.7955236908601435
winner,1.2,1416,3.144998054144416
winner,1.2,1417,3.3487065486134275
winner,1.2,1418,2.843249228413042
winner,1.2,1419,3.4144835801143976
winner,1.2,1420,2.9387037814248065
winner,1.2,1421,2.6575111812750594
winner,1.2,1422,2.9682347737747143
winner,1.2,1423,2.734712891996541
winner,1.2,1424,2.662332958353875
winner,1.2,1425,2.8939072265347283
winner,1.2,1426,3.4467581774472853
winner,1.2,1427,2.953317737751847
winner,1.2,1428,2.9652644958996865
winner,1.2,1429,3.186948181159703
winner,1.2,1430,3.262135560537985
winner,1.2,1431,2.619883327191342
winner,1.2,1432,3.162665362097624
winner,1.2,1433,3.084542369768939
winner,1.2,1434,2.960684140736812
winner,1.2,1435,3.2402059136769035
winner,1.2,1436,3.022401188780126
winner,1.2,1437,3.0446303696887385
winner,1.2,1438,2.8008998141881705
winner,1.2,1439,2.748835063332788
winner,1.2,1440,3.0966507650820274
winner,1.2,1441,3.3588490910121274
winner,1.2,1442,2.294191553720973
winner,1.2,1443,3.3345973254911874
winner,1.2,1444,3.0178736345339856
winner,1.2,1445,2.841837009771591
winner,1.2,1446,3.3343182459826015
winner,1.2,1447,2.85787698386413
winner,1.2,1448,2.9547559254042577
winner,1.2,1449,2.965527917265328
winner,1.2,1450,3.3441578278922566
winner,1.2,1451,3.1940340731445067
winner,1.2,1452,3.1103726075474443
winner,1.2,1453,2.929350650328333
winner,1.2,1454,2.8963333025249582
winner,1.2,1455,3.3540492075995902
winner,1.2,1456,2.8085636194437904
winner,1.2,1457,3.289383322386072
winner,1.2,1458,2.962195969912335
winner,1.2,1459,2.8362543965630893
winner,1.2,1460,3.005837783017489
winner,1.2,1461,2.4034887266451523
winner,1.2,1462,2.719716560098339
winner,1.2,1463,3.2361775192399422
winner,1.2,1464,2.9423587354993694
winner,1.2,1465,2.9603979610646576
winner,1.2,1466,2.5916173584858333
winner,1.2,1467,3.2027438482261275
winner,1.2,1468,2.945283630659423
winner,1.2,1469,2.9125115986681775
winner,1.2,1470,2.8847031669250414
winner,1.2,1471,2.8749320841482717
winner,1.2,1472,3.045974306227556
winner,1.2,1473,3.1055714725571395
winner,1.2,1474,3.0245349137136857
winner,1.2,1475,3.175274368099697
winner,1.2,1476,3.007522736945503
winner,1.2,1477,2.814367089874151
winner,1.2,1478,3.2671156844515785
winner,1.2,1479,3.38173314041294
winner,1.2,1480,3.302314410792272
winner,1.2,1481,3.1175522643981783
winner,1.2,1482,2.8725735342901206
winner,1.2,1483,3.389305598854597
winner,1.2,1484,2.392210449883214
winner,1.2,1485,3.0837058675317026
winner,1.2,1486,3.0240120870366862
winner,1.2,1487,2.8049187924744587
winner,1.2,1488,2.847905737223883
winner,1.2,1489,3.1765970736617812
winner,1.2,1490,2.7128662152221428
winner,1.2,1491,3.3654468073320416
winner,1.2,1492,2.519991048490943
winner,1.2,1493,2.7171682921493683
winner,1.2,1494,3.580198766988565
winner,1.2,1495,3.042716400677323
winner,1.2,1496,2.876883421726023
winner,1.2,1497,2.585927736609875
winner,1.2,1498,3.008745778605382
winner,1.2,1499,3.0468113336844946
winner,1.2,1500,3.1868830929413425
winner,1.2,1501,2.8269908154959142
winner,1.2,1502,3.1924569912711167
winner,1.2,1503,3.2452775654180743
winner,1.2,1504,3.24805885374054
winner,1.2,1505,2.807043144409086
winner,1.2,1506,2.7231839659468755
winner,1.2,1507,3.189143655171074
winner,1.2,1508,3.028975161752718
winner,1.2,1509,3.194988729713551
winner,1.2,1510,3.0929544894628678
winner,1.2,1511,2.8307751443949445
winner,1.2,1512,2.9539833900462193
winner,1.2,1513,3.4747870286052778
winner,1.2,1514,2.694443129950422
winner,1.2,1515,3.274434326597048
winner,1.2,1516,2.825168917344432
winner,1.2,1517,3.2431994968722018
winner,1.2,1518,2.506206676412804
winner,1.2,1519,3.3416500988102946
winner,1.2,1520,3.5912169245498973
winner,1.2,1521,3.058393511388638
winner,1.2,1522,2.6944383202434743
winner,1.2,1523,2.626400254030379
winner,1.2,1524,3.230712932165889
winner,1.2,1525,3.5707376564685904
winner,1.2,1526,2.3782165761115697
winner,1.2,1527,3.1299745804304715
winner,1.2,1528,2.823980508828409
winner,1.2,1529,3.103673842406003
winner,1.2,1530,3.5186236923205585
winner,1.2,1531,3.5764767831078124
winner,1.2,1532,3.299221880083047
winner,1.2,1533,3.01839995723547
winner,1.2,1534,2.9632739223824887
winner,1.2,1535,2.6280384336431655
winner,1.2,1536,2.778841001832541
winner,1.2,1537,3.0684127977636693
winner,1.2,1538,2.954785507153625
winner,1.2,1539,2.9557456526711654
winner,1.2,1540,3.2767840291651575
winner,1.2,1541,2.544534462318809
winner,1.2,1542,3.01216653316584
winner,1.2,1543,2.696178543968906
winner,1.2,1544,3.408731163465693
winner,1.2,1545,2.5818409840535805
winner,1.2,1546,2.8553049263924906
winner,1.2,1547,2.8092594393352583
winner,1.2,1548,2.6458650928469254
winner,1.2,1549,3.1438975028010288
winner,1.2,1550,3.184356431961291
winner,1.2,1551,3.5620190024890155
winner,1.2,1552,2.722529195276375
winner,1.2,1553,3.035479618405672
winner,1.2,1554,2.7582500095732034
winner,1.2,1555,2.509312923362887
winner,1.2,1556,3.2726671553192115
winner,1.2,1557,2.7603873336969
winner,1.2,1558,2.910954177674745
winner,1.2,1559,3.487364575677277
winner,1.2,1560,2.9089017822503114
winner,1.2,1561,2.9980519778743586
winner,1.2,1562,2.7776489599297474
winner,1.2,1563,3.070216245894174
winner,1.2,1564,3.24199838362941
winner,1.2,1565,3.05907418608073
winner,1.2,1566,2.783167856501157
winner,1.2,1567,2.8700146310791643
winner,1.2,1568,3.107725474487278
winner,1.2,1569,3.0897049580727574
winner,1.2,1570,3.2220256960980973
winner,1.2,1571,2.811355641676735
winner,1.2,1572,3.2077607790893747
winner,1.2,1573,2.6450709069945013
winner,1.2,1574,3.498479221465804
winner,1.2,1575,3.1725225897483758
winner,1.2,1576,2.7659036839880407
winner,1.2,1577,3.1648041742366257
winner,1.2,1578,3.058982743270424
winner,1.2,1579,3.0012078695683884
winner,1.2,1580,3.18694932106007
winner,1.2,1581,2.9982427258875495
winner,1.2,1582,2.5047547588620254
winner,1.2,1583,2.553048014675499
winner,1.2,1584,2.9461064350489745
winner,1.2,1585,2.5181841242824623
winner,1.2,1586,2.750964584431735
winner,1.2,1587,2.7223505569972084
winner,1.2,1588,2.5039515862722728
winner,1.2,1589,3.0041374742638522
winner,1.2,1590,3.321227927864779
winner,1.2,1591,2.687080092133075
winner,1.2,1592,2.701121502491081
winner,1.2,1593,3.022563219280944
winner,1.2,1594,3.0664685915941132
winner,1.2,1595,3.112506503259123
winner,1.2,1596,2.9238461765318178
winner,1.2,1597,2.5154455479737283
winner,1.2,1598,2.8015538997499907
winner,1.2,1599,2.957179207585487
winner,1.2,1600,3.3027463212768984
winner,1.2,1601,2.869859026511256
winner,1.2,1602,3.4697145647662118
winner,1.2,1603,3.090399268748695
winner,1.2,1604,2.7846364045818826
winner,1.2,1605,3.1427711360072683
winner,1.2,1606,2.7731211473813966
winner,1.2,1607,2.9622706106925007
winner,1.2,1608,2.9212003085692553
winner,1.2,1609,2.6768889894226824
winner,1.2,1610,3.305139009527745
winner,1.2,1611,3.012999599432959
winner,1.2,1612,2.898377248249767
winner,1.2,1613,3.2124248668701902
winner,1.2,1614,3.1357920352189725
winner,1.2,1615,3.3901029978270314
winner,1.2,1616,3.1215775199420595
winner,1.2,1617,2.610539106859188
winner,1.2,1618,2.897216671926323
winner,1.2,1619,3.1293076269286084
winner,1.2,1620,2.307104713801982
winner,1.2,1621,3.213123536552574
winner,1.2,1622,2.638413344660101
winner,1.2,1623,3.0550506676433034
winner,1.2,1624,2.9779650019113566
winner,1.2,1625,2.3872042612243782
winner,1.2,1626,2.928434521311348
winner,1.2,1627,2.9196550338410723
winner,1.2,1628,3.0108342018642325
winner,1.2,1629,3.2199083131374207
winner,1.2,1630,3.263840841771265
winner,1.2,1631,3.3963516664243154
winner,1.2,1632,3.1098813023225964
winner,1.2,1633,2.806486355690301
winner,1.2,1634,2.7030198490657837
winner,1.2,1635,3.098952172624658
winner,1.2,1636,2.6180423098023575
winner,1.2,1637,2.7908430634337718
winner,1.2,1638,3.051789233228836
winner,1.2,1639,3.807808573775023
winner,1.2,1640,3.2333949604144334
winner,1.2,1641,3.031051696113942
winner,1.2,1642,3.26956760372318
winner,1.2,1643,2.6495438877745965
winner,1.2,1644,2.975175798998559
winner,1.2,1645,3.0852521523767034
winner,1.2,1646,2.683193828012313
winner,1.2,1647,3.548362191326237
winner,1.2,1648,2.5928159641670225
winner,1.2,1649,2.9783360821169045
winner,1.2,1650,2.970435285569957
winner,1.2,1651,2.6448231506187185
winner,1.2,1652,3.273335488123038
winner,1.2,1653,3.4672018304090266
winner,1.2,1654,3.3598015322974915
winner,1.2,1655,2.70224912198167
winner,1.2,1656,3.390340189568888
winner,1.2,1657,3.0429961729809607
winner,1.2,1658,3.0817813364832776
winner,1.2,1659,3.8720767363918274
winner,1.2,1660,2.9555588240466557
winner,1.2,1661,3.1060377403305623
winner,1.2,1662,3.125678879976798
winner,1.2,1663,2.7621661886534885
winner,1.2,1664,3.356139161486252
winner,1.2,1665,2.7451870772648457
winner,1.2,1666,2.747324259316144
winner,1.2,1667,2.8478668751214467
winner,1.2,1668,3.3715588366043905
winner,1.2,1669,3.250248120395077
winner,1.2,1670,3.2031549603475535
winner,1.2,1671,3.1245596862098033
winner,1.2,1672,3.4836694355869833
winner,1.2,1673,3.2533856163689694
winner,1.2,1674,2.278618881909335
winner,1.2,1675,2.740889112923023
winner,1.2,1676,3.037985367302846
winner,1.2,1677,2.888710314086818
winner,1.2,1678,3.9309985567091066
winner,1.2,1679,3.1189870185621866
winner,1.2,1680,3.2963677576737993
winner,1.2,1681,2.646066131709673
winner,1.2,1682,3.1381585889931096
winner,1.2,1683,3.064893157532904
winner,1.2,1684,2.634089625044211
winner,1.2,1685,2.968362548314303
winner,1.2,1686,3.1277315683110367
winner,1.2,1687,2.6181379717474265
winner,1.2,1688,3.0445983950614943
winner,1.2,1689,3.0345570542145626
winner,1.2,1690,3.277441859135946
winner,1.2,1691,2.677477775525803
winner,1.2,1692,2.884296099950466
winner,1.2,1693,3.2778859549575494
winner,1.2,1694,2.9099837228329664
winner,1.2,1695,3.1097357084483352
winner,1.2,1696,2.719144199776366
winner,1.2,1697,2.6939926793882814
winner,1.2,1698,2.8147464870134065
winner,1.2,1699,3.2272614997551297
winner,1.2,1700,3.1890153997178876
winner,1.2,1701,3.6028795909154963
winner,1.2,1702,3.2643898977764536
winner,1.2,1703,2.8844716996931496
winner,1.2,1704,2.9276274639720707
winner,1.2,1705,3.0624288763597036
winner,1.2,1706,3.1365782857039726
winner,1.2,1707,3.2723776465320724
winner,1.2,1708,2.7897166043390085
winner,1.2,1709,3.159466330268647
winner,1.2,1710,3.2427281314761505
winner,1.2,1711,3.3837117439571474
winner,1.2,1712,2.756001482783217
winner,1.2,1713,3.0839896875615227
winner,1.2,1714,2.649412049519077
winner,1.2,1715,3.4273825117923846
winner,1.2,1716,3.220516771612743
winner,1.2,1717,2.416053017197535
winner,1.2,1718,2.6730983583637484
winner,1.2,1719,2.927539850548561
winner,1.2,1720,2.969746312408195
winner,1.2,1721,2.6710592790419603
winner,1.2,1722,2.439668544754291
winner,1.2,1723,2.8599122926914715
winner,1.2,1724,3.146353061735884
winner,1.2,1725,3.0973240259689088
winner,1.2,1726,3.235441827738925
winner,1.2,1727,2.736476107409238
winner,1.2,1728,3.338157003846442
winner,1.2,1729,2.8073912124143727
winner,1.2,1730,3.1249764738595998
winner,1.2,1731,2.5898861215752613
winner,1.2,1732,2.827442131644468
winner,1.2,1733,2.838437977740593
winner,1.2,1734,2.9871340643018964
winner,1.2,1735,2.8109306310537026
winner,1.2,1736,2.851390829358005
winner,1.2,1737,2.9770702343939095
winner,1.2,1738,2.9931201996916417
winner,1.2,1739,2.5894131938233964
winner,1.2,1740,3.579152071654121
winner,1.2,1741,3.159697313981888
winner,1.2,1742,3.0982142382097866
winner,1.2,1743,3.2291314913837845
winner,1.2,1744,3.326971728384629
winner,1.2,1745,3.101102467320306
winner,1.2,1746,3.447472477703461
winner,1.2,1747,3.0223865168064923
winner,1.2,1748,2.4909604763367508
winner,1.2,1749,2.9935572185404946
winner,1.2,1750,2.83171382146825
winner,1.2,1751,3.5742547868162364
winner,1.2,1752,3.302216600777333
winner,1.2,1753,3.0659608680209356
winner,1.2,1754,2.9961520333839187
winner,1.2,1755,2.775721093211367
winner,1.2,1756,2.8295641869598214
winner,1.2,1757,3.1016708463634024
winner,1.2,1758,3.413221039323489
winner,1.2,1759,3.4220502844005507
winner,1.2,1760,2.684254391916364
winner,1.2,1761,2.5191798144602053
winner,1.2,1762,2.9608642004700143
winner,1.2,1763,3.4352975507400525
winner,1.2,1764,2.607587405355621
winner,1.2,1765,2.6442459536705574
winner,1.2,1766,2.5061104319979095
winner,1.2,1767,3.0204825686961385
winner,1.2,1768,2.7480394013971043
winner,1.2,1769,3.1684885882088185
winner,1.2,1770,2.789633084120738
winner,1.2,1771,3.604740052638393
winner,1.2,1772,3.3244733030383546
winner,1.2,1773,3.2083013153681117
winner,1.2,1774,2.725405627663614
winner,1.2,1775,3.51687932677337
winner,1.2,1776,2.971147101165319
winner,1.2,1777,3.195598669880208
winner,1.2,1778,3.598460260454668
winner,1.2,1779,3.419753616284006
winner,1.2,1780,2.9275904327187594
winner,1.2,1781,3.1796131907833045
winner,1.2,1782,3.233427241879299
winner,1.2,1783,2.8439556423172148
winner,1.2,1784,3.011493199047359
winner,1.2,1785,2.803681269962925
winner,1.2,1786,2.742162616479242
winner,1.2,1787,3.6548344186630706
winner,1.2,1788,3.152291250228429
winner,1.2,1789,3.224594166261624
winner,1.2,1790,2.746354034279756
winner,1.2,1791,3.2703922892295605
winner,1.2,1792,2.7972320560186255
winner,1.2,1793,3.255354798583355
winner,1.2,1794,3.0502362798849934
winner,1.2,1795,3.005670254263991
winner,1.2,1796,2.925930754585512
winner,1.2,1797,2.630564624879841
winner,1.2,1798,3.348863385886397
winner,1.2,1799,2.9198338119351774
winner,1.2,1800,3.201963225171961
winner,1.2,1801,2.781549535477413
winner,1.2,1802,2.7770826619348807
winner,1.2,1803,3.570467477361292
winner,1.2,1804,3.021041909006053
winner,1.2,1805,3.2213528411440366
winner,1.2,1806,3.26778491631154
winner,1.2,1807,3.325580382689424
winner,1.2,1808,2.689377784232662
winner,1.2,1809,3.0030544611998846
winner,1.2,1810,3.228850141809033
winner,1.2,1811,3.0622718239280777
winner,1.2,1812,3.175544396807236
winner,1.2,1813,2.5549915728633246
winner,1.2,1814,2.424913920359145
winner,1.2,1815,2.79452029938461
winner,1.2,1816,2.757874794716493
winner,1.2,1817,3.2677385277255406
winner,1.2,1818,2.6376283948336745
winner,1.2,1819,2.8645065107611623
winner,1.2,1820,2.600549124717849
winner,1.2,1821,2.9646550077036276
winner,1.2,1822,2.689661316771447
winner,1.2,1823,3.077583873818863
winner,1.2,1824,3.387307240623158
winner,1.2,1825,3.727168685813346
winner,1.2,1826,2.8162535675258042
winner,1.2,1827,2.7385082143454063
winner,1.2,1828,3.052873829437569
winner,1.2,1829,2.9935166271889107
winner,1.2,1830,2.6687352778185005
winner,1.2,1831,2.584914564676562
winner,1.2,1832,3.0268760094657643
winner,1.2,1833,2.8797777716087447
winner,1.2,1834,3.35227091456033
winner,1.2,1835,3.4181352093449253
winner,1.2,1836,3.0738432292096243
winner,1.2,1837,3.0758497414326476
winner,1.2,1838,2.5783949136277737
winner,1.2,1839,2.927006919583414
winner,1.2,1840,2.788250813617446
winner,1.2,1841,3.0975700338385868
winner,1.2,1842,3.24472794591084
winner,1.2,1843,2.9399187025359845
winner,1.2,1844,2.7391395542486796
winner,1.2,1845,2.851252709475095
winner,1.2,1846,2.6654648044579075
winner,1.2,1847,2.9168578229115822
winner,1.2,1848,2.8711614510761305
winner,1.2,1849,2.6400443669588953
winner,1.2,1850,3.078227764355919
winner,1.2,1851,2.988478711564117
winner,1.2,1852,2.726554752566283
winner,1.2,1853,2.6510427493130737
winner,1.2,1854,3.3335834828862487
winner,1.2,1855,3.2953599470013404
winner,1.2,1856,2.7325343947561462
winner,1.2,1857,2.9272173989817496
winner,1.2,1858,2.72534624777187
winner,1.2,1859,3.2410561155254665
winner,1.2,1860,3.108373293100382
winner,1.2,1861,3.2250817990843688
winner,1.2,1862,3.3135182437824984
winner,1.2,1863,3.0024970861185953
winner,1.2,1864,2.812023819272217
winner,1.2,1865,3.3693003182269137
winner,1.2,1866,3.25523003248105
winner,1.2,1867,2.7692353017175337
winner,1.2,1868,3.0151903838621386
winner,1.2,1869,2.58234483239102
winner,1.2,1870,2.5894308064886498
winner,1.2,1871,3.488243425208611
winner,1.2,1872,3.5590881510605534
winner,1.2,1873,3.131836498622275
winner,1.2,1874,2.7783575331779713
winner,1.2,1875,2.9699362312537625
winner,1.2,1876,3.0758101217214127
winner,1.2,1877,3.4252403022713933
winner,1.2,1878,2.4901711943914866
winner,1.2,1879,3.120703503530795
winner,1.2,1880,2.800336821063387
winner,1.2,1881,2.932827895405521
winner,1.2,1882,3.424565756593848
winner,1.2,1883,2.878226463415855
winner,1.2,1884,2.812439755301324
winner,1.2,1885,2.668527165085821
winner,1.2,1886,3.483008644060314
winner,1.2,1887,2.8891742093218453
winner,1.2,1888,2.9423297133315
winner,1.2,1889,2.987538368803675
winner,1.2,1890,3.0250986985462966
winner,1.2,1891,2.815016378528871
winner,1.2,1892,2.958466146012255
winner,1.2,1893,2.9974245955665793
winner,1.2,1894,3.0131320878176306
winner,1.2,1895,2.8776349908545975
winner,1.2,1896,2.738286454768016
winner,1.2,1897,3.325922023111479
winner,1.2,1898,3.604918812183634
winner,1.2,1899,3.127739821484306
winner,1.2,1900,2.865887128383555
winner,1.2,1901,3.554741522277402
winner,1.2,1902,3.0999124720665825
winner,1.2,1903,2.9226775913299026
winner,1.2,1904,2.9634268081027137
winner,1.2,1905,2.7058442635677014
winner,1.2,1906,3.1546169800857173
winner,1.2,1907,2.636880406056424
winner,1.2,1908,3.0071856552042235
winner,1.2,1909,3.1224912991552785
winner,1.2,1910,3.3587611628249676
winner,1.2,1911,2.7222806300320537
winner,1.2,1912,3.0845789351954482
winner,1.2,1913,3.13154699307223
winner,1.2,1914,2.801377413321871
winner,1.2,1915,2.8577376190853028
winner,1.2,1916,3.096556353570935
winner,1.2,1917,3.6596170513754513
winner,1.2,1918,2.8471120068606752
winner,1.2,1919,2.9841764824451698
winner,1.2,1920,3.074665151317479
winner,1.2,1921,3.248972779713793
winner,1.2,1922,3.219917790359431
winner,1.2,1923,3.1084421233317134
winner,1.2,1924,2.656489106906705
winner,1.2,1925,2.762344180986123
winner,1.2,1926,2.4295629107251586
winner,1.2,1927,2.997817429004617
winner,1.2,1928,3.3205398482892656
winner,1.2,1929,2.722959136368073
winner,1.2,1930,3.1342774972140184
winner,1.2,1931,2.7717261251352494
winner,1.2,1932,3.109495392062839
winner,1.2,1933,3.1854984731554907
winner,1.2,1934,2.7713017951445433
winner,1.2,1935,3.1721048458387573
winner,1.2,1936,2.9901100839233563
winner,1.2,1937,3.122190151515981
winner,1.2,1938,3.1676928097916948
winner,1.2,1939,2.7563542846146167
winner,1.2,1940,3.4279356722413916
winner,1.2,1941,3.661559016386376
winner,1.2,1942,3.149464517614439
winner,1.2,1943,2.917779141730059
winner,1.2,1944,3.1522781819224397
winner,1.2,1945,3.2202539643203894
winner,1.2,1946,3.1321854460386924
winner,1.2,1947,2.763197783453534
winner,1.2,1948,3.460424653982999
winner,1.2,1949,2.561842718286024
winner,1.2,1950,2.6629549556688756
winner,1.2,1951,2.769844049354574
winner,1.2,1952,3.0828096578801216
winner,1.2,1953,3.4900594532515865
winner,1.2,1954,2.975196556824865
winner,1.2,1955,3.0280903057912174
winner,1.2,1956,2.9897874814592633
winner,1.2,1957,3.11157030355047
winner,1.2,1958,3.303745661829623
winner,1.2,1959,3.208725595105987
winner,1.2,1960,3.188573437529058
winner,1.2,1961,2.8537504296432035
winner,1.2,1962,3.1691568520250604
winner,1.2,1963,3.176716697019385
winner,1.2,1964,2.959280114652329
winner,1.2,1965,2.829968782598374
winner,1.2,1966,2.7992846147831756
winner,1.2,1967,3.1774930829540415
winner,1.2,1968,3.2193696995257675
winner,1.2,1969,2.9780920020204764
winner,1.2,1970,3.0477348383363627
winner,1.2,1971,3.2974238150035946
winner,1.2,1972,2.83259408037379
winner,1.2,1973,3.55577854072384
winner,1.2,1974,2.963970671267332
winner,1.2,1975,3.6236128927180253
winner,1.2,1976,3.086228765559986
winner,1.2,1977,3.140940648628495
winner,1.2,1978,3.594955647003748
winner,1.2,1979,3.677010674055049
winner,1.2,1980,3.16639485326155
winner,1.2,1981,2.2839892119316807
winner,1.2,1982,3.11714957576727
winner,1.2,1983,3.1621114677147224
winner,1.2,1984,2.8105167625440455
winner,1.2,1985,3.2458841203675926
winner,1.2,1986,3.32088246484359
winner,1.2,1987,3.2895832505033273
winner,1.2,1988,3.2007702260933164
winner,1.2,1989,3.065076105432983
winner,1.2,1990,2.9416906067408504
winner,1.2,1991,3.1407286870832443
winner,1.2,1992,2.8045336554867877
winner,1.2,1993,2.95690638825068
winner,1.2,1994,3.229582527390353
winner,1.2,1995,3.029444451228393
winner,1.2,1996,3.508619811843075
winner,1.2,1997,2.9271463920112772
winner,1.2,1998,3.0481762129585857
winner,1.2,1999,3.017396808459681
winner,1.3,0,4.595443626225432
winner,1.3,1,4.56265214783832
winner,1.3,2,4.891976720932443
winner,1.3,3,4.095278544481328
winner,1.3,4,4.973370963870512
winner,1.3,5,4.417578630641315
winner,1.3,6,4.422628511133805
winner,1.3,7,4.608669806111452
winner,1.3,8,4.827277957844523
winner,1.3,9,4.375280447743398
winner,1.3,10,5.319177000017458
winner,1.3,11,4.301019104479977
winner,1.3,12,4.78863142762079
winner,1.3,13,4.764223055600702
winner,1.3,14,4.465559969402807
winner,1.3,15,4.477582367803592
winner,1.3,16,4.130689460960758
winner,1.3,17,4.3905438512192765
winner,1.3,18,4.765621398033886
winner,1.3,19,4.717592163217529
winner,1.3,20,4.67575902326764
winner,1.3,21,4.155398454539341
winner,1.3,22,4.293049457272349
winner,1.3,23,4.77934422786505
winner,1.3,24,4.549279805651884
winner,1.3,25,4.39375040648107
winner,1.3,26,4.8304953435239035
winner,1.3,27,4.871434881471423
winner,1.3,28,4.791224877266872
winner,1.3,29,4.946547899651871
winner,1.3,30,4.545136467252828
winner,1.3,31,4.759503794918603
winner,1.3,32,5.117778453427148
winner,1.3,33,4.884013036803339
winner,1.3,34,4.451352005955271
winner,1.3,35,4.609607813894244
winner,1.3,36,5.044751680015593
winner,1.3,37,4.954251268331811
winner,1.3,38,4.5018878744623265
winner,1.3,39,4.524913048254076
winner,1.3,40,4.626119691455284
winner,1.3,41,4.840365069809188
winner,1.3,42,3.97367548188917
winner,1.3,43,4.830776947589788
winner,1.3,44,4.213524504732506
winner,1.3,45,4.698004043832156
winner,1.3,46,4.525973614599758
winner,1.3,47,4.874168510319619
winner,1.3,48,4.66158199243456
winner,1.3,49,4.8996377562410665
winner,1.3,50,4.309222385341537
winner,1.3,51,4.579807353954727
winner,1.3,52,4.7055411137060545
winner,1.3,53,3.989350523821389
winner,1.3,54,4.0946806821341655
winner,1.3,55,4.922193062853159
winner,1.3,56,3.8705463819117223
winner,1.3,57,5.2260127678286175
winner,1.3,58,4.700623084031661
winner,1.3,59,3.9062510098951755
winner,1.3,60,4.454644420093416
winner,1.3,61,4.8061020238148435
winner,1.3,62,4.3262069841239
winner,1.3,63,4.568534551240487
winner,1.3,64,4.781406511518239
winner,1.3,65,4.646190676443176
winner,1.3,66,4.756783074325995
winner,1.3,67,4.288917674224487
winner,1.3,68,4.614763301608345
winner,1.3,69,4.375478621293196
winner,1.3,70,4.246911823755455
winner,1.3,71,4.702980858836662
winner,1.3,72,4.2732586922290325
winner,1.3,73,4.642905869595532
winner,1.3,74,4.3742816895434995
winner,1.3,75,4.470548351424358
winner,1.3,76,4.5186201437362135
winner,1.3,77,4.430437535567624
winner,1.3,78,4.763801223290997
winner,1.3,79,4.56014404843028
winner,1.3,80,4.21947568771885
winner,1.3,81,4.051002999596359
winner,1.3,82,4.551585941466755
winner,1.3,83,4.85332334867781
winner,1.3,84,4.803738918145313
winner,1.3,85,4.522391867105041
winner,1.3,86,4.464448457685957
winner,1.3,87,4.6479354206634245
winner,1.3,88,4.890122509621481
winner,1.3,89,4.025055763724307
winner,1.3,90,4.666501819426063
winner,1.3,91,4.144298957762077
winner,1.3,92,4.857266413810036
winner,1.3,93,4.531909174016483
winner,1.3,94,4.436510432161271
winner,1.3,95,4.708684129841099
winner,1.3,96,4.404302307190778
winner,1.3,97,4.698596102878817
winner,1.3,98,4.775002685299894
winner,1.3,99,4.216658914818672
winner,1.3,100,4.582801814379249
winner,1.3,101,4.659160990925289
winner,1.3,102,4.2902391082339655
winner,1.3,103,4.905418369390926
winner,1.3,104,3.9967416474180535
winner,1.3,105,4.400406555430521
winner,1.3,106,4.839324264432478
winner,1.3,107,4.52699636684256
winner,1.3,108,4.747688425878016
winner,1.3,109,4.780088333725198
winner,1.3,110,4.995151973940165
winner,1.3,111,4.921584361953755
winner,1.3,112,4.578948776854964
winner,1.3,113,4.6120625001133355
winner,1.3,114,4.513284678625233
winner,1.3,115,4.407216340900312
winner,1.3,116,4.6586699881680484
winner,1.3,117,5.048738169474601
winner,1.3,118,4.706457397547882
winner,1.3,119,4.353362137039509
winner,1.3,120,4.278159213858034
winner,1.3,121,4.748937601666494
winner,1.3,122,4.9732789667216215
winner,1.3,123,4.69189934094337
winner,1.3,124,4.500980184120487
winner,1.3,125,4.835615393289053
winner,1.3,126,5.051861012119571
winner,1.3,127,5.3629301686118644
winner,1.3,128,4.919051206515218
winner,1.3,129,4.801079132142691
winner,1.3,130,4.520975744725714
winner,1.3,131,4.695189274334644
winner,1.3,132,4.158389810965083
winner,1.3,133,4.212267504526251
winner,1.3,134,4.019790328248952
winner,1.3,135,4.54085788763802
winner,1.3,136,5.031916909121464
winner,1.3,137,4.726098720027235
winner,1.3,138,4.424705945141643
winner,1.3,139,4.421666642021685
winner,1.3,140,4.625324343266038
winner,1.3,141,4.811512915274555
winner,1.3,142,4.372408021286999
winner,1.3,143,3.9733712224056856
winner,1.3,144,4.507465027369038
winner,1.3,145,4.4027408278999705
winner,1.3,146,5.079451326621481
winner,1.3,147,4.613993000253209
winner,1.3,148,4.484523724493724
winner,1.3,149,4.605963436163029
winner,1.3,150,4.868848165256343
winner,1.3,151,5.357544091225324
winner,1.3,152,4.915047029172471
winner,1.3,153,4.582406375787406
winner,1.3,154,5.515429353487475
winner,1.3,155,4.3368115395977584
winner,1.3,156,5.084730953964131
winner,1.3,157,5.058917400848701
winner,1.3,158,4.667338559581835
winner,1.3,159,4.774699696290438
winner,1.3,160,4.303854955692909
winner,1.3,161,4.343768078234342
winner,1.3,162,4.162850915459265
winner,1.3,163,4.902759199276877
winner,1.3,164,4.4434088996089285
winner,1.3,165,4.836508096150849
winner,1.3,166,4.58385548033935
winner,1.3,167,4.036944093516934
winner,1.3,168,4.577215951607744
winner,1.3,169,5.197270289686048
winner,1.3,170,5.195854814252016
winner,1.3,171,4.311945430836271
winner,1.3,172,4.96126238875643
winner,1.3,173,4.153009002805952
winner,1.3,174,4.265764953873421
winner,1.3,175,4.517474484463885
winner,1.3,176,4.601548961419976
winner,1.3,177,5.017247108289761
winner,1.3,178,4.526763537495399
winner,1.3,179,4.620577700407837
winner,1.3,180,4.525145775578153
winner,1.3,181,5.155898125583652
winner,1.3,182,4.3059441209293094
winner,1.3,183,4.529121803367281
winner,1.3,184,4.028497165578901
winner,1.3,185,4.8334468479713255
winner,1.3,186,4.140508043347588
winner,1.3,187,4.507430072645537
winner,1.3,188,4.695483015554626
winner,1.3,189,4.610565452947634
winner,1.3,190,5.056898914304776
winner,1.3,191,4.944392475864414
winner,1.3,192,4.68191185547386
winner,1.3,193,4.778267147958031
winner,1.3,194,4.394069284400561
winner,1.3,195,4.687513279188656
winner,1.3,196,4.368344564352881
winner,1.3,197,4.675100710868844
winner,1.3,198,4.515732038268819
winner,1.3,199,4.405900631030571
winner,1.3,200,4.71464880040383
winner,1.3,201,4.389413502356869
winner,1.3,202,4.807872574000175
winner,1.3,203,5.1625674150881995
winner,1.3,204,4.108275558627452
winner,1.3,205,4.381753288683865
winner,1.3,206,4.736426776284518
winner,1.3,207,4.301825981922248
winner,1.3,208,4.7059712279187575
winner,1.3,209,4.552823206732185
winner,1.3,210,4.457299724209374
winner,1.3,211,4.687116895484971
winner,1.3,212,3.8252338827093304
winner,1.3,213,4.61147777616681
winner,1.3,214,5.003584302373023
winner,1.3,215,4.699431785816469
winner,1.3,216,4.725612745974065
winner,1.3,217,4.602202397705355
winner,1.3,218,4.978208287354569
winner,1.3,219,4.580059513692688
winner,1.3,220,4.709409652239963
winner,1.3,221,4.7887278741290515
winner,1.3,222,4.40266271341109
winner,1.3,223,4.547252016945846
winner,1.3,224,4.869299055589771
winner,1.3,225,4.363733033222528
winner,1.3,226,5.147197194532121
winner,1.3,227,4.7768306214134375
winner,1.3,228,4.603199558100098
winner,1.3,229,4.597783311354106
winner,1.3,230,4.459391150216371
winner,1.3,231,4.828607929471885
winner,1.3,232,4.012147302533734
winner,1.3,233,4.476273544413673
winner,1.3,234,4.475144971444709
winner,1.3,235,4.358727508204304
winner,1.3,236,4.081901331180615
winner,1.3,237,5.037045226278994
winner,1.3,238,4.417298409291651
winner,1.3,239,4.233721123071138
winner,1.3,240,4.530834288216863
winner,1.3,241,4.158955801396609
winner,1.3,242,4.422547105556315
winner,1.3,243,4.739613261439835
winner,1.3,244,4.445617671449092
winner,1.3,245,4.155622319717918
winner,1.3,246,4.395734746738783
winner,1.3,247,5.310291742906674
winner,1.3,248,4.326796048488349
winner,1.3,249,4.1839768903744075
winner,1.3,250,4.510686821799559
winner,1.3,251,4.696130416859155
winner,1.3,252,4.478936990434531
winner,1.3,253,5.0577536609410165
winner,1.3,254,5.12089921839128
winner,1.3,255,4.261926590780647
winner,1.3,256,3.9275061222474097
winner,1.3,257,4.33907108694158
winner,1.3,258,4.380589837258666
winner,1.3,259,4.731880012777775
winner,1.3,260,3.9614463526613064
winner,1.3,261,4.456172659427405
winner,1.3,262,4.9387569817355965
winner,1.3,263,4.158783252822455
winner,1.3,264,4.958433915268235
winner,1.3,265,5.128402023255574
winner,1.3,266,4.392232677479395
winner,1.3,267,4.517377915022046
winner,1.3,268,4.67589499776484
winner,1.3,269,4.776590652744759
winner,1.3,270,4.347057603423282
winner,1.3,271,4.713071059057696
winner,1.3,272,4.787328538373135
winner,1.3,273,5.347659642776211
winner,1.3,274,4.264522009496646
winner,1.3,275,4.992022982876029
winner,1.3,276,4.630272587759218
winner,1.3,277,4.257109046059276
winner,1.3,278,4.658806292741616
winner,1.3,279,4.378104885186992
winner,1.3,280,4.749017885448321
winner,1.3,281,4.726079373590892
winner,1.3,282,4.6209752682062275
winner,1.3,283,4.6398307677204915
winner,1.3,284,4.146376163017592
winner,1.3,285,5.2335085367516045
winner,1.3,286,4.508548259584912
winner,1.3,287,4.405197978830134
winner,1.3,288,4.632290506895983
winner,1.3,289,4.923811723664258
winner,1.3,290,4.23344292930017
winner,1.3,291,4.430009358363567
winner,1.3,292,4.085875303386768
winner,1.3,293,5.041315153224782
winner,1.3,294,4.603223633736156
winner,1.3,295,4.360166006393545
winner,1.3,296,4.341098236957181
winner,1.3,297,4.356376142769412
winner,1.3,298,4.573986809793839
winner,1.3,299,5.06429048692435
winner,1.3,300,4.4418364850815015
winner,1.3,301,4.497951870031349
winner,1.3,302,4.344858526124482
winner,1.3,303,4.976113045896075
winner,1.3,304,3.8732171499049928
winner,1.3,305,5.00279667599338
winner,1.3,306,4.771643964407379
winner,1.3,307,4.982860391970929
winner,1.3,308,4.167505491796886
winner,1.3,309,4.832085523821801
winner,1.3,310,4.532565108969601
winner,1.3,311,3.8056942413341495
winner,1.3,312,4.595202949397008
winner,1.3,313,4.917727947584887
winner,1.3,314,4.600989721631719
winner,1.3,315,4.780170348854806
winner,1.3,316,4.134974308491822
winner,1.3,317,4.72944406986197
winner,1.3,318,4.893349489695796
winner,1.3,319,4.2140178898982565
winner,1.3,320,4.698719026414915
winner,1.3,321,4.848331549922923
winner,1.3,322,4.111352248928702
winner,1.3,323,5.139951040108314
winner,1.3,324,4.86350715043917
winner,1.3,325,4.482937737007958
winner,1.3,326,4.673195584243957
winner,1.3,327,4.310301985540842
winner,1.3,328,4.575220639629346
winner,1.3,329,4.342856593196298
winner,1.3,330,4.599196352072489
winner,1.3,331,4.5551885638424245
winner,1.3,332,4.2362740093034725
winner,1.3,333,4.819467735409331
winner,1.3,334,4.090534450135977
winner,1.3,335,4.16458837736573
winner,1.3,336,4.796408467340018
winner,1.3,337,4.723555411104728
winner,1.3,338,4.702479103822634
winner,1.3,339,4.9326489075183275
winner,1.3,340,4.458248552264014
winner,1.3,341,5.465496286710754
winner,1.3,342,4.387139588868212
winner,1.3,343,4.861183057364248
winner,1.3,344,4.199228310430353
winner,1.3,345,4.551480916998152
winner,1.3,346,4.889201455270828
winner,1.3,347,4.469739883373838
winner,1.3,348,4.5314004333124425
winner,1.3,349,4.755843140320979
winner,1.3,350,4.737534884001598
winner,1.3,351,4.534758468574498
winner,1.3,352,4.5050687777039915
winner,1.3,353,4.521736855242039
winner,1.3,354,4.971901305082394
winner,1.3,355,5.124085493652259
winner,1.3,356,4.561113735296683
winner,1.3,357,4.162098596011016
winner,1.3,358,4.501427388488599
winner,1.3,359,4.678803959584829
winner,1.3,360,4.379764524247696
winner,1.3,361,4.264566630121197
winner,1.3,362,4.332947686997257
winner,1.3,363,4.942872827466432
winner,1.3,364,4.669511547066993
winner,1.3,365,4.661211310876198
winner,1.3,366,4.6653399179713295
winner,1.3,367,4.168217007666089
winner,1.3,368,5.081445360734551
winner,1.3,369,4.39207807567341
winner,1.3,370,4.328830216717735
winner,1.3,371,4.699447581659172
winner,1.3,372,4.590558525468325
winner,1.3,373,4.87469277658554
winner,1.3,374,4.477422114245796
winner,1.3,375,4.237075121677104
winner,1.3,376,4.88825188840565
winner,1.3,377,4.402727908374616
winner,1.3,378,4.660074615759918
winner,1.3,379,4.512352381198475
winner,1.3,380,5.0592808302758625
winner,1.3,381,4.238537983752486
winner,1.3,382,4.700356546191524
winner,1.3,383,4.417163620674112
winner,1.3,384,4.6676712755006555
winner,1.3,385,4.890844997355189
winner,1.3,386,4.306701147501186
winner,1.3,387,4.4757705138163955
winner,1.3,388,4.15794042076662
winner,1.3,389,4.373022953362876
winner,1.3,390,4.604192092406744
winner,1.3,391,4.254015398751934
winner,1.3,392,5.32601231483686
winner,1.3,393,4.900646229437766
winner,1.3,394,4.83730194427305
winner,1.3,395,5.263148975535585
winner,1.3,396,5.010174756555296
winner,1.3,397,4.537655183183415
winner,1.3,398,4.601046464964441
winner,1.3,399,4.735378734448283
winner,1.3,400,4.415537683149479
winner,1.3,401,4.337650379037593
winner,1.3,402,4.81828026762216
winner,1.3,403,4.661105281816781
winner,1.3,404,4.820510108603486
winner,1.3,405,4.057654815594912
winner,1.3,406,4.271652463754504
winner,1.3,407,4.447549149500522
winner,1.3,408,4.319849305832396
winner,1.3,409,4.323154842757435
winner,1.3,410,4.461910032127896
winner,1.3,411,4.385940078316166
winner,1.3,412,4.666408020249868
winner,1.3,413,4.712636830031372
winner,1.3,414,4.658737735187602
winner,1.3,415,4.122760078379365
winner,1.3,416,5.083829173234797
winner,1.3,417,4.675636039383261
winner,1.3,418,4.487292616296252
winner,1.3,419,3.9116661015387963
winner,1.3,420,4.361845450565834
winner,1.3,421,5.1592913484730145
winner,1.3,422,4.844871200578323
winner,1.3,423,4.761623755465157
winner,1.3,424,4.2505081128175535
winner,1.3,425,4.9085328355698525
winner,1.3,426,4.276705459230286
winner,1.3,427,4.44985865551213
winner,1.3,428,4.7717628014146065
winner,1.3,429,5.1142829256781495
winner,1.3,430,4.275196438684008
winner,1.3,431,4.522672521942231
winner,1.3,432,3.9864686950896355
winner,1.3,433,5.1503724014229295
winner,1.3,434,4.31773481801645
winner,1.3,435,4.466760616817363
winner,1.3,436,4.254239608645779
winner,1.3,437,4.640450310300137
winner,1.3,438,4.593786972214451
winner,1.3,439,4.4446193927479305
winner,1.3,440,4.210094190396008
winner,1.3,441,4.093465150301468
winner,1.3,442,4.059991335258132
winner,1.3,443,5.187045347935102
winner,1.3,444,4.353419147841486
winner,1.3,445,4.522817981498045
winner,1.3,446,5.258447393119257
winner,1.3,447,4.597326706724944
winner,1.3,448,4.632137914547056
winner,1.3,449,4.812339526868091
winner,1.3,450,4.354652140293798
winner,1.3,451,4.702319586384992
winner,1.3,452,4.7896470482914575
winner,1.3,453,4.273039790288637
winner,1.3,454,4.539495681331994
winner,1.3,455,4.353117104824159
winner,1.3,456,4.359986679110493
winner,1.3,457,4.57160867856658
winner,1.3,458,4.522762758381707
winner,1.3,459,4.780733153410971
winner,1.3,460,4.375109971670377
winner,1.3,461,4.190185183827081
winner,1.3,462,4.98912760399867
winner,1.3,463,4.743137807445186
winner,1.3,464,4.231771830911051
winner,1.3,465,4.808387601359045
winner,1.3,466,4.580904586199909
winner,1.3,467,4.600442763657961
winner,1.3,468,5.257353422466017
winner,1.3,469,4.878618883591264
winner,1.3,470,4.47224861773445
winner,1.3,471,4.645855834772255
winner,1.3,472,4.262256898657599
winner,1.3,473,4.374564314131955
winner,1.3,474,4.4429729373315725
winner,1.3,475,5.273333610218983
winner,1.3,476,4.692597109340343
winner,1.3,477,4.389004857826649
winner,1.3,478,4.1505580638264945
winner,1.3,479,4.4901176595536745
winner,1.3,480,4.2272561405635765
winner,1.3,481,4.584205645978154
winner,1.3,482,4.416665723512579
winner,1.3,483,4.440337095977787
winner,1.3,484,5.371991615701276
winner,1.3,485,4.033342227744838
winner,1.3,486,4.437788281863396
winner,1.3,487,5.019327534366989
winner,1.3,488,4.3432273450438545
winner,1.3,489,4.879596072148417
winner,1.3,490,4.904474346086257
winner,1.3,491,4.241605692750454
winner,1.3,492,5.111789356382267
winner,1.3,493,4.3092515929965005
winner,1.3,494,4.797145244027639
winner,1.3,495,4.466649366063638
winner,1.3,496,4.501450563748653
winner,1.3,497,4.5687623723552635
winner,1.3,498,4.8893853910986085
winner,1.3,499,5.042516794282114
winner,1.3,500,5.334789613712037
winner,1.3,501,4.470826565893807
winner,1.3,502,4.7724148917842255
winner,1.3,503,4.65934420477403
winner,1.3,504,4.489580545062771
winner,1.3,505,4.846581763904665
winner,1.3,506,4.216499704645706
winner,1.3,507,4.239514281746323
winner,1.3,508,4.475059948180225
winner,1.3,509,4.911476813418587
winner,1.3,510,4.66321276397734
winner,1.3,511,4.844808868035899
winner,1.3,512,5.060664091190257
winner,1.3,513,4.242892504019579
winner,1.3,514,4.355426245444139
winner,1.3,515,4.306413123431133
winner,1.3,516,4.730298459719317
winner,1.3,517,4.57045241998182
winner,1.3,518,4.92731670297704
winner,1.3,519,4.130944539851025
winner,1.3,520,4.8480747650717735
winner,1.3,521,5.0507023210790685
winner,1.3,522,4.953194331056005
winner,1.3,523,4.396254284143315
winner,1.3,524,4.277848982092244
winner,1.3,525,4.178179481674196
winner,1.3,526,5.151648728729796
winner,1.3,527,4.600288024438333
winner,1.3,528,4.588168981606932
winner,1.3,529,5.174845381034072
winner,1.3,530,3.9501623381288264
winner,1.3,531,4.7891434388334435
winner,1.3,532,4.649133827006457
winner,1.3,533,4.466889094325926
winner,1.3,534,4.833760888792951
winner,1.3,535,4.407302978113709
winner,1.3,536,4.546139955655829
winner,1.3,537,4.392490791673241
winner,1.3,538,5.048678519759142
winner,1.3,539,4.297476380084039
winner,1.3,540,4.897312619669071
winner,1.3,541,4.687576472561535
winner,1.3,542,4.514038401858992
winner,1.3,543,4.433031085496585
winner,1.3,544,4.879858735533164
winner,1.3,545,4.590771953606696
winner,1.3,546,4.42686678159531
winner,1.3,547,4.345959322268252
winner,1.3,548,4.79703334264826
winner,1.3,549,4.393351529365976
winner,1.3,550,4.565779644425872
winner,1.3,551,4.586978050782752
winner,1.3,552,4.958752649500544
winner,1.3,553,4.133482549019282
winner,1.3,554,5.1477573412733095
winner,1.3,555,4.707507495038261
winner,1.3,556,4.119896142896192
winner,1.3,557,4.424458503795281
winner,1.3,558,5.486754263913047
winner,1.3,559,4.806621417808882
winner,1.3,560,5.062931308184342
winner,1.3,561,5.046899775307049
winner,1.3,562,4.931075477523316
winner,1.3,563,4.3447776405917224
winner,1.3,564,4.42997149857968
winner,1.3,565,4.485059800915449
winner,1.3,566,4.284716425080768
winner,1.3,567,5.096004092550794
winner,1.3,568,4.538871082764607
winner,1.3,569,4.319850943538687
winner,1.3,570,3.8859551403992496
winner,1.3,571,4.436674248828231
winner,1.3,572,4.436278071458789
winner,1.3,573,5.246237379402918
winner,1.3,574,4.014461978374669
winner,1.3,575,4.364435746761376
winner,1.3,576,4.807459496095671
winner,1.3,577,4.824174048481693
winner,1.3,578,4.109366001191336
winner,1.3,579,4.3260665646394045
winner,1.3,580,4.566395129303772
winner,1.3,581,4.6714433027200535
winner,1.3,582,4.227160661094764
winner,1.3,583,4.44571277484131
winner,1.3,584,4.487054467002198
winner,1.3,585,4.510776614331432
winner,1.3,586,4.57057857450785
winner,1.3,587,4.455923349370772
winner,1.3,588,4.837574180301428
winner,1.3,589,4.7938595728200735
winner,1.3,590,4.2527202156508075
winner,1.3,591,4.389849363318713
winner,1.3,592,4.011824037752579
winner,1.3,593,4.856286198898617
winner,1.3,594,4.836182044017235
winner,1.3,595,5.069885081696641
winner,1.3,596,4.2330597702416535
winner,1.3,597,4.625728786233889
winner,1.3,598,4.065119218415778
winner,1.3,599,4.4692184156272186
winner,1.3,600,3.9913193865784073
winner,1.3,601,4.831493933955794
winner,1.3,602,5.2235682648117345
winner,1.3,603,4.724203591304036
winner,1.3,604,4.3530988403487765
winner,1.3,605,3.938987107016151
winner,1.3,606,4.591738818102787
winner,1.3,607,4.980520902201873
winner,1.3,608,4.022390241032687
winner,1.3,609,5.014336963187808
winner,1.3,610,3.8645478069100805
winner,1.3,611,4.630057595289498
winner,1.3,612,4.364505772828144
winner,1.3,613,4.359469175015251
winner,1.3,614,4.338649611139881
winner,1.3,615,5.158820921902233
winner,1.3,616,5.292917770566059
winner,1.3,617,4.733519006731671
winner,1.3,618,4.44616497801574
winner,1.3,619,4.280174493834256
winner,1.3,620,4.416725887258967
winner,1.3,621,4.668266330771628
winner,1.3,622,4.566078914615029
winner,1.3,623,4.65256418253669
winner,1.3,624,4.635796348837463
winner,1.3,625,4.4875656359331115
winner,1.3,626,4.332244294841956
winner,1.3,627,5.786932669242853
winner,1.3,628,4.286647944859147
winner,1.3,629,4.3458186892949495
winner,1.3,630,4.007432079464903
winner,1.3,631,4.486542199116859
winner,1.3,632,4.134394415117007
winner,1.3,633,5.1391161507489445
winner,1.3,634,4.2602104237779646
winner,1.3,635,4.948497794399437
winner,1.3,636,4.815002308335994
winner,1.3,637,4.23724740453817
winner,1.3,638,4.306202804357226
winner,1.3,639,3.7706527892108377
winner,1.3,640,4.351697817360047
winner,1.3,641,4.396533107287944
winner,1.3,642,4.538413646942432
winner,1.3,643,4.423205097177326
winner,1.3,644,4.63531952689785
winner,1.3,645,4.334320902987189
winner,1.3,646,4.139788392609743
winner,1.3,647,4.900959492931382
winner,1.3,648,5.3004815590331065
winner,1.3,649,5.395600279949179
winner,1.3,650,4.745426338813789
winner,1.3,651,4.251084058851626
winner,1.3,652,4.82675087854609
winner,1.3,653,4.749540062532205
winner,1.3,654,4.397306110124829
winner,1.3,655,4.262157110026952
winner,1.3,656,4.499343004725214
winner,1.3,657,4.739105478848104
winner,1.3,658,4.50190776149659
winner,1.3,659,4.913415694258176
winner,1.3,660,4.673979414105385
winner,1.3,661,4.416445505268513
winner,1.3,662,4.776414914172029
winner,1.3,663,4.880039066382708
winner,1.3,664,4.491823792586803
winner,1.3,665,4.923693010426393
winner,1.3,666,4.84805814809393
winner,1.3,667,4.464627963135819
winner,1.3,668,3.9036229774740727
winner,1.3,669,4.476818630473761
winner,1.3,670,4.011121684389018
winner,1.3,671,4.999010891791814
winner,1.3,672,4.823411912166467
winner,1.3,673,4.602955073920874
winner,1.3,674,4.614790951764559
winner,1.3,675,4.517578704232425
winner,1.3,676,4.875132661437238
winner,1.3,677,4.583805787671342
winner,1.3,678,4.132455162110825
winner,1.3,679,5.033388232470486
winner,1.3,680,5.2467845549821215
winner,1.3,681,4.480969707251333
winner,1.3,682,3.9682587936390696
winner,1.3,683,4.752283790363209
winner,1.3,684,4.396139477243102
winner,1.3,685,4.239763138644835
winner,1.3,686,4.7588087420080045
winner,1.3,687,4.433613449354666
winner,1.3,688,4.837629265544728
winner,1.3,689,4.431651841300792
winner,1.3,690,4.596443092662535
winner,1.3,691,4.613378514968783
winner,1.3,692,4.351884884990972
winner,1.3,693,4.538866235460262
winner,1.3,694,4.348576558604588
winner,1.3,695,4.414026378599133
winner,1.3,696,4.202268942594446
winner,1.3,697,4.295001722107959
winner,1.3,698,4.587171086690107
winner,1.3,699,4.435995251647228
winner,1.3,700,4.53677231902143
winner,1.3,701,4.4879238842777625
winner,1.3,702,4.69091290868539
winner,1.3,703,4.501350763999112
winner,1.3,704,5.4507432107387634
winner,1.3,705,4.421435899639366
winner,1.3,706,4.272784475732667
winner,1.3,707,5.38735245450521
winner,1.3,708,4.581406770012918
winner,1.3,709,5.242629386153344
winner,1.3,710,4.304475489135967
winner,1.3,711,4.696150612141925
winner,1.3,712,3.9376009206166414
winner,1.3,713,4.586288836698095
winner,1.3,714,4.2405344572880015
winner,1.3,715,5.037690643826772
winner,1.3,716,5.2596308534970895
winner,1.3,717,4.993941036671329
winner,1.3,718,4.237532635983937
winner,1.3,719,4.298388226064295
winner,1.3,720,4.822821984551364
winner,1.3,721,5.04507189526666
winner,1.3,722,4.105992679895688
winner,1.3,723,4.460631983181646
winner,1.3,724,4.480987915440819
winner,1.3,725,4.21872096388261
winner,1.3,726,4.469409036503498
winner,1.3,727,4.763771622889678
winner,1.3,728,4.9768291350562945
winner,1.3,729,4.174086565029508
winner,1.3,730,5.113401378690792
winner,1.3,731,4.690196223812464
winner,1.3,732,4.706060670256877
winner,1.3,733,4.677484060985668
winner,1.3,734,4.422129600319737
winner,1.3,735,4.241021848936359
winner,1.3,736,4.810779770659065
winner,1.3,737,4.267177154748433
winner,1.3,738,4.533325748659242
winner,1.3,739,5.049427511159884
winner,1.3,740,4.105960333301425
winner,1.3,741,4.364143330963734
winner,1.3,742,4.39440331054495
winner,1.3,743,5.1746452310889435
winner,1.3,744,4.647992851235972
winner,1.3,745,4.724345711545555
winner,1.3,746,4.636059966565552
winner,1.3,747,4.590513750369435
winner,1.3,748,4.764740641490866
winner,1.3,749,4.780685682702958
winner,1.3,750,4.206130910126894
winner,1.3,751,4.431586793629215
winner,1.3,752,4.531859316835304
winner,1.3,753,4.347535284640723
winner,1.3,754,4.803558566235064
winner,1.3,755,4.1906916274725425
winner,1.3,756,4.976480231199925
winner,1.3,757,4.22192495763347
winner,1.3,758,4.400633889959827
winner,1.3,759,4.994475837518165
winner,1.3,760,4.324203044500605
winner,1.3,761,5.0111311219731745
winner,1.3,762,4.405888418647985
winner,1.3,763,4.857525118549799
winner,1.3,764,4.432502915317678
winner,1.3,765,4.557142876803967
winner,1.3,766,4.527711133632181
winner,1.3,767,4.278038562900418
winner,1.3,768,4.770442895258112
winner,1.3,769,4.704344072820352
winner,1.3,770,4.784036603897073
winner,1.3,771,4.4106615830346545
winner,1.3,772,4.37780051272609
winner,1.3,773,4.333257871845255
winner,1.3,774,4.866224065446376
winner,1.3,775,4.32809076652405
winner,1.3,776,4.94938705205941
winner,1.3,777,4.688052871880406
winner,1.3,778,4.638167799208282
winner,1.3,779,4.365690529286166
winner,1.3,780,4.512971326954218
winner,1.3,781,4.95954608144669
winner,1.3,782,4.371374925177327
winner,1.3,783,5.12591837025905
winner,1.3,784,4.540746367437857
winner,1.3,785,4.702956925531676
winner,1.3,786,4.4836350636513975
winner,1.3,787,4.440181870958541
winner,1.3,788,4.335876379760321
winner,1.3,789,4.45942489557972
winner,1.3,790,4.864628851767728
winner,1.3,791,4.226451085987266
winner,1.3,792,4.978462341488813
winner,1.3,793,4.820046580698797
winner,1.3,794,4.396206062953155
winner,1.3,795,4.5861449049065275
winner,1.3,796,4.750286378956762
winner,1.3,797,4.51142408463095
winner,1.3,798,4.769237838716376
winner,1.3,799,4.531984585619649
winner,1.3,800,4.457017802250456
winner,1.3,801,4.34621567711924
winner,1.3,802,4.684366780919434
winner,1.3,803,4.759820944937204
winner,1.3,804,5.135027150747311
winner,1.3,805,3.9294005462022725
winner,1.3,806,5.019410104136627
winner,1.3,807,5.11342506473727
winner,1.3,808,4.698311337473675
winner,1.3,809,4.702329070107128
winner,1.3,810,4.347001975667951
winner,1.3,811,5.116131914652072
winner,1.3,812,4.52544547372015
winner,1.3,813,4.4591949079701285
winner,1.3,814,4.928049487448881
winner,1.3,815,4.450540642001488
winner,1.3,816,4.161075096023305
winner,1.3,817,4.616835626673344
winner,1.3,818,5.445766887110368
winner,1.3,819,4.319378450104488
winner,1.3,820,4.657620150124737
winner,1.3,821,4.629671269845402
winner,1.3,822,4.597504370712976
winner,1.3,823,4.598718964066529
winner,1.3,824,4.633754784402735
winner,1.3,825,5.023891063955188
winner,1.3,826,4.652501233076736
winner,1.3,827,4.402066173146019
winner,1.3,828,3.7702558740128214
winner,1.3,829,4.357138380738742
winner,1.3,830,4.81154408940743
winner,1.3,831,4.042847906282715
winner,1.3,832,4.285523405132276
winner,1.3,833,3.9993739346215516
winner,1.3,834,4.513728530153129
winner,1.3,835,5.057354177282624
winner,1.3,836,4.648873961818411
winner,1.3,837,5.003961498604441
winner,1.3,838,4.602857891995486
winner,1.3,839,4.376650489918969
winner,1.3,840,4.738179180552742
winner,1.3,841,5.568823547868579
winner,1.3,842,4.468682685712892
winner,1.3,843,4.406591092338723
winner,1.3,844,5.107658143747761
winner,1.3,845,4.377711152983727
winner,1.3,846,4.518188954934572
winner,1.3,847,4.523838214441896
winner,1.3,848,4.651256306108871
winner,1.3,849,4.977408265013002
winner,1.3,850,5.059268742258536
winner,1.3,851,4.408417127279883
winner,1.3,852,4.0609857934389355
winner,1.3,853,4.7604161418805635
winner,1.3,854,4.813551809129308
winner,1.3,855,4.917061209228456
winner,1.3,856,4.462115320392595
winner,1.3,857,4.590110231558068
winner,1.3,858,4.990622144724314
winner,1.3,859,4.7283632029972305
winner,1.3,860,4.3278429233731215
winner,1.3,861,4.806347540581194
winner,1.3,862,4.61872414852822
winner,1.3,863,4.1355111043502175
winner,1.3,864,4.335918035829453
winner,1.3,865,4.5064541415867705
winner,1.3,866,4.507424064277928
winner,1.3,867,4.723402356660518
winner,1.3,868,4.810079977310523
winner,1.3,869,4.654701489901467
winner,1.3,870,4.488929039495338
winner,1.3,871,4.226290778527286
winner,1.3,872,4.323423558785818
winner,1.3,873,5.262122633224199
winner,1.3,874,4.527394564167905
winner,1.3,875,4.329152773148165
winner,1.3,876,5.032845947803802
winner,1.3,877,4.392883686861564
winner,1.3,878,4.1568477415612
winner,1.3,879,4.9151718893217256
winner,1.3,880,4.0395214179139485
winner,1.3,881,4.4440793375003125
winner,1.3,882,4.9564571354207185
winner,1.3,883,4.216684321623497
winner,1.3,884,4.819395479578653
winner,1.3,885,4.493631100879265
winner,1.3,886,4.160206866516452
winner,1.3,887,4.828642250720368
winner,1.3,888,4.208870577521214
winner,1.3,889,4.453842993318135
winner,1.3,890,4.926833887106118
winner,1.3,891,4.890433675519012
winner,1.3,892,4.779774931075308
winner,1.3,893,4.532965608287355
winner,1.3,894,4.952004174353078
winner,1.3,895,4.682118297110819
winner,1.3,896,4.956914864592682
winner,1.3,897,5.071780102831255
winner,1.3,898,4.613712673694015
winner,1.3,899,4.405567582058475
winner,1.3,900,4.370078726114268
winner,1.3,901,4.204308397947404
winner,1.3,902,5.084004772610438
winner,1.3,903,4.678397057241473
winner,1.3,904,4.843395854058018
winner,1.3,905,4.98001245044169
winner,1.3,906,4.558800925601902
winner,1.3,907,4.769525235386046
winner,1.3,908,4.440142400915649
winner,1.3,909,4.917961828860782
winner,1.3,910,4.956911049466284
winner,1.3,911,4.445151026955183
winner,1.3,912,4.063958875880415
winner,1.3,913,4.993749896551756
winner,1.3,914,4.443955542867845
winner,1.3,915,4.992851861321682
winner,1.3,916,5.079096204435021
winner,1.3,917,4.923485758631657
winner,1.3,918,4.633699120708051
winner,1.3,919,4.3154180412705845
winner,1.3,920,4.188169982324434
winner,1.3,921,4.86845477974665
winner,1.3,922,4.2376071325822044
winner,1.3,923,4.197248041732093
winner,1.3,924,4.387520126261001
winner,1.3,925,4.562863887060753
winner,1.3,926,3.8790169321233385
winner,1.3,927,4.5940274951518445
winner,1.3,928,4.419739380279521
winner,1.3,929,4.508527467954614
winner,1.3,930,5.165037150120443
winner,1.3,931,5.320562986825484
winner,1.3,932,4.87415709054646
winner,1.3,933,4.993640877343614
winner,1.3,934,4.3353445934428425
winner,1.3,935,4.661750342793708
winner,1.3,936,5.1667708475892375
winner,1.3,937,4.079530607866517
winner,1.3,938,5.117390776467098
winner,1.3,939,5.1031332766131685
winner,1.3,940,3.600258266572805
winner,1.3,941,4.573067382661137
winner,1.3,942,4.576170300822215
winner,1.3,943,4.271432405662975
winner,1.3,944,4.160292978471874
winner,1.3,945,4.219651185989062
winner,1.3,946,4.476752859141483
winner,1.3,947,4.8241468383984
winner,1.3,948,4.5433345703412495
winner,1.3,949,4.268645841239426
winner,1.3,950,4.565555445404223
winner,1.3,951,4.573101134805831
winner,1.3,952,4.3757815844179335
winner,1.3,953,4.703809680342144
winner,1.3,954,4.987603967400721
winner,1.3,955,4.123836904006454
winner,1.3,956,4.480887766257589
winner,1.3,957,4.284927276494214
winner,1.3,958,5.08242395973279
winner,1.3,959,5.043991247918977
winner,1.3,960,4.765782020388754
winner,1.3,961,4.284838716418789
winner,1.3,962,3.995064941400218
winner,1.3,963,4.949485451455762
winner,1.3,964,4.907874698885942
winner,1.3,965,4.883415494092499
winner,1.3,966,4.822962953819659
winner,1.3,967,4.662312399910456
winner,1.3,968,4.613038738941274
winner,1.3,969,4.370173261608747
winner,1.3,970,4.931143963436487
winner,1.3,971,4.232500890303613
winner,1.3,972,4.908618650121566
winner,1.3,973,4.561462970781819
winner,1.3,974,4.417713708932186
winner,1.3,975,4.748852591549399
winner,1.3,976,4.734152224805082
winner,1.3,977,5.069295812839781
winner,1.3,978,4.905036321157062
winner,1.3,979,4.4539413817448255
winner,1.3,980,4.353545874506917
winner,1.3,981,4.282967755896375
winner,1.3,982,4.908399441063151
winner,1.3,983,4.783137985014899
winner,1.3,984,4.547164279329178
winner,1.3,985,4.8623311704762315
winner,1.3,986,4.77180830905641
winner,1.3,987,4.833779223827463
winner,1.3,988,4.632187003345251
winner,1.3,989,4.446741932455266
winner,1.3,990,4.387032591016906
winner,1.3,991,5.308419945845135
winner,1.3,992,4.446497576117184
winner,1.3,993,4.6643951107210695
winner,1.3,994,4.542242109683521
winner,1.3,995,4.501950232208693
winner,1.3,996,4.665406796847587
winner,1.3,997,4.530531738904221
winner,1.3,998,4.229124652420001
winner,1.3,999,5.139854241924508
winner,1.3,1000,4.218629896359432
winner,1.3,1001,4.478857585813628
winner,1.3,1002,4.1946944151632515
winner,1.3,1003,4.49886821697246
winner,1.3,1004,3.7722657784930087
winner,1.3,1005,4.0921247680239565
winner,1.3,1006,4.784691073738116
winner,1.3,1007,3.9697564931186546
winner,1.3,1008,4.809967028465371
winner,1.3,1009,4.447616358478154
winner,1.3,1010,4.512154702096505
winner,1.3,1011,4.8703050294739265
winner,1.3,1012,4.205210374217962
winner,1.3,1013,5.072047137992056
winner,1.3,1014,4.613923136550341
winner,1.3,1015,4.739644322597439
winner,1.3,1016,4.5355134162447
winner,1.3,1017,4.667855877395322
winner,1.3,1018,5.768118735857259
winner,1.3,1019,4.173258233092663
winner,1.3,1020,5.161603641403691
winner,1.3,1021,4.741475708803519
winner,1.3,1022,4.339353496982378
winner,1.3,1023,4.599717111273378
winner,1.3,1024,4.702636141334285
winner,1.3,1025,4.59559064557381
winner,1.3,1026,4.8909993389080455
winner,1.3,1027,5.3833872257552855
winner,1.3,1028,4.423890332210339
winner,1.3,1029,4.918735970956776
winner,1.3,1030,4.883913036486157
winner,1.3,1031,4.4767003464937005
winner,1.3,1032,4.457361509896668
winner,1.3,1033,4.641594507050642
winner,1.3,1034,4.030503772114963
winner,1.3,1035,4.64001296837773
winner,1.3,1036,5.124338004378551
winner,1.3,1037,4.653386399063452
winner,1.3,1038,4.708568517099949
winner,1.3,1039,5.2641862954832614
winner,1.3,1040,4.568589816092209
winner,1.3,1041,3.9461481057186467
winner,1.3,1042,4.114807709708593
winner,1.3,1043,4.5147079276526885
winner,1.3,1044,4.511389786910989
winner,1.3,1045,5.862252002069069
winner,1.3,1046,4.175304891455302
winner,1.3,1047,4.317561276253815
winner,1.3,1048,4.370488907294185
winner,1.3,1049,4.74532149074433
winner,1.3,1050,4.2652765749041395
winner,1.3,1051,4.733258265550411
winner,1.3,1052,4.750786325330487
winner,1.3,1053,4.599086967019091
winner,1.3,1054,5.123828139442336
winner,1.3,1055,4.135385848093046
winner,1.3,1056,4.676754016864596
winner,1.3,1057,4.615571091072664
winner,1.3,1058,4.903615501511232
winner,1.3,1059,4.094340065378651
winner,1.3,1060,4.944594747861198
winner,1.3,1061,4.761316642074001
winner,1.3,1062,4.766823071971936
winner,1.3,1063,4.5453839854240465
winner,1.3,1064,3.8485303047835293
winner,1.3,1065,5.29769327445334
winner,1.3,1066,4.671295181396612
winner,1.3,1067,4.064359424721592
winner,1.3,1068,4.17671872065478
winner,1.3,1069,4.2354975162959
winner,1.3,1070,4.734532211734137
winner,1.3,1071,4.283169704410594
winner,1.3,1072,4.861303393441029
winner,1.3,1073,4.547297514719654
winner,1.3,1074,4.6922169968904806
winner,1.3,1075,4.907932554646458
winner,1.3,1076,4.49051568375971
winner,1.3,1077,5.530097460851145
winner,1.3,1078,4.23611059159775
winner,1.3,1079,4.749433435736264
winner,1.3,1080,4.253742216543126
winner,1.3,1081,5.087955771243309
winner,1.3,1082,3.9927751406993592
winner,1.3,1083,4.8634550781710475
winner,1.3,1084,4.735227874216726
winner,1.3,1085,4.520320924058286
winner,1.3,1086,4.278780989105178
winner,1.3,1087,4.218177152560562
winner,1.3,1088,4.844301627874905
winner,1.3,1089,4.1118023255758755
winner,1.3,1090,3.9108117255531347
winner,1.3,1091,4.147238526407852
winner,1.3,1092,4.780083084621794
winner,1.3,1093,4.501150932906062
winner,1.3,1094,4.491932701254098
winner,1.3,1095,5.018605835802807
winner,1.3,1096,4.29837070547327
winner,1.3,1097,5.428421950801083
winner,1.3,1098,4.588715378880292
winner,1.3,1099,4.421849055961907
winner,1.3,1100,4.308597975331503
winner,1.3,1101,4.8246609944850345
winner,1.3,1102,4.719533039335494
winner,1.3,1103,4.848377412816797
winner,1.3,1104,4.556643125735599
winner,1.3,1105,4.621521976503679
winner,1.3,1106,4.339539761167704
winner,1.3,1107,4.514599650786962
winner,1.3,1108,4.587143838558787
winner,1.3,1109,4.163815005651894
winner,1.3,1110,5.00861103850559
winner,1.3,1111,4.769261571516191
winner,1.3,1112,4.25931053956521
winner,1.3,1113,4.498985048714355
winner,1.3,1114,4.407934362147212
winner,1.3,1115,4.85719067768149
winner,1.3,1116,4.524073262373781
winner,1.3,1117,4.369390895967258
winner,1.3,1118,4.3808726962357865
winner,1.3,1119,4.394291724397461
winner,1.3,1120,4.518839955809428
winner,1.3,1121,5.218026089732129
winner,1.3,1122,4.540496597786539
winner,1.3,1123,4.526968620754513
winner,1.3,1124,4.4810077234365595
winner,1.3,1125,4.657009003746287
winner,1.3,1126,4.3201186267714204
winner,1.3,1127,4.6053437127761505
winner,1.3,1128,5.123241988231765
winner,1.3,1129,4.4999040401446235
winner,1.3,1130,4.678043939245036
winner,1.3,1131,4.223266854807787
winner,1.3,1132,4.778604636031765
winner,1.3,1133,4.596121704882889
winner,1.3,1134,4.499310160948171
winner,1.3,1135,4.988114080606404
winner,1.3,1136,4.927008069676734
winner,1.3,1137,4.308664825454531
winner,1.3,1138,4.931691587593396
winner,1.3,1139,4.504442507063814
winner,1.3,1140,4.539586105812455
winner,1.3,1141,4.494686481059089
winner,1.3,1142,4.779548720848556
winner,1.3,1143,4.895793314501404
winner,1.3,1144,4.676864272144307
winner,1.3,1145,4.72521360143322
winner,1.3,1146,4.1014348684919595
winner,1.3,1147,4.311262795564418
winner,1.3,1148,5.065483105735072
winner,1.3,1149,4.475346578742187
winner,1.3,1150,4.422912246420797
winner,1.3,1151,4.096882895169059
winner,1.3,1152,4.63494631350701
winner,1.3,1153,5.196972012442068
winner,1.3,1154,4.8925054062893185
winner,1.3,1155,4.499017275536176
winner,1.3,1156,4.328014685141191
winner,1.3,1157,4.670756882261947
winner,1.3,1158,4.336046429268708
winner,1.3,1159,4.49489208727466
winner,1.3,1160,4.057635003891167
winner,1.3,1161,4.480003274128433
winner,1.3,1162,4.821450808100058
winner,1.3,1163,4.4303091257107114
winner,1.3,1164,4.7023366296898885
winner,1.3,1165,4.7990192169680554
winner,1.3,1166,5.142885576149087
winner,1.3,1167,4.186913454639152
winner,1.3,1168,4.076826417069954
winner,1.3,1169,4.727937062566607
winner,1.3,1170,4.855464447888107
winner,1.3,1171,4.677555238322203
winner,1.3,1172,4.894961623821627
winner,1.3,1173,5.287506092115502
winner,1.3,1174,4.854636318438826
winner,1.3,1175,3.9449791322738266
winner,1.3,1176,4.288953241494395
winner,1.3,1177,4.767558919449235
winner,1.3,1178,4.4483586808859465
winner,1.3,1179,4.659817504465061
winner,1.3,1180,4.055149965680186
winner,1.3,1181,5.477688325503286
winner,1.3,1182,4.333243719751408
winner,1.3,1183,4.681093307065798
winner,1.3,1184,4.609076205513406
winner,1.3,1185,4.315201294770384
winner,1.3,1186,4.3940510704332505
winner,1.3,1187,4.532774321632655
winner,1.3,1188,4.403478878847946
winner,1.3,1189,5.00958622167382
winner,1.3,1190,4.712301037125526
winner,1.3,1191,4.18442105748272
winner,1.3,1192,4.340087918334999
winner,1.3,1193,4.161996462187893
winner,1.3,1194,5.005906387442005
winner,1.3,1195,4.931539059100025
winner,1.3,1196,4.965582542746219
winner,1.3,1197,4.829120015714587
winner,1.3,1198,4.493772710495247
winner,1.3,1199,4.376144178966947
winner,1.3,1200,4.7190763914219795
winner,1.3,1201,4.672986507714682
winner,1.3,1202,4.356390966745344
winner,1.3,1203,4.932670557358439
winner,1.3,1204,4.697852948270683
winner,1.3,1205,4.288289290345807
winner,1.3,1206,4.638712631933311
winner,1.3,1207,3.9517820953982445
winner,1.3,1208,4.862084847482947
winner,1.3,1209,4.711935879232764
winner,1.3,1210,4.638556320801088
winner,1.3,1211,4.68616041157055
winner,1.3,1212,4.38630579311911
winner,1.3,1213,4.445636141928728
winner,1.3,1214,4.69815301149102
winner,1.3,1215,4.37321411927774
winner,1.3,1216,4.109728957854734
winner,1.3,1217,5.113591276436193
winner,1.3,1218,4.757417885640808
winner,1.3,1219,5.1334210006200385
winner,1.3,1220,4.875014935313522
winner,1.3,1221,4.942589089678063
winner,1.3,1222,4.492167687329036
winner,1.3,1223,4.5586215396215
winner,1.3,1224,4.22343456525962
winner,1.3,1225,4.586665976576943
winner,1.3,1226,4.647996055650018
winner,1.3,1227,5.060477725798704
winner,1.3,1228,4.523490897989708
winner,1.3,1229,4.23238313824889
winner,1.3,1230,5.151329945574172
winner,1.3,1231,4.528705064930366
winner,1.3,1232,4.548800951303325
winner,1.3,1233,3.9601569800833265
winner,1.3,1234,3.9003174025351672
winner,1.3,1235,4.499128311290196
winner,1.3,1236,4.928268623348702
winner,1.3,1237,4.693291710309038
winner,1.3,1238,4.47201010778274
winner,1.3,1239,4.00239709662395
winner,1.3,1240,4.427425662733663
winner,1.3,1241,4.288479891751711
winner,1.3,1242,4.872719786697387
winner,1.3,1243,4.5542886523852655
winner,1.3,1244,4.909923403051073
winner,1.3,1245,5.007158155023238
winner,1.3,1246,4.125848650105331
winner,1.3,1247,4.60532095913318
winner,1.3,1248,4.090732342497436
winner,1.3,1249,4.465352864340488
winner,1.3,1250,4.372062654046551
winner,1.3,1251,4.744305356761872
winner,1.3,1252,4.099964266708501
winner,1.3,1253,4.129279657120193
winner,1.3,1254,4.458495052199132
winner,1.3,1255,4.509969999152184
winner,1.3,1256,4.880287821292568
winner,1.3,1257,4.416607352918229
winner,1.3,1258,5.168550049435425
winner,1.3,1259,4.628075708610168
winner,1.3,1260,4.830749680970886
winner,1.3,1261,4.753619945058567
winner,1.3,1262,5.069471968674925
winner,1.3,1263,4.773723307058168
winner,1.3,1264,4.277046089292914
winner,1.3,1265,4.042921175642672
winner,1.3,1266,3.9595469242159167
winner,1.3,1267,4.682014184115455
winner,1.3,1268,3.8865083813059838
winner,1.3,1269,4.178853597269594
winner,1.3,1270,4.472535359022256
winner,1.3,1271,4.687071739116344
winner,1.3,1272,4.545196168111081
winner,1.3,1273,4.66478223178407
winner,1.3,1274,4.454782170673919
winner,1.3,1275,4.409972836371604
winner,1.3,1276,4.258167827995449
winner,1.3,1277,4.574959357832312
winner,1.3,1278,5.24695871129443
winner,1.3,1279,4.4014538510625725
winner,1.3,1280,4.091272603922666
winner,1.3,1281,4.541178721349325
winner,1.3,1282,4.394991597606468
winner,1.3,1283,4.153133290901474
winner,1.3,1284,4.831004815068345
winner,1.3,1285,4.639146988961696
winner,1.3,1286,4.719748672594686
winner,1.3,1287,4.476219860197566
winner,1.3,1288,5.174458909228177
winner,1.3,1289,4.493992151923767
winner,1.3,1290,4.384348513994384
winner,1.3,1291,4.759859740028589
winner,1.3,1292,4.725794191229362
winner,1.3,1293,4.587154716160069
winner,1.3,1294,4.355587602913569
winner,1.3,1295,4.819887397841351
winner,1.3,1296,4.851680957798271
winner,1.3,1297,4.501614177033902
winner,1.3,1298,4.559018447457891
winner,1.3,1299,4.961417996443911
winner,1.3,1300,4.994183336834974
winner,1.3,1301,4.973786093854893
winner,1.3,1302,4.768886369273002
winner,1.3,1303,4.634005354787593
winner,1.3,1304,4.785202181383381
winner,1.3,1305,4.496690197869984
winner,1.3,1306,4.866228885244313
winner,1.3,1307,4.989863486675703
winner,1.3,1308,4.698130197750671
winner,1.3,1309,4.751215317871075
winner,1.3,1310,4.5906083308556385
winner,1.3,1311,4.819380322525937
winner,1.3,1312,5.094845387628619
winner,1.3,1313,4.891865506191223
winner,1.3,1314,4.308741263605068
winner,1.3,1315,4.920814752188904
winner,1.3,1316,4.46823679897267
winner,1.3,1317,4.52761052856197
winner,1.3,1318,4.584500038465261
winner,1.3,1319,4.593439216004842
winner,1.3,1320,4.375556028406427
winner,1.3,1321,4.350753728012531
winner,1.3,1322,4.147469332623211
winner,1.3,1323,4.628445120693507
winner,1.3,1324,4.155007287780976
winner,1.3,1325,4.152405946226528
winner,1.3,1326,4.955695021650284
winner,1.3,1327,4.699882465798471
winner,1.3,1328,4.458217009195269
winner,1.3,1329,4.554586033709079
winner,1.3,1330,5.052998770193207
winner,1.3,1331,5.3669777918181225
winner,1.3,1332,4.822864615378554
winner,1.3,1333,4.7309017638486015
winner,1.3,1334,4.630380034014565
winner,1.3,1335,4.137388179235446
winner,1.3,1336,4.391770434444846
winner,1.3,1337,4.116981415771945
winner,1.3,1338,4.74229977132792
winner,1.3,1339,4.879143133095659
winner,1.3,1340,4.368244997271289
winner,1.3,1341,4.438662588603923
winner,1.3,1342,4.362715549043307
winner,1.3,1343,5.180612245745408
winner,1.3,1344,4.207623160576163
winner,1.3,1345,4.624043119527594
winner,1.3,1346,4.790223191869456
winner,1.3,1347,4.346081467514759
winner,1.3,1348,4.816240526585301
winner,1.3,1349,4.4618019042353625
winner,1.3,1350,5.10510941141659
winner,1.3,1351,5.088720941600479
winner,1.3,1352,4.947042910918497
winner,1.3,1353,4.790314218677642
winner,1.3,1354,4.800683336937471
winner,1.3,1355,4.2484042735983625
winner,1.3,1356,4.983097477462973
winner,1.3,1357,4.768748245284746
winner,1.3,1358,5.169792729113259
winner,1.3,1359,4.83056311191573
winner,1.3,1360,4.634154677631752
winner,1.3,1361,3.912924569527788
winner,1.3,1362,4.677792512695354
winner,1.3,1363,4.5894792215431055
winner,1.3,1364,4.565061341718763
winner,1.3,1365,4.092726707860185
winner,1.3,1366,4.308168956975446
winner,1.3,1367,4.211186863080506
winner,1.3,1368,4.687050775151507
winner,1.3,1369,4.46354213140584
winner,1.3,1370,4.361873568414191
winner,1.3,1371,5.037013368194998
winner,1.3,1372,4.811220902585639
winner,1.3,1373,4.722140879988143
winner,1.3,1374,5.037344754556096
winner,1.3,1375,4.709658036528187
winner,1.3,1376,4.308997701494446
winner,1.3,1377,4.6183558378059075
winner,1.3,1378,4.4950066713604055
winner,1.3,1379,4.206949254344415
winner,1.3,1380,4.43101636494547
winner,1.3,1381,4.257225773513006
winner,1.3,1382,4.306448145555677
winner,1.3,1383,4.279798444698896
winner,1.3,1384,4.956460431105871
winner,1.3,1385,4.659134958887084
winner,1.3,1386,4.862890616737565
winner,1.3,1387,4.847883043514098
winner,1.3,1388,5.08642120595797
winner,1.3,1389,4.722833870213814
winner,1.3,1390,4.8786172672578525
winner,1.3,1391,4.810689260066604
winner,1.3,1392,4.593474303223804
winner,1.3,1393,4.9856697330682
winner,1.3,1394,4.543645316872185
winner,1.3,1395,4.670189299296888
winner,1.3,1396,4.369804116913935
winner,1.3,1397,5.033523847079063
winner,1.3,1398,3.913703990267332
winner,1.3,1399,4.428111915150144
winner,1.3,1400,4.506227789638454
winner,1.3,1401,4.520673666120177
winner,1.3,1402,3.8990000843441615
winner,1.3,1403,4.612633197553152
winner,1.3,1404,4.705807819607989
winner,1.3,1405,4.556402880401231
winner,1.3,1406,4.649464601622907
winner,1.3,1407,4.753352235590903
winner,1.3,1408,4.5897581115986545
winner,1.3,1409,4.639856880027887
winner,1.3,1410,4.926334972451222
winner,1.3,1411,4.6260294130181485
winner,1.3,1412,4.033052754124719
winner,1.3,1413,4.526680387791713
winner,1.3,1414,4.416103532092528
winner,1.3,1415,4.320299739234937
winner,1.3,1416,4.674306511740579
winner,1.3,1417,4.912227530956624
winner,1.3,1418,4.308877355439498
winner,1.3,1419,4.917320775440904
winner,1.3,1420,4.381734910382678
winner,1.3,1421,4.2602020150314095
winner,1.3,1422,4.377651305950646
winner,1.3,1423,4.418667750663353
winner,1.3,1424,4.144003700862019
winner,1.3,1425,4.42209800338457
winner,1.3,1426,5.010758948129277
winner,1.3,1427,4.484222971540933
winner,1.3,1428,4.529685634554006
winner,1.3,1429,4.748291254892552
winner,1.3,1430,4.813660221925255
winner,1.3,1431,4.015755026508134
winner,1.3,1432,4.7415632642051175
winner,1.3,1433,4.6713191423526546
winner,1.3,1434,4.475197894498953
winner,1.3,1435,4.767482512563828
winner,1.3,1436,4.565520951462041
winner,1.3,1437,4.662767337808602
winner,1.3,1438,4.244413472631597
winner,1.3,1439,4.190081430273275
winner,1.3,1440,4.80484255098461
winner,1.3,1441,4.9964093596342485
winner,1.3,1442,3.7092368269978646
winner,1.3,1443,4.887560149984088
winner,1.3,1444,4.565703590849502
winner,1.3,1445,4.404111750651941
winner,1.3,1446,4.924570457208265
winner,1.3,1447,4.290623344516511
winner,1.3,1448,4.524391336049611
winner,1.3,1449,4.541084269272337
winner,1.3,1450,4.8970066848717195
winner,1.3,1451,4.88710603767012
winner,1.3,1452,4.725283031410056
winner,1.3,1453,4.347120921526451
winner,1.3,1454,4.418906360960971
winner,1.3,1455,4.954487761506753
winner,1.3,1456,4.30825142233439
winner,1.3,1457,4.973503447047946
winner,1.3,1458,4.516935226073293
winner,1.3,1459,4.300254889681165
winner,1.3,1460,4.6301920199270405
winner,1.3,1461,3.9166582145407265
winner,1.3,1462,4.245422116634156
winner,1.3,1463,4.9001730059134525
winner,1.3,1464,4.4654810158915375
winner,1.3,1465,4.546060003110392
winner,1.3,1466,4.128142228860348
winner,1.3,1467,4.700770109303196
winner,1.3,1468,4.574360943409701
winner,1.3,1469,4.400519021449518
winner,1.3,1470,4.488593202868803
winner,1.3,1471,4.430906650402954
winner,1.3,1472,4.700226101309436
winner,1.3,1473,4.709290720369266
winner,1.3,1474,4.763814797686729
winner,1.3,1475,4.761178227904864
winner,1.3,1476,4.4925805538821075
winner,1.3,1477,4.244393490109187
winner,1.3,1478,4.899875201948943
winner,1.3,1479,4.999728655294821
winner,1.3,1480,4.962739917678011
winner,1.3,1481,4.697494274352574
winner,1.3,1482,4.409193170314252
winner,1.3,1483,5.149340025117174
winner,1.3,1484,3.8516803434078843
winner,1.3,1485,4.683999350403437
winner,1.3,1486,4.478160704572194
winner,1.3,1487,4.321212709755622
winner,1.3,1488,4.291689249928271
winner,1.3,1489,4.73136225895484
winner,1.3,1490,4.29235847625728
winner,1.3,1491,4.95321273398842
winner,1.3,1492,4.019195141197382
winner,1.3,1493,4.31061760045398
winner,1.3,1494,5.299033183170241
winner,1.3,1495,4.700431191078505
winner,1.3,1496,4.327154695666068
winner,1.3,1497,4.164710133686221
winner,1.3,1498,4.599676005120517
winner,1.3,1499,4.523195246396093
winner,1.3,1500,4.703080135508278
winner,1.3,1501,4.424837691786445
winner,1.3,1502,4.7756307372876465
winner,1.3,1503,4.852802660915176
winner,1.3,1504,4.907961589497781
winner,1.3,1505,4.437805281701744
winner,1.3,1506,4.368556658180063
winner,1.3,1507,4.609122323970511
winner,1.3,1508,4.616132144236552
winner,1.3,1509,4.8616855038290705
winner,1.3,1510,4.722213872400571
winner,1.3,1511,4.400120008775049
winner,1.3,1512,4.520304720357395
winner,1.3,1513,5.057132814150847
winner,1.3,1514,4.207777197858054
winner,1.3,1515,4.730440531368618
winner,1.3,1516,4.341488509760575
winner,1.3,1517,4.755808786298207
winner,1.3,1518,3.8933180393258313
winner,1.3,1519,4.98982151472396
winner,1.3,1520,5.3062706956049475
winner,1.3,1521,4.642762703473802
winner,1.3,1522,4.130607508622416
winner,1.3,1523,4.197249210840627
winner,1.3,1524,4.902650413472509
winner,1.3,1525,5.171873080246848
winner,1.3,1526,3.7659912096087957
winner,1.3,1527,4.741076420355186
winner,1.3,1528,4.372598401110529
winner,1.3,1529,4.6454577961744405
winner,1.3,1530,5.157732039941955
winner,1.3,1531,5.269614877124477
winner,1.3,1532,4.9475959304241055
winner,1.3,1533,4.731172136305155
winner,1.3,1534,4.383926819418415
winner,1.3,1535,4.18745568337488
winner,1.3,1536,4.289075499452636
winner,1.3,1537,4.64303758001218
winner,1.3,1538,4.5626696041433465
winner,1.3,1539,4.5230966552712255
winner,1.3,1540,4.893865431878914
winner,1.3,1541,4.067218956613652
winner,1.3,1542,4.636097885197633
winner,1.3,1543,4.253956003024874
winner,1.3,1544,5.141286437818131
winner,1.3,1545,4.144647530943957
winner,1.3,1546,4.340618157353837
winner,1.3,1547,4.396114827717486
winner,1.3,1548,4.182638892988525
winner,1.3,1549,4.793721728346813
winner,1.3,1550,4.867621492450882
winner,1.3,1551,5.194694871561265
winner,1.3,1552,4.105113121231652
winner,1.3,1553,4.4924875209650095
winner,1.3,1554,4.308611881931242
winner,1.3,1555,4.108241395078029
winner,1.3,1556,4.89042704664681
winner,1.3,1557,4.177378455808444
winner,1.3,1558,4.486180300921678
winner,1.3,1559,5.096953611964062
winner,1.3,1560,4.4790192488338345
winner,1.3,1561,4.548093436293592
winner,1.3,1562,4.3729006606409495
winner,1.3,1563,4.649683140283596
winner,1.3,1564,4.7848834904455435
winner,1.3,1565,4.681149843711721
winner,1.3,1566,4.294426972006265
winner,1.3,1567,4.298271257868615
winner,1.3,1568,4.672261408939233
winner,1.3,1569,4.6256576229593875
winner,1.3,1570,4.807724072516579
winner,1.3,1571,4.397998726321758
winner,1.3,1572,4.737749329685474
winner,1.3,1573,4.155439891985061
winner,1.3,1574,5.297138294245179
winner,1.3,1575,4.757718593145768
winner,1.3,1576,4.32729357751812
winner,1.3,1577,4.725072364684245
winner,1.3,1578,4.567566738378197
winner,1.3,1579,4.518983669279534
winner,1.3,1580,4.830829942928495
winner,1.3,1581,4.454742494137295
winner,1.3,1582,4.002335796692756
winner,1.3,1583,3.989393726144222
winner,1.3,1584,4.517512894655049
winner,1.3,1585,4.015584637492377
winner,1.3,1586,4.365138981340142
winner,1.3,1587,4.2700483845843324
winner,1.3,1588,4.066730070493155
winner,1.3,1589,4.5417585120080695
winner,1.3,1590,4.966557406098133
winner,1.3,1591,4.122270171315354
winner,1.3,1592,4.177259010616593
winner,1.3,1593,4.6176890593243485
winner,1.3,1594,4.7631653778785665
winner,1.3,1595,4.720202202413055
winner,1.3,1596,4.493333981584729
winner,1.3,1597,3.992144958717682
winner,1.3,1598,4.417088655283522
winner,1.3,1599,4.505914636053238
winner,1.3,1600,4.870689689909788
winner,1.3,1601,4.300405703435949
winner,1.3,1602,5.163141135002464
winner,1.3,1603,4.638991606555647
winner,1.3,1604,4.421213805513266
winner,1.3,1605,4.80183013658482
winner,1.3,1606,4.338411215839321
winner,1.3,1607,4.58812720910531
winner,1.3,1608,4.476088257598277
winner,1.3,1609,4.204788578408984
winner,1.3,1610,4.8959000302418065
winner,1.3,1611,4.581133111722417
winner,1.3,1612,4.4832448172399175
winner,1.3,1613,4.7749050229128684
winner,1.3,1614,4.650106295446184
winner,1.3,1615,5.149005416941698
winner,1.3,1616,4.6967405438501055
winner,1.3,1617,4.184929367721947
winner,1.3,1618,4.46890040371477
winner,1.3,1619,4.73852035856006
winner,1.3,1620,3.7380070390454643
winner,1.3,1621,4.801600300331523
winner,1.3,1622,4.236444452270664
winner,1.3,1623,4.722371977470687
winner,1.3,1624,4.520056510228713
winner,1.3,1625,3.846031942240556
winner,1.3,1626,4.395943258622621
winner,1.3,1627,4.329004196989968
winner,1.3,1628,4.621771362141082
winner,1.3,1629,4.744970285973744
winner,1.3,1630,4.8257873936682705
winner,1.3,1631,5.032415255491943
winner,1.3,1632,4.754532856635611
winner,1.3,1633,4.256814965774179
winner,1.3,1634,4.249698372145425
winner,1.3,1635,4.528675564318966
winner,1.3,1636,4.108527695242427
winner,1.3,1637,4.2964350088121845
winner,1.3,1638,4.651341167915812
winner,1.3,1639,5.564993108565137
winner,1.3,1640,4.891184256749163
winner,1.3,1641,4.632285836322033
winner,1.3,1642,4.754918455776192
winner,1.3,1643,4.106873624888268
winner,1.3,1644,4.508888659347508
winner,1.3,1645,4.80214439832039
winner,1.3,1646,4.223368660408964
winner,1.3,1647,5.18832365716352
winner,1.3,1648,4.077025973560123
winner,1.3,1649,4.552713296890906
winner,1.3,1650,4.639325314528468
winner,1.3,1651,4.1745751570847505
winner,1.3,1652,4.697276482437736
winner,1.3,1653,5.084759777253504
winner,1.3,1654,5.037349737315176
winner,1.3,1655,4.161157301157949
winner,1.3,1656,5.092778523778222
winner,1.3,1657,4.55021118271366
winner,1.3,1658,4.746817282304735
winner,1.3,1659,5.578495149166118
winner,1.3,1660,4.605541213037011
winner,1.3,1661,4.596568514974357
winner,1.3,1662,4.549032940774828
winner,1.3,1663,4.329094938408126
winner,1.3,1664,5.016901167970413
winner,1.3,1665,4.249358331922974
winner,1.3,1666,4.249611842474266
winner,1.3,1667,4.36770560330912
winner,1.3,1668,5.0385273998397455
winner,1.3,1669,4.888098069065227
winner,1.3,1670,4.810196292022077
winner,1.3,1671,4.947998046196824
winner,1.3,1672,5.177164946848109
winner,1.3,1673,4.90898701824766
winner,1.3,1674,3.5853310288221847
winner,1.3,1675,4.295420851309696
winner,1.3,1676,4.643466311883445
winner,1.3,1677,4.505281854136135
winner,1.3,1678,5.712717672012532
winner,1.3,1679,4.751343343827399
winner,1.3,1680,4.919111316019193
winner,1.3,1681,4.1938991074403456
winner,1.3,1682,4.691036813707695
winner,1.3,1683,4.56510864934899
winner,1.3,1684,4.146868655575625
winner,1.3,1685,4.594948618914908
winner,1.3,1686,4.655607752672013
winner,1.3,1687,4.154334745745967
winner,1.3,1688,4.598150569743619
winner,1.3,1689,4.704827080345044
winner,1.3,1690,4.940139335075985
winner,1.3,1691,4.200966054277957
winner,1.3,1692,4.47678802314403
winner,1.3,1693,4.871932958386715
winner,1.3,1694,4.518406270347909
winner,1.3,1695,4.66312258406436
winner,1.3,1696,4.138060764926568
winner,1.3,1697,4.2418777107441485
winner,1.3,1698,4.243664993776497
winner,1.3,1699,4.707327211534349
winner,1.3,1700,4.789313578850777
winner,1.3,1701,5.317337611200314
winner,1.3,1702,4.895562264018303
winner,1.3,1703,4.497080046074226
winner,1.3,1704,4.594972501687537
winner,1.3,1705,4.6631976555248
winner,1.3,1706,4.646776439630908
winner,1.3,1707,4.973690412739193
winner,1.3,1708,4.350787356068584
winner,1.3,1709,4.677984159926147
winner,1.3,1710,4.978838653143691
winner,1.3,1711,5.059458190836058
winner,1.3,1712,4.325372205693738
winner,1.3,1713,4.61725033526659
winner,1.3,1714,4.245722407730527
winner,1.3,1715,5.0103701010699995
winner,1.3,1716,4.733383738377207
winner,1.3,1717,3.847459659423319
winner,1.3,1718,4.2679471504956785
winner,1.3,1719,4.416502475269726
winner,1.3,1720,4.535515888532952
winner,1.3,1721,4.160269247189181
winner,1.3,1722,3.9572330473703
winner,1.3,1723,4.341874164948913
winner,1.3,1724,4.650215780424422
winner,1.3,1725,4.5484344266577725
winner,1.3,1726,4.874806331339491
winner,1.3,1727,4.284540707775552
winner,1.3,1728,4.981665623870537
winner,1.3,1729,4.311780032641954
winner,1.3,1730,4.732125805900597
winner,1.3,1731,4.103809971801939
winner,1.3,1732,4.355298102172926
winner,1.3,1733,4.355173606723135
winner,1.3,1734,4.554424113970782
winner,1.3,1735,4.309086509505121
winner,1.3,1736,4.3701645707062475
winner,1.3,1737,4.515145015279295
winner,1.3,1738,4.5786903510075705
winner,1.3,1739,4.044291556363296
winner,1.3,1740,5.267877558638549
winner,1.3,1741,4.668468155772114
winner,1.3,1742,4.612304293369193
winner,1.3,1743,4.8686050035969775
winner,1.3,1744,4.973287639956564
winner,1.3,1745,4.6984854794127555
winner,1.3,1746,5.046771589558106
winner,1.3,1747,4.478028960653498
winner,1.3,1748,3.9890757274026143
winner,1.3,1749,4.571548960010086
winner,1.3,1750,4.316402158043181
winner,1.3,1751,5.24143319276881
winner,1.3,1752,4.9737361442517685
winner,1.3,1753,4.654693444273421
winner,1.3,1754,4.5581887167984325
winner,1.3,1755,4.2533094830963725
winner,1.3,1756,4.483884366949918
winner,1.3,1757,4.756598007184611
winner,1.3,1758,5.183133541065847
winner,1.3,1759,5.181349293883536
winner,1.3,1760,4.189816029613021
winner,1.3,1761,3.95689774421202
winner,1.3,1762,4.569285901354723
winner,1.3,1763,5.0786775710870256
winner,1.3,1764,3.9750866011510313
winner,1.3,1765,4.095793335775853
winner,1.3,1766,3.9364295640417137
winner,1.3,1767,4.733084706339378
winner,1.3,1768,4.382082403473262
winner,1.3,1769,4.718706733531607
winner,1.3,1770,4.364520371582795
winner,1.3,1771,5.303465453166866
winner,1.3,1772,4.971931713161105
winner,1.3,1773,4.789890825058291
winner,1.3,1774,4.151668932398329
winner,1.3,1775,5.080723153628774
winner,1.3,1776,4.49889365360803
winner,1.3,1777,4.849792030563632
winner,1.3,1778,5.450232255698396
winner,1.3,1779,5.0772336184877345
winner,1.3,1780,4.623478477332852
winner,1.3,1781,4.712649154284153
winner,1.3,1782,4.8201434795366485
winner,1.3,1783,4.533319785817009
winner,1.3,1784,4.619795701528095
winner,1.3,1785,4.318041487630587
winner,1.3,1786,4.253715493602244
winner,1.3,1787,5.356729936636273
winner,1.3,1788,4.657832973134053
winner,1.3,1789,4.7688873042281665
winner,1.3,1790,4.320778679618635
winner,1.3,1791,4.914944086915309
winner,1.3,1792,4.261980836959238
winner,1.3,1793,4.8701182271389385
winner,1.3,1794,4.677643119915904
winner,1.3,1795,4.605319418395259
winner,1.3,1796,4.513861469928382
winner,1.3,1797,4.137883536959746
winner,1.3,1798,4.882675119417968
winner,1.3,1799,4.511260206880598
winner,1.3,1800,4.706927274857426
winner,1.3,1801,4.375125447454964
winner,1.3,1802,4.245168271440785
winner,1.3,1803,5.226137313740112
winner,1.3,1804,4.602039902805585
winner,1.3,1805,4.756324945232614
winner,1.3,1806,4.835712947157439
winner,1.3,1807,5.071567331009291
winner,1.3,1808,4.209527112251562
winner,1.3,1809,4.581522044787159
winner,1.3,1810,4.919020161964045
winner,1.3,1811,4.6427127219794215
winner,1.3,1812,4.741793851499017
winner,1.3,1813,4.125278490318184
winner,1.3,1814,3.901521633250337
winner,1.3,1815,4.400493621143751
winner,1.3,1816,4.2661623142114
winner,1.3,1817,4.9261711159831725
winner,1.3,1818,4.108634346376922
winner,1.3,1819,4.296319624537071
winner,1.3,1820,4.09703099563588
winner,1.3,1821,4.53981982605478
winner,1.3,1822,4.254487656224957
winner,1.3,1823,4.839011620226683
winner,1.3,1824,4.975258098229229
winner,1.3,1825,5.44544412922251
winner,1.3,1826,4.339548420908867
winner,1.3,1827,4.230739903229352
winner,1.3,1828,4.523692640710992
winner,1.3,1829,4.497159194013255
winner,1.3,1830,4.149161057842617
winner,1.3,1831,4.054005455078842
winner,1.3,1832,4.535672171420087
winner,1.3,1833,4.382891284674683
winner,1.3,1834,5.050063853049278
winner,1.3,1835,5.083454221290021
winner,1.3,1836,4.581653319567766
winner,1.3,1837,4.67753230130693
winner,1.3,1838,4.112839536623898
winner,1.3,1839,4.452366804792852
winner,1.3,1840,4.3568172855262475
winner,1.3,1841,4.649062961053847
winner,1.3,1842,4.8975512346204875
winner,1.3,1843,4.524423264864829
winner,1.3,1844,4.434163746777473
winner,1.3,1845,4.404341146924445
winner,1.3,1846,4.232515714516318
winner,1.3,1847,4.493998696448128
winner,1.3,1848,4.500287014098009
winner,1.3,1849,4.175077771287012
winner,1.3,1850,4.714438205833737
winner,1.3,1851,4.572897663814815
winner,1.3,1852,4.278818902309185
winner,1.3,1853,4.208273472933309
winner,1.3,1854,4.879082049694942
winner,1.3,1855,4.888536465349285
winner,1.3,1856,4.265715106504379
winner,1.3,1857,4.480790365338143
winner,1.3,1858,4.319707643107923
winner,1.3,1859,4.853093697367652
winner,1.3,1860,4.613834698050279
winner,1.3,1861,4.8104581592568945
winner,1.3,1862,5.0395997478392065
winner,1.3,1863,4.562771507607233
winner,1.3,1864,4.369182067988424
winner,1.3,1865,5.043363936952903
winner,1.3,1866,4.841922099174037
winner,1.3,1867,4.325359129983106
winner,1.3,1868,4.5250978424453185
winner,1.3,1869,4.11122859680531
winner,1.3,1870,4.115668514955526
winner,1.3,1871,5.219540368101443
winner,1.3,1872,5.2609096701415226
winner,1.3,1873,4.797474235753409
winner,1.3,1874,4.265200015304998
winner,1.3,1875,4.521995254653621
winner,1.3,1876,4.592468712462734
winner,1.3,1877,5.031870105358958
winner,1.3,1878,3.9216225284824344
winner,1.3,1879,4.6176134961629485
winner,1.3,1880,4.407592082542512
winner,1.3,1881,4.435193642073419
winner,1.3,1882,5.129564952401545
winner,1.3,1883,4.387119612439981
winner,1.3,1884,4.29303229901998
winner,1.3,1885,4.180950696265701
winner,1.3,1886,5.089284788696327
winner,1.3,1887,4.507741725304355
winner,1.3,1888,4.541788326731332
winner,1.3,1889,4.571040061978469
winner,1.3,1890,4.586133722229647
winner,1.3,1891,4.268736798598779
winner,1.3,1892,4.383362847973523
winner,1.3,1893,4.497006512017636
winner,1.3,1894,4.583784133999895
winner,1.3,1895,4.503079057044079
winner,1.3,1896,4.36731287949117
winner,1.3,1897,4.894672086557517
winner,1.3,1898,5.273479386676365
winner,1.3,1899,4.609831973977118
winner,1.3,1900,4.340729924705735
winner,1.3,1901,5.208111614770478
winner,1.3,1902,4.736290055533544
winner,1.3,1903,4.303603312350484
winner,1.3,1904,4.548701165593595
winner,1.3,1905,4.2453593776867375
winner,1.3,1906,4.674570752326725
winner,1.3,1907,4.1662908261000355
winner,1.3,1908,4.660446078035732
winner,1.3,1909,4.791757253825272
winner,1.3,1910,4.906033677671924
winner,1.3,1911,4.283859550060673
winner,1.3,1912,4.747859558330552
winner,1.3,1913,4.750878665463661
winner,1.3,1914,4.403111056848657
winner,1.3,1915,4.482666970497672
winner,1.3,1916,4.6192363194680865
winner,1.3,1917,5.456505737179018
winner,1.3,1918,4.337175275821643
winner,1.3,1919,4.66280342966344
winner,1.3,1920,4.635444373801302
winner,1.3,1921,4.845405632519879
winner,1.3,1922,4.785055100560767
winner,1.3,1923,4.668210257939497
winner,1.3,1924,4.1986289122314675
winner,1.3,1925,4.2752845277730716
winner,1.3,1926,3.923458222507115
winner,1.3,1927,4.50786267761343
winner,1.3,1928,4.9248969905532425
winner,1.3,1929,4.201594594626063
winner,1.3,1930,4.656038174506395
winner,1.3,1931,4.282080444821357
winner,1.3,1932,4.653494779452705
winner,1.3,1933,4.675104138045031
winner,1.3,1934,4.36664618490685
winner,1.3,1935,4.793527371514737
winner,1.3,1936,4.479379948731964
winner,1.3,1937,4.7060171594026325
winner,1.3,1938,4.654957315892323
winner,1.3,1939,4.237227541339254
winner,1.3,1940,5.155924180967139
winner,1.3,1941,5.303416735306626
winner,1.3,1942,4.772735461489668
winner,1.3,1943,4.424059209052752
winner,1.3,1944,4.6775673007101375
winner,1.3,1945,4.800341587592036
winner,1.3,1946,4.746416642896905
winner,1.3,1947,4.30665929490125
winner,1.3,1948,5.191101280262179
winner,1.3,1949,4.028694058824125
winner,1.3,1950,4.075272239735606
winner,1.3,1951,4.419451548335306
winner,1.3,1952,4.598321367522609
winner,1.3,1953,5.092014959067931
winner,1.3,1954,4.530220391119949
winner,1.3,1955,4.575034735487467
winner,1.3,1956,4.578592678418588
winner,1.3,1957,4.752325594026666
winner,1.3,1958,4.996662068700181
winner,1.3,1959,4.695698757790144
winner,1.3,1960,4.739081574684425
winner,1.3,1961,4.401297463294879
winner,1.3,1962,4.792072491958167
winner,1.3,1963,4.798369177795346
winner,1.3,1964,4.55316803935013
winner,1.3,1965,4.324803635141555
winner,1.3,1966,4.358656097696851
winner,1.3,1967,4.79914412094992
winner,1.3,1968,4.942661625775116
winner,1.3,1969,4.505333782945226
winner,1.3,1970,4.622378095055104
winner,1.3,1971,4.96557684100196
winner,1.3,1972,4.452520595093299
winner,1.3,1973,5.233836474856345
winner,1.3,1974,4.6823811531099615
winner,1.3,1975,5.257161932549493
winner,1.3,1976,4.558207126857669
winner,1.3,1977,4.705606463113215
winner,1.3,1978,5.347969103694772
winner,1.3,1979,5.381542908342988
winner,1.3,1980,4.759688505170739
winner,1.3,1981,3.8029199739143813
winner,1.3,1982,4.727393271304886
winner,1.3,1983,4.592615964351389
winner,1.3,1984,4.313832150378319
winner,1.3,1985,4.759424045258615
winner,1.3,1986,4.925756217180315
winner,1.3,1987,4.925313272793132
winner,1.3,1988,4.76348689547219
winner,1.3,1989,4.651188776179636
winner,1.3,1990,4.565063820007992
winner,1.3,1991,4.784141372779104
winner,1.3,1992,4.282759069422531
winner,1.3,1993,4.4927534565245075
winner,1.3,1994,4.7959780963819325
winner,1.3,1995,4.593885620372452
winner,1.3,1996,5.0776527981290895
winner,1.3,1997,4.572859559355045
winner,1.3,1998,4.657566564471718
winner,1.3,1999,4.391183456115288
