config,fvm,trial,sharpe
mid,1.0,0,-1.4364367575426544
mid,1.0,1,-1.342507223934906
mid,1.0,2,-1.1811212259898205
mid,1.0,3,-1.3163038542718928
mid,1.0,4,-1.1237741922480544
mid,1.0,5,-1.3325681448449496
mid,1.0,6,-1.3271388620420688
mid,1.0,7,-1.3483230472849996
mid,1.0,8,-1.5567894284162729
mid,1.0,9,-1.4234772787308505
mid,1.0,10,-1.150766236936959
mid,1.0,11,-1.4734906227453062
mid,1.0,12,-1.347819671584735
mid,1.0,13,-1.2242140169092308
mid,1.0,14,-1.7665789801574845
mid,1.0,15,-1.3348072250505143
mid,1.0,16,-1.3763073455197359
mid,1.0,17,-1.5709598293942333
mid,1.0,18,-1.192154699207196
mid,1.0,19,-1.6980209106079478
mid,1.0,20,-1.6764637911798155
mid,1.0,21,-1.4927925715132107
mid,1.0,22,-1.4430136789830035
mid,1.0,23,-1.2541327098639985
mid,1.0,24,-1.1575104938140233
mid,1.0,25,-1.3085090219047093
mid,1.0,26,-1.4058347005723835
mid,1.0,27,-1.6818976221582456
mid,1.0,28,-1.7836014862393843
mid,1.0,29,-1.3387285737763792
mid,1.0,30,-1.553068753098891
mid,1.0,31,-1.1038056213665846
mid,1.0,32,-1.5333028629720493
mid,1.0,33,-1.1536788082325353
mid,1.0,34,-1.3500104695086326
mid,1.0,35,-1.3530034686873913
mid,1.0,36,-1.3913664308229763
mid,1.0,37,-1.4119219748368792
mid,1.0,38,-1.1898432632344935
mid,1.0,39,-1.8912047212797978
mid,1.0,40,-1.4175890048096242
mid,1.0,41,-1.535216394344074
mid,1.0,42,-1.6122867311969777
mid,1.0,43,-1.5705918974331068
mid,1.0,44,-1.4740047719199354
mid,1.0,45,-1.4998393877698153
mid,1.0,46,-1.7666457296919855
mid,1.0,47,-1.3876028713495174
mid,1.0,48,-1.4516770608233434
mid,1.0,49,-0.9468993607546179
mid,1.0,50,-1.5476599230379537
mid,1.0,51,-1.1699127489052816
mid,1.0,52,-1.5733392137058893
mid,1.0,53,-1.690434792840833
mid,1.0,54,-1.7570523758764633
mid,1.0,55,-1.2872541925033933
mid,1.0,56,-1.785946714215268
mid,1.0,57,-1.0708253964433114
mid,1.0,58,-0.9919924697677317
mid,1.0,59,-1.499541860494708
mid,1.0,60,-1.198134865781584
mid,1.0,61,-1.183812981967565
mid,1.0,62,-1.7115963568633912
mid,1.0,63,-1.343988311561022
mid,1.0,64,-1.308314315883473
mid,1.0,65,-1.4672679821108467
mid,1.0,66,-1.3503397959828825
mid,1.0,67,-1.4664248005516245
mid,1.0,68,-1.7072289432451992
mid,1.0,69,-1.3362855662137196
mid,1.0,70,-1.2549258928846136
mid,1.0,71,-1.4903275907137195
mid,1.0,72,-1.6811988089387175
mid,1.0,73,-1.521890108814526
mid,1.0,74,-1.4729269642179548
mid,1.0,75,-1.8359423948258422
mid,1.0,76,-1.016361369232306
mid,1.0,77,-1.3541342857010485
mid,1.0,78,-1.2704511248234496
mid,1.0,79,-1.3348129602063898
mid,1.0,80,-1.5546414940230942
mid,1.0,81,-1.4667422861600972
mid,1.0,82,-1.2811687567006989
mid,1.0,83,-1.4973003239947869
mid,1.0,84,-1.453170394644621
mid,1.0,85,-1.112623663794648
mid,1.0,86,-1.8251169527440798
mid,1.0,87,-1.4646759237290379
mid,1.0,88,-1.4427858480134939
mid,1.0,89,-1.3357669490943416
mid,1.0,90,-1.6244706747433517
mid,1.0,91,-1.5373664808201175
mid,1.0,92,-1.5527613259121278
mid,1.0,93,-0.9943153235735249
mid,1.0,94,-1.3781393139777545
mid,1.0,95,-1.3908539315222352
mid,1.0,96,-1.470479698633733
mid,1.0,97,-1.5221061010405068
mid,1.0,98,-1.2585295369808371
mid,1.0,99,-1.215935415848285
mid,1.0,100,-1.545459404832528
mid,1.0,101,-1.3254390470377886
mid,1.0,102,-1.6576881683405302
mid,1.0,103,-1.455858640218973
mid,1.0,104,-1.3341942491743775
mid,1.0,105,-1.5675878775382395
mid,1.0,106,-1.506100372763439
mid,1.0,107,-1.193810315065016
mid,1.0,108,-1.3640952402041226
mid,1.0,109,-1.2133159634868915
mid,1.0,110,-1.5727457010817367
mid,1.0,111,-1.446239382261057
mid,1.0,112,-1.1420827977914727
mid,1.0,113,-1.1441311550120372
mid,1.0,114,-1.1222719333136373
mid,1.0,115,-1.5306134799367026
mid,1.0,116,-1.4327897304175254
mid,1.0,117,-1.0648843662728027
mid,1.0,118,-1.5853058746057942
mid,1.0,119,-1.7500849300842047
mid,1.0,120,-1.4438929802185625
mid,1.0,121,-1.4416986136648677
mid,1.0,122,-1.445267191424905
mid,1.0,123,-1.5977238604973323
mid,1.0,124,-1.2158436846617824
mid,1.0,125,-1.324140865794167
mid,1.0,126,-1.1765253934008497
mid,1.0,127,-0.9722059284067865
mid,1.0,128,-1.3823765843036455
mid,1.0,129,-1.0351944370775
mid,1.0,130,-1.298925614763925
mid,1.0,131,-1.2738172718404492
mid,1.0,132,-1.346948270543043
mid,1.0,133,-1.390117037933409
mid,1.0,134,-1.4262622562473728
mid,1.0,135,-1.2044143634684386
mid,1.0,136,-1.310309964498975
mid,1.0,137,-1.486638416473149
mid,1.0,138,-1.3777396548670813
mid,1.0,139,-1.1956414184869373
mid,1.0,140,-1.278734200046802
mid,1.0,141,-1.1675830346154517
mid,1.0,142,-1.162664872734958
mid,1.0,143,-1.2835555269210361
mid,1.0,144,-1.4124567097088632
mid,1.0,145,-1.4070187159896237
mid,1.0,146,-1.385645360366472
mid,1.0,147,-1.3705518148619238
mid,1.0,148,-1.4676464769254418
mid,1.0,149,-1.3508450937349854
mid,1.0,150,-1.0603307659469259
mid,1.0,151,-0.9823050676956633
mid,1.0,152,-1.6872621347100714
mid,1.0,153,-1.212008467832172
mid,1.0,154,-0.5027752178882514
mid,1.0,155,-1.057202355260721
mid,1.0,156,-1.3516788553952548
mid,1.0,157,-1.2171210565741057
mid,1.0,158,-1.4047626663064068
mid,1.0,159,-1.0021071241140531
mid,1.0,160,-1.2332130609551988
mid,1.0,161,-1.5275746359043223
mid,1.0,162,-1.7012455194144147
mid,1.0,163,-1.1516381049026758
mid,1.0,164,-1.2751513586751082
mid,1.0,165,-1.3548487142924255
mid,1.0,166,-1.1010369698163918
mid,1.0,167,-1.1210721841377305
mid,1.0,168,-1.3412956155699236
mid,1.0,169,-0.9355977969119137
mid,1.0,170,-0.9400757423395972
mid,1.0,171,-1.2404247554598602
mid,1.0,172,-1.3272674290182964
mid,1.0,173,-1.4655952865508257
mid,1.0,174,-1.693292425189141
mid,1.0,175,-1.2189495182848893
mid,1.0,176,-1.4659436187391373
mid,1.0,177,-1.2023326555320077
mid,1.0,178,-1.125601311212098
mid,1.0,179,-1.4021324347000648
mid,1.0,180,-1.0092444469702675
mid,1.0,181,-0.9189601108619856
mid,1.0,182,-1.5058696625293466
mid,1.0,183,-1.5043568509159975
mid,1.0,184,-1.544168038468878
mid,1.0,185,-1.4355132529614913
mid,1.0,186,-1.5410786530574239
mid,1.0,187,-1.5944161798874108
mid,1.0,188,-1.454664876492572
mid,1.0,189,-1.1978170163585717
mid,1.0,190,-0.9469542413021791
mid,1.0,191,-1.7173598988420602
mid,1.0,192,-1.2067593061061719
mid,1.0,193,-1.4197775345055934
mid,1.0,194,-1.4227801673440201
mid,1.0,195,-1.2816955469371063
mid,1.0,196,-1.554821150770437
mid,1.0,197,-1.9150198302901371
mid,1.0,198,-1.382591260141062
mid,1.0,199,-1.5332319436265003
mid,1.0,200,-1.6150217455926759
mid,1.0,201,-1.7114306956361365
mid,1.0,202,-1.5285850534892376
mid,1.0,203,-1.541616927040746
mid,1.0,204,-1.467407821651265
mid,1.0,205,-1.8012411642470616
mid,1.0,206,-1.6044836744588236
mid,1.0,207,-1.2850649856262708
mid,1.0,208,-1.4619694622290174
mid,1.0,209,-1.3894565059392234
mid,1.0,210,-1.1352418601040346
mid,1.0,211,-1.6331782688727132
mid,1.0,212,-1.4826186465857285
mid,1.0,213,-1.2176886639296138
mid,1.0,214,-1.310803126825528
mid,1.0,215,-1.133420620084526
mid,1.0,216,-1.461540710112959
mid,1.0,217,-1.4860304793326398
mid,1.0,218,-1.1645917583995569
mid,1.0,219,-1.349176986153221
mid,1.0,220,-1.2433631857070708
mid,1.0,221,-1.2900322544867104
mid,1.0,222,-1.1260968219550018
mid,1.0,223,-1.6933226619247563
mid,1.0,224,-1.178623001403864
mid,1.0,225,-1.5807351825432359
mid,1.0,226,-1.3180298690914591
mid,1.0,227,-1.297137403614821
mid,1.0,228,-1.4473857046944039
mid,1.0,229,-1.0704713268734694
mid,1.0,230,-1.4877237620296782
mid,1.0,231,-1.4027680884936407
mid,1.0,232,-1.6447252510394743
mid,1.0,233,-1.5371069750776296
mid,1.0,234,-1.389701730408987
mid,1.0,235,-1.3991582165125354
mid,1.0,236,-1.648528680516906
mid,1.0,237,-1.5348451603221955
mid,1.0,238,-1.5206273321580397
mid,1.0,239,-1.896924259178718
mid,1.0,240,-1.489826479084424
mid,1.0,241,-1.478648286791601
mid,1.0,242,-1.2344079830448793
mid,1.0,243,-1.2867108499245496
mid,1.0,244,-1.4173355958416578
mid,1.0,245,-1.85499646537366
mid,1.0,246,-1.5926404741210476
mid,1.0,247,-1.1963913054868462
mid,1.0,248,-1.5059834148398508
mid,1.0,249,-1.44788835554201
mid,1.0,250,-1.7053339899837812
mid,1.0,251,-1.5462256690035574
mid,1.0,252,-1.178753213767333
mid,1.0,253,-1.1562565169736008
mid,1.0,254,-1.2869447999577588
mid,1.0,255,-1.7283961760102466
mid,1.0,256,-1.5998208343308158
mid,1.0,257,-1.5597153307069493
mid,1.0,258,-1.3159348601912089
mid,1.0,259,-1.4874244459924306
mid,1.0,260,-1.5243354805929947
mid,1.0,261,-1.429619445405899
mid,1.0,262,-1.4972607620409837
mid,1.0,263,-1.4373057018349968
mid,1.0,264,-1.3942830271861852
mid,1.0,265,-1.2340997229958899
mid,1.0,266,-1.4314757303614838
mid,1.0,267,-1.5222998255406692
mid,1.0,268,-1.1799509772553425
mid,1.0,269,-1.5191271006176663
mid,1.0,270,-1.393714411854495
mid,1.0,271,-1.37160275345001
mid,1.0,272,-1.4255195792151263
mid,1.0,273,-1.3190837543495781
mid,1.0,274,-1.473832681664013
mid,1.0,275,-1.2001453458244002
mid,1.0,276,-1.7979117413615213
mid,1.0,277,-1.211905985418546
mid,1.0,278,-1.5549585593035913
mid,1.0,279,-1.6909064278634598
mid,1.0,280,-1.7076253410902837
mid,1.0,281,-1.3280136589027776
mid,1.0,282,-1.5666963587777645
mid,1.0,283,-1.592030998578313
mid,1.0,284,-1.5843941523097143
mid,1.0,285,-1.3558432513793397
mid,1.0,286,-1.5631542723655285
mid,1.0,287,-1.5306423081575935
mid,1.0,288,-1.333696729358593
mid,1.0,289,-1.6539969097466034
mid,1.0,290,-1.6571121191426241
mid,1.0,291,-1.4324241425691937
mid,1.0,292,-1.3100944133883257
mid,1.0,293,-1.795101501961632
mid,1.0,294,-1.3338105623686147
mid,1.0,295,-1.534211961992093
mid,1.0,296,-1.2526108614094282
mid,1.0,297,-1.700980544035023
mid,1.0,298,-1.2675668431321285
mid,1.0,299,-1.4632266585044258
mid,1.0,300,-1.4080864808596445
mid,1.0,301,-1.5465294836496184
mid,1.0,302,-1.6343086570918377
mid,1.0,303,-1.4697782361999523
mid,1.0,304,-1.4356515871305329
mid,1.0,305,-1.1301820300145027
mid,1.0,306,-1.3342640572783644
mid,1.0,307,-1.3078163720940332
mid,1.0,308,-1.3788131376340609
mid,1.0,309,-1.2766347554467867
mid,1.0,310,-1.2910885859171095
mid,1.0,311,-1.608517480117155
mid,1.0,312,-1.3415094718746712
mid,1.0,313,-1.6427388932126954
mid,1.0,314,-1.5053243859196266
mid,1.0,315,-1.2214082794734569
mid,1.0,316,-1.595324461727505
mid,1.0,317,-1.5123382789292665
mid,1.0,318,-1.265967245893954
mid,1.0,319,-1.658573251713637
mid,1.0,320,-1.2698288337725456
mid,1.0,321,-1.1226133516874914
mid,1.0,322,-1.4866192871001715
mid,1.0,323,-1.3409468794065007
mid,1.0,324,-0.9399737514886146
mid,1.0,325,-1.3365975619291783
mid,1.0,326,-1.0812379183426368
mid,1.0,327,-1.1669004911035217
mid,1.0,328,-1.5079929227273925
mid,1.0,329,-1.490266372229503
mid,1.0,330,-1.4745039297938354
mid,1.0,331,-1.7298401791080558
mid,1.0,332,-1.0867301976261152
mid,1.0,333,-1.3438476098357395
mid,1.0,334,-1.4087669834146896
mid,1.0,335,-1.4706343008101994
mid,1.0,336,-1.403590349592203
mid,1.0,337,-1.382185415772946
mid,1.0,338,-1.3065756843713423
mid,1.0,339,-1.356023648490784
mid,1.0,340,-1.6038318229210542
mid,1.0,341,-1.2143815999729919
mid,1.0,342,-1.4131731103246696
mid,1.0,343,-1.0924843034978797
mid,1.0,344,-1.1897254807664737
mid,1.0,345,-1.3006296354595566
mid,1.0,346,-1.127370160450905
mid,1.0,347,-1.5989130310066204
mid,1.0,348,-1.3344385997977406
mid,1.0,349,-1.32977104287532
mid,1.0,350,-1.1632150597283313
mid,1.0,351,-1.4950304481284593
mid,1.0,352,-1.4607372432295895
mid,1.0,353,-1.2873679152283803
mid,1.0,354,-1.342786177688074
mid,1.0,355,-0.9037063512447785
mid,1.0,356,-1.4972339047887075
mid,1.0,357,-1.3622604064659796
mid,1.0,358,-1.4819347669337526
mid,1.0,359,-1.39375307310228
mid,1.0,360,-1.6893330918484462
mid,1.0,361,-1.312595175265145
mid,1.0,362,-1.6459406572381376
mid,1.0,363,-1.6599101182812723
mid,1.0,364,-1.4557358111771976
mid,1.0,365,-1.4110573339905654
mid,1.0,366,-1.4549730811604604
mid,1.0,367,-1.5344656401564236
mid,1.0,368,-0.9228928374605327
mid,1.0,369,-1.624563470800453
mid,1.0,370,-1.322727756734482
mid,1.0,371,-1.4155008705378564
mid,1.0,372,-1.4806656434327854
mid,1.0,373,-1.2373827029672322
mid,1.0,374,-1.4405763103778804
mid,1.0,375,-1.4451377702351074
mid,1.0,376,-1.2819247394503535
mid,1.0,377,-1.4124757650444364
mid,1.0,378,-1.6626286869423108
mid,1.0,379,-1.6543043118050564
mid,1.0,380,-1.4809483831954344
mid,1.0,381,-1.5931599791615008
mid,1.0,382,-1.4513652373520072
mid,1.0,383,-1.3936230747409304
mid,1.0,384,-1.745232675080089
mid,1.0,385,-1.3403756107141251
mid,1.0,386,-1.3049312668124502
mid,1.0,387,-0.8266818858676968
mid,1.0,388,-1.3832304611041573
mid,1.0,389,-1.5084645361137665
mid,1.0,390,-1.0266177511326708
mid,1.0,391,-1.1399918942188316
mid,1.0,392,-1.252691673435964
mid,1.0,393,-1.0941024017622096
mid,1.0,394,-1.1318547726938548
mid,1.0,395,-1.1804522698071331
mid,1.0,396,-1.3642412988207586
mid,1.0,397,-1.5292230890633032
mid,1.0,398,-1.781999608691249
mid,1.0,399,-1.1296455019766065
mid,1.0,400,-1.6801105508325411
mid,1.0,401,-1.3238042407172397
mid,1.0,402,-1.2606567540017166
mid,1.0,403,-1.6643076350739323
mid,1.0,404,-1.03864326922444
mid,1.0,405,-1.4931635885600223
mid,1.0,406,-1.3032251994172284
mid,1.0,407,-1.4712338558618243
mid,1.0,408,-0.9961078612456878
mid,1.0,409,-1.7491292953342163
mid,1.0,410,-1.4276213931535189
mid,1.0,411,-1.3227583798786537
mid,1.0,412,-1.4310250217464937
mid,1.0,413,-1.3403887363877147
mid,1.0,414,-1.7126461631805487
mid,1.0,415,-1.3232508350536953
mid,1.0,416,-1.0887562012042133
mid,1.0,417,-1.2084477878117854
mid,1.0,418,-1.4735962440719732
mid,1.0,419,-1.7227465706990217
mid,1.0,420,-1.28162839780454
mid,1.0,421,-1.5897282237939656
mid,1.0,422,-1.648853578923567
mid,1.0,423,-1.434356495283677
mid,1.0,424,-1.6668683423849588
mid,1.0,425,-1.3868600222806158
mid,1.0,426,-1.2045411119237275
mid,1.0,427,-1.4871949173937438
mid,1.0,428,-1.431628654124325
mid,1.0,429,-1.319831415338715
mid,1.0,430,-1.4279703034077416
mid,1.0,431,-1.704667024816802
mid,1.0,432,-1.4883186720096846
mid,1.0,433,-1.2752542938780174
mid,1.0,434,-1.7422491606326271
mid,1.0,435,-1.4902893306213716
mid,1.0,436,-1.2639138108666335
mid,1.0,437,-1.4344358183357901
mid,1.0,438,-1.6052846937944745
mid,1.0,439,-1.375873674590229
mid,1.0,440,-1.6011399005665208
mid,1.0,441,-1.454115817752409
mid,1.0,442,-1.5329411736656806
mid,1.0,443,-1.1248405040319323
mid,1.0,444,-1.6354844398068666
mid,1.0,445,-1.3481941944851323
mid,1.0,446,-1.4773712448191574
mid,1.0,447,-1.684769374220081
mid,1.0,448,-1.5462336600393984
mid,1.0,449,-1.4805230977137722
mid,1.0,450,-1.709578967914799
mid,1.0,451,-1.5048498380227449
mid,1.0,452,-1.405557368801069
mid,1.0,453,-1.4490754376301915
mid,1.0,454,-1.1257106209481924
mid,1.0,455,-1.5290505795778382
mid,1.0,456,-1.5504929464858317
mid,1.0,457,-1.3309923694614307
mid,1.0,458,-0.9488910391875929
mid,1.0,459,-1.1864755391833515
mid,1.0,460,-1.3416329613346205
mid,1.0,461,-1.6944139866834056
mid,1.0,462,-1.344699246032357
mid,1.0,463,-1.363643793692658
mid,1.0,464,-1.3804144245101837
mid,1.0,465,-1.270254244060964
mid,1.0,466,-1.5959553767143302
mid,1.0,467,-1.219206394889114
mid,1.0,468,-1.1925655430011044
mid,1.0,469,-1.3318143620986211
mid,1.0,470,-1.4190595272141535
mid,1.0,471,-1.051288791101408
mid,1.0,472,-1.2373177296433353
mid,1.0,473,-1.332540507159504
mid,1.0,474,-1.693861999916873
mid,1.0,475,-1.2630827044361783
mid,1.0,476,-1.3933983104414136
mid,1.0,477,-1.0813712867722427
mid,1.0,478,-1.3818960508576201
mid,1.0,479,-1.221150078742771
mid,1.0,480,-1.2556081542564215
mid,1.0,481,-1.3973572586942529
mid,1.0,482,-0.956454915694974
mid,1.0,483,-1.0929194055196099
mid,1.0,484,-1.4217020612339506
mid,1.0,485,-1.2898889712519692
mid,1.0,486,-1.4922284594306203
mid,1.0,487,-1.5841733435357344
mid,1.0,488,-1.866006295753826
mid,1.0,489,-0.9797138343311845
mid,1.0,490,-1.1260295890677041
mid,1.0,491,-1.5835908896212962
mid,1.0,492,-1.125336431302845
mid,1.0,493,-1.3313219142192794
mid,1.0,494,-1.8412218371403333
mid,1.0,495,-1.0018570696906957
mid,1.0,496,-1.6694059316647636
mid,1.0,497,-1.0485682236913838
mid,1.0,498,-1.3045956149124998
mid,1.0,499,-1.3396073478166677
mid,1.0,500,-1.1212151122829912
mid,1.0,501,-1.5679382420897503
mid,1.0,502,-1.535098282295939
mid,1.0,503,-1.275713378323723
mid,1.0,504,-1.6239488902259085
mid,1.0,505,-1.4280428908679328
mid,1.0,506,-1.567512642217484
mid,1.0,507,-1.5742922451420571
mid,1.0,508,-1.1666163732235157
mid,1.0,509,-1.2909110295208028
mid,1.0,510,-1.065713488335052
mid,1.0,511,-1.1338963248393106
mid,1.0,512,-1.5488516032877742
mid,1.0,513,-1.2550537224756475
mid,1.0,514,-1.1433160137495666
mid,1.0,515,-1.401504004875988
mid,1.0,516,-1.4268098377483744
mid,1.0,517,-1.3034069199958176
mid,1.0,518,-1.338972182499497
mid,1.0,519,-1.5475258332346864
mid,1.0,520,-1.2638186739499973
mid,1.0,521,-1.2921826246264332
mid,1.0,522,-1.3853951627507415
mid,1.0,523,-1.2662201243492293
mid,1.0,524,-1.3580051008056946
mid,1.0,525,-1.4185191547423723
mid,1.0,526,-1.2379832095995125
mid,1.0,527,-1.1998108972305104
mid,1.0,528,-1.5733721971915122
mid,1.0,529,-1.3435443672649974
mid,1.0,530,-1.2735874940651946
mid,1.0,531,-1.3387215221471098
mid,1.0,532,-1.2007214273375053
mid,1.0,533,-1.48116444249271
mid,1.0,534,-1.1443706657937414
mid,1.0,535,-1.2675964094583538
mid,1.0,536,-1.1736146875571507
mid,1.0,537,-1.4936172817782376
mid,1.0,538,-1.6028591659322242
mid,1.0,539,-1.2304786031839543
mid,1.0,540,-1.5305566948236753
mid,1.0,541,-1.2516212050995845
mid,1.0,542,-1.4838063551157021
mid,1.0,543,-1.6265104047041874
mid,1.0,544,-1.5086707868056004
mid,1.0,545,-1.3001674849171356
mid,1.0,546,-1.5482894697229288
mid,1.0,547,-1.1832114244267606
mid,1.0,548,-1.2952971262672488
mid,1.0,549,-1.863057955029989
mid,1.0,550,-1.5527893367576588
mid,1.0,551,-1.8053340137283715
mid,1.0,552,-1.6481525150583267
mid,1.0,553,-1.072819712035715
mid,1.0,554,-1.2166616194233848
mid,1.0,555,-1.4780119876473368
mid,1.0,556,-1.4683821678901279
mid,1.0,557,-1.5531349352045059
mid,1.0,558,-1.4825903022029074
mid,1.0,559,-1.3737610887926328
mid,1.0,560,-1.2268793382905119
mid,1.0,561,-1.5298378403495572
mid,1.0,562,-1.400178656976646
mid,1.0,563,-1.2807767954771412
mid,1.0,564,-1.5695326477711564
mid,1.0,565,-1.2125235973323378
mid,1.0,566,-1.1471450463908048
mid,1.0,567,-1.7046452465587796
mid,1.0,568,-1.9172857788458053
mid,1.0,569,-1.377946639268882
mid,1.0,570,-1.8673130539424692
mid,1.0,571,-1.6541181260491409
mid,1.0,572,-1.525682566094686
mid,1.0,573,-1.4160701625126622
mid,1.0,574,-1.2694147745974584
mid,1.0,575,-1.6488175040899253
mid,1.0,576,-1.2254646004928305
mid,1.0,577,-1.3850779281814791
mid,1.0,578,-1.3915065451976896
mid,1.0,579,-1.4881229314975322
mid,1.0,580,-1.6198992801320744
mid,1.0,581,-1.5474117867071304
mid,1.0,582,-1.2920057220363208
mid,1.0,583,-1.1233661840657014
mid,1.0,584,-1.7499718247393983
mid,1.0,585,-1.209486859846356
mid,1.0,586,-1.3616705568630125
mid,1.0,587,-1.1019869746532474
mid,1.0,588,-1.6151143743498049
mid,1.0,589,-0.9889313893230905
mid,1.0,590,-1.1527924140985906
mid,1.0,591,-1.3655712595781002
mid,1.0,592,-1.6312584624198552
mid,1.0,593,-1.4220028734195036
mid,1.0,594,-1.3590640574758386
mid,1.0,595,-1.3728816780707258
mid,1.0,596,-1.7422320231081148
mid,1.0,597,-1.3314387101095604
mid,1.0,598,-1.6863890827279462
mid,1.0,599,-1.4971061436817477
mid,1.0,600,-1.2877607910673323
mid,1.0,601,-1.4688126002843822
mid,1.0,602,-1.2334487569760808
mid,1.0,603,-1.42794489922545
mid,1.0,604,-1.4316186768048889
mid,1.0,605,-1.3655178998230475
mid,1.0,606,-1.6206492392871712
mid,1.0,607,-1.4690100352951672
mid,1.0,608,-1.1345758036427964
mid,1.0,609,-1.4619615122442626
mid,1.0,610,-1.5880337876781987
mid,1.0,611,-0.8657256965327602
mid,1.0,612,-1.510435969014903
mid,1.0,613,-1.0789359645093675
mid,1.0,614,-1.4084075415928228
mid,1.0,615,-1.2382779483498385
mid,1.0,616,-1.3933461195120012
mid,1.0,617,-1.4905795743427188
mid,1.0,618,-1.5225262742956707
mid,1.0,619,-1.0599927787153134
mid,1.0,620,-1.4191278390339106
mid,1.0,621,-1.394780940974482
mid,1.0,622,-1.9386962464900612
mid,1.0,623,-1.3857224008940532
mid,1.0,624,-1.2403137734975815
mid,1.0,625,-1.2659482113116984
mid,1.0,626,-1.6767590073661685
mid,1.0,627,-1.139674347531651
mid,1.0,628,-1.159767901402323
mid,1.0,629,-1.5581585041527257
mid,1.0,630,-1.5316715883122716
mid,1.0,631,-1.1818639241879358
mid,1.0,632,-1.6106856193983208
mid,1.0,633,-1.4285206354847724
mid,1.0,634,-1.5537662481566492
mid,1.0,635,-1.3499974930552834
mid,1.0,636,-1.3074700576811082
mid,1.0,637,-1.582403936450272
mid,1.0,638,-1.436339363513399
mid,1.0,639,-1.3023374245031647
mid,1.0,640,-1.0887570567967895
mid,1.0,641,-1.3632642192053652
mid,1.0,642,-1.3480226329937177
mid,1.0,643,-1.0664052896387368
mid,1.0,644,-1.7698799392633329
mid,1.0,645,-1.5553442401779516
mid,1.0,646,-1.8314978061457317
mid,1.0,647,-1.4822908678283409
mid,1.0,648,-1.4911166230733088
mid,1.0,649,-1.5782625541403505
mid,1.0,650,-1.4670814163646422
mid,1.0,651,-1.6579552172081542
mid,1.0,652,-1.1344088145858322
mid,1.0,653,-1.0021483931388866
mid,1.0,654,-1.3626978776196599
mid,1.0,655,-1.1782689391876973
mid,1.0,656,-1.4936330594865685
mid,1.0,657,-1.591418360188983
mid,1.0,658,-1.1281461182856227
mid,1.0,659,-1.7289434000000174
mid,1.0,660,-1.0608447102876228
mid,1.0,661,-1.6133379345789987
mid,1.0,662,-1.3631319391990087
mid,1.0,663,-1.2611130550864644
mid,1.0,664,-1.473605342198859
mid,1.0,665,-2.0732261121115805
mid,1.0,666,-1.4920794551730372
mid,1.0,667,-1.3964684413793533
mid,1.0,668,-1.6073623649047377
mid,1.0,669,-1.5669892577769915
mid,1.0,670,-1.3396222858118987
mid,1.0,671,-1.475986596828983
mid,1.0,672,-1.1217991161163072
mid,1.0,673,-1.3232643164717766
mid,1.0,674,-1.4369024466471316
mid,1.0,675,-1.5345479447362238
mid,1.0,676,-1.351541555745037
mid,1.0,677,-1.3645080136679721
mid,1.0,678,-1.5781126079682077
mid,1.0,679,-1.3445561556433427
mid,1.0,680,-0.8540779037793298
mid,1.0,681,-1.4379401646803822
mid,1.0,682,-1.4408071110604421
mid,1.0,683,-1.487498477174155
mid,1.0,684,-1.603693303849585
mid,1.0,685,-1.4220591897309585
mid,1.0,686,-1.3486739794210687
mid,1.0,687,-0.9508164617537138
mid,1.0,688,-1.5788468578677182
mid,1.0,689,-1.3576037137377293
mid,1.0,690,-1.6524434126544898
mid,1.0,691,-1.872782198671892
mid,1.0,692,-1.4572128625151595
mid,1.0,693,-1.4200923708158018
mid,1.0,694,-1.347409709063817
mid,1.0,695,-1.3046110783945655
mid,1.0,696,-1.4741244804484808
mid,1.0,697,-1.7007699536085146
mid,1.0,698,-1.3181323188901928
mid,1.0,699,-1.2023984549512905
mid,1.0,700,-1.517630432426002
mid,1.0,701,-1.407706318595769
mid,1.0,702,-1.7114970094957953
mid,1.0,703,-1.5590643597153973
mid,1.0,704,-1.1367284528785953
mid,1.0,705,-1.5332290532468917
mid,1.0,706,-1.5182928964606508
mid,1.0,707,-1.4568340693478394
mid,1.0,708,-1.7303221988289992
mid,1.0,709,-1.207893713929884
mid,1.0,710,-1.412509458529224
mid,1.0,711,-1.080489787161247
mid,1.0,712,-1.5502399104201923
mid,1.0,713,-1.5441710008911347
mid,1.0,714,-1.289544204400557
mid,1.0,715,-1.2892505480403091
mid,1.0,716,-1.124780094244554
mid,1.0,717,-1.4125874285950646
mid,1.0,718,-1.6271279322642749
mid,1.0,719,-1.4758244527244375
mid,1.0,720,-1.599657607310403
mid,1.0,721,-1.3852814091994439
mid,1.0,722,-1.307693249338551
mid,1.0,723,-1.5754438815457512
mid,1.0,724,-1.7740681014444784
mid,1.0,725,-1.6478108063644048
mid,1.0,726,-1.6668554070940642
mid,1.0,727,-1.4742768293611221
mid,1.0,728,-1.525034011165016
mid,1.0,729,-1.485462690818316
mid,1.0,730,-1.2373625482213773
mid,1.0,731,-1.0551478086346755
mid,1.0,732,-1.4618964382890522
mid,1.0,733,-1.3295016654440506
mid,1.0,734,-1.2611396089500044
mid,1.0,735,-1.352364919569615
mid,1.0,736,-1.3912546912666057
mid,1.0,737,-1.3663425209441973
mid,1.0,738,-1.5470776762337342
mid,1.0,739,-1.2967134334059658
mid,1.0,740,-1.3609697826656608
mid,1.0,741,-1.6137096854420383
mid,1.0,742,-1.3544675420415673
mid,1.0,743,-1.4386550474434427
mid,1.0,744,-1.4827243973910569
mid,1.0,745,-1.5973716118850994
mid,1.0,746,-1.2748899602012302
mid,1.0,747,-1.6436415234400406
mid,1.0,748,-1.3805421923763868
mid,1.0,749,-1.1608382371779988
mid,1.0,750,-1.6352382263743481
mid,1.0,751,-1.4293234781546367
mid,1.0,752,-1.4566116927940678
mid,1.0,753,-1.498843290971497
mid,1.0,754,-1.0901670167619715
mid,1.0,755,-1.1256602410265697
mid,1.0,756,-1.2158439141428568
mid,1.0,757,-1.3743223384140313
mid,1.0,758,-1.383215728576582
mid,1.0,759,-0.9825018765897059
mid,1.0,760,-1.6225777477033339
mid,1.0,761,-1.1807081491875517
mid,1.0,762,-1.8097667627166287
mid,1.0,763,-1.354447264606965
mid,1.0,764,-1.5611320427969846
mid,1.0,765,-1.430534057921492
mid,1.0,766,-1.3685520331488903
mid,1.0,767,-1.572051297489373
mid,1.0,768,-1.1001241386418228
mid,1.0,769,-1.4030961057962195
mid,1.0,770,-1.2250386324926683
mid,1.0,771,-1.4078231838370678
mid,1.0,772,-1.691718067872484
mid,1.0,773,-1.3933842886607166
mid,1.0,774,-1.1975535022208086
mid,1.0,775,-1.302807883992179
mid,1.0,776,-1.6895223293712465
mid,1.0,777,-1.4209557088074236
mid,1.0,778,-1.209211405742033
mid,1.0,779,-1.7694882120795516
mid,1.0,780,-1.3298858743067408
mid,1.0,781,-1.5053432775887932
mid,1.0,782,-1.5924614300807263
mid,1.0,783,-1.2102142008618273
mid,1.0,784,-1.120590378974726
mid,1.0,785,-1.422576811812403
mid,1.0,786,-1.3935173679327775
mid,1.0,787,-1.3376317164986515
mid,1.0,788,-1.6704923871450568
mid,1.0,789,-1.385669513678723
mid,1.0,790,-1.1750759458926945
mid,1.0,791,-1.4180744981141713
mid,1.0,792,-1.1626055781796563
mid,1.0,793,-1.2698478009810514
mid,1.0,794,-1.4087611367764856
mid,1.0,795,-1.2863134005965844
mid,1.0,796,-1.5691190897607137
mid,1.0,797,-1.3122087012452612
mid,1.0,798,-1.1587161155031795
mid,1.0,799,-1.258292724664383
mid,1.0,800,-1.2868763123902591
mid,1.0,801,-1.4935726390988275
mid,1.0,802,-1.3466039810819395
mid,1.0,803,-1.309381293919619
mid,1.0,804,-1.547534245864752
mid,1.0,805,-1.6120781710115895
mid,1.0,806,-1.5267832215510062
mid,1.0,807,-1.1291415042555106
mid,1.0,808,-1.1881059682256445
mid,1.0,809,-1.4533082133021156
mid,1.0,810,-1.2425509932645094
mid,1.0,811,-1.4327461375567838
mid,1.0,812,-1.7179212058674513
mid,1.0,813,-1.3107462267783347
mid,1.0,814,-1.206898670357734
mid,1.0,815,-1.3646116370592272
mid,1.0,816,-1.4867135322212894
mid,1.0,817,-1.5233503470866923
mid,1.0,818,-1.0976111624171825
mid,1.0,819,-1.6658979734973445
mid,1.0,820,-1.7495517578245243
mid,1.0,821,-1.7397947098255404
mid,1.0,822,-1.472462106757689
mid,1.0,823,-1.5882604791824848
mid,1.0,824,-1.3349242205988128
mid,1.0,825,-1.0392288764727693
mid,1.0,826,-1.4260601853236696
mid,1.0,827,-1.128985909115773
mid,1.0,828,-1.6882025957537696
mid,1.0,829,-0.8135184267205974
mid,1.0,830,-1.6037536160439672
mid,1.0,831,-1.4260324563670923
mid,1.0,832,-1.6313335135152573
mid,1.0,833,-1.6403375544638812
mid,1.0,834,-1.5547371016499736
mid,1.0,835,-1.6205227393144896
mid,1.0,836,-1.1034257811255306
mid,1.0,837,-1.2986647711345414
mid,1.0,838,-1.4409833882863592
mid,1.0,839,-1.556776635402932
mid,1.0,840,-1.2554261633687511
mid,1.0,841,-1.5506898103628433
mid,1.0,842,-1.4616376360597776
mid,1.0,843,-1.5282954857016182
mid,1.0,844,-1.2276938428608477
mid,1.0,845,-1.0796499302405038
mid,1.0,846,-0.9444794168535222
mid,1.0,847,-1.3862057339116567
mid,1.0,848,-1.4519156600880343
mid,1.0,849,-1.2340084992941138
mid,1.0,850,-1.3430654830192579
mid,1.0,851,-1.3824365302312678
mid,1.0,852,-1.2230755314885122
mid,1.0,853,-1.113674550802807
mid,1.0,854,-1.1947106358892463
mid,1.0,855,-1.261884318478354
mid,1.0,856,-1.3590155150286696
mid,1.0,857,-1.3307585553331434
mid,1.0,858,-1.4686158017544508
mid,1.0,859,-1.4120424798066629
mid,1.0,860,-1.33287951453392
mid,1.0,861,-1.5818564813975127
mid,1.0,862,-1.4373554377983286
mid,1.0,863,-1.3695417435090038
mid,1.0,864,-1.270886131882988
mid,1.0,865,-1.2267838053266402
mid,1.0,866,-1.0639357329838746
mid,1.0,867,-1.3397124653789236
mid,1.0,868,-1.7964940017003708
mid,1.0,869,-1.302745873701036
mid,1.0,870,-1.3406027181949998
mid,1.0,871,-1.5790115416749027
mid,1.0,872,-1.5240891457976427
mid,1.0,873,-1.1971930024915902
mid,1.0,874,-1.6024852648740888
mid,1.0,875,-1.5468903499597981
mid,1.0,876,-1.1389672889678302
mid,1.0,877,-1.3257470569939367
mid,1.0,878,-1.6373151244600888
mid,1.0,879,-1.4522801887911772
mid,1.0,880,-1.5282871658468977
mid,1.0,881,-1.6426193768486055
mid,1.0,882,-0.9859417925484181
mid,1.0,883,-1.4159858489462955
mid,1.0,884,-1.0680740239757915
mid,1.0,885,-0.9974303274889522
mid,1.0,886,-2.023579764990553
mid,1.0,887,-1.6563517828305336
mid,1.0,888,-1.3019650786064052
mid,1.0,889,-1.8187392529110389
mid,1.0,890,-1.372916369900532
mid,1.0,891,-1.6042761723127563
mid,1.0,892,-1.622023442883063
mid,1.0,893,-1.84940350761509
mid,1.0,894,-1.0798627278466464
mid,1.0,895,-1.4890419492511036
mid,1.0,896,-0.9493645030437409
mid,1.0,897,-1.5284307126399346
mid,1.0,898,-1.858136455278104
mid,1.0,899,-1.2947967263648277
mid,1.0,900,-1.1399886882797359
mid,1.0,901,-1.6969908672895617
mid,1.0,902,-1.1440331575864353
mid,1.0,903,-1.320103583769125
mid,1.0,904,-1.6706795579333655
mid,1.0,905,-1.4087266641352292
mid,1.0,906,-1.2495767554228314
mid,1.0,907,-1.570079331504811
mid,1.0,908,-1.697129161992631
mid,1.0,909,-1.208565468392073
mid,1.0,910,-1.0008154125401176
mid,1.0,911,-1.1976768943411726
mid,1.0,912,-1.653368979570204
mid,1.0,913,-1.2987932446797035
mid,1.0,914,-1.4558913136753964
mid,1.0,915,-1.5599956250164426
mid,1.0,916,-1.4066497258171813
mid,1.0,917,-1.4326206662274834
mid,1.0,918,-1.547325763468768
mid,1.0,919,-1.8133187097546524
mid,1.0,920,-1.544977763337492
mid,1.0,921,-1.501617187906227
mid,1.0,922,-1.2084543218117134
mid,1.0,923,-1.4829500299070537
mid,1.0,924,-1.7043478295898091
mid,1.0,925,-1.4474601564859424
mid,1.0,926,-1.597974926851372
mid,1.0,927,-1.470121513936415
mid,1.0,928,-1.5215405370985575
mid,1.0,929,-1.4892435308538121
mid,1.0,930,-1.510851110040084
mid,1.0,931,-1.3637942633889168
mid,1.0,932,-1.292492612281764
mid,1.0,933,-1.5602921768875864
mid,1.0,934,-1.416314862575422
mid,1.0,935,-1.27443251975307
mid,1.0,936,-1.1426851121231956
mid,1.0,937,-1.327478292302263
mid,1.0,938,-1.4916728272854578
mid,1.0,939,-1.4767150165566179
mid,1.0,940,-1.3432669555559706
mid,1.0,941,-1.3234966874242327
mid,1.0,942,-1.2799823794416476
mid,1.0,943,-1.8305685430219838
mid,1.0,944,-1.4137293470273218
mid,1.0,945,-1.6201359946621445
mid,1.0,946,-1.5136944963470775
mid,1.0,947,-1.0531752197816926
mid,1.0,948,-1.301517836707694
mid,1.0,949,-1.7278470419445064
mid,1.0,950,-1.2608399806453587
mid,1.0,951,-1.2858600972496905
mid,1.0,952,-1.304898081114112
mid,1.0,953,-1.6096333403561036
mid,1.0,954,-1.741758831564295
mid,1.0,955,-1.4224354887000228
mid,1.0,956,-1.8165689856657692
mid,1.0,957,-1.3412485430253485
mid,1.0,958,-1.6019512623111793
mid,1.0,959,-1.0353248445359382
mid,1.0,960,-1.5339785129486523
mid,1.0,961,-1.1091691765989242
mid,1.0,962,-1.5832282774400561
mid,1.0,963,-1.9357176889110743
mid,1.0,964,-1.2924125359697376
mid,1.0,965,-2.0458286590443464
mid,1.0,966,-1.4819188684832088
mid,1.0,967,-1.5092769656686715
mid,1.0,968,-1.8420404470236582
mid,1.0,969,-1.464419657396654
mid,1.0,970,-1.3827691160965767
mid,1.0,971,-0.9515687009585166
mid,1.0,972,-1.3938284246912989
mid,1.0,973,-1.2497797751370778
mid,1.0,974,-1.4768657587663057
mid,1.0,975,-1.2790619825045129
mid,1.0,976,-1.640071177519033
mid,1.0,977,-1.3429906451490252
mid,1.0,978,-1.3701596404594922
mid,1.0,979,-1.270608538365677
mid,1.0,980,-1.611841469685991
mid,1.0,981,-1.3274493504788718
mid,1.0,982,-1.2209486894344455
mid,1.0,983,-1.5531799538039184
mid,1.0,984,-1.5430217921157894
mid,1.0,985,-1.321660137150204
mid,1.0,986,-1.326795005085972
mid,1.0,987,-1.5656175651648658
mid,1.0,988,-1.2958858492646572
mid,1.0,989,-1.2734687115503747
mid,1.0,990,-1.4604944175276426
mid,1.0,991,-1.1375149107836282
mid,1.0,992,-1.4324611831357188
mid,1.0,993,-1.2832292661473537
mid,1.0,994,-1.6827896925948063
mid,1.0,995,-1.4113043972540842
mid,1.0,996,-0.9474814889295584
mid,1.0,997,-1.2774912152844018
mid,1.0,998,-1.6688133393195794
mid,1.0,999,-1.2093226224291467
mid,1.0,1000,-1.2713790075443963
mid,1.0,1001,-1.7112341128132593
mid,1.0,1002,-1.5468910647526797
mid,1.0,1003,-0.9784339942477688
mid,1.0,1004,-1.9679447924202775
mid,1.0,1005,-1.2225672370487424
mid,1.0,1006,-1.3267567583222188
mid,1.0,1007,-1.4542954635393204
mid,1.0,1008,-1.5230541190232794
mid,1.0,1009,-1.5710920875811234
mid,1.0,1010,-1.265037621245078
mid,1.0,1011,-1.2180751994259706
mid,1.0,1012,-1.5193867269385133
mid,1.0,1013,-1.347210227545133
mid,1.0,1014,-1.558490838572891
mid,1.0,1015,-1.6550357408657823
mid,1.0,1016,-1.2457795853556501
mid,1.0,1017,-1.3248736276411244
mid,1.0,1018,-1.1787744289963142
mid,1.0,1019,-1.1642640211989
mid,1.0,1020,-0.9278167860307778
mid,1.0,1021,-1.22470099783157
mid,1.0,1022,-1.7691722967100991
mid,1.0,1023,-1.4809559485130843
mid,1.0,1024,-1.2951174798688403
mid,1.0,1025,-1.1723318189658112
mid,1.0,1026,-1.2334959991527874
mid,1.0,1027,-1.2304856491513778
mid,1.0,1028,-1.9462527743848554
mid,1.0,1029,-1.3457261647928316
mid,1.0,1030,-1.2548653753103032
mid,1.0,1031,-1.448689105873121
mid,1.0,1032,-1.4625239210672276
mid,1.0,1033,-1.095839032870426
mid,1.0,1034,-1.3323806124827686
mid,1.0,1035,-1.3466117276230243
mid,1.0,1036,-1.56437405422909
mid,1.0,1037,-1.4153971520157196
mid,1.0,1038,-1.230416253232576
mid,1.0,1039,-1.5461077605822608
mid,1.0,1040,-1.6655607787348865
mid,1.0,1041,-1.3783184043317687
mid,1.0,1042,-1.4928487249636295
mid,1.0,1043,-1.6924895794524337
mid,1.0,1044,-1.4553520724639184
mid,1.0,1045,-1.4225137455951493
mid,1.0,1046,-1.616284303416269
mid,1.0,1047,-1.6838549924791928
mid,1.0,1048,-1.2909476448431536
mid,1.0,1049,-1.3763144377111207
mid,1.0,1050,-1.1406378769401906
mid,1.0,1051,-1.2238492363894666
mid,1.0,1052,-1.0521866105394355
mid,1.0,1053,-1.4416326834698334
mid,1.0,1054,-1.1269382724071744
mid,1.0,1055,-1.5482627034746443
mid,1.0,1056,-1.4557452084782352
mid,1.0,1057,-1.3074719310161154
mid,1.0,1058,-1.4690494983734756
mid,1.0,1059,-1.3982997091917784
mid,1.0,1060,-1.3303064874200417
mid,1.0,1061,-1.448437108882894
mid,1.0,1062,-1.0043716899508586
mid,1.0,1063,-1.2820313629167366
mid,1.0,1064,-1.5453047358828753
mid,1.0,1065,-1.3847872338615232
mid,1.0,1066,-1.3384746563438639
mid,1.0,1067,-1.378471013931002
mid,1.0,1068,-1.62386155497507
mid,1.0,1069,-1.46815224616155
mid,1.0,1070,-1.6273289315969703
mid,1.0,1071,-1.7534826697583743
mid,1.0,1072,-1.3515505584549448
mid,1.0,1073,-1.243278626422472
mid,1.0,1074,-1.8549984548111533
mid,1.0,1075,-1.3652410369373589
mid,1.0,1076,-1.3123730530721458
mid,1.0,1077,-1.1894090818722243
mid,1.0,1078,-1.689969486803093
mid,1.0,1079,-1.2738933121756306
mid,1.0,1080,-1.5923373188979693
mid,1.0,1081,-1.23783133014469
mid,1.0,1082,-1.4847960887594394
mid,1.0,1083,-1.882262818650653
mid,1.0,1084,-1.3499184053280322
mid,1.0,1085,-1.5645992495600871
mid,1.0,1086,-1.8360673126396114
mid,1.0,1087,-1.1648562992212963
mid,1.0,1088,-1.1310877268479727
mid,1.0,1089,-1.279486275698795
mid,1.0,1090,-1.8739099406997122
mid,1.0,1091,-0.8674434552391009
mid,1.0,1092,-1.2018798352613786
mid,1.0,1093,-1.646340753131961
mid,1.0,1094,-1.1623174050537821
mid,1.0,1095,-1.596073770460369
mid,1.0,1096,-1.6676808067906155
mid,1.0,1097,-1.1550455079195505
mid,1.0,1098,-1.641591325449148
mid,1.0,1099,-1.8937409926603705
mid,1.0,1100,-1.5409763013116091
mid,1.0,1101,-1.0585518665784477
mid,1.0,1102,-1.4976475246486973
mid,1.0,1103,-1.3638151664419829
mid,1.0,1104,-1.358201639017855
mid,1.0,1105,-1.2646931239936525
mid,1.0,1106,-1.1966276593759684
mid,1.0,1107,-1.3941369000204655
mid,1.0,1108,-1.321203975822826
mid,1.0,1109,-1.3119044370133706
mid,1.0,1110,-1.3191626390483753
mid,1.0,1111,-1.388130890505648
mid,1.0,1112,-1.486848716251358
mid,1.0,1113,-1.2562970485908278
mid,1.0,1114,-1.4064201345215235
mid,1.0,1115,-1.3243512729944538
mid,1.0,1116,-1.2835207599709573
mid,1.0,1117,-1.404971117572911
mid,1.0,1118,-1.405132066344188
mid,1.0,1119,-1.2540346612416249
mid,1.0,1120,-1.2405990727519196
mid,1.0,1121,-1.5927814608999016
mid,1.0,1122,-1.859447322626885
mid,1.0,1123,-1.348710286038551
mid,1.0,1124,-1.323136017288864
mid,1.0,1125,-1.1621586353780848
mid,1.0,1126,-1.608619027430488
mid,1.0,1127,-1.168694414792826
mid,1.0,1128,-1.1340438592407869
mid,1.0,1129,-1.489282469795223
mid,1.0,1130,-1.2374787223757029
mid,1.0,1131,-1.4064913455337724
mid,1.0,1132,-1.2219605598246186
mid,1.0,1133,-1.121539453682948
mid,1.0,1134,-1.3890494831853322
mid,1.0,1135,-0.8974192401075005
mid,1.0,1136,-1.220902326320282
mid,1.0,1137,-1.413966366999647
mid,1.0,1138,-1.509628738552178
mid,1.0,1139,-1.1746735072398797
mid,1.0,1140,-1.5910556997997727
mid,1.0,1141,-1.097777971952933
mid,1.0,1142,-1.4156611144505458
mid,1.0,1143,-1.2505796525653505
mid,1.0,1144,-1.5962666139530524
mid,1.0,1145,-1.3794340973751733
mid,1.0,1146,-1.1732093080548331
mid,1.0,1147,-1.2791861323141775
mid,1.0,1148,-1.6259567265387307
mid,1.0,1149,-1.3538564329511544
mid,1.0,1150,-1.713302404966784
mid,1.0,1151,-1.5928341891050952
mid,1.0,1152,-1.6279645009196673
mid,1.0,1153,-1.7195918625744582
mid,1.0,1154,-1.3464357894151855
mid,1.0,1155,-1.4282660303180563
mid,1.0,1156,-1.7635011548132005
mid,1.0,1157,-1.270461843582014
mid,1.0,1158,-1.406957443340539
mid,1.0,1159,-1.385408209136236
mid,1.0,1160,-1.4925749349905488
mid,1.0,1161,-1.3553461004247576
mid,1.0,1162,-0.9818674937795456
mid,1.0,1163,-1.6800981580009127
mid,1.0,1164,-1.4731545022129746
mid,1.0,1165,-1.357686550197525
mid,1.0,1166,-1.630520838715816
mid,1.0,1167,-1.2414619286701554
mid,1.0,1168,-1.8611120477180132
mid,1.0,1169,-1.258459484409043
mid,1.0,1170,-1.248761478283631
mid,1.0,1171,-1.488656828802933
mid,1.0,1172,-1.310907841524204
mid,1.0,1173,-1.327593032522493
mid,1.0,1174,-1.3264085705177928
mid,1.0,1175,-1.6140255784744366
mid,1.0,1176,-1.1953832451222848
mid,1.0,1177,-1.2461908052607575
mid,1.0,1178,-1.570030806963686
mid,1.0,1179,-1.3985055060240712
mid,1.0,1180,-1.4477650715555823
mid,1.0,1181,-1.1396640744982571
mid,1.0,1182,-0.9660172181113565
mid,1.0,1183,-1.3231610037132866
mid,1.0,1184,-1.2786636266424103
mid,1.0,1185,-1.47757110808041
mid,1.0,1186,-1.5253376721065528
mid,1.0,1187,-1.3234180764434635
mid,1.0,1188,-1.6993865604349316
mid,1.0,1189,-1.1219059233117954
mid,1.0,1190,-1.4162574234730014
mid,1.0,1191,-1.726903242093239
mid,1.0,1192,-1.4466409390808195
mid,1.0,1193,-1.65120355666593
mid,1.0,1194,-1.2759389582018676
mid,1.0,1195,-1.3961714061542894
mid,1.0,1196,-1.2720588818897505
mid,1.0,1197,-1.1992679974104488
mid,1.0,1198,-1.403388430270537
mid,1.0,1199,-1.4682441110460154
mid,1.0,1200,-1.6829871335209643
mid,1.0,1201,-1.5796048951794568
mid,1.0,1202,-1.2728758352736929
mid,1.0,1203,-1.373109156457999
mid,1.0,1204,-1.4058242015418676
mid,1.0,1205,-1.2268089082987603
mid,1.0,1206,-1.2437002445428522
mid,1.0,1207,-1.483261769337627
mid,1.0,1208,-1.5515447737769075
mid,1.0,1209,-1.2245653044332903
mid,1.0,1210,-1.6667878733893553
mid,1.0,1211,-1.8749157044630076
mid,1.0,1212,-1.40391092020888
mid,1.0,1213,-0.8089151445183799
mid,1.0,1214,-1.579962936678268
mid,1.0,1215,-1.4633229416025182
mid,1.0,1216,-1.4524007461136788
mid,1.0,1217,-1.4159314062659476
mid,1.0,1218,-1.3137826990163943
mid,1.0,1219,-1.3707956427285966
mid,1.0,1220,-0.8934995122518677
mid,1.0,1221,-1.5042007233120103
mid,1.0,1222,-1.5622255200202944
mid,1.0,1223,-1.4705277758329633
mid,1.0,1224,-1.5539221318445804
mid,1.0,1225,-1.3322947688201925
mid,1.0,1226,-1.3681666833268704
mid,1.0,1227,-1.396296999033317
mid,1.0,1228,-1.6780638781984778
mid,1.0,1229,-1.3305293069911448
mid,1.0,1230,-1.3924984170002788
mid,1.0,1231,-1.5330957856898202
mid,1.0,1232,-1.5404184002389172
mid,1.0,1233,-1.479985780168819
mid,1.0,1234,-1.5351599711189021
mid,1.0,1235,-1.325826904151022
mid,1.0,1236,-1.3345339407752215
mid,1.0,1237,-1.2208783520831645
mid,1.0,1238,-1.2187938949199664
mid,1.0,1239,-1.4961811624729118
mid,1.0,1240,-1.1905533491504412
mid,1.0,1241,-1.4230948957414131
mid,1.0,1242,-1.2264210582577657
mid,1.0,1243,-1.5609615995327484
mid,1.0,1244,-1.0272775714234952
mid,1.0,1245,-1.5287630526751002
mid,1.0,1246,-1.8319233285576932
mid,1.0,1247,-1.280955263822687
mid,1.0,1248,-1.4066905482093062
mid,1.0,1249,-1.5981209566778833
mid,1.0,1250,-1.2389882493874753
mid,1.0,1251,-1.525404395987755
mid,1.0,1252,-1.4076816028561412
mid,1.0,1253,-1.5526688654707617
mid,1.0,1254,-1.4999932581122077
mid,1.0,1255,-1.3002782423391586
mid,1.0,1256,-1.605411165384771
mid,1.0,1257,-1.4041164067026257
mid,1.0,1258,-1.3633782647930153
mid,1.0,1259,-1.5836889971689243
mid,1.0,1260,-1.1817218752229264
mid,1.0,1261,-1.4256738736802717
mid,1.0,1262,-1.7963378831285572
mid,1.0,1263,-1.8138678925295844
mid,1.0,1264,-1.3612979243874517
mid,1.0,1265,-1.3527484082430206
mid,1.0,1266,-1.6025074129944827
mid,1.0,1267,-1.2411611431795546
mid,1.0,1268,-1.3758603740285351
mid,1.0,1269,-1.840906844492309
mid,1.0,1270,-1.4009676264049369
mid,1.0,1271,-1.5217209018139934
mid,1.0,1272,-1.4142052324828196
mid,1.0,1273,-1.6959686467760087
mid,1.0,1274,-1.5975909985659884
mid,1.0,1275,-1.3239829006543316
mid,1.0,1276,-1.3587699507442146
mid,1.0,1277,-1.0985858688915273
mid,1.0,1278,-1.3560206264382002
mid,1.0,1279,-1.3168440942386503
mid,1.0,1280,-1.4557370043808697
mid,1.0,1281,-1.4333141873174648
mid,1.0,1282,-1.5141229581052542
mid,1.0,1283,-1.3407939803722657
mid,1.0,1284,-1.4633850883691701
mid,1.0,1285,-1.2381858984528948
mid,1.0,1286,-1.324814266558682
mid,1.0,1287,-1.16078456172123
mid,1.0,1288,-1.1814791477932662
mid,1.0,1289,-1.432187578570637
mid,1.0,1290,-1.6090787191992557
mid,1.0,1291,-1.4410490904506117
mid,1.0,1292,-1.6552669570881573
mid,1.0,1293,-1.2263257033408248
mid,1.0,1294,-1.3959432327472063
mid,1.0,1295,-1.7217931495797516
mid,1.0,1296,-1.3258696773329917
mid,1.0,1297,-1.5482291663749514
mid,1.0,1298,-1.2978345565298464
mid,1.0,1299,-1.3801267352519508
mid,1.0,1300,-0.9835154045195826
mid,1.0,1301,-1.4183817585001801
mid,1.0,1302,-1.3517855004967092
mid,1.0,1303,-1.2354976991850735
mid,1.0,1304,-1.4820376291543804
mid,1.0,1305,-1.285934174047687
mid,1.0,1306,-1.4691259999844666
mid,1.0,1307,-1.4265251912591903
mid,1.0,1308,-1.370849958410465
mid,1.0,1309,-1.2809931304403785
mid,1.0,1310,-1.5412746218841702
mid,1.0,1311,-1.226313974121298
mid,1.0,1312,-1.3711331427208202
mid,1.0,1313,-1.3014245675196525
mid,1.0,1314,-1.2152806554543596
mid,1.0,1315,-0.8953590047544185
mid,1.0,1316,-1.9761204047351149
mid,1.0,1317,-1.1261824764848627
mid,1.0,1318,-1.6066531380181477
mid,1.0,1319,-1.5432575146518044
mid,1.0,1320,-1.4905772187850774
mid,1.0,1321,-1.310847609175587
mid,1.0,1322,-1.6289762935096275
mid,1.0,1323,-1.160757592601265
mid,1.0,1324,-1.480829520505186
mid,1.0,1325,-1.9878058584467138
mid,1.0,1326,-1.7277778567133066
mid,1.0,1327,-1.1585706686781605
mid,1.0,1328,-1.5874048588974772
mid,1.0,1329,-1.276574504031133
mid,1.0,1330,-1.2132835753000055
mid,1.0,1331,-1.097438580730968
mid,1.0,1332,-1.2698353167208611
mid,1.0,1333,-1.332721890370808
mid,1.0,1334,-1.3126626722116943
mid,1.0,1335,-1.3569738000831746
mid,1.0,1336,-1.689129556182924
mid,1.0,1337,-1.5139013691346375
mid,1.0,1338,-1.5048221403601783
mid,1.0,1339,-1.3287368940854012
mid,1.0,1340,-1.1300503292739508
mid,1.0,1341,-1.3748246933661772
mid,1.0,1342,-1.1748137252196769
mid,1.0,1343,-1.5951452626011924
mid,1.0,1344,-1.1661825342415155
mid,1.0,1345,-1.1163334290168518
mid,1.0,1346,-0.9991732151737165
mid,1.0,1347,-1.739733508264682
mid,1.0,1348,-1.2340637504301812
mid,1.0,1349,-1.6219512371857963
mid,1.0,1350,-1.391356377543403
mid,1.0,1351,-1.3446486994807687
mid,1.0,1352,-1.5589916313559404
mid,1.0,1353,-1.137163088410737
mid,1.0,1354,-1.1732737856150979
mid,1.0,1355,-1.3217977477052316
mid,1.0,1356,-1.2999743011046918
mid,1.0,1357,-1.024330040377742
mid,1.0,1358,-1.284068858223513
mid,1.0,1359,-1.6499837117558136
mid,1.0,1360,-1.3847331999227745
mid,1.0,1361,-1.580305714306327
mid,1.0,1362,-1.2252633193827842
mid,1.0,1363,-1.1322368061308015
mid,1.0,1364,-1.3876385622173033
mid,1.0,1365,-1.4923940147545802
mid,1.0,1366,-1.332688314530709
mid,1.0,1367,-1.6060406991250131
mid,1.0,1368,-1.0132032976915497
mid,1.0,1369,-1.311934292092452
mid,1.0,1370,-1.327496919857468
mid,1.0,1371,-0.9554527356233172
mid,1.0,1372,-1.1165836372909075
mid,1.0,1373,-1.2279265275279063
mid,1.0,1374,-1.4255100772778442
mid,1.0,1375,-1.5599371652695533
mid,1.0,1376,-1.4878917347474805
mid,1.0,1377,-1.6313037924997702
mid,1.0,1378,-1.1091572271101238
mid,1.0,1379,-1.4502813558684993
mid,1.0,1380,-1.2883094999661782
mid,1.0,1381,-1.5549610208766442
mid,1.0,1382,-1.2568395730478983
mid,1.0,1383,-1.4797097177646974
mid,1.0,1384,-1.1236129400333124
mid,1.0,1385,-1.2101064013314182
mid,1.0,1386,-1.1837953309903348
mid,1.0,1387,-1.4261704239345598
mid,1.0,1388,-1.0944816165354612
mid,1.0,1389,-1.5961670631348583
mid,1.0,1390,-1.2167638118103115
mid,1.0,1391,-1.3532412778313283
mid,1.0,1392,-1.1788271610203596
mid,1.0,1393,-1.5236643334852273
mid,1.0,1394,-1.675080919751066
mid,1.0,1395,-1.2821675408528093
mid,1.0,1396,-1.2462944924940054
mid,1.0,1397,-1.4103756497196156
mid,1.0,1398,-1.7756705932019614
mid,1.0,1399,-1.6369098754011393
mid,1.0,1400,-1.4030001845904323
mid,1.0,1401,-1.4505288094362383
mid,1.0,1402,-1.4193827616274688
mid,1.0,1403,-1.423377990965406
mid,1.0,1404,-1.8455869995913183
mid,1.0,1405,-1.140291599191902
mid,1.0,1406,-1.0370458147799553
mid,1.0,1407,-1.0903286318721084
mid,1.0,1408,-1.2243416418270914
mid,1.0,1409,-1.6369641909311772
mid,1.0,1410,-1.403209219159506
mid,1.0,1411,-1.5412848651471815
mid,1.0,1412,-1.2971741442653437
mid,1.0,1413,-1.5438646965598533
mid,1.0,1414,-1.3169591513111152
mid,1.0,1415,-1.9183052387655142
mid,1.0,1416,-1.0715906298280558
mid,1.0,1417,-1.4537473656747784
mid,1.0,1418,-1.4604156970984556
mid,1.0,1419,-1.368607394430258
mid,1.0,1420,-1.4152429918765252
mid,1.0,1421,-1.4456757739050392
mid,1.0,1422,-1.5453737938810717
mid,1.0,1423,-1.3596887129218254
mid,1.0,1424,-1.4705016737454693
mid,1.0,1425,-1.3250516303730553
mid,1.0,1426,-1.4932424064371226
mid,1.0,1427,-1.0448877230408546
mid,1.0,1428,-1.4297843256485228
mid,1.0,1429,-1.4469123685055043
mid,1.0,1430,-1.511673366683876
mid,1.0,1431,-1.444599966954553
mid,1.0,1432,-1.506097110062327
mid,1.0,1433,-1.0693465695545121
mid,1.0,1434,-1.6655117876205747
mid,1.0,1435,-1.410074986663477
mid,1.0,1436,-1.4716021096641831
mid,1.0,1437,-1.5148946369472085
mid,1.0,1438,-1.4422789371805422
mid,1.0,1439,-1.7131759622443123
mid,1.0,1440,-1.643942703057398
mid,1.0,1441,-1.190936418283172
mid,1.0,1442,-1.4880020676486285
mid,1.0,1443,-1.1578551776484551
mid,1.0,1444,-1.5287992351828992
mid,1.0,1445,-1.6375658731199414
mid,1.0,1446,-1.1528678624687059
mid,1.0,1447,-1.326034413029877
mid,1.0,1448,-1.444035583798593
mid,1.0,1449,-1.481023018946696
mid,1.0,1450,-1.142305948863544
mid,1.0,1451,-1.4388024486499194
mid,1.0,1452,-1.5244591789668158
mid,1.0,1453,-1.5231457867431162
mid,1.0,1454,-1.2372660396994661
mid,1.0,1455,-1.1914799196406254
mid,1.0,1456,-1.6349159785455514
mid,1.0,1457,-1.5423151444978571
mid,1.0,1458,-1.5975673427898294
mid,1.0,1459,-1.3329954467116738
mid,1.0,1460,-1.4696838331935864
mid,1.0,1461,-1.4342017051958715
mid,1.0,1462,-1.266854138189957
mid,1.0,1463,-1.2100138566468341
mid,1.0,1464,-1.4187953227148447
mid,1.0,1465,-0.8824704515189966
mid,1.0,1466,-1.8502808363971828
mid,1.0,1467,-1.4964697591967329
mid,1.0,1468,-1.4347015556311495
mid,1.0,1469,-1.2219435048598488
mid,1.0,1470,-1.2559984952885916
mid,1.0,1471,-1.6035547674473996
mid,1.0,1472,-1.3028704883577897
mid,1.0,1473,-1.3765616139210055
mid,1.0,1474,-1.6383684160981022
mid,1.0,1475,-1.4344835172334158
mid,1.0,1476,-0.9278151549296623
mid,1.0,1477,-1.1636710545515276
mid,1.0,1478,-0.9453226836710582
mid,1.0,1479,-1.0829164106436824
mid,1.0,1480,-1.5537681154300302
mid,1.0,1481,-1.4829743455044577
mid,1.0,1482,-1.4135296882351114
mid,1.0,1483,-0.8846261290022983
mid,1.0,1484,-1.7472697486823099
mid,1.0,1485,-1.3181929626296636
mid,1.0,1486,-1.5355594753021238
mid,1.0,1487,-1.2653846481244089
mid,1.0,1488,-1.2237483658506694
mid,1.0,1489,-1.2481743776356318
mid,1.0,1490,-1.6469823541835857
mid,1.0,1491,-1.302675381089704
mid,1.0,1492,-1.448850552162621
mid,1.0,1493,-1.3533780909836703
mid,1.0,1494,-1.1414639018533557
mid,1.0,1495,-1.3629096737696378
mid,1.0,1496,-1.3181920232130588
mid,1.0,1497,-1.5485097777302375
mid,1.0,1498,-1.537494878333373
mid,1.0,1499,-1.6749945151694123
mid,1.0,1500,-1.149363354958808
mid,1.0,1501,-1.2542005267603091
mid,1.0,1502,-0.8622592846137515
mid,1.0,1503,-1.175921076535984
mid,1.0,1504,-1.367541968242995
mid,1.0,1505,-1.1771567791785302
mid,1.0,1506,-1.2253980825946664
mid,1.0,1507,-1.3557564968943525
mid,1.0,1508,-1.474121353125655
mid,1.0,1509,-1.4908483684068616
mid,1.0,1510,-1.4868317022469577
mid,1.0,1511,-1.4790240090352489
mid,1.0,1512,-1.2501599456050123
mid,1.0,1513,-1.4608575607048868
mid,1.0,1514,-1.247430428900515
mid,1.0,1515,-1.755588958226107
mid,1.0,1516,-1.3110648455472194
mid,1.0,1517,-1.4212663454052274
mid,1.0,1518,-1.7185879692403456
mid,1.0,1519,-1.0986415887346654
mid,1.0,1520,-1.0483312054111333
mid,1.0,1521,-1.5068017458584628
mid,1.0,1522,-1.6326604418116994
mid,1.0,1523,-1.3227009541503278
mid,1.0,1524,-1.2826568445245636
mid,1.0,1525,-1.5307971173886068
mid,1.0,1526,-1.1641233482248254
mid,1.0,1527,-1.6300310277771035
mid,1.0,1528,-1.580384248709878
mid,1.0,1529,-1.1700203586135134
mid,1.0,1530,-1.1490384184712978
mid,1.0,1531,-1.061385010004789
mid,1.0,1532,-1.2453889048221964
mid,1.0,1533,-1.3505916163700278
mid,1.0,1534,-1.539324370432277
mid,1.0,1535,-1.6348536480784015
mid,1.0,1536,-1.3119572018001247
mid,1.0,1537,-1.6231425637838428
mid,1.0,1538,-1.1305604467683426
mid,1.0,1539,-1.775653995091281
mid,1.0,1540,-1.3443755847057988
mid,1.0,1541,-1.7838935540007876
mid,1.0,1542,-1.4172491416761066
mid,1.0,1543,-1.8221864615433592
mid,1.0,1544,-1.1502458879797166
mid,1.0,1545,-1.3838608762998414
mid,1.0,1546,-1.370184215463061
mid,1.0,1547,-1.368659712838646
mid,1.0,1548,-1.283149469775759
mid,1.0,1549,-1.5629519311739857
mid,1.0,1550,-1.5435580862401634
mid,1.0,1551,-1.3974227476620358
mid,1.0,1552,-1.596222508527154
mid,1.0,1553,-1.436713810845776
mid,1.0,1554,-1.4149743769248735
mid,1.0,1555,-1.6431243104165805
mid,1.0,1556,-1.4597787909436224
mid,1.0,1557,-1.5330632638577322
mid,1.0,1558,-1.1551476938997327
mid,1.0,1559,-1.7519823041726066
mid,1.0,1560,-1.5231858828593998
mid,1.0,1561,-1.4135891803586735
mid,1.0,1562,-1.386202851954801
mid,1.0,1563,-1.4283494230980682
mid,1.0,1564,-1.4089048780599784
mid,1.0,1565,-1.4427484345846284
mid,1.0,1566,-1.3849608773512934
mid,1.0,1567,-1.288160064140478
mid,1.0,1568,-1.4481263402422102
mid,1.0,1569,-1.2433356902714245
mid,1.0,1570,-1.3175579144318132
mid,1.0,1571,-1.5030011475609593
mid,1.0,1572,-1.64694335237393
mid,1.0,1573,-1.868090257060098
mid,1.0,1574,-1.5772731287591548
mid,1.0,1575,-1.5140630518143547
mid,1.0,1576,-1.2018159820226546
mid,1.0,1577,-1.3114807970110078
mid,1.0,1578,-1.6807659671995012
mid,1.0,1579,-1.5925342376340619
mid,1.0,1580,-1.4768923428430991
mid,1.0,1581,-1.4738559703909266
mid,1.0,1582,-1.1335342586872914
mid,1.0,1583,-1.664744270384448
mid,1.0,1584,-1.533964207666259
mid,1.0,1585,-1.5556565039833354
mid,1.0,1586,-1.4426157730543872
mid,1.0,1587,-1.4426012807328314
mid,1.0,1588,-1.4702280699258186
mid,1.0,1589,-1.5493333017646242
mid,1.0,1590,-1.4239399343926633
mid,1.0,1591,-1.2583661741566676
mid,1.0,1592,-1.5872147554099156
mid,1.0,1593,-1.3948671720504395
mid,1.0,1594,-1.712349267993465
mid,1.0,1595,-0.8657956324117064
mid,1.0,1596,-1.3550004768690378
mid,1.0,1597,-1.4072199687623124
mid,1.0,1598,-1.1969415370340717
mid,1.0,1599,-1.292478905767514
mid,1.0,1600,-1.1056032799883393
mid,1.0,1601,-1.5117471266834854
mid,1.0,1602,-1.541835698253532
mid,1.0,1603,-1.4921702152851362
mid,1.0,1604,-1.2746265258960539
mid,1.0,1605,-1.5670308589999686
mid,1.0,1606,-1.3823041375934322
mid,1.0,1607,-1.3160041407704057
mid,1.0,1608,-1.1617436884773635
mid,1.0,1609,-1.4670809675837033
mid,1.0,1610,-1.2920346316218148
mid,1.0,1611,-1.4536626164587725
mid,1.0,1612,-1.5233115289641919
mid,1.0,1613,-1.628765213339188
mid,1.0,1614,-1.071958975618863
mid,1.0,1615,-1.0847251198108196
mid,1.0,1616,-1.3886067379398832
mid,1.0,1617,-1.664166379904132
mid,1.0,1618,-1.3436156895784939
mid,1.0,1619,-1.2162173263698128
mid,1.0,1620,-1.46351883398352
mid,1.0,1621,-1.44404972580134
mid,1.0,1622,-1.2240262918189775
mid,1.0,1623,-1.2054728515337862
mid,1.0,1624,-1.1845814581655112
mid,1.0,1625,-1.7172089858780606
mid,1.0,1626,-1.7174172296466572
mid,1.0,1627,-1.6023733913575835
mid,1.0,1628,-1.1121844569317745
mid,1.0,1629,-1.285035282362523
mid,1.0,1630,-1.4079103819450656
mid,1.0,1631,-1.4400914579283655
mid,1.0,1632,-1.4816152046655442
mid,1.0,1633,-1.508210677194917
mid,1.0,1634,-1.6681810684758673
mid,1.0,1635,-1.4480180917944157
mid,1.0,1636,-1.726413866415835
mid,1.0,1637,-1.5575986244253681
mid,1.0,1638,-1.1437823019123536
mid,1.0,1639,-1.3863754936286243
mid,1.0,1640,-1.3283806490907046
mid,1.0,1641,-1.4742982030860285
mid,1.0,1642,-1.4359907620530574
mid,1.0,1643,-1.4066077569301305
mid,1.0,1644,-1.517730743336745
mid,1.0,1645,-1.2650164496776952
mid,1.0,1646,-1.2483306546522654
mid,1.0,1647,-1.2743749061052894
mid,1.0,1648,-1.2898915488649414
mid,1.0,1649,-1.5171920814371072
mid,1.0,1650,-1.1573562902333203
mid,1.0,1651,-1.648660188987575
mid,1.0,1652,-1.258982325157124
mid,1.0,1653,-1.44319747974458
mid,1.0,1654,-1.4274736927855203
mid,1.0,1655,-1.5072093433166462
mid,1.0,1656,-1.2391149102916035
mid,1.0,1657,-1.6428083514703402
mid,1.0,1658,-1.3022487095878725
mid,1.0,1659,-1.2101363406386487
mid,1.0,1660,-1.3825950794726953
mid,1.0,1661,-1.6260063155195827
mid,1.0,1662,-1.2109314572416696
mid,1.0,1663,-1.3235663408649652
mid,1.0,1664,-1.2586424804554672
mid,1.0,1665,-1.3417084715929029
mid,1.0,1666,-1.5876228258160092
mid,1.0,1667,-1.467588027977912
mid,1.0,1668,-1.0509761185647981
mid,1.0,1669,-1.2428222055796487
mid,1.0,1670,-1.3164018042951047
mid,1.0,1671,-1.1697683000495374
mid,1.0,1672,-1.233848802843422
mid,1.0,1673,-1.1165427344376166
mid,1.0,1674,-1.5580504046432782
mid,1.0,1675,-1.3430999702520297
mid,1.0,1676,-1.29834362346672
mid,1.0,1677,-1.7098118971613188
mid,1.0,1678,-1.4045919079570992
mid,1.0,1679,-1.4212356522197302
mid,1.0,1680,-1.0231008380898035
mid,1.0,1681,-1.2951137912158495
mid,1.0,1682,-1.1821545567680192
mid,1.0,1683,-1.5641646786282006
mid,1.0,1684,-1.5623092329081696
mid,1.0,1685,-1.2047519384204652
mid,1.0,1686,-1.265760247740259
mid,1.0,1687,-1.505804634507738
mid,1.0,1688,-1.1399602840836736
mid,1.0,1689,-1.2279442847959414
mid,1.0,1690,-1.4280076499448366
mid,1.0,1691,-1.2412401546458118
mid,1.0,1692,-1.0030487607704743
mid,1.0,1693,-1.4066936325145276
mid,1.0,1694,-1.5060053783521177
mid,1.0,1695,-1.4004847872694541
mid,1.0,1696,-1.6553269123706313
mid,1.0,1697,-1.4788076482982018
mid,1.0,1698,-1.5695277273188109
mid,1.0,1699,-1.4702004315834851
mid,1.0,1700,-0.9645531726869534
mid,1.0,1701,-1.0653275203080632
mid,1.0,1702,-1.5192676635453495
mid,1.0,1703,-1.1774153714244247
mid,1.0,1704,-1.5148705308834447
mid,1.0,1705,-1.2040500148302087
mid,1.0,1706,-1.9926054122762746
mid,1.0,1707,-1.665110389233708
mid,1.0,1708,-1.63060301007686
mid,1.0,1709,-1.5339201720557407
mid,1.0,1710,-0.9375990202936403
mid,1.0,1711,-1.219466887189719
mid,1.0,1712,-1.58402121714247
mid,1.0,1713,-1.839708913859435
mid,1.0,1714,-1.7211101335467769
mid,1.0,1715,-1.4753706753260758
mid,1.0,1716,-1.503581244268969
mid,1.0,1717,-1.4938339232516982
mid,1.0,1718,-1.4803159098073588
mid,1.0,1719,-1.6354488176670396
mid,1.0,1720,-1.4645515065993246
mid,1.0,1721,-1.9292357128525879
mid,1.0,1722,-1.446845236385669
mid,1.0,1723,-1.44216750756502
mid,1.0,1724,-1.185564682507273
mid,1.0,1725,-1.7498483833239327
mid,1.0,1726,-1.4179856877896908
mid,1.0,1727,-1.726565440024461
mid,1.0,1728,-1.5450086501849833
mid,1.0,1729,-1.4265632888686084
mid,1.0,1730,-1.335101268787829
mid,1.0,1731,-1.2480792505977876
mid,1.0,1732,-1.5738376603837212
mid,1.0,1733,-1.640009369992053
mid,1.0,1734,-1.5345026187724264
mid,1.0,1735,-1.241788778701372
mid,1.0,1736,-1.3282570218649927
mid,1.0,1737,-1.4296948521537838
mid,1.0,1738,-1.320293234228057
mid,1.0,1739,-1.3307318359628508
mid,1.0,1740,-1.3499496118710541
mid,1.0,1741,-1.3477701951007843
mid,1.0,1742,-1.4215850324790515
mid,1.0,1743,-1.3606049656762862
mid,1.0,1744,-1.1315350759949279
mid,1.0,1745,-1.1882455161644077
mid,1.0,1746,-1.286454097168963
mid,1.0,1747,-1.4030101221595663
mid,1.0,1748,-1.3488723923903738
mid,1.0,1749,-1.4837742899504804
mid,1.0,1750,-1.363229170331477
mid,1.0,1751,-1.1363027665131622
mid,1.0,1752,-0.9876691355822981
mid,1.0,1753,-1.17476810650581
mid,1.0,1754,-1.633201575095999
mid,1.0,1755,-1.5590168931983117
mid,1.0,1756,-1.4361665365146494
mid,1.0,1757,-1.115171458185392
mid,1.0,1758,-1.215775276070333
mid,1.0,1759,-1.220777771683774
mid,1.0,1760,-1.8989776549315838
mid,1.0,1761,-1.404769547069064
mid,1.0,1762,-1.2360730788757128
mid,1.0,1763,-1.5900568420021421
mid,1.0,1764,-1.5900728464291325
mid,1.0,1765,-1.649093755881069
mid,1.0,1766,-1.7492654619894261
mid,1.0,1767,-1.2236874625675356
mid,1.0,1768,-1.4892932950114264
mid,1.0,1769,-1.5070353904199396
mid,1.0,1770,-1.1407619900822672
mid,1.0,1771,-1.4867474417795337
mid,1.0,1772,-1.5327771001614228
mid,1.0,1773,-1.8539842782436093
mid,1.0,1774,-1.7065772982694432
mid,1.0,1775,-1.5356241659808725
mid,1.0,1776,-1.4284663907309814
mid,1.0,1777,-1.4045747785228901
mid,1.0,1778,-1.4071825405168574
mid,1.0,1779,-1.5600087590697396
mid,1.0,1780,-1.5853035381202496
mid,1.0,1781,-1.4084267146323106
mid,1.0,1782,-1.3619669749724426
mid,1.0,1783,-1.438792996252121
mid,1.0,1784,-1.22043037526733
mid,1.0,1785,-1.3133256955684165
mid,1.0,1786,-1.538475473242201
mid,1.0,1787,-1.459629546512725
mid,1.0,1788,-1.787133519867994
mid,1.0,1789,-1.5949016206422253
mid,1.0,1790,-1.5966571719764524
mid,1.0,1791,-1.441500843687872
mid,1.0,1792,-1.5456336136879483
mid,1.0,1793,-1.4736553433295534
mid,1.0,1794,-1.7852161094252046
mid,1.0,1795,-1.8694885299318227
mid,1.0,1796,-1.1498575105566935
mid,1.0,1797,-1.6689212734933112
mid,1.0,1798,-1.4388175245842922
mid,1.0,1799,-1.5684306252136693
mid,1.0,1800,-1.2570125659148568
mid,1.0,1801,-1.4301474718061853
mid,1.0,1802,-1.3247200953624612
mid,1.0,1803,-1.2775375145138128
mid,1.0,1804,-1.356622809276099
mid,1.0,1805,-1.4303012695469517
mid,1.0,1806,-1.0346796016744602
mid,1.0,1807,-1.2161350359943566
mid,1.0,1808,-1.3744050968745802
mid,1.0,1809,-1.2988045156321064
mid,1.0,1810,-1.4565187105754496
mid,1.0,1811,-1.4923076330707539
mid,1.0,1812,-1.7347071089042871
mid,1.0,1813,-1.49711112995756
mid,1.0,1814,-1.2963298164375323
mid,1.0,1815,-1.413381497004228
mid,1.0,1816,-1.5367236295088789
mid,1.0,1817,-1.2153858453543116
mid,1.0,1818,-1.50119036330489
mid,1.0,1819,-1.287854366561135
mid,1.0,1820,-1.2836707841619055
mid,1.0,1821,-1.5937196673053746
mid,1.0,1822,-1.5541207263891685
mid,1.0,1823,-1.2907005735050663
mid,1.0,1824,-1.5345800234273543
mid,1.0,1825,-0.6680661639280598
mid,1.0,1826,-1.5169060215456687
mid,1.0,1827,-1.8504470210267974
mid,1.0,1828,-1.481218108088101
mid,1.0,1829,-1.3391152879077581
mid,1.0,1830,-1.673263256357469
mid,1.0,1831,-1.4305117228594513
mid,1.0,1832,-1.3785581914158445
mid,1.0,1833,-1.393636551270295
mid,1.0,1834,-1.244012451186973
mid,1.0,1835,-1.6052897444504457
mid,1.0,1836,-1.5378488851083092
mid,1.0,1837,-1.497922121100773
mid,1.0,1838,-1.944896517368907
mid,1.0,1839,-1.8265894058405903
mid,1.0,1840,-1.1556483093510628
mid,1.0,1841,-1.0641363410633158
mid,1.0,1842,-1.296375303326733
mid,1.0,1843,-1.2480423035879216
mid,1.0,1844,-1.327175044820498
mid,1.0,1845,-1.3513727497843053
mid,1.0,1846,-1.2640574260765516
mid,1.0,1847,-1.0349563446420493
mid,1.0,1848,-1.3752084035109302
mid,1.0,1849,-1.7356628966622882
mid,1.0,1850,-1.291298655252839
mid,1.0,1851,-1.63129586429054
mid,1.0,1852,-1.550985588541692
mid,1.0,1853,-1.6655089105153067
mid,1.0,1854,-1.630525861725039
mid,1.0,1855,-1.0702502410969479
mid,1.0,1856,-1.5401876635323124
mid,1.0,1857,-1.2994680654867021
mid,1.0,1858,-1.3941342923350049
mid,1.0,1859,-1.651502386205705
mid,1.0,1860,-1.397613339699478
mid,1.0,1861,-1.0911086647592776
mid,1.0,1862,-1.1074483676434403
mid,1.0,1863,-1.4202367565051273
mid,1.0,1864,-1.5103594752859484
mid,1.0,1865,-1.3352592151823588
mid,1.0,1866,-1.4791506160718522
mid,1.0,1867,-1.3202281998151797
mid,1.0,1868,-1.01077135200021
mid,1.0,1869,-1.5116874229871506
mid,1.0,1870,-1.5682250675116969
mid,1.0,1871,-1.354440036612908
mid,1.0,1872,-1.1714869605620837
mid,1.0,1873,-1.5709443880420928
mid,1.0,1874,-1.2395945799985333
mid,1.0,1875,-1.2733525368319898
mid,1.0,1876,-1.5023819820527415
mid,1.0,1877,-1.4398874799342867
mid,1.0,1878,-1.6250386389677751
mid,1.0,1879,-1.3121405313465562
mid,1.0,1880,-1.0906735789316233
mid,1.0,1881,-1.7202985497903924
mid,1.0,1882,-1.7240867789107464
mid,1.0,1883,-1.452445198566937
mid,1.0,1884,-1.3457392042318144
mid,1.0,1885,-1.24905710033766
mid,1.0,1886,-1.443259987322756
mid,1.0,1887,-1.4126113061770125
mid,1.0,1888,-1.3103409257241339
mid,1.0,1889,-1.3764616396727316
mid,1.0,1890,-1.4744279378692458
mid,1.0,1891,-1.6140009578310057
mid,1.0,1892,-1.4844409121978712
mid,1.0,1893,-1.2811018274874455
mid,1.0,1894,-1.3102423778804475
mid,1.0,1895,-1.4884469373903666
mid,1.0,1896,-1.627084053493184
mid,1.0,1897,-1.5445824613175738
mid,1.0,1898,-1.3874241630942183
mid,1.0,1899,-1.6640769385975156
mid,1.0,1900,-1.5554803094576521
mid,1.0,1901,-1.4422237937732147
mid,1.0,1902,-1.5832254130896388
mid,1.0,1903,-1.4057208165583763
mid,1.0,1904,-1.704790660308526
mid,1.0,1905,-1.7084493920156232
mid,1.0,1906,-1.707851174134575
mid,1.0,1907,-1.58855085075705
mid,1.0,1908,-1.4648645840403511
mid,1.0,1909,-1.2806557222126875
mid,1.0,1910,-1.469949706664034
mid,1.0,1911,-1.501839549865749
mid,1.0,1912,-1.6527983865690559
mid,1.0,1913,-1.0502735909500343
mid,1.0,1914,-1.562851091578802
mid,1.0,1915,-1.566679071539408
mid,1.0,1916,-1.4848015670662131
mid,1.0,1917,-1.3664902499448792
mid,1.0,1918,-1.5230006731869492
mid,1.0,1919,-1.6204052325386036
mid,1.0,1920,-1.3956008654044278
mid,1.0,1921,-1.4691207294919968
mid,1.0,1922,-1.1492949859215198
mid,1.0,1923,-1.7877979189012108
mid,1.0,1924,-1.3976496961953075
mid,1.0,1925,-1.2860930735510763
mid,1.0,1926,-1.3612698703637267
mid,1.0,1927,-1.575410214998477
mid,1.0,1928,-1.2985728231467284
mid,1.0,1929,-1.6941426986081376
mid,1.0,1930,-1.587800106527743
mid,1.0,1931,-1.3406849328470667
mid,1.0,1932,-1.4663271024451918
mid,1.0,1933,-1.111168039723044
mid,1.0,1934,-1.354097177144406
mid,1.0,1935,-1.2052900527222696
mid,1.0,1936,-1.3246037900047445
mid,1.0,1937,-1.1582958830039907
mid,1.0,1938,-1.4100054707464926
mid,1.0,1939,-1.4287552221218878
mid,1.0,1940,-1.419332410261901
mid,1.0,1941,-1.0572870448198546
mid,1.0,1942,-1.2322809250139517
mid,1.0,1943,-1.3731892972815092
mid,1.0,1944,-1.3541079674227474
mid,1.0,1945,-1.4611474458834646
mid,1.0,1946,-1.4193690940261117
mid,1.0,1947,-1.6572341227738305
mid,1.0,1948,-1.0883399008787185
mid,1.0,1949,-1.807574702286902
mid,1.0,1950,-1.515324678504964
mid,1.0,1951,-1.105039719650721
mid,1.0,1952,-1.1479706378176096
mid,1.0,1953,-1.3056528917382977
mid,1.0,1954,-1.5962069503843606
mid,1.0,1955,-1.1162991401925757
mid,1.0,1956,-1.4066588792671615
mid,1.0,1957,-1.1842819265721634
mid,1.0,1958,-1.3817352843369195
mid,1.0,1959,-2.106788606547916
mid,1.0,1960,-1.4589940616736443
mid,1.0,1961,-1.362763913173199
mid,1.0,1962,-1.4503496701797876
mid,1.0,1963,-1.3304079645219986
mid,1.0,1964,-1.4823208840830575
mid,1.0,1965,-1.715419678009621
mid,1.0,1966,-1.478473873610483
mid,1.0,1967,-1.5534871295028714
mid,1.0,1968,-0.9428210023398386
mid,1.0,1969,-1.5384682999938717
mid,1.0,1970,-1.587094272461406
mid,1.0,1971,-1.1243227212983202
mid,1.0,1972,-1.6035898585177457
mid,1.0,1973,-1.4406972779526332
mid,1.0,1974,-1.1873319669188098
mid,1.0,1975,-1.4522026035105111
mid,1.0,1976,-1.1357680674582777
mid,1.0,1977,-1.2633877093767987
mid,1.0,1978,-1.3267219386543887
mid,1.0,1979,-1.4980457474173994
mid,1.0,1980,-1.3745202336615778
mid,1.0,1981,-1.4196724578888005
mid,1.0,1982,-1.6445223111827987
mid,1.0,1983,-1.431554827474502
mid,1.0,1984,-1.3138562636663649
mid,1.0,1985,-1.5181417327078475
mid,1.0,1986,-1.6549232702351127
mid,1.0,1987,-1.1988577167995302
mid,1.0,1988,-1.1065041512268348
mid,1.0,1989,-1.3267214408562633
mid,1.0,1990,-1.1805732428453548
mid,1.0,1991,-1.340527765719216
mid,1.0,1992,-1.832669343842431
mid,1.0,1993,-1.3575703130625518
mid,1.0,1994,-1.3915243491452465
mid,1.0,1995,-1.5002652345096192
mid,1.0,1996,-1.1579985448557137
mid,1.0,1997,-1.1279519636781883
mid,1.0,1998,-1.768453212103053
mid,1.0,1999,-1.4550414927735738
mid,1.1,0,-0.7573322045561296
mid,1.1,1,-0.7451723289952831
mid,1.1,2,-0.5111147637740736
mid,1.1,3,-0.7480329650411679
mid,1.1,4,-0.5135641469547854
mid,1.1,5,-0.6998607198929295
mid,1.1,6,-0.7113078914093657
mid,1.1,7,-0.7657621138915305
mid,1.1,8,-0.8555765723756189
mid,1.1,9,-0.8058941962217343
mid,1.1,10,-0.5018405880967403
mid,1.1,11,-0.968261644973316
mid,1.1,12,-0.6738083768870389
mid,1.1,13,-0.6452994813454215
mid,1.1,14,-1.1643263790104228
mid,1.1,15,-0.649795839057303
mid,1.1,16,-0.7444868377857969
mid,1.1,17,-1.044631273639718
mid,1.1,18,-0.5430249992825027
mid,1.1,19,-1.0659072989410738
mid,1.1,20,-1.0761393203741312
mid,1.1,21,-0.7714619211171677
mid,1.1,22,-0.803944509678269
mid,1.1,23,-0.6529596005051983
mid,1.1,24,-0.4818279011796874
mid,1.1,25,-0.6920224295570819
mid,1.1,26,-0.7046471962198273
mid,1.1,27,-0.9940473533518082
mid,1.1,28,-1.006356440292346
mid,1.1,29,-0.7026739693890014
mid,1.1,30,-0.9240800535895636
mid,1.1,31,-0.46482956843097406
mid,1.1,32,-0.6910098782798667
mid,1.1,33,-0.4948788809493945
mid,1.1,34,-0.7346886232126557
mid,1.1,35,-0.7050381742316956
mid,1.1,36,-0.6934933605174971
mid,1.1,37,-0.7486463238020705
mid,1.1,38,-0.47052338198237886
mid,1.1,39,-1.267238762073399
mid,1.1,40,-0.7609330172217603
mid,1.1,41,-0.9766067808431439
mid,1.1,42,-1.0073290064460185
mid,1.1,43,-0.9798711218439323
mid,1.1,44,-0.8781524372028602
mid,1.1,45,-0.8785130050928801
mid,1.1,46,-1.100801345966147
mid,1.1,47,-0.6709486358268079
mid,1.1,48,-0.860441781304028
mid,1.1,49,-0.36874518901383596
mid,1.1,50,-0.8642624969985483
mid,1.1,51,-0.5935558303025595
mid,1.1,52,-0.909193958012492
mid,1.1,53,-1.0960191206442529
mid,1.1,54,-1.148984329916133
mid,1.1,55,-0.8035299106135048
mid,1.1,56,-1.0333276787592538
mid,1.1,57,-0.4912677458923243
mid,1.1,58,-0.417281099241557
mid,1.1,59,-0.8161196336348973
mid,1.1,60,-0.5794386031826818
mid,1.1,61,-0.503985620499809
mid,1.1,62,-1.1987744285791244
mid,1.1,63,-0.6626550699044343
mid,1.1,64,-0.710600206149152
mid,1.1,65,-0.7548768096976098
mid,1.1,66,-0.6695530867577266
mid,1.1,67,-0.8458110874086534
mid,1.1,68,-1.0672586100750558
mid,1.1,69,-0.6837497950762188
mid,1.1,70,-0.5696776050939776
mid,1.1,71,-0.8899687656733497
mid,1.1,72,-1.0891988928463607
mid,1.1,73,-0.831584489369605
mid,1.1,74,-0.8228349010187995
mid,1.1,75,-1.1079174611340885
mid,1.1,76,-0.33776465201658334
mid,1.1,77,-0.6304452376684343
mid,1.1,78,-0.5634279325644835
mid,1.1,79,-0.754659143293446
mid,1.1,80,-0.927341889385055
mid,1.1,81,-0.8209177710920531
mid,1.1,82,-0.6481276631104937
mid,1.1,83,-0.8521661627925193
mid,1.1,84,-0.8285947006700355
mid,1.1,85,-0.4788289317683951
mid,1.1,86,-1.1741669514441513
mid,1.1,87,-0.9420328488263281
mid,1.1,88,-0.8772032132222496
mid,1.1,89,-0.7264366326556259
mid,1.1,90,-0.9117639588396411
mid,1.1,91,-0.9543234520818196
mid,1.1,92,-1.0448965572314917
mid,1.1,93,-0.37144007279164587
mid,1.1,94,-0.8588083007222891
mid,1.1,95,-0.7349878824387694
mid,1.1,96,-0.8880478716552451
mid,1.1,97,-0.8644917894946209
mid,1.1,98,-0.6117171679501232
mid,1.1,99,-0.6122517649597911
mid,1.1,100,-0.946140625848845
mid,1.1,101,-0.8153029586943493
mid,1.1,102,-1.047323264902678
mid,1.1,103,-0.7624150128907561
mid,1.1,104,-0.793666968099753
mid,1.1,105,-1.0401714411509755
mid,1.1,106,-0.9689514759665108
mid,1.1,107,-0.5136928300760618
mid,1.1,108,-0.743699360927601
mid,1.1,109,-0.6520898523804881
mid,1.1,110,-0.9242105572085978
mid,1.1,111,-0.8908755513327571
mid,1.1,112,-0.3820330887284981
mid,1.1,113,-0.6269958401690172
mid,1.1,114,-0.5116076360172253
mid,1.1,115,-0.9973858483930397
mid,1.1,116,-0.7703716281996095
mid,1.1,117,-0.4810916186785934
mid,1.1,118,-0.9864490382384117
mid,1.1,119,-1.0697141545912077
mid,1.1,120,-0.8696504794681489
mid,1.1,121,-0.724553573333903
mid,1.1,122,-0.7815447678712956
mid,1.1,123,-0.9337337028468202
mid,1.1,124,-0.5291988323286613
mid,1.1,125,-0.6991811276543242
mid,1.1,126,-0.5564644644654672
mid,1.1,127,-0.27371268059546605
mid,1.1,128,-0.8682500567780972
mid,1.1,129,-0.34186098036731594
mid,1.1,130,-0.5893575906939469
mid,1.1,131,-0.5924155819705286
mid,1.1,132,-0.7763927485561236
mid,1.1,133,-0.7588176797899585
mid,1.1,134,-0.7945655322351017
mid,1.1,135,-0.5826480003837047
mid,1.1,136,-0.5942732752609547
mid,1.1,137,-0.9268925071098648
mid,1.1,138,-0.8592303428863383
mid,1.1,139,-0.5497219959731797
mid,1.1,140,-0.6593931195703551
mid,1.1,141,-0.5876953655924068
mid,1.1,142,-0.5269325280646322
mid,1.1,143,-0.5950968912375512
mid,1.1,144,-0.6986940900254602
mid,1.1,145,-0.7915787957063966
mid,1.1,146,-0.7825912663597407
mid,1.1,147,-0.6890017863024177
mid,1.1,148,-0.843107126044732
mid,1.1,149,-0.7058157132724142
mid,1.1,150,-0.39450983652971944
mid,1.1,151,-0.27021752052741427
mid,1.1,152,-1.1304878414617656
mid,1.1,153,-0.637505747449101
mid,1.1,154,0.1563829658807963
mid,1.1,155,-0.37519946553499683
mid,1.1,156,-0.6396675753406432
mid,1.1,157,-0.5251108947484987
mid,1.1,158,-0.852467680204077
mid,1.1,159,-0.391523147705206
mid,1.1,160,-0.6254940604110949
mid,1.1,161,-0.880002801100542
mid,1.1,162,-1.1990032219397633
mid,1.1,163,-0.5083993499947982
mid,1.1,164,-0.561089988581008
mid,1.1,165,-0.7683367812888636
mid,1.1,166,-0.4122314126053998
mid,1.1,167,-0.5506658451972058
mid,1.1,168,-0.603279065765371
mid,1.1,169,-0.27681786225183247
mid,1.1,170,-0.26354440904459076
mid,1.1,171,-0.588172458534222
mid,1.1,172,-0.7024209813465754
mid,1.1,173,-0.8460384165164636
mid,1.1,174,-1.1267857539818416
mid,1.1,175,-0.6713871321917378
mid,1.1,176,-0.8708934177138675
mid,1.1,177,-0.5640825389030554
mid,1.1,178,-0.5006845573598508
mid,1.1,179,-0.7983366284665473
mid,1.1,180,-0.38299333055060125
mid,1.1,181,-0.2453829570515431
mid,1.1,182,-0.8981497952136802
mid,1.1,183,-0.8083340181659352
mid,1.1,184,-0.8654300480931961
mid,1.1,185,-0.7628568259599398
mid,1.1,186,-0.967310061346139
mid,1.1,187,-0.8024875505345699
mid,1.1,188,-0.8441223021795489
mid,1.1,189,-0.5801624133164488
mid,1.1,190,-0.27125112993173617
mid,1.1,191,-1.0150447982408097
mid,1.1,192,-0.591319157225977
mid,1.1,193,-0.6657458226841594
mid,1.1,194,-0.779896988412271
mid,1.1,195,-0.6125718629962645
mid,1.1,196,-0.9173590577157839
mid,1.1,197,-1.303059239546073
mid,1.1,198,-0.6951424573855659
mid,1.1,199,-0.9783383560542345
mid,1.1,200,-1.0253359472139827
mid,1.1,201,-1.1020737581644013
mid,1.1,202,-0.9228963902500082
mid,1.1,203,-0.9970443107400756
mid,1.1,204,-0.8798733081437801
mid,1.1,205,-1.188107394483582
mid,1.1,206,-0.8999564724675742
mid,1.1,207,-0.5776262831463079
mid,1.1,208,-0.7719942253537384
mid,1.1,209,-0.7366361433167399
mid,1.1,210,-0.5102799307298634
mid,1.1,211,-1.042956701720647
mid,1.1,212,-0.8423375812741719
mid,1.1,213,-0.6224451591087236
mid,1.1,214,-0.5979144842310796
mid,1.1,215,-0.5691681162985536
mid,1.1,216,-0.9058088964742791
mid,1.1,217,-0.8819691236232239
mid,1.1,218,-0.5052647447278126
mid,1.1,219,-0.751393649121893
mid,1.1,220,-0.6839268592260305
mid,1.1,221,-0.6367798409637457
mid,1.1,222,-0.5759995796613999
mid,1.1,223,-0.9643200542471803
mid,1.1,224,-0.5852898911271028
mid,1.1,225,-0.7697419332253214
mid,1.1,226,-0.6428695393477498
mid,1.1,227,-0.6806379080546601
mid,1.1,228,-0.7393686043409621
mid,1.1,229,-0.4634920717504704
mid,1.1,230,-0.9793629275110288
mid,1.1,231,-0.7823782238218596
mid,1.1,232,-1.003891679810835
mid,1.1,233,-0.6329184536133925
mid,1.1,234,-0.6841040997773296
mid,1.1,235,-0.8141942537796945
mid,1.1,236,-1.0265946493868159
mid,1.1,237,-0.903933243525202
mid,1.1,238,-1.0150207032146976
mid,1.1,239,-1.214984219282682
mid,1.1,240,-0.7938338306540283
mid,1.1,241,-0.764666263831746
mid,1.1,242,-0.5941877395656721
mid,1.1,243,-0.6010750194885307
mid,1.1,244,-0.8359563531227392
mid,1.1,245,-1.125467165269676
mid,1.1,246,-0.9482314962874767
mid,1.1,247,-0.4554833710292501
mid,1.1,248,-0.8599772875515299
mid,1.1,249,-0.7654610713047731
mid,1.1,250,-1.0762280678820333
mid,1.1,251,-0.9780242602947605
mid,1.1,252,-0.49568225027471885
mid,1.1,253,-0.6277574207894557
mid,1.1,254,-0.5856767508098724
mid,1.1,255,-1.0288783651498676
mid,1.1,256,-0.9296498393995222
mid,1.1,257,-0.952738149518439
mid,1.1,258,-0.6636712044060188
mid,1.1,259,-0.8157425417444136
mid,1.1,260,-0.9392796412912873
mid,1.1,261,-0.6916202023329566
mid,1.1,262,-0.8242616986786646
mid,1.1,263,-0.809214637312274
mid,1.1,264,-0.7586633470515762
mid,1.1,265,-0.6391797501956621
mid,1.1,266,-0.8519535920402355
mid,1.1,267,-0.9064521351611646
mid,1.1,268,-0.5763966179738841
mid,1.1,269,-0.8049642859680773
mid,1.1,270,-0.8394413852555165
mid,1.1,271,-0.7477145850555525
mid,1.1,272,-0.904318293693972
mid,1.1,273,-0.5947474981407626
mid,1.1,274,-0.7955815100991719
mid,1.1,275,-0.5657544359751274
mid,1.1,276,-1.2345708631330083
mid,1.1,277,-0.5661360307153464
mid,1.1,278,-0.9574443565642038
mid,1.1,279,-1.0709590784290874
mid,1.1,280,-1.1435164320943607
mid,1.1,281,-0.682651602118704
mid,1.1,282,-0.9294258929538377
mid,1.1,283,-0.9715474745040433
mid,1.1,284,-1.027049303673566
mid,1.1,285,-0.7175319272619728
mid,1.1,286,-0.9314131485836449
mid,1.1,287,-0.9719790046064654
mid,1.1,288,-0.7255962584355148
mid,1.1,289,-0.9795938973072532
mid,1.1,290,-0.9748875392093068
mid,1.1,291,-0.7850967610844973
mid,1.1,292,-0.637755069606882
mid,1.1,293,-1.0074356154903188
mid,1.1,294,-0.7473805667566229
mid,1.1,295,-0.8370275697706718
mid,1.1,296,-0.6707871681653957
mid,1.1,297,-1.1182063085704643
mid,1.1,298,-0.7447983781703241
mid,1.1,299,-0.8922648639302626
mid,1.1,300,-0.7600807840767173
mid,1.1,301,-0.865870410517562
mid,1.1,302,-0.9244952600356416
mid,1.1,303,-0.8466551684526448
mid,1.1,304,-0.7891247350395085
mid,1.1,305,-0.3703292082703235
mid,1.1,306,-0.665366727711079
mid,1.1,307,-0.6458281267828698
mid,1.1,308,-0.6751051341768174
mid,1.1,309,-0.6158093808346278
mid,1.1,310,-0.7036720468747247
mid,1.1,311,-0.9703878251490866
mid,1.1,312,-0.7459099121747673
mid,1.1,313,-1.032000120588196
mid,1.1,314,-0.9210659811813019
mid,1.1,315,-0.5524204661272609
mid,1.1,316,-0.9594495319731681
mid,1.1,317,-0.8973771990767624
mid,1.1,318,-0.5614715589140153
mid,1.1,319,-0.9963076332028707
mid,1.1,320,-0.5514011008198888
mid,1.1,321,-0.4173428177682626
mid,1.1,322,-0.8389697079847757
mid,1.1,323,-0.6625632415506211
mid,1.1,324,-0.31230213550309205
mid,1.1,325,-0.7351506271835968
mid,1.1,326,-0.41051252581024905
mid,1.1,327,-0.587754220511022
mid,1.1,328,-0.8871563889805446
mid,1.1,329,-0.8647644643114811
mid,1.1,330,-0.7779736062694261
mid,1.1,331,-1.0857811051556023
mid,1.1,332,-0.43956902427624
mid,1.1,333,-0.8040670703250276
mid,1.1,334,-0.7732249310360793
mid,1.1,335,-0.7473288383964742
mid,1.1,336,-0.8076870678151892
mid,1.1,337,-0.7433658680659447
mid,1.1,338,-0.7393644744727625
mid,1.1,339,-0.6356379053120984
mid,1.1,340,-0.9296000049447393
mid,1.1,341,-0.6002350614440266
mid,1.1,342,-0.8673545249184981
mid,1.1,343,-0.3953864825842772
mid,1.1,344,-0.5280373473024907
mid,1.1,345,-0.7471372563939626
mid,1.1,346,-0.5200246415340016
mid,1.1,347,-0.9442093929269016
mid,1.1,348,-0.6720995158093626
mid,1.1,349,-0.7163928979684208
mid,1.1,350,-0.6016334243451958
mid,1.1,351,-0.8204693828441155
mid,1.1,352,-0.9089018253441762
mid,1.1,353,-0.7190443870970143
mid,1.1,354,-0.8109532077567292
mid,1.1,355,-0.1930170405720207
mid,1.1,356,-0.8111725888484072
mid,1.1,357,-0.777750626427496
mid,1.1,358,-0.8210974952108995
mid,1.1,359,-0.7590401154523941
mid,1.1,360,-1.069617165345668
mid,1.1,361,-0.6798233959726095
mid,1.1,362,-1.0510481649110588
mid,1.1,363,-1.0839002207409931
mid,1.1,364,-0.8777703023036062
mid,1.1,365,-0.78321048430061
mid,1.1,366,-0.7462684639261741
mid,1.1,367,-0.905133362503591
mid,1.1,368,-0.12144487590161393
mid,1.1,369,-1.0575526716949486
mid,1.1,370,-0.6901879143455228
mid,1.1,371,-0.8621415119178683
mid,1.1,372,-0.7399572847128624
mid,1.1,373,-0.5936769584565443
mid,1.1,374,-0.7293738675553326
mid,1.1,375,-0.8307090455248123
mid,1.1,376,-0.6026056127705638
mid,1.1,377,-0.6972963418117312
mid,1.1,378,-1.13623506060866
mid,1.1,379,-1.086585845754256
mid,1.1,380,-0.8485322342774416
mid,1.1,381,-1.016667391339895
mid,1.1,382,-0.936957641595617
mid,1.1,383,-0.8286075699122094
mid,1.1,384,-1.1441129605194647
mid,1.1,385,-0.7557322974220657
mid,1.1,386,-0.6344556161277718
mid,1.1,387,-0.16880670409852963
mid,1.1,388,-0.7238917402182465
mid,1.1,389,-0.7753785666493423
mid,1.1,390,-0.366942497745722
mid,1.1,391,-0.4887305862214078
mid,1.1,392,-0.5353838446300582
mid,1.1,393,-0.439572186298143
mid,1.1,394,-0.4379426661036016
mid,1.1,395,-0.5048027914769029
mid,1.1,396,-0.8298145082458553
mid,1.1,397,-0.9588572522878822
mid,1.1,398,-1.0516844704629666
mid,1.1,399,-0.5116902945097139
mid,1.1,400,-1.0423241599153328
mid,1.1,401,-0.8385002701422378
mid,1.1,402,-0.6667397971944826
mid,1.1,403,-1.0445219146806963
mid,1.1,404,-0.4629699145499877
mid,1.1,405,-0.8215996651487498
mid,1.1,406,-0.7273756290346169
mid,1.1,407,-0.8267279510393246
mid,1.1,408,-0.34181408974005667
mid,1.1,409,-1.1362642686893047
mid,1.1,410,-0.8417429849947794
mid,1.1,411,-0.6788356560893395
mid,1.1,412,-0.8926589101116006
mid,1.1,413,-0.6156552548376186
mid,1.1,414,-1.087655495046932
mid,1.1,415,-0.6955046915903171
mid,1.1,416,-0.45550083804354985
mid,1.1,417,-0.624533277329106
mid,1.1,418,-0.7941730156051131
mid,1.1,419,-1.031757937549594
mid,1.1,420,-0.6546942009924682
mid,1.1,421,-0.9365896629453149
mid,1.1,422,-0.886006457681417
mid,1.1,423,-0.8046831354141087
mid,1.1,424,-1.0511487234408885
mid,1.1,425,-0.7119489820485702
mid,1.1,426,-0.49260062062239635
mid,1.1,427,-0.8883244555260982
mid,1.1,428,-0.826047258000245
mid,1.1,429,-0.7661086305240923
mid,1.1,430,-0.7162077081292986
mid,1.1,431,-1.0350095776947177
mid,1.1,432,-0.6609536407577955
mid,1.1,433,-0.7200643483673194
mid,1.1,434,-1.2055725455627118
mid,1.1,435,-0.9053387022859026
mid,1.1,436,-0.6263334534120886
mid,1.1,437,-0.8917176862301929
mid,1.1,438,-0.9140800505718412
mid,1.1,439,-0.8123519637086283
mid,1.1,440,-0.8287422328763926
mid,1.1,441,-0.8367079592321188
mid,1.1,442,-0.8338926689365711
mid,1.1,443,-0.49682299301932525
mid,1.1,444,-0.9777229619124833
mid,1.1,445,-0.590967595882992
mid,1.1,446,-0.7112360569657417
mid,1.1,447,-1.0369991367752593
mid,1.1,448,-0.8319148411092159
mid,1.1,449,-0.7725114371331876
mid,1.1,450,-1.0948214657688073
mid,1.1,451,-0.9880593971582393
mid,1.1,452,-0.8152827171615427
mid,1.1,453,-0.7317281909768035
mid,1.1,454,-0.37054189961080725
mid,1.1,455,-0.8811217616719192
mid,1.1,456,-0.8547918856139644
mid,1.1,457,-0.7352735046963136
mid,1.1,458,-0.21702209839521355
mid,1.1,459,-0.6120708370123853
mid,1.1,460,-0.806824749893806
mid,1.1,461,-1.0530684690501486
mid,1.1,462,-0.8550203765588897
mid,1.1,463,-0.8362334877368962
mid,1.1,464,-0.7304063003767955
mid,1.1,465,-0.6313195105783147
mid,1.1,466,-0.9449803065345629
mid,1.1,467,-0.5849724466616452
mid,1.1,468,-0.4973486372324881
mid,1.1,469,-0.7377749549960484
mid,1.1,470,-0.7627634259433282
mid,1.1,471,-0.36207154807530295
mid,1.1,472,-0.6113252522968978
mid,1.1,473,-0.7163677864103097
mid,1.1,474,-0.9997967074609021
mid,1.1,475,-0.6019371346273265
mid,1.1,476,-0.8527458878632772
mid,1.1,477,-0.3775224965203227
mid,1.1,478,-0.6677555827095594
mid,1.1,479,-0.6602263221106494
mid,1.1,480,-0.6108879639988506
mid,1.1,481,-0.7279310167993986
mid,1.1,482,-0.2239965683230975
mid,1.1,483,-0.4096282170657311
mid,1.1,484,-0.8573879105578014
mid,1.1,485,-0.5903177482290164
mid,1.1,486,-0.8913192363776303
mid,1.1,487,-0.9284021705444209
mid,1.1,488,-1.1565613078353092
mid,1.1,489,-0.35567879182869616
mid,1.1,490,-0.5019183551096595
mid,1.1,491,-0.8808782955031345
mid,1.1,492,-0.5830544753782017
mid,1.1,493,-0.7182838258833337
mid,1.1,494,-1.1297631774088528
mid,1.1,495,-0.29390782509130464
mid,1.1,496,-1.028820674831063
mid,1.1,497,-0.3646426176654002
mid,1.1,498,-0.6202000675582937
mid,1.1,499,-0.7659326580188864
mid,1.1,500,-0.5226216850395339
mid,1.1,501,-0.8912523080211778
mid,1.1,502,-0.8258169214029687
mid,1.1,503,-0.729054941323969
mid,1.1,504,-0.9115962688566174
mid,1.1,505,-0.7860638956313415
mid,1.1,506,-0.9669147854394056
mid,1.1,507,-0.8535189199787614
mid,1.1,508,-0.5382514639911032
mid,1.1,509,-0.7243515971150468
mid,1.1,510,-0.49144931106277034
mid,1.1,511,-0.4768035047806238
mid,1.1,512,-0.9487788268601619
mid,1.1,513,-0.6404921069606839
mid,1.1,514,-0.5232087564067562
mid,1.1,515,-0.8083793946925371
mid,1.1,516,-0.8220591159552609
mid,1.1,517,-0.6876470436525102
mid,1.1,518,-0.7673259523280277
mid,1.1,519,-0.8947299739850619
mid,1.1,520,-0.6392112456096564
mid,1.1,521,-0.68499898795656
mid,1.1,522,-0.814641370120642
mid,1.1,523,-0.6594853583926366
mid,1.1,524,-0.6603987072935007
mid,1.1,525,-0.8563102164872392
mid,1.1,526,-0.632538687328205
mid,1.1,527,-0.5501435888575157
mid,1.1,528,-0.9128420040986013
mid,1.1,529,-0.7324244282834873
mid,1.1,530,-0.6832814297395098
mid,1.1,531,-0.7009469157250294
mid,1.1,532,-0.6217487415942478
mid,1.1,533,-0.768642596798322
mid,1.1,534,-0.49788547098078617
mid,1.1,535,-0.7312898957258593
mid,1.1,536,-0.5204472828895504
mid,1.1,537,-0.7675762754379352
mid,1.1,538,-0.8836474993012845
mid,1.1,539,-0.614509374832132
mid,1.1,540,-1.0177677999667398
mid,1.1,541,-0.6277436971772185
mid,1.1,542,-0.8964484656322949
mid,1.1,543,-0.8251971620115861
mid,1.1,544,-0.9101741398641463
mid,1.1,545,-0.6390275198550538
mid,1.1,546,-0.8575752923627205
mid,1.1,547,-0.6169933968314188
mid,1.1,548,-0.7089643048443616
mid,1.1,549,-1.225208493719076
mid,1.1,550,-1.000472911186939
mid,1.1,551,-1.0640836165684857
mid,1.1,552,-0.9170415658891153
mid,1.1,553,-0.41698067574461617
mid,1.1,554,-0.5995514811158081
mid,1.1,555,-0.9144597692993736
mid,1.1,556,-0.8033193254722983
mid,1.1,557,-0.9119081648630096
mid,1.1,558,-0.8336589371756599
mid,1.1,559,-0.8492243848937836
mid,1.1,560,-0.49748445655560275
mid,1.1,561,-0.9793449626546108
mid,1.1,562,-0.8251090606173584
mid,1.1,563,-0.5909571376941953
mid,1.1,564,-1.0089117529945058
mid,1.1,565,-0.460777167155435
mid,1.1,566,-0.4986835472818076
mid,1.1,567,-1.037423567739017
mid,1.1,568,-1.222679116886022
mid,1.1,569,-0.7925748125299046
mid,1.1,570,-1.278394793432158
mid,1.1,571,-0.9617928260225113
mid,1.1,572,-0.8669816620047367
mid,1.1,573,-0.6918429620485255
mid,1.1,574,-0.5341222468173361
mid,1.1,575,-1.0982802131175777
mid,1.1,576,-0.4975924240301698
mid,1.1,577,-0.7208979318918156
mid,1.1,578,-0.7014225829502079
mid,1.1,579,-0.8414036481213802
mid,1.1,580,-1.0136068442448005
mid,1.1,581,-0.9651496483600336
mid,1.1,582,-0.7079965001609343
mid,1.1,583,-0.6031217929450687
mid,1.1,584,-1.0751091621221778
mid,1.1,585,-0.6006497255899447
mid,1.1,586,-0.6421632113724863
mid,1.1,587,-0.5401958894590104
mid,1.1,588,-1.05251163041352
mid,1.1,589,-0.35423794385617496
mid,1.1,590,-0.5728346503772286
mid,1.1,591,-0.7454168744874529
mid,1.1,592,-0.917924341389521
mid,1.1,593,-0.7384772311502619
mid,1.1,594,-0.7487464304790512
mid,1.1,595,-0.7301094905123172
mid,1.1,596,-1.0908771804655395
mid,1.1,597,-0.7197021458664161
mid,1.1,598,-0.9560687988429688
mid,1.1,599,-0.8400549417089108
mid,1.1,600,-0.6953594409426983
mid,1.1,601,-0.7504371916918352
mid,1.1,602,-0.6814008283708411
mid,1.1,603,-0.8770814618376293
mid,1.1,604,-0.7205216031564551
mid,1.1,605,-0.705718021025712
mid,1.1,606,-1.0282981630912138
mid,1.1,607,-0.880467911858139
mid,1.1,608,-0.4487872374118841
mid,1.1,609,-0.8377955773455755
mid,1.1,610,-0.9459583579696055
mid,1.1,611,-0.20856761237625068
mid,1.1,612,-0.7808568037184124
mid,1.1,613,-0.4804061156517399
mid,1.1,614,-0.6482511402914914
mid,1.1,615,-0.559825462138046
mid,1.1,616,-0.8276830017121507
mid,1.1,617,-0.7418297049532704
mid,1.1,618,-0.9975382973214334
mid,1.1,619,-0.4833176392595697
mid,1.1,620,-0.7146061073129335
mid,1.1,621,-0.7200351789591415
mid,1.1,622,-1.3179280532089586
mid,1.1,623,-0.7117283221692182
mid,1.1,624,-0.6906863679586646
mid,1.1,625,-0.6374271705133485
mid,1.1,626,-0.9588774519833928
mid,1.1,627,-0.5478406842755577
mid,1.1,628,-0.518463966374576
mid,1.1,629,-1.0152651682968437
mid,1.1,630,-0.9081417078616683
mid,1.1,631,-0.5996130304699461
mid,1.1,632,-0.8766955394006887
mid,1.1,633,-0.7238805375097422
mid,1.1,634,-0.8250529508321414
mid,1.1,635,-0.8307804657570838
mid,1.1,636,-0.6065033422284009
mid,1.1,637,-0.9294472256489502
mid,1.1,638,-0.805654107338038
mid,1.1,639,-0.6484908989681532
mid,1.1,640,-0.36284802600357385
mid,1.1,641,-0.7426973717540376
mid,1.1,642,-0.6789129576101975
mid,1.1,643,-0.4313788889515126
mid,1.1,644,-1.080169111817871
mid,1.1,645,-0.8892557161298286
mid,1.1,646,-1.277611030243547
mid,1.1,647,-0.8730846170038364
mid,1.1,648,-0.9080652706699596
mid,1.1,649,-1.12931572187228
mid,1.1,650,-0.7938740285622925
mid,1.1,651,-0.9273879577637204
mid,1.1,652,-0.508771369751569
mid,1.1,653,-0.408322596738515
mid,1.1,654,-0.6795431546859466
mid,1.1,655,-0.5759527258303903
mid,1.1,656,-0.8693339524549349
mid,1.1,657,-0.9082236199749456
mid,1.1,658,-0.4968774045804973
mid,1.1,659,-1.0856772787653262
mid,1.1,660,-0.38448617173869953
mid,1.1,661,-0.9816030009921408
mid,1.1,662,-0.6827275135398503
mid,1.1,663,-0.5944364821045239
mid,1.1,664,-0.7516967787343153
mid,1.1,665,-1.353020676898051
mid,1.1,666,-0.7476712978264731
mid,1.1,667,-0.7640896463668014
mid,1.1,668,-0.9672878674582485
mid,1.1,669,-0.9834269747350504
mid,1.1,670,-0.712921309388691
mid,1.1,671,-0.782255490756503
mid,1.1,672,-0.5441566423923975
mid,1.1,673,-0.7004400478695297
mid,1.1,674,-0.8278673775924208
mid,1.1,675,-0.8649184534032125
mid,1.1,676,-0.7409997267049938
mid,1.1,677,-0.7999190040100181
mid,1.1,678,-0.9707958689725955
mid,1.1,679,-0.5900482289233506
mid,1.1,680,-0.07912185209267672
mid,1.1,681,-0.6970790107893259
mid,1.1,682,-0.8329943606106235
mid,1.1,683,-0.8878415174295378
mid,1.1,684,-1.0415890623347643
mid,1.1,685,-0.8047688402742638
mid,1.1,686,-0.6590200196492294
mid,1.1,687,-0.2152888600616262
mid,1.1,688,-0.9725461993777753
mid,1.1,689,-0.8135475985004824
mid,1.1,690,-1.0617592109462952
mid,1.1,691,-1.2626731616245856
mid,1.1,692,-0.7456289943483209
mid,1.1,693,-0.6809788410658821
mid,1.1,694,-0.716062920987015
mid,1.1,695,-0.652239559987848
mid,1.1,696,-0.8932772684945537
mid,1.1,697,-1.005637339604473
mid,1.1,698,-0.7246716307895008
mid,1.1,699,-0.5995598473258557
mid,1.1,700,-0.8034748240000112
mid,1.1,701,-0.7679784126820354
mid,1.1,702,-1.1460158417030903
mid,1.1,703,-0.8940649172248051
mid,1.1,704,-0.5560819405926436
mid,1.1,705,-0.8733628662090864
mid,1.1,706,-0.8152695396077323
mid,1.1,707,-0.8413605338537139
mid,1.1,708,-1.2089195339373213
mid,1.1,709,-0.6100983096612373
mid,1.1,710,-0.7856856101811333
mid,1.1,711,-0.4730030625138803
mid,1.1,712,-0.9126456718644536
mid,1.1,713,-0.7798565716040079
mid,1.1,714,-0.6144646713851131
mid,1.1,715,-0.7259682791185454
mid,1.1,716,-0.40646036548381453
mid,1.1,717,-0.7762214750510186
mid,1.1,718,-1.0493809196402815
mid,1.1,719,-0.908305648837649
mid,1.1,720,-0.9405395360747276
mid,1.1,721,-0.7575590751976566
mid,1.1,722,-0.7382452477083404
mid,1.1,723,-0.9431129047867777
mid,1.1,724,-1.0465810796803685
mid,1.1,725,-1.0098221102133527
mid,1.1,726,-1.0053945491020164
mid,1.1,727,-0.8375511152196903
mid,1.1,728,-0.829842459705306
mid,1.1,729,-0.8866394675694362
mid,1.1,730,-0.5457511113596631
mid,1.1,731,-0.4346089800060376
mid,1.1,732,-0.9561665458799916
mid,1.1,733,-0.7152333841893834
mid,1.1,734,-0.5964203586811127
mid,1.1,735,-0.7057102386854777
mid,1.1,736,-0.8237234269016788
mid,1.1,737,-0.8205107634526323
mid,1.1,738,-0.9292847574327889
mid,1.1,739,-0.7605842488342693
mid,1.1,740,-0.7532584066326367
mid,1.1,741,-1.0319169302429274
mid,1.1,742,-0.7532078644351309
mid,1.1,743,-0.8259148412090317
mid,1.1,744,-0.8595252538948377
mid,1.1,745,-0.9806585663159045
mid,1.1,746,-0.555573257309947
mid,1.1,747,-0.9248058623905481
mid,1.1,748,-0.7367174125814198
mid,1.1,749,-0.5153689004728469
mid,1.1,750,-0.8763146161328131
mid,1.1,751,-0.8364403235809834
mid,1.1,752,-0.8193586298885753
mid,1.1,753,-0.8855399320723096
mid,1.1,754,-0.5033203113482124
mid,1.1,755,-0.5176892261365592
mid,1.1,756,-0.6061176768622901
mid,1.1,757,-0.7321478501896661
mid,1.1,758,-0.6726269524695498
mid,1.1,759,-0.3425548741931481
mid,1.1,760,-1.1378532294213284
mid,1.1,761,-0.59739795289168
mid,1.1,762,-1.2052426184598515
mid,1.1,763,-0.6678234220755469
mid,1.1,764,-0.899082160184389
mid,1.1,765,-0.8511385529456459
mid,1.1,766,-0.7010446696621463
mid,1.1,767,-0.8864270252611095
mid,1.1,768,-0.3705632223324365
mid,1.1,769,-0.7931790364736867
mid,1.1,770,-0.6657233472061098
mid,1.1,771,-0.7617359122805847
mid,1.1,772,-0.9737549991577082
mid,1.1,773,-0.8025575433370878
mid,1.1,774,-0.6200905104667617
mid,1.1,775,-0.7061888192878858
mid,1.1,776,-1.1223293558522018
mid,1.1,777,-0.5818623020214697
mid,1.1,778,-0.5208805911399316
mid,1.1,779,-0.8317310308568628
mid,1.1,780,-0.6972833048754965
mid,1.1,781,-0.8944709806612443
mid,1.1,782,-1.0524388592043619
mid,1.1,783,-0.48415520651263716
mid,1.1,784,-0.40012097462285556
mid,1.1,785,-0.8403896319785679
mid,1.1,786,-0.7161325799703707
mid,1.1,787,-0.7017931858849028
mid,1.1,788,-0.949679273012344
mid,1.1,789,-0.7916845750235023
mid,1.1,790,-0.5981566640610769
mid,1.1,791,-0.838299448665931
mid,1.1,792,-0.5549328161563433
mid,1.1,793,-0.6517554274481127
mid,1.1,794,-0.8158230320452419
mid,1.1,795,-0.6419241413725254
mid,1.1,796,-0.8347321170500738
mid,1.1,797,-0.7329135275404356
mid,1.1,798,-0.40691513442668176
mid,1.1,799,-0.680542434406872
mid,1.1,800,-0.6335131924366296
mid,1.1,801,-1.014034637069108
mid,1.1,802,-0.6592208973810352
mid,1.1,803,-0.6307068437875151
mid,1.1,804,-0.8847764318777899
mid,1.1,805,-0.9782883330902655
mid,1.1,806,-0.8436844152081441
mid,1.1,807,-0.5277732647967163
mid,1.1,808,-0.6066562348746826
mid,1.1,809,-0.8632620969678854
mid,1.1,810,-0.5815220894552006
mid,1.1,811,-0.7486670545186138
mid,1.1,812,-1.014053662890674
mid,1.1,813,-0.6517905872532832
mid,1.1,814,-0.5132770024424714
mid,1.1,815,-0.8389737148118022
mid,1.1,816,-0.8627496052544186
mid,1.1,817,-0.9902389836325736
mid,1.1,818,-0.5040036689278069
mid,1.1,819,-1.0825940281667035
mid,1.1,820,-0.9894234476229367
mid,1.1,821,-1.0757194296609005
mid,1.1,822,-0.8770687347684475
mid,1.1,823,-0.9687481794857646
mid,1.1,824,-0.7336002817858059
mid,1.1,825,-0.48210662779334434
mid,1.1,826,-0.8323374812394201
mid,1.1,827,-0.4932512001842356
mid,1.1,828,-1.0305477521025597
mid,1.1,829,-0.10922074864472796
mid,1.1,830,-1.069302417627021
mid,1.1,831,-0.6906787996496526
mid,1.1,832,-0.9950508846853893
mid,1.1,833,-0.9891891641343914
mid,1.1,834,-0.9182170756256871
mid,1.1,835,-1.0138242159916897
mid,1.1,836,-0.46581288199716125
mid,1.1,837,-0.6806032959481482
mid,1.1,838,-0.8279024312939433
mid,1.1,839,-1.0194685948668345
mid,1.1,840,-0.6993402788499727
mid,1.1,841,-0.8881744363942748
mid,1.1,842,-0.7371414190484652
mid,1.1,843,-0.9652052237168858
mid,1.1,844,-0.6620289693921376
mid,1.1,845,-0.4715886109728854
mid,1.1,846,-0.2240398334094128
mid,1.1,847,-0.7921540442725671
mid,1.1,848,-0.8113611085795687
mid,1.1,849,-0.47368908014651395
mid,1.1,850,-0.6910515082047879
mid,1.1,851,-0.6796631653113655
mid,1.1,852,-0.6281644079650041
mid,1.1,853,-0.41346829353793996
mid,1.1,854,-0.5305760069906316
mid,1.1,855,-0.6541107992052876
mid,1.1,856,-0.7291380504748523
mid,1.1,857,-0.6208946271788595
mid,1.1,858,-0.8734216510177585
mid,1.1,859,-0.7395600112120106
mid,1.1,860,-0.6286686299951708
mid,1.1,861,-0.8320901237514398
mid,1.1,862,-0.7999060024259222
mid,1.1,863,-0.6165132842762643
mid,1.1,864,-0.7125208083621262
mid,1.1,865,-0.5517998616146866
mid,1.1,866,-0.49157228338554737
mid,1.1,867,-0.7225559523357276
mid,1.1,868,-1.066006813152514
mid,1.1,869,-0.6751935665065596
mid,1.1,870,-0.6790203389400242
mid,1.1,871,-0.8223488347349777
mid,1.1,872,-0.8857634820759006
mid,1.1,873,-0.7044319256675489
mid,1.1,874,-0.9346135479263263
mid,1.1,875,-0.8895121110241372
mid,1.1,876,-0.4910798809346321
mid,1.1,877,-0.73503424420993
mid,1.1,878,-1.0982795344905052
mid,1.1,879,-0.851392543265286
mid,1.1,880,-0.9759161628909839
mid,1.1,881,-0.889507913265723
mid,1.1,882,-0.21947562013337304
mid,1.1,883,-0.8979832826504868
mid,1.1,884,-0.40190285892518446
mid,1.1,885,-0.3653088266931864
mid,1.1,886,-1.3198778875250774
mid,1.1,887,-1.049444895589151
mid,1.1,888,-0.7270686719384256
mid,1.1,889,-1.1628088972470318
mid,1.1,890,-0.7192827499344931
mid,1.1,891,-0.9573319510543173
mid,1.1,892,-1.0049345097220734
mid,1.1,893,-1.2865874378006175
mid,1.1,894,-0.5069817623572321
mid,1.1,895,-0.8956143258275989
mid,1.1,896,-0.18442345309935934
mid,1.1,897,-0.6870135432944098
mid,1.1,898,-1.0476420142543819
mid,1.1,899,-0.6675099297644161
mid,1.1,900,-0.5037360754641576
mid,1.1,901,-1.116282063713944
mid,1.1,902,-0.4106175775506172
mid,1.1,903,-0.7274060118735731
mid,1.1,904,-1.1678047050472609
mid,1.1,905,-0.7525761412534239
mid,1.1,906,-0.605701239684921
mid,1.1,907,-0.8083607053033004
mid,1.1,908,-1.143392201137877
mid,1.1,909,-0.5513013951368471
mid,1.1,910,-0.3759404516733289
mid,1.1,911,-0.6495650777119822
mid,1.1,912,-1.0234520597850145
mid,1.1,913,-0.6094742133142891
mid,1.1,914,-0.8706576186411529
mid,1.1,915,-0.9938948238614719
mid,1.1,916,-0.8007636794425952
mid,1.1,917,-0.6857833910808194
mid,1.1,918,-0.896026972935905
mid,1.1,919,-1.212389566228779
mid,1.1,920,-0.9290953178455746
mid,1.1,921,-0.9696802950765876
mid,1.1,922,-0.647964894923152
mid,1.1,923,-0.9033903488841848
mid,1.1,924,-1.1640507323219236
mid,1.1,925,-0.8464843236992179
mid,1.1,926,-1.0185679640719698
mid,1.1,927,-0.8812257138490499
mid,1.1,928,-0.8464524774471929
mid,1.1,929,-0.8251698739921384
mid,1.1,930,-0.8237671699694129
mid,1.1,931,-0.7357156848882476
mid,1.1,932,-0.6718157175108009
mid,1.1,933,-0.9100557417919825
mid,1.1,934,-0.7110199248235488
mid,1.1,935,-0.7571890949006437
mid,1.1,936,-0.4588612138554092
mid,1.1,937,-0.7105578076782763
mid,1.1,938,-0.8635682464551918
mid,1.1,939,-0.8486065457182796
mid,1.1,940,-0.6475043875802039
mid,1.1,941,-0.6818750269639224
mid,1.1,942,-0.6302137589401386
mid,1.1,943,-1.2435819386128524
mid,1.1,944,-0.7979083387791975
mid,1.1,945,-1.0294364853220148
mid,1.1,946,-0.8957283742182693
mid,1.1,947,-0.4191344813725901
mid,1.1,948,-0.6448282253089785
mid,1.1,949,-1.0668713472906621
mid,1.1,950,-0.731051810645792
mid,1.1,951,-0.5434004218200733
mid,1.1,952,-0.6472675455452995
mid,1.1,953,-1.0102746080666924
mid,1.1,954,-1.1851116199332332
mid,1.1,955,-0.7646445034285522
mid,1.1,956,-1.1265990510336734
mid,1.1,957,-0.674065450252526
mid,1.1,958,-0.899465245664304
mid,1.1,959,-0.47141383336167253
mid,1.1,960,-0.8769382888550981
mid,1.1,961,-0.45363410461751247
mid,1.1,962,-0.9773545800169452
mid,1.1,963,-1.3223695283079957
mid,1.1,964,-0.690326018391233
mid,1.1,965,-1.2280772882377229
mid,1.1,966,-0.9316443985729367
mid,1.1,967,-0.7506315921344925
mid,1.1,968,-1.2567122698268234
mid,1.1,969,-0.8065080840146444
mid,1.1,970,-0.7364897759259175
mid,1.1,971,-0.291401550169691
mid,1.1,972,-0.6725676430803682
mid,1.1,973,-0.5526926796851234
mid,1.1,974,-0.7024600804710959
mid,1.1,975,-0.6334719538250948
mid,1.1,976,-0.9731201000181393
mid,1.1,977,-0.7111388855206578
mid,1.1,978,-0.7939385685980525
mid,1.1,979,-0.6191945225566784
mid,1.1,980,-1.0152396804913004
mid,1.1,981,-0.7747758038511837
mid,1.1,982,-0.6254544689868601
mid,1.1,983,-1.0058280270197195
mid,1.1,984,-0.9184970092223003
mid,1.1,985,-0.7102625256744987
mid,1.1,986,-0.6989438289961079
mid,1.1,987,-0.8557248113035263
mid,1.1,988,-0.7333457922063543
mid,1.1,989,-0.5888725489650981
mid,1.1,990,-0.7807590324138235
mid,1.1,991,-0.5279173706643936
mid,1.1,992,-0.8094228384656057
mid,1.1,993,-0.6636153738362098
mid,1.1,994,-0.9738293591098907
mid,1.1,995,-0.8261105223396872
mid,1.1,996,-0.3527231456733419
mid,1.1,997,-0.6379779540340493
mid,1.1,998,-0.8596964250628618
mid,1.1,999,-0.5238087287460679
mid,1.1,1000,-0.6872231140022749
mid,1.1,1001,-1.156932243936598
mid,1.1,1002,-0.8773672649772738
mid,1.1,1003,-0.3915937494865008
mid,1.1,1004,-1.3913940612574496
mid,1.1,1005,-0.5629405220736252
mid,1.1,1006,-0.780882170518242
mid,1.1,1007,-0.8656071221758546
mid,1.1,1008,-0.9461182421856452
mid,1.1,1009,-0.8144304378249807
mid,1.1,1010,-0.571741034078567
mid,1.1,1011,-0.5654668606188042
mid,1.1,1012,-0.8734968204369522
mid,1.1,1013,-0.6164978458506418
mid,1.1,1014,-1.074758998193884
mid,1.1,1015,-1.0403356904165824
mid,1.1,1016,-0.599708120157834
mid,1.1,1017,-0.6491899206396372
mid,1.1,1018,-0.563753776039134
mid,1.1,1019,-0.5808404462652017
mid,1.1,1020,-0.2565676657016355
mid,1.1,1021,-0.6256858814353592
mid,1.1,1022,-1.176699196299432
mid,1.1,1023,-0.8698498691799179
mid,1.1,1024,-0.6560371177786974
mid,1.1,1025,-0.4466669027959834
mid,1.1,1026,-0.6445361144945653
mid,1.1,1027,-0.4908746707767122
mid,1.1,1028,-1.3395891785984664
mid,1.1,1029,-0.6841818023024984
mid,1.1,1030,-0.663883072495858
mid,1.1,1031,-0.8223171638150757
mid,1.1,1032,-0.8767690870740508
mid,1.1,1033,-0.4977144001200277
mid,1.1,1034,-0.7582460720773416
mid,1.1,1035,-0.5790980546063368
mid,1.1,1036,-0.9732348501578606
mid,1.1,1037,-0.8549031358221725
mid,1.1,1038,-0.6468553239036082
mid,1.1,1039,-0.873709233572242
mid,1.1,1040,-1.1057590694509287
mid,1.1,1041,-0.730522557801427
mid,1.1,1042,-0.8006699572779457
mid,1.1,1043,-1.0123452603468726
mid,1.1,1044,-0.8050914900716347
mid,1.1,1045,-0.783578043722166
mid,1.1,1046,-0.9123907375451386
mid,1.1,1047,-1.0600529499295095
mid,1.1,1048,-0.7059898039585513
mid,1.1,1049,-0.7939072430252602
mid,1.1,1050,-0.5008299089764163
mid,1.1,1051,-0.5479010636278555
mid,1.1,1052,-0.4037440777528715
mid,1.1,1053,-0.7413216786809818
mid,1.1,1054,-0.37883309567068457
mid,1.1,1055,-0.7743055988107445
mid,1.1,1056,-0.8302026171352292
mid,1.1,1057,-0.7413589101143007
mid,1.1,1058,-0.8364292661972603
mid,1.1,1059,-0.7258156923537487
mid,1.1,1060,-0.7733041363925965
mid,1.1,1061,-0.6582300716098303
mid,1.1,1062,-0.33393745672502356
mid,1.1,1063,-0.6744893473558414
mid,1.1,1064,-0.8812054208049049
mid,1.1,1065,-0.734617390977303
mid,1.1,1066,-0.6410555756879964
mid,1.1,1067,-0.734739598010802
mid,1.1,1068,-1.0723884574091245
mid,1.1,1069,-0.922512139296115
mid,1.1,1070,-1.0951965720526242
mid,1.1,1071,-1.0659373235312517
mid,1.1,1072,-0.7107435302934436
mid,1.1,1073,-0.5661365968965938
mid,1.1,1074,-1.2554642678929975
mid,1.1,1075,-0.7860390972775516
mid,1.1,1076,-0.6933629145834064
mid,1.1,1077,-0.41860605494184405
mid,1.1,1078,-1.1131504828172227
mid,1.1,1079,-0.6154124690597874
mid,1.1,1080,-1.0004673892665235
mid,1.1,1081,-0.5489116771436197
mid,1.1,1082,-0.9070542625314003
mid,1.1,1083,-1.1775251018529551
mid,1.1,1084,-0.6982480159963419
mid,1.1,1085,-0.9246974985780831
mid,1.1,1086,-1.237111431103317
mid,1.1,1087,-0.5933693824095513
mid,1.1,1088,-0.5419398478444036
mid,1.1,1089,-0.5154508167203955
mid,1.1,1090,-0.9853074692707294
mid,1.1,1091,-0.24831971511343978
mid,1.1,1092,-0.6217789146148301
mid,1.1,1093,-1.0062872657219841
mid,1.1,1094,-0.49604789293771445
mid,1.1,1095,-1.0524672860241666
mid,1.1,1096,-1.1107177869834162
mid,1.1,1097,-0.4592571486113433
mid,1.1,1098,-0.9552975311966672
mid,1.1,1099,-1.108419290672324
mid,1.1,1100,-0.9420465560743959
mid,1.1,1101,-0.41414992653413757
mid,1.1,1102,-0.9415151776962508
mid,1.1,1103,-0.5863600341396935
mid,1.1,1104,-0.7123404538138917
mid,1.1,1105,-0.6799239828053477
mid,1.1,1106,-0.64165849205698
mid,1.1,1107,-0.8339510985730668
mid,1.1,1108,-0.7958268057047153
mid,1.1,1109,-0.6255447827827246
mid,1.1,1110,-0.6647429261478034
mid,1.1,1111,-0.7108408219374572
mid,1.1,1112,-0.823422557748967
mid,1.1,1113,-0.7283091300505118
mid,1.1,1114,-0.8792596155068554
mid,1.1,1115,-0.6907888779272465
mid,1.1,1116,-0.7045611532848629
mid,1.1,1117,-0.8511764751360905
mid,1.1,1118,-0.8082699253636552
mid,1.1,1119,-0.6128271806811204
mid,1.1,1120,-0.5211281269604003
mid,1.1,1121,-0.9457531700264122
mid,1.1,1122,-1.1521213893020068
mid,1.1,1123,-0.6950234779575064
mid,1.1,1124,-0.7607118787481635
mid,1.1,1125,-0.5095539782513302
mid,1.1,1126,-1.1052624759384762
mid,1.1,1127,-0.5619447865060632
mid,1.1,1128,-0.3998342066474582
mid,1.1,1129,-0.8582458420269518
mid,1.1,1130,-0.5643691218538636
mid,1.1,1131,-0.7266909261363235
mid,1.1,1132,-0.6589287957531772
mid,1.1,1133,-0.4061658473101509
mid,1.1,1134,-0.7563628288016878
mid,1.1,1135,-0.27274980757742084
mid,1.1,1136,-0.6036943440805311
mid,1.1,1137,-0.865557365763502
mid,1.1,1138,-0.8374396412639191
mid,1.1,1139,-0.5675798983818473
mid,1.1,1140,-0.9959473803728603
mid,1.1,1141,-0.4806679684207753
mid,1.1,1142,-0.8338387552241898
mid,1.1,1143,-0.6847798418034897
mid,1.1,1144,-1.1682628651794418
mid,1.1,1145,-0.6057217931535299
mid,1.1,1146,-0.5496316712030652
mid,1.1,1147,-0.744964416051306
mid,1.1,1148,-0.9716414098309759
mid,1.1,1149,-0.6976799622048978
mid,1.1,1150,-0.9978675070857324
mid,1.1,1151,-0.9109723649144668
mid,1.1,1152,-0.9505752089295344
mid,1.1,1153,-1.0140532829965598
mid,1.1,1154,-0.7606584283411806
mid,1.1,1155,-0.8814281756789175
mid,1.1,1156,-1.208879685791833
mid,1.1,1157,-0.561223036787838
mid,1.1,1158,-0.7059849181543371
mid,1.1,1159,-0.6730990506907275
mid,1.1,1160,-0.9074578176626262
mid,1.1,1161,-0.774765419997232
mid,1.1,1162,-0.3360552739536455
mid,1.1,1163,-1.0624176100712641
mid,1.1,1164,-0.8896888796037457
mid,1.1,1165,-0.6836769676759029
mid,1.1,1166,-0.9585412518258792
mid,1.1,1167,-0.613073783108852
mid,1.1,1168,-1.0975863951020304
mid,1.1,1169,-0.6143939488276245
mid,1.1,1170,-0.6828964236073651
mid,1.1,1171,-0.9128459573397432
mid,1.1,1172,-0.7391035834258725
mid,1.1,1173,-0.7926722055811408
mid,1.1,1174,-0.7096939927675522
mid,1.1,1175,-0.9944123486535881
mid,1.1,1176,-0.647364191596859
mid,1.1,1177,-0.588843348075545
mid,1.1,1178,-0.816656294557039
mid,1.1,1179,-0.7454429925779863
mid,1.1,1180,-0.8728647328491376
mid,1.1,1181,-0.603166526838645
mid,1.1,1182,-0.339454761889614
mid,1.1,1183,-0.7056781146442026
mid,1.1,1184,-0.6149076424813645
mid,1.1,1185,-0.8270133286773329
mid,1.1,1186,-0.8839498930134952
mid,1.1,1187,-0.6938875871456427
mid,1.1,1188,-0.9911574719795281
mid,1.1,1189,-0.5427060240943338
mid,1.1,1190,-0.7126649024872079
mid,1.1,1191,-1.1351414699529616
mid,1.1,1192,-0.7262461143640986
mid,1.1,1193,-0.959857153440348
mid,1.1,1194,-0.6684213380915768
mid,1.1,1195,-0.6964395990162101
mid,1.1,1196,-0.5528367538272985
mid,1.1,1197,-0.5041752619418586
mid,1.1,1198,-0.5280776401567508
mid,1.1,1199,-0.8076670138258623
mid,1.1,1200,-1.018091505060845
mid,1.1,1201,-0.9998249551576811
mid,1.1,1202,-0.6207937095144921
mid,1.1,1203,-0.8362391235616883
mid,1.1,1204,-0.7500199057974755
mid,1.1,1205,-0.5034724360448224
mid,1.1,1206,-0.7752391717021017
mid,1.1,1207,-0.8004939855396651
mid,1.1,1208,-1.0126341705820778
mid,1.1,1209,-0.5755575568913901
mid,1.1,1210,-1.0123562220382263
mid,1.1,1211,-1.3059103290758705
mid,1.1,1212,-0.8221580530410717
mid,1.1,1213,-0.0911655634345321
mid,1.1,1214,-1.029074833662416
mid,1.1,1215,-0.9340359974868696
mid,1.1,1216,-0.9387639150215574
mid,1.1,1217,-0.7657496803352106
mid,1.1,1218,-0.6840160131096721
mid,1.1,1219,-0.7708821389562711
mid,1.1,1220,-0.25954197611323454
mid,1.1,1221,-0.8434156829151556
mid,1.1,1222,-0.8444871189298153
mid,1.1,1223,-0.7272182838619277
mid,1.1,1224,-0.8315756563403928
mid,1.1,1225,-0.7358733931388765
mid,1.1,1226,-0.757046879321878
mid,1.1,1227,-0.8731834102709521
mid,1.1,1228,-0.9534234205333948
mid,1.1,1229,-0.6737707472683429
mid,1.1,1230,-0.7429016463445867
mid,1.1,1231,-0.8646860705737592
mid,1.1,1232,-0.9564438009367732
mid,1.1,1233,-0.7490408095524536
mid,1.1,1234,-0.8699430644625077
mid,1.1,1235,-0.7196366505678102
mid,1.1,1236,-0.7098831875864641
mid,1.1,1237,-0.5437527384974689
mid,1.1,1238,-0.619958483667787
mid,1.1,1239,-0.7244972621524304
mid,1.1,1240,-0.6273090013424798
mid,1.1,1241,-0.8166154559809999
mid,1.1,1242,-0.6133288521063526
mid,1.1,1243,-0.9192951187804105
mid,1.1,1244,-0.4203394078008394
mid,1.1,1245,-0.7326585313945961
mid,1.1,1246,-0.9093403620378351
mid,1.1,1247,-0.6327591224057588
mid,1.1,1248,-0.7508331305109169
mid,1.1,1249,-0.9815865582519426
mid,1.1,1250,-0.6590426576342169
mid,1.1,1251,-0.8874112100148858
mid,1.1,1252,-0.7300391203768746
mid,1.1,1253,-0.8484294075601231
mid,1.1,1254,-0.8736271912585741
mid,1.1,1255,-0.6825705028725012
mid,1.1,1256,-1.0199126780453405
mid,1.1,1257,-0.7444050140516286
mid,1.1,1258,-0.7154941331673268
mid,1.1,1259,-0.9557553886868547
mid,1.1,1260,-0.5543505925676679
mid,1.1,1261,-0.8864313895183009
mid,1.1,1262,-1.0822319168440258
mid,1.1,1263,-1.2413532740859046
mid,1.1,1264,-0.7498748253788989
mid,1.1,1265,-0.8108286266035085
mid,1.1,1266,-1.0054062819973857
mid,1.1,1267,-0.6392116060063696
mid,1.1,1268,-0.6622966195339149
mid,1.1,1269,-1.271174209552716
mid,1.1,1270,-0.6619062799262306
mid,1.1,1271,-0.7679486961655057
mid,1.1,1272,-0.7928824099301364
mid,1.1,1273,-1.0263389861355483
mid,1.1,1274,-0.9789491736067976
mid,1.1,1275,-0.6285462064064461
mid,1.1,1276,-0.783635358027741
mid,1.1,1277,-0.40389456064313956
mid,1.1,1278,-0.6708288049593392
mid,1.1,1279,-0.5749913964240136
mid,1.1,1280,-0.8480184288448559
mid,1.1,1281,-0.833744696122519
mid,1.1,1282,-0.8708802464896716
mid,1.1,1283,-0.711868297075804
mid,1.1,1284,-0.8889848882507118
mid,1.1,1285,-0.5232707978491816
mid,1.1,1286,-0.7423729772177609
mid,1.1,1287,-0.4159793637421455
mid,1.1,1288,-0.6518736046997488
mid,1.1,1289,-0.8770630348957016
mid,1.1,1290,-1.0453172840660254
mid,1.1,1291,-0.8170377416826052
mid,1.1,1292,-1.2067127506899837
mid,1.1,1293,-0.5673722822476679
mid,1.1,1294,-0.8914886086174703
mid,1.1,1295,-1.1411816695325483
mid,1.1,1296,-0.6429372896688161
mid,1.1,1297,-0.920604094211984
mid,1.1,1298,-0.684499766441414
mid,1.1,1299,-0.7742149333903396
mid,1.1,1300,-0.28300866771416006
mid,1.1,1301,-0.8783999953999871
mid,1.1,1302,-0.7021941959885467
mid,1.1,1303,-0.6568951882525245
mid,1.1,1304,-0.8179625951329232
mid,1.1,1305,-0.7772576007224896
mid,1.1,1306,-0.8845452365356622
mid,1.1,1307,-0.6709518185270257
mid,1.1,1308,-0.655919418861555
mid,1.1,1309,-0.6788794393398215
mid,1.1,1310,-1.0034562127889846
mid,1.1,1311,-0.6749084510434668
mid,1.1,1312,-0.7383413074663809
mid,1.1,1313,-0.6886389689953398
mid,1.1,1314,-0.5234201139526288
mid,1.1,1315,-0.2124303206137566
mid,1.1,1316,-1.3384411245745538
mid,1.1,1317,-0.5200595759966206
mid,1.1,1318,-1.080028135724334
mid,1.1,1319,-0.8949828338334557
mid,1.1,1320,-0.8894361885601242
mid,1.1,1321,-0.8072561155453533
mid,1.1,1322,-0.8908852868582604
mid,1.1,1323,-0.5258902918012196
mid,1.1,1324,-0.7927541513000322
mid,1.1,1325,-1.295432983826733
mid,1.1,1326,-1.11512093901649
mid,1.1,1327,-0.44649714821228603
mid,1.1,1328,-0.9601479359028724
mid,1.1,1329,-0.746831678480137
mid,1.1,1330,-0.5967717630961193
mid,1.1,1331,-0.4628993904124719
mid,1.1,1332,-0.644780345923076
mid,1.1,1333,-0.7251241289915457
mid,1.1,1334,-0.617624126711682
mid,1.1,1335,-0.7071301161233564
mid,1.1,1336,-1.11084183760887
mid,1.1,1337,-0.867160636970714
mid,1.1,1338,-0.8692412763873656
mid,1.1,1339,-0.7551893923507473
mid,1.1,1340,-0.5953725932536725
mid,1.1,1341,-0.7858284152543265
mid,1.1,1342,-0.553398377388734
mid,1.1,1343,-1.0717408115650702
mid,1.1,1344,-0.49702678727845834
mid,1.1,1345,-0.5151684274586151
mid,1.1,1346,-0.3072077600037577
mid,1.1,1347,-0.9750723694666775
mid,1.1,1348,-0.6422276343022327
mid,1.1,1349,-1.0152655794163084
mid,1.1,1350,-0.7889737580864036
mid,1.1,1351,-0.8417938031543131
mid,1.1,1352,-0.9279099480952019
mid,1.1,1353,-0.48490882176198463
mid,1.1,1354,-0.465154131289468
mid,1.1,1355,-0.6892603006112853
mid,1.1,1356,-0.7339472932054067
mid,1.1,1357,-0.3299669644571629
mid,1.1,1358,-0.5824000692458821
mid,1.1,1359,-1.0043035480172353
mid,1.1,1360,-0.7592524041406119
mid,1.1,1361,-0.9867182471643458
mid,1.1,1362,-0.6755933266620952
mid,1.1,1363,-0.5602697107658404
mid,1.1,1364,-0.8209173753850114
mid,1.1,1365,-0.8682097454885976
mid,1.1,1366,-0.6694581235949001
mid,1.1,1367,-0.9127532086137274
mid,1.1,1368,-0.33101843689863725
mid,1.1,1369,-0.5372733792615945
mid,1.1,1370,-0.7178053346030675
mid,1.1,1371,-0.31954621508568404
mid,1.1,1372,-0.34313533654468603
mid,1.1,1373,-0.46806648724076433
mid,1.1,1374,-0.8768330363930105
mid,1.1,1375,-1.0128917039805068
mid,1.1,1376,-0.8222435002337346
mid,1.1,1377,-1.064710214074296
mid,1.1,1378,-0.5234394786892935
mid,1.1,1379,-0.7381394804092936
mid,1.1,1380,-0.6897336754967831
mid,1.1,1381,-0.9642123249062877
mid,1.1,1382,-0.5597647570314921
mid,1.1,1383,-0.8925688874854273
mid,1.1,1384,-0.5289734172407484
mid,1.1,1385,-0.5633357662969366
mid,1.1,1386,-0.5574146193650923
mid,1.1,1387,-0.833605181380018
mid,1.1,1388,-0.46426490919987673
mid,1.1,1389,-1.044196126148473
mid,1.1,1390,-0.5964177106258308
mid,1.1,1391,-0.6835779172501714
mid,1.1,1392,-0.5616411197482065
mid,1.1,1393,-0.8855051484484837
mid,1.1,1394,-1.073532149341994
mid,1.1,1395,-0.5905042866057765
mid,1.1,1396,-0.6156940260526228
mid,1.1,1397,-0.7897195549837651
mid,1.1,1398,-1.1606964655864225
mid,1.1,1399,-1.0655839742828659
mid,1.1,1400,-0.6448423278193325
mid,1.1,1401,-0.8543454953200532
mid,1.1,1402,-0.8016793293025266
mid,1.1,1403,-0.8349553329242779
mid,1.1,1404,-1.1776675753001642
mid,1.1,1405,-0.42954743764275927
mid,1.1,1406,-0.3356624831211596
mid,1.1,1407,-0.5448352415825616
mid,1.1,1408,-0.5071585263227272
mid,1.1,1409,-0.9438266814092705
mid,1.1,1410,-0.8212492327251552
mid,1.1,1411,-0.9810213247665797
mid,1.1,1412,-0.7309886505712869
mid,1.1,1413,-0.942372436899076
mid,1.1,1414,-0.7562441365745906
mid,1.1,1415,-1.2228515593824247
mid,1.1,1416,-0.4048681362437541
mid,1.1,1417,-0.8641345956365906
mid,1.1,1418,-0.7242958063272678
mid,1.1,1419,-0.6852714769949693
mid,1.1,1420,-0.7658976629519118
mid,1.1,1421,-0.8964932193652585
mid,1.1,1422,-0.8050560648067551
mid,1.1,1423,-0.6908278389975594
mid,1.1,1424,-0.860351891719696
mid,1.1,1425,-0.6830087042754861
mid,1.1,1426,-0.9212934914358346
mid,1.1,1427,-0.3986796743874355
mid,1.1,1428,-0.7851005205822321
mid,1.1,1429,-0.8310352898310138
mid,1.1,1430,-0.9063007031830801
mid,1.1,1431,-0.770487858038984
mid,1.1,1432,-0.9464835630018433
mid,1.1,1433,-0.330129094888745
mid,1.1,1434,-1.0663586765504807
mid,1.1,1435,-0.6090210449752037
mid,1.1,1436,-0.7843098846830378
mid,1.1,1437,-0.986018083405618
mid,1.1,1438,-0.8718331724989087
mid,1.1,1439,-1.0050963850246681
mid,1.1,1440,-0.9107078334682635
mid,1.1,1441,-0.45867637317798
mid,1.1,1442,-0.7995543291348471
mid,1.1,1443,-0.4928043385868293
mid,1.1,1444,-0.9708373223700488
mid,1.1,1445,-1.0243442996223362
mid,1.1,1446,-0.4617597338614071
mid,1.1,1447,-0.746323974095327
mid,1.1,1448,-0.7785010570726987
mid,1.1,1449,-0.8721786447353544
mid,1.1,1450,-0.5646217895239355
mid,1.1,1451,-0.9062102770273281
mid,1.1,1452,-0.8250733079517985
mid,1.1,1453,-0.8225729375431838
mid,1.1,1454,-0.5855845921326056
mid,1.1,1455,-0.5527391971605125
mid,1.1,1456,-0.9950368780461347
mid,1.1,1457,-0.9173888512792191
mid,1.1,1458,-0.9775560624346817
mid,1.1,1459,-0.7444412195853165
mid,1.1,1460,-0.8416927220121472
mid,1.1,1461,-0.783472769044627
mid,1.1,1462,-0.5709365508170257
mid,1.1,1463,-0.652832617469255
mid,1.1,1464,-0.7816250876002296
mid,1.1,1465,-0.1663828856575107
mid,1.1,1466,-1.323012948920836
mid,1.1,1467,-0.8673048492038817
mid,1.1,1468,-0.8227490708424021
mid,1.1,1469,-0.5337847583336013
mid,1.1,1470,-0.7162787404608596
mid,1.1,1471,-0.9119333079009679
mid,1.1,1472,-0.6433039692390706
mid,1.1,1473,-0.7879474468525534
mid,1.1,1474,-1.1750154394864405
mid,1.1,1475,-0.7132777488232513
mid,1.1,1476,-0.3530795570954259
mid,1.1,1477,-0.45887027257937785
mid,1.1,1478,-0.347481168643278
mid,1.1,1479,-0.5120472488892084
mid,1.1,1480,-0.8112267924020182
mid,1.1,1481,-0.8622716745651376
mid,1.1,1482,-0.862751203264769
mid,1.1,1483,-0.3361515978127714
mid,1.1,1484,-1.1782114631233929
mid,1.1,1485,-0.6204864563206636
mid,1.1,1486,-0.9330216612891619
mid,1.1,1487,-0.6810824752631924
mid,1.1,1488,-0.6009000343108044
mid,1.1,1489,-0.6161164197704974
mid,1.1,1490,-0.9830616491425774
mid,1.1,1491,-0.6597245323601926
mid,1.1,1492,-0.8841753948988467
mid,1.1,1493,-0.7040256812761572
mid,1.1,1494,-0.5745509026369215
mid,1.1,1495,-0.6144086720064368
mid,1.1,1496,-0.5854552181742898
mid,1.1,1497,-1.0180786274136997
mid,1.1,1498,-0.9794309046336419
mid,1.1,1499,-1.1273883090005574
mid,1.1,1500,-0.45260006281404497
mid,1.1,1501,-0.6691654301375295
mid,1.1,1502,-0.2214751071128209
mid,1.1,1503,-0.4955794527123655
mid,1.1,1504,-0.7486601146027103
mid,1.1,1505,-0.6254529881852587
mid,1.1,1506,-0.5983049167437787
mid,1.1,1507,-0.7230722713015584
mid,1.1,1508,-0.8249022696112014
mid,1.1,1509,-0.8382827550476988
mid,1.1,1510,-0.8909775369186876
mid,1.1,1511,-0.8577689588117171
mid,1.1,1512,-0.6708385736752338
mid,1.1,1513,-0.8280744252772365
mid,1.1,1514,-0.6259765453164517
mid,1.1,1515,-1.1324791316744447
mid,1.1,1516,-0.7202616863006349
mid,1.1,1517,-0.8045218446948287
mid,1.1,1518,-1.025148727216724
mid,1.1,1519,-0.4874986113660031
mid,1.1,1520,-0.4524395130809268
mid,1.1,1521,-0.8877557525395927
mid,1.1,1522,-0.9395797599564096
mid,1.1,1523,-0.7359644168460963
mid,1.1,1524,-0.7302593988266276
mid,1.1,1525,-0.7215144093893119
mid,1.1,1526,-0.4923533273252941
mid,1.1,1527,-1.0231931247220452
mid,1.1,1528,-0.9036575599819129
mid,1.1,1529,-0.5253761765860071
mid,1.1,1530,-0.5792818348583888
mid,1.1,1531,-0.4081896362582201
mid,1.1,1532,-0.6435169943224933
mid,1.1,1533,-0.6724508944424509
mid,1.1,1534,-0.9208128564102225
mid,1.1,1535,-1.0284714044487173
mid,1.1,1536,-0.6869685863239927
mid,1.1,1537,-0.931506733114062
mid,1.1,1538,-0.5299028446310778
mid,1.1,1539,-1.0886022183136568
mid,1.1,1540,-0.6851349067239533
mid,1.1,1541,-1.2027108116910628
mid,1.1,1542,-0.8640099148888681
mid,1.1,1543,-1.215394603347333
mid,1.1,1544,-0.4426365140681562
mid,1.1,1545,-0.8131834708195789
mid,1.1,1546,-0.7944489401691686
mid,1.1,1547,-0.7438560989171908
mid,1.1,1548,-0.6558025294493038
mid,1.1,1549,-0.8916467716632924
mid,1.1,1550,-0.9236129252572264
mid,1.1,1551,-0.7074135498190498
mid,1.1,1552,-0.9466739609518015
mid,1.1,1553,-0.8552044022137372
mid,1.1,1554,-0.8094507534835066
mid,1.1,1555,-1.1262599472658787
mid,1.1,1556,-0.8812167824161082
mid,1.1,1557,-0.8848552346579376
mid,1.1,1558,-0.4878910943436533
mid,1.1,1559,-1.1327162340191965
mid,1.1,1560,-0.9704677553219225
mid,1.1,1561,-0.7657873921504221
mid,1.1,1562,-0.7574876494476326
mid,1.1,1563,-0.8831156000702465
mid,1.1,1564,-0.5833899987202643
mid,1.1,1565,-0.7867080149978574
mid,1.1,1566,-0.7031434769658621
mid,1.1,1567,-0.48737977371926544
mid,1.1,1568,-0.8448151642435876
mid,1.1,1569,-0.6168848423180254
mid,1.1,1570,-0.6001440567593208
mid,1.1,1571,-0.9303421610254011
mid,1.1,1572,-0.9835843064985594
mid,1.1,1573,-1.1759599174587982
mid,1.1,1574,-0.9355256626041776
mid,1.1,1575,-0.8637580240046484
mid,1.1,1576,-0.5068380905572326
mid,1.1,1577,-0.6354312752276846
mid,1.1,1578,-1.0662024560014676
mid,1.1,1579,-0.8679831188713492
mid,1.1,1580,-0.8522605033261142
mid,1.1,1581,-0.8387010038665124
mid,1.1,1582,-0.4911596513776741
mid,1.1,1583,-1.0507434471108912
mid,1.1,1584,-0.9030146773880616
mid,1.1,1585,-0.8719575175094597
mid,1.1,1586,-0.7246770278119765
mid,1.1,1587,-0.8234795947464817
mid,1.1,1588,-0.8253042463828427
mid,1.1,1589,-0.8486582855458232
mid,1.1,1590,-0.8572792278484918
mid,1.1,1591,-0.6915623804158586
mid,1.1,1592,-0.9323833439847702
mid,1.1,1593,-0.6570491364270524
mid,1.1,1594,-0.9704926982865012
mid,1.1,1595,-0.15389601435507094
mid,1.1,1596,-0.6966206612190076
mid,1.1,1597,-0.7679816869041942
mid,1.1,1598,-0.6315465366961955
mid,1.1,1599,-0.6893967727527094
mid,1.1,1600,-0.4880752894173056
mid,1.1,1601,-0.8058580266833436
mid,1.1,1602,-0.9620613403823809
mid,1.1,1603,-0.8669564634994102
mid,1.1,1604,-0.6538553501524046
mid,1.1,1605,-1.0420536502014583
mid,1.1,1606,-0.6598358004698379
mid,1.1,1607,-0.7441230390821033
mid,1.1,1608,-0.4925566512426625
mid,1.1,1609,-0.7629677092668035
mid,1.1,1610,-0.5832873395678649
mid,1.1,1611,-0.8851018940602826
mid,1.1,1612,-0.7775602703364379
mid,1.1,1613,-0.9709729950458307
mid,1.1,1614,-0.3895431311463235
mid,1.1,1615,-0.5067488695990666
mid,1.1,1616,-0.7419634453969967
mid,1.1,1617,-1.0393676080639904
mid,1.1,1618,-0.6659811247756643
mid,1.1,1619,-0.5277624151466425
mid,1.1,1620,-0.8686060403626275
mid,1.1,1621,-0.7462492509475922
mid,1.1,1622,-0.5954011469318607
mid,1.1,1623,-0.6189464865902754
mid,1.1,1624,-0.5667973727689742
mid,1.1,1625,-1.1091768335373586
mid,1.1,1626,-1.1227933764917701
mid,1.1,1627,-0.9190648142285579
mid,1.1,1628,-0.474584788974655
mid,1.1,1629,-0.6782092785559745
mid,1.1,1630,-0.8380716087363792
mid,1.1,1631,-0.8008732733693247
mid,1.1,1632,-0.9146088335310661
mid,1.1,1633,-0.745740694544926
mid,1.1,1634,-0.9786506152373528
mid,1.1,1635,-0.8699041532754502
mid,1.1,1636,-1.083587827179474
mid,1.1,1637,-0.9223603226828714
mid,1.1,1638,-0.3901987370906345
mid,1.1,1639,-0.7361140194642406
mid,1.1,1640,-0.5856397310772353
mid,1.1,1641,-0.8320257420565632
mid,1.1,1642,-0.7434024226871628
mid,1.1,1643,-0.807579745828849
mid,1.1,1644,-0.9070839787725036
mid,1.1,1645,-0.7169453048752735
mid,1.1,1646,-0.6737111943249235
mid,1.1,1647,-0.6800414010445205
mid,1.1,1648,-0.6686217575542013
mid,1.1,1649,-0.8875728961876007
mid,1.1,1650,-0.5802287811866705
mid,1.1,1651,-0.9093893011182133
mid,1.1,1652,-0.5622132084565605
mid,1.1,1653,-0.8818362589449957
mid,1.1,1654,-0.907960293343195
mid,1.1,1655,-0.8216672713913693
mid,1.1,1656,-0.6579837889639124
mid,1.1,1657,-0.9312291415395395
mid,1.1,1658,-0.6982308390073348
mid,1.1,1659,-0.507186419551948
mid,1.1,1660,-0.7493843929319439
mid,1.1,1661,-1.0132275105062363
mid,1.1,1662,-0.5598700447970238
mid,1.1,1663,-0.7531942661774879
mid,1.1,1664,-0.6958025384787982
mid,1.1,1665,-0.6820712502920733
mid,1.1,1666,-1.0351912716340004
mid,1.1,1667,-0.7412604169768089
mid,1.1,1668,-0.3683424580798695
mid,1.1,1669,-0.6564547122907337
mid,1.1,1670,-0.6524439753426499
mid,1.1,1671,-0.6006598010046624
mid,1.1,1672,-0.6418791463359271
mid,1.1,1673,-0.48568759809433926
mid,1.1,1674,-0.9465288616661296
mid,1.1,1675,-0.6691681860520764
mid,1.1,1676,-0.6522755222110167
mid,1.1,1677,-1.1608139617145392
mid,1.1,1678,-0.7827630590035364
mid,1.1,1679,-0.8693063546618286
mid,1.1,1680,-0.3247851993974903
mid,1.1,1681,-0.6840163639008178
mid,1.1,1682,-0.4852301877286438
mid,1.1,1683,-1.0168324482957285
mid,1.1,1684,-0.9776495281696251
mid,1.1,1685,-0.6521673165021449
mid,1.1,1686,-0.5541784426473468
mid,1.1,1687,-0.9506522446269983
mid,1.1,1688,-0.5606760114594317
mid,1.1,1689,-0.60849940945658
mid,1.1,1690,-0.8276020410888113
mid,1.1,1691,-0.5692370245959312
mid,1.1,1692,-0.40522562318725713
mid,1.1,1693,-0.8099657349084333
mid,1.1,1694,-0.8616527166693293
mid,1.1,1695,-0.8404653160810127
mid,1.1,1696,-0.9383401472146972
mid,1.1,1697,-0.8000777692682703
mid,1.1,1698,-0.875199177805978
mid,1.1,1699,-0.6462621208721344
mid,1.1,1700,-0.3282578962590453
mid,1.1,1701,-0.3847944293405297
mid,1.1,1702,-0.9472244445811958
mid,1.1,1703,-0.594299836613735
mid,1.1,1704,-0.899539598914892
mid,1.1,1705,-0.5531956209137394
mid,1.1,1706,-1.2853236065644909
mid,1.1,1707,-1.087834527982941
mid,1.1,1708,-1.1122106128548397
mid,1.1,1709,-0.918016885420142
mid,1.1,1710,-0.27946182384239204
mid,1.1,1711,-0.6668979929829841
mid,1.1,1712,-1.0039780433896086
mid,1.1,1713,-1.0909847707107514
mid,1.1,1714,-1.183291094462153
mid,1.1,1715,-0.814805589285872
mid,1.1,1716,-0.9109218314399452
mid,1.1,1717,-0.8825395968269132
mid,1.1,1718,-0.8830899769510532
mid,1.1,1719,-0.9808057236784012
mid,1.1,1720,-0.9399749347766794
mid,1.1,1721,-1.2508078151033946
mid,1.1,1722,-0.8786870471462012
mid,1.1,1723,-0.8280096348916818
mid,1.1,1724,-0.4992053439146602
mid,1.1,1725,-1.0119570844304986
mid,1.1,1726,-0.7108749142810656
mid,1.1,1727,-1.1833027853284641
mid,1.1,1728,-0.9732946003386621
mid,1.1,1729,-0.7444575575024468
mid,1.1,1730,-0.6388276797893104
mid,1.1,1731,-0.5243448499094965
mid,1.1,1732,-0.9488970732789678
mid,1.1,1733,-1.0203596294208177
mid,1.1,1734,-0.9062441475626724
mid,1.1,1735,-0.7075817183033005
mid,1.1,1736,-0.7123351604673104
mid,1.1,1737,-0.7242506592532387
mid,1.1,1738,-0.7729569937518559
mid,1.1,1739,-0.7634984462780644
mid,1.1,1740,-0.663841267379409
mid,1.1,1741,-0.780145861692098
mid,1.1,1742,-0.7120410487648035
mid,1.1,1743,-0.763733313373749
mid,1.1,1744,-0.4322345572830391
mid,1.1,1745,-0.6293976802931327
mid,1.1,1746,-0.6030680933391732
mid,1.1,1747,-0.7288798466337619
mid,1.1,1748,-0.7388780963979436
mid,1.1,1749,-0.7946477018912538
mid,1.1,1750,-0.7159800429964721
mid,1.1,1751,-0.5183134548028123
mid,1.1,1752,-0.35986206708407803
mid,1.1,1753,-0.6320433549454497
mid,1.1,1754,-1.0105458120112203
mid,1.1,1755,-0.8316993824384291
mid,1.1,1756,-0.7996253532118386
mid,1.1,1757,-0.494841611893983
mid,1.1,1758,-0.6722352548776293
mid,1.1,1759,-0.5537713193565585
mid,1.1,1760,-1.3235337738381987
mid,1.1,1761,-0.6897743251273109
mid,1.1,1762,-0.6147209032409882
mid,1.1,1763,-1.0104903768191953
mid,1.1,1764,-0.8742334795370817
mid,1.1,1765,-0.886628169031157
mid,1.1,1766,-1.1870718566931766
mid,1.1,1767,-0.7063626734814429
mid,1.1,1768,-0.9067678717882655
mid,1.1,1769,-0.9065298312710636
mid,1.1,1770,-0.489585933946282
mid,1.1,1771,-0.9239715594516642
mid,1.1,1772,-0.9016962709742024
mid,1.1,1773,-1.229136267710031
mid,1.1,1774,-1.1349801298187658
mid,1.1,1775,-0.8709127677518521
mid,1.1,1776,-0.7599266035314629
mid,1.1,1777,-0.7053627767570703
mid,1.1,1778,-0.6903304153802297
mid,1.1,1779,-1.0030090394346232
mid,1.1,1780,-0.9640840716567338
mid,1.1,1781,-0.8108479112587992
mid,1.1,1782,-0.6866404730164503
mid,1.1,1783,-0.824393101233684
mid,1.1,1784,-0.5192970355230427
mid,1.1,1785,-0.6633152669348964
mid,1.1,1786,-0.908579641051142
mid,1.1,1787,-0.8957958718831417
mid,1.1,1788,-1.2181541804664584
mid,1.1,1789,-1.019519842508219
mid,1.1,1790,-0.8679763396454508
mid,1.1,1791,-0.8245689410083762
mid,1.1,1792,-0.8635004894343482
mid,1.1,1793,-0.8161238564502283
mid,1.1,1794,-1.1012360839791564
mid,1.1,1795,-1.247603507540658
mid,1.1,1796,-0.5692837956851736
mid,1.1,1797,-0.9825192118980915
mid,1.1,1798,-0.8947757320063064
mid,1.1,1799,-0.9374380033006422
mid,1.1,1800,-0.6282794655619357
mid,1.1,1801,-0.8551781924274273
mid,1.1,1802,-0.664161084197039
mid,1.1,1803,-0.7400193766204102
mid,1.1,1804,-0.6086906222834727
mid,1.1,1805,-0.8390414476100694
mid,1.1,1806,-0.3501427062867821
mid,1.1,1807,-0.6324625733441503
mid,1.1,1808,-0.8564748743036557
mid,1.1,1809,-0.7218697086714948
mid,1.1,1810,-0.7136979241886577
mid,1.1,1811,-0.8361117395492292
mid,1.1,1812,-1.0374658717725735
mid,1.1,1813,-0.9184491420583475
mid,1.1,1814,-0.6780185353344742
mid,1.1,1815,-0.8807691823178542
mid,1.1,1816,-0.9232614571361054
mid,1.1,1817,-0.557875810377589
mid,1.1,1818,-0.8263968376427115
mid,1.1,1819,-0.6084966240609698
mid,1.1,1820,-0.6998451691053785
mid,1.1,1821,-0.9334278911486414
mid,1.1,1822,-1.0384434323379064
mid,1.1,1823,-0.7462789385130982
mid,1.1,1824,-0.9266652666066356
mid,1.1,1825,0.002737545710146528
mid,1.1,1826,-0.7465853251171075
mid,1.1,1827,-1.0905274872759123
mid,1.1,1828,-0.8805422183567911
mid,1.1,1829,-0.723902172325471
mid,1.1,1830,-1.0049394430427079
mid,1.1,1831,-0.75460728332918
mid,1.1,1832,-0.6881189311182512
mid,1.1,1833,-0.8260276303986646
mid,1.1,1834,-0.5625429954236006
mid,1.1,1835,-0.926747805089527
mid,1.1,1836,-0.8865923088640705
mid,1.1,1837,-0.9629881434057398
mid,1.1,1838,-1.2485508735380428
mid,1.1,1839,-1.1803000562441668
mid,1.1,1840,-0.549571730469151
mid,1.1,1841,-0.3156975120178124
mid,1.1,1842,-0.647487918337592
mid,1.1,1843,-0.6340944159337444
mid,1.1,1844,-0.723318454990734
mid,1.1,1845,-0.7642571535562784
mid,1.1,1846,-0.542455816171067
mid,1.1,1847,-0.4043553975076722
mid,1.1,1848,-0.8273238668912598
mid,1.1,1849,-1.10927142520096
mid,1.1,1850,-0.7925111504311937
mid,1.1,1851,-1.0565864056421994
mid,1.1,1852,-0.8973664352036197
mid,1.1,1853,-1.041633784663373
mid,1.1,1854,-1.002779041330826
mid,1.1,1855,-0.31741832811121046
mid,1.1,1856,-0.7916397596259828
mid,1.1,1857,-0.6877518290711572
mid,1.1,1858,-0.7457285244006694
mid,1.1,1859,-1.1008685810794352
mid,1.1,1860,-0.7430328960113258
mid,1.1,1861,-0.32564359260688175
mid,1.1,1862,-0.38310982627875
mid,1.1,1863,-0.7743538107060897
mid,1.1,1864,-0.8958884484371537
mid,1.1,1865,-0.7734249149582578
mid,1.1,1866,-0.9004245630899271
mid,1.1,1867,-0.7052313673008339
mid,1.1,1868,-0.41552098711317415
mid,1.1,1869,-0.7996050183332702
mid,1.1,1870,-0.8469801122842763
mid,1.1,1871,-0.7603958166360263
mid,1.1,1872,-0.4767568063206445
mid,1.1,1873,-0.842608675004505
mid,1.1,1874,-0.6038689075200138
mid,1.1,1875,-0.5503607503658485
mid,1.1,1876,-0.8247968338484598
mid,1.1,1877,-0.8527052064733978
mid,1.1,1878,-0.9573571127181013
mid,1.1,1879,-0.7025124692057563
mid,1.1,1880,-0.5372834167415621
mid,1.1,1881,-0.9297070054259956
mid,1.1,1882,-1.1812053013720463
mid,1.1,1883,-0.8888828368652558
mid,1.1,1884,-0.6852270372526339
mid,1.1,1885,-0.654883016306566
mid,1.1,1886,-0.8447185960305159
mid,1.1,1887,-0.8117604956702682
mid,1.1,1888,-0.5709977845426406
mid,1.1,1889,-0.7736429471534672
mid,1.1,1890,-0.7748929413793113
mid,1.1,1891,-1.02154533877721
mid,1.1,1892,-0.8510046312407902
mid,1.1,1893,-0.5911959393557008
mid,1.1,1894,-0.6183265756813279
mid,1.1,1895,-0.8761307184837774
mid,1.1,1896,-1.0402763441232055
mid,1.1,1897,-0.8700235640727678
mid,1.1,1898,-0.7646363933088716
mid,1.1,1899,-0.9599872382862435
mid,1.1,1900,-0.9671813735374784
mid,1.1,1901,-0.8792461720020314
mid,1.1,1902,-0.9277056368098529
mid,1.1,1903,-0.8063109302985427
mid,1.1,1904,-1.0885408494291589
mid,1.1,1905,-1.0883215359143326
mid,1.1,1906,-1.0795626351965957
mid,1.1,1907,-1.0704345274574742
mid,1.1,1908,-0.8497583721556623
mid,1.1,1909,-0.6269940663389779
mid,1.1,1910,-0.839961550457405
mid,1.1,1911,-0.9213789486028254
mid,1.1,1912,-0.9200359790969043
mid,1.1,1913,-0.38534702106267826
mid,1.1,1914,-0.9653775621154982
mid,1.1,1915,-0.9443331934088157
mid,1.1,1916,-0.8123635962267234
mid,1.1,1917,-0.7239551504432914
mid,1.1,1918,-0.9774337302803555
mid,1.1,1919,-1.1076943481725765
mid,1.1,1920,-0.7732057286068357
mid,1.1,1921,-0.7197453991260835
mid,1.1,1922,-0.4570997161215965
mid,1.1,1923,-1.1131755601777364
mid,1.1,1924,-0.8071907721318154
mid,1.1,1925,-0.6686362970227494
mid,1.1,1926,-0.7573695503426877
mid,1.1,1927,-0.830821816712086
mid,1.1,1928,-0.8136566342324327
mid,1.1,1929,-1.0655346462431678
mid,1.1,1930,-0.8745307284660554
mid,1.1,1931,-0.7039537400050122
mid,1.1,1932,-0.6874178775578036
mid,1.1,1933,-0.5308211728579468
mid,1.1,1934,-0.7437695446770004
mid,1.1,1935,-0.5604360696637583
mid,1.1,1936,-0.6687567841273478
mid,1.1,1937,-0.6043432726425555
mid,1.1,1938,-0.7663464213018475
mid,1.1,1939,-0.9040252981418193
mid,1.1,1940,-0.8105906252997779
mid,1.1,1941,-0.3245368147970672
mid,1.1,1942,-0.6637049578531922
mid,1.1,1943,-0.7149182854093574
mid,1.1,1944,-0.6838623375532475
mid,1.1,1945,-0.7434806253052916
mid,1.1,1946,-0.6940593128314881
mid,1.1,1947,-1.1004679387850307
mid,1.1,1948,-0.444421501447812
mid,1.1,1949,-1.1345505369014302
mid,1.1,1950,-0.9044075258589901
mid,1.1,1951,-0.504942234118136
mid,1.1,1952,-0.45860609880794245
mid,1.1,1953,-0.7499683816222458
mid,1.1,1954,-1.0200599120797202
mid,1.1,1955,-0.4661584612816532
mid,1.1,1956,-0.8147240443696927
mid,1.1,1957,-0.5580633262334598
mid,1.1,1958,-0.818396659800797
mid,1.1,1959,-1.4902053744994996
mid,1.1,1960,-0.8682985792545321
mid,1.1,1961,-0.7024019101151235
mid,1.1,1962,-0.8885248598135276
mid,1.1,1963,-0.6012431145557151
mid,1.1,1964,-0.9474277832894842
mid,1.1,1965,-1.01627766354971
mid,1.1,1966,-0.7633954159888453
mid,1.1,1967,-0.9534573418469122
mid,1.1,1968,-0.42683251227862157
mid,1.1,1969,-0.8424807718880238
mid,1.1,1970,-0.8230919864368663
mid,1.1,1971,-0.5363156733486624
mid,1.1,1972,-0.9396089110358595
mid,1.1,1973,-0.7790308299507775
mid,1.1,1974,-0.6257001308228919
mid,1.1,1975,-0.8301678477538397
mid,1.1,1976,-0.38285026726978244
mid,1.1,1977,-0.5710758496784647
mid,1.1,1978,-0.6785874146600473
mid,1.1,1979,-0.9251399566484279
mid,1.1,1980,-0.8322469873486749
mid,1.1,1981,-0.7677644774450968
mid,1.1,1982,-1.1316313760637011
mid,1.1,1983,-0.7250470353048019
mid,1.1,1984,-0.684720942601413
mid,1.1,1985,-0.8198138690276031
mid,1.1,1986,-1.0485524253073184
mid,1.1,1987,-0.5740970119906178
mid,1.1,1988,-0.42096549894292745
mid,1.1,1989,-0.7157344773364953
mid,1.1,1990,-0.5890378634290933
mid,1.1,1991,-0.7878220975720746
mid,1.1,1992,-1.2837707923849313
mid,1.1,1993,-0.6969953327451428
mid,1.1,1994,-0.8350286990119872
mid,1.1,1995,-0.9219168575929202
mid,1.1,1996,-0.518986174523136
mid,1.1,1997,-0.5492208903364286
mid,1.1,1998,-1.0537414901359778
mid,1.1,1999,-0.8735737853270636
mid,1.2,0,-0.11777036309512062
mid,1.2,1,-0.18745344071461045
mid,1.2,2,0.09722886223105326
mid,1.2,3,-0.21228535772548493
mid,1.2,4,0.03432492043477814
mid,1.2,5,-0.11937424584775473
mid,1.2,6,-0.14928984062462416
mid,1.2,7,-0.2303544841906667
mid,1.2,8,-0.23120851510809212
mid,1.2,9,-0.23085266863033752
mid,1.2,10,0.09234804124866307
mid,1.2,11,-0.4853674500182728
mid,1.2,12,-0.060740586910973934
mid,1.2,13,-0.10752750203821457
mid,1.2,14,-0.6040444965075956
mid,1.2,15,-0.027808398504201977
mid,1.2,16,-0.1721152628908653
mid,1.2,17,-0.5467546361804906
mid,1.2,18,0.03965432070837294
mid,1.2,19,-0.4639393415538546
mid,1.2,20,-0.4988615505314155
mid,1.2,21,-0.10540224681361555
mid,1.2,22,-0.21597031845747208
mid,1.2,23,-0.09308425033249476
mid,1.2,24,0.11182474333322177
mid,1.2,25,-0.1277900589667937
mid,1.2,26,-0.0865782003904851
mid,1.2,27,-0.3538858352115355
mid,1.2,28,-0.3207792729993913
mid,1.2,29,-0.10887937129115223
mid,1.2,30,-0.34032631607983715
mid,1.2,31,0.1013846205902833
mid,1.2,32,0.055491554411641116
mid,1.2,33,0.10212280462004532
mid,1.2,34,-0.16755471779039993
mid,1.2,35,-0.10352053611427996
mid,1.2,36,-0.07190079120396263
mid,1.2,37,-0.12501195858035918
mid,1.2,38,0.17479547931803247
mid,1.2,39,-0.6958990861680041
mid,1.2,40,-0.15943240146329668
mid,1.2,41,-0.4489926589982522
mid,1.2,42,-0.4385875190078871
mid,1.2,43,-0.4256320403826636
mid,1.2,44,-0.33181052949551126
mid,1.2,45,-0.3087986301432554
mid,1.2,46,-0.47163711856351814
mid,1.2,47,-0.01768613326601857
mid,1.2,48,-0.29657228058298063
mid,1.2,49,0.15215116868812897
mid,1.2,50,-0.23131591408117597
mid,1.2,51,-0.05489043170329762
mid,1.2,52,-0.2757578069288398
mid,1.2,53,-0.5230974071035357
mid,1.2,54,-0.5682562041598331
mid,1.2,55,-0.346004600413352
mid,1.2,56,-0.34338860070207605
mid,1.2,57,0.03484793098767938
mid,1.2,58,0.10745399507155512
mid,1.2,59,-0.18456981067799458
mid,1.2,60,-0.0238218830371162
mid,1.2,61,0.11570207416400004
mid,1.2,62,-0.693600856675497
mid,1.2,63,-0.05189103437705125
mid,1.2,64,-0.1374829807447348
mid,1.2,65,-0.10108030361142155
mid,1.2,66,-0.06143215990751509
mid,1.2,67,-0.2702886770157862
mid,1.2,68,-0.46238882819726423
mid,1.2,69,-0.08473362614268834
mid,1.2,70,0.05227944821738285
mid,1.2,71,-0.31859326760303425
mid,1.2,72,-0.5161719851853466
mid,1.2,73,-0.21535022711638516
mid,1.2,74,-0.22316805617702398
mid,1.2,75,-0.42037346302144996
mid,1.2,76,0.2714794747343322
mid,1.2,77,0.011801749374586097
mid,1.2,78,0.07076482282721218
mid,1.2,79,-0.2199643743070082
mid,1.2,80,-0.3517941182128425
mid,1.2,81,-0.2319719389396532
mid,1.2,82,-0.05893473758970502
mid,1.2,83,-0.25991327976420747
mid,1.2,84,-0.24780415997517904
mid,1.2,85,0.110768517542478
mid,1.2,86,-0.5577403527882323
mid,1.2,87,-0.4446231386690822
mid,1.2,88,-0.3419343149379258
mid,1.2,89,-0.15675261077572739
mid,1.2,90,-0.26022617927153685
mid,1.2,91,-0.38787081176172983
mid,1.2,92,-0.5678109081456268
mid,1.2,93,0.18795211184694413
mid,1.2,94,-0.35985609311223443
mid,1.2,95,-0.12461111687796886
mid,1.2,96,-0.33373797416536416
mid,1.2,97,-0.25941013338721747
mid,1.2,98,-0.027154700939139152
mid,1.2,99,-0.06925462954002404
mid,1.2,100,-0.3877129907248036
mid,1.2,101,-0.3393032006834912
mid,1.2,102,-0.46906067204955776
mid,1.2,103,-0.1342978679702161
mid,1.2,104,-0.2766397588790292
mid,1.2,105,-0.5403094368422967
mid,1.2,106,-0.45152495654951635
mid,1.2,107,0.10255972513409181
mid,1.2,108,-0.17588290769777215
mid,1.2,109,-0.13467110281327066
mid,1.2,110,-0.3413537454745394
mid,1.2,111,-0.36128297410241095
mid,1.2,112,0.27882667209391543
mid,1.2,113,-0.14805864338746078
mid,1.2,114,0.03950911166961425
mid,1.2,115,-0.5034323096523793
mid,1.2,116,-0.15932572780319487
mid,1.2,117,0.0543654893752515
mid,1.2,118,-0.41925458840360647
mid,1.2,119,-0.4256765362617085
mid,1.2,120,-0.3207933960610871
mid,1.2,121,-0.05874826049126936
mid,1.2,122,-0.16722313529221822
mid,1.2,123,-0.3071543290665229
mid,1.2,124,0.09228011338709355
mid,1.2,125,-0.12280700605016874
mid,1.2,126,0.007683192335106962
mid,1.2,127,0.328650285220089
mid,1.2,128,-0.3799343925883434
mid,1.2,129,0.27723116780276497
mid,1.2,130,0.03169096011513006
mid,1.2,131,0.03735083802528572
mid,1.2,132,-0.23254749147737544
mid,1.2,133,-0.16524793077790242
mid,1.2,134,-0.20851855674345665
mid,1.2,135,-0.006428197264609103
mid,1.2,136,0.04975727199316551
mid,1.2,137,-0.4000148207364195
mid,1.2,138,-0.37703103227906215
mid,1.2,139,0.029845006920670082
mid,1.2,140,-0.09072004252965586
mid,1.2,141,-0.04881492858860861
mid,1.2,142,0.04482242105481097
mid,1.2,143,0.014941762966918692
mid,1.2,144,-0.05679062248062618
mid,1.2,145,-0.20855000114047195
mid,1.2,146,-0.2401756230167636
mid,1.2,147,-0.060394981863090225
mid,1.2,148,-0.27062034321088896
mid,1.2,149,-0.11692279383643456
mid,1.2,150,0.21645472171631175
mid,1.2,151,0.36725879889995794
mid,1.2,152,-0.6079914462154432
mid,1.2,153,-0.11846451430227646
mid,1.2,154,0.7218421797445272
mid,1.2,155,0.22489447073551927
mid,1.2,156,-0.006188818100206206
mid,1.2,157,0.09188781309231511
mid,1.2,158,-0.3365288448107689
mid,1.2,159,0.1678942639583834
mid,1.2,160,-0.07294125327179446
mid,1.2,161,-0.27174617562731185
mid,1.2,162,-0.7256048243875509
mid,1.2,163,0.08526547797923184
mid,1.2,164,0.07081930958157542
mid,1.2,165,-0.21292006417936013
mid,1.2,166,0.200338228243188
mid,1.2,167,-0.020953180856719027
mid,1.2,168,0.0656988340000017
mid,1.2,169,0.3109537151366966
mid,1.2,170,0.34480996480026976
mid,1.2,171,-0.000515660725003358
mid,1.2,172,-0.13291392551101464
mid,1.2,173,-0.2673412664918048
mid,1.2,174,-0.5763471826769293
mid,1.2,175,-0.15419538067432156
mid,1.2,176,-0.2942477829668478
mid,1.2,177,0.02222152905465821
mid,1.2,178,0.05481371637722476
mid,1.2,179,-0.23404581067037095
mid,1.2,180,0.17722804759255312
mid,1.2,181,0.348018105277685
mid,1.2,182,-0.3287481158072921
mid,1.2,183,-0.18441280575124555
mid,1.2,184,-0.23844630773913736
mid,1.2,185,-0.13365209594717198
mid,1.2,186,-0.43256637899705147
mid,1.2,187,-0.0647670996435645
mid,1.2,188,-0.26237483289695784
mid,1.2,189,-0.02263321220901742
mid,1.2,190,0.3219179016358358
mid,1.2,191,-0.3600687690899442
mid,1.2,192,-0.036381751003469645
mid,1.2,193,0.01340962762616917
mid,1.2,194,-0.2040343543311174
mid,1.2,195,-0.01981900954919562
mid,1.2,196,-0.3382219136644396
mid,1.2,197,-0.7160757769846168
mid,1.2,198,-0.06835669389672575
mid,1.2,199,-0.45695298040577137
mid,1.2,200,-0.4667719411563032
mid,1.2,201,-0.5189957704065497
mid,1.2,202,-0.3417425491180158
mid,1.2,203,-0.4809650322208017
mid,1.2,204,-0.3253597632074456
mid,1.2,205,-0.610415933359436
mid,1.2,206,-0.2609787317199473
mid,1.2,207,0.05892364122381414
mid,1.2,208,-0.14221187686360293
mid,1.2,209,-0.1425757653534865
mid,1.2,210,0.061946488744576894
mid,1.2,211,-0.4881962928568816
mid,1.2,212,-0.2549851885973488
mid,1.2,213,-0.07525581631141742
mid,1.2,214,0.05102610597467375
mid,1.2,215,-0.04552329618620996
mid,1.2,216,-0.393544913332471
mid,1.2,217,-0.32461313294421024
mid,1.2,218,0.09832295309845757
mid,1.2,219,-0.18594902459027376
mid,1.2,220,-0.1603367222600841
mid,1.2,221,-0.060282973117321885
mid,1.2,222,-0.06833333759902868
mid,1.2,223,-0.28323253715482
mid,1.2,224,-0.03341409647149385
mid,1.2,225,-0.053531867033610105
mid,1.2,226,-0.01585568792249514
mid,1.2,227,-0.11371764588888841
mid,1.2,228,-0.10879666400510793
mid,1.2,229,0.0917780040811987
mid,1.2,230,-0.4967561710172538
mid,1.2,231,-0.20307539528809257
mid,1.2,232,-0.39671950692464175
mid,1.2,233,0.1534406098174975
mid,1.2,234,-0.03824928847220067
mid,1.2,235,-0.26754526734611
mid,1.2,236,-0.44400156024855436
mid,1.2,237,-0.32130505583386015
mid,1.2,238,-0.5307312883593458
mid,1.2,239,-0.5682344175730873
mid,1.2,240,-0.16427131593200103
mid,1.2,241,-0.11703706628104969
mid,1.2,242,-0.024676549643047222
mid,1.2,243,0.012937307779984458
mid,1.2,244,-0.3002572018841599
mid,1.2,245,-0.43236788433982093
mid,1.2,246,-0.3547227552193012
mid,1.2,247,0.1969669496618224
mid,1.2,248,-0.249576172694621
mid,1.2,249,-0.15178491948611564
mid,1.2,250,-0.4776044665552587
mid,1.2,251,-0.4274986189119099
mid,1.2,252,0.12227707610347748
mid,1.2,253,-0.1299556067825838
mid,1.2,254,0.049266923016526895
mid,1.2,255,-0.3916846172903284
mid,1.2,256,-0.30414688627361147
mid,1.2,257,-0.3848765754339479
mid,1.2,258,-0.05628232643687896
mid,1.2,259,-0.19123134976459652
mid,1.2,260,-0.3746097554341463
mid,1.2,261,-0.018310410264256824
mid,1.2,262,-0.21515162337573474
mid,1.2,263,-0.2207534591375826
mid,1.2,264,-0.17355579640329635
mid,1.2,265,-0.07769916763587756
mid,1.2,266,-0.3074721803938329
mid,1.2,267,-0.34529666427411543
mid,1.2,268,-0.029679368582448084
mid,1.2,269,-0.1600612439922783
mid,1.2,270,-0.32051219364645067
mid,1.2,271,-0.17792723754068965
mid,1.2,272,-0.40142123195270935
mid,1.2,273,0.04974623043592713
mid,1.2,274,-0.1690804258166645
mid,1.2,275,0.00658837886074908
mid,1.2,276,-0.7039308181625817
mid,1.2,277,0.0252968317304144
mid,1.2,278,-0.3993628329463395
mid,1.2,279,-0.4791180023159621
mid,1.2,280,-0.604994981175439
mid,1.2,281,-0.08168827586370381
mid,1.2,282,-0.33455059423882666
mid,1.2,283,-0.3960257923737532
mid,1.2,284,-0.49247656876437207
mid,1.2,285,-0.13361692711208986
mid,1.2,286,-0.34844645807390195
mid,1.2,287,-0.43600306596805516
mid,1.2,288,-0.1529556508545383
mid,1.2,289,-0.346161370593629
mid,1.2,290,-0.33410274322610484
mid,1.2,291,-0.17268675962228897
mid,1.2,292,-0.03498061635751156
mid,1.2,293,-0.3127493953787742
mid,1.2,294,-0.20548907383393672
mid,1.2,295,-0.186023724089743
mid,1.2,296,-0.13338170539105726
mid,1.2,297,-0.5590226302493189
mid,1.2,298,-0.26371897357943
mid,1.2,299,-0.3563631064326035
mid,1.2,300,-0.17737195149311036
mid,1.2,301,-0.2355026137716247
mid,1.2,302,-0.26608326872788435
mid,1.2,303,-0.27338617570421436
mid,1.2,304,-0.19252107815167052
mid,1.2,305,0.3019727432481482
mid,1.2,306,-0.04275583200957333
mid,1.2,307,-0.04830538111916444
mid,1.2,308,-0.04062773635451869
mid,1.2,309,-0.04308414564340725
mid,1.2,310,-0.15129692153463098
mid,1.2,311,-0.38078428702523226
mid,1.2,312,-0.1989201262665126
mid,1.2,313,-0.45517026446574854
mid,1.2,314,-0.3736360415509009
mid,1.2,315,0.047829059521013656
mid,1.2,316,-0.35887250527910297
mid,1.2,317,-0.3197299029554089
mid,1.2,318,0.07873367546289513
mid,1.2,319,-0.37839341986915476
mid,1.2,320,0.08840399047385682
mid,1.2,321,0.1970918075050073
mid,1.2,322,-0.22952067221548692
mid,1.2,323,-0.06154816683215114
mid,1.2,324,0.24856641492513695
mid,1.2,325,-0.17189042381524874
mid,1.2,326,0.1921501142163064
mid,1.2,327,-0.06153632203162799
mid,1.2,328,-0.3106518310853699
mid,1.2,329,-0.2814446539043325
mid,1.2,330,-0.1297015633507829
mid,1.2,331,-0.4867377405397541
mid,1.2,332,0.1420244617257267
mid,1.2,333,-0.29752897409332785
mid,1.2,334,-0.19729299685364426
mid,1.2,335,-0.07468281079544252
mid,1.2,336,-0.26166272737291885
mid,1.2,337,-0.15579048180662033
mid,1.2,338,-0.19405212414287468
mid,1.2,339,0.007844966445327487
mid,1.2,340,-0.28923408601915473
mid,1.2,341,-0.03105418717245154
mid,1.2,342,-0.3540233904888507
mid,1.2,343,0.2237091855615265
mid,1.2,344,0.07894845527717141
mid,1.2,345,-0.22445114533715207
mid,1.2,346,0.039215739675917474
mid,1.2,347,-0.3307968051681344
mid,1.2,348,-0.0722077567409242
mid,1.2,349,-0.13639285167245643
mid,1.2,350,-0.07433007137435026
mid,1.2,351,-0.1711200562910222
mid,1.2,352,-0.38706811407989955
mid,1.2,353,-0.19580791372271258
mid,1.2,354,-0.32145360779470694
mid,1.2,355,0.4292131693520259
mid,1.2,356,-0.1746104717077027
mid,1.2,357,-0.23619454836230333
mid,1.2,358,-0.20686630594262082
mid,1.2,359,-0.17956574264764985
mid,1.2,360,-0.48926429255017967
mid,1.2,361,-0.09805228747011983
mid,1.2,362,-0.4874755441022093
mid,1.2,363,-0.5383780388717092
mid,1.2,364,-0.34777707548436787
mid,1.2,365,-0.20285659901380257
mid,1.2,366,-0.11116745485145953
mid,1.2,367,-0.32123743884203876
mid,1.2,368,0.567342876703128
mid,1.2,369,-0.4954552159634706
mid,1.2,370,-0.11656156336456683
mid,1.2,371,-0.34230908514007663
mid,1.2,372,-0.05731305283053527
mid,1.2,373,-0.008108284632407233
mid,1.2,374,-0.092923366588898
mid,1.2,375,-0.2648238778027382
mid,1.2,376,0.007473665167569254
mid,1.2,377,-0.05021653331998331
mid,1.2,378,-0.623385720185885
mid,1.2,379,-0.5448361909495246
mid,1.2,380,-0.26156042643206784
mid,1.2,381,-0.4735666093347862
mid,1.2,382,-0.45367268200437677
mid,1.2,383,-0.2914236234481723
mid,1.2,384,-0.5985138500711846
mid,1.2,385,-0.21282448953478172
mid,1.2,386,-0.02532073173215856
mid,1.2,387,0.4119922036151413
mid,1.2,388,-0.10904133973598056
mid,1.2,389,-0.11854201719530914
mid,1.2,390,0.21995252007660668
mid,1.2,391,0.10109970848298962
mid,1.2,392,0.1169586020318998
mid,1.2,393,0.13454422045534287
mid,1.2,394,0.17470975333647112
mid,1.2,395,0.10151740692936854
mid,1.2,396,-0.32780354553543983
mid,1.2,397,-0.4183606339183554
mid,1.2,398,-0.3843836072278232
mid,1.2,399,0.03995688333859154
mid,1.2,400,-0.4300002486878495
mid,1.2,401,-0.37051986805325743
mid,1.2,402,-0.12955212638187705
mid,1.2,403,-0.45440430412507393
mid,1.2,404,0.05204248369207233
mid,1.2,405,-0.1956442609386117
mid,1.2,406,-0.19536451496682533
mid,1.2,407,-0.24196707051402677
mid,1.2,408,0.25230317805299396
mid,1.2,409,-0.5536864592184981
mid,1.2,410,-0.29287138641810523
mid,1.2,411,-0.09680372796521053
mid,1.2,412,-0.3783460457667687
mid,1.2,413,0.02743172678946702
mid,1.2,414,-0.48638782290853283
mid,1.2,415,-0.11971746103448487
mid,1.2,416,0.1216614659217374
mid,1.2,417,-0.08423750275152325
mid,1.2,418,-0.19237693057192654
mid,1.2,419,-0.3961812189805121
mid,1.2,420,-0.0688779730414836
mid,1.2,421,-0.32500166558355426
mid,1.2,422,-0.18932399244605191
mid,1.2,423,-0.21279656045492776
mid,1.2,424,-0.46153378875339485
mid,1.2,425,-0.08924829684881858
mid,1.2,426,0.1461057754939647
mid,1.2,427,-0.31575344800881355
mid,1.2,428,-0.26525714317722465
mid,1.2,429,-0.2531001106420308
mid,1.2,430,-0.0762288073889146
mid,1.2,431,-0.4168563803546309
mid,1.2,432,0.06407061674968392
mid,1.2,433,-0.21698524959299947
mid,1.2,434,-0.6869001991154033
mid,1.2,435,-0.3549559488437928
mid,1.2,436,-0.05871132828661407
mid,1.2,437,-0.3750831814464244
mid,1.2,438,-0.27169055968059025
mid,1.2,439,-0.278291785930474
mid,1.2,440,-0.12748395918159325
mid,1.2,441,-0.26780464452110403
mid,1.2,442,-0.1886245812407626
mid,1.2,443,0.059975614659429785
mid,1.2,444,-0.3617443298124188
mid,1.2,445,0.10940228593811471
mid,1.2,446,-0.019459570700341124
mid,1.2,447,-0.42826274208299286
mid,1.2,448,-0.175970234047678
mid,1.2,449,-0.15234556695131451
mid,1.2,450,-0.5087855842234392
mid,1.2,451,-0.48994719239189083
mid,1.2,452,-0.27259975457440966
mid,1.2,453,-0.07951992656216864
mid,1.2,454,0.30192958841887657
mid,1.2,455,-0.2835095486888418
mid,1.2,456,-0.20987940162069854
mid,1.2,457,-0.20077483947457067
mid,1.2,458,0.4172179264635752
mid,1.2,459,-0.07555240654875037
mid,1.2,460,-0.29742718548510644
mid,1.2,461,-0.45235358155437827
mid,1.2,462,-0.38359658805312674
mid,1.2,463,-0.3513623552562894
mid,1.2,464,-0.14237541026080755
mid,1.2,465,-0.038717315720236636
mid,1.2,466,-0.34835558241694636
mid,1.2,467,-0.00270362940623504
mid,1.2,468,0.1251671921796448
mid,1.2,469,-0.1814729135289187
mid,1.2,470,-0.1452790799684517
mid,1.2,471,0.2430889920002946
mid,1.2,472,-0.03762801877744391
mid,1.2,473,-0.14822664032487298
mid,1.2,474,-0.35691099273027854
mid,1.2,475,0.00702844660356396
mid,1.2,476,-0.3423410622250218
mid,1.2,477,0.2514246943213052
mid,1.2,478,-0.0187421823231461
mid,1.2,479,-0.1410716688715468
mid,1.2,480,-0.01603846863889668
mid,1.2,481,-0.12708913387152312
mid,1.2,482,0.4236938645497128
mid,1.2,483,0.21088928363618573
mid,1.2,484,-0.3239608998458898
mid,1.2,485,0.0427067906085576
mid,1.2,486,-0.3221088442171367
mid,1.2,487,-0.3269580961401893
mid,1.2,488,-0.47679388356597635
mid,1.2,489,0.20470326889955437
mid,1.2,490,0.06009198638174977
mid,1.2,491,-0.24818603516510251
mid,1.2,492,-0.07908496906245255
mid,1.2,493,-0.1497900484998563
mid,1.2,494,-0.4971001077083811
mid,1.2,495,0.32475632661831455
mid,1.2,496,-0.4188276141719766
mid,1.2,497,0.24480903656353406
mid,1.2,498,-0.0057342218837868955
mid,1.2,499,-0.23202107033730834
mid,1.2,500,0.037306290926394446
mid,1.2,501,-0.26929612434803074
mid,1.2,502,-0.1711101818127537
mid,1.2,503,-0.22128988601660338
mid,1.2,504,-0.2701397256115053
mid,1.2,505,-0.20472032455646672
mid,1.2,506,-0.4069988111682872
mid,1.2,507,-0.20148731811209963
mid,1.2,508,0.02050198802017256
mid,1.2,509,-0.1902953886868756
mid,1.2,510,0.025443806809208658
mid,1.2,511,0.1150129842703205
mid,1.2,512,-0.3828370144280733
mid,1.2,513,-0.10006937470031252
mid,1.2,514,0.03289381691737585
mid,1.2,515,-0.2647130078082629
mid,1.2,516,-0.2586764160799122
mid,1.2,517,-0.10574804938137201
mid,1.2,518,-0.23966613340795648
mid,1.2,519,-0.2843702909841842
mid,1.2,520,-0.06737425960501994
mid,1.2,521,-0.12403760924053554
mid,1.2,522,-0.2848577679405021
mid,1.2,523,-0.11702468057403069
mid,1.2,524,-0.028408092426246145
mid,1.2,525,-0.34307373295285465
mid,1.2,526,-0.06598972466043893
mid,1.2,527,0.031583651850898474
mid,1.2,528,-0.30064409809678516
mid,1.2,529,-0.16394345994569137
mid,1.2,530,-0.12741453465426228
mid,1.2,531,-0.1119319374058072
mid,1.2,532,-0.10110162592461559
mid,1.2,533,-0.12489409638035352
mid,1.2,534,0.08990676084890538
mid,1.2,535,-0.2232171217565646
mid,1.2,536,0.08043981285899521
mid,1.2,537,-0.09190411415270812
mid,1.2,538,-0.2511867365729983
mid,1.2,539,-0.06212942364497577
mid,1.2,540,-0.5208090860591011
mid,1.2,541,-0.06327458356172012
mid,1.2,542,-0.34528969019993927
mid,1.2,543,-0.10195425455376513
mid,1.2,544,-0.3460259707921845
mid,1.2,545,-0.032581792536493216
mid,1.2,546,-0.2289135525250945
mid,1.2,547,-0.10091261028777287
mid,1.2,548,-0.17264431256254056
mid,1.2,549,-0.6098861537666741
mid,1.2,550,-0.48552341895159384
mid,1.2,551,-0.3697240286202064
mid,1.2,552,-0.2344193618443706
mid,1.2,553,0.16765679869619066
mid,1.2,554,-0.03987200704064987
mid,1.2,555,-0.39820128446122616
mid,1.2,556,-0.18987824460180955
mid,1.2,557,-0.31793377488962465
mid,1.2,558,-0.22698674063004073
mid,1.2,559,-0.3506008093326362
mid,1.2,560,0.16469912187649385
mid,1.2,561,-0.4466346078287725
mid,1.2,562,-0.2847111252739559
mid,1.2,563,0.023388356160422955
mid,1.2,564,-0.4662893010743211
mid,1.2,565,0.19846999415669742
mid,1.2,566,0.09747433629247665
mid,1.2,567,-0.4181191409785735
mid,1.2,568,-0.5656642498295499
mid,1.2,569,-0.24757280997208062
mid,1.2,570,-0.7142961380556057
mid,1.2,571,-0.3229804111364718
mid,1.2,572,-0.2587196546478327
mid,1.2,573,-0.022245115619976802
mid,1.2,574,0.12438428793770735
mid,1.2,575,-0.5768860636347104
mid,1.2,576,0.1582705506977361
mid,1.2,577,-0.11925107529880648
mid,1.2,578,-0.0682576564679464
mid,1.2,579,-0.24003978926796837
mid,1.2,580,-0.4527188505718754
mid,1.2,581,-0.41957123491052567
mid,1.2,582,-0.18715926490773058
mid,1.2,583,-0.11924083235155213
mid,1.2,584,-0.4301137544244318
mid,1.2,585,-0.04506729989346794
mid,1.2,586,0.012191656509301771
mid,1.2,587,-0.032766754898505224
mid,1.2,588,-0.5165370583636586
mid,1.2,589,0.21968270630636752
mid,1.2,590,-0.03688990523013986
mid,1.2,591,-0.1706259731629822
mid,1.2,592,-0.25490365392450076
mid,1.2,593,-0.12797676409040393
mid,1.2,594,-0.19224857734051476
mid,1.2,595,-0.13537617296412005
mid,1.2,596,-0.48146170553640594
mid,1.2,597,-0.15282881450681277
mid,1.2,598,-0.26827777903983985
mid,1.2,599,-0.23012145875870835
mid,1.2,600,-0.1416667958272461
mid,1.2,601,-0.09982372420138066
mid,1.2,602,-0.1827319312866064
mid,1.2,603,-0.3605816008547546
mid,1.2,604,-0.08038488064356766
mid,1.2,605,-0.09740979913988834
mid,1.2,606,-0.46114112272189667
mid,1.2,607,-0.33596305326611836
mid,1.2,608,0.1616642565758731
mid,1.2,609,-0.26240920565081666
mid,1.2,610,-0.34455687435510357
mid,1.2,611,0.37730264227786786
mid,1.2,612,-0.11914083982800742
mid,1.2,613,0.05233555329605508
mid,1.2,614,0.034787167173556635
mid,1.2,615,0.04533592834719909
mid,1.2,616,-0.2929882506564574
mid,1.2,617,-0.06807420297909775
mid,1.2,618,-0.4973252175130629
mid,1.2,619,0.035338128603046644
mid,1.2,620,-0.07048556787511887
mid,1.2,621,-0.10540591067276951
mid,1.2,622,-0.7270534990211104
mid,1.2,623,-0.09355980742036918
mid,1.2,624,-0.18202920576970535
mid,1.2,625,-0.05987482309550034
mid,1.2,626,-0.3035309498188781
mid,1.2,627,-0.005554929664581578
mid,1.2,628,0.049130028358853474
mid,1.2,629,-0.50349827568944
mid,1.2,630,-0.3222753772349839
mid,1.2,631,-0.07083823757217741
mid,1.2,632,-0.2089178775161787
mid,1.2,633,-0.09114807675077985
mid,1.2,634,-0.15022927919678492
mid,1.2,635,-0.33732550412840817
mid,1.2,636,0.016570881106571643
mid,1.2,637,-0.32402474606333015
mid,1.2,638,-0.21545899499499438
mid,1.2,639,-0.05734533849971832
mid,1.2,640,0.2749913578744807
mid,1.2,641,-0.15350687431234727
mid,1.2,642,-0.0704297134317878
mid,1.2,643,0.14881007283745304
mid,1.2,644,-0.43432156174753195
mid,1.2,645,-0.2782486692681411
mid,1.2,646,-0.734559185546885
mid,1.2,647,-0.3083651779251816
mid,1.2,648,-0.37044781781211505
mid,1.2,649,-0.6885839422670738
mid,1.2,650,-0.19024062062280056
mid,1.2,651,-0.25123815346131706
mid,1.2,652,0.060133230876024506
mid,1.2,653,0.12815052506446417
mid,1.2,654,-0.06055624385904266
mid,1.2,655,-0.029749238152547687
mid,1.2,656,-0.2829695010593242
mid,1.2,657,-0.2747905822438533
mid,1.2,658,0.10561731666030075
mid,1.2,659,-0.4999992799977736
mid,1.2,660,0.21782616356959042
mid,1.2,661,-0.395110200027395
mid,1.2,662,-0.0728075967094458
mid,1.2,663,-0.0007164830765538264
mid,1.2,664,-0.09911516642199449
mid,1.2,665,-0.6896607257927654
mid,1.2,666,-0.07800344557208158
mid,1.2,667,-0.17017638193374712
mid,1.2,668,-0.38041439699221324
mid,1.2,669,-0.42027922653899946
mid,1.2,670,-0.15439243630482483
mid,1.2,671,-0.14701856767945348
mid,1.2,672,-0.00021904106495384737
mid,1.2,673,-0.11004101844953461
mid,1.2,674,-0.25515214315572526
mid,1.2,675,-0.23683097865159666
mid,1.2,676,-0.1944163155170032
mid,1.2,677,-0.27322341448934323
mid,1.2,678,-0.39025505720636705
mid,1.2,679,0.06930927085815432
mid,1.2,680,0.584709128315808
mid,1.2,681,-0.021218292041841252
mid,1.2,682,-0.261745283417946
mid,1.2,683,-0.33276756544615443
mid,1.2,684,-0.5031781789128402
mid,1.2,685,-0.2250230169589054
mid,1.2,686,-0.026283273347393114
mid,1.2,687,0.40693720513833975
mid,1.2,688,-0.4106624684639831
mid,1.2,689,-0.29388530397389373
mid,1.2,690,-0.5116101952116696
mid,1.2,691,-0.6788201388740828
mid,1.2,692,-0.10188720397150654
mid,1.2,693,-0.005526964115592541
mid,1.2,694,-0.13413675390100033
mid,1.2,695,-0.05441112176548124
mid,1.2,696,-0.3353454480124575
mid,1.2,697,-0.35880474442477867
mid,1.2,698,-0.16625077160855167
mid,1.2,699,-0.051415580199936174
mid,1.2,700,-0.14760421508046195
mid,1.2,701,-0.1818719366101416
mid,1.2,702,-0.6115571807258953
mid,1.2,703,-0.2784581472278058
mid,1.2,704,-0.017257490506921495
mid,1.2,705,-0.27796313508554604
mid,1.2,706,-0.17337067644462734
mid,1.2,707,-0.2744856552639772
mid,1.2,708,-0.7083010682106332
mid,1.2,709,-0.05607654970747766
mid,1.2,710,-0.19924222966861996
mid,1.2,711,0.07852972318020034
mid,1.2,712,-0.3107655001142122
mid,1.2,713,-0.07969377768671819
mid,1.2,714,-0.004500723906579898
mid,1.2,715,-0.21276234987312284
mid,1.2,716,0.23970429488694822
mid,1.2,717,-0.19765050534449924
mid,1.2,718,-0.4896155404744615
mid,1.2,719,-0.3684106245523491
mid,1.2,720,-0.32295054806126106
mid,1.2,721,-0.17978027214070158
mid,1.2,722,-0.21230443914819225
mid,1.2,723,-0.338491147849108
mid,1.2,724,-0.37883256187183173
mid,1.2,725,-0.40536274827094915
mid,1.2,726,-0.3768378289429836
mid,1.2,727,-0.24358510066494377
mid,1.2,728,-0.18012616979921758
mid,1.2,729,-0.3239278555259492
mid,1.2,730,0.08028421437916175
mid,1.2,731,0.12309271396321696
mid,1.2,732,-0.4776690282384045
mid,1.2,733,-0.15537455623872254
mid,1.2,734,0.005565550319334227
mid,1.2,735,-0.11419415251327417
mid,1.2,736,-0.30259627274704237
mid,1.2,737,-0.3067542460544844
mid,1.2,738,-0.3617808591920814
mid,1.2,739,-0.26097585042428384
mid,1.2,740,-0.20826066192064582
mid,1.2,741,-0.4659518933430987
mid,1.2,742,-0.19307374072754244
mid,1.2,743,-0.2518339541214224
mid,1.2,744,-0.2892594119512876
mid,1.2,745,-0.3861823811213756
mid,1.2,746,0.07767404889102633
mid,1.2,747,-0.25021561112326207
mid,1.2,748,-0.1298013385437806
mid,1.2,749,0.07843392327166845
mid,1.2,750,-0.1631141099484603
mid,1.2,751,-0.2812251165163702
mid,1.2,752,-0.2373200415820912
mid,1.2,753,-0.30454029276567335
mid,1.2,754,0.0430235962606954
mid,1.2,755,0.04803131928888951
mid,1.2,756,-0.05767374068750633
mid,1.2,757,-0.14786698457417127
mid,1.2,758,-0.03930579803119783
mid,1.2,759,0.21399032010033064
mid,1.2,760,-0.6615297815199754
mid,1.2,761,-0.06731258825755877
mid,1.2,762,-0.6230948536677157
mid,1.2,763,-0.04126923163932608
mid,1.2,764,-0.2784975887729112
mid,1.2,765,-0.31041043287233566
mid,1.2,766,-0.09419164181091114
mid,1.2,767,-0.2594667290467514
mid,1.2,768,0.27605070285264144
mid,1.2,769,-0.22956939871392174
mid,1.2,770,-0.15092913901631483
mid,1.2,771,-0.1579434680950666
mid,1.2,772,-0.30706136092605113
mid,1.2,773,-0.2507287466718089
mid,1.2,774,-0.07750020015170599
mid,1.2,775,-0.16915268167949893
mid,1.2,776,-0.5820170546215655
mid,1.2,777,0.16466961371657887
mid,1.2,778,0.1050871032293261
mid,1.2,779,-0.001390524970327672
mid,1.2,780,-0.1030232995804033
mid,1.2,781,-0.3293565477989952
mid,1.2,782,-0.5370809836439888
mid,1.2,783,0.17477203878224412
mid,1.2,784,0.22953205678244845
mid,1.2,785,-0.29725202173857274
mid,1.2,786,-0.10632884176424624
mid,1.2,787,-0.10913641808427284
mid,1.2,788,-0.29051041297870733
mid,1.2,789,-0.23561247476414846
mid,1.2,790,-0.06809605675606556
mid,1.2,791,-0.29646330882195954
mid,1.2,792,0.002151496005718592
mid,1.2,793,-0.07649055193258511
mid,1.2,794,-0.2722663864292359
mid,1.2,795,-0.054625767583739736
mid,1.2,796,-0.16447694309667826
mid,1.2,797,-0.1968767887137994
mid,1.2,798,0.256077361551732
mid,1.2,799,-0.141129159113202
mid,1.2,800,-0.05650063945083304
mid,1.2,801,-0.5467453766740321
mid,1.2,802,-0.03677290295016112
mid,1.2,803,-0.022215569416402035
mid,1.2,804,-0.27746757909354997
mid,1.2,805,-0.378362192721713
mid,1.2,806,-0.217612289210995
mid,1.2,807,0.016343811902502902
mid,1.2,808,-0.07474174578036265
mid,1.2,809,-0.3117385370544521
mid,1.2,810,0.01276280588174653
mid,1.2,811,-0.14014193549878948
mid,1.2,812,-0.391857349558481
mid,1.2,813,-0.06446002611104261
mid,1.2,814,0.10840017770651166
mid,1.2,815,-0.3387604961973169
mid,1.2,816,-0.2737767423315583
mid,1.2,817,-0.475757802327151
mid,1.2,818,0.04210030589617048
mid,1.2,819,-0.5203373729140919
mid,1.2,820,-0.2916442968287217
mid,1.2,821,-0.44553017831029706
mid,1.2,822,-0.3291505543216456
mid,1.2,823,-0.3847169411107612
mid,1.2,824,-0.18993486932057727
mid,1.2,825,0.038749791145982815
mid,1.2,826,-0.26763723047445825
mid,1.2,827,0.0990233813112316
mid,1.2,828,-0.41361325000915083
mid,1.2,829,0.502945011831529
mid,1.2,830,-0.5511484885760186
mid,1.2,831,-0.011487268559818813
mid,1.2,832,-0.4068187178858308
mid,1.2,833,-0.3707949150355511
mid,1.2,834,-0.3195109364223507
mid,1.2,835,-0.43975978464780224
mid,1.2,836,0.09399240298066971
mid,1.2,837,-0.09820622226807549
mid,1.2,838,-0.2680567641952479
mid,1.2,839,-0.5088157508189196
mid,1.2,840,-0.18822878770220694
mid,1.2,841,-0.28912423525134057
mid,1.2,842,-0.09370351369513445
mid,1.2,843,-0.4340558528330317
mid,1.2,844,-0.13606094062952503
mid,1.2,845,0.0931030475388056
mid,1.2,846,0.40470023953205486
mid,1.2,847,-0.2281003035005674
mid,1.2,848,-0.21865211129567003
mid,1.2,849,0.18270951223653853
mid,1.2,850,-0.10030505152114304
mid,1.2,851,-0.038253218089657925
mid,1.2,852,-0.0803302692455583
mid,1.2,853,0.19343522700134477
mid,1.2,854,0.06846650651660341
mid,1.2,855,-0.104128502947708
mid,1.2,856,-0.13885389462621658
mid,1.2,857,0.01202651203513369
mid,1.2,858,-0.31104783715285295
mid,1.2,859,-0.10823893096933895
mid,1.2,860,0.011453529872271447
mid,1.2,861,-0.14834725598470824
mid,1.2,862,-0.20186737932075427
mid,1.2,863,0.06333459799056525
mid,1.2,864,-0.19252864363232758
mid,1.2,865,0.04927949583653725
mid,1.2,866,0.04267349310559686
mid,1.2,867,-0.13875470720868488
mid,1.2,868,-0.39139887271826657
mid,1.2,869,-0.08393784025518963
mid,1.2,870,-0.05285861575700402
mid,1.2,871,-0.14991434510704502
mid,1.2,872,-0.27658476803195475
mid,1.2,873,-0.22796063186502533
mid,1.2,874,-0.3146018102031779
mid,1.2,875,-0.28294268250972615
mid,1.2,876,0.0767732288045865
mid,1.2,877,-0.1752014154213913
mid,1.2,878,-0.5743229654656885
mid,1.2,879,-0.3053339620196155
mid,1.2,880,-0.46097803898332296
mid,1.2,881,-0.2066148091205104
mid,1.2,882,0.4405765141955941
mid,1.2,883,-0.40660207311874763
mid,1.2,884,0.20092503500032394
mid,1.2,885,0.1965734061872918
mid,1.2,886,-0.6536124287611429
mid,1.2,887,-0.4832803256106506
mid,1.2,888,-0.18689861505795732
mid,1.2,889,-0.5536591493062413
mid,1.2,890,-0.12156331135920438
mid,1.2,891,-0.36483853559652957
mid,1.2,892,-0.42426285277271847
mid,1.2,893,-0.7509329386664239
mid,1.2,894,0.017645382375602744
mid,1.2,895,-0.34603894485173137
mid,1.2,896,0.47671798321117054
mid,1.2,897,0.06355222747437285
mid,1.2,898,-0.2996775877854356
mid,1.2,899,-0.08717297753235848
mid,1.2,900,0.06020044354898106
mid,1.2,901,-0.5531295046857346
mid,1.2,902,0.24305382774052955
mid,1.2,903,-0.17865914079588005
mid,1.2,904,-0.6836262579480081
mid,1.2,905,-0.16065227700849807
mid,1.2,906,-0.0063972293568050976
mid,1.2,907,-0.13505590766545503
mid,1.2,908,-0.6176641486820391
mid,1.2,909,0.06094234796474796
mid,1.2,910,0.183175190707599
mid,1.2,911,-0.13630834982417375
mid,1.2,912,-0.4317325389350453
mid,1.2,913,0.010937157462549715
mid,1.2,914,-0.326201008241808
mid,1.2,915,-0.4562545136049499
mid,1.2,916,-0.24395919272142297
mid,1.2,917,-0.010109980242692666
mid,1.2,918,-0.3062744784968526
mid,1.2,919,-0.6256270752725794
mid,1.2,920,-0.34654297482341384
mid,1.2,921,-0.4444438750896378
mid,1.2,922,-0.13001650312306404
mid,1.2,923,-0.3647979867882856
mid,1.2,924,-0.6412745743636457
mid,1.2,925,-0.28272048477843514
mid,1.2,926,-0.4616892284197626
mid,1.2,927,-0.3328407207302378
mid,1.2,928,-0.23430045818656525
mid,1.2,929,-0.20936511114667739
mid,1.2,930,-0.2127574573881846
mid,1.2,931,-0.15762149592827424
mid,1.2,932,-0.09174931699441995
mid,1.2,933,-0.30522655093894174
mid,1.2,934,-0.06060538236670299
mid,1.2,935,-0.26804725810285274
mid,1.2,936,0.14266786724372574
mid,1.2,937,-0.13724517216860885
mid,1.2,938,-0.27747047751604775
mid,1.2,939,-0.2603954671682044
mid,1.2,940,-0.03423710019769132
mid,1.2,941,-0.09626565299631856
mid,1.2,942,-0.035146141594367346
mid,1.2,943,-0.6764863252930388
mid,1.2,944,-0.2492166273174971
mid,1.2,945,-0.4700806784963842
mid,1.2,946,-0.3207034300926175
mid,1.2,947,0.1524470859706136
mid,1.2,948,-0.05533579932014217
mid,1.2,949,-0.4623203200787455
mid,1.2,950,-0.22403090770629158
mid,1.2,951,0.11434742295575621
mid,1.2,952,-0.04766152493092556
mid,1.2,953,-0.4621535920076775
mid,1.2,954,-0.6373027406171465
mid,1.2,955,-0.16123787747678645
mid,1.2,956,-0.49240466290612545
mid,1.2,957,-0.0684010667941866
mid,1.2,958,-0.25394116395893035
mid,1.2,959,0.041210703196237604
mid,1.2,960,-0.27716342133032845
mid,1.2,961,0.13960136264499765
mid,1.2,962,-0.40199939201288204
mid,1.2,963,-0.7353343488646157
mid,1.2,964,-0.1372007489066904
mid,1.2,965,-0.45173870649757647
mid,1.2,966,-0.40579786906502363
mid,1.2,967,-0.07737059563117611
mid,1.2,968,-0.7021153454770116
mid,1.2,969,-0.18687892324054842
mid,1.2,970,-0.1514975619154429
mid,1.2,971,0.2932985401066126
mid,1.2,972,-0.023326407219113336
mid,1.2,973,0.07124851066998628
mid,1.2,974,-0.003367751175535553
mid,1.2,975,-0.021249585653275973
mid,1.2,976,-0.3453137719204659
mid,1.2,977,-0.1270202666522025
mid,1.2,978,-0.25139389283832114
mid,1.2,979,-0.007570252847454809
mid,1.2,980,-0.44674198390885156
mid,1.2,981,-0.27110333640454837
mid,1.2,982,-0.07827262626081194
mid,1.2,983,-0.483798129018296
mid,1.2,984,-0.3344817238681509
mid,1.2,985,-0.14078517136778962
mid,1.2,986,-0.11524361773482517
mid,1.2,987,-0.20006465814440094
mid,1.2,988,-0.19988469240787282
mid,1.2,989,0.050572743761096495
mid,1.2,990,-0.14012941409796686
mid,1.2,991,0.024871484455688167
mid,1.2,992,-0.22950752543310823
mid,1.2,993,-0.09609466856390456
mid,1.2,994,-0.30982706728498144
mid,1.2,995,-0.28828246073454006
mid,1.2,996,0.1833275212800839
mid,1.2,997,-0.05328557179952945
mid,1.2,998,-0.11712631171324588
mid,1.2,999,0.08577670552029489
mid,1.2,1000,-0.14535379605169665
mid,1.2,1001,-0.6206238257471646
mid,1.2,1002,-0.2735283909072511
mid,1.2,1003,0.14461010765820528
mid,1.2,1004,-0.8291221355862057
mid,1.2,1005,0.02693219931830185
mid,1.2,1006,-0.27413404898695015
mid,1.2,1007,-0.3090855999172576
mid,1.2,1008,-0.4136163769841713
mid,1.2,1009,-0.11999336419916838
mid,1.2,1010,0.06255388184670209
mid,1.2,1011,0.030147639964731365
mid,1.2,1012,-0.28621892206175303
mid,1.2,1013,0.04027216346797039
mid,1.2,1014,-0.6026506426096643
mid,1.2,1015,-0.44997680652992383
mid,1.2,1016,-0.023209815848658354
mid,1.2,1017,-0.03183039708050972
mid,1.2,1018,0.00602380465596752
mid,1.2,1019,-0.04106280270061864
mid,1.2,1020,0.34623037026632997
mid,1.2,1021,-0.06016386949530672
mid,1.2,1022,-0.6059982180523696
mid,1.2,1023,-0.29788803004941916
mid,1.2,1024,-0.07097521966552255
mid,1.2,1025,0.18401721815279004
mid,1.2,1026,-0.0987767587160312
mid,1.2,1027,0.17261241959190737
mid,1.2,1028,-0.7326173803855627
mid,1.2,1029,-0.08773669863036575
mid,1.2,1030,-0.11007438629555541
mid,1.2,1031,-0.239515604256994
mid,1.2,1032,-0.32452632706417284
mid,1.2,1033,0.05243387486794572
mid,1.2,1034,-0.21842927949127258
mid,1.2,1035,0.10188665259840698
mid,1.2,1036,-0.4182804390457969
mid,1.2,1037,-0.31664257810715263
mid,1.2,1038,-0.10360836803479169
mid,1.2,1039,-0.26466624396305616
mid,1.2,1040,-0.5731961789045061
mid,1.2,1041,-0.13429268384364854
mid,1.2,1042,-0.17676802242925177
mid,1.2,1043,-0.38089254965576874
mid,1.2,1044,-0.20757453604604614
mid,1.2,1045,-0.20132510414836793
mid,1.2,1046,-0.26076440330353656
mid,1.2,1047,-0.4733412424117186
mid,1.2,1048,-0.16528278932960436
mid,1.2,1049,-0.25510937696349023
mid,1.2,1050,0.0903907760501481
mid,1.2,1051,0.057485125399019336
mid,1.2,1052,0.18871997624500342
mid,1.2,1053,-0.10533609134841158
mid,1.2,1054,0.28424877034615675
mid,1.2,1055,-0.07948721624763183
mid,1.2,1056,-0.2521840504004074
mid,1.2,1057,-0.21716223749497512
mid,1.2,1058,-0.26042008986528925
mid,1.2,1059,-0.10186157691125472
mid,1.2,1060,-0.267230002823644
mid,1.2,1061,0.037808039823358036
mid,1.2,1062,0.2538629441928323
mid,1.2,1063,-0.11439805418513664
mid,1.2,1064,-0.2580388888758404
mid,1.2,1065,-0.13759773595010266
mid,1.2,1066,-0.01633912855424315
mid,1.2,1067,-0.15698149398815375
mid,1.2,1068,-0.5533214245283513
mid,1.2,1069,-0.4080760920508764
mid,1.2,1070,-0.5810980523325456
mid,1.2,1071,-0.4245734092950836
mid,1.2,1072,-0.10508778950949783
mid,1.2,1073,0.0449244551605061
mid,1.2,1074,-0.6867904809926143
mid,1.2,1075,-0.24697956323302958
mid,1.2,1076,-0.12567334407921338
mid,1.2,1077,0.26337153608419234
mid,1.2,1078,-0.5673722375533132
mid,1.2,1079,-0.022815804779923943
mid,1.2,1080,-0.440498302556629
mid,1.2,1081,0.06011342206100919
mid,1.2,1082,-0.3589091992552741
mid,1.2,1083,-0.5306501273159896
mid,1.2,1084,-0.0987620143479402
mid,1.2,1085,-0.3279042615839658
mid,1.2,1086,-0.669764797480392
mid,1.2,1087,-0.06727469280293934
mid,1.2,1088,-0.006485649802878519
mid,1.2,1089,0.16510374473348963
mid,1.2,1090,-0.1937017185976672
mid,1.2,1091,0.31684648105681507
mid,1.2,1092,-0.08215551600088614
mid,1.2,1093,-0.4155068187149212
mid,1.2,1094,0.0979059365778508
mid,1.2,1095,-0.5314919735461202
mid,1.2,1096,-0.5798269353010018
mid,1.2,1097,0.17672370815305302
mid,1.2,1098,-0.3208693221741352
mid,1.2,1099,-0.385525844112333
mid,1.2,1100,-0.3704272623088575
mid,1.2,1101,0.15107103382315842
mid,1.2,1102,-0.4140298373656434
mid,1.2,1103,0.11765736948721468
mid,1.2,1104,-0.13197999716932032
mid,1.2,1105,-0.1603441326735393
mid,1.2,1106,-0.1298218749674904
mid,1.2,1107,-0.2996307132321379
mid,1.2,1108,-0.31467708371228076
mid,1.2,1109,-0.002633844024955262
mid,1.2,1110,-0.08587731815555912
mid,1.2,1111,-0.07855539029380083
mid,1.2,1112,-0.2130619876883627
mid,1.2,1113,-0.2419939133088536
mid,1.2,1114,-0.36973423477949113
mid,1.2,1115,-0.11484481752306942
mid,1.2,1116,-0.16267978721566692
mid,1.2,1117,-0.3297718070958769
mid,1.2,1118,-0.2398132538936053
mid,1.2,1119,-0.01999762499806627
mid,1.2,1120,0.11614267013332513
mid,1.2,1121,-0.3405108922550649
mid,1.2,1122,-0.4844254159162258
mid,1.2,1123,-0.10238010603214202
mid,1.2,1124,-0.23147033238557888
mid,1.2,1125,0.07812990651604394
mid,1.2,1126,-0.6130423162758913
mid,1.2,1127,-0.0175508071234411
mid,1.2,1128,0.2509777455986967
mid,1.2,1129,-0.2852153248570192
mid,1.2,1130,0.029063330625035997
mid,1.2,1131,-0.11372825214607418
mid,1.2,1132,-0.14543995010761665
mid,1.2,1133,0.20741676397969233
mid,1.2,1134,-0.17403964275914535
mid,1.2,1135,0.29218264506728436
mid,1.2,1136,-0.05100220587602295
mid,1.2,1137,-0.34720315127749585
mid,1.2,1138,-0.23859097962920156
mid,1.2,1139,-0.00043891759993687333
mid,1.2,1140,-0.43006503704201837
mid,1.2,1141,0.08905213600989878
mid,1.2,1142,-0.28995485194474346
mid,1.2,1143,-0.1555551085574811
mid,1.2,1144,-0.7454476487882636
mid,1.2,1145,0.09662598586379638
mid,1.2,1146,0.019042322200816975
mid,1.2,1147,-0.23762722555982593
mid,1.2,1148,-0.3619899406885956
mid,1.2,1149,-0.08945729518935595
mid,1.2,1150,-0.3477186897558978
mid,1.2,1151,-0.2713296941014178
mid,1.2,1152,-0.31326016082227937
mid,1.2,1153,-0.3753054226952256
mid,1.2,1154,-0.2185191055242951
mid,1.2,1155,-0.35984397186509665
mid,1.2,1156,-0.6759127781109092
mid,1.2,1157,0.08150283168955796
mid,1.2,1158,-0.07177950506152847
mid,1.2,1159,-0.05061323600020702
mid,1.2,1160,-0.33863050181722154
mid,1.2,1161,-0.22727766022854026
mid,1.2,1162,0.23396233494226046
mid,1.2,1163,-0.4784267034370129
mid,1.2,1164,-0.3497267612103937
mid,1.2,1165,-0.07155106752828642
mid,1.2,1166,-0.32930020324427783
mid,1.2,1167,-0.036812871022287634
mid,1.2,1168,-0.3875442726079667
mid,1.2,1169,-0.03082608831732052
mid,1.2,1170,-0.15680447393827315
mid,1.2,1171,-0.3724805982960665
mid,1.2,1172,-0.20727515309888997
mid,1.2,1173,-0.28774617570966676
mid,1.2,1174,-0.14602354263685902
mid,1.2,1175,-0.41272595960535524
mid,1.2,1176,-0.13896127086258714
mid,1.2,1177,0.01466689210970715
mid,1.2,1178,-0.13882343434077274
mid,1.2,1179,-0.1463535874983381
mid,1.2,1180,-0.3266548598622276
mid,1.2,1181,-0.09885613838173489
mid,1.2,1182,0.22764310474324526
mid,1.2,1183,-0.12462384300238398
mid,1.2,1184,-0.007006934425770916
mid,1.2,1185,-0.23381872346602378
mid,1.2,1186,-0.2718804679434956
mid,1.2,1187,-0.12399526359271262
mid,1.2,1188,-0.332092083027102
mid,1.2,1189,-0.014168216609241375
mid,1.2,1190,-0.09097886650853035
mid,1.2,1191,-0.5636339961129101
mid,1.2,1192,-0.09449642607935829
mid,1.2,1193,-0.3315576468567055
mid,1.2,1194,-0.10822475841109176
mid,1.2,1195,-0.055794021618008977
mid,1.2,1196,0.08727249377340378
mid,1.2,1197,0.11352718937318429
mid,1.2,1198,0.2340660901789843
mid,1.2,1199,-0.2066427357413583
mid,1.2,1200,-0.4062296895217246
mid,1.2,1201,-0.4551132734940274
mid,1.2,1202,-0.020620856025217533
mid,1.2,1203,-0.3336015701314254
mid,1.2,1204,-0.15672302507236713
mid,1.2,1205,0.14495506251802337
mid,1.2,1206,-0.3357720465471924
mid,1.2,1207,-0.1579887757895767
mid,1.2,1208,-0.5051546513514196
mid,1.2,1209,0.011765357193687657
mid,1.2,1210,-0.40998777968050676
mid,1.2,1211,-0.7568110641729572
mid,1.2,1212,-0.28535364013616565
mid,1.2,1213,0.531215223532084
mid,1.2,1214,-0.5129758535367888
mid,1.2,1215,-0.43700599030972587
mid,1.2,1216,-0.44823818691050865
mid,1.2,1217,-0.1727165272644268
mid,1.2,1218,-0.09848165401863618
mid,1.2,1219,-0.2133320861473735
mid,1.2,1220,0.31255263700082053
mid,1.2,1221,-0.22589571906737563
mid,1.2,1222,-0.19505089616672652
mid,1.2,1223,-0.06356329760477335
mid,1.2,1224,-0.16518712496812848
mid,1.2,1225,-0.17489534040553678
mid,1.2,1226,-0.19232368625684984
mid,1.2,1227,-0.37099986048821326
mid,1.2,1228,-0.2768666873565785
mid,1.2,1229,-0.07481516515660955
mid,1.2,1230,-0.1641888559826665
mid,1.2,1231,-0.2482308284733336
mid,1.2,1232,-0.3970139598219702
mid,1.2,1233,-0.07897834755234406
mid,1.2,1234,-0.2472168370328031
mid,1.2,1235,-0.14264583375229595
mid,1.2,1236,-0.13325480713933818
mid,1.2,1237,0.06360744425273342
mid,1.2,1238,-0.060744115298199404
mid,1.2,1239,-0.040619858080537946
mid,1.2,1240,-0.10375646502586063
mid,1.2,1241,-0.2605169058298767
mid,1.2,1242,-0.046065314590619855
mid,1.2,1243,-0.3202870650114464
mid,1.2,1244,0.1335308946986588
mid,1.2,1245,-0.022470859783492413
mid,1.2,1246,-0.09615347678666457
mid,1.2,1247,-0.034388858654759505
mid,1.2,1248,-0.1443212279605375
mid,1.2,1249,-0.3984509445583341
mid,1.2,1250,-0.11957638476557785
mid,1.2,1251,-0.2907622100321775
mid,1.2,1252,-0.10722256474001984
mid,1.2,1253,-0.22313101604476276
mid,1.2,1254,-0.2692298630104066
mid,1.2,1255,-0.11426230241685546
mid,1.2,1256,-0.4621712958915393
mid,1.2,1257,-0.15144219620143362
mid,1.2,1258,-0.11638989884676103
mid,1.2,1259,-0.3690335207186456
mid,1.2,1260,0.022058100845692187
mid,1.2,1261,-0.39202076283935355
mid,1.2,1262,-0.42034701402766794
mid,1.2,1263,-0.7005365896337483
mid,1.2,1264,-0.17810489141835936
mid,1.2,1265,-0.3039158323778136
mid,1.2,1266,-0.44488358997803773
mid,1.2,1267,-0.08622199123223777
mid,1.2,1268,-0.021932845213639737
mid,1.2,1269,-0.730435137864104
mid,1.2,1270,-0.00557280676243886
mid,1.2,1271,-0.10976116324194085
mid,1.2,1272,-0.22207675740129187
mid,1.2,1273,-0.3909342677374946
mid,1.2,1274,-0.4051436098908512
mid,1.2,1275,-0.004872674640541466
mid,1.2,1276,-0.24409881797004304
mid,1.2,1277,0.2208474013879802
mid,1.2,1278,-0.04761640407040968
mid,1.2,1279,0.08727716734746724
mid,1.2,1280,-0.27764740473365196
mid,1.2,1281,-0.27549720591968424
mid,1.2,1282,-0.29040868319812463
mid,1.2,1283,-0.11767863058266614
mid,1.2,1284,-0.3548018382570742
mid,1.2,1285,0.10651882615019823
mid,1.2,1286,-0.20100377061457583
mid,1.2,1287,0.25361521723921465
mid,1.2,1288,-0.13717095951746253
mid,1.2,1289,-0.3524130647940521
mid,1.2,1290,-0.5015937094725377
mid,1.2,1291,-0.24668728275941296
mid,1.2,1292,-0.7573108882352338
mid,1.2,1293,0.03305794912874835
mid,1.2,1294,-0.3973271821282761
mid,1.2,1295,-0.5950968005887332
mid,1.2,1296,-0.023341806135611973
mid,1.2,1297,-0.33905298300520204
mid,1.2,1298,-0.13607878537465584
mid,1.2,1299,-0.2139231983804503
mid,1.2,1300,0.3340230061415612
mid,1.2,1301,-0.38098904627278235
mid,1.2,1302,-0.10461001265460647
mid,1.2,1303,-0.11678672062558165
mid,1.2,1304,-0.2210287127413481
mid,1.2,1305,-0.2935130688744599
mid,1.2,1306,-0.33713241559035034
mid,1.2,1307,0.0038575204174040698
mid,1.2,1308,-0.011568494943208914
mid,1.2,1309,-0.12096363164121096
mid,1.2,1310,-0.4759326522330209
mid,1.2,1311,-0.15827709954653452
mid,1.2,1312,-0.16669525336178495
mid,1.2,1313,-0.11745707491122122
mid,1.2,1314,0.10284615716041991
mid,1.2,1315,0.4029728346246057
mid,1.2,1316,-0.7185866925200014
mid,1.2,1317,0.029442644610891768
mid,1.2,1318,-0.568921886875505
mid,1.2,1319,-0.28668835816973115
mid,1.2,1320,-0.33942942773279877
mid,1.2,1321,-0.3315390508794564
mid,1.2,1322,-0.23329783316822977
mid,1.2,1323,0.038850415650480745
mid,1.2,1324,-0.165665578512261
mid,1.2,1325,-0.6454803362956525
mid,1.2,1326,-0.5493923868223202
mid,1.2,1327,0.20702479199878304
mid,1.2,1328,-0.3904940688599901
mid,1.2,1329,-0.251290428224016
mid,1.2,1330,-0.033026518936988214
mid,1.2,1331,0.10110814115772242
mid,1.2,1332,-0.07651378778840157
mid,1.2,1333,-0.15515519949996268
mid,1.2,1334,0.0007087762887898233
mid,1.2,1335,-0.11268385676333313
mid,1.2,1336,-0.5686993956639027
mid,1.2,1337,-0.2677952568379558
mid,1.2,1338,-0.27968265330144226
mid,1.2,1339,-0.2337110091048997
mid,1.2,1340,-0.11628695220865394
mid,1.2,1341,-0.24446523057671285
mid,1.2,1342,0.008066283849068977
mid,1.2,1343,-0.5579905708076202
mid,1.2,1344,0.10206174607100733
mid,1.2,1345,0.04568982592548683
mid,1.2,1346,0.29752974913629276
mid,1.2,1347,-0.27467588153870276
mid,1.2,1348,-0.0959825925752338
mid,1.2,1349,-0.4328323703064181
mid,1.2,1350,-0.22764697749518117
mid,1.2,1351,-0.35735606043852125
mid,1.2,1352,-0.3304889584773688
mid,1.2,1353,0.10328360312040961
mid,1.2,1354,0.1591519902905455
mid,1.2,1355,-0.10041487750730448
mid,1.2,1356,-0.2072676751795889
mid,1.2,1357,0.27587740280413264
mid,1.2,1358,0.03627602099472862
mid,1.2,1359,-0.401915353988056
mid,1.2,1360,-0.1845393169765114
mid,1.2,1361,-0.4381704975064695
mid,1.2,1362,-0.1653404107677708
mid,1.2,1363,-0.03919219757909455
mid,1.2,1364,-0.29502651612515174
mid,1.2,1365,-0.28506912732413325
mid,1.2,1366,-0.07910630746753734
mid,1.2,1367,-0.28495460556994895
mid,1.2,1368,0.2728081488874689
mid,1.2,1369,0.14651340801233081
mid,1.2,1370,-0.15890093833005017
mid,1.2,1371,0.24956520330168133
mid,1.2,1372,0.34918081473528967
mid,1.2,1373,0.2122399528089973
mid,1.2,1374,-0.3705556343719425
mid,1.2,1375,-0.49486352839163894
mid,1.2,1376,-0.21074148914979324
mid,1.2,1377,-0.508041659076375
mid,1.2,1378,0.01820112759378567
mid,1.2,1379,-0.10058368747875383
mid,1.2,1380,-0.1367723001955222
mid,1.2,1381,-0.41470130328826144
mid,1.2,1382,0.08820222205445961
mid,1.2,1383,-0.3264639299073232
mid,1.2,1384,0.014760768586102195
mid,1.2,1385,0.018642341112768857
mid,1.2,1386,0.017376967490053043
mid,1.2,1387,-0.27499461159880856
mid,1.2,1388,0.1055736725535251
mid,1.2,1389,-0.5157203874181774
mid,1.2,1390,-0.030569733748612403
mid,1.2,1391,-0.07135882422465457
mid,1.2,1392,-0.007168611273909024
mid,1.2,1393,-0.2874861991436808
mid,1.2,1394,-0.5139451327112248
mid,1.2,1395,0.02801421485939646
mid,1.2,1396,-0.051386033497744454
mid,1.2,1397,-0.21543939155745098
mid,1.2,1398,-0.5840190025805453
mid,1.2,1399,-0.5187646306157965
mid,1.2,1400,0.02940277064122265
mid,1.2,1401,-0.29404119727476413
mid,1.2,1402,-0.22740270306254656
mid,1.2,1403,-0.27955447065432576
mid,1.2,1404,-0.538458973242832
mid,1.2,1405,0.19757352544522705
mid,1.2,1406,0.27993756290264366
mid,1.2,1407,-0.03467347311921672
mid,1.2,1408,0.12180695206211818
mid,1.2,1409,-0.3023651382571191
mid,1.2,1410,-0.26592257020256554
mid,1.2,1411,-0.45286589550080036
mid,1.2,1412,-0.20779164510389206
mid,1.2,1413,-0.3836544317651303
mid,1.2,1414,-0.22643993585903724
mid,1.2,1415,-0.5800224460602748
mid,1.2,1416,0.19807289245064422
mid,1.2,1417,-0.3106286452229109
mid,1.2,1418,-0.05343255544793713
mid,1.2,1419,-0.05262869803677841
mid,1.2,1420,-0.1672488832669917
mid,1.2,1421,-0.3605457687872319
mid,1.2,1422,-0.12438052133190011
mid,1.2,1423,-0.07728214046041913
mid,1.2,1424,-0.30368419048120904
mid,1.2,1425,-0.0882226855191329
mid,1.2,1426,-0.38308342265388295
mid,1.2,1427,0.1819134336363575
mid,1.2,1428,-0.19948302352694175
mid,1.2,1429,-0.2555523878133677
mid,1.2,1430,-0.33607904793977655
mid,1.2,1431,-0.14627976625738506
mid,1.2,1432,-0.4153423319262537
mid,1.2,1433,0.3133296388028209
mid,1.2,1434,-0.4869123436574651
mid,1.2,1435,0.07521455578978002
mid,1.2,1436,-0.17174684078769484
mid,1.2,1437,-0.4710537791714505
mid,1.2,1438,-0.330092163420462
mid,1.2,1439,-0.3520333860886113
mid,1.2,1440,-0.23978243323017906
mid,1.2,1441,0.18743311376829166
mid,1.2,1442,-0.16572372411092587
mid,1.2,1443,0.10359043502667177
mid,1.2,1444,-0.44902897658614926
mid,1.2,1445,-0.43387906185898284
mid,1.2,1446,0.16103076320730086
mid,1.2,1447,-0.21288681109400243
mid,1.2,1448,-0.16587611596685975
mid,1.2,1449,-0.3084955643507152
mid,1.2,1450,-0.0322942879440465
mid,1.2,1451,-0.3974510590181359
mid,1.2,1452,-0.18679552284793544
mid,1.2,1453,-0.1612161201923853
mid,1.2,1454,0.014178595092281513
mid,1.2,1455,0.01654241128407969
mid,1.2,1456,-0.3863679538819841
mid,1.2,1457,-0.33824154059225037
mid,1.2,1458,-0.41397529470703753
mid,1.2,1459,-0.19088523552715297
mid,1.2,1460,-0.2654471369148
mid,1.2,1461,-0.18923218150015217
mid,1.2,1462,0.06327709726789843
mid,1.2,1463,-0.13082764649774709
mid,1.2,1464,-0.2038865230465301
mid,1.2,1465,0.4729474246444165
mid,1.2,1466,-0.8067854826789826
mid,1.2,1467,-0.2805502893170873
mid,1.2,1468,-0.2452052587722603
mid,1.2,1469,0.0798736513941932
mid,1.2,1470,-0.20554040506473428
mid,1.2,1471,-0.259661448217432
mid,1.2,1472,-0.03358488841826911
mid,1.2,1473,-0.22683208074943265
mid,1.2,1474,-0.7147169869640615
mid,1.2,1475,-0.06993801170999549
mid,1.2,1476,0.16827231522517985
mid,1.2,1477,0.15487887695699087
mid,1.2,1478,0.18968682455763386
mid,1.2,1479,0.011767776751807294
mid,1.2,1480,-0.13511606189659742
mid,1.2,1481,-0.27665678511305347
mid,1.2,1482,-0.3403931988183863
mid,1.2,1483,0.16111958448428604
mid,1.2,1484,-0.627085995727767
mid,1.2,1485,0.00814044580716304
mid,1.2,1486,-0.3685136238305145
mid,1.2,1487,-0.1400038992214457
mid,1.2,1488,-0.044080805841189154
mid,1.2,1489,-0.03592415441689052
mid,1.2,1490,-0.3604239976133939
mid,1.2,1491,-0.06405392636362774
mid,1.2,1492,-0.36358267159300434
mid,1.2,1493,-0.11217981366247678
mid,1.2,1494,-0.03774357937551408
mid,1.2,1495,0.06167444119402921
mid,1.2,1496,0.07483316199400274
mid,1.2,1497,-0.5154459612217136
mid,1.2,1498,-0.44420353090955816
mid,1.2,1499,-0.5993496767846411
mid,1.2,1500,0.17970511156988406
mid,1.2,1501,-0.1319556985684553
mid,1.2,1502,0.3514552778279685
mid,1.2,1503,0.11430262070092775
mid,1.2,1504,-0.1854139456295479
mid,1.2,1505,-0.106193134359458
mid,1.2,1506,-0.029166784727168396
mid,1.2,1507,-0.13391975029255207
mid,1.2,1508,-0.22415108757708396
mid,1.2,1509,-0.2271962902995749
mid,1.2,1510,-0.3401650409830899
mid,1.2,1511,-0.2841026283197609
mid,1.2,1512,-0.13597062881300664
mid,1.2,1513,-0.23597511661196216
mid,1.2,1514,-0.050731605066296044
mid,1.2,1515,-0.5422786811670737
mid,1.2,1516,-0.17135952090175052
mid,1.2,1517,-0.2327064305892983
mid,1.2,1518,-0.39237859405962855
mid,1.2,1519,0.0728463055979571
mid,1.2,1520,0.09730978202820387
mid,1.2,1521,-0.31739983312884296
mid,1.2,1522,-0.29650086810832316
mid,1.2,1523,-0.1812915769477595
mid,1.2,1524,-0.21799582960379352
mid,1.2,1525,-0.0008449206473260426
mid,1.2,1526,0.11522547773976337
mid,1.2,1527,-0.46434244246390743
mid,1.2,1528,-0.2769046786285279
mid,1.2,1529,0.0690963241051798
mid,1.2,1530,-0.048562049196790906
mid,1.2,1531,0.18161059256409026
mid,1.2,1532,-0.07535984434694747
mid,1.2,1533,-0.054282780249400225
mid,1.2,1534,-0.35235109524489167
mid,1.2,1535,-0.44770159486671324
mid,1.2,1536,-0.1143561124846516
mid,1.2,1537,-0.30393557393267245
mid,1.2,1538,0.01644436104645688
mid,1.2,1539,-0.4476617946571172
mid,1.2,1540,-0.08232820777150182
mid,1.2,1541,-0.6477174340058864
mid,1.2,1542,-0.3425281682810726
mid,1.2,1543,-0.6476341979591576
mid,1.2,1544,0.1766104311403124
mid,1.2,1545,-0.26822320081135126
mid,1.2,1546,-0.2530610815379935
mid,1.2,1547,-0.16570651378266868
mid,1.2,1548,-0.09153186251558584
mid,1.2,1549,-0.2762665023718778
mid,1.2,1550,-0.3485858365398021
mid,1.2,1551,-0.09016291541539741
mid,1.2,1552,-0.3261488307059371
mid,1.2,1553,-0.3096160555647407
mid,1.2,1554,-0.24646067709092265
mid,1.2,1555,-0.640027310405862
mid,1.2,1556,-0.3360065530256037
mid,1.2,1557,-0.2719104502286929
mid,1.2,1558,0.10349897527060455
mid,1.2,1559,-0.5410918208375592
mid,1.2,1560,-0.4470213103545145
mid,1.2,1561,-0.1691227835341171
mid,1.2,1562,-0.1921775712494611
mid,1.2,1563,-0.3555093065318925
mid,1.2,1564,0.14888277684939438
mid,1.2,1565,-0.19150938824415473
mid,1.2,1566,-0.09615678380644613
mid,1.2,1567,0.22013300977022573
mid,1.2,1568,-0.2921921085637802
mid,1.2,1569,-0.048852426442826155
mid,1.2,1570,0.03314247747003832
mid,1.2,1571,-0.3888681310322837
mid,1.2,1572,-0.35967840569650783
mid,1.2,1573,-0.5229658394235923
mid,1.2,1574,-0.33876672662551527
mid,1.2,1575,-0.25491250050169045
mid,1.2,1576,0.12620615445029512
mid,1.2,1577,-0.02368394309458683
mid,1.2,1578,-0.4832044574671625
mid,1.2,1579,-0.18826914948079693
mid,1.2,1580,-0.2766278916876158
mid,1.2,1581,-0.26920970458221233
mid,1.2,1582,0.09823191055748126
mid,1.2,1583,-0.48273630971836795
mid,1.2,1584,-0.3215669665839913
mid,1.2,1585,-0.2564962261507685
mid,1.2,1586,-0.07402902259108907
mid,1.2,1587,-0.2523259038561276
mid,1.2,1588,-0.23026829628675372
mid,1.2,1589,-0.19675071313956496
mid,1.2,1590,-0.3154382912388232
mid,1.2,1591,-0.17147590772070642
mid,1.2,1592,-0.33131494322711214
mid,1.2,1593,0.02316060930144584
mid,1.2,1594,-0.29683419054981935
mid,1.2,1595,0.45215712444106115
mid,1.2,1596,-0.0929539838400419
mid,1.2,1597,-0.18389736406627058
mid,1.2,1598,-0.12076738110257743
mid,1.2,1599,-0.13964859223815992
mid,1.2,1600,0.08153638046749304
mid,1.2,1601,-0.17528136113903303
mid,1.2,1602,-0.4036042948126535
mid,1.2,1603,-0.27854163337613375
mid,1.2,1604,-0.07808958403835431
mid,1.2,1605,-0.5397773101089087
mid,1.2,1606,0.002445616436409426
mid,1.2,1607,-0.220202036186118
mid,1.2,1608,0.1139238808461247
mid,1.2,1609,-0.13964458460877746
mid,1.2,1610,0.061755079089158234
mid,1.2,1611,-0.3463064736341943
mid,1.2,1612,-0.08647801149421903
mid,1.2,1613,-0.3533863442242363
mid,1.2,1614,0.2351231749754925
mid,1.2,1615,0.022301485913946734
mid,1.2,1616,-0.14226184973567957
mid,1.2,1617,-0.44789816318083714
mid,1.2,1618,-0.05885275267145859
mid,1.2,1619,0.07728240843926734
mid,1.2,1620,-0.3187490531608177
mid,1.2,1621,-0.10925263834371726
mid,1.2,1622,-0.01492143825163325
mid,1.2,1623,-0.0636476354728839
mid,1.2,1624,0.009300234039164263
mid,1.2,1625,-0.519163061291406
mid,1.2,1626,-0.568495826658864
mid,1.2,1627,-0.2865555177591824
mid,1.2,1628,0.10031442797496257
mid,1.2,1629,-0.12323986306293298
mid,1.2,1630,-0.30161043690712896
mid,1.2,1631,-0.21365311705793477
mid,1.2,1632,-0.3769628844817481
mid,1.2,1633,-0.05820083485322139
mid,1.2,1634,-0.3340738934552261
mid,1.2,1635,-0.3367914822364023
mid,1.2,1636,-0.47655670789027216
mid,1.2,1637,-0.32496413254267775
mid,1.2,1638,0.27646812336944115
mid,1.2,1639,-0.14588666016825255
mid,1.2,1640,0.0635592372208837
mid,1.2,1641,-0.23533963029744973
mid,1.2,1642,-0.10255643572552314
mid,1.2,1643,-0.2536727813788197
mid,1.2,1644,-0.3218176250967677
mid,1.2,1645,-0.20261171776570713
mid,1.2,1646,-0.1417712469269496
mid,1.2,1647,-0.12207040406555557
mid,1.2,1648,-0.11159767019442987
mid,1.2,1649,-0.3135849719647562
mid,1.2,1650,-0.04605220042827785
mid,1.2,1651,-0.2341184093001342
mid,1.2,1652,0.0643770905098448
mid,1.2,1653,-0.357093180378641
mid,1.2,1654,-0.4163174563079626
mid,1.2,1655,-0.18524304482550635
mid,1.2,1656,-0.11761395622289597
mid,1.2,1657,-0.27688316920509864
mid,1.2,1658,-0.15133914631013162
mid,1.2,1659,0.12755196585582113
mid,1.2,1660,-0.17959735901374188
mid,1.2,1661,-0.423701810459103
mid,1.2,1662,0.0370303874349653
mid,1.2,1663,-0.22049249179616576
mid,1.2,1664,-0.183469439104673
mid,1.2,1665,-0.07950079702676463
mid,1.2,1666,-0.5000269110180264
mid,1.2,1667,-0.08382566358091269
mid,1.2,1668,0.24052765910632637
mid,1.2,1669,-0.12180706338848755
mid,1.2,1670,-0.042758612255701545
mid,1.2,1671,-0.07349517712596053
mid,1.2,1672,-0.09959915706582424
mid,1.2,1673,0.0845505924881693
mid,1.2,1674,-0.37310693270334666
mid,1.2,1675,-0.04626350088061175
mid,1.2,1676,-0.050538222289167954
mid,1.2,1677,-0.6295062602890913
mid,1.2,1678,-0.22456197536106143
mid,1.2,1679,-0.3703993222887721
mid,1.2,1680,0.292398115782351
mid,1.2,1681,-0.12659802425190642
mid,1.2,1682,0.14398203362055784
mid,1.2,1683,-0.49707976586071306
mid,1.2,1684,-0.42812844952691276
mid,1.2,1685,-0.14458065608870788
mid,1.2,1686,0.07271721535464362
mid,1.2,1687,-0.42832550082766474
mid,1.2,1688,-0.031499544271039265
mid,1.2,1689,-0.04088454384183528
mid,1.2,1690,-0.2571773915541517
mid,1.2,1691,0.035555604947092805
mid,1.2,1692,0.1361375783101903
mid,1.2,1693,-0.27033850874643445
mid,1.2,1694,-0.27724536514350695
mid,1.2,1695,-0.32449252253403793
mid,1.2,1696,-0.2910586721741728
mid,1.2,1697,-0.1774988816415724
mid,1.2,1698,-0.23352535769552793
mid,1.2,1699,0.07780863385566607
mid,1.2,1700,0.22956166521859458
mid,1.2,1701,0.22232252470317732
mid,1.2,1702,-0.3867921499832269
mid,1.2,1703,-0.049276669323515106
mid,1.2,1704,-0.3265007221630452
mid,1.2,1705,0.03478269052371174
mid,1.2,1706,-0.611554841308142
mid,1.2,1707,-0.5361343756701751
mid,1.2,1708,-0.6034087522907527
mid,1.2,1709,-0.33860633461104783
mid,1.2,1710,0.3214738191554812
mid,1.2,1711,-0.14676678302925364
mid,1.2,1712,-0.46087366393536366
mid,1.2,1713,-0.39940175818179846
mid,1.2,1714,-0.6581489553287929
mid,1.2,1715,-0.20323375109240452
mid,1.2,1716,-0.3616039245243698
mid,1.2,1717,-0.3142208780321499
mid,1.2,1718,-0.32906533595309667
mid,1.2,1719,-0.36455845375261253
mid,1.2,1720,-0.44588201104848246
mid,1.2,1721,-0.6026691163850497
mid,1.2,1722,-0.34646088113064233
mid,1.2,1723,-0.24983021404522399
mid,1.2,1724,0.1168931674263525
mid,1.2,1725,-0.3425032559107634
mid,1.2,1726,-0.07723584700178181
mid,1.2,1727,-0.6545048084174094
mid,1.2,1728,-0.43214299145494106
mid,1.2,1729,-0.11897793434161226
mid,1.2,1730,-0.013719712956681217
mid,1.2,1731,0.11311019113745806
mid,1.2,1732,-0.37271309501354416
mid,1.2,1733,-0.4432980612195109
mid,1.2,1734,-0.31703559608687054
mid,1.2,1735,-0.2205060652576261
mid,1.2,1736,-0.13580296607026174
mid,1.2,1737,-0.07402491167725163
mid,1.2,1738,-0.2710244961399063
mid,1.2,1739,-0.2328804701033768
mid,1.2,1740,-0.03898588426590243
mid,1.2,1741,-0.24674965878716007
mid,1.2,1742,-0.0619432634222241
mid,1.2,1743,-0.20556922703221053
mid,1.2,1744,0.19163988794290857
mid,1.2,1745,-0.11265773346304556
mid,1.2,1746,0.022158046942608024
mid,1.2,1747,-0.1088491572128891
mid,1.2,1748,-0.16666178187064767
mid,1.2,1749,-0.15321447611549036
mid,1.2,1750,-0.1281281790486572
mid,1.2,1751,0.03936971864356128
mid,1.2,1752,0.21757612776939086
mid,1.2,1753,-0.13064219055317486
mid,1.2,1754,-0.4276598915842486
mid,1.2,1755,-0.17150426910525335
mid,1.2,1756,-0.2092706985631553
mid,1.2,1757,0.06355311127057933
mid,1.2,1758,-0.17574575102381063
mid,1.2,1759,0.05090565201932549
mid,1.2,1760,-0.7486620861678646
mid,1.2,1761,-0.0380185759422164
mid,1.2,1762,-0.04269668920185507
mid,1.2,1763,-0.46768620208193973
mid,1.2,1764,-0.21325224934230216
mid,1.2,1765,-0.19259824969602515
mid,1.2,1766,-0.639342080781068
mid,1.2,1767,-0.21159235949564123
mid,1.2,1768,-0.35519027048056223
mid,1.2,1769,-0.34565877511202464
mid,1.2,1770,0.10375766924297891
mid,1.2,1771,-0.3955836072253059
mid,1.2,1772,-0.33142329714489593
mid,1.2,1773,-0.6385807788381476
mid,1.2,1774,-0.5773438056974529
mid,1.2,1775,-0.2516878612563078
mid,1.2,1776,-0.15161836115615693
mid,1.2,1777,-0.07546401288096238
mid,1.2,1778,-0.03815118428261028
mid,1.2,1779,-0.4763479343298039
mid,1.2,1780,-0.37923079546320004
mid,1.2,1781,-0.24888384924103474
mid,1.2,1782,-0.08961236087578207
mid,1.2,1783,-0.25400400025160935
mid,1.2,1784,0.11544329067396387
mid,1.2,1785,-0.05642387879851291
mid,1.2,1786,-0.3132324984709621
mid,1.2,1787,-0.35629596782864026
mid,1.2,1788,-0.6777646503564515
mid,1.2,1789,-0.469762848632539
mid,1.2,1790,-0.21834930538505312
mid,1.2,1791,-0.26069521580771937
mid,1.2,1792,-0.23941406725009295
mid,1.2,1793,-0.22775104031515478
mid,1.2,1794,-0.461824241763148
mid,1.2,1795,-0.6594764606854634
mid,1.2,1796,-0.03060455808483487
mid,1.2,1797,-0.33014787856266714
mid,1.2,1798,-0.3875939227372734
mid,1.2,1799,-0.3439639600356153
mid,1.2,1800,-0.05725240716171279
mid,1.2,1801,-0.32001257858460874
mid,1.2,1802,-0.08048363498649597
mid,1.2,1803,-0.2368234573998765
mid,1.2,1804,0.07221147228677129
mid,1.2,1805,-0.2790541720710818
mid,1.2,1806,0.24893588586428508
mid,1.2,1807,-0.0941297823444043
mid,1.2,1808,-0.3564445716209685
mid,1.2,1809,-0.18086539162978899
mid,1.2,1810,-0.03480040300702325
mid,1.2,1811,-0.22422041505913623
mid,1.2,1812,-0.36899285807249643
mid,1.2,1813,-0.3589459164113756
mid,1.2,1814,-0.10966507167106235
mid,1.2,1815,-0.3768686214034755
mid,1.2,1816,-0.34447423563050106
mid,1.2,1817,0.041215946405264756
mid,1.2,1818,-0.21541057528595398
mid,1.2,1819,-0.005130912219315375
mid,1.2,1820,-0.16957185037368375
mid,1.2,1821,-0.31288300290476834
mid,1.2,1822,-0.5514621490268452
mid,1.2,1823,-0.22409359056387296
mid,1.2,1824,-0.3716195086622223
mid,1.2,1825,0.5935817184437733
mid,1.2,1826,-0.04675534632781716
mid,1.2,1827,-0.3754384360045504
mid,1.2,1828,-0.32329632773771616
mid,1.2,1829,-0.15537730255733057
mid,1.2,1830,-0.39530603987168217
mid,1.2,1831,-0.14988454655290284
mid,1.2,1832,-0.056289343918673115
mid,1.2,1833,-0.29462639026060267
mid,1.2,1834,0.04848146158088616
mid,1.2,1835,-0.298380828907359
mid,1.2,1836,-0.28041052121060733
mid,1.2,1837,-0.45925154198497675
mid,1.2,1838,-0.5958535448530985
mid,1.2,1839,-0.5551387381942559
mid,1.2,1840,-0.004026459442575016
mid,1.2,1841,0.336468039023509
mid,1.2,1842,-0.05284785585866559
mid,1.2,1843,-0.07259969205936986
mid,1.2,1844,-0.17482797586774254
mid,1.2,1845,-0.22322550786021567
mid,1.2,1846,0.10796457237037296
mid,1.2,1847,0.15495051901046566
mid,1.2,1848,-0.32379916060189945
mid,1.2,1849,-0.518766482688991
mid,1.2,1850,-0.32107205733736205
mid,1.2,1851,-0.5013905956509154
mid,1.2,1852,-0.29902084670919515
mid,1.2,1853,-0.43907753623805
mid,1.2,1854,-0.417627907935584
mid,1.2,1855,0.34097366971874316
mid,1.2,1856,-0.11343756525036666
mid,1.2,1857,-0.11986070879138609
mid,1.2,1858,-0.16640722876727393
mid,1.2,1859,-0.5860289966898704
mid,1.2,1860,-0.13547152561683592
mid,1.2,1861,0.34502697561594725
mid,1.2,1862,0.26456972372707915
mid,1.2,1863,-0.19029159354704295
mid,1.2,1864,-0.3283969984788661
mid,1.2,1865,-0.24357917122934758
mid,1.2,1866,-0.3568284914320934
mid,1.2,1867,-0.12360943059628245
mid,1.2,1868,0.12066282444423819
mid,1.2,1869,-0.15773993519052293
mid,1.2,1870,-0.19009484107379204
mid,1.2,1871,-0.2075188441893629
mid,1.2,1872,0.12752009399800146
mid,1.2,1873,-0.20223277588051436
mid,1.2,1874,-0.02284520722241399
mid,1.2,1875,0.10215781320795134
mid,1.2,1876,-0.20118845966490473
mid,1.2,1877,-0.30162011685765155
mid,1.2,1878,-0.3346472408739504
mid,1.2,1879,-0.14179054331130925
mid,1.2,1880,-0.028093023451666848
mid,1.2,1881,-0.2138720411482751
mid,1.2,1882,-0.6495321113974968
mid,1.2,1883,-0.36096830457836876
mid,1.2,1884,-0.07719206785441106
mid,1.2,1885,-0.09235312976207036
mid,1.2,1886,-0.2900337585414742
mid,1.2,1887,-0.26252493123507886
mid,1.2,1888,0.08906332069651172
mid,1.2,1889,-0.20141913420511087
mid,1.2,1890,-0.14379623349739962
mid,1.2,1891,-0.4626119572007658
mid,1.2,1892,-0.2771713477991106
mid,1.2,1893,0.04115517013989891
mid,1.2,1894,0.006324716899928317
mid,1.2,1895,-0.2994957724136102
mid,1.2,1896,-0.4845767444767642
mid,1.2,1897,-0.2555642967156744
mid,1.2,1898,-0.2004605676948547
mid,1.2,1899,-0.31850903096293637
mid,1.2,1900,-0.4199083126080836
mid,1.2,1901,-0.35907112447633066
mid,1.2,1902,-0.3115537767412408
mid,1.2,1903,-0.2503739725122573
mid,1.2,1904,-0.5065304341904121
mid,1.2,1905,-0.5164952728165874
mid,1.2,1906,-0.4932651413089526
mid,1.2,1907,-0.5773615147507309
mid,1.2,1908,-0.2668390047138872
mid,1.2,1909,-0.02728752934682587
mid,1.2,1910,-0.24629437167544843
mid,1.2,1911,-0.38671330362921363
mid,1.2,1912,-0.24854033399385925
mid,1.2,1913,0.21830721525598307
mid,1.2,1914,-0.40547855419310463
mid,1.2,1915,-0.36930998439207524
mid,1.2,1916,-0.2001486078458058
mid,1.2,1917,-0.14021823302109773
mid,1.2,1918,-0.4402581935222606
mid,1.2,1919,-0.6080055703891352
mid,1.2,1920,-0.19680920954050515
mid,1.2,1921,-0.04725448278549312
mid,1.2,1922,0.15479587969837225
mid,1.2,1923,-0.47374378737442313
mid,1.2,1924,-0.26273331060545874
mid,1.2,1925,-0.10778429246488509
mid,1.2,1926,-0.19371052997481866
mid,1.2,1927,-0.14027116228692113
mid,1.2,1928,-0.36243652529797055
mid,1.2,1929,-0.4676368745287733
mid,1.2,1930,-0.20894390125499432
mid,1.2,1931,-0.11690298244332137
mid,1.2,1932,0.006142803754555628
mid,1.2,1933,-0.014071267914882562
mid,1.2,1934,-0.17290103936107204
mid,1.2,1935,0.021881783497944576
mid,1.2,1936,-0.06844468555992797
mid,1.2,1937,-0.0918195328814587
mid,1.2,1938,-0.1709676303726148
mid,1.2,1939,-0.40296552403889335
mid,1.2,1940,-0.24666756823731678
mid,1.2,1941,0.3304198238819706
mid,1.2,1942,-0.14070884180488993
mid,1.2,1943,-0.09854996699656217
mid,1.2,1944,-0.07214758438385864
mid,1.2,1945,-0.10558840784808649
mid,1.2,1946,-0.05225103329312471
mid,1.2,1947,-0.564301026708893
mid,1.2,1948,0.1426772583769111
mid,1.2,1949,-0.5131362102693557
mid,1.2,1950,-0.3254759505490372
mid,1.2,1951,0.04320466484507629
mid,1.2,1952,0.15099795404545105
mid,1.2,1953,-0.22653964777701116
mid,1.2,1954,-0.45251497384585476
mid,1.2,1955,0.11452959352393215
mid,1.2,1956,-0.25219645997511
mid,1.2,1957,0.003407309209038229
mid,1.2,1958,-0.28454188420892246
mid,1.2,1959,-0.8990292026967777
mid,1.2,1960,-0.3147710356467589
mid,1.2,1961,-0.1081597555326043
mid,1.2,1962,-0.36324039912958944
mid,1.2,1963,0.056186183230609116
mid,1.2,1964,-0.44642723381483845
mid,1.2,1965,-0.3826455293542709
mid,1.2,1966,-0.11842438473584449
mid,1.2,1967,-0.38270168775426755
mid,1.2,1968,0.043551957301372214
mid,1.2,1969,-0.21266431998150093
mid,1.2,1970,-0.1455116516165632
mid,1.2,1971,0.0012082822179188732
mid,1.2,1972,-0.3343301037029091
mid,1.2,1973,-0.17194157909955934
mid,1.2,1974,-0.09374358162689615
mid,1.2,1975,-0.26024990816384747
mid,1.2,1976,0.2929838292470173
mid,1.2,1977,0.03306356349964803
mid,1.2,1978,-0.08180801876644768
mid,1.2,1979,-0.38728549800772616
mid,1.2,1980,-0.32758064467678566
mid,1.2,1981,-0.16450679306041469
mid,1.2,1982,-0.6386851456605103
mid,1.2,1983,-0.07116734323363622
mid,1.2,1984,-0.11207903432218538
mid,1.2,1985,-0.18366436940124634
mid,1.2,1986,-0.4798533686327367
mid,1.2,1987,-0.0006245031284145046
mid,1.2,1988,0.1853522028301738
mid,1.2,1989,-0.15171520646158684
mid,1.2,1990,-0.04042209746687548
mid,1.2,1991,-0.2720480500137013
mid,1.2,1992,-0.7664119622119631
mid,1.2,1993,-0.09994821654473848
mid,1.2,1994,-0.3131449744717497
mid,1.2,1995,-0.3801948917800538
mid,1.2,1996,0.08890599588640957
mid,1.2,1997,-0.010960209244406357
mid,1.2,1998,-0.3918135539172208
mid,1.2,1999,-0.33350668945180073
mid,1.3,0,0.4693851167394497
mid,1.3,1,0.3265959825351142
mid,1.3,2,0.6426652003699093
mid,1.3,3,0.2936335987736402
mid,1.3,4,0.5315015244228298
mid,1.3,5,0.4066323003181806
mid,1.3,6,0.3526345408353586
mid,1.3,7,0.2515067137156928
mid,1.3,8,0.3208834237164283
mid,1.3,9,0.30219386677907084
mid,1.3,10,0.6342781535234685
mid,1.3,11,-0.032805476203719056
mid,1.3,12,0.497240922752995
mid,1.3,13,0.3966294685087641
mid,1.3,14,-0.08917318308206576
mid,1.3,15,0.5327125147628354
mid,1.3,16,0.35173236052543577
mid,1.3,17,-0.0852010006859212
mid,1.3,18,0.5637670513398234
mid,1.3,19,0.0923664116337554
mid,1.3,20,0.0487981918342866
mid,1.3,21,0.4905143190274233
mid,1.3,22,0.3223291396669221
mid,1.3,23,0.4220348719954969
mid,1.3,24,0.6359567627700904
mid,1.3,25,0.3964604373174595
mid,1.3,26,0.4642972191101676
mid,1.3,27,0.22042209796811124
mid,1.3,28,0.27645209643031965
mid,1.3,29,0.4332186698954957
mid,1.3,30,0.20183166716724887
mid,1.3,31,0.6026643448766255
mid,1.3,32,0.697801372835942
mid,1.3,33,0.6387060901746542
mid,1.3,34,0.35791260289399746
mid,1.3,35,0.44901507038307903
mid,1.3,36,0.4747369222698008
mid,1.3,37,0.45863423215839594
mid,1.3,38,0.7374385392983404
mid,1.3,39,-0.1702811885027755
mid,1.3,40,0.4020065984231533
mid,1.3,41,0.0486771845475907
mid,1.3,42,0.08384808615807847
mid,1.3,43,0.09365903325263245
mid,1.3,44,0.1730044793425556
mid,1.3,45,0.210666411727791
mid,1.3,46,0.10720905016230131
mid,1.3,47,0.5697734642569409
mid,1.3,48,0.23372994674366993
mid,1.3,49,0.6270448492845938
mid,1.3,50,0.35076756894360994
mid,1.3,51,0.44679850431346757
mid,1.3,52,0.3185983087668945
mid,1.3,53,0.025119986407805134
mid,1.3,54,-0.020020821943286735
mid,1.3,55,0.09030714828099423
mid,1.3,56,0.2726275110777031
mid,1.3,57,0.5193788111459684
mid,1.3,58,0.5869225037870934
mid,1.3,59,0.38551901151295676
mid,1.3,60,0.47971309399857365
mid,1.3,61,0.6721621523059148
mid,1.3,62,-0.20552586679939205
mid,1.3,63,0.491057725056481
mid,1.3,64,0.40407433943741755
mid,1.3,65,0.49406846299376694
mid,1.3,66,0.479384088386208
mid,1.3,67,0.2612380251518413
mid,1.3,68,0.10086770667843475
mid,1.3,69,0.46217811245974927
mid,1.3,70,0.6144318262578433
mid,1.3,71,0.21352316128667506
mid,1.3,72,0.030710898335339538
mid,1.3,73,0.3290212452963335
mid,1.3,74,0.3208562268619447
mid,1.3,75,0.1987005459400195
mid,1.3,76,0.812284884741187
mid,1.3,77,0.5778715975278393
mid,1.3,78,0.6316340805028672
mid,1.3,79,0.2715016926767737
mid,1.3,80,0.1678488740724933
mid,1.3,81,0.29933787841473175
mid,1.3,82,0.4819498527647913
mid,1.3,83,0.2775352105681202
mid,1.3,84,0.2904449216859137
mid,1.3,85,0.6531540593481973
mid,1.3,86,0.013721426806864842
mid,1.3,87,0.02785112457328974
mid,1.3,88,0.15976364775771687
mid,1.3,89,0.3660940316471436
mid,1.3,90,0.32555121402268183
mid,1.3,91,0.14847407213255565
mid,1.3,92,-0.11620196684575532
mid,1.3,93,0.6952026903158453
mid,1.3,94,0.1144774197071054
mid,1.3,95,0.4388473368802464
mid,1.3,96,0.19435440671545304
mid,1.3,97,0.2935013539323384
mid,1.3,98,0.4896949897413487
mid,1.3,99,0.41817368729722987
mid,1.3,100,0.13530495502937892
mid,1.3,101,0.10487522966302065
mid,1.3,102,0.06969611477367539
mid,1.3,103,0.43090030313921446
mid,1.3,104,0.21102688894991423
mid,1.3,105,-0.06869602496680186
mid,1.3,106,0.04025346252339334
mid,1.3,107,0.6580322107178906
mid,1.3,108,0.347734814668626
mid,1.3,109,0.3461165959849777
mid,1.3,110,0.18079763025423215
mid,1.3,111,0.13735649995249619
mid,1.3,112,0.8425020713379874
mid,1.3,113,0.30059553105616854
mid,1.3,114,0.5436753760880578
mid,1.3,115,-0.039176819711280064
mid,1.3,116,0.3986597191516567
mid,1.3,117,0.5481379882432357
mid,1.3,118,0.1068178020451945
mid,1.3,119,0.15914157513113808
mid,1.3,120,0.18947384754308155
mid,1.3,121,0.5512146009603617
mid,1.3,122,0.3967846611292469
mid,1.3,123,0.2790737874986612
mid,1.3,124,0.6509341998665252
mid,1.3,125,0.40060003436601893
mid,1.3,126,0.5126393205570597
mid,1.3,127,0.8560333180140737
mid,1.3,128,0.08223437604029565
mid,1.3,129,0.8198654446625122
mid,1.3,130,0.5771742691666731
mid,1.3,131,0.6082927183413108
mid,1.3,132,0.2824907000091023
mid,1.3,133,0.39250483603454367
mid,1.3,134,0.32936233515383023
mid,1.3,135,0.5171080282163708
mid,1.3,136,0.6202138540091998
mid,1.3,137,0.09437204769927696
mid,1.3,138,0.08127739996956744
mid,1.3,139,0.5416481448053012
mid,1.3,140,0.4253290094486
mid,1.3,141,0.4471806900030587
mid,1.3,142,0.558281541761519
mid,1.3,143,0.5601802088464706
mid,1.3,144,0.505864853821872
mid,1.3,145,0.33481519370025253
mid,1.3,146,0.25973227379439956
mid,1.3,147,0.5035166648031852
mid,1.3,148,0.2582884247729025
mid,1.3,149,0.41762405668693076
mid,1.3,150,0.7645086267291001
mid,1.3,151,0.9295443622103599
mid,1.3,152,-0.11455608727841889
mid,1.3,153,0.35546216513715173
mid,1.3,154,1.2086159727466987
mid,1.3,155,0.7457629901236587
mid,1.3,156,0.5511204622941005
mid,1.3,157,0.6388876342258143
mid,1.3,158,0.14274403063129937
mid,1.3,159,0.6802766404264688
mid,1.3,160,0.436513039048133
mid,1.3,161,0.29057426837833084
mid,1.3,162,-0.2757135759433156
mid,1.3,163,0.6293524311235441
mid,1.3,164,0.6305144337167814
mid,1.3,165,0.305277515090541
mid,1.3,166,0.7399510293961645
mid,1.3,167,0.4624998417219453
mid,1.3,168,0.6562414070008539
mid,1.3,169,0.8269231674837385
mid,1.3,170,0.8948549960975872
mid,1.3,171,0.5199227870426714
mid,1.3,172,0.3848337303039362
mid,1.3,173,0.26682927194761846
mid,1.3,174,-0.046022230227943786
mid,1.3,175,0.32578788019887656
mid,1.3,176,0.24717116111666473
mid,1.3,177,0.5567001482306528
mid,1.3,178,0.558285344942401
mid,1.3,179,0.29124120987821883
mid,1.3,180,0.68199254021424
mid,1.3,181,0.8738885482863189
mid,1.3,182,0.1998656968616733
mid,1.3,183,0.3706892903821949
mid,1.3,184,0.3252809328617547
mid,1.3,185,0.44197680252475896
mid,1.3,186,0.0678139612760705
mid,1.3,187,0.5921865380493199
mid,1.3,188,0.28244712634873037
mid,1.3,189,0.4852449987064972
mid,1.3,190,0.8394946453490872
mid,1.3,191,0.23693030710905968
mid,1.3,192,0.4646098370251279
mid,1.3,193,0.6134473003481027
mid,1.3,194,0.3182625663314413
mid,1.3,195,0.5035096354451923
mid,1.3,196,0.18027338381814226
mid,1.3,197,-0.158321398602391
mid,1.3,198,0.4925512699483845
mid,1.3,199,0.03725699924073837
mid,1.3,200,0.06450356633470343
mid,1.3,201,0.029037265829255025
mid,1.3,202,0.2063444643162781
mid,1.3,203,0.00351977575017826
mid,1.3,204,0.1943705693831169
mid,1.3,205,-0.0717233032710111
mid,1.3,206,0.31429625711299125
mid,1.3,207,0.6219610245211725
mid,1.3,208,0.4280501244068615
mid,1.3,209,0.3983773480565392
mid,1.3,210,0.5885414342657134
mid,1.3,211,0.029373374935494686
mid,1.3,212,0.273799267730192
mid,1.3,213,0.42587258486101326
mid,1.3,214,0.6271254848706581
mid,1.3,215,0.4407203269438407
mid,1.3,216,0.08789375217455381
mid,1.3,217,0.19173823030467246
mid,1.3,218,0.6499788394413423
mid,1.3,219,0.33584187149503597
mid,1.3,220,0.3262075990402363
mid,1.3,221,0.45204005511436907
mid,1.3,222,0.4041027204077287
mid,1.3,223,0.3342149992582777
mid,1.3,224,0.4837971619558376
mid,1.3,225,0.5556035316208202
mid,1.3,226,0.5582605856008855
mid,1.3,227,0.4020743931131524
mid,1.3,228,0.4503018453289681
mid,1.3,229,0.5975408062765472
mid,1.3,230,-0.03655325413994137
mid,1.3,231,0.3323554258709343
mid,1.3,232,0.18012966594978602
mid,1.3,233,0.8108451311854534
mid,1.3,234,0.5367372895106314
mid,1.3,235,0.24478039244249317
mid,1.3,236,0.09552436313283674
mid,1.3,237,0.2186654026008272
mid,1.3,238,-0.06401345380958444
mid,1.3,239,0.03730346137438396
mid,1.3,240,0.4042076138305044
mid,1.3,241,0.4685408606825008
mid,1.3,242,0.488280591106754
mid,1.3,243,0.558670417181739
mid,1.3,244,0.1891959114638178
mid,1.3,245,0.20012767255506433
mid,1.3,246,0.18697492523601006
mid,1.3,247,0.7617390338136886
mid,1.3,248,0.31778008394832763
mid,1.3,249,0.39520418892961884
mid,1.3,250,0.08091710761656103
mid,1.3,251,0.0903900050425393
mid,1.3,252,0.6744411975450464
mid,1.3,253,0.3324919654068039
mid,1.3,254,0.6135885226946175
mid,1.3,255,0.18001222195251473
mid,1.3,256,0.27349889310381936
mid,1.3,257,0.14228939271225052
mid,1.3,258,0.5040974056105609
mid,1.3,259,0.38528349935788186
mid,1.3,260,0.15181636748304017
mid,1.3,261,0.5859827142115642
mid,1.3,262,0.3390126177067547
mid,1.3,263,0.3180353426125611
mid,1.3,264,0.3648080413734153
mid,1.3,265,0.4419583124618751
mid,1.3,266,0.19789768232317775
mid,1.3,267,0.16426677566798287
mid,1.3,268,0.46215176210139713
mid,1.3,269,0.41443198524719826
mid,1.3,270,0.16944456329594193
mid,1.3,271,0.3315106427923355
mid,1.3,272,0.08548972506637942
mid,1.3,273,0.6243130378581154
mid,1.3,274,0.407142881660135
mid,1.3,275,0.5219314076231141
mid,1.3,276,-0.2077511584382359
mid,1.3,277,0.5659656113996002
mid,1.3,278,0.11993550382842275
mid,1.3,279,0.0831097088575053
mid,1.3,280,-0.09381378421423037
mid,1.3,281,0.4696833069404052
mid,1.3,282,0.20367768406323702
mid,1.3,283,0.1294420724966318
mid,1.3,284,0.016780626874849935
mid,1.3,285,0.3966339486259342
mid,1.3,286,0.18151944360960137
mid,1.3,287,0.07744125193888816
mid,1.3,288,0.3753145739107277
mid,1.3,289,0.2295795902484669
mid,1.3,290,0.2579251000926068
mid,1.3,291,0.39028002197636347
mid,1.3,292,0.501703413217483
mid,1.3,293,0.2952472356257824
mid,1.3,294,0.2967127190737833
mid,1.3,295,0.4106343805701585
mid,1.3,296,0.36448313720289965
mid,1.3,297,-0.03180200240104651
mid,1.3,298,0.1860536061535978
mid,1.3,299,0.14023359276781244
mid,1.3,300,0.34835567510902005
mid,1.3,301,0.34418228872984014
mid,1.3,302,0.33239209067167463
mid,1.3,303,0.24312276940558708
mid,1.3,304,0.3505588963925151
mid,1.3,305,0.8892713859841712
mid,1.3,306,0.5208734516728292
mid,1.3,307,0.4928223743957898
mid,1.3,308,0.5210727287917012
mid,1.3,309,0.46932194189056775
mid,1.3,310,0.3527017606612939
mid,1.3,311,0.15811150437036434
mid,1.3,312,0.30670026584555415
mid,1.3,313,0.06861094971145516
mid,1.3,314,0.142841539750876
mid,1.3,315,0.5874006863011499
mid,1.3,316,0.19801888544360208
mid,1.3,317,0.2118967103392291
mid,1.3,318,0.6496287939905157
mid,1.3,319,0.19899542838217327
mid,1.3,320,0.6525591807481171
mid,1.3,321,0.7287313620856423
mid,1.3,322,0.3335083110050292
mid,1.3,323,0.45948085797375976
mid,1.3,324,0.7472002240862203
mid,1.3,325,0.3545193479172384
mid,1.3,326,0.7285916575639486
mid,1.3,327,0.4219054731615976
mid,1.3,328,0.21596774767610996
mid,1.3,329,0.2566756131708944
mid,1.3,330,0.4719922909289102
mid,1.3,331,0.06852951319964871
mid,1.3,332,0.6680764024990427
mid,1.3,333,0.18050979599970013
mid,1.3,334,0.32885107818401116
mid,1.3,335,0.5296663892355444
mid,1.3,336,0.2367982794600465
mid,1.3,337,0.3811563463690006
mid,1.3,338,0.32775193052091844
mid,1.3,339,0.5674323215907039
mid,1.3,340,0.296997969626372
mid,1.3,341,0.48825519451415267
mid,1.3,342,0.1293621951467325
mid,1.3,343,0.760083839135935
mid,1.3,344,0.6321754385598667
mid,1.3,345,0.266046197089072
mid,1.3,346,0.54472465883523
mid,1.3,347,0.24075565230395574
mid,1.3,348,0.4709819808629278
mid,1.3,349,0.40525545028718024
mid,1.3,350,0.41620942703501795
mid,1.3,351,0.43290326361901876
mid,1.3,352,0.10576485541566258
mid,1.3,353,0.29318421418210644
mid,1.3,354,0.13898706382933118
mid,1.3,355,0.9615332064419226
mid,1.3,356,0.40370797412772214
mid,1.3,357,0.26643622107064613
mid,1.3,358,0.3556757802402156
mid,1.3,359,0.34596090481388186
mid,1.3,360,0.04903416272128998
mid,1.3,361,0.43409530669366064
mid,1.3,362,0.046570295498625826
mid,1.3,363,-0.020619275050706414
mid,1.3,364,0.13813439680106068
mid,1.3,365,0.3345897060143736
mid,1.3,366,0.45773568997520325
mid,1.3,367,0.2051462154553455
mid,1.3,368,1.1466404903066272
mid,1.3,369,0.04818490736488101
mid,1.3,370,0.4071993263189782
mid,1.3,371,0.14245344827218973
mid,1.3,372,0.5523728611236655
mid,1.3,373,0.5135229832984199
mid,1.3,374,0.4710835046562886
mid,1.3,375,0.2519507720133378
mid,1.3,376,0.5543385897850104
mid,1.3,377,0.5243274714885464
mid,1.3,378,-0.13512438577406288
mid,1.3,379,-0.029843075780744483
mid,1.3,380,0.2720278029798029
mid,1.3,381,0.0290432374531441
mid,1.3,382,-0.0014144404379265408
mid,1.3,383,0.2106744135992895
mid,1.3,384,-0.10050735596821785
mid,1.3,385,0.28822358684226473
mid,1.3,386,0.5153462714822197
mid,1.3,387,0.9232921794938137
mid,1.3,388,0.4501561525379499
mid,1.3,389,0.45511416864387105
mid,1.3,390,0.7451739849014509
mid,1.3,391,0.6246489200228684
mid,1.3,392,0.7006964647926819
mid,1.3,393,0.6461904479986471
mid,1.3,394,0.7070562040640838
mid,1.3,395,0.6434723867057816
mid,1.3,396,0.14926161887993725
mid,1.3,397,0.09198511270325725
mid,1.3,398,0.20980194914145034
mid,1.3,399,0.5283923774704242
mid,1.3,400,0.1382319413466601
mid,1.3,401,0.07685391224368618
mid,1.3,402,0.35837327805693675
mid,1.3,403,0.08713996122323002
mid,1.3,404,0.516013154159271
mid,1.3,405,0.38175966921651183
mid,1.3,406,0.29793171780420963
mid,1.3,407,0.2939497283920644
mid,1.3,408,0.7786103430716564
mid,1.3,409,-0.016354908586001575
mid,1.3,410,0.22077306630762833
mid,1.3,411,0.4198138900914028
mid,1.3,412,0.11127736904882662
mid,1.3,413,0.5871945714642209
mid,1.3,414,0.08040780718533164
mid,1.3,415,0.41130794866290193
mid,1.3,416,0.6475128059031652
mid,1.3,417,0.40656551034074195
mid,1.3,418,0.34350040587478203
mid,1.3,419,0.1802356141036727
mid,1.3,420,0.4691732532731212
mid,1.3,421,0.2351856172980195
mid,1.3,422,0.43429559843041116
mid,1.3,423,0.3357593647716467
mid,1.3,424,0.09666485946572981
mid,1.3,425,0.4835709197578772
mid,1.3,426,0.7135780777292394
mid,1.3,427,0.22253109443745211
mid,1.3,428,0.24982943694358464
mid,1.3,429,0.22894288825329165
mid,1.3,430,0.49256843433630193
mid,1.3,431,0.1504810958523835
mid,1.3,432,0.6871763303254221
mid,1.3,433,0.24291648881046893
mid,1.3,434,-0.19359750595372982
mid,1.3,435,0.1556088355899702
mid,1.3,436,0.45668070066729577
mid,1.3,437,0.11414664197867509
mid,1.3,438,0.3142523775002943
mid,1.3,439,0.2216343650213245
mid,1.3,440,0.5018795968872448
mid,1.3,441,0.2567368100353796
mid,1.3,442,0.3924390048221356
mid,1.3,443,0.5568155945152756
mid,1.3,444,0.20214667147187868
mid,1.3,445,0.7326469713321186
mid,1.3,446,0.5938249707480616
mid,1.3,447,0.13614954699646162
mid,1.3,448,0.4201798467517298
mid,1.3,449,0.3878440887842683
mid,1.3,450,0.045646526246353125
mid,1.3,451,-0.007324583398062042
mid,1.3,452,0.2251366139149406
mid,1.3,453,0.5002700290099855
mid,1.3,454,0.8927842495876708
mid,1.3,455,0.2636819585231678
mid,1.3,456,0.3791120110988861
mid,1.3,457,0.287146128178976
mid,1.3,458,0.9635027614639727
mid,1.3,459,0.4263767043450598
mid,1.3,460,0.1816458420146622
mid,1.3,461,0.09753602983354916
mid,1.3,462,0.0687678891292221
mid,1.3,463,0.10526840323837376
mid,1.3,464,0.38542301130281115
mid,1.3,465,0.5038001980753571
mid,1.3,466,0.18425182674868587
mid,1.3,467,0.5296908918401457
mid,1.3,468,0.6846502724596786
mid,1.3,469,0.3346725962770165
mid,1.3,470,0.43091405746620737
mid,1.3,471,0.7708478057538385
mid,1.3,472,0.4925405600921579
mid,1.3,473,0.3843357315923535
mid,1.3,474,0.2260326150256422
mid,1.3,475,0.5664650030108401
mid,1.3,476,0.1363014150710146
mid,1.3,477,0.8058905855203609
mid,1.3,478,0.5549761442561499
mid,1.3,479,0.34333463304304535
mid,1.3,480,0.5275638894532004
mid,1.3,481,0.4096541743925107
mid,1.3,482,0.987737947937064
mid,1.3,483,0.769569563940174
mid,1.3,484,0.18248489734150286
mid,1.3,485,0.6080964367605176
mid,1.3,486,0.2087497339608388
mid,1.3,487,0.22288678261941935
mid,1.3,488,0.14581875805510852
mid,1.3,489,0.7102328634177508
mid,1.3,490,0.5576546821224021
mid,1.3,491,0.3160560212593597
mid,1.3,492,0.38589228549444765
mid,1.3,493,0.3713681208936229
mid,1.3,494,0.05737987922247707
mid,1.3,495,0.8614130874561481
mid,1.3,496,0.15437238432826733
mid,1.3,497,0.7844300464584001
mid,1.3,498,0.5412462524398917
mid,1.3,499,0.2657410715163331
mid,1.3,500,0.5578116573012679
mid,1.3,501,0.30224358450608385
mid,1.3,502,0.41864459772303814
mid,1.3,503,0.253143945920416
mid,1.3,504,0.3062229595685507
mid,1.3,505,0.3248408596381765
mid,1.3,506,0.11626044867950594
mid,1.3,507,0.3768290733391032
mid,1.3,508,0.5200142718635837
mid,1.3,509,0.3167543172288532
mid,1.3,510,0.4932847027008228
mid,1.3,511,0.6528666386854527
mid,1.3,512,0.14242313433675863
mid,1.3,513,0.38580110125083833
mid,1.3,514,0.5365326966435763
mid,1.3,515,0.231045292067763
mid,1.3,516,0.26063397405922417
mid,1.3,517,0.43964926954780514
mid,1.3,518,0.2582915667197869
mid,1.3,519,0.27396864822727623
mid,1.3,520,0.4546962516543266
mid,1.3,521,0.39183453850225103
mid,1.3,522,0.20626761033283741
mid,1.3,523,0.376879773557687
mid,1.3,524,0.5393812233703628
mid,1.3,525,0.12839897949212195
mid,1.3,526,0.4596636536062282
mid,1.3,527,0.5473767864395434
mid,1.3,528,0.2721928602682908
mid,1.3,529,0.356359841534157
mid,1.3,530,0.3862507461597332
mid,1.3,531,0.42458337630979465
mid,1.3,532,0.37454461731984817
mid,1.3,533,0.44698404688895266
mid,1.3,534,0.6155948201700469
mid,1.3,535,0.26313698711019246
mid,1.3,536,0.6189049984776843
mid,1.3,537,0.5250364230929505
mid,1.3,538,0.30150544637401083
mid,1.3,539,0.4335984780065814
mid,1.3,540,-0.0393862689472106
mid,1.3,541,0.45160374446003715
mid,1.3,542,0.17166429419491627
mid,1.3,543,0.5409585156669193
mid,1.3,544,0.18348844458051977
mid,1.3,545,0.5201507380607493
mid,1.3,546,0.3447394308788735
mid,1.3,547,0.3771556239202219
mid,1.3,548,0.3161639763473521
mid,1.3,549,-0.02851783795225265
mid,1.3,550,-0.010457205598067718
mid,1.3,551,0.26368278581960636
mid,1.3,552,0.3823245310017993
mid,1.3,553,0.6873529379696401
mid,1.3,554,0.4748361594130955
mid,1.3,555,0.08474967066282249
mid,1.3,556,0.3707512482462968
mid,1.3,557,0.2312101832013958
mid,1.3,558,0.3278304149140846
mid,1.3,559,0.122287675852925
mid,1.3,560,0.7570374493599252
mid,1.3,561,0.053617936396739126
mid,1.3,562,0.22275373405141424
mid,1.3,563,0.5706695803643065
mid,1.3,564,0.05029903670901435
mid,1.3,565,0.7668316042466171
mid,1.3,566,0.638616040169963
mid,1.3,567,0.1540450996118367
mid,1.3,568,0.04010103906898283
mid,1.3,569,0.26284441440550027
mid,1.3,570,-0.18158598809001913
mid,1.3,571,0.25244114119382394
mid,1.3,572,0.2861328328431339
mid,1.3,573,0.5764019419364964
mid,1.3,574,0.7080286582673525
mid,1.3,575,-0.08324906360357032
mid,1.3,576,0.7411897705490613
mid,1.3,577,0.41122125582650115
mid,1.3,578,0.5006343516891087
mid,1.3,579,0.3069472724423968
mid,1.3,580,0.06550226463773763
mid,1.3,581,0.09562753861676422
mid,1.3,582,0.28779881122527884
mid,1.3,583,0.32733500807478155
mid,1.3,584,0.1673354664087955
mid,1.3,585,0.4620935164447922
mid,1.3,586,0.5979755714131415
mid,1.3,587,0.42929757518512746
mid,1.3,588,-0.016994373239419887
mid,1.3,589,0.7406525015074877
mid,1.3,590,0.4601008229634779
mid,1.3,591,0.35637448963823387
mid,1.3,592,0.3482140739954694
mid,1.3,593,0.42111023878185794
mid,1.3,594,0.31642780731156644
mid,1.3,595,0.41285196284336695
mid,1.3,596,0.07411842861215119
mid,1.3,597,0.3665945249497456
mid,1.3,598,0.36441281693364824
mid,1.3,599,0.3251238382661614
mid,1.3,600,0.3704018216439238
mid,1.3,601,0.479353114426184
mid,1.3,602,0.2808856451905248
mid,1.3,603,0.11355066681340531
mid,1.3,604,0.49582093206451017
mid,1.3,605,0.4542749901985497
mid,1.3,606,0.0703594849731232
mid,1.3,607,0.16484759888811093
mid,1.3,608,0.6947924191814367
mid,1.3,609,0.2611497028498246
mid,1.3,610,0.21029594335139182
mid,1.3,611,0.9042105056415725
mid,1.3,612,0.47654393087996777
mid,1.3,613,0.5297216785737225
mid,1.3,614,0.6358346501782022
mid,1.3,615,0.5931911947032872
mid,1.3,616,0.20638211056690248
mid,1.3,617,0.5303842956571634
mid,1.3,618,-0.025042166087455478
mid,1.3,619,0.508344131016511
mid,1.3,620,0.5171760901234949
mid,1.3,621,0.4391547717425011
mid,1.3,622,-0.18284144775038202
mid,1.3,623,0.4630422456360086
mid,1.3,624,0.2895876316227889
mid,1.3,625,0.46688838797451543
mid,1.3,626,0.28682484022770993
mid,1.3,627,0.48194767620603657
mid,1.3,628,0.5469941313197197
mid,1.3,629,-0.020693965128595324
mid,1.3,630,0.2237614652072332
mid,1.3,631,0.41501440361774833
mid,1.3,632,0.39233326198246327
mid,1.3,633,0.4651681765780152
mid,1.3,634,0.4591939070597411
mid,1.3,635,0.13264800400586568
mid,1.3,636,0.5757700818365231
mid,1.3,637,0.22529795385733903
mid,1.3,638,0.3266183872440572
mid,1.3,639,0.4733967679566253
mid,1.3,640,0.82700459353863
mid,1.3,641,0.387587867351708
mid,1.3,642,0.47571879452802707
mid,1.3,643,0.6663017844389061
mid,1.3,644,0.16202134488103115
mid,1.3,645,0.2750055887308072
mid,1.3,646,-0.21009074171973968
mid,1.3,647,0.2176876949888918
mid,1.3,648,0.12779971949167296
mid,1.3,649,-0.2527800173626054
mid,1.3,650,0.3519005944762537
mid,1.3,651,0.35939076549651067
mid,1.3,652,0.5750569809167779
mid,1.3,653,0.6109491558283289
mid,1.3,654,0.49771698358141764
mid,1.3,655,0.46936315696937125
mid,1.3,656,0.2642030492438466
mid,1.3,657,0.29934540112110775
mid,1.3,658,0.6621573921980316
mid,1.3,659,0.022480401915353637
mid,1.3,660,0.7534947706301147
mid,1.3,661,0.14320033137550459
mid,1.3,662,0.4667346689652907
mid,1.3,663,0.5234295199625171
mid,1.3,664,0.481324094335326
mid,1.3,665,-0.08804883444657122
mid,1.3,666,0.5134869685014317
mid,1.3,667,0.3707727287087536
mid,1.3,668,0.15808257283232283
mid,1.3,669,0.1078635479063683
mid,1.3,670,0.3434189053141237
mid,1.3,671,0.42373357460547467
mid,1.3,672,0.49642346068165827
mid,1.3,673,0.4398305527621696
mid,1.3,674,0.26836798404356454
mid,1.3,675,0.33582957551455156
mid,1.3,676,0.29556811574939035
mid,1.3,677,0.2179683327118994
mid,1.3,678,0.15753291636919098
mid,1.3,679,0.6334966092227489
mid,1.3,680,1.1554232142679073
mid,1.3,681,0.5832448783649319
mid,1.3,682,0.26922339881719803
mid,1.3,683,0.1771064785583419
mid,1.3,684,4.905948344833159e-05
mid,1.3,685,0.3124652247585407
mid,1.3,686,0.5425092922792236
mid,1.3,687,0.9336951422739538
mid,1.3,688,0.11567554063048253
mid,1.3,689,0.20131050617194016
mid,1.3,690,-0.004378679752043442
mid,1.3,691,-0.13785433469884362
mid,1.3,692,0.4703138396648016
mid,1.3,693,0.6036399142035017
mid,1.3,694,0.39441451428513075
mid,1.3,695,0.4855735940043483
mid,1.3,696,0.1920009611639932
mid,1.3,697,0.23119822990797442
mid,1.3,698,0.35359389843074873
mid,1.3,699,0.4511743944024598
mid,1.3,700,0.4471460425051006
mid,1.3,701,0.3552415820767512
mid,1.3,702,-0.10363810019302176
mid,1.3,703,0.2898856735999383
mid,1.3,704,0.48162562204155684
mid,1.3,705,0.2566404744017031
mid,1.3,706,0.40714129001909366
mid,1.3,707,0.25459097476349196
mid,1.3,708,-0.22802566541892128
mid,1.3,709,0.4518337176493384
mid,1.3,710,0.33659381951252443
mid,1.3,711,0.584701478336867
mid,1.3,712,0.23841795397217885
mid,1.3,713,0.5468304035749706
mid,1.3,714,0.5410887662223193
mid,1.3,715,0.2535677607033638
mid,1.3,716,0.8083622575707149
mid,1.3,717,0.3352303978437249
mid,1.3,718,0.046431014831184204
mid,1.3,719,0.14005197109198786
mid,1.3,720,0.24700912241738
mid,1.3,721,0.3471634575784834
mid,1.3,722,0.27506911405274115
mid,1.3,723,0.23180283190018097
mid,1.3,724,0.21997959673376868
mid,1.3,725,0.1556244564603953
mid,1.3,726,0.20863226808760488
mid,1.3,727,0.31318403370375913
mid,1.3,728,0.4165152861550731
mid,1.3,729,0.2066700388089014
mid,1.3,730,0.6398307101461893
mid,1.3,731,0.6248831660912927
mid,1.3,732,-0.025573378480758007
mid,1.3,733,0.34514005647347545
mid,1.3,734,0.543680689705361
mid,1.3,735,0.42606535502950116
mid,1.3,736,0.16959809300522685
mid,1.3,737,0.17284431886764476
mid,1.3,738,0.1545077064165635
mid,1.3,739,0.2049189179621489
mid,1.3,740,0.2878755358054584
mid,1.3,741,0.06986798333264849
mid,1.3,742,0.3307632163657182
mid,1.3,743,0.29030836734211896
mid,1.3,744,0.2373598341437915
mid,1.3,745,0.17617482629375494
mid,1.3,746,0.6384382018340324
mid,1.3,747,0.3721020448038232
mid,1.3,748,0.4307912752544398
mid,1.3,749,0.6184922430319494
mid,1.3,750,0.46679657262749497
mid,1.3,751,0.24372958749196452
mid,1.3,752,0.2901175037863581
mid,1.3,753,0.23726446034595142
mid,1.3,754,0.545118220461839
mid,1.3,755,0.5651003054357574
mid,1.3,756,0.4364477680050152
mid,1.3,757,0.37900971953662244
mid,1.3,758,0.5169083763791426
mid,1.3,759,0.704182372547011
mid,1.3,760,-0.1921682646597289
mid,1.3,761,0.4200460626126906
mid,1.3,762,-0.06838435064276602
mid,1.3,763,0.5199867727211136
mid,1.3,764,0.2845404544741535
mid,1.3,765,0.19482803013297118
mid,1.3,766,0.4554352656946029
mid,1.3,767,0.31121445504499645
mid,1.3,768,0.8387986959251557
mid,1.3,769,0.28909502375454527
mid,1.3,770,0.317110798247988
mid,1.3,771,0.39803572230677614
mid,1.3,772,0.28864416331474063
mid,1.3,773,0.2603727441742569
mid,1.3,774,0.43243219137367883
mid,1.3,775,0.3194507225698193
mid,1.3,776,-0.07773262385353516
mid,1.3,777,0.8076915672842829
mid,1.3,778,0.6746449458474206
mid,1.3,779,0.6978764855837917
mid,1.3,780,0.44136834701922034
mid,1.3,781,0.19133725039574068
mid,1.3,782,-0.04860797033979772
mid,1.3,783,0.769283285297205
mid,1.3,784,0.7706697144482588
mid,1.3,785,0.2049570386266488
mid,1.3,786,0.434139873992357
mid,1.3,787,0.43722057898571587
mid,1.3,788,0.30482562656318424
mid,1.3,789,0.2801979258474512
mid,1.3,790,0.4140418183910238
mid,1.3,791,0.20408520883457165
mid,1.3,792,0.5039735161055233
mid,1.3,793,0.4539435333881935
mid,1.3,794,0.22266451121739383
mid,1.3,795,0.47701245889534155
mid,1.3,796,0.4337138975784035
mid,1.3,797,0.3078159512288821
mid,1.3,798,0.8331250649919331
mid,1.3,799,0.3597775362156161
mid,1.3,800,0.45538794631842755
mid,1.3,801,-0.09118309873051227
mid,1.3,802,0.5217127479103737
mid,1.3,803,0.5130489568614663
mid,1.3,804,0.2806486231549954
mid,1.3,805,0.18480613459261655
mid,1.3,806,0.34945165643685444
mid,1.3,807,0.5093007028235251
mid,1.3,808,0.41519554704285455
mid,1.3,809,0.2063264220075279
mid,1.3,810,0.5389982118243253
mid,1.3,811,0.4047084353829432
mid,1.3,812,0.16090080239518753
mid,1.3,813,0.45266954231492773
mid,1.3,814,0.6727650572433924
mid,1.3,815,0.1315175500817635
mid,1.3,816,0.2732104138304202
mid,1.3,817,0.014322929127970745
mid,1.3,818,0.5434229276611077
mid,1.3,819,0.014712855458846187
mid,1.3,820,0.3389579203975698
mid,1.3,821,0.13505631822828823
mid,1.3,822,0.17940252414062305
mid,1.3,823,0.15965556384504334
mid,1.3,824,0.30389885204990424
mid,1.3,825,0.5240995055537375
mid,1.3,826,0.25437774857619977
mid,1.3,827,0.642375609303658
mid,1.3,828,0.15499887520974673
mid,1.3,829,1.0344863878509758
mid,1.3,830,-0.052711170897991336
mid,1.3,831,0.6038086893055694
mid,1.3,832,0.13595912983887706
mid,1.3,833,0.2078110776649114
mid,1.3,834,0.2309691291612042
mid,1.3,835,0.09605652245836571
mid,1.3,836,0.6017567897383246
mid,1.3,837,0.43721424485679466
mid,1.3,838,0.23697392141682663
mid,1.3,839,-0.020450124629074876
mid,1.3,840,0.2869918782296
mid,1.3,841,0.2534601828674774
mid,1.3,842,0.47506436360203314
mid,1.3,843,0.06892626900004321
mid,1.3,844,0.3527012530401711
mid,1.3,845,0.6069760443104166
mid,1.3,846,0.9538904527580219
mid,1.3,847,0.30556255459457776
mid,1.3,848,0.3284381570190754
mid,1.3,849,0.7528686404908822
mid,1.3,850,0.4400204105050049
mid,1.3,851,0.5337219252163165
mid,1.3,852,0.4205485331742938
mid,1.3,853,0.7212860568646162
mid,1.3,854,0.6083544147364489
mid,1.3,855,0.4004170297931659
mid,1.3,856,0.40550220275592874
mid,1.3,857,0.5800736098735055
mid,1.3,858,0.206677168832305
mid,1.3,859,0.47645213286364957
mid,1.3,860,0.5911126445532406
mid,1.3,861,0.4556021729395439
mid,1.3,862,0.35078120837105675
mid,1.3,863,0.6637156099636738
mid,1.3,864,0.2869690357778131
mid,1.3,865,0.5851317470557481
mid,1.3,866,0.5394319591126397
mid,1.3,867,0.4033920942954656
mid,1.3,868,0.22243590721534956
mid,1.3,869,0.46213566310407733
mid,1.3,870,0.5172002896080706
mid,1.3,871,0.43584977533350616
mid,1.3,872,0.2891244982499311
mid,1.3,873,0.23297995155531429
mid,1.3,874,0.24692888473017116
mid,1.3,875,0.27167327062068675
mid,1.3,876,0.5764494936299318
mid,1.3,877,0.3554007388773579
mid,1.3,878,-0.072328606715811
mid,1.3,879,0.19664190908144016
mid,1.3,880,0.02437533300894829
mid,1.3,881,0.3993262597127683
mid,1.3,882,1.0054711465702393
mid,1.3,883,0.059412791547034376
mid,1.3,884,0.7376610677833794
mid,1.3,885,0.6968996346975325
mid,1.3,886,-0.04713681545488804
mid,1.3,887,0.0358081029142859
mid,1.3,888,0.31157316824357556
mid,1.3,889,0.005461594118748131
mid,1.3,890,0.42077136881343935
mid,1.3,891,0.1739968260179492
mid,1.3,892,0.11050447179703903
mid,1.3,893,-0.24361705000651157
mid,1.3,894,0.49906836908452873
mid,1.3,895,0.15773482342338055
mid,1.3,896,1.0391610255160932
mid,1.3,897,0.7241681612046678
mid,1.3,898,0.36940772206680844
mid,1.3,899,0.4449427158081258
mid,1.3,900,0.5647510962650778
mid,1.3,901,-0.013255781480640416
mid,1.3,902,0.8275094248142724
mid,1.3,903,0.33605234188906713
mid,1.3,904,-0.22029287406077833
mid,1.3,905,0.367943102800838
mid,1.3,906,0.5455632530517512
mid,1.3,907,0.43872453005318834
mid,1.3,908,-0.1257193268304387
mid,1.3,909,0.6233496777758946
mid,1.3,910,0.6774485026308191
mid,1.3,911,0.3398519491796319
mid,1.3,912,0.1259742838544046
mid,1.3,913,0.5717258399461351
mid,1.3,914,0.17988057696576676
mid,1.3,915,0.04510482927233706
mid,1.3,916,0.2664659134674824
mid,1.3,917,0.5801051841118641
mid,1.3,918,0.22212368987955286
mid,1.3,919,-0.06398174897305363
mid,1.3,920,0.19570592639299286
mid,1.3,921,0.06343323124103747
mid,1.3,922,0.3544207426679801
mid,1.3,923,0.12863203743200088
mid,1.3,924,-0.1449157069795737
mid,1.3,925,0.23901435478270425
mid,1.3,926,0.06673982646455141
mid,1.3,927,0.17949282200810898
mid,1.3,928,0.31853944856626065
mid,1.3,929,0.35946160879155703
mid,1.3,930,0.32684863186832497
mid,1.3,931,0.367333239135368
mid,1.3,932,0.4399565443369787
mid,1.3,933,0.24785682197421405
mid,1.3,934,0.5338304806786722
mid,1.3,935,0.19611804913125436
mid,1.3,936,0.6751652702380271
mid,1.3,937,0.39509574078916276
mid,1.3,938,0.27540045384788875
mid,1.3,939,0.2774967342894059
mid,1.3,940,0.5097700165062568
mid,1.3,941,0.43790220443842587
mid,1.3,942,0.5134726133092294
mid,1.3,943,-0.14428779561741292
mid,1.3,944,0.24479331931520804
mid,1.3,945,0.05670950593078171
mid,1.3,946,0.21463259566266854
mid,1.3,947,0.6713595564632285
mid,1.3,948,0.46934338591540753
mid,1.3,949,0.08783992009861114
mid,1.3,950,0.2575262762139646
mid,1.3,951,0.69204439717717
mid,1.3,952,0.5027173619796016
mid,1.3,953,0.05111729462638038
mid,1.3,954,-0.10574143114782002
mid,1.3,955,0.3813266473992888
mid,1.3,956,0.07358201003037149
mid,1.3,957,0.48196407586790535
mid,1.3,958,0.3272501087011453
mid,1.3,959,0.5091084162721026
mid,1.3,960,0.26273848328312693
mid,1.3,961,0.6803152787542561
mid,1.3,962,0.1370938658171349
mid,1.3,963,-0.18172454791857634
mid,1.3,964,0.3650645033671298
mid,1.3,965,0.2549462276919686
mid,1.3,966,0.09502826573370313
mid,1.3,967,0.5098770110164043
mid,1.3,968,-0.17812988419738676
mid,1.3,969,0.38597844750197824
mid,1.3,970,0.3743500842631983
mid,1.3,971,0.8190597867603017
mid,1.3,972,0.5586927061989461
mid,1.3,973,0.6322441497649243
mid,1.3,974,0.609366247604185
mid,1.3,975,0.5514148754002378
mid,1.3,976,0.24275892521167647
mid,1.3,977,0.40492907771433956
mid,1.3,978,0.25985676695608756
mid,1.3,979,0.5504237806020745
mid,1.3,980,0.08855419988262712
mid,1.3,981,0.1924094411098507
mid,1.3,982,0.4244609947923995
mid,1.3,983,0.005862663762194314
mid,1.3,984,0.21216885394070362
mid,1.3,985,0.38430787508953657
mid,1.3,986,0.42742713920430897
mid,1.3,987,0.3902619681289719
mid,1.3,988,0.29002728323395294
mid,1.3,989,0.6358728308234026
mid,1.3,990,0.4516239131864983
mid,1.3,991,0.5245267571343818
mid,1.3,992,0.30341147508674343
mid,1.3,993,0.423263225057737
mid,1.3,994,0.2986906379183105
mid,1.3,995,0.20020389468311664
mid,1.3,996,0.6707757954536034
mid,1.3,997,0.48007410532681866
mid,1.3,998,0.5350372551790922
mid,1.3,999,0.6213004901027911
mid,1.3,1000,0.3479801861095907
mid,1.3,1001,-0.10753851177691039
mid,1.3,1002,0.2759727586381954
mid,1.3,1003,0.6390083224531155
mid,1.3,1004,-0.2843802104711277
mid,1.3,1005,0.5582237360805965
mid,1.3,1006,0.19075992094129987
mid,1.3,1007,0.21235788478800519
mid,1.3,1008,0.08075992431881031
mid,1.3,1009,0.5027086185954969
mid,1.3,1010,0.6454744552688418
mid,1.3,1011,0.5710027540048512
mid,1.3,1012,0.25230227493828566
mid,1.3,1013,0.6183303160537588
mid,1.3,1014,-0.14398422405759678
mid,1.3,1015,0.10667625663755158
mid,1.3,1016,0.4938776972213391
mid,1.3,1017,0.5206267708163234
mid,1.3,1018,0.530268617064988
mid,1.3,1019,0.4601400457658228
mid,1.3,1020,0.879722603079202
mid,1.3,1021,0.46772637548240037
mid,1.3,1022,-0.0696576092558338
mid,1.3,1023,0.2284317343138734
mid,1.3,1024,0.4641827802968917
mid,1.3,1025,0.7305687432024494
mid,1.3,1026,0.41130398804795715
mid,1.3,1027,0.7612192557687237
mid,1.3,1028,-0.15147336046742074
mid,1.3,1029,0.44995510859507665
mid,1.3,1030,0.3954155881703811
mid,1.3,1031,0.29507991142151396
mid,1.3,1032,0.19075570424335278
mid,1.3,1033,0.5503136022095829
mid,1.3,1034,0.29248441615256376
mid,1.3,1035,0.6934637862508641
mid,1.3,1036,0.09872170220768438
mid,1.3,1037,0.19490716060743823
mid,1.3,1038,0.3986644335410144
mid,1.3,1039,0.28126958742814895
mid,1.3,1040,-0.060282744748283726
mid,1.3,1041,0.4111620618651688
mid,1.3,1042,0.3826563896161327
mid,1.3,1043,0.18237255340400554
mid,1.3,1044,0.33755239130254183
mid,1.3,1045,0.3178364407182253
mid,1.3,1046,0.3324035628483654
mid,1.3,1047,0.07302665177961992
mid,1.3,1048,0.33990508155627536
mid,1.3,1049,0.24192209187883457
mid,1.3,1050,0.6276300108695931
mid,1.3,1051,0.5982495100896857
mid,1.3,1052,0.7225094442328359
mid,1.3,1053,0.45357042331153147
mid,1.3,1054,0.8575127031484372
mid,1.3,1055,0.5350289179686583
mid,1.3,1056,0.27469965587320927
mid,1.3,1057,0.26484371027972836
mid,1.3,1058,0.26329368922836205
mid,1.3,1059,0.4719722966449667
mid,1.3,1060,0.1964730482499061
mid,1.3,1061,0.6408488569022042
mid,1.3,1062,0.771214234608819
mid,1.3,1063,0.39755023112873167
mid,1.3,1064,0.3158621649439201
mid,1.3,1065,0.40541636322872193
mid,1.3,1066,0.5402312496714355
mid,1.3,1067,0.35933420875204114
mid,1.3,1068,-0.06422411493116538
mid,1.3,1069,0.07760541279129214
mid,1.3,1070,-0.08427512793053507
mid,1.3,1071,0.1669182431286369
mid,1.3,1072,0.4461119664651222
mid,1.3,1073,0.5931971392350409
mid,1.3,1074,-0.16344422789006505
mid,1.3,1075,0.2561610810167693
mid,1.3,1076,0.39564998722607947
mid,1.3,1077,0.8635817132760133
mid,1.3,1078,-0.058482523313640025
mid,1.3,1079,0.5141274684044576
mid,1.3,1080,0.08414411064198976
mid,1.3,1081,0.5870299021304134
mid,1.3,1082,0.15603907745086779
mid,1.3,1083,0.056807864720973995
mid,1.3,1084,0.4482458588468662
mid,1.3,1085,0.2231125118443272
mid,1.3,1086,-0.12933515813755506
mid,1.3,1087,0.4145875706559554
mid,1.3,1088,0.4766788792656465
mid,1.3,1089,0.7624641143209627
mid,1.3,1090,0.48025748159880444
mid,1.3,1091,0.8245596639458311
mid,1.3,1092,0.41666240328782106
mid,1.3,1093,0.11987700399072306
mid,1.3,1094,0.6271561375200374
mid,1.3,1095,-0.04440300111707993
mid,1.3,1096,-0.08584668223256586
mid,1.3,1097,0.7534216024056284
mid,1.3,1098,0.2543952785330433
mid,1.3,1099,0.26640232019391963
mid,1.3,1100,0.1654040484006542
mid,1.3,1101,0.6466639821143254
mid,1.3,1102,0.08145021259623762
mid,1.3,1103,0.7451045887278676
mid,1.3,1104,0.39128750193165135
mid,1.3,1105,0.31248236751831227
mid,1.3,1106,0.3385208867633103
mid,1.3,1107,0.2012605353299192
mid,1.3,1108,0.13855892378508405
mid,1.3,1109,0.5573315558308035
mid,1.3,1110,0.42967479078590265
mid,1.3,1111,0.5017569447921566
mid,1.3,1112,0.34133027603548627
mid,1.3,1113,0.2048666935570574
mid,1.3,1114,0.12243618672453323
mid,1.3,1115,0.4005668132339175
mid,1.3,1116,0.33559466493861906
mid,1.3,1117,0.16828609564541594
mid,1.3,1118,0.2884095363539536
mid,1.3,1119,0.5259692419173388
mid,1.3,1120,0.6657379403869166
mid,1.3,1121,0.22304594691030566
mid,1.3,1122,0.1253337658815249
mid,1.3,1123,0.4300428030280064
mid,1.3,1124,0.2642507948549551
mid,1.3,1125,0.5983282047447422
mid,1.3,1126,-0.13372018412925218
mid,1.3,1127,0.4747194112336894
mid,1.3,1128,0.8135910560566246
mid,1.3,1129,0.2459057528930311
mid,1.3,1130,0.5556276782834358
mid,1.3,1131,0.4404187810431097
mid,1.3,1132,0.32747784787936585
mid,1.3,1133,0.7425933725860572
mid,1.3,1134,0.3512755867641615
mid,1.3,1135,0.7995661823548517
mid,1.3,1136,0.44500942533562454
mid,1.3,1137,0.13607996655442356
mid,1.3,1138,0.2959527567650347
mid,1.3,1139,0.5200967214072612
mid,1.3,1140,0.10008452745545691
mid,1.3,1141,0.612131479479091
mid,1.3,1142,0.21829007986180307
mid,1.3,1143,0.3336116721736892
mid,1.3,1144,-0.3318076704134608
mid,1.3,1145,0.724302817487065
mid,1.3,1146,0.540483840390631
mid,1.3,1147,0.24512027044968654
mid,1.3,1148,0.19148120176079966
mid,1.3,1149,0.4639369609883003
mid,1.3,1150,0.23482728231476235
mid,1.3,1151,0.3180992336786105
mid,1.3,1152,0.27749228919316227
mid,1.3,1153,0.20013033455350374
mid,1.3,1154,0.27920676872778194
mid,1.3,1155,0.1381803237951939
mid,1.3,1156,-0.16761324287448884
mid,1.3,1157,0.658056548384018
mid,1.3,1158,0.49528125076305995
mid,1.3,1159,0.48501168262660144
mid,1.3,1160,0.1996636925883306
mid,1.3,1161,0.2812482979739968
mid,1.3,1162,0.7372677982681642
mid,1.3,1163,0.06553619399709354
mid,1.3,1164,0.15301458964961814
mid,1.3,1165,0.4797818008287825
mid,1.3,1166,0.26178009415774095
mid,1.3,1167,0.49094594299028066
mid,1.3,1168,0.25210483146257834
mid,1.3,1169,0.4993340679419173
mid,1.3,1170,0.3318283696499559
mid,1.3,1171,0.13259208524590393
mid,1.3,1172,0.29257320909599294
mid,1.3,1173,0.1787665514561753
mid,1.3,1174,0.37562063734376866
mid,1.3,1175,0.12557281008483814
mid,1.3,1176,0.3394257704250227
mid,1.3,1177,0.5567412436016779
mid,1.3,1178,0.4465670078130354
mid,1.3,1179,0.39999702530066056
mid,1.3,1180,0.1875963899667824
mid,1.3,1181,0.3684672564767986
mid,1.3,1182,0.7356404893614914
mid,1.3,1183,0.4101020737915197
mid,1.3,1184,0.5401155409224369
mid,1.3,1185,0.2994588921444869
mid,1.3,1186,0.30452594069010536
mid,1.3,1187,0.3960508413580567
mid,1.3,1188,0.26415888644305124
mid,1.3,1189,0.4726331515278955
mid,1.3,1190,0.455498543642466
mid,1.3,1191,-0.02678165765891209
mid,1.3,1192,0.4613501793019506
mid,1.3,1193,0.2325673957529603
mid,1.3,1194,0.4040948463501001
mid,1.3,1195,0.5286825219923644
mid,1.3,1196,0.6453026413157587
mid,1.3,1197,0.657212021598498
mid,1.3,1198,0.8865376239372633
mid,1.3,1199,0.3368601020714431
mid,1.3,1200,0.1462942896871379
mid,1.3,1201,0.04744247206610363
mid,1.3,1202,0.5215115446807131
mid,1.3,1203,0.13244687065370125
mid,1.3,1204,0.38114400385506514
mid,1.3,1205,0.7122097202474982
mid,1.3,1206,0.0800526957437974
mid,1.3,1207,0.4349964968200067
mid,1.3,1208,-0.03034110586678777
mid,1.3,1209,0.5390327872778641
mid,1.3,1210,0.14660693906907904
mid,1.3,1211,-0.2353533893461121
mid,1.3,1212,0.20735866431061378
mid,1.3,1213,1.0703699775070374
mid,1.3,1214,-0.027766351769623387
mid,1.3,1215,0.03487868422668261
mid,1.3,1216,0.020340633650548015
mid,1.3,1217,0.36343222101160566
mid,1.3,1218,0.43156078559424504
mid,1.3,1219,0.3010565149140124
mid,1.3,1220,0.8273126054222895
mid,1.3,1221,0.34004186709105516
mid,1.3,1222,0.3922300311031753
mid,1.3,1223,0.5198537697611387
mid,1.3,1224,0.4366097285955581
mid,1.3,1225,0.34877048649832143
mid,1.3,1226,0.33000805316957754
mid,1.3,1227,0.10783926450113003
mid,1.3,1228,0.33669478598978897
mid,1.3,1229,0.4678289706469012
mid,1.3,1230,0.358625038053678
mid,1.3,1231,0.3205609791331431
mid,1.3,1232,0.13571101308112773
mid,1.3,1233,0.52430797627127
mid,1.3,1234,0.33182303781919836
mid,1.3,1235,0.39470453081081636
mid,1.3,1236,0.3896726458545792
mid,1.3,1237,0.6079668053677397
mid,1.3,1238,0.45180442156444994
mid,1.3,1239,0.5475387301159866
mid,1.3,1240,0.38131266122537977
mid,1.3,1241,0.24457723919136068
mid,1.3,1242,0.47673882596818934
mid,1.3,1243,0.2373760222889076
mid,1.3,1244,0.6360272300465163
mid,1.3,1245,0.5937559942873281
mid,1.3,1246,0.5983685608725113
mid,1.3,1247,0.50262525987293
mid,1.3,1248,0.41312811066414806
mid,1.3,1249,0.14136011921876487
mid,1.3,1250,0.38182084931527704
mid,1.3,1251,0.2613223696656136
mid,1.3,1252,0.45433431719982814
mid,1.3,1253,0.3261452544261738
mid,1.3,1254,0.30022338565051687
mid,1.3,1255,0.4048350230617377
mid,1.3,1256,0.06516561574581418
mid,1.3,1257,0.3808527132126352
mid,1.3,1258,0.4314632082617179
mid,1.3,1259,0.17883163790006737
mid,1.3,1260,0.5514013825134791
mid,1.3,1261,0.06579939926347948
mid,1.3,1262,0.17786684670445457
mid,1.3,1263,-0.18920336810618102
mid,1.3,1264,0.3531401170559824
mid,1.3,1265,0.16386180129756134
mid,1.3,1266,0.07439242753409997
mid,1.3,1267,0.4237336950350118
mid,1.3,1268,0.5432925838809177
mid,1.3,1269,-0.2186973298170279
mid,1.3,1270,0.5699551342573894
mid,1.3,1271,0.45725768180142534
mid,1.3,1272,0.30552250890445376
mid,1.3,1273,0.19677613743043526
mid,1.3,1274,0.11489555670661332
mid,1.3,1275,0.5455696223761071
mid,1.3,1276,0.2559389240270902
mid,1.3,1277,0.7725604341215123
mid,1.3,1278,0.5178761545416442
mid,1.3,1279,0.6650675151183609
mid,1.3,1280,0.2510842559245235
mid,1.3,1281,0.23847323113743576
mid,1.3,1282,0.22641276401859367
mid,1.3,1283,0.4287048898925595
mid,1.3,1284,0.13239809878854722
mid,1.3,1285,0.6598368493080848
mid,1.3,1286,0.29934634646673586
mid,1.3,1287,0.8349959385037505
mid,1.3,1288,0.34964244891303825
mid,1.3,1289,0.14466034533123828
mid,1.3,1290,0.008486708606515578
mid,1.3,1291,0.27175154767793674
mid,1.3,1292,-0.30971833236605883
mid,1.3,1293,0.5721245074665825
mid,1.3,1294,0.08362929286446498
mid,1.3,1295,-0.08485699511422372
mid,1.3,1296,0.5411594771780145
mid,1.3,1297,0.19899259310511674
mid,1.3,1298,0.36747343704317376
mid,1.3,1299,0.29946266724209025
mid,1.3,1300,0.868920511779179
mid,1.3,1301,0.0775153219805106
mid,1.3,1302,0.43944051180282806
mid,1.3,1303,0.3865701771642221
mid,1.3,1304,0.3154740754167951
mid,1.3,1305,0.17190463244880724
mid,1.3,1306,0.17535848942909738
mid,1.3,1307,0.5890343548331689
mid,1.3,1308,0.559028171128433
mid,1.3,1309,0.3867981548387879
mid,1.3,1310,0.01787290347813212
mid,1.3,1311,0.3255454930762904
mid,1.3,1312,0.3466063133022987
mid,1.3,1313,0.4100444219556431
mid,1.3,1314,0.6580550258558869
mid,1.3,1315,0.9498190659457698
mid,1.3,1316,-0.13480582989605736
mid,1.3,1317,0.5332613297698484
mid,1.3,1318,-0.07749856585037618
mid,1.3,1319,0.2715961432216038
mid,1.3,1320,0.16418104893663024
mid,1.3,1321,0.11392950006986656
mid,1.3,1322,0.3392382133976159
mid,1.3,1323,0.5456909690515943
mid,1.3,1324,0.4028161598859603
mid,1.3,1325,-0.046172389112597856
mid,1.3,1326,-0.02458021466195426
mid,1.3,1327,0.7971387254148243
mid,1.3,1328,0.12275262691357824
mid,1.3,1329,0.20667997515305958
mid,1.3,1330,0.4859098660935691
mid,1.3,1331,0.6109453367692095
mid,1.3,1332,0.44334234959906316
mid,1.3,1333,0.3759067126017717
mid,1.3,1334,0.5505380304365554
mid,1.3,1335,0.4272203041373219
mid,1.3,1336,-0.0629647130056948
mid,1.3,1337,0.2859133621798741
mid,1.3,1338,0.26223166521924
mid,1.3,1339,0.24476530019784168
mid,1.3,1340,0.32718187787534814
mid,1.3,1341,0.26248316497115254
mid,1.3,1342,0.519993011734043
mid,1.3,1343,-0.05986196157590308
mid,1.3,1344,0.6413872134079748
mid,1.3,1345,0.5559305711884308
mid,1.3,1346,0.8353218912222138
mid,1.3,1347,0.34815369834719545
mid,1.3,1348,0.40912689017311343
mid,1.3,1349,0.12339836108743694
mid,1.3,1350,0.2958771537576898
mid,1.3,1351,0.10688436882279902
mid,1.3,1352,0.22467313208395437
mid,1.3,1353,0.6225087448751401
mid,1.3,1354,0.7120954584314295
mid,1.3,1355,0.44765746414071544
mid,1.3,1356,0.2794897720716589
mid,1.3,1357,0.8128793754764904
mid,1.3,1358,0.5766359165084657
mid,1.3,1359,0.1616620986713665
mid,1.3,1360,0.34107739860695513
mid,1.3,1361,0.06687660757129574
mid,1.3,1362,0.3078365512832576
mid,1.3,1363,0.44137652272816574
mid,1.3,1364,0.19286756623709567
mid,1.3,1365,0.2539190067778805
mid,1.3,1366,0.4492122586780436
mid,1.3,1367,0.2825770698492382
mid,1.3,1368,0.8078450441973946
mid,1.3,1369,0.7372516672341298
mid,1.3,1370,0.35944586842464504
mid,1.3,1371,0.7670296500542338
mid,1.3,1372,0.9626268314712765
mid,1.3,1373,0.8143296628507664
mid,1.3,1374,0.10231130256758561
mid,1.3,1375,-0.003798066814775711
mid,1.3,1376,0.3434517237538592
mid,1.3,1377,0.0259510661147627
mid,1.3,1378,0.5171762976849948
mid,1.3,1379,0.45740076784644124
mid,1.3,1380,0.37131035856035943
mid,1.3,1381,0.08871044170286489
mid,1.3,1382,0.6776497938457511
mid,1.3,1383,0.20873414039404578
mid,1.3,1384,0.5080193377586396
mid,1.3,1385,0.5483033879427422
mid,1.3,1386,0.548735642016822
mid,1.3,1387,0.2427686026716807
mid,1.3,1388,0.6095436906986712
mid,1.3,1389,-0.011062510209886064
mid,1.3,1390,0.4906762505043549
mid,1.3,1391,0.4811500169968133
mid,1.3,1392,0.49712545908409045
mid,1.3,1393,0.27463077561968524
mid,1.3,1394,0.004244934351036525
mid,1.3,1395,0.571655319460451
mid,1.3,1396,0.45241941156462606
mid,1.3,1397,0.31563818610480593
mid,1.3,1398,-0.04209063599080542
mid,1.3,1399,0.0020823505713195444
mid,1.3,1400,0.6135438468193939
mid,1.3,1401,0.22405528077537468
mid,1.3,1402,0.29624018139781017
mid,1.3,1403,0.23330083485059042
mid,1.3,1404,0.058318212649552954
mid,1.3,1405,0.7455141235437995
mid,1.3,1406,0.8163883831812925
mid,1.3,1407,0.44046349533191465
mid,1.3,1408,0.6708645377786933
mid,1.3,1409,0.2837920121764563
mid,1.3,1410,0.25214721092802195
mid,1.3,1411,0.03871215095724909
mid,1.3,1412,0.27689546205133453
mid,1.3,1413,0.1306782708275869
mid,1.3,1414,0.2726703175258221
mid,1.3,1415,0.004731882873755774
mid,1.3,1416,0.7360629949288185
mid,1.3,1417,0.20694066704835137
mid,1.3,1418,0.5463378342582582
mid,1.3,1419,0.5230472115450616
mid,1.3,1420,0.3741292247620988
mid,1.3,1421,0.15367843864968295
mid,1.3,1422,0.48594980471615756
mid,1.3,1423,0.46892285755744945
mid,1.3,1424,0.20666973946063347
mid,1.3,1425,0.4588512267421395
mid,1.3,1426,0.1215447368790787
mid,1.3,1427,0.7098554671044702
mid,1.3,1428,0.3275778742252583
mid,1.3,1429,0.2743199312369851
mid,1.3,1430,0.19254962878106557
mid,1.3,1431,0.4206790152619055
mid,1.3,1432,0.08303856143051806
mid,1.3,1433,0.863531006790226
mid,1.3,1434,0.06283884922790396
mid,1.3,1435,0.6490710786213135
mid,1.3,1436,0.37732801808302946
mid,1.3,1437,0.025068380457962624
mid,1.3,1438,0.1815577033198636
mid,1.3,1439,0.24531322711536765
mid,1.3,1440,0.35978882660721256
mid,1.3,1441,0.7527009162489928
mid,1.3,1442,0.4081203053435801
mid,1.3,1443,0.6430024766925279
mid,1.3,1444,0.04252588989404649
mid,1.3,1445,0.11770880002281293
mid,1.3,1446,0.7240672239838615
mid,1.3,1447,0.2865858669209277
mid,1.3,1448,0.39465367641690163
mid,1.3,1449,0.21332512248591276
mid,1.3,1450,0.44906319942180045
mid,1.3,1451,0.08160745723623199
mid,1.3,1452,0.39339249168286144
mid,1.3,1453,0.44193786812395797
mid,1.3,1454,0.5690759074247295
mid,1.3,1455,0.5263577555645463
mid,1.3,1456,0.17776243729824823
mid,1.3,1457,0.19071508708594995
mid,1.3,1458,0.10281868690746922
mid,1.3,1459,0.32659720578365087
mid,1.3,1460,0.25598408084523416
mid,1.3,1461,0.35315627662915905
mid,1.3,1462,0.6238359539953264
mid,1.3,1463,0.35214690530176324
mid,1.3,1464,0.31796369932661467
mid,1.3,1465,1.0290583102896231
mid,1.3,1466,-0.30578044498193185
mid,1.3,1467,0.2601624854290782
mid,1.3,1468,0.2933937521101086
mid,1.3,1469,0.627156350306169
mid,1.3,1470,0.26809782657376063
mid,1.3,1471,0.34287789853092154
mid,1.3,1472,0.519371046020708
mid,1.3,1473,0.3018182046122656
mid,1.3,1474,-0.2563905401343187
mid,1.3,1475,0.5025656510715195
mid,1.3,1476,0.6271419708384802
mid,1.3,1477,0.6891137337485584
mid,1.3,1478,0.6790616770458446
mid,1.3,1479,0.4949817727964545
mid,1.3,1480,0.470875586456877
mid,1.3,1481,0.2627622959405077
mid,1.3,1482,0.14542456543151414
mid,1.3,1483,0.6144833673100198
mid,1.3,1484,-0.10079643336876011
mid,1.3,1485,0.5713122234130684
mid,1.3,1486,0.15436803301344892
mid,1.3,1487,0.36084309043924767
mid,1.3,1488,0.46570572858330583
mid,1.3,1489,0.4940320270051205
mid,1.3,1490,0.2096409402300484
mid,1.3,1491,0.4741003746955638
mid,1.3,1492,0.12016460856679123
mid,1.3,1493,0.4126733895750733
mid,1.3,1494,0.4638164271767243
mid,1.3,1495,0.6615247222343987
mid,1.3,1496,0.6606604715147365
mid,1.3,1497,-0.034341660290101675
mid,1.3,1498,0.06831724780552277
mid,1.3,1499,-0.09824473105228654
mid,1.3,1500,0.7399534022171864
mid,1.3,1501,0.357350358847311
mid,1.3,1502,0.8670837848887087
mid,1.3,1503,0.6578991815026383
mid,1.3,1504,0.3300872110546917
mid,1.3,1505,0.3803830151750173
mid,1.3,1506,0.4842609229669604
mid,1.3,1507,0.4085443104901939
mid,1.3,1508,0.3199471612103518
mid,1.3,1509,0.3318134075036215
mid,1.3,1510,0.17512408328333923
mid,1.3,1511,0.24187901087216715
mid,1.3,1512,0.3551107961493386
mid,1.3,1513,0.3065519829575095
mid,1.3,1514,0.47402443885772
mid,1.3,1515,0.007832369934232324
mid,1.3,1516,0.3423650223738699
mid,1.3,1517,0.28629931116281
mid,1.3,1518,0.1775246538637133
mid,1.3,1519,0.5884993135117541
mid,1.3,1520,0.5989501941126351
mid,1.3,1521,0.20421918978891365
mid,1.3,1522,0.2886094345254297
mid,1.3,1523,0.33290480726271865
mid,1.3,1524,0.2544455589935286
mid,1.3,1525,0.629873827720923
mid,1.3,1526,0.6541578719167254
mid,1.3,1527,0.03925912692163757
mid,1.3,1528,0.3039484701627321
mid,1.3,1529,0.6070985096151579
mid,1.3,1530,0.44376107946589893
mid,1.3,1531,0.7150637429414993
mid,1.3,1532,0.4515078221616293
mid,1.3,1533,0.5038494840757188
mid,1.3,1534,0.16767351340992803
mid,1.3,1535,0.098926442445955
mid,1.3,1536,0.4105888576385052
mid,1.3,1537,0.26081096576473556
mid,1.3,1538,0.5105827306723213
mid,1.3,1539,0.1379300229249532
mid,1.3,1540,0.47130844201845157
mid,1.3,1541,-0.12514447409319177
mid,1.3,1542,0.14887339881970008
mid,1.3,1543,-0.12254115006252002
mid,1.3,1544,0.7157744312070791
mid,1.3,1545,0.23793326052147457
mid,1.3,1546,0.2531820040099344
mid,1.3,1547,0.3603620246017842
mid,1.3,1548,0.41475597377089995
mid,1.3,1549,0.2750696063537158
mid,1.3,1550,0.1757210483618422
mid,1.3,1551,0.45593710013004596
mid,1.3,1552,0.24881188636982252
mid,1.3,1553,0.20057729263652643
mid,1.3,1554,0.26646738874728393
mid,1.3,1555,-0.18401316939259765
mid,1.3,1556,0.17210516103674792
mid,1.3,1557,0.2961884851261199
mid,1.3,1558,0.6292409994848466
mid,1.3,1559,0.01277120780962712
mid,1.3,1560,0.04468751837479024
mid,1.3,1561,0.376253845874167
mid,1.3,1562,0.3152061129323658
mid,1.3,1563,0.15018637411604194
mid,1.3,1564,0.7811961348218837
mid,1.3,1565,0.35588139361729615
mid,1.3,1566,0.44258443176536105
mid,1.3,1567,0.8374819660011819
mid,1.3,1568,0.2129921707933993
mid,1.3,1569,0.46802582151629024
mid,1.3,1570,0.5783398788327051
mid,1.3,1571,0.11995550196116653
mid,1.3,1572,0.21774521154335819
mid,1.3,1573,0.08278089950902454
mid,1.3,1574,0.1989070130325817
mid,1.3,1575,0.30166742237912886
mid,1.3,1576,0.692054718375284
mid,1.3,1577,0.5157606647081379
mid,1.3,1578,0.05850157913111686
mid,1.3,1579,0.42634198940436413
mid,1.3,1580,0.2603258171363524
mid,1.3,1581,0.2442294132805488
mid,1.3,1582,0.6351148520109358
mid,1.3,1583,0.041626309204061
mid,1.3,1584,0.21087909531799642
mid,1.3,1585,0.29488727091412076
mid,1.3,1586,0.5007319901912428
mid,1.3,1587,0.27437560014583234
mid,1.3,1588,0.3170352294743191
mid,1.3,1589,0.40206935792675197
mid,1.3,1590,0.19995219449969023
mid,1.3,1591,0.2995040600350326
mid,1.3,1592,0.21880776817209058
mid,1.3,1593,0.6351384220872867
mid,1.3,1594,0.30128576521111383
mid,1.3,1595,0.9680082663874814
mid,1.3,1596,0.46140764032413223
mid,1.3,1597,0.34224895261727256
mid,1.3,1598,0.33803932227464484
mid,1.3,1599,0.3616921732292232
mid,1.3,1600,0.6016975499214047
mid,1.3,1601,0.3791916767151665
mid,1.3,1602,0.12524708278673785
mid,1.3,1603,0.26311735399632624
mid,1.3,1604,0.4496672627014144
mid,1.3,1605,-0.0614148810086556
mid,1.3,1606,0.5951684007910109
mid,1.3,1607,0.2642532060910755
mid,1.3,1608,0.6560949048353757
mid,1.3,1609,0.409227561531504
mid,1.3,1610,0.6414689520357888
mid,1.3,1611,0.15920149367909062
mid,1.3,1612,0.5338356229854033
mid,1.3,1613,0.22483252763622597
mid,1.3,1614,0.7962272492609143
mid,1.3,1615,0.5086814994877731
mid,1.3,1616,0.4106425315661766
mid,1.3,1617,0.10736253385125773
mid,1.3,1618,0.4869981663062308
mid,1.3,1619,0.6099336853984976
mid,1.3,1620,0.1857455074619545
mid,1.3,1621,0.4688076735805924
mid,1.3,1622,0.522044317792374
mid,1.3,1623,0.4547724222099075
mid,1.3,1624,0.5390856380394385
mid,1.3,1625,0.037361774539486636
mid,1.3,1626,-0.054517802736988766
mid,1.3,1627,0.2925972847042562
mid,1.3,1628,0.616162448056092
mid,1.3,1629,0.3920300856880739
mid,1.3,1630,0.1987336272324719
mid,1.3,1631,0.3147052478263739
mid,1.3,1632,0.12663546689914199
mid,1.3,1633,0.5536934621724997
mid,1.3,1634,0.25192843992716674
mid,1.3,1635,0.15394140652957405
mid,1.3,1636,0.08630717682209393
mid,1.3,1637,0.2271432464160882
mid,1.3,1638,0.8617123798539275
mid,1.3,1639,0.3899934270202314
mid,1.3,1640,0.6195929898428773
mid,1.3,1641,0.31202724511228613
mid,1.3,1642,0.4798401919921436
mid,1.3,1643,0.2556691694548262
mid,1.3,1644,0.22864165087328586
mid,1.3,1645,0.2800757165800385
mid,1.3,1646,0.35266848229732783
mid,1.3,1647,0.40303578552129654
mid,1.3,1648,0.38904814605619104
mid,1.3,1649,0.19605392826797977
mid,1.3,1650,0.4395142034847527
mid,1.3,1651,0.3700422831311827
mid,1.3,1652,0.631062928030404
mid,1.3,1653,0.13094977023988444
mid,1.3,1654,0.04412086636078872
mid,1.3,1655,0.397863197054028
mid,1.3,1656,0.38169360112252076
mid,1.3,1657,0.3141974416620217
mid,1.3,1658,0.3463705194525968
mid,1.3,1659,0.6897117890234872
mid,1.3,1660,0.3350335281138805
mid,1.3,1661,0.13346466272885243
mid,1.3,1662,0.5754653998180395
mid,1.3,1663,0.2765097969111903
mid,1.3,1664,0.2881068979286255
mid,1.3,1665,0.4741581996353785
mid,1.3,1666,0.01262985350570158
mid,1.3,1667,0.5041798203602903
mid,1.3,1668,0.7844213341839373
mid,1.3,1669,0.36817658534894887
mid,1.3,1670,0.5111174261924254
mid,1.3,1671,0.41234913613368646
mid,1.3,1672,0.3969895031195832
mid,1.3,1673,0.5930806337471317
mid,1.3,1674,0.1550300351054479
mid,1.3,1675,0.5198881449127001
mid,1.3,1676,0.5005745148486468
mid,1.3,1677,-0.1278882435269752
mid,1.3,1678,0.2921069259302478
mid,1.3,1679,0.08446061309553751
mid,1.3,1680,0.8356106560078134
mid,1.3,1681,0.376361565508791
mid,1.3,1682,0.7047482391254961
mid,1.3,1683,0.0018847679832909021
mid,1.3,1684,0.08588373342932487
mid,1.3,1685,0.3306940646087288
mid,1.3,1686,0.625787042319745
mid,1.3,1687,0.061073601550772974
mid,1.3,1688,0.4481142597771195
mid,1.3,1689,0.48185475276363243
mid,1.3,1690,0.271214902922914
mid,1.3,1691,0.5777264650282403
mid,1.3,1692,0.6327303877321069
mid,1.3,1693,0.21547566461003015
mid,1.3,1694,0.25264602649156287
mid,1.3,1695,0.14930302460331063
mid,1.3,1696,0.2911565779239636
mid,1.3,1697,0.38912152378894366
mid,1.3,1698,0.34969023721593845
mid,1.3,1699,0.69475685109119
mid,1.3,1700,0.7161202640613048
mid,1.3,1701,0.7537972604309444
mid,1.3,1702,0.14570507467635985
mid,1.3,1703,0.4478717526689408
mid,1.3,1704,0.1997429494300981
mid,1.3,1705,0.5670558363711636
mid,1.3,1706,0.011621730522316256
mid,1.3,1707,-0.022203481201381232
mid,1.3,1708,-0.1122994814957565
mid,1.3,1709,0.20388268811007443
mid,1.3,1710,0.8606887665023997
mid,1.3,1711,0.3439829260182634
mid,1.3,1712,0.036635755965965563
mid,1.3,1713,0.22246511123052967
mid,1.3,1714,-0.14824496713628743
mid,1.3,1715,0.3606136460361169
mid,1.3,1716,0.13862168363649838
mid,1.3,1717,0.1999585106535238
mid,1.3,1718,0.1794566579651153
mid,1.3,1719,0.20039894929666144
mid,1.3,1720,0.023131195068310614
mid,1.3,1721,-0.0032782414960374397
mid,1.3,1722,0.14795491524708257
mid,1.3,1723,0.2866619404953916
mid,1.3,1724,0.6644114559106411
mid,1.3,1725,0.2559324881503521
mid,1.3,1726,0.4862639662600515
mid,1.3,1727,-0.14514194810263373
mid,1.3,1728,0.07147102636260073
mid,1.3,1729,0.44959619601296846
mid,1.3,1730,0.5502528296695922
mid,1.3,1731,0.6681496284233319
mid,1.3,1732,0.161223873613913
mid,1.3,1733,0.09011106551638924
mid,1.3,1734,0.22914855235231962
mid,1.3,1735,0.22862834966667311
mid,1.3,1736,0.39882071511802697
mid,1.3,1737,0.515966266401794
mid,1.3,1738,0.1976079599547445
mid,1.3,1739,0.2608829943519511
mid,1.3,1740,0.5258203400312452
mid,1.3,1741,0.24968741494520252
mid,1.3,1742,0.5183728253727079
mid,1.3,1743,0.3087938642295762
mid,1.3,1744,0.7410807558732855
mid,1.3,1745,0.36795801693424957
mid,1.3,1746,0.5895551325760763
mid,1.3,1747,0.45461515864320357
mid,1.3,1748,0.3602453083277852
mid,1.3,1749,0.4329297963611384
mid,1.3,1750,0.4006112952507529
mid,1.3,1751,0.5366039486563143
mid,1.3,1752,0.7384088598817113
mid,1.3,1753,0.33047112127469785
mid,1.3,1754,0.11058830283496338
mid,1.3,1755,0.41511525753844336
mid,1.3,1756,0.3327905123494707
mid,1.3,1757,0.5593123365077592
mid,1.3,1758,0.2842127683165579
mid,1.3,1759,0.5945859504744027
mid,1.3,1760,-0.19189961671274106
mid,1.3,1761,0.5448743322958923
mid,1.3,1762,0.47723243923832404
mid,1.3,1763,0.03730816475385793
mid,1.3,1764,0.3875257797287086
mid,1.3,1765,0.4255850344550574
mid,1.3,1766,-0.11282987095136789
mid,1.3,1767,0.25305976949506154
mid,1.3,1768,0.16187792217350486
mid,1.3,1769,0.17490748354515295
mid,1.3,1770,0.6468194420325046
mid,1.3,1771,0.10574369641589042
mid,1.3,1772,0.18019317123685616
mid,1.3,1773,-0.08890538222764634
mid,1.3,1774,-0.040281047128679595
mid,1.3,1775,0.318457691624514
mid,1.3,1776,0.39296012115649753
mid,1.3,1777,0.48663735432636274
mid,1.3,1778,0.5437731520546876
mid,1.3,1779,0.014377029484296403
mid,1.3,1780,0.16759597587063502
mid,1.3,1781,0.2715701142990101
mid,1.3,1782,0.44554740836009576
mid,1.3,1783,0.27207963396190693
mid,1.3,1784,0.6841208940115922
mid,1.3,1785,0.4936306587085204
mid,1.3,1786,0.24063222773210569
mid,1.3,1787,0.16450709117942894
mid,1.3,1788,-0.16722189825540845
mid,1.3,1789,0.04996663272092031
mid,1.3,1790,0.35370090504225643
mid,1.3,1791,0.2640990748759017
mid,1.3,1792,0.32549764923706376
mid,1.3,1793,0.29981296141889624
mid,1.3,1794,0.1316989234997155
mid,1.3,1795,-0.11402050216666712
mid,1.3,1796,0.4634448572358912
mid,1.3,1797,0.26617807641936353
mid,1.3,1798,0.08160655910701003
mid,1.3,1799,0.21240241062376533
mid,1.3,1800,0.45889766250327224
mid,1.3,1801,0.1776018420107666
mid,1.3,1802,0.43261150262503245
mid,1.3,1803,0.2253403403998965
mid,1.3,1804,0.6897108461708391
mid,1.3,1805,0.24513757900607241
mid,1.3,1806,0.7695557260953533
mid,1.3,1807,0.4058099198419981
mid,1.3,1808,0.12101876553073965
mid,1.3,1809,0.3186252393372607
mid,1.3,1810,0.5682848774111658
mid,1.3,1811,0.33931550653626785
mid,1.3,1812,0.2616592349015663
mid,1.3,1813,0.16243331874276917
mid,1.3,1814,0.41060930682655655
mid,1.3,1815,0.09721061748717838
mid,1.3,1816,0.1994765059943519
mid,1.3,1817,0.5826628489493119
mid,1.3,1818,0.33537354922168194
mid,1.3,1819,0.5273513027328061
mid,1.3,1820,0.32070450940941214
mid,1.3,1821,0.25611711954020894
mid,1.3,1822,-0.08565444292186247
mid,1.3,1823,0.27040112794099597
mid,1.3,1824,0.13940995493182434
mid,1.3,1825,1.1142230047704305
mid,1.3,1826,0.5734448682169447
mid,1.3,1827,0.2755537526999592
mid,1.3,1828,0.19210566181140928
mid,1.3,1829,0.3698293638534757
mid,1.3,1830,0.15993148724717832
mid,1.3,1831,0.39940606892406494
mid,1.3,1832,0.5184813762777234
mid,1.3,1833,0.201057086006103
mid,1.3,1834,0.5988679804344132
mid,1.3,1835,0.27524088178517303
mid,1.3,1836,0.27639951359322223
mid,1.3,1837,0.01884098837628595
mid,1.3,1838,0.002451017964089086
mid,1.3,1839,0.03548247981216805
mid,1.3,1840,0.4915059293390019
mid,1.3,1841,0.9003761874644028
mid,1.3,1842,0.48837001111197126
mid,1.3,1843,0.437953082804153
mid,1.3,1844,0.3206855006231769
mid,1.3,1845,0.27199065810622064
mid,1.3,1846,0.683352511046985
mid,1.3,1847,0.6569412328898327
mid,1.3,1848,0.13582494544407858
mid,1.3,1849,0.035326140256179445
mid,1.3,1850,0.1272230501698963
mid,1.3,1851,0.028629111721288805
mid,1.3,1852,0.23784174093676586
mid,1.3,1853,0.13352007179773479
mid,1.3,1854,0.12288536881535125
mid,1.3,1855,0.8992364396426136
mid,1.3,1856,0.4882361752671052
mid,1.3,1857,0.4046284924858513
mid,1.3,1858,0.35759451586618707
mid,1.3,1859,-0.10177656128088153
mid,1.3,1860,0.42968600799774037
mid,1.3,1861,0.9185632930422223
mid,1.3,1862,0.8368372477401465
mid,1.3,1863,0.338456621150478
mid,1.3,1864,0.1877364028145892
mid,1.3,1865,0.24497214724757763
mid,1.3,1866,0.14689685645108988
mid,1.3,1867,0.4156265397434625
mid,1.3,1868,0.6108377212826163
mid,1.3,1869,0.4063180885963414
mid,1.3,1870,0.3946184017713284
mid,1.3,1871,0.30081199552962246
mid,1.3,1872,0.6504755700851665
mid,1.3,1873,0.35552478462819026
mid,1.3,1874,0.4933043451254498
mid,1.3,1875,0.674408402532896
mid,1.3,1876,0.36720355399097243
mid,1.3,1877,0.20848042066265454
mid,1.3,1878,0.23746757001895089
mid,1.3,1879,0.3734225173610734
mid,1.3,1880,0.44823342706859454
mid,1.3,1881,0.41130326892324703
mid,1.3,1882,-0.13881146180522794
mid,1.3,1883,0.12760487073709187
mid,1.3,1884,0.47418058463187013
mid,1.3,1885,0.4284178627683204
mid,1.3,1886,0.22188139892280398
mid,1.3,1887,0.23848390408797576
mid,1.3,1888,0.670823236830975
mid,1.3,1889,0.3301995688918168
mid,1.3,1890,0.412558389949178
mid,1.3,1891,0.053528713171019725
mid,1.3,1892,0.24795076713588626
mid,1.3,1893,0.6052121900600712
mid,1.3,1894,0.5625280651230228
mid,1.3,1895,0.24107682945860276
mid,1.3,1896,0.022503705508293743
mid,1.3,1897,0.29704498755295305
mid,1.3,1898,0.3157330337687035
mid,1.3,1899,0.2593647433868286
mid,1.3,1900,0.0932375806991422
mid,1.3,1901,0.12577761521440706
mid,1.3,1902,0.257164948085544
mid,1.3,1903,0.26137501729191936
mid,1.3,1904,0.031577722834218794
mid,1.3,1905,0.008092091355671422
mid,1.3,1906,0.041100737967481864
mid,1.3,1907,-0.11208823928648767
mid,1.3,1908,0.27801877141418596
mid,1.3,1909,0.5203332844819486
mid,1.3,1910,0.3117073900133493
mid,1.3,1911,0.10631872417945559
mid,1.3,1912,0.3481792130799488
mid,1.3,1913,0.7590969864536701
mid,1.3,1914,0.11435702928457377
mid,1.3,1915,0.15042525781413954
mid,1.3,1916,0.35728422978377933
mid,1.3,1917,0.3826569963050925
mid,1.3,1918,0.07521116832758121
mid,1.3,1919,-0.13116965213197518
mid,1.3,1920,0.3299665109420726
mid,1.3,1921,0.5445314710170593
mid,1.3,1922,0.6904982449868162
mid,1.3,1923,0.11526882117958338
mid,1.3,1924,0.24229747752998404
mid,1.3,1925,0.4013406653131073
mid,1.3,1926,0.3238697055320356
mid,1.3,1927,0.478443184576031
mid,1.3,1928,0.060249514400191356
mid,1.3,1929,0.09442358195949908
mid,1.3,1930,0.40420665575758397
mid,1.3,1931,0.42126967398126336
mid,1.3,1932,0.6205448719583052
mid,1.3,1933,0.4542510100777482
mid,1.3,1934,0.35507963671229154
mid,1.3,1935,0.5433645409518837
mid,1.3,1936,0.4823685275804839
mid,1.3,1937,0.38105792184324305
mid,1.3,1938,0.37461065999251936
mid,1.3,1939,0.06770678568003276
mid,1.3,1940,0.2744487747011587
mid,1.3,1941,0.9143327411903803
mid,1.3,1942,0.3446220102407057
mid,1.3,1943,0.471197430087577
mid,1.3,1944,0.4866488197090187
mid,1.3,1945,0.4526369393248709
mid,1.3,1946,0.5118258210894572
mid,1.3,1947,-0.05091831596202429
mid,1.3,1948,0.665862864132539
mid,1.3,1949,0.04932017278144287
mid,1.3,1950,0.2142495957131922
mid,1.3,1951,0.5382904873894375
mid,1.3,1952,0.6854763501664478
mid,1.3,1953,0.2548471300096362
mid,1.3,1954,0.09526370379696202
mid,1.3,1955,0.634714251340428
mid,1.3,1956,0.27775064816261785
mid,1.3,1957,0.5053549879502102
mid,1.3,1958,0.2176502863368747
mid,1.3,1959,-0.35023941777868994
mid,1.3,1960,0.19847503165692107
mid,1.3,1961,0.4245747686918684
mid,1.3,1962,0.13475556250215565
mid,1.3,1963,0.638856817194934
mid,1.3,1964,0.027075848805146675
mid,1.3,1965,0.1844453072941457
mid,1.3,1966,0.44320953051439865
mid,1.3,1967,0.1516659524074506
mid,1.3,1968,0.4716392878106087
mid,1.3,1969,0.3587486327285151
mid,1.3,1970,0.4414130256509473
mid,1.3,1971,0.4952236942819879
mid,1.3,1972,0.22139786727548813
mid,1.3,1973,0.38623174219109485
mid,1.3,1974,0.39358133669548767
mid,1.3,1975,0.25896749473606795
mid,1.3,1976,0.8899174676113194
mid,1.3,1977,0.5721308526679806
mid,1.3,1978,0.47379852336640327
mid,1.3,1979,0.12155712427896967
mid,1.3,1980,0.14879851087031795
mid,1.3,1981,0.38487286653193276
mid,1.3,1982,-0.16852979302648696
mid,1.3,1983,0.5231786847567522
mid,1.3,1984,0.40475910813260796
mid,1.3,1985,0.38540085990957856
mid,1.3,1986,0.05363574053350132
mid,1.3,1987,0.5229959650062039
mid,1.3,1988,0.7151772801447738
mid,1.3,1989,0.3657640125270089
mid,1.3,1990,0.45866864163009186
mid,1.3,1991,0.2097662690973491
mid,1.3,1992,-0.2796065074835513
mid,1.3,1993,0.4325463774912315
mid,1.3,1994,0.17143827783209972
mid,1.3,1995,0.12063200190362197
mid,1.3,1996,0.652920401621159
mid,1.3,1997,0.4874506513424748
mid,1.3,1998,0.20784615838028672
mid,1.3,1999,0.16443298375974666
long,1.0,0,-0.9505758014706068
long,1.0,1,-1.2782774418482565
long,1.0,2,-0.9506459291429749
long,1.0,3,-1.043281445075416
long,1.0,4,-0.9738301329049401
long,1.0,5,-1.41935429318879
long,1.0,6,-1.4324698542457606
long,1.0,7,-1.034408798021061
long,1.0,8,-2.068480178694281
long,1.0,9,-1.1588136213377382
long,1.0,10,-1.0354412644255009
long,1.0,11,-1.420962317882096
long,1.0,12,-1.3982494392482196
long,1.0,13,-1.1058762565780045
long,1.0,14,-1.3675950302114495
long,1.0,15,-1.2179783837024307
long,1.0,16,-1.2091426556212774
long,1.0,17,-1.2236558940567035
long,1.0,18,-1.0368944523453716
long,1.0,19,-1.4914365703074666
long,1.0,20,-1.0856257838790173
long,1.0,21,-1.0636746167247002
long,1.0,22,-1.5409862029246733
long,1.0,23,-0.7755516805359322
long,1.0,24,-1.0153565468710946
long,1.0,25,-1.1634295051187609
long,1.0,26,-1.2525501091483706
long,1.0,27,-1.535318725845539
long,1.0,28,-1.4343408329147138
long,1.0,29,-1.143049491521898
long,1.0,30,-1.107256716981126
long,1.0,31,-1.254552050943732
long,1.0,32,-1.2053939183088451
long,1.0,33,-1.1814633853390264
long,1.0,34,-1.2527631344545003
long,1.0,35,-1.0183247297218299
long,1.0,36,-1.353033424698883
long,1.0,37,-1.5177681221089523
long,1.0,38,-1.0513987749644051
long,1.0,39,-1.6719052558670322
long,1.0,40,-1.0096042886276564
long,1.0,41,-1.3641823313326225
long,1.0,42,-1.1586286872899632
long,1.0,43,-1.2500209330089762
long,1.0,44,-1.2944182086383724
long,1.0,45,-1.6471406695678223
long,1.0,46,-1.1079060374036749
long,1.0,47,-1.285066541716863
long,1.0,48,-1.0402709031972839
long,1.0,49,-1.4212870386760759
long,1.0,50,-1.4625802027550845
long,1.0,51,-0.9678469389553731
long,1.0,52,-1.2000937794082425
long,1.0,53,-1.258834722142411
long,1.0,54,-1.2971163822242764
long,1.0,55,-1.1077129581936862
long,1.0,56,-1.621397986283709
long,1.0,57,-1.0957977378427504
long,1.0,58,-1.0308765004919191
long,1.0,59,-1.4111240337877484
long,1.0,60,-1.1043466108302427
long,1.0,61,-1.2320490663250372
long,1.0,62,-1.1442620739423772
long,1.0,63,-1.1435552406540335
long,1.0,64,-1.1367483364713697
long,1.0,65,-1.228897172718045
long,1.0,66,-1.196672934622247
long,1.0,67,-1.093510947657398
long,1.0,68,-1.335183370666951
long,1.0,69,-1.128069121774842
long,1.0,70,-1.047848169003876
long,1.0,71,-1.1283437175995827
long,1.0,72,-1.0732291723446588
long,1.0,73,-1.1841901064568645
long,1.0,74,-1.0544496439640454
long,1.0,75,-1.6862036119680412
long,1.0,76,-0.9157580885328525
long,1.0,77,-1.0312727405389759
long,1.0,78,-1.448879836565932
long,1.0,79,-1.201499351104147
long,1.0,80,-1.1483136584675389
long,1.0,81,-1.1114528643870079
long,1.0,82,-1.0124079367222572
long,1.0,83,-1.4789699320042635
long,1.0,84,-1.1434620907421817
long,1.0,85,-1.0643779905909567
long,1.0,86,-1.65406550438056
long,1.0,87,-1.6000920476382432
long,1.0,88,-1.1850181378341735
long,1.0,89,-1.0624612024336961
long,1.0,90,-1.4182610699632814
long,1.0,91,-1.1772949347229384
long,1.0,92,-1.4927744892762913
long,1.0,93,-1.0031723720887789
long,1.0,94,-1.362822864687369
long,1.0,95,-1.3774613608573658
long,1.0,96,-1.394983090073988
long,1.0,97,-1.01020687851649
long,1.0,98,-0.9020210634825583
long,1.0,99,-1.0367779287341716
long,1.0,100,-1.4033658068330699
long,1.0,101,-1.1210965078141368
long,1.0,102,-1.0753655293729196
long,1.0,103,-0.9037994785256973
long,1.0,104,-1.0138644323862354
long,1.0,105,-1.1807929682466347
long,1.0,106,-1.2845763981038847
long,1.0,107,-1.7475569063271168
long,1.0,108,-1.2466762331300603
long,1.0,109,-0.9953859145026228
long,1.0,110,-1.5474184917033507
long,1.0,111,-0.9411147576340944
long,1.0,112,-1.2531774215679383
long,1.0,113,-1.134694159383206
long,1.0,114,-1.3231825578702876
long,1.0,115,-1.2942605619061314
long,1.0,116,-1.210195025466545
long,1.0,117,-1.3054370605571755
long,1.0,118,-1.4952726878430311
long,1.0,119,-1.1824997813138332
long,1.0,120,-1.1301175093958322
long,1.0,121,-1.0462494931353856
long,1.0,122,-1.2460265484896178
long,1.0,123,-1.1527723873389022
long,1.0,124,-1.0757830379702171
long,1.0,125,-1.4188582970438308
long,1.0,126,-1.457880095005878
long,1.0,127,-1.245767286179754
long,1.0,128,-1.5827214402891134
long,1.0,129,-0.9570478630693536
long,1.0,130,-1.4967448132911259
long,1.0,131,-0.8575012421332775
long,1.0,132,-1.1624804887826095
long,1.0,133,-1.079537405311704
long,1.0,134,-1.160337969520561
long,1.0,135,-1.1719725007850084
long,1.0,136,-1.3607237548929214
long,1.0,137,-1.223823902134268
long,1.0,138,-1.6637771395787673
long,1.0,139,-1.1694859081818287
long,1.0,140,-0.9564145335235374
long,1.0,141,-0.9510701346743983
long,1.0,142,-1.101040662307459
long,1.0,143,-1.3346242271109332
long,1.0,144,-0.9903997745839425
long,1.0,145,-1.49095304293055
long,1.0,146,-1.2281216375983748
long,1.0,147,-0.9928835333394509
long,1.0,148,-1.0327090368214142
long,1.0,149,-0.8895178797782576
long,1.0,150,-1.2197107164870284
long,1.0,151,-1.5887129447900388
long,1.0,152,-1.1475105946754607
long,1.0,153,-1.819820024777347
long,1.0,154,-0.9797986768363202
long,1.0,155,-1.0239420654704248
long,1.0,156,-1.27689254070112
long,1.0,157,-1.2469633405334974
long,1.0,158,-1.14212607004722
long,1.0,159,-0.9567274192693062
long,1.0,160,-1.206850187839006
long,1.0,161,-1.2351618263219042
long,1.0,162,-1.1459303472464608
long,1.0,163,-1.063598830632008
long,1.0,164,-1.1766322418300394
long,1.0,165,-1.1160404208320707
long,1.0,166,-0.9998277393793951
long,1.0,167,-1.478948665648616
long,1.0,168,-1.0369749759431905
long,1.0,169,-1.3996714345481909
long,1.0,170,-1.0803263931831764
long,1.0,171,-1.1451175166149337
long,1.0,172,-1.7085072442408957
long,1.0,173,-0.9133734545407666
long,1.0,174,-1.6778806115790181
long,1.0,175,-0.9501679284058094
long,1.0,176,-1.0856221307527927
long,1.0,177,-1.5202111751957148
long,1.0,178,-1.1516899389023516
long,1.0,179,-1.2025857356894347
long,1.0,180,-1.3307079193252989
long,1.0,181,-1.5020231534808512
long,1.0,182,-1.336180950229831
long,1.0,183,-1.111838936508782
long,1.0,184,-0.9776915797386955
long,1.0,185,-0.9102322227009323
long,1.0,186,-1.208788072914499
long,1.0,187,-1.5373849078681932
long,1.0,188,-1.1128660918435411
long,1.0,189,-1.5169743553502555
long,1.0,190,-1.4122780251090385
long,1.0,191,-1.582482072495784
long,1.0,192,-1.2621370536920609
long,1.0,193,-1.378504528193655
long,1.0,194,-1.7059008815117218
long,1.0,195,-1.1739545797702056
long,1.0,196,-1.0543319597269232
long,1.0,197,-1.1799490816798264
long,1.0,198,-1.056001490257818
long,1.0,199,-1.254339275484644
long,1.0,200,-1.2498341962510364
long,1.0,201,-1.715007376181789
long,1.0,202,-1.2146128751185696
long,1.0,203,-1.0682535315155377
long,1.0,204,-1.1206972413196836
long,1.0,205,-1.1289669036565197
long,1.0,206,-1.2360175133771452
long,1.0,207,-1.3633259422950872
long,1.0,208,-1.6030872305920543
long,1.0,209,-1.5483587090319721
long,1.0,210,-1.523024792077798
long,1.0,211,-1.1437527428961283
long,1.0,212,-1.0603357626531555
long,1.0,213,-0.9922731132892858
long,1.0,214,-1.4611955591100816
long,1.0,215,-1.2431910881813104
long,1.0,216,-1.6615126884991795
long,1.0,217,-1.5030305649986921
long,1.0,218,-1.0968531874018763
long,1.0,219,-1.4541867402462125
long,1.0,220,-1.1774798688530497
long,1.0,221,-1.4210739388308042
long,1.0,222,-1.0833952755238154
long,1.0,223,-1.2101400060732803
long,1.0,224,-1.6063447942180162
long,1.0,225,-1.5863043228114504
long,1.0,226,-1.6242815414068956
long,1.0,227,-1.4998362932164548
long,1.0,228,-1.5484977253704872
long,1.0,229,-1.3502103870402473
long,1.0,230,-0.9292483943346366
long,1.0,231,-1.5091329720143534
long,1.0,232,-1.228719982977927
long,1.0,233,-1.3097144314661118
long,1.0,234,-1.6077291248749115
long,1.0,235,-1.2315096678954176
long,1.0,236,-1.4497094641280333
long,1.0,237,-1.0825264282740914
long,1.0,238,-1.1810131340060137
long,1.0,239,-1.1723594234344794
long,1.0,240,-1.183725514449541
long,1.0,241,-1.3162180217311175
long,1.0,242,-1.2250769287564764
long,1.0,243,-1.0496403986426692
long,1.0,244,-1.2080732596442927
long,1.0,245,-1.027706253839318
long,1.0,246,-1.245098488160372
long,1.0,247,-1.0487905025452056
long,1.0,248,-1.1669544835106491
long,1.0,249,-1.2850692906388084
long,1.0,250,-1.0969077914566001
long,1.0,251,-1.0210983111748133
long,1.0,252,-1.05913154909992
long,1.0,253,-1.2491121434536956
long,1.0,254,-0.9461204397103209
long,1.0,255,-1.1842600899296165
long,1.0,256,-1.1166237781364092
long,1.0,257,-1.5790023680909975
long,1.0,258,-0.992279450066811
long,1.0,259,-0.9818557074369214
long,1.0,260,-1.2980991610818016
long,1.0,261,-1.1676374594435956
long,1.0,262,-1.0981507752954112
long,1.0,263,-1.1645130177068488
long,1.0,264,-1.1755826230987572
long,1.0,265,-1.0580122146143542
long,1.0,266,-1.3247470217434558
long,1.0,267,-1.008358294051654
long,1.0,268,-1.0826972762113016
long,1.0,269,-1.1944422595961313
long,1.0,270,-1.1805247670555448
long,1.0,271,-1.28904633887041
long,1.0,272,-1.0640758398642693
long,1.0,273,-1.459620725992084
long,1.0,274,-1.4591233493308888
long,1.0,275,-1.0688412174862798
long,1.0,276,-1.1124537610042071
long,1.0,277,-1.1059298929024384
long,1.0,278,-1.8156995248996939
long,1.0,279,-1.2519000049445628
long,1.0,280,-1.2692179943502375
long,1.0,281,-1.317920057115597
long,1.0,282,-1.6472818735999462
long,1.0,283,-1.2003785512760385
long,1.0,284,-1.4410459995704386
long,1.0,285,-1.099389119550012
long,1.0,286,-1.0646692866128071
long,1.0,287,-1.1384279587566375
long,1.0,288,-1.1370516363116037
long,1.0,289,-1.144062218685996
long,1.0,290,-1.4068060354545266
long,1.0,291,-1.4908142128211885
long,1.0,292,-1.158459770888235
long,1.0,293,-1.3037238431131668
long,1.0,294,-1.167934930064548
long,1.0,295,-1.4917021521713945
long,1.0,296,-1.0687450042713096
long,1.0,297,-1.074444527094121
long,1.0,298,-1.3672281484499305
long,1.0,299,-1.325954764053702
long,1.0,300,-1.7672464228113962
long,1.0,301,-1.6904147185800433
long,1.0,302,-1.328699848893979
long,1.0,303,-1.3333023833884978
long,1.0,304,-1.1282505812326522
long,1.0,305,-0.940847861165498
long,1.0,306,-1.201597946332589
long,1.0,307,-1.460007537367445
long,1.0,308,-1.2102619731601376
long,1.0,309,-1.4195323119669059
long,1.0,310,-1.341937148296075
long,1.0,311,-1.1933132515341052
long,1.0,312,-1.4961612322688074
long,1.0,313,-1.4011111966537324
long,1.0,314,-1.2235153672529764
long,1.0,315,-0.9907029888371687
long,1.0,316,-1.541104528273534
long,1.0,317,-1.1245593642691942
long,1.0,318,-1.480766536973643
long,1.0,319,-1.0700771464664276
long,1.0,320,-1.054319938708342
long,1.0,321,-1.2787816327756403
long,1.0,322,-1.125208351826996
long,1.0,323,-1.726422956691216
long,1.0,324,-0.9754631925831356
long,1.0,325,-0.9815595859992979
long,1.0,326,-0.9525002233976678
long,1.0,327,-1.5561120485936741
long,1.0,328,-1.1162080600965842
long,1.0,329,-1.0292553433615026
long,1.0,330,-1.499680217992976
long,1.0,331,-1.572133783187836
long,1.0,332,-1.064263315817853
long,1.0,333,-1.2238140275601337
long,1.0,334,-1.8141202405234482
long,1.0,335,-1.1792345735241
long,1.0,336,-1.2843338026482791
long,1.0,337,-1.110894370676927
long,1.0,338,-1.0392790127700988
long,1.0,339,-1.0025699285023628
long,1.0,340,-1.1427246077663562
long,1.0,341,-1.0454995497064952
long,1.0,342,-1.0354625834562932
long,1.0,343,-1.2834455329541334
long,1.0,344,-1.212385773531544
long,1.0,345,-1.0693455155348217
long,1.0,346,-1.0769844336242658
long,1.0,347,-1.1760995485520043
long,1.0,348,-1.2066788192214497
long,1.0,349,-1.1515997886475535
long,1.0,350,-1.0079635413232126
long,1.0,351,-1.1853634080803563
long,1.0,352,-1.2658020475536864
long,1.0,353,-1.2888368602359865
long,1.0,354,-1.2403859888068314
long,1.0,355,-1.269844499323874
long,1.0,356,-1.145925183619326
long,1.0,357,-1.1092455836410715
long,1.0,358,-1.1812778213829158
long,1.0,359,-1.7575009076517198
long,1.0,360,-1.3548013708206623
long,1.0,361,-1.03942410877653
long,1.0,362,-1.3905348433372722
long,1.0,363,-1.0321424594917983
long,1.0,364,-1.8518068245530703
long,1.0,365,-2.03699456082157
long,1.0,366,-1.30013112663697
long,1.0,367,-1.4147036131346722
long,1.0,368,-1.184966361027181
long,1.0,369,-1.3051071480690495
long,1.0,370,-1.3749521693216198
long,1.0,371,-1.0828297130291877
long,1.0,372,-1.451320349230511
long,1.0,373,-1.0001535430131279
long,1.0,374,-1.432289731890926
long,1.0,375,-1.4361008051426625
long,1.0,376,-1.2202727857890496
long,1.0,377,-1.0573883487563456
long,1.0,378,-1.6013956388041592
long,1.0,379,-1.232670806328514
long,1.0,380,-1.4661847578772271
long,1.0,381,-1.1357327908636285
long,1.0,382,-1.111441172542666
long,1.0,383,-0.9912771243582109
long,1.0,384,-1.0736119492967815
long,1.0,385,-1.3049545477040334
long,1.0,386,-0.9009163089587796
long,1.0,387,-1.0017015640850253
long,1.0,388,-1.1296752348863248
long,1.0,389,-1.0599990881002421
long,1.0,390,-0.9717975534839456
long,1.0,391,-1.0441298007901605
long,1.0,392,-0.9376138320011972
long,1.0,393,-1.1785789774777724
long,1.0,394,-1.3104579865161978
long,1.0,395,-1.550809164747098
long,1.0,396,-1.2137474186547785
long,1.0,397,-1.0327924014173597
long,1.0,398,-1.1628631266995622
long,1.0,399,-1.2393657548546115
long,1.0,400,-1.4326939555522704
long,1.0,401,-1.0952214208796556
long,1.0,402,-1.1788014366099258
long,1.0,403,-1.1739556447075636
long,1.0,404,-1.0231225246095816
long,1.0,405,-1.3408384045369444
long,1.0,406,-1.0755390534469411
long,1.0,407,-1.5051757157836279
long,1.0,408,-0.9674020467500313
long,1.0,409,-1.605250485242553
long,1.0,410,-1.2328527197887813
long,1.0,411,-1.1071298229239894
long,1.0,412,-1.1765247624453035
long,1.0,413,-1.4650862715288615
long,1.0,414,-1.1643921086767588
long,1.0,415,-1.1175357429871229
long,1.0,416,-1.5523552471231679
long,1.0,417,-1.0924430427912677
long,1.0,418,-1.9088771727711316
long,1.0,419,-1.8022923802990565
long,1.0,420,-1.0607078793247842
long,1.0,421,-1.74933871250244
long,1.0,422,-1.0004793063168296
long,1.0,423,-1.0741156386751376
long,1.0,424,-1.5459128066248922
long,1.0,425,-1.592373224555014
long,1.0,426,-1.0947524416296301
long,1.0,427,-1.0661970887045704
long,1.0,428,-1.1234964412076867
long,1.0,429,-1.175289904426767
long,1.0,430,-1.069810587474213
long,1.0,431,-1.0314912337255435
long,1.0,432,-1.7360569560438943
long,1.0,433,-1.2268995000430385
long,1.0,434,-1.1750431593008215
long,1.0,435,-1.0553950949578037
long,1.0,436,-1.5706680385490348
long,1.0,437,-1.083416089649404
long,1.0,438,-1.0866411206846165
long,1.0,439,-0.9878377005045147
long,1.0,440,-1.356635534937319
long,1.0,441,-1.2349676699648857
long,1.0,442,-1.0198451411948908
long,1.0,443,-1.352908684812723
long,1.0,444,-1.1870168406975283
long,1.0,445,-1.002599229097031
long,1.0,446,-1.1645464182415244
long,1.0,447,-1.3508954252895173
long,1.0,448,-1.1912222281843208
long,1.0,449,-1.1605324005234205
long,1.0,450,-1.2914220306486097
long,1.0,451,-1.236648089207936
long,1.0,452,-1.0780981699294454
long,1.0,453,-1.089022566907426
long,1.0,454,-0.8451371579758662
long,1.0,455,-1.1468116963515418
long,1.0,456,-1.4768707604423132
long,1.0,457,-1.2103116629709465
long,1.0,458,-1.1018690958041006
long,1.0,459,-1.0970003546237819
long,1.0,460,-1.103037070618747
long,1.0,461,-1.6170458900413267
long,1.0,462,-1.005813990965833
long,1.0,463,-1.2086929859704083
long,1.0,464,-1.1272012740954895
long,1.0,465,-1.0688042268911562
long,1.0,466,-1.2859444490493916
long,1.0,467,-1.390639662529096
long,1.0,468,-0.97595037611418
long,1.0,469,-1.1886359340169717
long,1.0,470,-1.4555305905449352
long,1.0,471,-0.96496309900423
long,1.0,472,-1.1663717777861795
long,1.0,473,-0.9376544316166311
long,1.0,474,-1.0284097943771542
long,1.0,475,-1.3721723808184147
long,1.0,476,-1.513167737940284
long,1.0,477,-1.0768713422348342
long,1.0,478,-1.1303000975571875
long,1.0,479,-1.1432122244350995
long,1.0,480,-1.1204567791232634
long,1.0,481,-1.1561412034460503
long,1.0,482,-1.0350165986025974
long,1.0,483,-1.4330745687219968
long,1.0,484,-1.4138583778221954
long,1.0,485,-1.4688838096591752
long,1.0,486,-1.0829533695451734
long,1.0,487,-1.1431731447056221
long,1.0,488,-1.497044027945468
long,1.0,489,-1.015128223286783
long,1.0,490,-1.6622616377674744
long,1.0,491,-1.3062712190771668
long,1.0,492,-1.0637432156604278
long,1.0,493,-1.0892604061354132
long,1.0,494,-1.7034764541854186
long,1.0,495,-1.0587519291955092
long,1.0,496,-1.4498784855474927
long,1.0,497,-1.0430356339157856
long,1.0,498,-1.2459261919115738
long,1.0,499,-1.4295357293197342
long,1.0,500,-0.8861797139162713
long,1.0,501,-1.471591235675578
long,1.0,502,-1.7490093885125366
long,1.0,503,-1.1578424284007307
long,1.0,504,-1.4434556636433273
long,1.0,505,-1.592569947818913
long,1.0,506,-1.710094905026654
long,1.0,507,-1.1698727444136643
long,1.0,508,-1.0305236476902053
long,1.0,509,-0.9555258928004845
long,1.0,510,-1.2182027233605524
long,1.0,511,-1.5885321973381394
long,1.0,512,-1.048624010756772
long,1.0,513,-1.0434588512391316
long,1.0,514,-1.4587470774404228
long,1.0,515,-1.0871197929603293
long,1.0,516,-0.9221259355432353
long,1.0,517,-0.9805847417703003
long,1.0,518,-1.3054791144292557
long,1.0,519,-1.1156527961244809
long,1.0,520,-1.1169452590427364
long,1.0,521,-1.036595502350651
long,1.0,522,-1.4091359002864106
long,1.0,523,-1.5589721590261751
long,1.0,524,-1.2408003820680824
long,1.0,525,-1.1137926361560502
long,1.0,526,-1.1250087530017039
long,1.0,527,-0.979989024225167
long,1.0,528,-1.4208072687826168
long,1.0,529,-1.4105547598713168
long,1.0,530,-1.131632685061312
long,1.0,531,-0.9759179115548329
long,1.0,532,-1.0736810846501674
long,1.0,533,-1.4337661890455882
long,1.0,534,-0.9106207068888102
long,1.0,535,-1.141022017458664
long,1.0,536,-1.2147612599901512
long,1.0,537,-0.997668756004468
long,1.0,538,-1.5973707585835775
long,1.0,539,-1.0349370088230818
long,1.0,540,-1.1961511962416151
long,1.0,541,-1.0677061118400164
long,1.0,542,-1.139498912179741
long,1.0,543,-1.6205688839322834
long,1.0,544,-1.0681497058158924
long,1.0,545,-1.0475516780313687
long,1.0,546,-1.313812481070037
long,1.0,547,-1.0356825010188526
long,1.0,548,-1.6505741891559969
long,1.0,549,-1.1182868258575762
long,1.0,550,-1.353623824339352
long,1.0,551,-1.21720891840742
long,1.0,552,-1.087395292200222
long,1.0,553,-1.1472536359458745
long,1.0,554,-0.9790097347388226
long,1.0,555,-1.460308926926807
long,1.0,556,-1.1275549762158021
long,1.0,557,-1.172116255410919
long,1.0,558,-1.0203935390786374
long,1.0,559,-1.30904206321646
long,1.0,560,-0.915213676477608
long,1.0,561,-1.3761858235363509
long,1.0,562,-1.4689028566039617
long,1.0,563,-1.0887621021740623
long,1.0,564,-1.2430488219398894
long,1.0,565,-1.3299686545541762
long,1.0,566,-1.2116624322254
long,1.0,567,-1.046607437598898
long,1.0,568,-1.0319106620630734
long,1.0,569,-1.0817464066476061
long,1.0,570,-1.164610616899737
long,1.0,571,-1.08148908380349
long,1.0,572,-1.020608069477883
long,1.0,573,-1.2426316644142925
long,1.0,574,-1.597430323507719
long,1.0,575,-1.236383320570038
long,1.0,576,-1.4018582545950804
long,1.0,577,-1.3659113095261934
long,1.0,578,-1.5325914357727362
long,1.0,579,-1.1727256621356326
long,1.0,580,-1.2059444315997738
long,1.0,581,-1.6696637701140384
long,1.0,582,-1.1342609707350615
long,1.0,583,-1.0628821129617267
long,1.0,584,-1.5881625602740148
long,1.0,585,-1.1861122319994348
long,1.0,586,-1.1780264277085764
long,1.0,587,-1.1550399269099703
long,1.0,588,-1.2373580595816254
long,1.0,589,-1.1692129588121776
long,1.0,590,-1.6946743216491713
long,1.0,591,-1.065441599579596
long,1.0,592,-1.715589057816347
long,1.0,593,-1.6919917084352358
long,1.0,594,-1.0703397109040302
long,1.0,595,-1.0825195059016228
long,1.0,596,-0.9878850878211723
long,1.0,597,-1.5673660415877388
long,1.0,598,-1.2797207794662453
long,1.0,599,-1.2750112167607999
long,1.0,600,-1.1913517092397308
long,1.0,601,-1.6569979121436273
long,1.0,602,-1.1615509493415248
long,1.0,603,-1.2967914712079032
long,1.0,604,-1.2537668435228249
long,1.0,605,-1.231576224698883
long,1.0,606,-1.357818045884431
long,1.0,607,-1.1624046302223017
long,1.0,608,-1.6776545617329088
long,1.0,609,-1.024982378455961
long,1.0,610,-1.235995620145118
long,1.0,611,-1.1093379524387723
long,1.0,612,-1.6118789487765477
long,1.0,613,-1.6707653378159397
long,1.0,614,-1.4831520940635792
long,1.0,615,-1.3554902303019405
long,1.0,616,-1.1383203544870848
long,1.0,617,-1.0830660778433063
long,1.0,618,-1.4322266011242444
long,1.0,619,-1.8030558557189509
long,1.0,620,-1.4926828838244497
long,1.0,621,-1.5079013255103113
long,1.0,622,-1.2919703082144691
long,1.0,623,-1.1547981049916862
long,1.0,624,-1.1100980259476176
long,1.0,625,-1.0896800489966971
long,1.0,626,-1.7460967984968279
long,1.0,627,-0.9746593241928845
long,1.0,628,-1.6023495368860212
long,1.0,629,-1.7422605875825152
long,1.0,630,-1.349797231747161
long,1.0,631,-1.100011061962887
long,1.0,632,-1.5515226977782577
long,1.0,633,-1.125524462943758
long,1.0,634,-1.292619618338098
long,1.0,635,-1.0900833415049842
long,1.0,636,-1.6645916490793125
long,1.0,637,-1.1341480066426284
long,1.0,638,-1.5661178249231262
long,1.0,639,-1.075479170460856
long,1.0,640,-1.3949925687753477
long,1.0,641,-0.9547481626474378
long,1.0,642,-1.076246151028712
long,1.0,643,-1.0203044635376128
long,1.0,644,-1.0956200520510706
long,1.0,645,-1.0286919768169729
long,1.0,646,-1.3603705207042756
long,1.0,647,-1.8688975811012674
long,1.0,648,-1.1471552736431634
long,1.0,649,-1.5356631189498324
long,1.0,650,-1.7144442550275167
long,1.0,651,-1.1454865128090923
long,1.0,652,-1.0370224232275553
long,1.0,653,-1.1404069647216777
long,1.0,654,-1.236531022649934
long,1.0,655,-0.9918433698728646
long,1.0,656,-1.6369794666568507
long,1.0,657,-1.0460698164868525
long,1.0,658,-1.0389232842522154
long,1.0,659,-1.2780005967568773
long,1.0,660,-1.0497660288504649
long,1.0,661,-1.7293012639658238
long,1.0,662,-1.10754327105805
long,1.0,663,-1.3677584684327864
long,1.0,664,-1.4838667706701276
long,1.0,665,-1.1906392443648093
long,1.0,666,-1.627166742393463
long,1.0,667,-1.1474242440132045
long,1.0,668,-1.1621746923557292
long,1.0,669,-1.0793918685588904
long,1.0,670,-1.650529237404045
long,1.0,671,-1.2489636084643698
long,1.0,672,-0.9953167766171748
long,1.0,673,-1.1387378775445167
long,1.0,674,-1.0510584290255034
long,1.0,675,-1.0807543825583994
long,1.0,676,-1.4410735491719193
long,1.0,677,-1.1339372015908122
long,1.0,678,-1.6703078279794492
long,1.0,679,-1.325401714948861
long,1.0,680,-1.1060289617309447
long,1.0,681,-1.9294974210808797
long,1.0,682,-1.1395434883700701
long,1.0,683,-1.344859071283339
long,1.0,684,-1.1747688737414579
long,1.0,685,-1.2700454601205422
long,1.0,686,-1.135136521548623
long,1.0,687,-0.9529580333569467
long,1.0,688,-1.772341257935176
long,1.0,689,-1.0766957066469522
long,1.0,690,-1.2641678975698827
long,1.0,691,-1.1457642218514434
long,1.0,692,-1.5071451836143896
long,1.0,693,-0.9930606141922328
long,1.0,694,-1.0956483630823257
long,1.0,695,-1.0377172092212172
long,1.0,696,-1.136614776229271
long,1.0,697,-1.2871671097175734
long,1.0,698,-1.0340505044573793
long,1.0,699,-1.5378017102431676
long,1.0,700,-1.0160889530631334
long,1.0,701,-1.6302259998293773
long,1.0,702,-1.2894947133072505
long,1.0,703,-1.0761451587951176
long,1.0,704,-0.9482617737892773
long,1.0,705,-1.1765284479729168
long,1.0,706,-1.4844043608651714
long,1.0,707,-1.1766125481126304
long,1.0,708,-1.399927484680547
long,1.0,709,-1.0822255550378252
long,1.0,710,-0.9872633302353311
long,1.0,711,-1.0048253988689015
long,1.0,712,-1.2579322736647174
long,1.0,713,-1.1981407129577495
long,1.0,714,-0.9765898701335588
long,1.0,715,-1.3091931635195597
long,1.0,716,-1.419597151737975
long,1.0,717,-1.2246156945223023
long,1.0,718,-1.190654195073401
long,1.0,719,-1.1257236241955653
long,1.0,720,-1.084681972724109
long,1.0,721,-0.9981953080442801
long,1.0,722,-1.3026902785531826
long,1.0,723,-1.375743456543142
long,1.0,724,-1.136051425087482
long,1.0,725,-1.6744808215748577
long,1.0,726,-1.1007710811642328
long,1.0,727,-1.1904482826190623
long,1.0,728,-1.495319883469832
long,1.0,729,-1.051893460984814
long,1.0,730,-1.163365131120758
long,1.0,731,-1.4021887460088374
long,1.0,732,-1.1503575019278924
long,1.0,733,-1.4219706300361936
long,1.0,734,-1.127985199729408
long,1.0,735,-1.1156059969415986
long,1.0,736,-1.381805712009157
long,1.0,737,-1.1266562137682257
long,1.0,738,-1.1535340002798244
long,1.0,739,-1.1981481519104225
long,1.0,740,-1.2835124214414346
long,1.0,741,-1.050122645883173
long,1.0,742,-1.049982864117357
long,1.0,743,-1.1485834742808976
long,1.0,744,-0.9711244402369125
long,1.0,745,-1.3282111146415554
long,1.0,746,-1.1171993266948168
long,1.0,747,-1.4739128235576624
long,1.0,748,-1.1826358136996753
long,1.0,749,-1.0399518506463175
long,1.0,750,-1.5620409703170406
long,1.0,751,-1.2456893135160454
long,1.0,752,-1.7533908676039314
long,1.0,753,-1.0484873530702294
long,1.0,754,-1.165626791662207
long,1.0,755,-1.2297707771511268
long,1.0,756,-1.3770877679355187
long,1.0,757,-1.2738157279723687
long,1.0,758,-0.9085448272748611
long,1.0,759,-1.1859659694220077
long,1.0,760,-1.3431027550239247
long,1.0,761,-1.1332311937131605
long,1.0,762,-1.3532834617666771
long,1.0,763,-1.5370269925290445
long,1.0,764,-0.9501983652881525
long,1.0,765,-1.1678429561952643
long,1.0,766,-0.9840131950612906
long,1.0,767,-1.1637249166673564
long,1.0,768,-1.208952247195342
long,1.0,769,-0.9765050953502354
long,1.0,770,-1.1162246359275896
long,1.0,771,-0.8541571212163029
long,1.0,772,-1.1081990537249526
long,1.0,773,-1.0912953725247188
long,1.0,774,-1.3180052894292351
long,1.0,775,-1.497820934785502
long,1.0,776,-1.1327545265457972
long,1.0,777,-1.1818725180336018
long,1.0,778,-1.3098931042998545
long,1.0,779,-1.5573203690459012
long,1.0,780,-1.1282507344769699
long,1.0,781,-1.0489260036193018
long,1.0,782,-1.1038839466824895
long,1.0,783,-1.2770239329804334
long,1.0,784,-1.2013758451865997
long,1.0,785,-1.0684073598367014
long,1.0,786,-1.161672726028115
long,1.0,787,-1.57296240577095
long,1.0,788,-1.2833416964606281
long,1.0,789,-0.9963396404988379
long,1.0,790,-1.0973883253420407
long,1.0,791,-1.1782008104272028
long,1.0,792,-1.1204111704067865
long,1.0,793,-1.0672916728934663
long,1.0,794,-1.6532392981600987
long,1.0,795,-1.033668646230773
long,1.0,796,-1.4535721776702961
long,1.0,797,-1.2434766735323148
long,1.0,798,-1.1359455597901265
long,1.0,799,-1.174430141216263
long,1.0,800,-1.5792981456045996
long,1.0,801,-1.2024231958850293
long,1.0,802,-1.203265045967737
long,1.0,803,-1.6591978775235139
long,1.0,804,-1.5133163718479246
long,1.0,805,-1.113832270763301
long,1.0,806,-1.0966895716085623
long,1.0,807,-0.9720261855586042
long,1.0,808,-1.1150006241241142
long,1.0,809,-1.0960892504044037
long,1.0,810,-1.0898762975625458
long,1.0,811,-1.1392444649754678
long,1.0,812,-1.3827760259776325
long,1.0,813,-1.0438854657356276
long,1.0,814,-1.2216000900980175
long,1.0,815,-1.131049305856503
long,1.0,816,-1.0659458094890488
long,1.0,817,-1.2051879313995446
long,1.0,818,-0.7456309892965401
long,1.0,819,-1.115850558759723
long,1.0,820,-1.4510332528994525
long,1.0,821,-1.5149583246283342
long,1.0,822,-1.0780020896207427
long,1.0,823,-1.314625083381704
long,1.0,824,-1.8749055605096947
long,1.0,825,-1.341737418906705
long,1.0,826,-1.2353260585497405
long,1.0,827,-1.0254892461783882
long,1.0,828,-1.235281289672849
long,1.0,829,-1.1758198130012707
long,1.0,830,-1.1284265307850867
long,1.0,831,-1.0801106593243843
long,1.0,832,-1.3242901062232626
long,1.0,833,-1.0717632040595264
long,1.0,834,-1.8332163361478886
long,1.0,835,-1.2365341706272812
long,1.0,836,-1.4570014862690297
long,1.0,837,-0.9657418557717512
long,1.0,838,-1.250736730100088
long,1.0,839,-1.5938947643272818
long,1.0,840,-1.6515341467349156
long,1.0,841,-1.5355031410543487
long,1.0,842,-1.0913937345630091
long,1.0,843,-1.187190186265497
long,1.0,844,-1.024141959991069
long,1.0,845,-1.1085113731618093
long,1.0,846,-1.4328374648062279
long,1.0,847,-1.5093746782745803
long,1.0,848,-1.6155742324439224
long,1.0,849,-1.264455014269303
long,1.0,850,-1.6982528924183369
long,1.0,851,-1.3864700380616164
long,1.0,852,-1.1502746131678878
long,1.0,853,-1.0881200688070805
long,1.0,854,-0.9906798558161175
long,1.0,855,-1.2056609596499435
long,1.0,856,-1.1590297408591077
long,1.0,857,-1.1378301171441203
long,1.0,858,-1.189915410221285
long,1.0,859,-1.1777340018998195
long,1.0,860,-1.123550658713352
long,1.0,861,-1.070235035975907
long,1.0,862,-1.169896200884138
long,1.0,863,-1.1951971015373477
long,1.0,864,-1.040093007991862
long,1.0,865,-1.0705904467230511
long,1.0,866,-0.9147777897425058
long,1.0,867,-1.2006562828308922
long,1.0,868,-1.4603493628969841
long,1.0,869,-1.157434552095761
long,1.0,870,-0.9905240758631728
long,1.0,871,-1.6627046180266265
long,1.0,872,-1.1409390440205274
long,1.0,873,-1.0054735272917328
long,1.0,874,-1.6785078721936266
long,1.0,875,-1.1953824848306975
long,1.0,876,-1.2529475235736074
long,1.0,877,-1.1538521255986964
long,1.0,878,-1.4270195228221163
long,1.0,879,-1.511931759726109
long,1.0,880,-1.1672407365263593
long,1.0,881,-1.0538423166660873
long,1.0,882,-0.8687623394374374
long,1.0,883,-1.1471052126075039
long,1.0,884,-1.5533006775392229
long,1.0,885,-1.0447679336240325
long,1.0,886,-1.5607231927434666
long,1.0,887,-1.780995535936174
long,1.0,888,-0.9017025397375361
long,1.0,889,-1.2802029914903321
long,1.0,890,-1.4569104203535497
long,1.0,891,-1.092339564759638
long,1.0,892,-1.8634356460743622
long,1.0,893,-1.7516913295967382
long,1.0,894,-1.4360406548682982
long,1.0,895,-1.242196166038195
long,1.0,896,-0.8624482717791796
long,1.0,897,-1.0129180440999914
long,1.0,898,-1.0185659118430874
long,1.0,899,-0.9565102199814368
long,1.0,900,-1.465075968679158
long,1.0,901,-1.1621184148930188
long,1.0,902,-1.0801489544718217
long,1.0,903,-1.1330919201459373
long,1.0,904,-1.0989565566186845
long,1.0,905,-1.325939166679024
long,1.0,906,-1.0121432318446109
long,1.0,907,-1.0456880505597932
long,1.0,908,-1.0970889103314105
long,1.0,909,-1.3109756473380896
long,1.0,910,-1.351146224718136
long,1.0,911,-1.227086790744462
long,1.0,912,-1.7160624755176728
long,1.0,913,-1.6177327879207781
long,1.0,914,-1.2440499676495795
long,1.0,915,-1.0780205658019844
long,1.0,916,-1.1724236564686694
long,1.0,917,-1.3774121565843704
long,1.0,918,-0.9835926635741824
long,1.0,919,-1.1676968756054453
long,1.0,920,-1.0374310559213797
long,1.0,921,-1.5192521435050892
long,1.0,922,-1.171268788087116
long,1.0,923,-1.1860180026887344
long,1.0,924,-1.0588663885642753
long,1.0,925,-1.275461971624972
long,1.0,926,-1.1942725795259548
long,1.0,927,-1.1536717091399369
long,1.0,928,-1.6739344595511267
long,1.0,929,-1.6284306328612554
long,1.0,930,-1.1242232353559174
long,1.0,931,-1.3093886038103941
long,1.0,932,-0.889774424254646
long,1.0,933,-0.9628087091650888
long,1.0,934,-1.2064342509860306
long,1.0,935,-1.1825480296934334
long,1.0,936,-1.5767323688863153
long,1.0,937,-1.1750981485682155
long,1.0,938,-1.715663219033241
long,1.0,939,-1.5480852222250714
long,1.0,940,-1.9072390246711637
long,1.0,941,-1.5102866474002894
long,1.0,942,-1.137443082307092
long,1.0,943,-1.6623469518239469
long,1.0,944,-1.3580881124737765
long,1.0,945,-1.152726940055672
long,1.0,946,-1.2136170552259706
long,1.0,947,-1.4308572061975091
long,1.0,948,-1.07006064580479
long,1.0,949,-1.5753665211712917
long,1.0,950,-1.1432357677457146
long,1.0,951,-1.2528866028922996
long,1.0,952,-1.4296372126530992
long,1.0,953,-1.6995972522802192
long,1.0,954,-1.1624186738112907
long,1.0,955,-1.2051273522142152
long,1.0,956,-1.6801735404186777
long,1.0,957,-1.246881953374886
long,1.0,958,-1.397481809296894
long,1.0,959,-1.0661055042945884
long,1.0,960,-1.1523191215822073
long,1.0,961,-1.1227573576135108
long,1.0,962,-1.2361778041244096
long,1.0,963,-1.0161442562705107
long,1.0,964,-0.9698592063120585
long,1.0,965,-1.5271223792473787
long,1.0,966,-1.2654068115820323
long,1.0,967,-1.5018792393924696
long,1.0,968,-1.3221652194068074
long,1.0,969,-1.1563928788694577
long,1.0,970,-1.1446336316141879
long,1.0,971,-1.088817074023595
long,1.0,972,-1.5032070224341516
long,1.0,973,-1.6147135356886235
long,1.0,974,-1.1285651316137424
long,1.0,975,-1.0069151417323057
long,1.0,976,-1.037549772432707
long,1.0,977,-1.0231796627114096
long,1.0,978,-1.1154688567793472
long,1.0,979,-1.1588458439300402
long,1.0,980,-1.3338578063118778
long,1.0,981,-1.199514821509128
long,1.0,982,-1.5109951502909587
long,1.0,983,-1.0884050060929307
long,1.0,984,-1.8083676600763607
long,1.0,985,-1.2025581757087564
long,1.0,986,-1.071343421535246
long,1.0,987,-1.377442958930187
long,1.0,988,-1.195477037462908
long,1.0,989,-1.0658355243193047
long,1.0,990,-1.1561662900499636
long,1.0,991,-1.2368657989832654
long,1.0,992,-1.1550726056344
long,1.0,993,-1.4138525420357784
long,1.0,994,-1.4172881692143746
long,1.0,995,-1.4526524819409015
long,1.0,996,-1.0836086141108827
long,1.0,997,-1.4178801013674915
long,1.0,998,-1.2329011611933989
long,1.0,999,-0.9525288793288363
long,1.0,1000,-1.1669675126737042
long,1.0,1001,-1.1052904036531317
long,1.0,1002,-1.5091110072999998
long,1.0,1003,-1.039902627781155
long,1.0,1004,-1.747242769399556
long,1.0,1005,-1.1511642784510006
long,1.0,1006,-1.2800030845275274
long,1.0,1007,-1.5238770114851674
long,1.0,1008,-1.2321334302575533
long,1.0,1009,-1.2606003456375434
long,1.0,1010,-1.401755664202907
long,1.0,1011,-1.0980462220015987
long,1.0,1012,-1.2082769951501666
long,1.0,1013,-1.3994810643568336
long,1.0,1014,-1.0974126327339788
long,1.0,1015,-1.1710239238222302
long,1.0,1016,-1.0615237323631885
long,1.0,1017,-1.2467213460732691
long,1.0,1018,-1.0416655062775007
long,1.0,1019,-1.3011484574506655
long,1.0,1020,-1.229991548961108
long,1.0,1021,-1.2309060158906941
long,1.0,1022,-1.1480262930300587
long,1.0,1023,-1.3798736743563655
long,1.0,1024,-1.7842404934528373
long,1.0,1025,-0.9920507300895343
long,1.0,1026,-1.1579583875502173
long,1.0,1027,-1.1951094595621983
long,1.0,1028,-1.581755552916709
long,1.0,1029,-1.222613400991631
long,1.0,1030,-0.9885506083840971
long,1.0,1031,-1.1272330444552818
long,1.0,1032,-0.9989443462000649
long,1.0,1033,-1.0926616526392563
long,1.0,1034,-1.0762169806151929
long,1.0,1035,-0.9939006907012986
long,1.0,1036,-0.9704019653535335
long,1.0,1037,-1.0283705183656633
long,1.0,1038,-1.5643902021466631
long,1.0,1039,-1.482653578499701
long,1.0,1040,-1.25852039857886
long,1.0,1041,-1.2982712347390204
long,1.0,1042,-0.9601696740894964
long,1.0,1043,-1.00835298378754
long,1.0,1044,-1.149996552395681
long,1.0,1045,-1.1722037106935315
long,1.0,1046,-1.3805671320583766
long,1.0,1047,-1.061310184471802
long,1.0,1048,-1.1642514871168395
long,1.0,1049,-1.8480065088352113
long,1.0,1050,-1.3358095800559986
long,1.0,1051,-1.1326024985946266
long,1.0,1052,-1.0385779996382807
long,1.0,1053,-0.9764093810236559
long,1.0,1054,-0.9687074898227271
long,1.0,1055,-1.495346599574978
long,1.0,1056,-2.034583026928288
long,1.0,1057,-1.0988643862297491
long,1.0,1058,-1.4955186120710897
long,1.0,1059,-1.3930203439267503
long,1.0,1060,-1.0327516687421696
long,1.0,1061,-1.2145058356198535
long,1.0,1062,-1.4133285344111217
long,1.0,1063,-1.2022845270202855
long,1.0,1064,-1.030841293966524
long,1.0,1065,-1.7813868829592296
long,1.0,1066,-1.661033261904986
long,1.0,1067,-1.7898026824870266
long,1.0,1068,-1.3015381179427878
long,1.0,1069,-1.1381741294998902
long,1.0,1070,-1.0951805896142635
long,1.0,1071,-1.1438835602982025
long,1.0,1072,-1.312537655114405
long,1.0,1073,-1.1433432270524055
long,1.0,1074,-1.452874631643628
long,1.0,1075,-1.2617640130061893
long,1.0,1076,-1.4054615946696747
long,1.0,1077,-0.9317600038847379
long,1.0,1078,-1.1504425925444772
long,1.0,1079,-1.591155589035124
long,1.0,1080,-1.1626431656598377
long,1.0,1081,-1.2028512488477008
long,1.0,1082,-1.168587749092328
long,1.0,1083,-1.9409675645713285
long,1.0,1084,-1.0920820907117945
long,1.0,1085,-1.638862545024821
long,1.0,1086,-1.2323652206697986
long,1.0,1087,-1.2505667888609011
long,1.0,1088,-1.640122029449959
long,1.0,1089,-1.1615664282567577
long,1.0,1090,-1.2820002550887106
long,1.0,1091,-1.068925652451632
long,1.0,1092,-1.488250822719718
long,1.0,1093,-1.2288924397331045
long,1.0,1094,-1.2142356138665769
long,1.0,1095,-1.2869984490561577
long,1.0,1096,-1.1808847848093016
long,1.0,1097,-1.090990492208016
long,1.0,1098,-1.8467750949294506
long,1.0,1099,-1.447771986957453
long,1.0,1100,-1.3097345797140012
long,1.0,1101,-0.8587734719671011
long,1.0,1102,-1.0938975106032969
long,1.0,1103,-1.4018682627498282
long,1.0,1104,-1.5833363657230675
long,1.0,1105,-1.45613047524921
long,1.0,1106,-1.0503385167226216
long,1.0,1107,-1.056057372715634
long,1.0,1108,-1.0878634689309385
long,1.0,1109,-1.1442693055844644
long,1.0,1110,-1.2332506550411664
long,1.0,1111,-1.0605806858191626
long,1.0,1112,-1.567318443297501
long,1.0,1113,-1.117698582822642
long,1.0,1114,-1.0027797857621743
long,1.0,1115,-1.5145791378535258
long,1.0,1116,-1.0308105731718085
long,1.0,1117,-1.117183381547324
long,1.0,1118,-1.0609557536397443
long,1.0,1119,-0.9423530603633274
long,1.0,1120,-1.250165215171922
long,1.0,1121,-1.0661725601322485
long,1.0,1122,-1.2647378476870064
long,1.0,1123,-1.1066506763714674
long,1.0,1124,-1.4575686445932803
long,1.0,1125,-0.9612789177682616
long,1.0,1126,-1.3500611840637762
long,1.0,1127,-1.0485830830036342
long,1.0,1128,-1.1649814581806812
long,1.0,1129,-1.2545298220085204
long,1.0,1130,-0.8219481418735266
long,1.0,1131,-1.0532320790828318
long,1.0,1132,-1.4379509605510645
long,1.0,1133,-1.414806567054385
long,1.0,1134,-1.717538599722182
long,1.0,1135,-1.1117242005036885
long,1.0,1136,-1.1169863937372757
long,1.0,1137,-1.1187358527523465
long,1.0,1138,-1.5910420945194397
long,1.0,1139,-1.0705472773292368
long,1.0,1140,-1.1531707133462539
long,1.0,1141,-1.157923203667986
long,1.0,1142,-1.495330430134588
long,1.0,1143,-0.9299902136173027
long,1.0,1144,-1.1890717432899738
long,1.0,1145,-1.1982465204434507
long,1.0,1146,-1.2412825031045733
long,1.0,1147,-0.9577777882949402
long,1.0,1148,-1.2457065377579826
long,1.0,1149,-1.460596572787012
long,1.0,1150,-1.0607776537571072
long,1.0,1151,-1.2365090266344778
long,1.0,1152,-1.5717430157399361
long,1.0,1153,-1.361050387430617
long,1.0,1154,-0.9547076941347625
long,1.0,1155,-0.9398957704526404
long,1.0,1156,-1.5297507308744849
long,1.0,1157,-1.3272910292303082
long,1.0,1158,-1.1004508249637825
long,1.0,1159,-1.0053574793116289
long,1.0,1160,-1.018311484637941
long,1.0,1161,-1.0099860379095866
long,1.0,1162,-1.1378785416429607
long,1.0,1163,-1.003119595363911
long,1.0,1164,-1.3895073747086564
long,1.0,1165,-1.051517294846944
long,1.0,1166,-1.0949645285700125
long,1.0,1167,-1.0893796673670924
long,1.0,1168,-1.799837038669044
long,1.0,1169,-1.0651064180933782
long,1.0,1170,-1.1542258505165566
long,1.0,1171,-1.2059609267396452
long,1.0,1172,-1.1164581201587125
long,1.0,1173,-1.2488223657262565
long,1.0,1174,-0.9539731742339271
long,1.0,1175,-1.0456288767045123
long,1.0,1176,-1.1954452236004578
long,1.0,1177,-1.0638604321267429
long,1.0,1178,-1.2209454980118877
long,1.0,1179,-1.818173391006493
long,1.0,1180,-1.2162363863758452
long,1.0,1181,-1.119536271331098
long,1.0,1182,-1.0374486070342954
long,1.0,1183,-1.0986583508206043
long,1.0,1184,-1.4355485364692282
long,1.0,1185,-1.0088422240051336
long,1.0,1186,-1.6522462299653593
long,1.0,1187,-1.048350592324877
long,1.0,1188,-1.6539788392693446
long,1.0,1189,-1.0755462688379007
long,1.0,1190,-1.4256261554184517
long,1.0,1191,-1.2062540010003215
long,1.0,1192,-1.7247289238049173
long,1.0,1193,-1.6389687804310051
long,1.0,1194,-1.0974176114864949
long,1.0,1195,-1.035099455765856
long,1.0,1196,-1.4766143703435495
long,1.0,1197,-0.887765917790566
long,1.0,1198,-1.3204250235813813
long,1.0,1199,-1.6708982951360292
long,1.0,1200,-1.01170894324006
long,1.0,1201,-1.0978382387835348
long,1.0,1202,-1.2060501921158786
long,1.0,1203,-1.2446082025540735
long,1.0,1204,-0.998588032155355
long,1.0,1205,-1.1191609077436064
long,1.0,1206,-1.0803101116514733
long,1.0,1207,-1.041020395954006
long,1.0,1208,-1.4387818132404018
long,1.0,1209,-0.9830660803902362
long,1.0,1210,-1.440356926618572
long,1.0,1211,-1.0289418700060207
long,1.0,1212,-1.00551117359447
long,1.0,1213,-0.9737538999174554
long,1.0,1214,-1.4572684591403526
long,1.0,1215,-1.1547116727850628
long,1.0,1216,-1.2855835960214501
long,1.0,1217,-1.7155200838846174
long,1.0,1218,-1.633010427352213
long,1.0,1219,-1.552809524847337
long,1.0,1220,-1.0342908667660313
long,1.0,1221,-1.4088060544453398
long,1.0,1222,-1.1435935785409739
long,1.0,1223,-1.4436246384780735
long,1.0,1224,-1.1184611094500176
long,1.0,1225,-1.1043090122634593
long,1.0,1226,-1.6212018586539276
long,1.0,1227,-0.974061121775198
long,1.0,1228,-1.1256710460690564
long,1.0,1229,-1.315853952044811
long,1.0,1230,-1.4205471892615884
long,1.0,1231,-1.499154413533545
long,1.0,1232,-1.5536313499200767
long,1.0,1233,-1.472477531515393
long,1.0,1234,-1.4110683370173123
long,1.0,1235,-0.988051173909057
long,1.0,1236,-1.0312000969482196
long,1.0,1237,-1.171758385272635
long,1.0,1238,-1.3731962572590268
long,1.0,1239,-1.2388865389897208
long,1.0,1240,-1.0563064210150477
long,1.0,1241,-1.299949560046179
long,1.0,1242,-1.5129749284798601
long,1.0,1243,-1.2789373514546623
long,1.0,1244,-0.9971116190974897
long,1.0,1245,-0.9139182801608174
long,1.0,1246,-1.237515436156745
long,1.0,1247,-0.9108173361581028
long,1.0,1248,-1.1659104957588617
long,1.0,1249,-1.2170027863849304
long,1.0,1250,-1.238987770779724
long,1.0,1251,-1.560906175660631
long,1.0,1252,-1.1536224544610922
long,1.0,1253,-1.3489909792435324
long,1.0,1254,-1.0152943889702286
long,1.0,1255,-1.1282566545233041
long,1.0,1256,-1.3558743748937834
long,1.0,1257,-1.3115945491919485
long,1.0,1258,-1.1719777620941174
long,1.0,1259,-1.5624232612026792
long,1.0,1260,-1.1817660958483893
long,1.0,1261,-1.1001644765860008
long,1.0,1262,-1.0063827867703514
long,1.0,1263,-1.1752984083308944
long,1.0,1264,-1.1934883506968932
long,1.0,1265,-1.111959094429927
long,1.0,1266,-1.0588409233364333
long,1.0,1267,-1.1748224207531577
long,1.0,1268,-1.4750987822086972
long,1.0,1269,-1.3834277594187534
long,1.0,1270,-1.1346541602678002
long,1.0,1271,-1.3973992615147224
long,1.0,1272,-1.1665460742750686
long,1.0,1273,-1.1129430875154325
long,1.0,1274,-1.662915648689018
long,1.0,1275,-1.6430010802152804
long,1.0,1276,-1.2144797139256425
long,1.0,1277,-1.443870750993488
long,1.0,1278,-1.3601789188347202
long,1.0,1279,-1.3852341981118665
long,1.0,1280,-1.0579235369720081
long,1.0,1281,-1.2163192378013006
long,1.0,1282,-1.4174901991715236
long,1.0,1283,-1.0969390987445344
long,1.0,1284,-1.1476417073092915
long,1.0,1285,-1.5463532945617813
long,1.0,1286,-0.9565563745235275
long,1.0,1287,-1.5456055622231342
long,1.0,1288,-1.000361170962662
long,1.0,1289,-1.1191616576929324
long,1.0,1290,-1.197445551691366
long,1.0,1291,-1.1069772986583806
long,1.0,1292,-1.2273320304757322
long,1.0,1293,-0.9796648836095048
long,1.0,1294,-1.2449358157061967
long,1.0,1295,-1.2174590492280257
long,1.0,1296,-1.1200159245050145
long,1.0,1297,-1.4274288459483293
long,1.0,1298,-1.344204996705289
long,1.0,1299,-0.9300535250931317
long,1.0,1300,-0.7974138917300572
long,1.0,1301,-1.1572865038114433
long,1.0,1302,-1.3109396124794308
long,1.0,1303,-1.1261194172422466
long,1.0,1304,-1.9005167208518827
long,1.0,1305,-1.1471919084046314
long,1.0,1306,-1.213968126598034
long,1.0,1307,-0.9512890513579774
long,1.0,1308,-1.2224587926807502
long,1.0,1309,-1.1982067764640623
long,1.0,1310,-1.1325620709718591
long,1.0,1311,-1.5235814850840155
long,1.0,1312,-1.8408181860841466
long,1.0,1313,-0.9956791113869105
long,1.0,1314,-1.4384236178466479
long,1.0,1315,-1.0711989752680078
long,1.0,1316,-1.20200971221439
long,1.0,1317,-1.0150730249495452
long,1.0,1318,-1.017917543210622
long,1.0,1319,-1.190127952705304
long,1.0,1320,-1.6422183872798313
long,1.0,1321,-0.9887991402531217
long,1.0,1322,-1.148914740122825
long,1.0,1323,-1.0116884272858693
long,1.0,1324,-1.2312990717417212
long,1.0,1325,-1.190700797357058
long,1.0,1326,-1.880092754592935
long,1.0,1327,-1.3716195733456935
long,1.0,1328,-1.2784115944474892
long,1.0,1329,-1.1157147720788143
long,1.0,1330,-1.2574544241001684
long,1.0,1331,-0.9880792811892279
long,1.0,1332,-1.144145396285061
long,1.0,1333,-1.0404490380518145
long,1.0,1334,-1.0035529162830166
long,1.0,1335,-1.2511901282374958
long,1.0,1336,-1.6941534530686337
long,1.0,1337,-1.1186298931791057
long,1.0,1338,-1.4579361063631735
long,1.0,1339,-1.3842948739175973
long,1.0,1340,-1.1554067593117938
long,1.0,1341,-0.9906652307435606
long,1.0,1342,-1.593688051031522
long,1.0,1343,-1.1613248817311215
long,1.0,1344,-1.0054278957251401
long,1.0,1345,-1.1156416982850994
long,1.0,1346,-1.0444646554944035
long,1.0,1347,-1.1144259668349725
long,1.0,1348,-0.9974731590806781
long,1.0,1349,-1.078311082156735
long,1.0,1350,-1.1829066228782983
long,1.0,1351,-1.1352023092481054
long,1.0,1352,-1.154610391689555
long,1.0,1353,-1.0022575549523076
long,1.0,1354,-1.526065395131507
long,1.0,1355,-1.11318800220977
long,1.0,1356,-1.1157403986546062
long,1.0,1357,-1.0434816021983908
long,1.0,1358,-1.5289362104524418
long,1.0,1359,-1.648736072246129
long,1.0,1360,-1.0046002468229291
long,1.0,1361,-1.403180474232474
long,1.0,1362,-1.1276507700874323
long,1.0,1363,-1.305760432754438
long,1.0,1364,-0.9685892627317926
long,1.0,1365,-1.148797126125709
long,1.0,1366,-1.7288104468470575
long,1.0,1367,-1.0756213612287213
long,1.0,1368,-0.8638591230685435
long,1.0,1369,-1.3474328456813864
long,1.0,1370,-1.0898968823339572
long,1.0,1371,-1.293006229777806
long,1.0,1372,-1.1151192081753436
long,1.0,1373,-1.1598530465830224
long,1.0,1374,-1.2723757357119114
long,1.0,1375,-1.290055523497917
long,1.0,1376,-1.135545870188416
long,1.0,1377,-1.2781199477142309
long,1.0,1378,-1.327752113204358
long,1.0,1379,-1.5897454629325203
long,1.0,1380,-0.9832319543302839
long,1.0,1381,-1.1190249561524466
long,1.0,1382,-1.1571874318537578
long,1.0,1383,-1.099342438409005
long,1.0,1384,-1.0026208560807215
long,1.0,1385,-1.3745746834505905
long,1.0,1386,-1.195302814748245
long,1.0,1387,-1.3779428409998584
long,1.0,1388,-0.9798300075751354
long,1.0,1389,-1.1174762145846933
long,1.0,1390,-1.051237960256677
long,1.0,1391,-1.4015663584006668
long,1.0,1392,-1.6042014868536132
long,1.0,1393,-1.173295111298135
long,1.0,1394,-1.202993069459367
long,1.0,1395,-1.3602418913506564
long,1.0,1396,-0.9779471739257105
long,1.0,1397,-1.342248635419276
long,1.0,1398,-1.282328456050232
long,1.0,1399,-1.2128886299403907
long,1.0,1400,-1.6685035475851928
long,1.0,1401,-1.1671696557736333
long,1.0,1402,-1.3003031465772537
long,1.0,1403,-1.0478294183508727
long,1.0,1404,-1.5150239827371734
long,1.0,1405,-1.0939145921753122
long,1.0,1406,-1.48162671626913
long,1.0,1407,-0.8950693722078182
long,1.0,1408,-1.104418568510692
long,1.0,1409,-1.2823317775204357
long,1.0,1410,-1.2101711402366573
long,1.0,1411,-0.8533612663989733
long,1.0,1412,-1.1508314518909724
long,1.0,1413,-1.0572890429865505
long,1.0,1414,-0.9809478765106207
long,1.0,1415,-1.522548677750382
long,1.0,1416,-1.4435556337210909
long,1.0,1417,-1.1086926229660587
long,1.0,1418,-1.0405179013259045
long,1.0,1419,-1.3602010903250827
long,1.0,1420,-1.177666253080919
long,1.0,1421,-1.1183921723970824
long,1.0,1422,-1.5382583294039298
long,1.0,1423,-1.1021067536534057
long,1.0,1424,-1.5105796884224068
long,1.0,1425,-1.0653400999503393
long,1.0,1426,-1.346029656720496
long,1.0,1427,-1.0362839500548306
long,1.0,1428,-1.0949895755885921
long,1.0,1429,-1.2602163558206578
long,1.0,1430,-1.1940923317607581
long,1.0,1431,-1.2516007913983747
long,1.0,1432,-1.320885172190099
long,1.0,1433,-1.3609420576268438
long,1.0,1434,-1.1674352146748443
long,1.0,1435,-1.5217512769862602
long,1.0,1436,-1.7259845537690657
long,1.0,1437,-1.1088753185569566
long,1.0,1438,-1.1268712622457846
long,1.0,1439,-1.5616350147963591
long,1.0,1440,-0.987373717194036
long,1.0,1441,-0.948617248791647
long,1.0,1442,-1.1258452067644285
long,1.0,1443,-1.4771894390243219
long,1.0,1444,-1.3240364316434807
long,1.0,1445,-1.06726237472522
long,1.0,1446,-0.9866497387960053
long,1.0,1447,-1.104470840622433
long,1.0,1448,-1.3580719459173165
long,1.0,1449,-1.1762019674907447
long,1.0,1450,-1.116390236878476
long,1.0,1451,-1.1281212671424978
long,1.0,1452,-1.0011027103841725
long,1.0,1453,-1.361178145156931
long,1.0,1454,-1.1730148969601222
long,1.0,1455,-1.3883533284923164
long,1.0,1456,-1.0957579737366643
long,1.0,1457,-1.0182408889949877
long,1.0,1458,-1.1520545697931162
long,1.0,1459,-1.1050158537737973
long,1.0,1460,-1.146129979600022
long,1.0,1461,-1.1204604805783458
long,1.0,1462,-1.4696310404629183
long,1.0,1463,-1.1632243471307264
long,1.0,1464,-1.537957642925105
long,1.0,1465,-0.9127256028167846
long,1.0,1466,-1.3263667540750155
long,1.0,1467,-1.7239455303767373
long,1.0,1468,-1.2199495815945611
long,1.0,1469,-0.9858751150233943
long,1.0,1470,-1.1243647126308554
long,1.0,1471,-1.0411189868967117
long,1.0,1472,-1.0468373587854316
long,1.0,1473,-1.1144584456944286
long,1.0,1474,-1.146692591988638
long,1.0,1475,-1.450263387880829
long,1.0,1476,-1.4238060296369834
long,1.0,1477,-1.334253996939053
long,1.0,1478,-1.1346764739621786
long,1.0,1479,-1.3126168566057281
long,1.0,1480,-1.4394918847145193
long,1.0,1481,-1.0468046199491503
long,1.0,1482,-1.5452918147445986
long,1.0,1483,-1.0231159507105958
long,1.0,1484,-1.1405975964480988
long,1.0,1485,-1.0470231957807201
long,1.0,1486,-1.506472732688837
long,1.0,1487,-1.0701729715517276
long,1.0,1488,-1.0692352533763063
long,1.0,1489,-1.2057643405841911
long,1.0,1490,-1.213379332206125
long,1.0,1491,-1.3038409733470764
long,1.0,1492,-1.3714342203955232
long,1.0,1493,-1.2142322188098431
long,1.0,1494,-1.2184222440128083
long,1.0,1495,-1.3329403884400937
long,1.0,1496,-1.0237074768229015
long,1.0,1497,-1.1418398500976572
long,1.0,1498,-1.2704495798123168
long,1.0,1499,-1.232957945628959
long,1.0,1500,-1.5639264257535572
long,1.0,1501,-1.063726030495968
long,1.0,1502,-1.0891662742832373
long,1.0,1503,-1.4987565128310445
long,1.0,1504,-1.0285409385684554
long,1.0,1505,-1.0428906271741887
long,1.0,1506,-1.1343241832800663
long,1.0,1507,-1.5716175534655068
long,1.0,1508,-1.6110724107635923
long,1.0,1509,-1.0396215794976371
long,1.0,1510,-1.1972291837845273
long,1.0,1511,-1.4396923898605103
long,1.0,1512,-1.0996660664859397
long,1.0,1513,-1.7953195031355933
long,1.0,1514,-1.1870188530684918
long,1.0,1515,-1.3225295515523239
long,1.0,1516,-1.245580874403002
long,1.0,1517,-1.3305657454756001
long,1.0,1518,-1.1928460680309403
long,1.0,1519,-0.9656940499970827
long,1.0,1520,-1.018498868514344
long,1.0,1521,-1.3381934945465186
long,1.0,1522,-1.1655478772197732
long,1.0,1523,-0.8858754207142048
long,1.0,1524,-1.1331053699178781
long,1.0,1525,-1.5302747522516267
long,1.0,1526,-1.0392253658554784
long,1.0,1527,-1.2113054853665057
long,1.0,1528,-1.0453126392162073
long,1.0,1529,-1.4393818653523092
long,1.0,1530,-0.9919383084530609
long,1.0,1531,-1.122541624191778
long,1.0,1532,-0.9689437638274786
long,1.0,1533,-1.0956433306319628
long,1.0,1534,-1.214384288636143
long,1.0,1535,-1.127433207516083
long,1.0,1536,-1.060734175337762
long,1.0,1537,-1.6142170586670506
long,1.0,1538,-1.1603760395578004
long,1.0,1539,-1.3990520726271458
long,1.0,1540,-1.1744211709964099
long,1.0,1541,-1.1013851979989187
long,1.0,1542,-1.2790962505733598
long,1.0,1543,-2.0206697301508982
long,1.0,1544,-1.3013039951588028
long,1.0,1545,-1.0711190413530969
long,1.0,1546,-1.1163413724608773
long,1.0,1547,-1.164463993693497
long,1.0,1548,-1.0579602127938494
long,1.0,1549,-1.3106786304099813
long,1.0,1550,-0.974772260564048
long,1.0,1551,-1.6409355467032933
long,1.0,1552,-1.5341045354718352
long,1.0,1553,-1.3592864713512902
long,1.0,1554,-1.0387874574039273
long,1.0,1555,-1.076350938699127
long,1.0,1556,-1.3971588165411446
long,1.0,1557,-1.147689656509
long,1.0,1558,-1.378817271323413
long,1.0,1559,-1.5501387393419734
long,1.0,1560,-1.135769011128419
long,1.0,1561,-0.9873985075385175
long,1.0,1562,-1.0103056727194395
long,1.0,1563,-1.2452718865585162
long,1.0,1564,-1.1403471811511023
long,1.0,1565,-1.5211404384976723
long,1.0,1566,-1.5983040885998585
long,1.0,1567,-1.2626671831478735
long,1.0,1568,-1.8129317971662813
long,1.0,1569,-1.6006975023343777
long,1.0,1570,-1.4823437353516253
long,1.0,1571,-1.0828230013668905
long,1.0,1572,-1.5485636301177976
long,1.0,1573,-1.537868008992796
long,1.0,1574,-1.4224818023392227
long,1.0,1575,-1.1069262212560673
long,1.0,1576,-1.0774609909113173
long,1.0,1577,-1.040293304991641
long,1.0,1578,-1.0375413430052132
long,1.0,1579,-1.277887878633206
long,1.0,1580,-1.1349505975261833
long,1.0,1581,-1.642756222038315
long,1.0,1582,-1.3560784085208635
long,1.0,1583,-1.6155611739933617
long,1.0,1584,-1.142137204298552
long,1.0,1585,-1.5746663444354068
long,1.0,1586,-1.0397058903758016
long,1.0,1587,-1.1241531339386068
long,1.0,1588,-1.155396893512647
long,1.0,1589,-1.3819992861427675
long,1.0,1590,-1.5181486630721146
long,1.0,1591,-1.2673084385120923
long,1.0,1592,-1.0935462219633625
long,1.0,1593,-0.962131179661226
long,1.0,1594,-1.4018250248897224
long,1.0,1595,-1.1082764390633715
long,1.0,1596,-1.0642869348588122
long,1.0,1597,-1.4569399420688638
long,1.0,1598,-1.1516740266161574
long,1.0,1599,-0.9391635619926235
long,1.0,1600,-0.9570569965780005
long,1.0,1601,-1.4275996164102498
long,1.0,1602,-1.6673047124838065
long,1.0,1603,-1.0875689016046879
long,1.0,1604,-1.0080769967052847
long,1.0,1605,-1.0612876873424437
long,1.0,1606,-1.1128265635144525
long,1.0,1607,-1.0043934602150375
long,1.0,1608,-1.302655534915897
long,1.0,1609,-1.0453498366412735
long,1.0,1610,-1.3845768987815132
long,1.0,1611,-1.2624796559377862
long,1.0,1612,-1.5720937422352192
long,1.0,1613,-1.10176073447031
long,1.0,1614,-1.176858443345675
long,1.0,1615,-1.08455314119937
long,1.0,1616,-0.9312231889693081
long,1.0,1617,-1.0172362811574263
long,1.0,1618,-1.036268471633321
long,1.0,1619,-1.4959781731991248
long,1.0,1620,-1.1549637786678155
long,1.0,1621,-1.0236227987763653
long,1.0,1622,-1.165085190504137
long,1.0,1623,-1.0921051284062646
long,1.0,1624,-0.9291619628026064
long,1.0,1625,-1.034139260120106
long,1.0,1626,-1.239559155346237
long,1.0,1627,-1.7003593641603285
long,1.0,1628,-1.0644994376076804
long,1.0,1629,-1.0310334395896605
long,1.0,1630,-1.6272229388719093
long,1.0,1631,-0.9985975727576993
long,1.0,1632,-1.6893051713595018
long,1.0,1633,-1.4821430960924227
long,1.0,1634,-1.348952263211058
long,1.0,1635,-1.437227722915284
long,1.0,1636,-1.1788772761403843
long,1.0,1637,-1.0590636907784967
long,1.0,1638,-1.5844476307220745
long,1.0,1639,-0.9992350390263274
long,1.0,1640,-1.478923059474273
long,1.0,1641,-1.1580969911629106
long,1.0,1642,-1.6855915188454391
long,1.0,1643,-1.151081216770755
long,1.0,1644,-1.4340338046892247
long,1.0,1645,-0.994096119444205
long,1.0,1646,-1.130884075233652
long,1.0,1647,-1.5211463512933943
long,1.0,1648,-1.0418275407715707
long,1.0,1649,-1.4846736068334416
long,1.0,1650,-1.1236784985026984
long,1.0,1651,-1.1102676288831907
long,1.0,1652,-0.9898080288332864
long,1.0,1653,-1.4880139647513357
long,1.0,1654,-1.2676469441122225
long,1.0,1655,-1.2249706495366903
long,1.0,1656,-1.0740304594774033
long,1.0,1657,-0.7913808332679924
long,1.0,1658,-1.131852228812417
long,1.0,1659,-0.9922107707548985
long,1.0,1660,-1.1155723374404654
long,1.0,1661,-1.2746350992383713
long,1.0,1662,-1.1243077584600403
long,1.0,1663,-1.1202595414950909
long,1.0,1664,-1.0674650200669575
long,1.0,1665,-1.1459287306827712
long,1.0,1666,-1.1821041191105806
long,1.0,1667,-0.934599041658989
long,1.0,1668,-0.8247232089760671
long,1.0,1669,-1.8081912390031254
long,1.0,1670,-1.5480402684871675
long,1.0,1671,-1.182618036874793
long,1.0,1672,-1.3930607517761133
long,1.0,1673,-1.263837005538192
long,1.0,1674,-1.140624059243947
long,1.0,1675,-0.9025974166955735
long,1.0,1676,-1.1798765144522605
long,1.0,1677,-1.3480257745622848
long,1.0,1678,-1.2326893961988776
long,1.0,1679,-1.7591100829557929
long,1.0,1680,-1.0170891275468292
long,1.0,1681,-1.3004408114157155
long,1.0,1682,-1.0530440187232537
long,1.0,1683,-1.127072455292
long,1.0,1684,-1.1841909417839562
long,1.0,1685,-1.5050408376778752
long,1.0,1686,-1.151246572633693
long,1.0,1687,-1.1286559144706383
long,1.0,1688,-1.6877142652947883
long,1.0,1689,-0.9235374480110594
long,1.0,1690,-1.3435900061428243
long,1.0,1691,-1.755107816924956
long,1.0,1692,-1.1132343342868474
long,1.0,1693,-1.691168845278861
long,1.0,1694,-1.4206003126545697
long,1.0,1695,-1.514229934642733
long,1.0,1696,-1.1843838022080593
long,1.0,1697,-1.0834560955906767
long,1.0,1698,-1.1729838250865805
long,1.0,1699,-1.4493459998684166
long,1.0,1700,-1.2373659181430028
long,1.0,1701,-1.3337539034964787
long,1.0,1702,-1.181813525050313
long,1.0,1703,-1.1579797259682472
long,1.0,1704,-1.1178374603757597
long,1.0,1705,-1.0546930974289137
long,1.0,1706,-1.5220973641591453
long,1.0,1707,-1.4981722080885223
long,1.0,1708,-1.1468163819426287
long,1.0,1709,-1.2525650747987915
long,1.0,1710,-1.1160925841506553
long,1.0,1711,-1.0502723907212044
long,1.0,1712,-1.1607246767280217
long,1.0,1713,-1.4765507733074097
long,1.0,1714,-1.0858693820535184
long,1.0,1715,-1.582806313437299
long,1.0,1716,-1.1288002718189143
long,1.0,1717,-1.256820438748137
long,1.0,1718,-1.6158670371115784
long,1.0,1719,-1.686764262834909
long,1.0,1720,-1.2290998282715557
long,1.0,1721,-1.2059077526533604
long,1.0,1722,-1.0584286254724886
long,1.0,1723,-1.5060976196305138
long,1.0,1724,-1.2812747254086114
long,1.0,1725,-1.698462145153304
long,1.0,1726,-0.8526855849621429
long,1.0,1727,-1.1960855505836456
long,1.0,1728,-1.122236904677574
long,1.0,1729,-1.2573736276256735
long,1.0,1730,-1.0481099837337176
long,1.0,1731,-1.0966486441782883
long,1.0,1732,-1.1607436920563279
long,1.0,1733,-1.2308197419015803
long,1.0,1734,-1.3542581006792875
long,1.0,1735,-1.3963417766862802
long,1.0,1736,-1.1311665949631713
long,1.0,1737,-1.2027871697010506
long,1.0,1738,-1.070476972417523
long,1.0,1739,-1.1794624534443219
long,1.0,1740,-1.3142427166966644
long,1.0,1741,-0.9291493284682562
long,1.0,1742,-1.0939467226019857
long,1.0,1743,-1.202092379268839
long,1.0,1744,-0.9933886794679727
long,1.0,1745,-1.1683415435974709
long,1.0,1746,-1.1856088299733418
long,1.0,1747,-1.1471036020369474
long,1.0,1748,-1.1149373214272105
long,1.0,1749,-1.2810724687607782
long,1.0,1750,-1.0435849766085854
long,1.0,1751,-0.876864362863312
long,1.0,1752,-1.0049901712661156
long,1.0,1753,-1.3603800020892298
long,1.0,1754,-1.2237055332787437
long,1.0,1755,-1.226870433267465
long,1.0,1756,-0.9000472385793186
long,1.0,1757,-0.9289741636104106
long,1.0,1758,-1.1333426919121157
long,1.0,1759,-1.0092369700266255
long,1.0,1760,-1.0935168881458688
long,1.0,1761,-1.070514749437106
long,1.0,1762,-1.623125398325586
long,1.0,1763,-1.6867896079954394
long,1.0,1764,-1.2623505578791467
long,1.0,1765,-1.1422978706192282
long,1.0,1766,-1.3323809764961276
long,1.0,1767,-1.163665236659433
long,1.0,1768,-1.114524745641493
long,1.0,1769,-1.0628685514555134
long,1.0,1770,-1.01012031041153
long,1.0,1771,-1.1192008645472833
long,1.0,1772,-1.628957626980605
long,1.0,1773,-1.359151802635874
long,1.0,1774,-1.5725914469500588
long,1.0,1775,-1.6509434214787462
long,1.0,1776,-0.9860037084795263
long,1.0,1777,-1.0274085808870717
long,1.0,1778,-0.9682402923342605
long,1.0,1779,-1.1869123461687794
long,1.0,1780,-1.5515394531151467
long,1.0,1781,-1.1557765041810242
long,1.0,1782,-1.038616845702734
long,1.0,1783,-1.0081353550187415
long,1.0,1784,-0.9688370641181854
long,1.0,1785,-1.2115233407986135
long,1.0,1786,-1.086228612132748
long,1.0,1787,-1.04455721472341
long,1.0,1788,-1.7267615441560045
long,1.0,1789,-1.19585007296488
long,1.0,1790,-1.0953478694746246
long,1.0,1791,-1.1100068678155504
long,1.0,1792,-1.1018340469769468
long,1.0,1793,-1.4994029949469134
long,1.0,1794,-0.9839506123081427
long,1.0,1795,-1.1485657630165098
long,1.0,1796,-1.107525347286218
long,1.0,1797,-1.094867093773168
long,1.0,1798,-1.6396531145716222
long,1.0,1799,-1.133378378514443
long,1.0,1800,-1.0753839432208692
long,1.0,1801,-1.0345171641694288
long,1.0,1802,-1.2065286777067104
long,1.0,1803,-0.9975336675433488
long,1.0,1804,-1.309593427752565
long,1.0,1805,-1.6594356525773613
long,1.0,1806,-1.252159213912919
long,1.0,1807,-1.046353637811259
long,1.0,1808,-1.1639470075159803
long,1.0,1809,-0.9775936655841373
long,1.0,1810,-0.982122590145966
long,1.0,1811,-0.9566999974570464
long,1.0,1812,-1.21522946462254
long,1.0,1813,-1.181123078429579
long,1.0,1814,-1.2964855258727805
long,1.0,1815,-1.181171641219253
long,1.0,1816,-1.4257295167724937
long,1.0,1817,-1.506629325963813
long,1.0,1818,-1.3703863556392006
long,1.0,1819,-1.2419470402343304
long,1.0,1820,-1.0181702531899708
long,1.0,1821,-1.0809877144532463
long,1.0,1822,-1.1463359460706748
long,1.0,1823,-1.0059573368280277
long,1.0,1824,-1.5828051713240245
long,1.0,1825,-1.2496746940507228
long,1.0,1826,-1.1597456878783017
long,1.0,1827,-1.558537121351804
long,1.0,1828,-1.470539385412848
long,1.0,1829,-0.9989191777340756
long,1.0,1830,-1.1794245969435915
long,1.0,1831,-1.1269011944441039
long,1.0,1832,-1.0314056342958033
long,1.0,1833,-1.1176134392360504
long,1.0,1834,-0.9269045771101797
long,1.0,1835,-1.128607933834825
long,1.0,1836,-1.097442554873823
long,1.0,1837,-1.366352608848491
long,1.0,1838,-1.0460900221067513
long,1.0,1839,-1.2109212420918776
long,1.0,1840,-1.1754992204457648
long,1.0,1841,-0.7850463695802556
long,1.0,1842,-1.0577438522724485
long,1.0,1843,-1.726590776897215
long,1.0,1844,-1.085726686676548
long,1.0,1845,-1.1931380973323018
long,1.0,1846,-1.050278409861943
long,1.0,1847,-0.9363886687456184
long,1.0,1848,-1.015073630833856
long,1.0,1849,-1.7408537410153204
long,1.0,1850,-1.3886136336526431
long,1.0,1851,-1.1353477545779926
long,1.0,1852,-1.196762602659992
long,1.0,1853,-1.0851482171726512
long,1.0,1854,-1.5503784053883578
long,1.0,1855,-1.105711421365287
long,1.0,1856,-1.5659932043108913
long,1.0,1857,-1.034782332269434
long,1.0,1858,-1.533238517900606
long,1.0,1859,-1.2408740038916855
long,1.0,1860,-1.1322056186820408
long,1.0,1861,-0.8922817717316052
long,1.0,1862,-0.8032379008365367
long,1.0,1863,-1.4715279182818852
long,1.0,1864,-1.3025491428444667
long,1.0,1865,-1.2808290900644983
long,1.0,1866,-1.3045440199532197
long,1.0,1867,-0.8953299980766614
long,1.0,1868,-1.3598648557542197
long,1.0,1869,-1.239620534425581
long,1.0,1870,-1.4622528861461312
long,1.0,1871,-1.1256263446539547
long,1.0,1872,-1.954322876400278
long,1.0,1873,-1.5439366853969936
long,1.0,1874,-1.1667902933629222
long,1.0,1875,-1.1021812374307043
long,1.0,1876,-1.167280253703537
long,1.0,1877,-1.1185862343269197
long,1.0,1878,-1.5353286069817838
long,1.0,1879,-1.1955892194059763
long,1.0,1880,-1.1097976558045977
long,1.0,1881,-1.0887194296526757
long,1.0,1882,-1.6847636604196432
long,1.0,1883,-1.0740680587423004
long,1.0,1884,-1.0627356066184719
long,1.0,1885,-1.1929228901611737
long,1.0,1886,-1.3053280690904772
long,1.0,1887,-1.1522877539136127
long,1.0,1888,-1.1822657372390708
long,1.0,1889,-1.1129791552482855
long,1.0,1890,-0.9479161559505619
long,1.0,1891,-1.8214306604975117
long,1.0,1892,-1.6856059414418958
long,1.0,1893,-1.283360254521303
long,1.0,1894,-1.3835541865215268
long,1.0,1895,-1.4169559641662204
long,1.0,1896,-1.5053240553123524
long,1.0,1897,-1.4947415196861091
long,1.0,1898,-1.1954582338707394
long,1.0,1899,-1.2276921325638854
long,1.0,1900,-1.5473386877907203
long,1.0,1901,-1.2546009371311089
long,1.0,1902,-1.2712217629748577
long,1.0,1903,-1.168422263815208
long,1.0,1904,-1.4997321354514428
long,1.0,1905,-1.3429878915339188
long,1.0,1906,-1.2602064214636095
long,1.0,1907,-1.2751083231593525
long,1.0,1908,-0.9548802874542054
long,1.0,1909,-1.0442141313258515
long,1.0,1910,-1.499197947893544
long,1.0,1911,-1.272203618122964
long,1.0,1912,-1.036825093050395
long,1.0,1913,-1.2542083267696578
long,1.0,1914,-1.2268921116327525
long,1.0,1915,-1.3705062945204516
long,1.0,1916,-1.1255820436977624
long,1.0,1917,-1.5813995637585898
long,1.0,1918,-1.0896184313617778
long,1.0,1919,-1.3268422296529632
long,1.0,1920,-1.1064579013574
long,1.0,1921,-1.3655485835826027
long,1.0,1922,-1.0084994687235391
long,1.0,1923,-1.1900721295555445
long,1.0,1924,-1.1568594799586212
long,1.0,1925,-1.1350470911716808
long,1.0,1926,-1.0710500035266686
long,1.0,1927,-1.1969956743491674
long,1.0,1928,-1.231084156604792
long,1.0,1929,-1.230903962135296
long,1.0,1930,-1.6254690710683621
long,1.0,1931,-1.2256395492229653
long,1.0,1932,-1.136416986704729
long,1.0,1933,-0.9227160432466853
long,1.0,1934,-1.162685563041636
long,1.0,1935,-1.0601955484116596
long,1.0,1936,-1.405888671644636
long,1.0,1937,-1.44917981296205
long,1.0,1938,-1.1996110518951943
long,1.0,1939,-1.1396308593812123
long,1.0,1940,-1.673452418382293
long,1.0,1941,-0.9408745009440228
long,1.0,1942,-1.1518184075995945
long,1.0,1943,-1.2273129176789797
long,1.0,1944,-1.302280374487389
long,1.0,1945,-1.0453536838146644
long,1.0,1946,-0.9763624870872782
long,1.0,1947,-1.0873726795537468
long,1.0,1948,-1.1421855699745624
long,1.0,1949,-1.1151573220037316
long,1.0,1950,-1.168643260048919
long,1.0,1951,-1.1207986509891636
long,1.0,1952,-1.1634745265185018
long,1.0,1953,-1.4763283304144275
long,1.0,1954,-1.0162474088151254
long,1.0,1955,-1.3398175328239488
long,1.0,1956,-1.0204303370574488
long,1.0,1957,-1.1132352587920757
long,1.0,1958,-1.0692679768722197
long,1.0,1959,-1.341379570636473
long,1.0,1960,-1.17942447533552
long,1.0,1961,-1.0711299789703836
long,1.0,1962,-1.4019228998636712
long,1.0,1963,-1.1074691993630166
long,1.0,1964,-1.4054421685402207
long,1.0,1965,-1.2343627529532963
long,1.0,1966,-1.0292600436752088
long,1.0,1967,-1.6025838253370301
long,1.0,1968,-0.9119573618383093
long,1.0,1969,-1.0080140706752225
long,1.0,1970,-1.470196397522176
long,1.0,1971,-1.1388994202875227
long,1.0,1972,-1.7301040195165394
long,1.0,1973,-1.1348138832620374
long,1.0,1974,-1.0083111854828497
long,1.0,1975,-1.5035672089336187
long,1.0,1976,-1.0662859712927406
long,1.0,1977,-1.2112114185896807
long,1.0,1978,-1.1742900091177852
long,1.0,1979,-1.5991778415795375
long,1.0,1980,-1.2001104281551924
long,1.0,1981,-1.4063710302090402
long,1.0,1982,-1.305015746028398
long,1.0,1983,-1.388859102655064
long,1.0,1984,-1.0465561954346085
long,1.0,1985,-1.2390789728819518
long,1.0,1986,-1.128968303200365
long,1.0,1987,-1.2868181378074122
long,1.0,1988,-1.5284070839496067
long,1.0,1989,-1.260512637107751
long,1.0,1990,-1.097615824240578
long,1.0,1991,-1.5736147018968234
long,1.0,1992,-1.2981948466252557
long,1.0,1993,-1.2520589721627733
long,1.0,1994,-1.244583218795144
long,1.0,1995,-1.2790264288993713
long,1.0,1996,-1.3219354145155762
long,1.0,1997,-1.1379825007099464
long,1.0,1998,-1.1460069274792097
long,1.0,1999,-1.5295225803858887
long,1.1,0,-0.7106976830870751
long,1.1,1,-0.778685889329795
long,1.1,2,-0.6525555957802563
long,1.1,3,-0.7365915817163277
long,1.1,4,-0.7154662568869397
long,1.1,5,-0.9110857424731823
long,1.1,6,-0.9798233592500699
long,1.1,7,-0.8319039922859841
long,1.1,8,-1.4199784014950816
long,1.1,9,-0.8738091921357741
long,1.1,10,-0.7440519928857425
long,1.1,11,-1.0133520745221785
long,1.1,12,-0.8388144057080364
long,1.1,13,-0.7055033281011596
long,1.1,14,-1.0902207929286778
long,1.1,15,-0.9277210230148393
long,1.1,16,-0.8849213240119581
long,1.1,17,-1.0554469965950652
long,1.1,18,-0.7347784907790363
long,1.1,19,-1.009309230487275
long,1.1,20,-0.8362660180426671
long,1.1,21,-0.7781928980310878
long,1.1,22,-1.094102080197441
long,1.1,23,-0.5402196157524806
long,1.1,24,-0.7294687482596615
long,1.1,25,-0.9160378626716867
long,1.1,26,-0.7485387064496193
long,1.1,27,-0.9692678287807726
long,1.1,28,-0.8866196679898897
long,1.1,29,-0.8482235678466676
long,1.1,30,-0.8819409855478556
long,1.1,31,-0.9484710917767458
long,1.1,32,-0.6500265825679636
long,1.1,33,-0.621603724761057
long,1.1,34,-0.9526214432492248
long,1.1,35,-0.7858340284514139
long,1.1,36,-0.9509635290057761
long,1.1,37,-1.051889358319305
long,1.1,38,-0.8245333028979499
long,1.1,39,-1.0873255735899867
long,1.1,40,-0.7526615868752987
long,1.1,41,-1.0727742123911843
long,1.1,42,-0.971604070299296
long,1.1,43,-0.8129250842780559
long,1.1,44,-1.0506749670863798
long,1.1,45,-1.206394372420431
long,1.1,46,-0.78591853008666
long,1.1,47,-0.9554741224648851
long,1.1,48,-0.756279574305761
long,1.1,49,-0.968138343142359
long,1.1,50,-0.9471306891509936
long,1.1,51,-0.7732708078726229
long,1.1,52,-0.709865659692873
long,1.1,53,-1.0337129483131933
long,1.1,54,-0.9735066911056836
long,1.1,55,-0.8845798439797429
long,1.1,56,-1.1713064738526295
long,1.1,57,-0.8121941345607658
long,1.1,58,-0.5478513238681136
long,1.1,59,-1.0445078701118937
long,1.1,60,-0.8015801539600991
long,1.1,61,-0.9424209028647281
long,1.1,62,-0.9352536907703733
long,1.1,63,-0.8353184008227278
long,1.1,64,-0.8754833301265204
long,1.1,65,-0.9334312509987204
long,1.1,66,-0.8886732586035084
long,1.1,67,-0.8788424061891013
long,1.1,68,-0.8900309743062138
long,1.1,69,-0.8513649162587402
long,1.1,70,-0.8423762557712977
long,1.1,71,-0.8399062685082741
long,1.1,72,-0.8875558503758583
long,1.1,73,-0.8804640527562019
long,1.1,74,-0.7748502085366589
long,1.1,75,-1.0990942461153397
long,1.1,76,-0.6202550534250229
long,1.1,77,-0.7541919889842417
long,1.1,78,-0.9458423575938815
long,1.1,79,-0.9420219509365899
long,1.1,80,-0.9199173635684746
long,1.1,81,-0.9515630422197439
long,1.1,82,-0.7966446440672773
long,1.1,83,-1.086187158307628
long,1.1,84,-0.8273951987698704
long,1.1,85,-0.7699402504123637
long,1.1,86,-1.2011475721953038
long,1.1,87,-1.0853776250550762
long,1.1,88,-0.9148427669175425
long,1.1,89,-0.8518988221890291
long,1.1,90,-0.9392643558472924
long,1.1,91,-0.9815834298598839
long,1.1,92,-1.0870498815725331
long,1.1,93,-0.7046859920781453
long,1.1,94,-0.9241599734615707
long,1.1,95,-0.9161162945668249
long,1.1,96,-0.9580492836992344
long,1.1,97,-0.7024949822157682
long,1.1,98,-0.6882684370107558
long,1.1,99,-0.8270332559920296
long,1.1,100,-0.9114475371171766
long,1.1,101,-0.9271044229388986
long,1.1,102,-0.835234462805013
long,1.1,103,-0.6029282968036055
long,1.1,104,-0.8373035106139249
long,1.1,105,-0.8714768022658264
long,1.1,106,-1.0291175413312914
long,1.1,107,-1.2244526016489805
long,1.1,108,-0.9359352144946367
long,1.1,109,-0.7242429851647405
long,1.1,110,-0.9797568919951872
long,1.1,111,-0.6875530690651733
long,1.1,112,-0.9824475450952358
long,1.1,113,-0.6614830423838808
long,1.1,114,-1.046577255390177
long,1.1,115,-1.0015361060717203
long,1.1,116,-0.7104694931341218
long,1.1,117,-0.9011054914934225
long,1.1,118,-0.954998580939623
long,1.1,119,-0.85326639462725
long,1.1,120,-0.8472585754314024
long,1.1,121,-0.8170406018855435
long,1.1,122,-0.918900810221666
long,1.1,123,-0.8574771154369123
long,1.1,124,-0.8432067483749722
long,1.1,125,-0.9577175330234724
long,1.1,126,-0.8931862163443488
long,1.1,127,-0.7376858228975431
long,1.1,128,-1.082241352891823
long,1.1,129,-0.7268445723685978
long,1.1,130,-0.9994933388096303
long,1.1,131,-0.6450130179364767
long,1.1,132,-0.9869350068766346
long,1.1,133,-0.7909452316982936
long,1.1,134,-0.8874078346664055
long,1.1,135,-0.8962405911818766
long,1.1,136,-0.9645347794290978
long,1.1,137,-0.9040224697816349
long,1.1,138,-1.1605028547858534
long,1.1,139,-0.7914334463900485
long,1.1,140,-0.6693744145695042
long,1.1,141,-0.6529724527802353
long,1.1,142,-0.8115965455953978
long,1.1,143,-1.0523581042441104
long,1.1,144,-0.7727595700724323
long,1.1,145,-0.9928366161312645
long,1.1,146,-0.8903458731913553
long,1.1,147,-0.7151080160039652
long,1.1,148,-0.7431840261544894
long,1.1,149,-0.6620005743464326
long,1.1,150,-0.9496034911920297
long,1.1,151,-1.037885309867456
long,1.1,152,-0.8703009220126277
long,1.1,153,-1.2180186166794997
long,1.1,154,-0.6811487667233123
long,1.1,155,-0.7736608167795007
long,1.1,156,-0.6874013241727945
long,1.1,157,-0.727946079571096
long,1.1,158,-0.8735842655946077
long,1.1,159,-0.732515469920846
long,1.1,160,-0.9159209950160953
long,1.1,161,-0.8886142274842663
long,1.1,162,-0.8701619558656889
long,1.1,163,-0.8590724303735493
long,1.1,164,-0.900388778996258
long,1.1,165,-0.8279221998358193
long,1.1,166,-0.7204968028010675
long,1.1,167,-1.0519887641561938
long,1.1,168,-0.7437941723443602
long,1.1,169,-0.895256264277126
long,1.1,170,-0.6728963066724831
long,1.1,171,-0.9041381388251711
long,1.1,172,-1.2396548356039874
long,1.1,173,-0.6698048336343428
long,1.1,174,-1.2845539900975214
long,1.1,175,-0.6914201530232711
long,1.1,176,-0.8220083494776812
long,1.1,177,-1.0491341395292137
long,1.1,178,-0.9356752844623145
long,1.1,179,-0.9857671878902369
long,1.1,180,-0.7750963528271877
long,1.1,181,-1.0302366915645296
long,1.1,182,-1.0562145595819388
long,1.1,183,-0.542368083379733
long,1.1,184,-0.7614116138103156
long,1.1,185,-0.6453769265372612
long,1.1,186,-0.9908212191659249
long,1.1,187,-1.0125311110633521
long,1.1,188,-0.828925559519463
long,1.1,189,-0.9726006456622971
long,1.1,190,-0.9695998451022017
long,1.1,191,-1.1625456318603944
long,1.1,192,-0.8616732706894572
long,1.1,193,-0.8870216563602297
long,1.1,194,-1.212990999368059
long,1.1,195,-0.7207523902676568
long,1.1,196,-0.8442480303383096
long,1.1,197,-0.8700339077414425
long,1.1,198,-0.7674361893676996
long,1.1,199,-0.979321923683479
long,1.1,200,-0.9879825885630407
long,1.1,201,-1.172185956108753
long,1.1,202,-0.9267617822199908
long,1.1,203,-0.781707817027149
long,1.1,204,-0.8250462142662895
long,1.1,205,-0.9688708885033186
long,1.1,206,-0.9755468615796463
long,1.1,207,-0.7390099297150667
long,1.1,208,-1.0359408317026202
long,1.1,209,-1.1820989391471357
long,1.1,210,-0.9693184932466663
long,1.1,211,-0.9097285487506842
long,1.1,212,-0.8752441366766728
long,1.1,213,-0.7986639366080829
long,1.1,214,-0.950079492669704
long,1.1,215,-0.7711856415586883
long,1.1,216,-1.1978802765469048
long,1.1,217,-1.0062858519724054
long,1.1,218,-0.8720794408823919
long,1.1,219,-0.9539277558615061
long,1.1,220,-0.7050983369885135
long,1.1,221,-0.9049489538980221
long,1.1,222,-0.882680230808094
long,1.1,223,-0.9871654924346243
long,1.1,224,-1.1387878964465235
long,1.1,225,-1.0029993981594318
long,1.1,226,-1.0858116438646999
long,1.1,227,-0.9874841430349374
long,1.1,228,-0.9799555579541569
long,1.1,229,-0.8922939401300191
long,1.1,230,-0.6258513522075663
long,1.1,231,-1.0339774383087554
long,1.1,232,-1.0001615431166169
long,1.1,233,-0.7924330002684787
long,1.1,234,-1.1229081491313935
long,1.1,235,-0.9234414841658655
long,1.1,236,-1.0553492050946087
long,1.1,237,-0.8441968772096713
long,1.1,238,-0.8981056594001476
long,1.1,239,-0.8907029095630835
long,1.1,240,-0.8885878795327642
long,1.1,241,-0.9106509944506411
long,1.1,242,-0.8978967215356289
long,1.1,243,-0.8305495907657334
long,1.1,244,-0.9120834656064629
long,1.1,245,-0.7766440787027951
long,1.1,246,-0.9777022769915051
long,1.1,247,-0.6884116265516993
long,1.1,248,-0.9368597528227104
long,1.1,249,-0.7006240843986661
long,1.1,250,-0.7988055270165765
long,1.1,251,-0.8141308783239783
long,1.1,252,-0.807635419752679
long,1.1,253,-0.9787428532350705
long,1.1,254,-0.6256292433213577
long,1.1,255,-0.9666320258772592
long,1.1,256,-0.9156743602271462
long,1.1,257,-1.1106204064507326
long,1.1,258,-0.7989981421794123
long,1.1,259,-0.7338462771483637
long,1.1,260,-1.0202849687782818
long,1.1,261,-0.759218966861307
long,1.1,262,-0.821750513448295
long,1.1,263,-0.9675621306385552
long,1.1,264,-0.7385038314409
long,1.1,265,-0.7874936828141731
long,1.1,266,-1.0357917011759115
long,1.1,267,-0.7936416911777566
long,1.1,268,-0.7952589398458862
long,1.1,269,-0.9170767104644856
long,1.1,270,-0.9842370813421989
long,1.1,271,-0.8841286729660356
long,1.1,272,-0.8834011010836131
long,1.1,273,-0.8821074246690619
long,1.1,274,-1.170059902586398
long,1.1,275,-0.8241816116010854
long,1.1,276,-0.7999208108443486
long,1.1,277,-0.8183891099349611
long,1.1,278,-1.256306280157476
long,1.1,279,-1.0361689250833894
long,1.1,280,-0.9838879695840365
long,1.1,281,-0.8051162083706268
long,1.1,282,-1.124060386278518
long,1.1,283,-0.9194370331275131
long,1.1,284,-0.9434377570769309
long,1.1,285,-0.7834026236661339
long,1.1,286,-0.7485101289845337
long,1.1,287,-0.8487137099895871
long,1.1,288,-0.636727737630133
long,1.1,289,-0.8542771293543221
long,1.1,290,-1.015441779987964
long,1.1,291,-1.0013755822666455
long,1.1,292,-0.8673017660212953
long,1.1,293,-0.8032693661630382
long,1.1,294,-0.9208389064248503
long,1.1,295,-1.0262243779400546
long,1.1,296,-0.8042072110819906
long,1.1,297,-0.8088784946313159
long,1.1,298,-1.0854372672308754
long,1.1,299,-0.8891192164837031
long,1.1,300,-1.2537353323731784
long,1.1,301,-1.2161972525920668
long,1.1,302,-0.8405436776155228
long,1.1,303,-0.8418363628005592
long,1.1,304,-0.9144469183801904
long,1.1,305,-0.6652198857919448
long,1.1,306,-0.750178616272741
long,1.1,307,-0.8775184263907144
long,1.1,308,-0.9431574306031442
long,1.1,309,-0.8500908498419165
long,1.1,310,-0.8551232966781767
long,1.1,311,-0.9781833184707649
long,1.1,312,-0.9768953244558166
long,1.1,313,-0.7827133946397684
long,1.1,314,-1.005550901726011
long,1.1,315,-0.7538520612485401
long,1.1,316,-1.0525826930318636
long,1.1,317,-0.9420887498687845
long,1.1,318,-0.9065514668381737
long,1.1,319,-0.8164826508532425
long,1.1,320,-0.5094250940414465
long,1.1,321,-0.7241434503020879
long,1.1,322,-0.852589171194369
long,1.1,323,-1.0129714815946538
long,1.1,324,-0.6972299110797144
long,1.1,325,-0.7489904114303045
long,1.1,326,-0.7164966039659051
long,1.1,327,-1.0308644742421218
long,1.1,328,-0.8848425698302664
long,1.1,329,-0.8345946266160662
long,1.1,330,-1.0132008613100045
long,1.1,331,-1.0514092243441855
long,1.1,332,-0.819530194821195
long,1.1,333,-0.8254461403996777
long,1.1,334,-1.3436409974650474
long,1.1,335,-0.7772182848521437
long,1.1,336,-0.6517818340015671
long,1.1,337,-0.8885677388010716
long,1.1,338,-0.8508600329526038
long,1.1,339,-0.7284916742128412
long,1.1,340,-0.8771888461914449
long,1.1,341,-0.7365650543120719
long,1.1,342,-0.719582297793988
long,1.1,343,-0.7633114353352551
long,1.1,344,-0.9345220946564646
long,1.1,345,-0.898623985772068
long,1.1,346,-0.88352469770311
long,1.1,347,-0.8936056043415568
long,1.1,348,-0.9263468867898192
long,1.1,349,-0.8674894079080856
long,1.1,350,-0.7033561918672847
long,1.1,351,-0.8581544915951582
long,1.1,352,-1.054960610373929
long,1.1,353,-0.7279624979428747
long,1.1,354,-0.7816433877438254
long,1.1,355,-0.7795758544952076
long,1.1,356,-0.8587464523661212
long,1.1,357,-0.9472817988905394
long,1.1,358,-0.9473877074187542
long,1.1,359,-1.17708294828124
long,1.1,360,-1.0736891928270025
long,1.1,361,-0.8451387335944877
long,1.1,362,-1.0693615662260973
long,1.1,363,-0.8134825089177584
long,1.1,364,-1.314775372655207
long,1.1,365,-1.5782975344598569
long,1.1,366,-1.034406442331859
long,1.1,367,-0.9795715320073771
long,1.1,368,-0.6205630074528705
long,1.1,369,-1.0215739961696624
long,1.1,370,-0.9434725963827258
long,1.1,371,-0.8292998063486319
long,1.1,372,-0.8911897026946604
long,1.1,373,-0.7239978187039614
long,1.1,374,-0.9816236430271563
long,1.1,375,-0.9853464019623008
long,1.1,376,-0.6823978384438559
long,1.1,377,-0.8181166229879452
long,1.1,378,-1.1356148301517508
long,1.1,379,-0.9385925405828766
long,1.1,380,-0.9320716138863712
long,1.1,381,-0.9240312507329307
long,1.1,382,-0.9361345634698484
long,1.1,383,-0.7901784783885518
long,1.1,384,-0.7584113890605437
long,1.1,385,-1.0756135511759977
long,1.1,386,-0.6837017829829606
long,1.1,387,-0.7835469481263341
long,1.1,388,-0.8570043424716343
long,1.1,389,-0.7792984255571557
long,1.1,390,-0.7529159174817479
long,1.1,391,-0.7351592218511995
long,1.1,392,-0.6938799941080007
long,1.1,393,-0.828736204438874
long,1.1,394,-0.7319568335593553
long,1.1,395,-1.0353029499494235
long,1.1,396,-0.9212595104467113
long,1.1,397,-0.7989491815792508
long,1.1,398,-0.8679666779661082
long,1.1,399,-0.7322764967704095
long,1.1,400,-1.0852801677023027
long,1.1,401,-0.8887637862008765
long,1.1,402,-0.8904272889646249
long,1.1,403,-0.9114920788604362
long,1.1,404,-0.718633788311352
long,1.1,405,-0.8676566026774397
long,1.1,406,-0.7926024146202747
long,1.1,407,-1.0283245542123989
long,1.1,408,-0.729094768084523
long,1.1,409,-1.1211800801248917
long,1.1,410,-1.007208931301802
long,1.1,411,-0.8175360955250003
long,1.1,412,-0.8587971739826888
long,1.1,413,-0.9118584581467097
long,1.1,414,-0.9335032876789106
long,1.1,415,-0.8164486871153234
long,1.1,416,-0.9580767100086085
long,1.1,417,-0.7977561392372629
long,1.1,418,-1.3510655904865432
long,1.1,419,-1.3465514420506242
long,1.1,420,-0.8974366397406166
long,1.1,421,-1.2801265592459077
long,1.1,422,-0.7189861294087426
long,1.1,423,-0.8144453497062454
long,1.1,424,-1.1002048149495622
long,1.1,425,-1.1530479460489933
long,1.1,426,-0.851884988632775
long,1.1,427,-0.8540665007448346
long,1.1,428,-0.9026807105784753
long,1.1,429,-0.9038578352784997
long,1.1,430,-0.8275141052948274
long,1.1,431,-0.740819540971273
long,1.1,432,-1.2888714423817609
long,1.1,433,-0.772869246618552
long,1.1,434,-0.9797108189946707
long,1.1,435,-0.7569091665118686
long,1.1,436,-1.0730120882099512
long,1.1,437,-0.773590053946316
long,1.1,438,-0.7991735436558433
long,1.1,439,-0.7857289090583783
long,1.1,440,-0.8380657830124425
long,1.1,441,-0.9637092242066023
long,1.1,442,-0.8513485160287357
long,1.1,443,-0.8268801856359199
long,1.1,444,-0.8595373934712728
long,1.1,445,-0.7088892771150354
long,1.1,446,-0.5358809678390968
long,1.1,447,-0.8765595513783349
long,1.1,448,-0.9113166643923853
long,1.1,449,-0.814013076082424
long,1.1,450,-1.0013820377144511
long,1.1,451,-1.0326030920901528
long,1.1,452,-0.8368761401320637
long,1.1,453,-0.7968995601722181
long,1.1,454,-0.5432277385936822
long,1.1,455,-0.8279493165774593
long,1.1,456,-1.0541760597030128
long,1.1,457,-0.872664154801511
long,1.1,458,-0.677744325131103
long,1.1,459,-0.8104954200453216
long,1.1,460,-0.8270927098409714
long,1.1,461,-1.0749404573387324
long,1.1,462,-0.7260451969392813
long,1.1,463,-0.9052038038501282
long,1.1,464,-0.8326296239725062
long,1.1,465,-0.7698484137792723
long,1.1,466,-0.9904946844213027
long,1.1,467,-0.9318919318868902
long,1.1,468,-0.6562144534133969
long,1.1,469,-0.6647817976773159
long,1.1,470,-0.9722184866985855
long,1.1,471,-0.6911269094101371
long,1.1,472,-0.9678537753016773
long,1.1,473,-0.6924910482704929
long,1.1,474,-0.8157018428805205
long,1.1,475,-0.8411092131633131
long,1.1,476,-1.0059672083881053
long,1.1,477,-0.7983317570446824
long,1.1,478,-0.8857577581346142
long,1.1,479,-0.9185828772344853
long,1.1,480,-0.8551880270441711
long,1.1,481,-0.8706559075039437
long,1.1,482,-0.6557238210942333
long,1.1,483,-1.046187471883361
long,1.1,484,-0.9377072151679149
long,1.1,485,-1.133088218729863
long,1.1,486,-0.8399631482068571
long,1.1,487,-0.8056241105820094
long,1.1,488,-1.010066591138981
long,1.1,489,-0.7199732428274422
long,1.1,490,-1.1619589378689976
long,1.1,491,-0.7789634834517815
long,1.1,492,-0.7070669636310802
long,1.1,493,-0.8143195066117447
long,1.1,494,-1.1817858855745396
long,1.1,495,-0.7609016411748447
long,1.1,496,-0.9459396129408282
long,1.1,497,-0.7568626258803939
long,1.1,498,-0.7693803088613426
long,1.1,499,-0.9736959733473093
long,1.1,500,-0.5798461873076873
long,1.1,501,-0.8920850504195116
long,1.1,502,-1.248782629053026
long,1.1,503,-0.9447017776041894
long,1.1,504,-0.9523055333434374
long,1.1,505,-0.9386887280326682
long,1.1,506,-1.2052508941562832
long,1.1,507,-0.9007447941698935
long,1.1,508,-0.7136842438678106
long,1.1,509,-0.7064500849623303
long,1.1,510,-0.7541680460537342
long,1.1,511,-1.0431865698591005
long,1.1,512,-0.8401207201952124
long,1.1,513,-0.7522887031534028
long,1.1,514,-0.9793729093481848
long,1.1,515,-0.7646013586666983
long,1.1,516,-0.736170402979002
long,1.1,517,-0.6374150865644564
long,1.1,518,-0.9808575897305924
long,1.1,519,-0.8211987621980297
long,1.1,520,-0.8078325320814337
long,1.1,521,-0.823750655119548
long,1.1,522,-0.9280004815598678
long,1.1,523,-0.9860480726451483
long,1.1,524,-0.9548351158503224
long,1.1,525,-0.8958366103730399
long,1.1,526,-0.8559536500617094
long,1.1,527,-0.7666566218274453
long,1.1,528,-1.1320887566157711
long,1.1,529,-0.9019915591848805
long,1.1,530,-0.9229266069748322
long,1.1,531,-0.653918202152988
long,1.1,532,-0.7827833731544089
long,1.1,533,-0.9315810783226733
long,1.1,534,-0.6363833788748013
long,1.1,535,-0.850570655656629
long,1.1,536,-0.9519615756464361
long,1.1,537,-0.8149027272947653
long,1.1,538,-1.02860138497559
long,1.1,539,-0.7280861774817676
long,1.1,540,-0.9685798204557631
long,1.1,541,-0.8267423393171683
long,1.1,542,-0.954966035642027
long,1.1,543,-1.1155741050872758
long,1.1,544,-0.7406071631853547
long,1.1,545,-0.7479788691437456
long,1.1,546,-0.7769521380508392
long,1.1,547,-0.802457866976704
long,1.1,548,-1.1717773300183676
long,1.1,549,-0.9476407989401651
long,1.1,550,-0.8300129088225641
long,1.1,551,-0.9835681345559286
long,1.1,552,-0.7752392424172018
long,1.1,553,-0.8576185980795554
long,1.1,554,-0.6647091603837507
long,1.1,555,-1.0562380300556697
long,1.1,556,-0.8992578050305507
long,1.1,557,-0.8958440277389768
long,1.1,558,-0.7147227982264595
long,1.1,559,-1.0347975150304063
long,1.1,560,-0.7018098013194276
long,1.1,561,-0.8978791270998976
long,1.1,562,-0.9744297041910485
long,1.1,563,-0.8123628338574355
long,1.1,564,-0.9500277834612464
long,1.1,565,-0.8242024273433773
long,1.1,566,-0.6922000281113865
long,1.1,567,-0.7561475214786598
long,1.1,568,-0.7937823154279934
long,1.1,569,-0.8801476515947296
long,1.1,570,-0.8783876856616905
long,1.1,571,-0.7929711599945292
long,1.1,572,-0.8152547193847187
long,1.1,573,-0.7249757953351831
long,1.1,574,-1.1467627528141673
long,1.1,575,-0.9953971314042845
long,1.1,576,-0.903849837891796
long,1.1,577,-0.8638806431969346
long,1.1,578,-1.0260954674086336
long,1.1,579,-0.9436067465571858
long,1.1,580,-0.8886396591359247
long,1.1,581,-1.1775027340243105
long,1.1,582,-0.9023852640595682
long,1.1,583,-0.8166824660423353
long,1.1,584,-1.0631940747943636
long,1.1,585,-0.9189350604314016
long,1.1,586,-0.9004699946135715
long,1.1,587,-0.8719746627175528
long,1.1,588,-0.9937951067095723
long,1.1,589,-0.7623161089050855
long,1.1,590,-1.264334849319416
long,1.1,591,-0.7822653594849915
long,1.1,592,-1.1918801960845362
long,1.1,593,-1.11220458689667
long,1.1,594,-0.8244250248679201
long,1.1,595,-0.8451697544755441
long,1.1,596,-0.7500979715374978
long,1.1,597,-1.1245805690748774
long,1.1,598,-0.8998688174138281
long,1.1,599,-0.9697692320953794
long,1.1,600,-1.0248706816840167
long,1.1,601,-1.1492049521262917
long,1.1,602,-0.8564827048306224
long,1.1,603,-0.8217432494046781
long,1.1,604,-0.9512421569577592
long,1.1,605,-0.9736040522033252
long,1.1,606,-1.045689312565146
long,1.1,607,-0.6739515305562348
long,1.1,608,-1.1627397671891966
long,1.1,609,-0.777298945282795
long,1.1,610,-0.9611948037367128
long,1.1,611,-0.8045456843509452
long,1.1,612,-1.0435825072567686
long,1.1,613,-1.2210441040031255
long,1.1,614,-1.0957191970740021
long,1.1,615,-0.778882549837262
long,1.1,616,-0.9428581607193819
long,1.1,617,-0.7999725950471289
long,1.1,618,-1.1554754810753396
long,1.1,619,-1.3183850473921424
long,1.1,620,-0.9713181583804411
long,1.1,621,-1.0347110705031353
long,1.1,622,-0.9789393482539729
long,1.1,623,-0.862986005970782
long,1.1,624,-0.8423605813373045
long,1.1,625,-0.8767199411580915
long,1.1,626,-1.1695576191256876
long,1.1,627,-0.4699371591735884
long,1.1,628,-0.992881021228552
long,1.1,629,-1.3065545790584234
long,1.1,630,-1.0889583157770917
long,1.1,631,-0.8628091685356442
long,1.1,632,-0.9587084453848361
long,1.1,633,-0.5398488141096084
long,1.1,634,-1.0182953189071509
long,1.1,635,-0.8169090926148412
long,1.1,636,-1.066842933247505
long,1.1,637,-0.912878107336053
long,1.1,638,-1.0351337663112343
long,1.1,639,-0.8438288152216197
long,1.1,640,-0.9153307367205856
long,1.1,641,-0.6752594082888035
long,1.1,642,-0.7727358483746612
long,1.1,643,-0.7610203746764662
long,1.1,644,-0.8140119595935954
long,1.1,645,-0.7871043010248004
long,1.1,646,-1.0510797512815084
long,1.1,647,-1.2543395847721215
long,1.1,648,-0.8666150893359941
long,1.1,649,-1.111821708291381
long,1.1,650,-1.2182672480679662
long,1.1,651,-0.7121814385120917
long,1.1,652,-0.7597496426646506
long,1.1,653,-0.8564315032440989
long,1.1,654,-0.9499677203207201
long,1.1,655,-0.7995339663725527
long,1.1,656,-1.1781780056850533
long,1.1,657,-0.8105084497905595
long,1.1,658,-0.8506172058447753
long,1.1,659,-0.9934395651372958
long,1.1,660,-0.7958121389498447
long,1.1,661,-1.2929708598226535
long,1.1,662,-0.898509198169168
long,1.1,663,-0.8955716985044694
long,1.1,664,-1.0069913798885957
long,1.1,665,-0.8792232598508383
long,1.1,666,-1.092077383906271
long,1.1,667,-0.9271698835414569
long,1.1,668,-0.9539235778118461
long,1.1,669,-0.8483910799826516
long,1.1,670,-1.087232130668586
long,1.1,671,-0.7231775672132921
long,1.1,672,-0.7471121925882517
long,1.1,673,-0.9192244136736407
long,1.1,674,-0.7500080316812903
long,1.1,675,-0.800594551664004
long,1.1,676,-0.9250511057559443
long,1.1,677,-0.8244867587017622
long,1.1,678,-1.1350360983481251
long,1.1,679,-0.8586772132330814
long,1.1,680,-0.6190504095405682
long,1.1,681,-1.3694728301530419
long,1.1,682,-0.8869078585124746
long,1.1,683,-0.7906626739575704
long,1.1,684,-0.929026146757166
long,1.1,685,-0.9924846774613011
long,1.1,686,-0.8331760389871394
long,1.1,687,-0.675018921222357
long,1.1,688,-1.2788825688913488
long,1.1,689,-0.8778711206905063
long,1.1,690,-0.9768062070158513
long,1.1,691,-0.8649945982858729
long,1.1,692,-1.0441641647416366
long,1.1,693,-0.7241940444393326
long,1.1,694,-0.8578860604387586
long,1.1,695,-0.7587016429333159
long,1.1,696,-0.8829269685336065
long,1.1,697,-1.003517006403619
long,1.1,698,-0.8066398961243795
long,1.1,699,-1.0071685261183958
long,1.1,700,-0.6996151962027277
long,1.1,701,-1.1834237225163093
long,1.1,702,-1.0122080236011877
long,1.1,703,-0.8461272776904081
long,1.1,704,-0.6582158564490842
long,1.1,705,-0.8832282327426509
long,1.1,706,-1.035532387580545
long,1.1,707,-0.8537693622213882
long,1.1,708,-1.1098670552861796
long,1.1,709,-0.7876451316046844
long,1.1,710,-0.7758899283884367
long,1.1,711,-0.7755611346604931
long,1.1,712,-1.0011344361035217
long,1.1,713,-0.7528412140527991
long,1.1,714,-0.7639764499927642
long,1.1,715,-0.8358445784808888
long,1.1,716,-0.847944531126334
long,1.1,717,-0.9075842997366735
long,1.1,718,-0.9663291715670982
long,1.1,719,-0.8986346431460845
long,1.1,720,-0.7941209661850023
long,1.1,721,-0.7701880294652966
long,1.1,722,-1.0263356954476812
long,1.1,723,-0.9391201012928871
long,1.1,724,-0.8006064460363719
long,1.1,725,-1.260937078186414
long,1.1,726,-0.8171254437434087
long,1.1,727,-0.8911375056518847
long,1.1,728,-1.0049497374826226
long,1.1,729,-0.8347016337248623
long,1.1,730,-0.8765438662767718
long,1.1,731,-0.9184880434147416
long,1.1,732,-0.9015801784109428
long,1.1,733,-1.0123931761128397
long,1.1,734,-0.847332491414108
long,1.1,735,-0.8210990315950202
long,1.1,736,-0.8927237908595059
long,1.1,737,-0.9140919750873353
long,1.1,738,-0.8690768920723294
long,1.1,739,-0.901722176714243
long,1.1,740,-0.8204347550778196
long,1.1,741,-0.872534542921412
long,1.1,742,-0.8544393588995355
long,1.1,743,-0.8178627709855255
long,1.1,744,-0.6421883539272806
long,1.1,745,-0.8042429999476642
long,1.1,746,-0.8231787037637036
long,1.1,747,-0.9538604939286226
long,1.1,748,-0.8946988577165018
long,1.1,749,-0.7360374449114403
long,1.1,750,-1.093064824291691
long,1.1,751,-0.9199121814678228
long,1.1,752,-1.302744670451773
long,1.1,753,-0.7512266214566112
long,1.1,754,-0.9217934271326992
long,1.1,755,-0.8417786478312937
long,1.1,756,-0.9640265189096995
long,1.1,757,-0.9955971062551794
long,1.1,758,-0.6152044560601215
long,1.1,759,-0.6162029579419666
long,1.1,760,-1.0665892963039705
long,1.1,761,-0.8789118917067742
long,1.1,762,-1.044983772723343
long,1.1,763,-1.0678215215698994
long,1.1,764,-0.6334892925626356
long,1.1,765,-0.9602571906966246
long,1.1,766,-0.690004845993626
long,1.1,767,-0.8689733786582187
long,1.1,768,-0.921809599661579
long,1.1,769,-0.7340198926764951
long,1.1,770,-0.8648929184482089
long,1.1,771,-0.5448883005369625
long,1.1,772,-0.8920383293253722
long,1.1,773,-0.8966748826469239
long,1.1,774,-1.0290145623020588
long,1.1,775,-1.023993895514801
long,1.1,776,-0.831995702249861
long,1.1,777,-0.792863511965273
long,1.1,778,-0.7440744244428786
long,1.1,779,-1.0175960704926839
long,1.1,780,-0.8314983815988776
long,1.1,781,-0.7339085869983119
long,1.1,782,-0.7793553771603846
long,1.1,783,-0.7444133884062065
long,1.1,784,-0.6827969174017439
long,1.1,785,-0.7727540267204698
long,1.1,786,-0.7852991827325427
long,1.1,787,-1.078140542313426
long,1.1,788,-0.9774887458166275
long,1.1,789,-0.768583057755483
long,1.1,790,-0.8142768300296771
long,1.1,791,-0.9162197383376666
long,1.1,792,-0.830509002621273
long,1.1,793,-0.8240041867214869
long,1.1,794,-1.1546127644453301
long,1.1,795,-0.8063140302432622
long,1.1,796,-0.9453335517326314
long,1.1,797,-0.9158283841009547
long,1.1,798,-0.6994742637686239
long,1.1,799,-0.9057562810991169
long,1.1,800,-1.0780774050728215
long,1.1,801,-1.020506922366946
long,1.1,802,-0.9200866102347288
long,1.1,803,-1.2719964957151555
long,1.1,804,-0.9880701394960346
long,1.1,805,-0.8816694068751337
long,1.1,806,-0.7422454528598055
long,1.1,807,-0.6599312827021157
long,1.1,808,-0.8317043703077639
long,1.1,809,-0.9119622541980116
long,1.1,810,-0.7777684880183472
long,1.1,811,-0.5149108325531856
long,1.1,812,-0.8485152222908263
long,1.1,813,-0.7512889287318953
long,1.1,814,-0.903924019096949
long,1.1,815,-0.9556236602268545
long,1.1,816,-0.8877245620078634
long,1.1,817,-1.02927440574343
long,1.1,818,-0.5250623752097017
long,1.1,819,-0.8956897207177552
long,1.1,820,-0.8212970068580188
long,1.1,821,-1.0815700283369603
long,1.1,822,-0.8713472474421088
long,1.1,823,-0.9885267729204319
long,1.1,824,-1.3874487135918152
long,1.1,825,-0.8406093186772757
long,1.1,826,-0.9723527461484668
long,1.1,827,-0.8315924737483503
long,1.1,828,-1.0075181150631818
long,1.1,829,-0.6971024123293809
long,1.1,830,-0.9587329000059508
long,1.1,831,-0.8408297680283281
long,1.1,832,-1.0577739041791374
long,1.1,833,-0.8439940010562127
long,1.1,834,-1.3420582118716808
long,1.1,835,-0.947773234683311
long,1.1,836,-0.977884795891733
long,1.1,837,-0.6848201948522146
long,1.1,838,-0.9709397700317919
long,1.1,839,-1.1522050087707139
long,1.1,840,-1.1511334678998113
long,1.1,841,-0.9878804869092633
long,1.1,842,-0.8681256966222586
long,1.1,843,-0.899134195826768
long,1.1,844,-0.7768253105725906
long,1.1,845,-0.8074300571504833
long,1.1,846,-0.9426457490655988
long,1.1,847,-1.0792526422684576
long,1.1,848,-1.171338075631616
long,1.1,849,-0.7395441842956592
long,1.1,850,-1.1675460549447838
long,1.1,851,-0.9511158897809627
long,1.1,852,-0.8672414319079411
long,1.1,853,-0.7817109991303166
long,1.1,854,-0.712923373814658
long,1.1,855,-0.8716672687720447
long,1.1,856,-0.8714419226756439
long,1.1,857,-0.8515852406482299
long,1.1,858,-0.8873164827876994
long,1.1,859,-0.7525609709131575
long,1.1,860,-0.8198704386681747
long,1.1,861,-0.7821511629696735
long,1.1,862,-0.8750614741592029
long,1.1,863,-0.9555079257656829
long,1.1,864,-0.8410487544047858
long,1.1,865,-0.7926815523994177
long,1.1,866,-0.7041429910985603
long,1.1,867,-0.936614231990802
long,1.1,868,-0.9617116577830181
long,1.1,869,-0.9046447037476891
long,1.1,870,-0.7623562180997036
long,1.1,871,-1.1492244412442145
long,1.1,872,-0.8650205387601827
long,1.1,873,-0.7818998801914915
long,1.1,874,-1.14421362809435
long,1.1,875,-0.9199068055836895
long,1.1,876,-0.6233651354541635
long,1.1,877,-0.974323492280333
long,1.1,878,-0.9854478688835997
long,1.1,879,-1.2019948043826911
long,1.1,880,-0.933402600129545
long,1.1,881,-0.7424996026325033
long,1.1,882,-0.6023341600256873
long,1.1,883,-0.9540656078574313
long,1.1,884,-1.0597268846211816
long,1.1,885,-0.8519922676121416
long,1.1,886,-1.0524725199723857
long,1.1,887,-1.3017913172852411
long,1.1,888,-0.7138325688627457
long,1.1,889,-1.0224593947213103
long,1.1,890,-0.9384009574609882
long,1.1,891,-0.8306490814346714
long,1.1,892,-1.3025080942901393
long,1.1,893,-1.3160829567785162
long,1.1,894,-0.9998434588819792
long,1.1,895,-0.9609981802226438
long,1.1,896,-0.6411638702623542
long,1.1,897,-0.7201533734816917
long,1.1,898,-0.7306257249590384
long,1.1,899,-0.722182275920312
long,1.1,900,-1.0230773678354996
long,1.1,901,-0.9551420090034659
long,1.1,902,-0.566768920799971
long,1.1,903,-0.839304798155933
long,1.1,904,-0.8611857528730267
long,1.1,905,-0.7053949120151959
long,1.1,906,-0.7024340964386733
long,1.1,907,-0.7368436561516534
long,1.1,908,-0.8012054263220882
long,1.1,909,-0.8076893159499412
long,1.1,910,-0.9106364635653266
long,1.1,911,-0.942341350114379
long,1.1,912,-1.2410007224990802
long,1.1,913,-1.0696966092679077
long,1.1,914,-0.9447653534456812
long,1.1,915,-0.8404032454787124
long,1.1,916,-0.8883431493146192
long,1.1,917,-0.7948874327907367
long,1.1,918,-0.6815246613934861
long,1.1,919,-0.871780451029691
long,1.1,920,-0.8014848999643592
long,1.1,921,-1.038901036136729
long,1.1,922,-0.9893650396630076
long,1.1,923,-1.002100142675263
long,1.1,924,-0.8678581172044316
long,1.1,925,-0.7962686943967952
long,1.1,926,-1.0453608605404452
long,1.1,927,-0.8371454366365934
long,1.1,928,-1.1134978985565331
long,1.1,929,-1.0828751212013525
long,1.1,930,-0.8215652149945386
long,1.1,931,-0.8556928746556635
long,1.1,932,-0.6861894682033026
long,1.1,933,-0.7185187383854916
long,1.1,934,-0.8772862893112616
long,1.1,935,-0.890982196292869
long,1.1,936,-0.9232240364201849
long,1.1,937,-0.9586348079875869
long,1.1,938,-1.2091085963757968
long,1.1,939,-1.024782263679895
long,1.1,940,-1.3873063937173105
long,1.1,941,-1.0297211454155315
long,1.1,942,-0.9181936624739259
long,1.1,943,-1.2103042958885744
long,1.1,944,-1.0814355309646695
long,1.1,945,-0.9335018693893331
long,1.1,946,-0.9021367883611362
long,1.1,947,-0.9096798020711191
long,1.1,948,-0.7907334482448324
long,1.1,949,-1.0664523595051234
long,1.1,950,-0.8381250756356563
long,1.1,951,-0.8218145740382867
long,1.1,952,-0.93065269828046
long,1.1,953,-1.2356324498207012
long,1.1,954,-0.8421518491376748
long,1.1,955,-1.0022089395740743
long,1.1,956,-1.1846010347079228
long,1.1,957,-0.9765493592991753
long,1.1,958,-0.8260203023661574
long,1.1,959,-0.7531666998469134
long,1.1,960,-0.8516094016341921
long,1.1,961,-0.8903489926961874
long,1.1,962,-0.9674522218913629
long,1.1,963,-0.7357352230993052
long,1.1,964,-0.7581762918001301
long,1.1,965,-0.9504825514740286
long,1.1,966,-0.7846687757549
long,1.1,967,-1.1598386706167652
long,1.1,968,-1.022839676544997
long,1.1,969,-0.9016347822605089
long,1.1,970,-0.8371341784935905
long,1.1,971,-0.8620355312303202
long,1.1,972,-1.1082478460301652
long,1.1,973,-1.0823382806353052
long,1.1,974,-0.8523557342381698
long,1.1,975,-0.7523843708787156
long,1.1,976,-0.8024224020723628
long,1.1,977,-0.8404265521446981
long,1.1,978,-0.9315725273314734
long,1.1,979,-0.9182061799841805
long,1.1,980,-1.05627939649098
long,1.1,981,-0.9133002671629871
long,1.1,982,-1.0966335177498496
long,1.1,983,-0.8030007242595694
long,1.1,984,-1.2226720581181056
long,1.1,985,-0.7927808114421511
long,1.1,986,-0.8623735840343965
long,1.1,987,-0.9801485737219713
long,1.1,988,-0.9684436438518745
long,1.1,989,-0.869938824826754
long,1.1,990,-0.8617573318035668
long,1.1,991,-0.7032198982781944
long,1.1,992,-0.9380325325377183
long,1.1,993,-0.9962495081040539
long,1.1,994,-0.9877399504017959
long,1.1,995,-0.9653111958661653
long,1.1,996,-0.7669200725915467
long,1.1,997,-1.010444264922959
long,1.1,998,-0.9676593017234802
long,1.1,999,-0.5936456828137302
long,1.1,1000,-0.8811115969719961
long,1.1,1001,-0.8863169476593181
long,1.1,1002,-1.0729408481075333
long,1.1,1003,-0.8125097577982221
long,1.1,1004,-1.328064679602062
long,1.1,1005,-0.8355279469149279
long,1.1,1006,-0.8989343890094975
long,1.1,1007,-1.004224016842848
long,1.1,1008,-0.9075732701515684
long,1.1,1009,-0.9830382533206874
long,1.1,1010,-1.1137380540144592
long,1.1,1011,-0.7983261415475874
long,1.1,1012,-0.8891259043251644
long,1.1,1013,-0.8859082687119838
long,1.1,1014,-0.8692213237512139
long,1.1,1015,-0.9515970874682996
long,1.1,1016,-0.8290495165070831
long,1.1,1017,-0.8649489735965786
long,1.1,1018,-0.5689565216595807
long,1.1,1019,-1.0356250229985928
long,1.1,1020,-0.659748320919775
long,1.1,1021,-0.9548937573846534
long,1.1,1022,-0.9799456484300794
long,1.1,1023,-0.8170735828100275
long,1.1,1024,-1.2425287029993255
long,1.1,1025,-0.7460822336098559
long,1.1,1026,-0.9831731848340821
long,1.1,1027,-0.6461524161641166
long,1.1,1028,-1.1344011404002505
long,1.1,1029,-0.8051254244758741
long,1.1,1030,-0.7637666465783853
long,1.1,1031,-0.9325890079316378
long,1.1,1032,-0.7729043126206725
long,1.1,1033,-0.8260966537451409
long,1.1,1034,-0.9062986101058566
long,1.1,1035,-0.6713316940642314
long,1.1,1036,-0.7520333974520232
long,1.1,1037,-0.8632452716596275
long,1.1,1038,-1.1209923319192272
long,1.1,1039,-0.9147893417595121
long,1.1,1040,-1.0357336934391508
long,1.1,1041,-1.016739394545418
long,1.1,1042,-0.7309554809596333
long,1.1,1043,-0.7637274620378215
long,1.1,1044,-0.871189022259578
long,1.1,1045,-0.860521321820222
long,1.1,1046,-0.9781526846238583
long,1.1,1047,-0.8666687430559891
long,1.1,1048,-0.9393815322859083
long,1.1,1049,-1.331725413900845
long,1.1,1050,-0.8600378337295645
long,1.1,1051,-0.8197952007731053
long,1.1,1052,-0.7747504017317973
long,1.1,1053,-0.759855487058852
long,1.1,1054,-0.6695526790053845
long,1.1,1055,-1.034771702611751
long,1.1,1056,-1.575976404115084
long,1.1,1057,-0.799727540645412
long,1.1,1058,-0.9141360460418063
long,1.1,1059,-1.0884813311758046
long,1.1,1060,-0.8164383370059194
long,1.1,1061,-0.8128049301870489
long,1.1,1062,-0.8544524649825055
long,1.1,1063,-0.9217867193301525
long,1.1,1064,-0.8330471813125959
long,1.1,1065,-1.2833357581968405
long,1.1,1066,-1.151771898405253
long,1.1,1067,-1.2730191006024063
long,1.1,1068,-1.1022686290923391
long,1.1,1069,-0.8605838579684465
long,1.1,1070,-0.8754304445778225
long,1.1,1071,-0.8245007963783854
long,1.1,1072,-0.8446709705172167
long,1.1,1073,-0.7166907425386227
long,1.1,1074,-1.1491292829421464
long,1.1,1075,-0.775298411028481
long,1.1,1076,-0.8791242818454121
long,1.1,1077,-0.638530287268217
long,1.1,1078,-0.9416768676525007
long,1.1,1079,-1.0411972625025123
long,1.1,1080,-0.9525798156951432
long,1.1,1081,-0.8457970892127759
long,1.1,1082,-0.9860086704372566
long,1.1,1083,-1.3792331488131813
long,1.1,1084,-0.8534621477855856
long,1.1,1085,-1.1064641444436065
long,1.1,1086,-1.0372199907408226
long,1.1,1087,-0.8666281778114291
long,1.1,1088,-1.144782254568713
long,1.1,1089,-0.8725063053067588
long,1.1,1090,-1.019050432423556
long,1.1,1091,-0.8511721041515395
long,1.1,1092,-1.0176668927403172
long,1.1,1093,-1.0000854694845467
long,1.1,1094,-0.9361290103582139
long,1.1,1095,-1.0148646478240966
long,1.1,1096,-0.9757362376322204
long,1.1,1097,-0.550531663699617
long,1.1,1098,-1.307312343581474
long,1.1,1099,-0.9820359177920671
long,1.1,1100,-1.0517533990858505
long,1.1,1101,-0.6143186645901495
long,1.1,1102,-0.7909710223301164
long,1.1,1103,-0.8635664729500924
long,1.1,1104,-1.1370283506889431
long,1.1,1105,-0.9948430608762275
long,1.1,1106,-0.8422379486851655
long,1.1,1107,-0.8948661935077219
long,1.1,1108,-0.8676664893712926
long,1.1,1109,-0.8766245000981226
long,1.1,1110,-0.7121058939451981
long,1.1,1111,-0.7744422989732356
long,1.1,1112,-1.0625478622953701
long,1.1,1113,-0.8408124984326991
long,1.1,1114,-0.770943058260861
long,1.1,1115,-0.9738748430970197
long,1.1,1116,-0.8204740473039948
long,1.1,1117,-0.8737760216370561
long,1.1,1118,-0.7858719795426435
long,1.1,1119,-0.7227186497570219
long,1.1,1120,-0.7670446440904475
long,1.1,1121,-0.8409114255065716
long,1.1,1122,-0.985672650166451
long,1.1,1123,-0.8230727635165503
long,1.1,1124,-1.1696768322847075
long,1.1,1125,-0.7014334088916195
long,1.1,1126,-1.1404391594201762
long,1.1,1127,-0.8162366300080152
long,1.1,1128,-0.8202104318419429
long,1.1,1129,-1.0300328768066562
long,1.1,1130,-0.5196334376961983
long,1.1,1131,-0.8113637700553925
long,1.1,1132,-0.9812214084664195
long,1.1,1133,-0.9596643085768186
long,1.1,1134,-1.2203692565717346
long,1.1,1135,-0.8067033819290295
long,1.1,1136,-0.8150425989421372
long,1.1,1137,-0.8873138043370289
long,1.1,1138,-1.0598383157673423
long,1.1,1139,-0.8594948662789851
long,1.1,1140,-0.8666895901411212
long,1.1,1141,-0.8639863092068064
long,1.1,1142,-0.9789646529069511
long,1.1,1143,-0.6399972229194772
long,1.1,1144,-0.9721913185420266
long,1.1,1145,-0.6695646681801545
long,1.1,1146,-1.0753376402900865
long,1.1,1147,-0.6967973439068645
long,1.1,1148,-0.9732790932097848
long,1.1,1149,-0.9946346079438568
long,1.1,1150,-0.8500619193435481
long,1.1,1151,-0.9517615789049692
long,1.1,1152,-1.1389332119118172
long,1.1,1153,-0.8565857949433497
long,1.1,1154,-0.7314415658487157
long,1.1,1155,-0.7237510754138478
long,1.1,1156,-1.068448551268399
long,1.1,1157,-0.7453362473267761
long,1.1,1158,-0.7919751295183736
long,1.1,1159,-0.6958991987317452
long,1.1,1160,-0.7914086897724983
long,1.1,1161,-0.7839788808187713
long,1.1,1162,-0.6486393969962033
long,1.1,1163,-0.7206355042523245
long,1.1,1164,-0.919583237358085
long,1.1,1165,-0.7593569750035841
long,1.1,1166,-0.779240682821132
long,1.1,1167,-0.8986159496517322
long,1.1,1168,-1.340811597129396
long,1.1,1169,-0.7684801798796805
long,1.1,1170,-0.8471076536832878
long,1.1,1171,-0.8971719781460973
long,1.1,1172,-0.8952190609397367
long,1.1,1173,-0.8038131317165668
long,1.1,1174,-0.7482646695615128
long,1.1,1175,-0.8320536184378129
long,1.1,1176,-0.930172191461803
long,1.1,1177,-0.7783161439443345
long,1.1,1178,-0.942969155760603
long,1.1,1179,-1.2836492875126677
long,1.1,1180,-0.7889159711400819
long,1.1,1181,-0.8347791445302174
long,1.1,1182,-0.8169995968565419
long,1.1,1183,-0.827734027403684
long,1.1,1184,-1.0179863611958317
long,1.1,1185,-0.7031306331116366
long,1.1,1186,-1.2162081433125076
long,1.1,1187,-0.7557833223593038
long,1.1,1188,-1.195920639866874
long,1.1,1189,-0.7760540395107872
long,1.1,1190,-0.9822640162910713
long,1.1,1191,-1.0211120993296203
long,1.1,1192,-1.1955352487346809
long,1.1,1193,-1.1352696906120274
long,1.1,1194,-0.8780949443920671
long,1.1,1195,-0.748233662923313
long,1.1,1196,-0.7782718112738138
long,1.1,1197,-0.5647022707644502
long,1.1,1198,-0.8550386723102954
long,1.1,1199,-1.2137862965068367
long,1.1,1200,-0.7271386612671152
long,1.1,1201,-0.787774002325474
long,1.1,1202,-0.8921488290111315
long,1.1,1203,-1.0123111057903598
long,1.1,1204,-0.7156550378492229
long,1.1,1205,-0.8254717506383366
long,1.1,1206,-0.8641311380120078
long,1.1,1207,-0.8183814385326235
long,1.1,1208,-1.1593143557801324
long,1.1,1209,-0.6661612672766233
long,1.1,1210,-0.9192358469733066
long,1.1,1211,-0.7853628864702734
long,1.1,1212,-0.7955387823737311
long,1.1,1213,-0.5365860194803616
long,1.1,1214,-1.0363293088163252
long,1.1,1215,-0.9546482838846482
long,1.1,1216,-1.0117426611885876
long,1.1,1217,-1.1263088177117908
long,1.1,1218,-1.1899087304543463
long,1.1,1219,-1.0859843745780315
long,1.1,1220,-0.7485368743671028
long,1.1,1221,-0.997631174985654
long,1.1,1222,-0.854926005696388
long,1.1,1223,-0.9313698625023946
long,1.1,1224,-0.8413953345855347
long,1.1,1225,-0.9080433439468906
long,1.1,1226,-1.1803916559389562
long,1.1,1227,-0.6821652508690254
long,1.1,1228,-0.82224469960762
long,1.1,1229,-0.9859714486403716
long,1.1,1230,-0.9249884766843061
long,1.1,1231,-1.010849827076698
long,1.1,1232,-1.1067176659060332
long,1.1,1233,-1.0704853122608287
long,1.1,1234,-0.8856293929940741
long,1.1,1235,-0.6790532797029689
long,1.1,1236,-0.7258245888361827
long,1.1,1237,-0.8887574550570796
long,1.1,1238,-0.9779242737893106
long,1.1,1239,-0.9557395666807712
long,1.1,1240,-0.8063975245203178
long,1.1,1241,-1.0361210690669849
long,1.1,1242,-1.0200392968891467
long,1.1,1243,-1.0125795488512415
long,1.1,1244,-0.7145868144699961
long,1.1,1245,-0.6793623700876067
long,1.1,1246,-0.7380024440552428
long,1.1,1247,-0.6400394115160131
long,1.1,1248,-0.8781483980997529
long,1.1,1249,-0.9992181530304471
long,1.1,1250,-1.0146867264196082
long,1.1,1251,-1.0471112183670317
long,1.1,1252,-0.8512046770044641
long,1.1,1253,-0.9511065581446135
long,1.1,1254,-0.8371518839940055
long,1.1,1255,-0.8633577618426935
long,1.1,1256,-0.8561691490277293
long,1.1,1257,-0.929016663437913
long,1.1,1258,-0.8780466328764849
long,1.1,1259,-1.077710381863326
long,1.1,1260,-0.8936210802742001
long,1.1,1261,-0.8677847257210485
long,1.1,1262,-0.7702986456066461
long,1.1,1263,-0.8954441038462122
long,1.1,1264,-0.9189171971735887
long,1.1,1265,-0.9372467876851165
long,1.1,1266,-0.8570668031382979
long,1.1,1267,-0.8637793887954811
long,1.1,1268,-1.0812289172085683
long,1.1,1269,-1.102480862359703
long,1.1,1270,-0.8565478969749499
long,1.1,1271,-0.8903102750562956
long,1.1,1272,-0.8730735535279767
long,1.1,1273,-0.8236914636177296
long,1.1,1274,-1.1832928636864795
long,1.1,1275,-1.1495987451963927
long,1.1,1276,-1.0023206463237107
long,1.1,1277,-0.990598718395395
long,1.1,1278,-0.9461000341836958
long,1.1,1279,-0.8832509097534077
long,1.1,1280,-0.8939635024650867
long,1.1,1281,-0.9765030826636648
long,1.1,1282,-0.9210401641467988
long,1.1,1283,-0.892959155098554
long,1.1,1284,-0.8586372929900894
long,1.1,1285,-1.0286449592329954
long,1.1,1286,-0.7155450333098909
long,1.1,1287,-1.0200035519432973
long,1.1,1288,-0.7228215781265824
long,1.1,1289,-0.9020261009093474
long,1.1,1290,-0.9413688926708881
long,1.1,1291,-0.8049596408663067
long,1.1,1292,-1.0216558443199972
long,1.1,1293,-0.737983776803902
long,1.1,1294,-0.989404527381989
long,1.1,1295,-0.9267040859173329
long,1.1,1296,-0.8309480103202183
long,1.1,1297,-0.9251991965910537
long,1.1,1298,-0.9868358453015146
long,1.1,1299,-0.7053339777909328
long,1.1,1300,-0.36674393545465245
long,1.1,1301,-0.9700817104019802
long,1.1,1302,-0.9931010443229213
long,1.1,1303,-0.8496437811993233
long,1.1,1304,-1.3458916652052382
long,1.1,1305,-0.9265058361639107
long,1.1,1306,-0.9396855953513916
long,1.1,1307,-0.7239032973326667
long,1.1,1308,-0.6943509490520398
long,1.1,1309,-0.8126421297449937
long,1.1,1310,-0.8881665682822483
long,1.1,1311,-1.0688316662800037
long,1.1,1312,-1.3526871387583643
long,1.1,1313,-0.7634646510307531
long,1.1,1314,-0.9876128666571046
long,1.1,1315,-0.7698409051219564
long,1.1,1316,-0.9357699168784163
long,1.1,1317,-0.756819064235767
long,1.1,1318,-0.8342586253601498
long,1.1,1319,-0.9864807632206253
long,1.1,1320,-1.2011610512377144
long,1.1,1321,-0.7697642760581437
long,1.1,1322,-0.8970734116507606
long,1.1,1323,-0.6818285032492245
long,1.1,1324,-0.9174199927142593
long,1.1,1325,-1.0017735650885187
long,1.1,1326,-1.3735878785934001
long,1.1,1327,-0.8964967329957326
long,1.1,1328,-0.8578465395802398
long,1.1,1329,-0.8850011325356272
long,1.1,1330,-0.8450112437616238
long,1.1,1331,-0.7361160776338364
long,1.1,1332,-0.850765301571012
long,1.1,1333,-0.7918011970904644
long,1.1,1334,-0.7171417520394843
long,1.1,1335,-0.971387351294386
long,1.1,1336,-1.2283293797039352
long,1.1,1337,-0.8443940475997934
long,1.1,1338,-0.9529314680662055
long,1.1,1339,-1.0850406067333531
long,1.1,1340,-0.9061657479192576
long,1.1,1341,-0.7646366400007927
long,1.1,1342,-1.108740590423273
long,1.1,1343,-0.8768195857385875
long,1.1,1344,-0.7185102179276802
long,1.1,1345,-0.8820072938506257
long,1.1,1346,-0.7331141156527781
long,1.1,1347,-0.814554959132483
long,1.1,1348,-0.6880340272856423
long,1.1,1349,-0.8515229591517944
long,1.1,1350,-0.6774828001951597
long,1.1,1351,-0.8908845248272053
long,1.1,1352,-0.8684775338194074
long,1.1,1353,-0.7021399534109826
long,1.1,1354,-1.0241516593008395
long,1.1,1355,-0.9113047248820974
long,1.1,1356,-0.8640368533542641
long,1.1,1357,-0.49333577625686015
long,1.1,1358,-1.0057399880222937
long,1.1,1359,-1.242833294248666
long,1.1,1360,-0.7611492470968163
long,1.1,1361,-1.1188903299203314
long,1.1,1362,-0.8464887017921815
long,1.1,1363,-1.0359599815075302
long,1.1,1364,-0.7652995315399829
long,1.1,1365,-0.929463570609954
long,1.1,1366,-1.0807937143398805
long,1.1,1367,-0.7972654397089559
long,1.1,1368,-0.558543493643529
long,1.1,1369,-0.8121745175816422
long,1.1,1370,-0.8024138019953049
long,1.1,1371,-0.7589567003222191
long,1.1,1372,-0.5499925547485793
long,1.1,1373,-0.7593420205767845
long,1.1,1374,-0.7615577942356159
long,1.1,1375,-0.9813007793097384
long,1.1,1376,-0.9150495421647807
long,1.1,1377,-0.9775673180011992
long,1.1,1378,-1.0013646493958233
long,1.1,1379,-1.198318753524561
long,1.1,1380,-0.8016551343824889
long,1.1,1381,-0.8719652686033397
long,1.1,1382,-0.6969328089693553
long,1.1,1383,-0.8929415613023411
long,1.1,1384,-0.7231815978327986
long,1.1,1385,-0.9076302162919869
long,1.1,1386,-0.8769353645745729
long,1.1,1387,-0.9272611454710195
long,1.1,1388,-0.5802140947833284
long,1.1,1389,-0.845386249005418
long,1.1,1390,-0.7631835748878544
long,1.1,1391,-0.9959655674888913
long,1.1,1392,-1.0725798640588722
long,1.1,1393,-0.8724530033672314
long,1.1,1394,-0.8905971022603052
long,1.1,1395,-0.9191623773031852
long,1.1,1396,-0.7481141793334126
long,1.1,1397,-0.8607529198154559
long,1.1,1398,-0.9974194680843682
long,1.1,1399,-0.9756622271575743
long,1.1,1400,-1.1444262020939868
long,1.1,1401,-0.9499159416884375
long,1.1,1402,-0.8940002527264875
long,1.1,1403,-0.861668547968082
long,1.1,1404,-1.0017293329864159
long,1.1,1405,-0.8040084592159411
long,1.1,1406,-0.9361952176229066
long,1.1,1407,-0.59029152833237
long,1.1,1408,-0.756636991857513
long,1.1,1409,-0.9873681759349597
long,1.1,1410,-0.9779794639986177
long,1.1,1411,-0.615517720022522
long,1.1,1412,-0.8735470314798283
long,1.1,1413,-0.767979468979602
long,1.1,1414,-0.7109934167497618
long,1.1,1415,-1.0229145958475312
long,1.1,1416,-0.9555572925253635
long,1.1,1417,-0.8129817656191896
long,1.1,1418,-0.7717007059999893
long,1.1,1419,-0.8909236694061302
long,1.1,1420,-0.8938370051585761
long,1.1,1421,-0.9252448456793371
long,1.1,1422,-1.0074958523434852
long,1.1,1423,-0.8261485323178116
long,1.1,1424,-1.0236278170766904
long,1.1,1425,-0.785098773360853
long,1.1,1426,-0.8753193772132822
long,1.1,1427,-0.7932311967622537
long,1.1,1428,-0.7968426766910316
long,1.1,1429,-0.8640779785752741
long,1.1,1430,-0.9715268053491745
long,1.1,1431,-0.9913116754274558
long,1.1,1432,-0.8404782091253121
long,1.1,1433,-0.8491047536652665
long,1.1,1434,-0.8946189734774105
long,1.1,1435,-0.9553866126481525
long,1.1,1436,-1.1739870866779152
long,1.1,1437,-0.8378756159634551
long,1.1,1438,-0.9258586591735035
long,1.1,1439,-1.098890898056926
long,1.1,1440,-0.6681675740782974
long,1.1,1441,-0.6573911575665208
long,1.1,1442,-0.9009216491309824
long,1.1,1443,-0.9762331487197263
long,1.1,1444,-1.0544069825610867
long,1.1,1445,-0.880594528810326
long,1.1,1446,-0.7479918447053995
long,1.1,1447,-0.8227554680361249
long,1.1,1448,-0.8504885557232404
long,1.1,1449,-0.8700468465340121
long,1.1,1450,-0.9036067739451186
long,1.1,1451,-0.8898722729629358
long,1.1,1452,-0.7388627428047145
long,1.1,1453,-0.9717341800093
long,1.1,1454,-0.8871414187699808
long,1.1,1455,-0.8775115095331172
long,1.1,1456,-0.8262301718298047
long,1.1,1457,-0.7907582421572391
long,1.1,1458,-0.9008129473256229
long,1.1,1459,-0.897537039341289
long,1.1,1460,-0.7907541516267207
long,1.1,1461,-0.9095537855813105
long,1.1,1462,-1.0223826964925677
long,1.1,1463,-0.8841126997563584
long,1.1,1464,-0.9605423308402877
long,1.1,1465,-0.699135255841317
long,1.1,1466,-1.0456475590587184
long,1.1,1467,-1.2541962570235174
long,1.1,1468,-0.9333081243998711
long,1.1,1469,-0.6854573389963643
long,1.1,1470,-0.9466362368090637
long,1.1,1471,-0.8084241852933
long,1.1,1472,-0.7633004503711006
long,1.1,1473,-0.8353444755739385
long,1.1,1474,-0.9174650036157962
long,1.1,1475,-0.9691962705735981
long,1.1,1476,-0.8987293222324222
long,1.1,1477,-0.9566038865796175
long,1.1,1478,-0.8826127151177889
long,1.1,1479,-1.0041345684228087
long,1.1,1480,-0.9353486251233695
long,1.1,1481,-0.8177287512766365
long,1.1,1482,-1.2093516799875434
long,1.1,1483,-0.8362657492517971
long,1.1,1484,-0.8512886950944125
long,1.1,1485,-0.761887880331552
long,1.1,1486,-1.0336105197857264
long,1.1,1487,-0.8415565116029031
long,1.1,1488,-0.7545020107590081
long,1.1,1489,-0.6380559683489581
long,1.1,1490,-0.9525875967616535
long,1.1,1491,-0.8585697834666051
long,1.1,1492,-1.0782283986444174
long,1.1,1493,-1.027810975560147
long,1.1,1494,-0.7757781636089099
long,1.1,1495,-0.7945654564939235
long,1.1,1496,-0.7475062817563961
long,1.1,1497,-0.9566104220464038
long,1.1,1498,-0.9905758551501765
long,1.1,1499,-0.9267170301054211
long,1.1,1500,-1.103214945090762
long,1.1,1501,-0.8179725866613168
long,1.1,1502,-0.7987001287028594
long,1.1,1503,-0.9912430054682152
long,1.1,1504,-0.7316202792373215
long,1.1,1505,-0.8586200566720515
long,1.1,1506,-0.8538550233830393
long,1.1,1507,-1.0531593010812148
long,1.1,1508,-1.125355912935333
long,1.1,1509,-0.7742702419195728
long,1.1,1510,-0.9988228506915214
long,1.1,1511,-0.9370132658526572
long,1.1,1512,-0.8951493332015692
long,1.1,1513,-1.3185155503112125
long,1.1,1514,-0.9805622323816287
long,1.1,1515,-1.000636133266561
long,1.1,1516,-0.9614203086265317
long,1.1,1517,-1.0464709320803052
long,1.1,1518,-0.8430878151580362
long,1.1,1519,-0.6669054484289992
long,1.1,1520,-0.5152071010094521
long,1.1,1521,-0.9714580781355127
long,1.1,1522,-0.8932388698367671
long,1.1,1523,-0.6561087961533821
long,1.1,1524,-0.8531542582880438
long,1.1,1525,-1.031433376960528
long,1.1,1526,-0.8360996752025133
long,1.1,1527,-0.9294690523378044
long,1.1,1528,-0.7475391638300025
long,1.1,1529,-0.9823194975613462
long,1.1,1530,-0.6925419457288025
long,1.1,1531,-0.8304790083408741
long,1.1,1532,-0.6789864838592525
long,1.1,1533,-0.8102111769676097
long,1.1,1534,-0.922456377384335
long,1.1,1535,-0.8392557575353953
long,1.1,1536,-0.8759630564317437
long,1.1,1537,-1.0819233622518358
long,1.1,1538,-0.7706663078459479
long,1.1,1539,-0.8857184473399181
long,1.1,1540,-0.9142119205665925
long,1.1,1541,-0.878010207317928
long,1.1,1542,-1.0518342120289068
long,1.1,1543,-1.5419567890728871
long,1.1,1544,-0.6797240162731125
long,1.1,1545,-0.8741157645022538
long,1.1,1546,-0.836439230397607
long,1.1,1547,-0.8748711897999499
long,1.1,1548,-0.8183779043014908
long,1.1,1549,-0.9072210292077095
long,1.1,1550,-0.6932321182768152
long,1.1,1551,-1.0800194903807263
long,1.1,1552,-1.1106102425801048
long,1.1,1553,-1.0793692888254933
long,1.1,1554,-0.8203681635376346
long,1.1,1555,-0.9035244292386165
long,1.1,1556,-1.0129804791721677
long,1.1,1557,-0.8545248223323832
long,1.1,1558,-0.8078127637080486
long,1.1,1559,-1.075897231446997
long,1.1,1560,-0.8494832567736443
long,1.1,1561,-0.705908234203643
long,1.1,1562,-0.8143098282412772
long,1.1,1563,-0.9853402819322734
long,1.1,1564,-0.8673998131054952
long,1.1,1565,-1.0288422960529147
long,1.1,1566,-1.1144238986402963
long,1.1,1567,-0.8978768453563984
long,1.1,1568,-1.304429533788644
long,1.1,1569,-1.0863004243901226
long,1.1,1570,-0.9447946207225456
long,1.1,1571,-0.8363793019052197
long,1.1,1572,-1.0700361273519114
long,1.1,1573,-1.0010415401886295
long,1.1,1574,-0.8312419669552069
long,1.1,1575,-0.8165927070027887
long,1.1,1576,-0.7751850831817153
long,1.1,1577,-0.7661265390631623
long,1.1,1578,-0.804202737755502
long,1.1,1579,-0.9944445088250444
long,1.1,1580,-0.8739002260101332
long,1.1,1581,-1.1119872547270044
long,1.1,1582,-0.8798247998918155
long,1.1,1583,-1.157537596392035
long,1.1,1584,-0.9388308861123354
long,1.1,1585,-1.1169453341050195
long,1.1,1586,-0.8333668459679301
long,1.1,1587,-0.8656528410881357
long,1.1,1588,-0.8586700581498637
long,1.1,1589,-0.9963388254431759
long,1.1,1590,-1.0476983795412493
long,1.1,1591,-0.9998759622756256
long,1.1,1592,-0.9009111106158113
long,1.1,1593,-0.7296447191047536
long,1.1,1594,-0.9815141956392333
long,1.1,1595,-0.67194021582785
long,1.1,1596,-0.8183457382109437
long,1.1,1597,-1.0876662600457634
long,1.1,1598,-0.9577160150272
long,1.1,1599,-0.6538915385716156
long,1.1,1600,-0.7371353628260104
long,1.1,1601,-0.6998497612075368
long,1.1,1602,-1.1965300751868766
long,1.1,1603,-0.833717372428451
long,1.1,1604,-0.7417821947134136
long,1.1,1605,-0.8557740635051937
long,1.1,1606,-0.8860656845409209
long,1.1,1607,-0.7624062062457078
long,1.1,1608,-0.8530888210218943
long,1.1,1609,-0.8314042410927485
long,1.1,1610,-0.7762646171470287
long,1.1,1611,-0.9845112375072276
long,1.1,1612,-1.1028317614176881
long,1.1,1613,-0.7574033657531912
long,1.1,1614,-0.9118231321615439
long,1.1,1615,-0.7586476237022081
long,1.1,1616,-0.700448071236517
long,1.1,1617,-0.7006861935933653
long,1.1,1618,-0.7578249500879612
long,1.1,1619,-0.9150558109143974
long,1.1,1620,-0.9544827266916934
long,1.1,1621,-0.7923278453248888
long,1.1,1622,-0.9724141115344507
long,1.1,1623,-0.8922597340964475
long,1.1,1624,-0.7021136356770044
long,1.1,1625,-0.8479526697991695
long,1.1,1626,-0.9028878134998229
long,1.1,1627,-1.1269244134712837
long,1.1,1628,-0.7880848363716213
long,1.1,1629,-0.7682388718956742
long,1.1,1630,-1.1803691321292407
long,1.1,1631,-0.7097160812758257
long,1.1,1632,-1.2647891923002306
long,1.1,1633,-0.9854090179769921
long,1.1,1634,-0.8058616912003755
long,1.1,1635,-0.9525090361179948
long,1.1,1636,-0.8759836514839688
long,1.1,1637,-0.7905418963283756
long,1.1,1638,-1.0690487099693182
long,1.1,1639,-0.7591733486015062
long,1.1,1640,-0.9470712492236094
long,1.1,1641,-0.8626717727880163
long,1.1,1642,-1.183157461149668
long,1.1,1643,-0.8569900920438853
long,1.1,1644,-1.0059417817928435
long,1.1,1645,-0.7600990670917068
long,1.1,1646,-0.9098320773683832
long,1.1,1647,-1.0213396385176365
long,1.1,1648,-0.7567438204197743
long,1.1,1649,-0.974632818735602
long,1.1,1650,-0.8616668159184522
long,1.1,1651,-0.8897692681468916
long,1.1,1652,-0.777262138475466
long,1.1,1653,-1.021329880858771
long,1.1,1654,-1.004925566511479
long,1.1,1655,-1.0227889313151823
long,1.1,1656,-0.5696311192870955
long,1.1,1657,-0.46040040358045786
long,1.1,1658,-0.7979377580420481
long,1.1,1659,-0.46257616764365944
long,1.1,1660,-0.8511867054586887
long,1.1,1661,-0.7772976068551188
long,1.1,1662,-0.6442425265891945
long,1.1,1663,-0.8965219516919523
long,1.1,1664,-0.8264497089200696
long,1.1,1665,-0.9543140894158648
long,1.1,1666,-0.8968589512974616
long,1.1,1667,-0.6258481769722866
long,1.1,1668,-0.5787052723713078
long,1.1,1669,-1.2761435153987075
long,1.1,1670,-1.0075055043455137
long,1.1,1671,-0.9077143549648765
long,1.1,1672,-0.9378266392779134
long,1.1,1673,-0.8816518649097957
long,1.1,1674,-0.9693392798748436
long,1.1,1675,-0.6558291026336915
long,1.1,1676,-0.9014947300864399
long,1.1,1677,-1.0849101203431104
long,1.1,1678,-0.9279125082395778
long,1.1,1679,-1.2474079667666278
long,1.1,1680,-0.7811923202872179
long,1.1,1681,-0.8814359968097055
long,1.1,1682,-0.7410061636592712
long,1.1,1683,-0.9133812804937267
long,1.1,1684,-0.9934822438382791
long,1.1,1685,-0.9987038858578289
long,1.1,1686,-0.8448160156442082
long,1.1,1687,-0.930757393827581
long,1.1,1688,-1.2691039875550094
long,1.1,1689,-0.6091460699125977
long,1.1,1690,-0.9356447807011379
long,1.1,1691,-1.2229917955923564
long,1.1,1692,-0.8473412654436789
long,1.1,1693,-1.1104039173656706
long,1.1,1694,-0.9469291036360018
long,1.1,1695,-1.0560456084018404
long,1.1,1696,-0.8614337633408029
long,1.1,1697,-0.8603337105470205
long,1.1,1698,-0.8947170568223702
long,1.1,1699,-0.891270314059994
long,1.1,1700,-0.6407814308026092
long,1.1,1701,-0.925811238217181
long,1.1,1702,-0.9134684758934208
long,1.1,1703,-0.9882382297757625
long,1.1,1704,-0.8936532517802714
long,1.1,1705,-0.8551431534733612
long,1.1,1706,-1.0389945939504779
long,1.1,1707,-1.1838969997076696
long,1.1,1708,-0.8824863002816052
long,1.1,1709,-0.9714638437260031
long,1.1,1710,-0.6274980740793844
long,1.1,1711,-0.7560149731378332
long,1.1,1712,-0.8991008972277675
long,1.1,1713,-0.9604717800780368
long,1.1,1714,-0.9089735024261081
long,1.1,1715,-1.0037842426284402
long,1.1,1716,-0.8953368067285284
long,1.1,1717,-0.9800508549684122
long,1.1,1718,-1.158380358199369
long,1.1,1719,-1.1608756037374572
long,1.1,1720,-1.0299229276070547
long,1.1,1721,-0.921181263866733
long,1.1,1722,-0.8444488035774209
long,1.1,1723,-1.0901311135307283
long,1.1,1724,-1.0132319680697102
long,1.1,1725,-1.183139194264338
long,1.1,1726,-0.602734186658697
long,1.1,1727,-1.0150662582912175
long,1.1,1728,-0.8569647848505704
long,1.1,1729,-0.7879544781338008
long,1.1,1730,-0.7351465972385854
long,1.1,1731,-0.8400626252569859
long,1.1,1732,-0.9463722426336111
long,1.1,1733,-0.9996282761145485
long,1.1,1734,-1.087024262392412
long,1.1,1735,-1.0995813597354298
long,1.1,1736,-0.8378797409102209
long,1.1,1737,-0.805566032046769
long,1.1,1738,-0.8514974876020136
long,1.1,1739,-0.9369617943163266
long,1.1,1740,-0.7570031058522
long,1.1,1741,-0.6536393176930969
long,1.1,1742,-0.8562704294942497
long,1.1,1743,-0.8989139393602655
long,1.1,1744,-0.7775596655250337
long,1.1,1745,-0.9298036480351555
long,1.1,1746,-0.8898005459967883
long,1.1,1747,-0.8749065232662144
long,1.1,1748,-0.845990396172819
long,1.1,1749,-1.0313785278213323
long,1.1,1750,-0.7772824208725054
long,1.1,1751,-0.5609096482980559
long,1.1,1752,-0.7973306692378919
long,1.1,1753,-1.0054096079663244
long,1.1,1754,-0.9261118866975947
long,1.1,1755,-0.9623088478722279
long,1.1,1756,-0.6889002139070499
long,1.1,1757,-0.724593072931441
long,1.1,1758,-0.8937694197907591
long,1.1,1759,-0.7574066794074529
long,1.1,1760,-0.9112811235506549
long,1.1,1761,-0.8653010379271788
long,1.1,1762,-1.097662699332383
long,1.1,1763,-1.1837000357327223
long,1.1,1764,-0.9356657466070883
long,1.1,1765,-0.8843197155252279
long,1.1,1766,-1.1543932198153546
long,1.1,1767,-0.9475510689792948
long,1.1,1768,-0.9340218395984907
long,1.1,1769,-0.7681671363561577
long,1.1,1770,-0.7742364705581399
long,1.1,1771,-0.8151598194998269
long,1.1,1772,-1.1132679734819158
long,1.1,1773,-0.8545052330805594
long,1.1,1774,-1.1010212574021507
long,1.1,1775,-1.1641541362269952
long,1.1,1776,-0.7844902246892113
long,1.1,1777,-0.7316464026011512
long,1.1,1778,-0.7384098468770989
long,1.1,1779,-0.9615955103203926
long,1.1,1780,-1.0890087912588309
long,1.1,1781,-0.8773428675512498
long,1.1,1782,-0.7313427239271763
long,1.1,1783,-0.7405499010753073
long,1.1,1784,-0.7421272018045081
long,1.1,1785,-0.8344804548160284
long,1.1,1786,-0.8001839490872876
long,1.1,1787,-0.8035917109929879
long,1.1,1788,-1.2077770031933601
long,1.1,1789,-0.9096856265878224
long,1.1,1790,-0.8135715199433577
long,1.1,1791,-0.8812453485389494
long,1.1,1792,-0.8746542536818953
long,1.1,1793,-0.9448787200759479
long,1.1,1794,-0.6827770493276427
long,1.1,1795,-0.8749625093731358
long,1.1,1796,-0.8648175948536466
long,1.1,1797,-0.8613025697174966
long,1.1,1798,-1.1832677461837546
long,1.1,1799,-0.9515832136359905
long,1.1,1800,-0.7744937417763783
long,1.1,1801,-0.774652771177558
long,1.1,1802,-0.9205234346558018
long,1.1,1803,-0.6881752670526998
long,1.1,1804,-0.8125639353091714
long,1.1,1805,-1.1717123421680098
long,1.1,1806,-0.6412943217167872
long,1.1,1807,-0.7886338282833671
long,1.1,1808,-0.8897485726535753
long,1.1,1809,-0.7018332327195104
long,1.1,1810,-0.7273112363955325
long,1.1,1811,-0.7248896928719952
long,1.1,1812,-0.6908539183916115
long,1.1,1813,-0.9567680833966657
long,1.1,1814,-0.8711795248900883
long,1.1,1815,-0.886801373886575
long,1.1,1816,-1.1462665430010806
long,1.1,1817,-1.0036510949109447
long,1.1,1818,-0.987498649512261
long,1.1,1819,-0.9637509211442112
long,1.1,1820,-0.7946375891237465
long,1.1,1821,-0.8443049852774838
long,1.1,1822,-0.9708274752840949
long,1.1,1823,-0.7940724671665462
long,1.1,1824,-1.049687234290365
long,1.1,1825,-0.7740597285550167
long,1.1,1826,-0.876130976992431
long,1.1,1827,-1.0967645145479281
long,1.1,1828,-0.9654763699125839
long,1.1,1829,-0.6921306327882153
long,1.1,1830,-0.9147850291866155
long,1.1,1831,-0.8251363275852338
long,1.1,1832,-0.7477816755174123
long,1.1,1833,-0.8959880564167365
long,1.1,1834,-0.6404568180109048
long,1.1,1835,-0.8162001442913891
long,1.1,1836,-0.8220828375177471
long,1.1,1837,-0.855260515323013
long,1.1,1838,-0.79996440851138
long,1.1,1839,-0.9828515202369836
long,1.1,1840,-0.9439519391861978
long,1.1,1841,-0.5199111811150035
long,1.1,1842,-0.8416548849139991
long,1.1,1843,-1.2472819079541662
long,1.1,1844,-0.8625655801457773
long,1.1,1845,-0.8924245856649876
long,1.1,1846,-0.8208502760800043
long,1.1,1847,-0.7026430839422452
long,1.1,1848,-0.8361338977111674
long,1.1,1849,-1.2772766527622084
long,1.1,1850,-1.1433311435853937
long,1.1,1851,-0.8421050749534431
long,1.1,1852,-0.9852464877801752
long,1.1,1853,-0.895339562007782
long,1.1,1854,-1.0583638088588694
long,1.1,1855,-0.6130266776452468
long,1.1,1856,-1.1116123967648797
long,1.1,1857,-0.7668561378196496
long,1.1,1858,-0.9789807867504939
long,1.1,1859,-1.0018610495743516
long,1.1,1860,-0.8246674234201032
long,1.1,1861,-0.6323961570645089
long,1.1,1862,-0.582707883194864
long,1.1,1863,-1.0201475270866138
long,1.1,1864,-1.0005201844687404
long,1.1,1865,-0.7967922596943654
long,1.1,1866,-1.072196675948605
long,1.1,1867,-0.5989759583448735
long,1.1,1868,-0.8953750628372245
long,1.1,1869,-1.0379265622420994
long,1.1,1870,-0.9984192326034477
long,1.1,1871,-0.8403944900153573
long,1.1,1872,-1.418344196049808
long,1.1,1873,-0.9397746284976393
long,1.1,1874,-0.9068371703790271
long,1.1,1875,-0.8564451012910319
long,1.1,1876,-0.8758673446489761
long,1.1,1877,-0.8370213265899822
long,1.1,1878,-1.1466597299191297
long,1.1,1879,-0.893270923470502
long,1.1,1880,-0.954989915299803
long,1.1,1881,-0.7940377253785681
long,1.1,1882,-1.1585828621274614
long,1.1,1883,-0.8289522568210301
long,1.1,1884,-0.8782869034403882
long,1.1,1885,-0.9300306125664466
long,1.1,1886,-0.9870410179544794
long,1.1,1887,-0.8949518666224265
long,1.1,1888,-0.8991126543051807
long,1.1,1889,-0.8363143642149037
long,1.1,1890,-0.7204572329102034
long,1.1,1891,-1.4021333347161689
long,1.1,1892,-1.1475647174028933
long,1.1,1893,-0.8914525775227331
long,1.1,1894,-0.8821058433276137
long,1.1,1895,-1.017829821766767
long,1.1,1896,-1.1233876885144618
long,1.1,1897,-0.9549305274723149
long,1.1,1898,-0.8987669844814556
long,1.1,1899,-0.9384979857283603
long,1.1,1900,-1.0784435622580362
long,1.1,1901,-0.9366354229290151
long,1.1,1902,-0.9794471563575196
long,1.1,1903,-0.9452579357257436
long,1.1,1904,-0.9811041503414216
long,1.1,1905,-1.0225323451642314
long,1.1,1906,-0.9952018802845768
long,1.1,1907,-0.9796997157032363
long,1.1,1908,-0.7219992557155098
long,1.1,1909,-0.816720239242916
long,1.1,1910,-0.9890266847153699
long,1.1,1911,-1.0341809343411916
long,1.1,1912,-0.7349201072566531
long,1.1,1913,-0.8094465061338605
long,1.1,1914,-0.935794990615536
long,1.1,1915,-1.0966188685518106
long,1.1,1916,-0.8357579458626193
long,1.1,1917,-1.0609688750569615
long,1.1,1918,-0.912384535413905
long,1.1,1919,-0.9625346281844886
long,1.1,1920,-0.8247314973670727
long,1.1,1921,-0.7872252503824361
long,1.1,1922,-0.6868584442725955
long,1.1,1923,-0.8777088356684882
long,1.1,1924,-0.9330950202333907
long,1.1,1925,-0.9239710505871565
long,1.1,1926,-0.798005639022567
long,1.1,1927,-0.8469543983218074
long,1.1,1928,-0.9374730772638076
long,1.1,1929,-0.9656623318117799
long,1.1,1930,-1.1015394062283075
long,1.1,1931,-0.9338338408513889
long,1.1,1932,-0.8124427753275277
long,1.1,1933,-0.6344708022294737
long,1.1,1934,-0.9478819710825548
long,1.1,1935,-0.7250065571465208
long,1.1,1936,-1.050767503576332
long,1.1,1937,-0.9972563539995603
long,1.1,1938,-0.9306081603712342
long,1.1,1939,-0.9766024678104583
long,1.1,1940,-1.1556669651808051
long,1.1,1941,-0.7075679205429469
long,1.1,1942,-0.8807802769582769
long,1.1,1943,-0.911140868006253
long,1.1,1944,-0.825951346571886
long,1.1,1945,-0.7575410312557822
long,1.1,1946,-0.6829474989837586
long,1.1,1947,-0.8702379168571786
long,1.1,1948,-0.8636109384039073
long,1.1,1949,-0.8040337961106304
long,1.1,1950,-1.008851462265568
long,1.1,1951,-0.9013117813902082
long,1.1,1952,-0.6752307971870051
long,1.1,1953,-1.0275326277746923
long,1.1,1954,-0.7913490593175518
long,1.1,1955,-0.7950458398064854
long,1.1,1956,-0.748747119811703
long,1.1,1957,-0.8042613421482295
long,1.1,1958,-0.7819036610947285
long,1.1,1959,-1.0776217390563416
long,1.1,1960,-0.8984856722184632
long,1.1,1961,-0.8941417878118129
long,1.1,1962,-0.9818029010539566
long,1.1,1963,-0.8796768730408816
long,1.1,1964,-1.043093102510522
long,1.1,1965,-0.9466309722963465
long,1.1,1966,-0.7454079667693908
long,1.1,1967,-1.0821138004005098
long,1.1,1968,-0.6281896823034335
long,1.1,1969,-0.6088982814605883
long,1.1,1970,-1.0933209717598533
long,1.1,1971,-0.8275064865609923
long,1.1,1972,-1.2382643783183809
long,1.1,1973,-0.8327763482542279
long,1.1,1974,-0.8323241068201772
long,1.1,1975,-1.0542326755263036
long,1.1,1976,-0.8012845087680371
long,1.1,1977,-0.7660417389159812
long,1.1,1978,-0.8612519541102196
long,1.1,1979,-1.1275021316045826
long,1.1,1980,-0.9313113479509202
long,1.1,1981,-0.9002424116590928
long,1.1,1982,-1.0893871110117483
long,1.1,1983,-1.1254931364690088
long,1.1,1984,-0.7428749158676291
long,1.1,1985,-0.9455821475071043
long,1.1,1986,-0.8381384390549815
long,1.1,1987,-0.9009525488872191
long,1.1,1988,-1.0423825192801544
long,1.1,1989,-0.7959063097601734
long,1.1,1990,-0.7875296065685008
long,1.1,1991,-1.1244710112754788
long,1.1,1992,-1.0354782557772217
long,1.1,1993,-0.7936419521437257
long,1.1,1994,-0.9700187293984962
long,1.1,1995,-1.0018884318804782
long,1.1,1996,-0.9467919535591365
long,1.1,1997,-0.8654874563445926
long,1.1,1998,-0.8617806617442153
long,1.1,1999,-1.0425267182663043
long,1.2,0,-0.47271611353821874
long,1.2,1,-0.3024639966951148
long,1.2,2,-0.35937651162918127
long,1.2,3,-0.432525400442225
long,1.2,4,-0.4531941818499101
long,1.2,5,-0.4226357694723458
long,1.2,6,-0.5475500646014111
long,1.2,7,-0.6268511038899157
long,1.2,8,-0.7924239460554093
long,1.2,9,-0.5877219326184008
long,1.2,10,-0.4517816496802366
long,1.2,11,-0.626303945963266
long,1.2,12,-0.32040064139235613
long,1.2,13,-0.31581644012489707
long,1.2,14,-0.810266794229361
long,1.2,15,-0.6320642582832436
long,1.2,16,-0.5514540927791807
long,1.2,17,-0.882930729918586
long,1.2,18,-0.4332510699310647
long,1.2,19,-0.5440817807177434
long,1.2,20,-0.5834975014417774
long,1.2,21,-0.49530771743059726
long,1.2,22,-0.6586070414840987
long,1.2,23,-0.3046445755015925
long,1.2,24,-0.4448662888853014
long,1.2,25,-0.6634113932682124
long,1.2,26,-0.2592482128307517
long,1.2,27,-0.43665113149861706
long,1.2,28,-0.374779681178821
long,1.2,29,-0.5500760882104804
long,1.2,30,-0.6550354100829964
long,1.2,31,-0.6345387989654471
long,1.2,32,-0.11004538477314456
long,1.2,33,-0.10574010311771254
long,1.2,34,-0.6492180284273332
long,1.2,35,-0.5526750677233726
long,1.2,36,-0.5510333535958679
long,1.2,37,-0.5895083859631933
long,1.2,38,-0.599390206511773
long,1.2,39,-0.5354517617703297
long,1.2,40,-0.4971721915188786
long,1.2,41,-0.781065721895573
long,1.2,42,-0.7807651260920686
long,1.2,43,-0.38885352172757787
long,1.2,44,-0.8002475052120652
long,1.2,45,-0.7762921553035794
long,1.2,46,-0.46863778126829747
long,1.2,47,-0.6290555751266528
long,1.2,48,-0.4727773401167752
long,1.2,49,-0.5287688364071534
long,1.2,50,-0.4645475341052752
long,1.2,51,-0.57598243850164
long,1.2,52,-0.24543198437621058
long,1.2,53,-0.8034906250655813
long,1.2,54,-0.6476635954323862
long,1.2,55,-0.6609568288655512
long,1.2,56,-0.7338307115479351
long,1.2,57,-0.5260800778057413
long,1.2,58,-0.09273477977465076
long,1.2,59,-0.6858674539552531
long,1.2,60,-0.5024004050537495
long,1.2,61,-0.6517790376408951
long,1.2,62,-0.7280592505882075
long,1.2,63,-0.5255357710550943
long,1.2,64,-0.6117731883878141
long,1.2,65,-0.6349884444575534
long,1.2,66,-0.5797257478892215
long,1.2,67,-0.6597182367590129
long,1.2,68,-0.4678030691834288
long,1.2,69,-0.5714564223504338
long,1.2,70,-0.6324936877460436
long,1.2,71,-0.5502309641895635
long,1.2,72,-0.7000190834050249
long,1.2,73,-0.5759274761046848
long,1.2,74,-0.4958636492614571
long,1.2,75,-0.556225775478116
long,1.2,76,-0.32829342960780417
long,1.2,77,-0.4743848542608467
long,1.2,78,-0.45829953823303
long,1.2,79,-0.6881983026866401
long,1.2,80,-0.6881359074931321
long,1.2,81,-0.7902273522460842
long,1.2,82,-0.5789027291811369
long,1.2,83,-0.6940861161256937
long,1.2,84,-0.5118841251695544
long,1.2,85,-0.4762049598609909
long,1.2,86,-0.7479079496002128
long,1.2,87,-0.5875053439360408
long,1.2,88,-0.6445229114185116
long,1.2,89,-0.6402732395265402
long,1.2,90,-0.4714405438660531
long,1.2,91,-0.7813387901312316
long,1.2,92,-0.691404698862132
long,1.2,93,-0.4058687696711957
long,1.2,94,-0.5007814754830027
long,1.2,95,-0.4658816393139852
long,1.2,96,-0.5357051246396562
long,1.2,97,-0.3987542833490995
long,1.2,98,-0.47754743962803947
long,1.2,99,-0.6145024709739206
long,1.2,100,-0.43982090978218547
long,1.2,101,-0.7303116614635485
long,1.2,102,-0.5913519317617251
long,1.2,103,-0.3034663164665067
long,1.2,104,-0.6589151945590642
long,1.2,105,-0.5621542796903103
long,1.2,106,-0.7714825453556863
long,1.2,107,-0.6963800102139885
long,1.2,108,-0.616543410805417
long,1.2,109,-0.45647364630405185
long,1.2,110,-0.4334752376802126
long,1.2,111,-0.43631431604883997
long,1.2,112,-0.7088014367166815
long,1.2,113,-0.20949546702984564
long,1.2,114,-0.7642842410068076
long,1.2,115,-0.705141811454266
long,1.2,116,-0.2256745385790706
long,1.2,117,-0.505244438702254
long,1.2,118,-0.4518887989970876
long,1.2,119,-0.5325099922264463
long,1.2,120,-0.5679309840246135
long,1.2,121,-0.5853565503525954
long,1.2,122,-0.5873015290856614
long,1.2,123,-0.5620359313291703
long,1.2,124,-0.6085155292627711
long,1.2,125,-0.5161911868527777
long,1.2,126,-0.3578608298618055
long,1.2,127,-0.2458940396925919
long,1.2,128,-0.5983228795845816
long,1.2,129,-0.4907673711076775
long,1.2,130,-0.520426223162764
long,1.2,131,-0.43334929794484883
long,1.2,132,-0.8090995362036499
long,1.2,133,-0.5022914196251459
long,1.2,134,-0.6063468960739005
long,1.2,135,-0.6192681712977175
long,1.2,136,-0.5671224436166115
long,1.2,137,-0.585324137327391
long,1.2,138,-0.6735987902159567
long,1.2,139,-0.4281401333019389
long,1.2,140,-0.383952761463465
long,1.2,141,-0.35909689785676846
long,1.2,142,-0.5201262565252465
long,1.2,143,-0.7672901346920521
long,1.2,144,-0.5546683567840829
long,1.2,145,-0.5082199083107185
long,1.2,146,-0.5530162978350917
long,1.2,147,-0.4384898673383274
long,1.2,148,-0.45805077297581814
long,1.2,149,-0.4369142302438296
long,1.2,150,-0.6732767057593793
long,1.2,151,-0.4958684577613394
long,1.2,152,-0.5993770377415361
long,1.2,153,-0.6406521826182288
long,1.2,154,-0.379971235772355
long,1.2,155,-0.5234152647225429
long,1.2,156,-0.11892337880692297
long,1.2,157,-0.23524113761435234
long,1.2,158,-0.6044709983864417
long,1.2,159,-0.5056668742808221
long,1.2,160,-0.619966981477894
long,1.2,161,-0.5444453470664489
long,1.2,162,-0.5987722750666282
long,1.2,163,-0.6527518196087341
long,1.2,164,-0.6258181544951
long,1.2,165,-0.5415069527090473
long,1.2,166,-0.4402656995097692
long,1.2,167,-0.6362108829429631
long,1.2,168,-0.4551126503402405
long,1.2,169,-0.410568220560618
long,1.2,170,-0.27856386160196095
long,1.2,171,-0.6608441806983636
long,1.2,172,-0.7826978821756327
long,1.2,173,-0.4232371890127174
long,1.2,174,-0.8988736692384585
long,1.2,175,-0.4380288648951523
long,1.2,176,-0.561074781284162
long,1.2,177,-0.582337395650167
long,1.2,178,-0.7144619260647629
long,1.2,179,-0.7622200278314658
long,1.2,180,-0.23455401054152264
long,1.2,181,-0.558107603730219
long,1.2,182,-0.7751153932716317
long,1.2,183,0.003496087849121113
long,1.2,184,-0.5452509296570486
long,1.2,185,-0.3820146079666305
long,1.2,186,-0.770014668097873
long,1.2,187,-0.5094230266040816
long,1.2,188,-0.54630268950982
long,1.2,189,-0.4409453797990577
long,1.2,190,-0.5208957866337245
long,1.2,191,-0.7374459580174263
long,1.2,192,-0.4731301481969923
long,1.2,193,-0.4169842253730529
long,1.2,194,-0.724236710098181
long,1.2,195,-0.28869288641326746
long,1.2,196,-0.6272457290995315
long,1.2,197,-0.5632799444096989
long,1.2,198,-0.47818576933323953
long,1.2,199,-0.7058568985611816
long,1.2,200,-0.7266041030189201
long,1.2,201,-0.6566935259017446
long,1.2,202,-0.6389032096920598
long,1.2,203,-0.5034344860651772
long,1.2,204,-0.5308867100542719
long,1.2,205,-0.8079388703761206
long,1.2,206,-0.7124185609512728
long,1.2,207,-0.1954637673729907
long,1.2,208,-0.4734063932109244
long,1.2,209,-0.8108555574186389
long,1.2,210,-0.4424398651555378
long,1.2,211,-0.6708200477167413
long,1.2,212,-0.6858910948148865
long,1.2,213,-0.6012622304137184
long,1.2,214,-0.456902428917744
long,1.2,215,-0.319715800334233
long,1.2,216,-0.7384909433065056
long,1.2,217,-0.5339501003462988
long,1.2,218,-0.6425669695352086
long,1.2,219,-0.48419350775354714
long,1.2,220,-0.24187086839109948
long,1.2,221,-0.41094852059842946
long,1.2,222,-0.6743029084367681
long,1.2,223,-0.7579760324714189
long,1.2,224,-0.6792781609170605
long,1.2,225,-0.4436831093775586
long,1.2,226,-0.5529860941825997
long,1.2,227,-0.5049724361096234
long,1.2,228,-0.43845502962113037
long,1.2,229,-0.46012982666855473
long,1.2,230,-0.32963858210534763
long,1.2,231,-0.5784628906281393
long,1.2,232,-0.7676476786275973
long,1.2,233,-0.3081242074053913
long,1.2,234,-0.6526318784398799
long,1.2,235,-0.6199147110033493
long,1.2,236,-0.6675036947349596
long,1.2,237,-0.6040342182429735
long,1.2,238,-0.6197753784413637
long,1.2,239,-0.6092623783582667
long,1.2,240,-0.5916507592297622
long,1.2,241,-0.5145550844235565
long,1.2,242,-0.5703944182204134
long,1.2,243,-0.6091081281096112
long,1.2,244,-0.6166117117025008
long,1.2,245,-0.5233376885323409
long,1.2,246,-0.7052712823894058
long,1.2,247,-0.34051130958300035
long,1.2,248,-0.7052388081051357
long,1.2,249,-0.16195818211366342
long,1.2,250,-0.5037973049743838
long,1.2,251,-0.6064262179329344
long,1.2,252,-0.5588432495087037
long,1.2,253,-0.7086523765958516
long,1.2,254,-0.30246835153812085
long,1.2,255,-0.7467065641874232
long,1.2,256,-0.7112044593709489
long,1.2,257,-0.6572471904301338
long,1.2,258,-0.6041509794953458
long,1.2,259,-0.4834725747444645
long,1.2,260,-0.7432147559315239
long,1.2,261,-0.3599747224848774
long,1.2,262,-0.5436298349359229
long,1.2,263,-0.7681646724166663
long,1.2,264,-0.31391256460773276
long,1.2,265,-0.516736108193125
long,1.2,266,-0.7409552000265505
long,1.2,267,-0.5786376215743315
long,1.2,268,-0.5015189812469756
long,1.2,269,-0.6440085118044919
long,1.2,270,-0.785498869755842
long,1.2,271,-0.4884699542123606
long,1.2,272,-0.7026442803000508
long,1.2,273,-0.32703658050652606
long,1.2,274,-0.8750891526425826
long,1.2,275,-0.578829219139338
long,1.2,276,-0.4925641501591627
long,1.2,277,-0.5332196575392117
long,1.2,278,-0.7107674487258043
long,1.2,279,-0.8170579839638694
long,1.2,280,-0.6981438339930068
long,1.2,281,-0.30894676276328353
long,1.2,282,-0.6207509759141324
long,1.2,283,-0.636364858783012
long,1.2,284,-0.4545808944661793
long,1.2,285,-0.46478292086612205
long,1.2,286,-0.43360994275253745
long,1.2,287,-0.5626926572411384
long,1.2,288,-0.17637911273387294
long,1.2,289,-0.5666175474757099
long,1.2,290,-0.6316350409781136
long,1.2,291,-0.5189505929904468
long,1.2,292,-0.5693554228067668
long,1.2,293,-0.33505169693079023
long,1.2,294,-0.6770262417673466
long,1.2,295,-0.5764717264246839
long,1.2,296,-0.5396283137613404
long,1.2,297,-0.5456712296097239
long,1.2,298,-0.7967632793164132
long,1.2,299,-0.4853871803741409
long,1.2,300,-0.7504597746092234
long,1.2,301,-0.7501882225718546
long,1.2,302,-0.3775040755526735
long,1.2,303,-0.3866380585661821
long,1.2,304,-0.6968995096072571
long,1.2,305,-0.3911205112882784
long,1.2,306,-0.30970711567264253
long,1.2,307,-0.32534424700766895
long,1.2,308,-0.6756452299795326
long,1.2,309,-0.3158656122436549
long,1.2,310,-0.4015545334312569
long,1.2,311,-0.757287856510095
long,1.2,312,-0.4745292659550632
long,1.2,313,-0.21358243970071433
long,1.2,314,-0.7845653419138969
long,1.2,315,-0.5153202595419619
long,1.2,316,-0.5852395405033436
long,1.2,317,-0.75944706499062
long,1.2,318,-0.3804717736317293
long,1.2,319,-0.5648908288281447
long,1.2,320,0.007405324774775148
long,1.2,321,-0.20707515528879628
long,1.2,322,-0.5839620257143575
long,1.2,323,-0.34338276483838637
long,1.2,324,-0.41736223252914806
long,1.2,325,-0.5136514961685981
long,1.2,326,-0.4776384160774397
long,1.2,327,-0.5194655617100693
long,1.2,328,-0.649939078571382
long,1.2,329,-0.6365354552784913
long,1.2,330,-0.5377780529781842
long,1.2,331,-0.5486886442988057
long,1.2,332,-0.5732732353665435
long,1.2,333,-0.4484982760683171
long,1.2,334,-0.8803433833480531
long,1.2,335,-0.38469142950219903
long,1.2,336,-0.07270598580814366
long,1.2,337,-0.6659473386366912
long,1.2,338,-0.661801668895867
long,1.2,339,-0.4573826812721512
long,1.2,340,-0.6104839397863805
long,1.2,341,-0.4276841809358715
long,1.2,342,-0.4090357082180932
long,1.2,343,-0.28386291775437755
long,1.2,344,-0.6588773174776873
long,1.2,345,-0.7259003908339834
long,1.2,346,-0.6859381020714056
long,1.2,347,-0.615445537536098
long,1.2,348,-0.64048376781749
long,1.2,349,-0.5813063842537501
long,1.2,350,-0.40227186184032926
long,1.2,351,-0.5395585017631086
long,1.2,352,-0.8415891511282898
long,1.2,353,-0.21087440556308992
long,1.2,354,-0.34579895871034455
long,1.2,355,-0.3243298814809754
long,1.2,356,-0.5692006092650502
long,1.2,357,-0.7816006351085977
long,1.2,358,-0.7115109295149301
long,1.2,359,-0.6266621844668585
long,1.2,360,-0.7827573860603813
long,1.2,361,-0.6486557304254033
long,1.2,362,-0.7463794231490386
long,1.2,363,-0.5942153540310612
long,1.2,364,-0.8017936907354998
long,1.2,365,-1.107695220853335
long,1.2,366,-0.7645498907711183
long,1.2,367,-0.5634281941792424
long,1.2,368,-0.09929819403869049
long,1.2,369,-0.7360561673495744
long,1.2,370,-0.5190609677831979
long,1.2,371,-0.5727306817170865
long,1.2,372,-0.36063853840304316
long,1.2,373,-0.4513674823224671
long,1.2,374,-0.5504983842443896
long,1.2,375,-0.555915777003024
long,1.2,376,-0.1488847933048122
long,1.2,377,-0.5816315822520839
long,1.2,378,-0.691720003067097
long,1.2,379,-0.6495635969298339
long,1.2,380,-0.4341250571272575
long,1.2,381,-0.7118692441594816
long,1.2,382,-0.7583225347974268
long,1.2,383,-0.5891090581733811
long,1.2,384,-0.4434324746571895
long,1.2,385,-0.8432634442751721
long,1.2,386,-0.46376647099767565
long,1.2,387,-0.559476248904462
long,1.2,388,-0.5823452667327076
long,1.2,389,-0.5018566108962118
long,1.2,390,-0.5290932924363376
long,1.2,391,-0.4247631442683526
long,1.2,392,-0.44596740813985397
long,1.2,393,-0.4803161767439881
long,1.2,394,-0.20769649310595018
long,1.2,395,-0.5321628289658953
long,1.2,396,-0.6291250456692341
long,1.2,397,-0.567035407980354
long,1.2,398,-0.5730454206276663
long,1.2,399,-0.259780332835842
long,1.2,400,-0.7455635494908134
long,1.2,401,-0.679203127832134
long,1.2,402,-0.5982190312372089
long,1.2,403,-0.6516476029492239
long,1.2,404,-0.41541336141112106
long,1.2,405,-0.414577371869163
long,1.2,406,-0.50825248801232
long,1.2,407,-0.566214456506277
long,1.2,408,-0.4890295492593934
long,1.2,409,-0.6597689402873028
long,1.2,410,-0.7758054866162309
long,1.2,411,-0.5291524561781653
long,1.2,412,-0.5453256708852146
long,1.2,413,-0.39225702907332094
long,1.2,414,-0.7014089723673812
long,1.2,415,-0.5088167492933867
long,1.2,416,-0.38210492907439236
long,1.2,417,-0.5010222902352028
long,1.2,418,-0.804546761795376
long,1.2,419,-0.8971289925918796
long,1.2,420,-0.7305429767681422
long,1.2,421,-0.8143142788079456
long,1.2,422,-0.4425622777431678
long,1.2,423,-0.5554920312869668
long,1.2,424,-0.6652780486990719
long,1.2,425,-0.7257366843799824
long,1.2,426,-0.6052682100479417
long,1.2,427,-0.642375538496075
long,1.2,428,-0.6765751602948646
long,1.2,429,-0.6312245308049929
long,1.2,430,-0.5819667393228012
long,1.2,431,-0.4493768827797597
long,1.2,432,-0.8529426991688658
long,1.2,433,-0.35209395793121
long,1.2,434,-0.7837415083368658
long,1.2,435,-0.4645893532703329
long,1.2,436,-0.5923033999812042
long,1.2,437,-0.46727469715604686
long,1.2,438,-0.5108852557516723
long,1.2,439,-0.5819125736536996
long,1.2,440,-0.3352106679054512
long,1.2,441,-0.6971406943904216
long,1.2,442,-0.6817461886536181
long,1.2,443,-0.3279178798854125
long,1.2,444,-0.5315142130984712
long,1.2,445,-0.4157747930669577
long,1.2,446,0.02469474046957036
long,1.2,447,-0.42649358773650603
long,1.2,448,-0.6295269329903883
long,1.2,449,-0.4739168138727663
long,1.2,450,-0.7052690729614446
long,1.2,451,-0.8273672342843482
long,1.2,452,-0.5915739463644165
long,1.2,453,-0.5063975314318756
long,1.2,454,-0.2404959367630305
long,1.2,455,-0.5163803356588575
long,1.2,456,-0.6399917341474316
long,1.2,457,-0.534979755716802
long,1.2,458,-0.2622185875128659
long,1.2,459,-0.5230012059781113
long,1.2,460,-0.5588023249056323
long,1.2,461,-0.5592020435183027
long,1.2,462,-0.4526906498601227
long,1.2,463,-0.5997316057750446
long,1.2,464,-0.5334828983686968
long,1.2,465,-0.4686207830727981
long,1.2,466,-0.6883867363643288
long,1.2,467,-0.4782119762668984
long,1.2,468,-0.3379432321798272
long,1.2,469,-0.18485126760388268
long,1.2,470,-0.514308493078694
long,1.2,471,-0.4188383683081565
long,1.2,472,-0.7675244622984324
long,1.2,473,-0.44872779360109155
long,1.2,474,-0.6015208457965963
long,1.2,475,-0.32495500026275337
long,1.2,476,-0.5220870681118521
long,1.2,477,-0.5143954594110701
long,1.2,478,-0.6403111864903775
long,1.2,479,-0.6903857189919069
long,1.2,480,-0.5933845173033816
long,1.2,481,-0.5865219902254891
long,1.2,482,-0.29082418011817723
long,1.2,483,-0.6570532972964973
long,1.2,484,-0.4950106654505564
long,1.2,485,-0.7987874195345405
long,1.2,486,-0.6009312942610722
long,1.2,487,-0.4690175366420155
long,1.2,488,-0.535420975379826
long,1.2,489,-0.4264719670818584
long,1.2,490,-0.6739508315662763
long,1.2,491,-0.26656966826770123
long,1.2,492,-0.3703305501552242
long,1.2,493,-0.5449681054372718
long,1.2,494,-0.676111434796264
long,1.2,495,-0.46152045718961515
long,1.2,496,-0.4628815447206504
long,1.2,497,-0.4750196748208471
long,1.2,498,-0.31435532444878683
long,1.2,499,-0.5295499949336298
long,1.2,500,-0.27452406684679637
long,1.2,501,-0.3350030141170538
long,1.2,502,-0.7600090534161082
long,1.2,503,-0.7282984881520301
long,1.2,504,-0.4760317725915598
long,1.2,505,-0.32439469214027544
long,1.2,506,-0.7134519489801496
long,1.2,507,-0.6300002587408593
long,1.2,508,-0.3946214195559152
long,1.2,509,-0.4571973200016984
long,1.2,510,-0.3115172462132914
long,1.2,511,-0.5007311263256884
long,1.2,512,-0.629198456768662
long,1.2,513,-0.4612509387383256
long,1.2,514,-0.515009338286575
long,1.2,515,-0.44281570090719613
long,1.2,516,-0.5493071494480624
long,1.2,517,-0.30379411916855315
long,1.2,518,-0.6486860215763264
long,1.2,519,-0.5290576249713913
long,1.2,520,-0.49820733181044785
long,1.2,521,-0.6093771861937766
long,1.2,522,-0.47099694650447593
long,1.2,523,-0.4383060712179999
long,1.2,524,-0.6635332067137137
long,1.2,525,-0.6746984919769504
long,1.2,526,-0.5837329273693352
long,1.2,527,-0.5536298544335372
long,1.2,528,-0.8354507475078292
long,1.2,529,-0.3990445913959145
long,1.2,530,-0.7153696809454123
long,1.2,531,-0.3319157788313976
long,1.2,532,-0.49224147105156435
long,1.2,533,-0.44106135029201915
long,1.2,534,-0.3671387973503446
long,1.2,535,-0.5611082384709191
long,1.2,536,-0.6939123636104647
long,1.2,537,-0.6319069689550089
long,1.2,538,-0.49676984504094684
long,1.2,539,-0.4240946984571382
long,1.2,540,-0.7447080130563536
long,1.2,541,-0.5827108838736944
long,1.2,542,-0.7643043317470095
long,1.2,543,-0.6226316330505924
long,1.2,544,-0.41445662515176074
long,1.2,545,-0.4489719642818196
long,1.2,546,-0.2617477138377114
long,1.2,547,-0.5700508320644969
long,1.2,548,-0.6970515839766872
long,1.2,549,-0.7722397311681015
long,1.2,550,-0.3437888075380906
long,1.2,551,-0.7488355065483339
long,1.2,552,-0.463177971326727
long,1.2,553,-0.5664892394942012
long,1.2,554,-0.3566885720372878
long,1.2,555,-0.6517411175875888
long,1.2,556,-0.6643831250581399
long,1.2,557,-0.6217105302756034
long,1.2,558,-0.41225166667112934
long,1.2,559,-0.7593891952606108
long,1.2,560,-0.4872472909043405
long,1.2,561,-0.44495168429350984
long,1.2,562,-0.5016559672320032
long,1.2,563,-0.5361756005734475
long,1.2,564,-0.6573705002754673
long,1.2,565,-0.3432180404346075
long,1.2,566,-0.18495344219794504
long,1.2,567,-0.4664511714842662
long,1.2,568,-0.5512021534200913
long,1.2,569,-0.674407890035581
long,1.2,570,-0.5906945427589556
long,1.2,571,-0.5054009845866974
long,1.2,572,-0.6098375494452708
long,1.2,573,-0.2512322016841766
long,1.2,574,-0.7060620356633743
long,1.2,575,-0.746627197584312
long,1.2,576,-0.42420554355737966
long,1.2,577,-0.3872407018847352
long,1.2,578,-0.5373108683438395
long,1.2,579,-0.7126000482377105
long,1.2,580,-0.5739455576335144
long,1.2,581,-0.6984612999143951
long,1.2,582,-0.667384870360334
long,1.2,583,-0.5742048328983059
long,1.2,584,-0.5702820370744573
long,1.2,585,-0.6485357986869849
long,1.2,586,-0.6204170616211757
long,1.2,587,-0.5883891537848641
long,1.2,588,-0.7470730218882358
long,1.2,589,-0.3615013511742121
long,1.2,590,-0.8427786143522948
long,1.2,591,-0.5030232324131392
long,1.2,592,-0.6666458379717916
long,1.2,593,-0.538142045050496
long,1.2,594,-0.5745824166571339
long,1.2,595,-0.6035204993790378
long,1.2,596,-0.5147479479065031
long,1.2,597,-0.6847538800133747
long,1.2,598,-0.5295683876489202
long,1.2,599,-0.6543736921649953
long,1.2,600,-0.853256172230989
long,1.2,601,-0.6582290256432601
long,1.2,602,-0.5486913298119738
long,1.2,603,-0.3841276255309606
long,1.2,604,-0.64263969228744
long,1.2,605,-0.7126409792486598
long,1.2,606,-0.7323713194364565
long,1.2,607,-0.22375132411031629
long,1.2,608,-0.6425708107640925
long,1.2,609,-0.5267008812391445
long,1.2,610,-0.6802129844354615
long,1.2,611,-0.5015568584236921
long,1.2,612,-0.48423771308012353
long,1.2,613,-0.7809869815012774
long,1.2,614,-0.7119710275757819
long,1.2,615,-0.21352001546427238
long,1.2,616,-0.7428455985875457
long,1.2,617,-0.5192269398980283
long,1.2,618,-0.8724081660642017
long,1.2,619,-0.8221843301023568
long,1.2,620,-0.46564526255512023
long,1.2,621,-0.5778694802270886
long,1.2,622,-0.6669976996361612
long,1.2,623,-0.5677177562385829
long,1.2,624,-0.5733187290890004
long,1.2,625,-0.6616010886276694
long,1.2,626,-0.6090192609276814
long,1.2,627,0.003562434107518119
long,1.2,628,-0.42096755297202926
long,1.2,629,-0.8902379908764434
long,1.2,630,-0.824948342005449
long,1.2,631,-0.62476287314448
long,1.2,632,-0.396657801270257
long,1.2,633,-0.00842819447697337
long,1.2,634,-0.7413416210763594
long,1.2,635,-0.547249044640137
long,1.2,636,-0.49315828199481804
long,1.2,637,-0.6901336219297982
long,1.2,638,-0.5312303535195564
long,1.2,639,-0.614471081018724
long,1.2,640,-0.450526441123417
long,1.2,641,-0.4016344058394328
long,1.2,642,-0.46952637270842557
long,1.2,643,-0.5027241758116652
long,1.2,644,-0.5322527204411375
long,1.2,645,-0.5461387863914849
long,1.2,646,-0.7358657988949665
long,1.2,647,-0.6640809180523825
long,1.2,648,-0.586317041543488
long,1.2,649,-0.709254675987697
long,1.2,650,-0.7385177366622142
long,1.2,651,-0.30116045299129973
long,1.2,652,-0.48430103230740323
long,1.2,653,-0.5733889866748879
long,1.2,654,-0.6587126275812117
long,1.2,655,-0.6062651227642224
long,1.2,656,-0.7394339962792781
long,1.2,657,-0.5745820285186568
long,1.2,658,-0.6602791572679299
long,1.2,659,-0.7063862328846108
long,1.2,660,-0.5373485545233184
long,1.2,661,-0.8642000184236548
long,1.2,662,-0.6854756303452503
long,1.2,663,-0.4459653145300969
long,1.2,664,-0.5409828667017769
long,1.2,665,-0.5699803088144192
long,1.2,666,-0.5699638331530401
long,1.2,667,-0.7038532084721261
long,1.2,668,-0.7433412984630323
long,1.2,669,-0.6181431442045274
long,1.2,670,-0.5513725535515174
long,1.2,671,-0.229666449647807
long,1.2,672,-0.5020362224132776
long,1.2,673,-0.6993538108434338
long,1.2,674,-0.4521699430216961
long,1.2,675,-0.5212357023087155
long,1.2,676,-0.43226253428854083
long,1.2,677,-0.5210624829191118
long,1.2,678,-0.6203721521709851
long,1.2,679,-0.40618562855817836
long,1.2,680,-0.14395347935750855
long,1.2,681,-0.8106810399998216
long,1.2,682,-0.6290408183774184
long,1.2,683,-0.25898255843620405
long,1.2,684,-0.6846108957053966
long,1.2,685,-0.7108679887984891
long,1.2,686,-0.5307012366206045
long,1.2,687,-0.4007536481806087
long,1.2,688,-0.7938997007215444
long,1.2,689,-0.6805121268541473
long,1.2,690,-0.6882002490512986
long,1.2,691,-0.5837278696546865
long,1.2,692,-0.5926933813485268
long,1.2,693,-0.4618918945427678
long,1.2,694,-0.6157203999098556
long,1.2,695,-0.483219879363667
long,1.2,696,-0.629683064732109
long,1.2,697,-0.7173917295261079
long,1.2,698,-0.5824431481785598
long,1.2,699,-0.49331585566315
long,1.2,700,-0.3898355238200566
long,1.2,701,-0.7474159717417397
long,1.2,702,-0.7347511633970477
long,1.2,703,-0.615680945719981
long,1.2,704,-0.3686527447415421
long,1.2,705,-0.5961449086122631
long,1.2,706,-0.597863250266099
long,1.2,707,-0.5233356267356171
long,1.2,708,-0.8200597167887594
long,1.2,709,-0.49316767250009697
long,1.2,710,-0.5620813621470758
long,1.2,711,-0.5477356761929966
long,1.2,712,-0.7412901787405668
long,1.2,713,-0.33770499127095854
long,1.2,714,-0.5509679732505101
long,1.2,715,-0.3787887823990256
long,1.2,716,-0.29932089207687534
long,1.2,717,-0.5876166758300339
long,1.2,718,-0.7399839107259932
long,1.2,719,-0.670427093643533
long,1.2,720,-0.5034883136126643
long,1.2,721,-0.5427216025154924
long,1.2,722,-0.7505613172130893
long,1.2,723,-0.5195603967027554
long,1.2,724,-0.4707624119939258
long,1.2,725,-0.8548226211972764
long,1.2,726,-0.537356645013813
long,1.2,727,-0.5918112075107308
long,1.2,728,-0.5201332636255003
long,1.2,729,-0.6159760791160148
long,1.2,730,-0.5896639405571336
long,1.2,731,-0.45075310519462103
long,1.2,732,-0.6516320137950806
long,1.2,733,-0.6127817681172217
long,1.2,734,-0.5651418047301906
long,1.2,735,-0.5237850700925257
long,1.2,736,-0.44096215268475836
long,1.2,737,-0.6997542147087651
long,1.2,738,-0.5819171759669219
long,1.2,739,-0.6062801795945109
long,1.2,740,-0.37924118327574446
long,1.2,741,-0.6929867285316469
long,1.2,742,-0.6524433329897379
long,1.2,743,-0.4841278326681902
long,1.2,744,-0.3266364185751233
long,1.2,745,-0.3163526914196704
long,1.2,746,-0.5263632807818437
long,1.2,747,-0.46682032879443097
long,1.2,748,-0.6027455817776383
long,1.2,749,-0.43079039636791167
long,1.2,750,-0.6446134068378095
long,1.2,751,-0.5905504336764008
long,1.2,752,-0.8418069301752331
long,1.2,753,-0.4547749128065899
long,1.2,754,-0.6748405527440141
long,1.2,755,-0.46377553999694743
long,1.2,756,-0.5538680491828328
long,1.2,757,-0.7198886820036843
long,1.2,758,-0.33432984783052216
long,1.2,759,-0.0848829825836208
long,1.2,760,-0.7899091009818591
long,1.2,761,-0.620575559531029
long,1.2,762,-0.739564337482282
long,1.2,763,-0.6071904654198508
long,1.2,764,-0.3219177149126455
long,1.2,765,-0.7480102696242381
long,1.2,766,-0.39430749194765075
long,1.2,767,-0.5734438685600446
long,1.2,768,-0.6330184187570888
long,1.2,769,-0.4918998468273896
long,1.2,770,-0.6078804149349746
long,1.2,771,-0.24245044170936342
long,1.2,772,-0.6734511556088234
long,1.2,773,-0.7005116703993146
long,1.2,774,-0.7406481981173029
long,1.2,775,-0.5664732287332045
long,1.2,776,-0.5342702478616801
long,1.2,777,-0.41473509748243004
long,1.2,778,-0.191179629969674
long,1.2,779,-0.5115659679677583
long,1.2,780,-0.5285282687123347
long,1.2,781,-0.4200775315728853
long,1.2,782,-0.45847466007829163
long,1.2,783,-0.236625784560694
long,1.2,784,-0.18737096525822028
long,1.2,785,-0.4737727722764477
long,1.2,786,-0.4194243892107044
long,1.2,787,-0.5988421659941147
long,1.2,788,-0.6654453367187912
long,1.2,789,-0.5389960309520595
long,1.2,790,-0.5290492510845222
long,1.2,791,-0.6531196926357121
long,1.2,792,-0.5404342136906229
long,1.2,793,-0.5787466025720333
long,1.2,794,-0.6696982134675104
long,1.2,795,-0.5777460559224271
long,1.2,796,-0.455910700399308
long,1.2,797,-0.5831065746534684
long,1.2,798,-0.27906880480783247
long,1.2,799,-0.6355261752728866
long,1.2,800,-0.5880390630779136
long,1.2,801,-0.8373503469999116
long,1.2,802,-0.6309620335453054
long,1.2,803,-0.8801941327786184
long,1.2,804,-0.48537057991991023
long,1.2,805,-0.6536619689268244
long,1.2,806,-0.3896604478773781
long,1.2,807,-0.3493899654737808
long,1.2,808,-0.5480731580963286
long,1.2,809,-0.7239432104746062
long,1.2,810,-0.46360146396056445
long,1.2,811,0.06085615164378644
long,1.2,812,-0.3499671010140454
long,1.2,813,-0.4584032859050043
long,1.2,814,-0.5780116599811257
long,1.2,815,-0.7791142870634025
long,1.2,816,-0.7101838159474498
long,1.2,817,-0.8505519154697749
long,1.2,818,-0.30730173826781015
long,1.2,819,-0.6717306073169538
long,1.2,820,-0.2377702098649537
long,1.2,821,-0.6690890192922386
long,1.2,822,-0.6648916223335022
long,1.2,823,-0.6567986540570291
long,1.2,824,-0.897532796263559
long,1.2,825,-0.3686877731494387
long,1.2,826,-0.7137069606310088
long,1.2,827,-0.6329544342468918
long,1.2,828,-0.7787274888928257
long,1.2,829,-0.23665227390387283
long,1.2,830,-0.7885246473029347
long,1.2,831,-0.5971603204841326
long,1.2,832,-0.7877503210890162
long,1.2,833,-0.6192979974943412
long,1.2,834,-0.8619909193682258
long,1.2,835,-0.6587918890965913
long,1.2,836,-0.5055238233351895
long,1.2,837,-0.4069847665058105
long,1.2,838,-0.6856968087758545
long,1.2,839,-0.7340069461337183
long,1.2,840,-0.6673784268512923
long,1.2,841,-0.47097243156740637
long,1.2,842,-0.6408583396536646
long,1.2,843,-0.6156079724338116
long,1.2,844,-0.5298801370898713
long,1.2,845,-0.5142143668094256
long,1.2,846,-0.470751635704722
long,1.2,847,-0.6612146421652385
long,1.2,848,-0.7218858092754438
long,1.2,849,-0.236923401114768
long,1.2,850,-0.6429592074545112
long,1.2,851,-0.5286127074176246
long,1.2,852,-0.5876832976073966
long,1.2,853,-0.4778583835158371
long,1.2,854,-0.43270680955971685
long,1.2,855,-0.5253487018023291
long,1.2,856,-0.5852326899438655
long,1.2,857,-0.5687455300225693
long,1.2,858,-0.5825774553093636
long,1.2,859,-0.33093301009876086
long,1.2,860,-0.5162133752668545
long,1.2,861,-0.49704325201495253
long,1.2,862,-0.579585315689283
long,1.2,863,-0.711186720039274
long,1.2,864,-0.6395014205224382
long,1.2,865,-0.5172213605008632
long,1.2,866,-0.4941968933563275
long,1.2,867,-0.6713822701369945
long,1.2,868,-0.47926221251623013
long,1.2,869,-0.652613764105117
long,1.2,870,-0.5350929973116384
long,1.2,871,-0.665160957425439
long,1.2,872,-0.5920683300533913
long,1.2,873,-0.5607241944664008
long,1.2,874,-0.6258189406737108
long,1.2,875,-0.6450606156697081
long,1.2,876,-0.047614011011842816
long,1.2,877,-0.7947818854799565
long,1.2,878,-0.5596862497995465
long,1.2,879,-0.8853825918186716
long,1.2,880,-0.6971676394990282
long,1.2,881,-0.42908205486403184
long,1.2,882,-0.33808008455464583
long,1.2,883,-0.7580944927243245
long,1.2,884,-0.5932522735019473
long,1.2,885,-0.6561550852983032
long,1.2,886,-0.5636760757706837
long,1.2,887,-0.8212668461595758
long,1.2,888,-0.5252547564769501
long,1.2,889,-0.7653794774156076
long,1.2,890,-0.4471571783450331
long,1.2,891,-0.5667771230031735
long,1.2,892,-0.7648541159225152
long,1.2,893,-0.9002368556670612
long,1.2,894,-0.5715858662941635
long,1.2,895,-0.6780076031640343
long,1.2,896,-0.41911515695681695
long,1.2,897,-0.4300783591811114
long,1.2,898,-0.44628688340601347
long,1.2,899,-0.48720837870371614
long,1.2,900,-0.5976391078048412
long,1.2,901,-0.7485878931325222
long,1.2,902,-0.09259613332968619
long,1.2,903,-0.547601953418921
long,1.2,904,-0.6242479413490846
long,1.2,905,-0.11634595450002558
long,1.2,906,-0.3959902438067733
long,1.2,907,-0.4239746800652579
long,1.2,908,-0.5120767881046826
long,1.2,909,-0.3255811151715276
long,1.2,910,-0.49090935786155826
long,1.2,911,-0.6544525910248492
long,1.2,912,-0.7811561994535842
long,1.2,913,-0.5432882368176702
long,1.2,914,-0.6412835473320833
long,1.2,915,-0.6005491214157244
long,1.2,916,-0.6008532910555601
long,1.2,917,-0.2524468772438678
long,1.2,918,-0.38206427509324076
long,1.2,919,-0.5766411692339896
long,1.2,920,-0.565858094588676
long,1.2,921,-0.5870736299379727
long,1.2,922,-0.8017676907135423
long,1.2,923,-0.8133583728083692
long,1.2,924,-0.6779637746523819
long,1.2,925,-0.34259036564277195
long,1.2,926,-0.893851406836016
long,1.2,927,-0.5230672169988095
long,1.2,928,-0.5818998053078339
long,1.2,929,-0.5686317214301153
long,1.2,930,-0.5203554964483867
long,1.2,931,-0.40592550327314025
long,1.2,932,-0.4813398369860667
long,1.2,933,-0.47608484508111054
long,1.2,934,-0.5472442751924855
long,1.2,935,-0.5990738109722232
long,1.2,936,-0.2935456268126076
long,1.2,937,-0.7370250622650253
long,1.2,938,-0.7033247592850982
long,1.2,939,-0.5149110566908086
long,1.2,940,-0.8627166298727615
long,1.2,941,-0.5643872399043753
long,1.2,942,-0.6941270512675065
long,1.2,943,-0.7762122018756115
long,1.2,944,-0.7984006101810565
long,1.2,945,-0.7149299853229277
long,1.2,946,-0.5938391346073445
long,1.2,947,-0.41485486769475144
long,1.2,948,-0.5128271801115402
long,1.2,949,-0.576018521237852
long,1.2,950,-0.5369235847034156
long,1.2,951,-0.40460125912371164
long,1.2,952,-0.4498492378549327
long,1.2,953,-0.7753674886974802
long,1.2,954,-0.526041812095206
long,1.2,955,-0.7945893472893598
long,1.2,956,-0.7068099881123436
long,1.2,957,-0.7034360766804993
long,1.2,958,-0.28265818651853497
long,1.2,959,-0.44132828456705286
long,1.2,960,-0.5518197599142755
long,1.2,961,-0.652507610233634
long,1.2,962,-0.6977654566455054
long,1.2,963,-0.4598411262981006
long,1.2,964,-0.5455345293668261
long,1.2,965,-0.4100437974366334
long,1.2,966,-0.3380371372299606
long,1.2,967,-0.8192626207261159
long,1.2,968,-0.7222676818126164
long,1.2,969,-0.64453180908956
long,1.2,970,-0.5250577753180349
long,1.2,971,-0.6292052881607275
long,1.2,972,-0.7146465301010685
long,1.2,973,-0.573149635294263
long,1.2,974,-0.576482375597562
long,1.2,975,-0.4962643862801925
long,1.2,976,-0.5688412096676247
long,1.2,977,-0.653302103588847
long,1.2,978,-0.7454398827346809
long,1.2,979,-0.6749367585728642
long,1.2,980,-0.7715253021966849
long,1.2,981,-0.6241451517276
long,1.2,982,-0.6949926075019854
long,1.2,983,-0.5222014083846789
long,1.2,984,-0.6723692419055903
long,1.2,985,-0.3923590236502245
long,1.2,986,-0.6526021702237249
long,1.2,987,-0.5960206387630606
long,1.2,988,-0.7383565045918855
long,1.2,989,-0.6734106215782306
long,1.2,990,-0.5715474947304415
long,1.2,991,-0.2172464528503634
long,1.2,992,-0.719946507007766
long,1.2,993,-0.5919557356181568
long,1.2,994,-0.5802259221486983
long,1.2,995,-0.4838950990684405
long,1.2,996,-0.44397640094580626
long,1.2,997,-0.6197544583052019
long,1.2,998,-0.700447070389627
long,1.2,999,-0.23624792112623944
long,1.2,1000,-0.5945003980193563
long,1.2,1001,-0.6661056652335043
long,1.2,1002,-0.6436451904486516
long,1.2,1003,-0.5842309042668119
long,1.2,1004,-0.9141525076768041
long,1.2,1005,-0.5195417922783185
long,1.2,1006,-0.5273291420653421
long,1.2,1007,-0.5071350293324687
long,1.2,1008,-0.581038616599058
long,1.2,1009,-0.7054306653671489
long,1.2,1010,-0.8122991623866569
long,1.2,1011,-0.49474436564409846
long,1.2,1012,-0.568319792956106
long,1.2,1013,-0.3769520677656368
long,1.2,1014,-0.6426884618441242
long,1.2,1015,-0.7296952768175284
long,1.2,1016,-0.59208547420462
long,1.2,1017,-0.4873162519119281
long,1.2,1018,-0.10854821762674709
long,1.2,1019,-0.7623744780051509
long,1.2,1020,-0.11412940550516107
long,1.2,1021,-0.6801906787972634
long,1.2,1022,-0.8087803819284614
long,1.2,1023,-0.2826616585040732
long,1.2,1024,-0.7225055635704316
long,1.2,1025,-0.5007867658792695
long,1.2,1026,-0.8051907978612147
long,1.2,1027,-0.13100206558479072
long,1.2,1028,-0.7041163447620558
long,1.2,1029,-0.399484759598315
long,1.2,1030,-0.5392999282236328
long,1.2,1031,-0.7348168141359991
long,1.2,1032,-0.5455486659460589
long,1.2,1033,-0.555246079506454
long,1.2,1034,-0.736041518296504
long,1.2,1035,-0.3498601910219803
long,1.2,1036,-0.5350611670929778
long,1.2,1037,-0.6963116941783755
long,1.2,1038,-0.6928862696810596
long,1.2,1039,-0.3888646820670978
long,1.2,1040,-0.8088380349832249
long,1.2,1041,-0.7294652618002074
long,1.2,1042,-0.5056966122746335
long,1.2,1043,-0.5164689709186404
long,1.2,1044,-0.5995561369365718
long,1.2,1045,-0.5463130114606272
long,1.2,1046,-0.5766318278587842
long,1.2,1047,-0.6678809708379279
long,1.2,1048,-0.7086375154306354
long,1.2,1049,-0.820600732878222
long,1.2,1050,-0.4084821270026066
long,1.2,1051,-0.5041318985118316
long,1.2,1052,-0.5084106583156383
long,1.2,1053,-0.5423773952381964
long,1.2,1054,-0.3718423937471823
long,1.2,1055,-0.5879980570901712
long,1.2,1056,-1.112720409063898
long,1.2,1057,-0.4999022654059557
long,1.2,1058,-0.36500316622838275
long,1.2,1059,-0.782727620586352
long,1.2,1060,-0.596355875472044
long,1.2,1061,-0.424828711588348
long,1.2,1062,-0.31203354948054707
long,1.2,1063,-0.64100875422104
long,1.2,1064,-0.6340336727375694
long,1.2,1065,-0.7681557328281132
long,1.2,1066,-0.6441671488685947
long,1.2,1067,-0.7589747123457492
long,1.2,1068,-0.8954108849806381
long,1.2,1069,-0.5874570846093097
long,1.2,1070,-0.6538826291840176
long,1.2,1071,-0.5029047391496186
long,1.2,1072,-0.3975532461313426
long,1.2,1073,-0.3020270108021143
long,1.2,1074,-0.8419532249779573
long,1.2,1075,-0.3125488260408975
long,1.2,1076,-0.3674402199309899
long,1.2,1077,-0.34680325683116364
long,1.2,1078,-0.7336277100722679
long,1.2,1079,-0.5158385869130079
long,1.2,1080,-0.7430902436811425
long,1.2,1081,-0.5009090845213731
long,1.2,1082,-0.8014276491091277
long,1.2,1083,-0.8257853196817466
long,1.2,1084,-0.6092174382926868
long,1.2,1085,-0.5919647030593272
long,1.2,1086,-0.8391019003771595
long,1.2,1087,-0.4851095084150469
long,1.2,1088,-0.652876129772461
long,1.2,1089,-0.5799075173002668
long,1.2,1090,-0.7535459169393582
long,1.2,1091,-0.6302978578937465
long,1.2,1092,-0.5468453689654644
long,1.2,1093,-0.766980413960498
long,1.2,1094,-0.6507098504183839
long,1.2,1095,-0.7426070787516452
long,1.2,1096,-0.7666126001112348
long,1.2,1097,-0.026204096320136445
long,1.2,1098,-0.7811994906037736
long,1.2,1099,-0.5353705442923304
long,1.2,1100,-0.791886853935552
long,1.2,1101,-0.3654215980581421
long,1.2,1102,-0.48980738824014264
long,1.2,1103,-0.35608952296670254
long,1.2,1104,-0.7074705398681949
long,1.2,1105,-0.5401772758387045
long,1.2,1106,-0.6320020495437584
long,1.2,1107,-0.7307869201330869
long,1.2,1108,-0.6410318074392808
long,1.2,1109,-0.6137762236550484
long,1.2,1110,-0.22297259924672314
long,1.2,1111,-0.4920579055311
long,1.2,1112,-0.5900166992959143
long,1.2,1113,-0.5655490447714195
long,1.2,1114,-0.5389146535477435
long,1.2,1115,-0.4594728241624969
long,1.2,1116,-0.6102104148142132
long,1.2,1117,-0.6244509016432506
long,1.2,1118,-0.5122269807887567
long,1.2,1119,-0.5019161566172738
long,1.2,1120,-0.298652595172608
long,1.2,1121,-0.6154014710453092
long,1.2,1122,-0.6995314277364539
long,1.2,1123,-0.5363989482205913
long,1.2,1124,-0.8783223621187507
long,1.2,1125,-0.44437507412671073
long,1.2,1126,-0.9257736557543218
long,1.2,1127,-0.5787560183742195
long,1.2,1128,-0.48172699726947327
long,1.2,1129,-0.8058548574670318
long,1.2,1130,-0.22015276892565905
long,1.2,1131,-0.56971595121606
long,1.2,1132,-0.5362288501553367
long,1.2,1133,-0.526808114791678
long,1.2,1134,-0.7425855824988307
long,1.2,1135,-0.5027746557473394
long,1.2,1136,-0.5084167877457568
long,1.2,1137,-0.6519835432080306
long,1.2,1138,-0.5441284121717053
long,1.2,1139,-0.6467794647219332
long,1.2,1140,-0.5769281283993517
long,1.2,1141,-0.5679267800877416
long,1.2,1142,-0.48854745205101624
long,1.2,1143,-0.35102913101813543
long,1.2,1144,-0.7523849040393114
long,1.2,1145,-0.1716339429674895
long,1.2,1146,-0.9041805348939641
long,1.2,1147,-0.44049366941340656
long,1.2,1148,-0.698237476279104
long,1.2,1149,-0.5472779511584918
long,1.2,1150,-0.6372085827520686
long,1.2,1151,-0.6701911770172583
long,1.2,1152,-0.7169966607451508
long,1.2,1153,-0.37668082780613193
long,1.2,1154,-0.5086645477495766
long,1.2,1155,-0.5052136935981177
long,1.2,1156,-0.6249277388858014
long,1.2,1157,-0.18912828964724712
long,1.2,1158,-0.4860682237123075
long,1.2,1159,-0.39481900678684817
long,1.2,1160,-0.5663250330022283
long,1.2,1161,-0.5589187754945971
long,1.2,1162,-0.18941928327293855
long,1.2,1163,-0.4403849999390122
long,1.2,1164,-0.46655700442542913
long,1.2,1165,-0.46728325994134967
long,1.2,1166,-0.4680729977132982
long,1.2,1167,-0.7029554250980937
long,1.2,1168,-0.8780079837957504
long,1.2,1169,-0.4739957029359376
long,1.2,1170,-0.5446532606168134
long,1.2,1171,-0.5863707367205061
long,1.2,1172,-0.6748290220162219
long,1.2,1173,-0.38170900009342124
long,1.2,1174,-0.5409678664384211
long,1.2,1175,-0.615124249649518
long,1.2,1176,-0.6636926857744545
long,1.2,1177,-0.49076684208121135
long,1.2,1178,-0.6627599089877861
long,1.2,1179,-0.7622851975714603
long,1.2,1180,-0.3857978326605796
long,1.2,1181,-0.5515424582381722
long,1.2,1182,-0.5933474878431646
long,1.2,1183,-0.5559272819992028
long,1.2,1184,-0.6046890655390601
long,1.2,1185,-0.3965470005215213
long,1.2,1186,-0.7866239132176693
long,1.2,1187,-0.4637497676935602
long,1.2,1188,-0.7455089918008824
long,1.2,1189,-0.4761765920265787
long,1.2,1190,-0.5568401292706214
long,1.2,1191,-0.8307585460240404
long,1.2,1192,-0.6724445865366285
long,1.2,1193,-0.6449353618015166
long,1.2,1194,-0.6570544778141082
long,1.2,1195,-0.4610590699656307
long,1.2,1196,-0.13884235692241328
long,1.2,1197,-0.25127336314846627
long,1.2,1198,-0.4099327105347656
long,1.2,1199,-0.7549845725079877
long,1.2,1200,-0.4470090804531503
long,1.2,1201,-0.4821497366655371
long,1.2,1202,-0.5800619658757674
long,1.2,1203,-0.7767399475780234
long,1.2,1204,-0.4321132249376316
long,1.2,1205,-0.5307521442932005
long,1.2,1206,-0.6471807816867577
long,1.2,1207,-0.5966368063418435
long,1.2,1208,-0.8730662937440548
long,1.2,1209,-0.357691156806201
long,1.2,1210,-0.41703263046714895
long,1.2,1211,-0.544493671688773
long,1.2,1212,-0.5853294369986566
long,1.2,1213,-0.10365749677812705
long,1.2,1214,-0.6349237023323422
long,1.2,1215,-0.7511935104693322
long,1.2,1216,-0.7374323605835252
long,1.2,1217,-0.5683174984498135
long,1.2,1218,-0.7639235170913303
long,1.2,1219,-0.6246406818295706
long,1.2,1220,-0.45830447786252676
long,1.2,1221,-0.6007221335527799
long,1.2,1222,-0.5655957371229416
long,1.2,1223,-0.4606483097505219
long,1.2,1224,-0.5642232372111687
long,1.2,1225,-0.708889707419124
long,1.2,1226,-0.7482918896834448
long,1.2,1227,-0.39211574683895356
long,1.2,1228,-0.5192764319626262
long,1.2,1229,-0.6547624743354283
long,1.2,1230,-0.4573630454246157
long,1.2,1231,-0.5560460952191062
long,1.2,1232,-0.6734366980148836
long,1.2,1233,-0.6697703769058554
long,1.2,1234,-0.3908116005223341
long,1.2,1235,-0.37117578820885466
long,1.2,1236,-0.42089472437430353
long,1.2,1237,-0.6024326429011986
long,1.2,1238,-0.5810708982140667
long,1.2,1239,-0.6665977736088833
long,1.2,1240,-0.5517563849281816
long,1.2,1241,-0.7724545904132322
long,1.2,1242,-0.535383487499808
long,1.2,1243,-0.7414644142398817
long,1.2,1244,-0.4310172487185927
long,1.2,1245,-0.44686608470484684
long,1.2,1246,-0.28317229736998367
long,1.2,1247,-0.37327432689175577
long,1.2,1248,-0.5892311852608079
long,1.2,1249,-0.7754792609321958
long,1.2,1250,-0.7873414473624216
long,1.2,1251,-0.5596928469293918
long,1.2,1252,-0.5469353209839265
long,1.2,1253,-0.5596766685117349
long,1.2,1254,-0.6577400191943052
long,1.2,1255,-0.5960061168146183
long,1.2,1256,-0.38384859806319777
long,1.2,1257,-0.5467778189224748
long,1.2,1258,-0.5809274713485878
long,1.2,1259,-0.6106288031031583
long,1.2,1260,-0.6040890353816498
long,1.2,1261,-0.6321003414370143
long,1.2,1262,-0.5318237676409309
long,1.2,1263,-0.6137399177694252
long,1.2,1264,-0.6429832269698409
long,1.2,1265,-0.760500466934241
long,1.2,1266,-0.6527944165246724
long,1.2,1267,-0.5497523339759322
long,1.2,1268,-0.6970086732068189
long,1.2,1269,-0.8160446168622767
long,1.2,1270,-0.5750271836487961
long,1.2,1271,-0.40675733214913495
long,1.2,1272,-0.577223301470856
long,1.2,1273,-0.5333156099178304
long,1.2,1274,-0.7171922807568674
long,1.2,1275,-0.6754830025237043
long,1.2,1276,-0.7874480249612968
long,1.2,1277,-0.5501827363028872
long,1.2,1278,-0.5416616321145292
long,1.2,1279,-0.4044315290994456
long,1.2,1280,-0.7267640431923504
long,1.2,1281,-0.733550719157241
long,1.2,1282,-0.44890992692646664
long,1.2,1283,-0.6857709931399767
long,1.2,1284,-0.5716106024787034
long,1.2,1285,-0.5245622160933884
long,1.2,1286,-0.4740876481209175
long,1.2,1287,-0.5268528187589171
long,1.2,1288,-0.4462364341262393
long,1.2,1289,-0.6853790120461248
long,1.2,1290,-0.6804921318249979
long,1.2,1291,-0.5032651242238849
long,1.2,1292,-0.8168782897206058
long,1.2,1293,-0.49180425306548103
long,1.2,1294,-0.7362542519920504
long,1.2,1295,-0.6406773805807167
long,1.2,1296,-0.5366332642414311
long,1.2,1297,-0.4445060703174578
long,1.2,1298,-0.6318328303911348
long,1.2,1299,-0.47928895850717534
long,1.2,1300,0.043652437458709725
long,1.2,1301,-0.7815175254967455
long,1.2,1302,-0.6765130881697242
long,1.2,1303,-0.5751731014026076
long,1.2,1304,-0.7958673543846715
long,1.2,1305,-0.7042366951826393
long,1.2,1306,-0.6648936247370925
long,1.2,1307,-0.49808540537969054
long,1.2,1308,-0.20807666781792275
long,1.2,1309,-0.4356612642493772
long,1.2,1310,-0.639727642285702
long,1.2,1311,-0.6227158094548964
long,1.2,1312,-0.8646613782359469
long,1.2,1313,-0.5252133837952127
long,1.2,1314,-0.5645388949951351
long,1.2,1315,-0.4605657408167101
long,1.2,1316,-0.6694880411012807
long,1.2,1317,-0.4987884998472164
long,1.2,1318,-0.6508868539498597
long,1.2,1319,-0.7773382077839643
long,1.2,1320,-0.7624857858002578
long,1.2,1321,-0.5512700773769513
long,1.2,1322,-0.6439235470615647
long,1.2,1323,-0.35052522664599634
long,1.2,1324,-0.6039692499105515
long,1.2,1325,-0.8090944746471339
long,1.2,1326,-0.8671992534981319
long,1.2,1327,-0.4273351025479381
long,1.2,1328,-0.44409743810523145
long,1.2,1329,-0.6526518762132738
long,1.2,1330,-0.445278206185574
long,1.2,1331,-0.4798671435203678
long,1.2,1332,-0.5571559468447148
long,1.2,1333,-0.538804456181067
long,1.2,1334,-0.4320645314029872
long,1.2,1335,-0.6952515216720581
long,1.2,1336,-0.7687016821433381
long,1.2,1337,-0.5679300861609152
long,1.2,1338,-0.4668426883401867
long,1.2,1339,-0.7789439611133582
long,1.2,1340,-0.6525949835115391
long,1.2,1341,-0.5402067000901012
long,1.2,1342,-0.6374378225593219
long,1.2,1343,-0.5985931125061735
long,1.2,1344,-0.4317061614698083
long,1.2,1345,-0.6439304596306443
long,1.2,1346,-0.4245811310420992
long,1.2,1347,-0.5246592481904295
long,1.2,1348,-0.3813014057552032
long,1.2,1349,-0.6261760327438244
long,1.2,1350,-0.19151176311406407
long,1.2,1351,-0.646558580492407
long,1.2,1352,-0.5809716399099264
long,1.2,1353,-0.39607878724842327
long,1.2,1354,-0.5435288039549605
long,1.2,1355,-0.7053817913572743
long,1.2,1356,-0.6116050382027179
long,1.2,1357,0.010680943789492078
long,1.2,1358,-0.497413240636658
long,1.2,1359,-0.8353360426027959
long,1.2,1360,-0.5169817606993189
long,1.2,1361,-0.8268519919743229
long,1.2,1362,-0.5620654556904784
long,1.2,1363,-0.7579924830383832
long,1.2,1364,-0.561435292863834
long,1.2,1365,-0.7095006186387934
long,1.2,1366,-0.46582456823345747
long,1.2,1367,-0.5169356929930995
long,1.2,1368,-0.25427779276154355
long,1.2,1369,-0.31309529839324945
long,1.2,1370,-0.5118795177062005
long,1.2,1371,-0.24438307667634895
long,1.2,1372,-0.003809763260575495
long,1.2,1373,-0.3612555139332314
long,1.2,1374,-0.27612784810402347
long,1.2,1375,-0.6648637140414968
long,1.2,1376,-0.6898708127940798
long,1.2,1377,-0.6771244280892394
long,1.2,1378,-0.6728549084571014
long,1.2,1379,-0.8101498874953215
long,1.2,1380,-0.621024414340884
long,1.2,1381,-0.6239015709454294
long,1.2,1382,-0.2669530067739511
long,1.2,1383,-0.6879331674519362
long,1.2,1384,-0.4398344663655629
long,1.2,1385,-0.45351123186506287
long,1.2,1386,-0.5556341042336664
long,1.2,1387,-0.49431558305653156
long,1.2,1388,-0.19714543277792854
long,1.2,1389,-0.5775583607145731
long,1.2,1390,-0.47031943180931124
long,1.2,1391,-0.6019938212307854
long,1.2,1392,-0.5438322234371737
long,1.2,1393,-0.5742417817428859
long,1.2,1394,-0.5802334860023782
long,1.2,1395,-0.4950750852150043
long,1.2,1396,-0.5143545240909031
long,1.2,1397,-0.39667720839728826
long,1.2,1398,-0.7124261666999556
long,1.2,1399,-0.7371129294954145
long,1.2,1400,-0.6262340254337725
long,1.2,1401,-0.7287989374188888
long,1.2,1402,-0.49603560986880035
long,1.2,1403,-0.6745999251427738
long,1.2,1404,-0.5231044890988974
long,1.2,1405,-0.5079571123883925
long,1.2,1406,-0.40499969173148026
long,1.2,1407,-0.29825645058740274
long,1.2,1408,-0.4135089460540634
long,1.2,1409,-0.6903517237674304
long,1.2,1410,-0.7415403478156445
long,1.2,1411,-0.3766949568024766
long,1.2,1412,-0.5972861741240288
long,1.2,1413,-0.4837112461779325
long,1.2,1414,-0.4464655900143419
long,1.2,1415,-0.5491807663184903
long,1.2,1416,-0.49061580605342486
long,1.2,1417,-0.518152719047082
long,1.2,1418,-0.5031061083504328
long,1.2,1419,-0.4309474887822724
long,1.2,1420,-0.6034064306542442
long,1.2,1421,-0.7289623679766344
long,1.2,1422,-0.49121977269708333
long,1.2,1423,-0.5499169543331632
long,1.2,1424,-0.5605320739134997
long,1.2,1425,-0.5088772218914116
long,1.2,1426,-0.43205344626485354
long,1.2,1427,-0.5485102933081311
long,1.2,1428,-0.5003568647703167
long,1.2,1429,-0.4823139529345078
long,1.2,1430,-0.7423489529741134
long,1.2,1431,-0.7262009123215807
long,1.2,1432,-0.3829605188878766
long,1.2,1433,-0.36248171465343476
long,1.2,1434,-0.6232805311227066
long,1.2,1435,-0.4065578930615902
long,1.2,1436,-0.6407853544980787
long,1.2,1437,-0.5676253630062561
long,1.2,1438,-0.7232013406719738
long,1.2,1439,-0.6506850054898438
long,1.2,1440,-0.3515027248245643
long,1.2,1441,-0.36856866841815406
long,1.2,1442,-0.6726294904187856
long,1.2,1443,-0.4941183955846215
long,1.2,1444,-0.7892872940152103
long,1.2,1445,-0.6932740697671781
long,1.2,1446,-0.504789480927266
long,1.2,1447,-0.5416444958120216
long,1.2,1448,-0.35332839433076185
long,1.2,1449,-0.5615942178293387
long,1.2,1450,-0.6861188065773944
long,1.2,1451,-0.6461237064774973
long,1.2,1452,-0.479145031872987
long,1.2,1453,-0.5861105731446173
long,1.2,1454,-0.6035736259042591
long,1.2,1455,-0.38356561255229565
long,1.2,1456,-0.5603228979316165
long,1.2,1457,-0.5625422357323868
long,1.2,1458,-0.6444064394536715
long,1.2,1459,-0.6849808149598684
long,1.2,1460,-0.43177224753654997
long,1.2,1461,-0.6952489414713562
long,1.2,1462,-0.5989181205165108
long,1.2,1463,-0.6077313403942801
long,1.2,1464,-0.4062200183708108
long,1.2,1465,-0.4803236080800338
long,1.2,1466,-0.764168495738055
long,1.2,1467,-0.8069268181843801
long,1.2,1468,-0.6433289069220222
long,1.2,1469,-0.38905169928387284
long,1.2,1470,-0.7652272926561049
long,1.2,1471,-0.5737048258808801
long,1.2,1472,-0.4851069311328663
long,1.2,1473,-0.5586280665035176
long,1.2,1474,-0.6909114087239391
long,1.2,1475,-0.505477227480416
long,1.2,1476,-0.39934582260675333
long,1.2,1477,-0.5742750989009872
long,1.2,1478,-0.6237609620036386
long,1.2,1479,-0.6925272304060673
long,1.2,1480,-0.46777787557784994
long,1.2,1481,-0.5883567769318454
long,1.2,1482,-0.8825969446027038
long,1.2,1483,-0.6455237853782646
long,1.2,1484,-0.5657806962266939
long,1.2,1485,-0.4821625106324538
long,1.2,1486,-0.5764745341301408
long,1.2,1487,-0.6097226086061727
long,1.2,1488,-0.43968508147842716
long,1.2,1489,-0.1087600117192846
long,1.2,1490,-0.6897183490951211
long,1.2,1491,-0.4263950258100614
long,1.2,1492,-0.7778748234594541
long,1.2,1493,-0.8356233841524008
long,1.2,1494,-0.3501586623532814
long,1.2,1495,-0.2866540785213716
long,1.2,1496,-0.47105615493030806
long,1.2,1497,-0.7680831674163993
long,1.2,1498,-0.7105748104074471
long,1.2,1499,-0.6199320833502638
long,1.2,1500,-0.6451298797733831
long,1.2,1501,-0.5704305137240745
long,1.2,1502,-0.5044412499632029
long,1.2,1503,-0.495847527584391
long,1.2,1504,-0.4345149447665796
long,1.2,1505,-0.6721739634068912
long,1.2,1506,-0.5726229566450683
long,1.2,1507,-0.5471505341549063
long,1.2,1508,-0.6445902771600809
long,1.2,1509,-0.5057175910078201
long,1.2,1510,-0.7997016828597476
long,1.2,1511,-0.46553093704815957
long,1.2,1512,-0.6875491071992396
long,1.2,1513,-0.8443629756032627
long,1.2,1514,-0.7719897282370807
long,1.2,1515,-0.6704154890147439
long,1.2,1516,-0.6741123151878721
long,1.2,1517,-0.7572888001808598
long,1.2,1518,-0.49286508720326266
long,1.2,1519,-0.3682470314092738
long,1.2,1520,-0.04118865897288027
long,1.2,1521,-0.6120860345893673
long,1.2,1522,-0.6219815357829016
long,1.2,1523,-0.4306297876726684
long,1.2,1524,-0.5727330033671731
long,1.2,1525,-0.5482226837087213
long,1.2,1526,-0.6308430299217819
long,1.2,1527,-0.6495760330733932
long,1.2,1528,-0.45159480391529605
long,1.2,1529,-0.5317481264777904
long,1.2,1530,-0.3933941273576656
long,1.2,1531,-0.5353259354986522
long,1.2,1532,-0.38795900828347335
long,1.2,1533,-0.5242655761928584
long,1.2,1534,-0.6300611280687551
long,1.2,1535,-0.5522598070750818
long,1.2,1536,-0.6882664470019471
long,1.2,1537,-0.5797795889105204
long,1.2,1538,-0.4025263212671703
long,1.2,1539,-0.3929926584585118
long,1.2,1540,-0.6516015525596178
long,1.2,1541,-0.6511052858081484
long,1.2,1542,-0.8180198948063402
long,1.2,1543,-1.0676458989668876
long,1.2,1544,-0.08546790964150386
long,1.2,1545,-0.6748622506899928
long,1.2,1546,-0.5531959851633708
long,1.2,1547,-0.5799428535210908
long,1.2,1548,-0.5771898732040253
long,1.2,1549,-0.5154855651418098
long,1.2,1550,-0.41674563961077105
long,1.2,1551,-0.5320976996221529
long,1.2,1552,-0.6995885794939338
long,1.2,1553,-0.7962886587714566
long,1.2,1554,-0.5971515747734116
long,1.2,1555,-0.7276282887148037
long,1.2,1556,-0.6352037718597625
long,1.2,1557,-0.5571687871361336
long,1.2,1558,-0.27843060765607824
long,1.2,1559,-0.6166691919760562
long,1.2,1560,-0.5652098187040449
long,1.2,1561,-0.4324718228014663
long,1.2,1562,-0.6159654887955571
long,1.2,1563,-0.7249552470627892
long,1.2,1564,-0.5903674691003753
long,1.2,1565,-0.5415727665141947
long,1.2,1566,-0.6422754058704938
long,1.2,1567,-0.5313506298213507
long,1.2,1568,-0.7978492889902935
long,1.2,1569,-0.5809215351800151
long,1.2,1570,-0.4249154388230096
long,1.2,1571,-0.5878070545189777
long,1.2,1572,-0.6084353712635772
long,1.2,1573,-0.4906649608340284
long,1.2,1574,-0.2659517457419914
long,1.2,1575,-0.5215819553974125
long,1.2,1576,-0.47181045145844136
long,1.2,1577,-0.49226743294832004
long,1.2,1578,-0.5695591770653267
long,1.2,1579,-0.7084029309865465
long,1.2,1580,-0.6087837830415501
long,1.2,1581,-0.5802265178236296
long,1.2,1582,-0.42585226992364233
long,1.2,1583,-0.7120480808298387
long,1.2,1584,-0.7306735248664703
long,1.2,1585,-0.6646477043024782
long,1.2,1586,-0.6291333099287555
long,1.2,1587,-0.6080760565433184
long,1.2,1588,-0.5639932014969257
long,1.2,1589,-0.618235422068836
long,1.2,1590,-0.5934470229018209
long,1.2,1591,-0.7300005596360558
long,1.2,1592,-0.7076967992373313
long,1.2,1593,-0.4941523359457975
long,1.2,1594,-0.5665772211708701
long,1.2,1595,-0.24899549212765018
long,1.2,1596,-0.5732356777916453
long,1.2,1597,-0.7252507148331355
long,1.2,1598,-0.757712692033607
long,1.2,1599,-0.3696553581551421
long,1.2,1600,-0.5137159342522081
long,1.2,1601,-0.05460800243342035
long,1.2,1602,-0.731582765605184
long,1.2,1603,-0.5801493651667781
long,1.2,1604,-0.47521522547277006
long,1.2,1605,-0.649375700639093
long,1.2,1606,-0.6595136840844774
long,1.2,1607,-0.5207522862245139
long,1.2,1608,-0.42314763994900345
long,1.2,1609,-0.6192917294114217
long,1.2,1610,-0.20274716938075335
long,1.2,1611,-0.7077611465011857
long,1.2,1612,-0.647809428341374
long,1.2,1613,-0.41205759466257336
long,1.2,1614,-0.6412329686241193
long,1.2,1615,-0.43311497898315593
long,1.2,1616,-0.46832667523835614
long,1.2,1617,-0.3865928894361054
long,1.2,1618,-0.48433310335969143
long,1.2,1619,-0.3615242474730486
long,1.2,1620,-0.7498987893876491
long,1.2,1621,-0.5595032555766314
long,1.2,1622,-0.7756804347529994
long,1.2,1623,-0.6890788351711603
long,1.2,1624,-0.4719337119035561
long,1.2,1625,-0.6617021268560476
long,1.2,1626,-0.5645189692901776
long,1.2,1627,-0.5800151881250778
long,1.2,1628,-0.5083427694937036
long,1.2,1629,-0.5047650023763011
long,1.2,1630,-0.7335532338534794
long,1.2,1631,-0.42100286035171314
long,1.2,1632,-0.8483811177045535
long,1.2,1633,-0.49680938107990646
long,1.2,1634,-0.27785087040538947
long,1.2,1635,-0.48293014519326377
long,1.2,1636,-0.573758537753047
long,1.2,1637,-0.5234193085139801
long,1.2,1638,-0.5532992433730444
long,1.2,1639,-0.5208328340441266
long,1.2,1640,-0.43463567148852456
long,1.2,1641,-0.5668906271127724
long,1.2,1642,-0.6802144848781613
long,1.2,1643,-0.5648368231637344
long,1.2,1644,-0.5886619011574571
long,1.2,1645,-0.5280416259383475
long,1.2,1646,-0.6844033090149796
long,1.2,1647,-0.5471390925724121
long,1.2,1648,-0.4736997588356093
long,1.2,1649,-0.490277425310155
long,1.2,1650,-0.5928319487374291
long,1.2,1651,-0.668176070343456
long,1.2,1652,-0.5648837993357239
long,1.2,1653,-0.5648420114861485
long,1.2,1654,-0.7454520116106582
long,1.2,1655,-0.8160117890641189
long,1.2,1656,-0.09901564713377341
long,1.2,1657,-0.13519177588634362
long,1.2,1658,-0.45824111142609175
long,1.2,1659,0.032514800456539844
long,1.2,1660,-0.5894011363228026
long,1.2,1661,-0.32341853335467036
long,1.2,1662,-0.19767267504303937
long,1.2,1663,-0.6725292661418188
long,1.2,1664,-0.581051602983016
long,1.2,1665,-0.7616570108207229
long,1.2,1666,-0.6124529149395914
long,1.2,1667,-0.32341079751630014
long,1.2,1668,-0.32905329519668863
long,1.2,1669,-0.7567423891894645
long,1.2,1670,-0.4778532505883551
long,1.2,1671,-0.63675837874496
long,1.2,1672,-0.4986754332686304
long,1.2,1673,-0.5012339195331594
long,1.2,1674,-0.798160450630053
long,1.2,1675,-0.41224536045074894
long,1.2,1676,-0.6222493639555708
long,1.2,1677,-0.8197949179540823
long,1.2,1678,-0.6204011896982649
long,1.2,1679,-0.7493248251834113
long,1.2,1680,-0.5437201148184174
long,1.2,1681,-0.47644246144702324
long,1.2,1682,-0.42847825967344383
long,1.2,1683,-0.7000689532938332
long,1.2,1684,-0.7985754933738213
long,1.2,1685,-0.5027167706150093
long,1.2,1686,-0.5344200549898804
long,1.2,1687,-0.7277314685127465
long,1.2,1688,-0.8624299895581451
long,1.2,1689,-0.297684738283468
long,1.2,1690,-0.5536667424629003
long,1.2,1691,-0.6882636804011202
long,1.2,1692,-0.5796011413886353
long,1.2,1693,-0.5438275906821849
long,1.2,1694,-0.48425142102634966
long,1.2,1695,-0.6244689860508154
long,1.2,1696,-0.53678967593424
long,1.2,1697,-0.637751465839836
long,1.2,1698,-0.6185918734810701
long,1.2,1699,-0.3620793262564189
long,1.2,1700,-0.08731212116264075
long,1.2,1701,-0.5193791757131795
long,1.2,1702,-0.6469634395032406
long,1.2,1703,-0.8140459424098797
long,1.2,1704,-0.6647428722152101
long,1.2,1705,-0.6509929598634466
long,1.2,1706,-0.5756836965330235
long,1.2,1707,-0.8666485605810732
long,1.2,1708,-0.6188354115807446
long,1.2,1709,-0.6867818823892895
long,1.2,1710,-0.1732738013535299
long,1.2,1711,-0.4628391102878083
long,1.2,1712,-0.6344038501951182
long,1.2,1713,-0.47791729413447487
long,1.2,1714,-0.7318286464491204
long,1.2,1715,-0.4371841656407992
long,1.2,1716,-0.6563678432808726
long,1.2,1717,-0.6986802924106812
long,1.2,1718,-0.7180880641444234
long,1.2,1719,-0.6501489406718348
long,1.2,1720,-0.8287142350931216
long,1.2,1721,-0.6390235853701722
long,1.2,1722,-0.631105333566242
long,1.2,1723,-0.6888381450257488
long,1.2,1724,-0.7400090055793096
long,1.2,1725,-0.6790629462722297
long,1.2,1726,-0.35128877050783575
long,1.2,1727,-0.8336445030571912
long,1.2,1728,-0.5959994046190955
long,1.2,1729,-0.3433236662530994
long,1.2,1730,-0.4208152988392884
long,1.2,1731,-0.582222789855625
long,1.2,1732,-0.7285071528623094
long,1.2,1733,-0.7655653418636137
long,1.2,1734,-0.8172201654862689
long,1.2,1735,-0.7962996744115416
long,1.2,1736,-0.546006317595288
long,1.2,1737,-0.4246360422343413
long,1.2,1738,-0.6280638263900262
long,1.2,1739,-0.6969318121542566
long,1.2,1740,-0.24235762997525973
long,1.2,1741,-0.3819757867196328
long,1.2,1742,-0.6155009703962887
long,1.2,1743,-0.5996742924093964
long,1.2,1744,-0.5571328429969669
long,1.2,1745,-0.6863842569078119
long,1.2,1746,-0.5897509992393641
long,1.2,1747,-0.6026047370752738
long,1.2,1748,-0.576486540873848
long,1.2,1749,-0.7765534797122848
long,1.2,1750,-0.5105469562511624
long,1.2,1751,-0.25169811287758925
long,1.2,1752,-0.5897107094785699
long,1.2,1753,-0.6559739838481227
long,1.2,1754,-0.6299566734994375
long,1.2,1755,-0.6930409305016707
long,1.2,1756,-0.47947466568394487
long,1.2,1757,-0.5208576971834
long,1.2,1758,-0.6520853133821426
long,1.2,1759,-0.5038516568457866
long,1.2,1760,-0.7285664625360191
long,1.2,1761,-0.6622665943039612
long,1.2,1762,-0.5813096203301427
long,1.2,1763,-0.7030323219647306
long,1.2,1764,-0.6161994256246326
long,1.2,1765,-0.6259139251722382
long,1.2,1766,-0.9702578028131413
long,1.2,1767,-0.7301645945123073
long,1.2,1768,-0.750394760481615
long,1.2,1769,-0.4740374514254708
long,1.2,1770,-0.53959996238271
long,1.2,1771,-0.5163388274670374
long,1.2,1772,-0.6086825522640389
long,1.2,1773,-0.36799146913093295
long,1.2,1774,-0.6460157538616473
long,1.2,1775,-0.6811095218324529
long,1.2,1776,-0.5840589938874358
long,1.2,1777,-0.4380981360079402
long,1.2,1778,-0.504920970551217
long,1.2,1779,-0.734857708706853
long,1.2,1780,-0.6285529795727908
long,1.2,1781,-0.6001467548131366
long,1.2,1782,-0.42291154326121716
long,1.2,1783,-0.47615708199550605
long,1.2,1784,-0.5171280079746828
long,1.2,1785,-0.4651265193543222
long,1.2,1786,-0.5159091839779916
long,1.2,1787,-0.5659020869011734
long,1.2,1788,-0.6913937584672805
long,1.2,1789,-0.6252591234777365
long,1.2,1790,-0.5374981534755747
long,1.2,1791,-0.6512120671373909
long,1.2,1792,-0.6413857550111751
long,1.2,1793,-0.39525090102033755
long,1.2,1794,-0.3871627599271196
long,1.2,1795,-0.6041472670930932
long,1.2,1796,-0.62054511557766
long,1.2,1797,-0.625730669337588
long,1.2,1798,-0.7298519531200838
long,1.2,1799,-0.767164336170285
long,1.2,1800,-0.47465471996394815
long,1.2,1801,-0.5144847219672715
long,1.2,1802,-0.6328601250188335
long,1.2,1803,-0.3807760519865214
long,1.2,1804,-0.32272523751712767
long,1.2,1805,-0.6987096911188845
long,1.2,1806,-0.07153427677864486
long,1.2,1807,-0.5288490806207704
long,1.2,1808,-0.6176463674931301
long,1.2,1809,-0.4333040164494207
long,1.2,1810,-0.47055648824351637
long,1.2,1811,-0.4935484683930388
long,1.2,1812,-0.18548874827760126
long,1.2,1813,-0.7304722026246855
long,1.2,1814,-0.45383117980397775
long,1.2,1815,-0.5921474028946246
long,1.2,1816,-0.8580507916787891
long,1.2,1817,-0.5232943904149648
long,1.2,1818,-0.6136104708961159
long,1.2,1819,-0.6792554959410054
long,1.2,1820,-0.5668907075758974
long,1.2,1821,-0.6044619390169672
long,1.2,1822,-0.7919080282344108
long,1.2,1823,-0.5822977675425308
long,1.2,1824,-0.5327355221249525
long,1.2,1825,-0.33087809209738994
long,1.2,1826,-0.5922281947765329
long,1.2,1827,-0.6597888818523973
long,1.2,1828,-0.4833006906279251
long,1.2,1829,-0.3883018481571153
long,1.2,1830,-0.6474329642404621
long,1.2,1831,-0.522792728323144
long,1.2,1832,-0.46317208422036016
long,1.2,1833,-0.6713821379990568
long,1.2,1834,-0.3578511920152534
long,1.2,1835,-0.5082100900202282
long,1.2,1836,-0.5528289148987748
long,1.2,1837,-0.3678492638829051
long,1.2,1838,-0.5576619034988589
long,1.2,1839,-0.751614986928774
long,1.2,1840,-0.7048150998003954
long,1.2,1841,-0.2603891160202577
long,1.2,1842,-0.624327232164122
long,1.2,1843,-0.773639711346321
long,1.2,1844,-0.637137689674784
long,1.2,1845,-0.5899840165387846
long,1.2,1846,-0.5899306175300487
long,1.2,1847,-0.4680350523851883
long,1.2,1848,-0.6565011315960304
long,1.2,1849,-0.8225832703175345
long,1.2,1850,-0.8937835356625926
long,1.2,1851,-0.5487005068470355
long,1.2,1852,-0.7684280226937666
long,1.2,1853,-0.7029102498428241
long,1.2,1854,-0.5710040091525931
long,1.2,1855,-0.1420445600018631
long,1.2,1856,-0.6705529621232592
long,1.2,1857,-0.4949345265535084
long,1.2,1858,-0.4343823029036957
long,1.2,1859,-0.7600170269586458
long,1.2,1860,-0.5135757614239421
long,1.2,1861,-0.3716887335425073
long,1.2,1862,-0.3626155201119528
long,1.2,1863,-0.5719760821512602
long,1.2,1864,-0.6930630942224093
long,1.2,1865,-0.35011413662100227
long,1.2,1866,-0.8347737426756522
long,1.2,1867,-0.3104134716109049
long,1.2,1868,-0.4454884199966754
long,1.2,1869,-0.8276977555819137
long,1.2,1870,-0.5488666048794557
long,1.2,1871,-0.5567659936265785
long,1.2,1872,-0.8849683864327079
long,1.2,1873,-0.3795036832967556
long,1.2,1874,-0.6432067329580536
long,1.2,1875,-0.6098186018301024
long,1.2,1876,-0.5847327412055203
long,1.2,1877,-0.5565220084121411
long,1.2,1878,-0.7590249948670162
long,1.2,1879,-0.5855120274143601
long,1.2,1880,-0.7967246944562092
long,1.2,1881,-0.499271058895548
long,1.2,1882,-0.6505144705920352
long,1.2,1883,-0.5849333334475638
long,1.2,1884,-0.6927381410089719
long,1.2,1885,-0.6691509893677803
long,1.2,1886,-0.6714442925889527
long,1.2,1887,-0.6339771150674416
long,1.2,1888,-0.6132703053995977
long,1.2,1889,-0.5624154263097353
long,1.2,1890,-0.4905898401065364
long,1.2,1891,-0.9793114012541005
long,1.2,1892,-0.6273429294251432
long,1.2,1893,-0.4989597490873189
long,1.2,1894,-0.39944745877282123
long,1.2,1895,-0.6256755630417047
long,1.2,1896,-0.7406982486071938
long,1.2,1897,-0.44003606796911215
long,1.2,1898,-0.6036399687750388
long,1.2,1899,-0.6483114978587771
long,1.2,1900,-0.6216047574717047
long,1.2,1901,-0.6181035281482643
long,1.2,1902,-0.6896606277370598
long,1.2,1903,-0.718520262024527
long,1.2,1904,-0.49394106379120806
long,1.2,1905,-0.6985995535314484
long,1.2,1906,-0.7282995118500335
long,1.2,1907,-0.6829880979313016
long,1.2,1908,-0.4888870862426583
long,1.2,1909,-0.5869446407844165
long,1.2,1910,-0.495485407209242
long,1.2,1911,-0.7913908342549489
long,1.2,1912,-0.4332222969762454
long,1.2,1913,-0.3813286209360803
long,1.2,1914,-0.6484949149810261
long,1.2,1915,-0.8192350605548603
long,1.2,1916,-0.5419243575481476
long,1.2,1917,-0.568459466967148
long,1.2,1918,-0.7326237832389466
long,1.2,1919,-0.6100235249323457
long,1.2,1920,-0.5407782821865396
long,1.2,1921,-0.24381602769845562
long,1.2,1922,-0.3693602107196401
long,1.2,1923,-0.5664625422732893
long,1.2,1924,-0.7063601496208711
long,1.2,1925,-0.7113551842676968
long,1.2,1926,-0.5270897525156566
long,1.2,1927,-0.4976799924442475
long,1.2,1928,-0.6434820833692937
long,1.2,1929,-0.7019912254721594
long,1.2,1930,-0.5999362966148247
long,1.2,1931,-0.6436986531389391
long,1.2,1932,-0.494647394699287
long,1.2,1933,-0.34659307738975864
long,1.2,1934,-0.7318247902929926
long,1.2,1935,-0.3857607063018734
long,1.2,1936,-0.6870636002470979
long,1.2,1937,-0.561361445762809
long,1.2,1938,-0.6614437951732397
long,1.2,1939,-0.8116866510103401
long,1.2,1940,-0.6539065131573126
long,1.2,1941,-0.47130428265723145
long,1.2,1942,-0.6079749114895789
long,1.2,1943,-0.5948007918166031
long,1.2,1944,-0.373483761662548
long,1.2,1945,-0.4734505577313286
long,1.2,1946,-0.39500663882821346
long,1.2,1947,-0.6534551969301038
long,1.2,1948,-0.5798945057369345
long,1.2,1949,-0.4945686578595779
long,1.2,1950,-0.8465087578637528
long,1.2,1951,-0.6770282044676653
long,1.2,1952,-0.21370890512555354
long,1.2,1953,-0.5890209594975923
long,1.2,1954,-0.5688766471891543
long,1.2,1955,-0.24854178183052625
long,1.2,1956,-0.47712910305546236
long,1.2,1957,-0.4882204129953269
long,1.2,1958,-0.49599641194640254
long,1.2,1959,-0.8131725380197592
long,1.2,1960,-0.6215049977361596
long,1.2,1961,-0.7148151405154829
long,1.2,1962,-0.5792825155029182
long,1.2,1963,-0.6473373627210254
long,1.2,1964,-0.6878808511635187
long,1.2,1965,-0.6507787207206613
long,1.2,1966,-0.46278986175429215
long,1.2,1967,-0.583218716468192
long,1.2,1968,-0.3485128865534374
long,1.2,1969,-0.2176288895569637
long,1.2,1970,-0.7199492301737042
long,1.2,1971,-0.5127477868120484
long,1.2,1972,-0.7553378210760331
long,1.2,1973,-0.5305589729661657
long,1.2,1974,-0.6554179751126441
long,1.2,1975,-0.6193880918406793
long,1.2,1976,-0.5300889227238416
long,1.2,1977,-0.33640461976797686
long,1.2,1978,-0.5423921548996957
long,1.2,1979,-0.6625195685996267
long,1.2,1980,-0.6626477654447156
long,1.2,1981,-0.4013629963069102
long,1.2,1982,-0.8702779411367124
long,1.2,1983,-0.852772375705982
long,1.2,1984,-0.44341968088061323
long,1.2,1985,-0.6496167847540144
long,1.2,1986,-0.5471265190978586
long,1.2,1987,-0.5171651487005499
long,1.2,1988,-0.5765934932258309
long,1.2,1989,-0.35276812569994226
long,1.2,1990,-0.47959080517877883
long,1.2,1991,-0.6821684905164817
long,1.2,1992,-0.7752172754285586
long,1.2,1993,-0.3566020600433507
long,1.2,1994,-0.69916566645242
long,1.2,1995,-0.7199099849363497
long,1.2,1996,-0.5780908404829699
long,1.2,1997,-0.5932045320313964
long,1.2,1998,-0.580491675885567
long,1.2,1999,-0.5772465980710729
long,1.3,0,-0.23951196150446702
long,1.3,1,0.1389862150258381
long,1.3,2,-0.07306953763445635
long,1.3,3,-0.13850294150639722
long,1.3,4,-0.19304449442269328
long,1.3,5,0.03091803813071862
long,1.3,6,-0.13955410406564114
long,1.3,7,-0.42239724558516123
long,1.3,8,-0.2026788365074555
long,1.3,9,-0.3042920883637625
long,1.3,10,-0.16852308069325708
long,1.3,11,-0.2593555703957969
long,1.3,12,0.15420323010304932
long,1.3,13,0.05186501465795902
long,1.3,14,-0.5331241813116747
long,1.3,15,-0.33635757309860354
long,1.3,16,-0.21723932902034146
long,1.3,17,-0.7091331033872715
long,1.3,18,-0.14068438070256192
long,1.3,19,-0.10419678262956389
long,1.3,20,-0.33332081382380907
long,1.3,21,-0.22051622995582593
long,1.3,22,-0.2387994525655788
long,1.3,23,-0.07226277030002819
long,1.3,24,-0.16470058684996813
long,1.3,25,-0.4096174293550714
long,1.3,26,0.20638257302627608
long,1.3,27,0.054281206484023785
long,1.3,28,0.10144783376770745
long,1.3,29,-0.2536138328352857
long,1.3,30,-0.4330833714396908
long,1.3,31,-0.3201506433946355
long,1.3,32,0.40460870142632643
long,1.3,33,0.36040076539737476
long,1.3,34,-0.3447039927810831
long,1.3,35,-0.3215057042004763
long,1.3,36,-0.1574947962668399
long,1.3,37,-0.1473264987653175
long,1.3,38,-0.376214434553763
long,1.3,39,-0.021674369082685045
long,1.3,40,-0.24289336202252526
long,1.3,41,-0.4953323049372623
long,1.3,42,-0.5898640338343684
long,1.3,43,0.018408898417574152
long,1.3,44,-0.5456150276934584
long,1.3,45,-0.3653991641118072
long,1.3,46,-0.16358629615485132
long,1.3,47,-0.31220017266266764
long,1.3,48,-0.1965347257443817
long,1.3,49,-0.1103070098978751
long,1.3,50,-0.03531378702779048
long,1.3,51,-0.3801719274153027
long,1.3,52,0.18133048053422574
long,1.3,53,-0.5714937678904987
long,1.3,54,-0.32526798576866717
long,1.3,55,-0.4382111493686908
long,1.3,56,-0.31579071090575467
long,1.3,57,-0.24181899974540622
long,1.3,58,0.32121247843648904
long,1.3,59,-0.34121903870914716
long,1.3,60,-0.20953596440221212
long,1.3,61,-0.3645768167663623
long,1.3,62,-0.5248651077061622
long,1.3,63,-0.21696892788954666
long,1.3,64,-0.3503537150268256
long,1.3,65,-0.34039041714309065
long,1.3,66,-0.27520978076999897
long,1.3,67,-0.43961516610190454
long,1.3,68,-0.06949126094014486
long,1.3,69,-0.29154720965329484
long,1.3,70,-0.4219149219193394
long,1.3,71,-0.26662041853634005
long,1.3,72,-0.5110465651681261
long,1.3,73,-0.2719288828816911
long,1.3,74,-0.21729885242156743
long,1.3,75,-0.06577486675063984
long,1.3,76,-0.04811268443705712
long,1.3,77,-0.19343510778694634
long,1.3,78,0.0008534367130008079
long,1.3,79,-0.44023341209998906
long,1.3,80,-0.45785357248197606
long,1.3,81,-0.626531209136969
long,1.3,82,-0.3617752584992283
long,1.3,83,-0.3121365145492154
long,1.3,84,-0.20334090584032305
long,1.3,85,-0.19061470748772158
long,1.3,86,-0.3125312115313276
long,1.3,87,-0.11593773693864803
long,1.3,88,-0.37729174530026716
long,1.3,89,-0.4304219754838545
long,1.3,90,-0.02389864693326347
long,1.3,91,-0.5805836097405913
long,1.3,92,-0.3127012887247379
long,1.3,93,-0.11176272277617154
long,1.3,94,-0.1037436074914129
long,1.3,95,-0.036899166794970156
long,1.3,96,-0.1340705201679356
long,1.3,97,-0.10652338690261484
long,1.3,98,-0.2704586893339912
long,1.3,99,-0.4014606127586149
long,1.3,100,0.0004671269960594977
long,1.3,101,-0.5320151287986676
long,1.3,102,-0.34993119154690566
long,1.3,103,-0.011748067687130145
long,1.3,104,-0.4811387485614129
long,1.3,105,-0.26197251996864146
long,1.3,106,-0.5142683153560191
long,1.3,107,-0.1821059140474679
long,1.3,108,-0.2964575662282769
long,1.3,109,-0.19595769371841112
long,1.3,110,0.07639445943174356
long,1.3,111,-0.19300426940471382
long,1.3,112,-0.43359816572775345
long,1.3,113,0.21302640384419722
long,1.3,114,-0.48216136572717905
long,1.3,115,-0.41203270707751233
long,1.3,116,0.23272719243361148
long,1.3,117,-0.12308754088089162
long,1.3,118,0.006558992207098108
long,1.3,119,-0.22384933286387604
long,1.3,120,-0.2992960619887754
long,1.3,121,-0.3532575377710268
long,1.3,122,-0.2587057422686866
long,1.3,123,-0.27663362784640744
long,1.3,124,-0.37502575038712793
long,1.3,125,-0.09890360694736736
long,1.3,126,0.13148633622209738
long,1.3,127,0.2269542358380328
long,1.3,128,-0.1408502983294729
long,1.3,129,-0.25055288790106706
long,1.3,130,-0.06643354939165051
long,1.3,131,-0.22394599369253607
long,1.3,132,-0.6304124693952612
long,1.3,133,-0.21876147637328056
long,1.3,134,-0.32078197336465375
long,1.3,135,-0.343373977717016
long,1.3,136,-0.17820815681890223
long,1.3,137,-0.27842002622491047
long,1.3,138,-0.2079335368652281
long,1.3,139,-0.08367838056256922
long,1.3,140,-0.10650959554198058
long,1.3,141,-0.07349043262457772
long,1.3,142,-0.22852900655542716
long,1.3,143,-0.4817597499902182
long,1.3,144,-0.3394458823619512
long,1.3,145,-0.051339433478504594
long,1.3,146,-0.22508703127827898
long,1.3,147,-0.167234868986156
long,1.3,148,-0.17928353016996568
long,1.3,149,-0.21602688016937394
long,1.3,150,-0.39233905427294363
long,1.3,151,0.01546611595318701
long,1.3,152,-0.3349230293371099
long,1.3,153,-0.10721227319161981
long,1.3,154,-0.0809107856374236
long,1.3,155,-0.2732259754830814
long,1.3,156,0.40923602824972977
long,1.3,157,0.2212876809024065
long,1.3,158,-0.3394229260639022
long,1.3,159,-0.2813938104491489
long,1.3,160,-0.3240863774740755
long,1.3,161,-0.20615631470863172
long,1.3,162,-0.3349612859731124
long,1.3,163,-0.44701723860718984
long,1.3,164,-0.35623652350960067
long,1.3,165,-0.26306516552709125
long,1.3,166,-0.16097458985783403
long,1.3,167,-0.24281056672021892
long,1.3,168,-0.1716579035009402
long,1.3,169,0.037003624660131365
long,1.3,170,0.09654638398164032
long,1.3,171,-0.41788437924930366
long,1.3,172,-0.3433703315862259
long,1.3,173,-0.1786504703465735
long,1.3,174,-0.5316524439433077
long,1.3,175,-0.19299416643564338
long,1.3,176,-0.30729090955363775
long,1.3,177,-0.12749713281459027
long,1.3,178,-0.4883001894455603
long,1.3,179,-0.5348762169493944
long,1.3,180,0.2677195782493127
long,1.3,181,-0.10004787179156112
long,1.3,182,-0.4940963515772168
long,1.3,183,0.5232238122256772
long,1.3,184,-0.33044462730436563
long,1.3,185,-0.12391031948968996
long,1.3,186,-0.549828338496834
long,1.3,187,-0.0459461883831945
long,1.3,188,-0.27078416148911766
long,1.3,189,0.06798608129263697
long,1.3,190,-0.07454404888348967
long,1.3,191,-0.3174532638786089
long,1.3,192,-0.10408243915547284
long,1.3,193,0.026570566485616048
long,1.3,194,-0.2449311008458154
long,1.3,195,0.12055278996236365
long,1.3,196,-0.4064474187556861
long,1.3,197,-0.2620258691687688
long,1.3,198,-0.1920751557575695
long,1.3,199,-0.4339379749784572
long,1.3,200,-0.4651747090805478
long,1.3,201,-0.18095351305054683
long,1.3,202,-0.36048920094119746
long,1.3,203,-0.23563626287893236
long,1.3,204,-0.2448779264362993
long,1.3,205,-0.6458269217065773
long,1.3,206,-0.45019726107951435
long,1.3,207,0.26939228881033694
long,1.3,208,0.06233931286603494
long,1.3,209,-0.442531520468829
long,1.3,210,0.04600603746092205
long,1.3,211,-0.43056841026193626
long,1.3,212,-0.49336441294593547
long,1.3,213,-0.40128027532181887
long,1.3,214,0.010451372649311935
long,1.3,215,0.10390412483168085
long,1.3,216,-0.2894741236881384
long,1.3,217,-0.08993217042537871
long,1.3,218,-0.40940987384689126
long,1.3,219,-0.054860452972244164
long,1.3,220,0.1968927923089803
long,1.3,221,0.04939209163239243
long,1.3,222,-0.46022580783674916
long,1.3,223,-0.524844544776236
long,1.3,224,-0.23851054662782578
long,1.3,225,0.07811471771951697
long,1.3,226,-0.04750601901372449
long,1.3,227,-0.06329257946137463
long,1.3,228,0.07601569943275759
long,1.3,229,-0.059577716751458
long,1.3,230,-0.047062297111939745
long,1.3,231,-0.1569506188064514
long,1.3,232,-0.5368296360537063
long,1.3,233,0.14275275552867786
long,1.3,234,-0.2148192817351968
long,1.3,235,-0.32374965369528746
long,1.3,236,-0.2971787112418948
long,1.3,237,-0.36232539972285127
long,1.3,238,-0.34880265999048554
long,1.3,239,-0.33278679091925634
long,1.3,240,-0.2961451788526363
long,1.3,241,-0.13731324050698204
long,1.3,242,-0.24610772351372276
long,1.3,243,-0.3842617580800278
long,1.3,244,-0.33123870789652604
long,1.3,245,-0.2719574124801338
long,1.3,246,-0.43026202846494155
long,1.3,247,-0.006509767582231099
long,1.3,248,-0.47774222777319864
long,1.3,249,0.32936954762650994
long,1.3,250,-0.2190533978548246
long,1.3,251,-0.3999724182838695
long,1.3,252,-0.3161346601144058
long,1.3,253,-0.4428169574655669
long,1.3,254,0.01869873145995315
long,1.3,255,-0.5256381618147928
long,1.3,256,-0.504825489129327
long,1.3,257,-0.22535835924818418
long,1.3,258,-0.4090715869741166
long,1.3,259,-0.23157520445095708
long,1.3,260,-0.4719110384472963
long,1.3,261,0.022326869415372656
long,1.3,262,-0.27019102635492315
long,1.3,263,-0.5692483062015838
long,1.3,264,0.0927520212442895
long,1.3,265,-0.2508534105408703
long,1.3,266,-0.44751560179129163
long,1.3,267,-0.36681483651566205
long,1.3,268,-0.2079828041522354
long,1.3,269,-0.3774699119079416
long,1.3,270,-0.5881636497275959
long,1.3,271,-0.11009869618134907
long,1.3,272,-0.5232946967221137
long,1.3,273,0.19839312863700714
long,1.3,274,-0.5792568176868602
long,1.3,275,-0.33464113153484515
long,1.3,276,-0.1970552914953225
long,1.3,277,-0.2558418409916959
long,1.3,278,-0.20761632256495055
long,1.3,279,-0.5956490142176858
long,1.3,280,-0.4147334884422248
long,1.3,281,0.15412120259982703
long,1.3,282,-0.15059489390918912
long,1.3,283,-0.3523135312219981
long,1.3,284,0.005821409488673214
long,1.3,285,-0.15378545897140852
long,1.3,286,-0.13020300627536308
long,1.3,287,-0.2884582297528372
long,1.3,288,0.2410846936183799
long,1.3,289,-0.28419019948182966
long,1.3,290,-0.2626221156015487
long,1.3,291,-0.059446793557938235
long,1.3,292,-0.26968387947907996
long,1.3,293,0.10443914008824055
long,1.3,294,-0.43894102551909636
long,1.3,295,-0.14784353042489978
long,1.3,296,-0.2766469246073534
long,1.3,297,-0.29031107379436316
long,1.3,298,-0.5053440279794328
long,1.3,299,-0.11720792324998777
long,1.3,300,-0.26983013615824974
long,1.3,301,-0.3044394955688703
long,1.3,302,0.05261938368938039
long,1.3,303,0.034263696150723666
long,1.3,304,-0.4778136067266096
long,1.3,305,-0.1226403045945942
long,1.3,306,0.11166719276127919
long,1.3,307,0.1894887432783785
long,1.3,308,-0.4120647410652416
long,1.3,309,0.18227583160959016
long,1.3,310,0.00947457650099605
long,1.3,311,-0.5363789075507314
long,1.3,312,-0.004626502704294274
long,1.3,313,0.29396421848225635
long,1.3,314,-0.5642787155922571
long,1.3,315,-0.27567740232222293
long,1.3,316,-0.14563753965203313
long,1.3,317,-0.5785949012554304
long,1.3,318,0.08714571582826931
long,1.3,319,-0.3173509464508092
long,1.3,320,0.4835521924189407
long,1.3,321,0.2673356945211071
long,1.3,322,-0.3273727245106871
long,1.3,323,0.266544612842246
long,1.3,324,-0.14130365088331195
long,1.3,325,-0.28041434120260134
long,1.3,326,-0.2392980863684767
long,1.3,327,-0.04196730473889693
long,1.3,328,-0.41682344443519426
long,1.3,329,-0.43862787088144817
long,1.3,330,-0.08568246524900693
long,1.3,331,-0.07224641948449403
long,1.3,332,-0.3255156076785056
long,1.3,333,-0.09721831700282267
long,1.3,334,-0.4352331688445685
long,1.3,335,-0.005374516382673163
long,1.3,336,0.4402522116128522
long,1.3,337,-0.4446292608328637
long,1.3,338,-0.47511296550337484
long,1.3,339,-0.18983391313934436
long,1.3,340,-0.34593863645256806
long,1.3,341,-0.12657282456430113
long,1.3,342,-0.1139098143857724
long,1.3,343,0.14801764207389526
long,1.3,344,-0.38726286761132334
long,1.3,345,-0.5527511238735228
long,1.3,346,-0.48712620680105245
long,1.3,347,-0.34349766674112525
long,1.3,348,-0.35417578019838947
long,1.3,349,-0.29379712396557445
long,1.3,350,-0.11646672653166748
long,1.3,351,-0.23189191543904314
long,1.3,352,-0.6290411828031702
long,1.3,353,0.2525985138049132
long,1.3,354,0.0603536252710717
long,1.3,355,0.09571144286539832
long,1.3,356,-0.28275130055433767
long,1.3,357,-0.6144321985589372
long,1.3,358,-0.47740751910508883
long,1.3,359,-0.1178456199332655
long,1.3,360,-0.48532626447566346
long,1.3,361,-0.4512872911551638
long,1.3,362,-0.4306227737035221
long,1.3,363,-0.37859207006191153
long,1.3,364,-0.32167902813535354
long,1.3,365,-0.6356596115129144
long,1.3,366,-0.48891924849924134
long,1.3,367,-0.17413599863467658
long,1.3,368,0.3744410982537404
long,1.3,369,-0.4546626261174388
long,1.3,370,-0.10504514833176012
long,1.3,371,-0.32244715523528594
long,1.3,372,0.12851094324417997
long,1.3,373,-0.18559637762963185
long,1.3,374,-0.14149611891709282
long,1.3,375,-0.15431056186628872
long,1.3,376,0.36700557056845995
long,1.3,377,-0.3500050982801185
long,1.3,378,-0.27845492106095776
long,1.3,379,-0.3681688750903622
long,1.3,380,0.015926623733835164
long,1.3,381,-0.49976037618124963
long,1.3,382,-0.5818710842020864
long,1.3,383,-0.3901439472711901
long,1.3,384,-0.13758027765205083
long,1.3,385,-0.6135462109045191
long,1.3,386,-0.24550106020978046
long,1.3,387,-0.3342006438099631
long,1.3,388,-0.3114078249324144
long,1.3,389,-0.22793160948525992
long,1.3,390,-0.30126357293291467
long,1.3,391,-0.12034787675154045
long,1.3,392,-0.19679571501917806
long,1.3,393,-0.14140971496611499
long,1.3,394,0.2537344611201965
long,1.3,395,-0.061090653568697195
long,1.3,396,-0.34140452319152315
long,1.3,397,-0.3367315914247634
long,1.3,398,-0.27648946245242323
long,1.3,399,0.17495028084430744
long,1.3,400,-0.4182753490279215
long,1.3,401,-0.46999688247744076
long,1.3,402,-0.3074854604661768
long,1.3,403,-0.396883008180903
long,1.3,404,-0.11694683027400322
long,1.3,405,0.01090918504740484
long,1.3,406,-0.22852223989311451
long,1.3,407,-0.11971657360388711
long,1.3,408,-0.2500821383974836
long,1.3,409,-0.23417294275877737
long,1.3,410,-0.5442648308413016
long,1.3,411,-0.2474711336513149
long,1.3,412,-0.24703336823267422
long,1.3,413,0.08446828736970183
long,1.3,414,-0.4744280559475254
long,1.3,415,-0.20050544538755308
long,1.3,416,0.15922475808789613
long,1.3,417,-0.2104722503226814
long,1.3,418,-0.27591582851559104
long,1.3,419,-0.4589372970000371
long,1.3,420,-0.5639053891905804
long,1.3,421,-0.36301688303476737
long,1.3,422,-0.17273707739693414
long,1.3,423,-0.3016149207845003
long,1.3,424,-0.25076326264087123
long,1.3,425,-0.3142114043541408
long,1.3,426,-0.3581979452928878
long,1.3,427,-0.43339796447539997
long,1.3,428,-0.4506048692222657
long,1.3,429,-0.36215889906024745
long,1.3,430,-0.3345596789190875
long,1.3,431,-0.157522023458987
long,1.3,432,-0.4342334310039366
long,1.3,433,0.034373163369469995
long,1.3,434,-0.5883101006444476
long,1.3,435,-0.19074877483750183
long,1.3,436,-0.1366545152400264
long,1.3,437,-0.1741184097953394
long,1.3,438,-0.22704358681272052
long,1.3,439,-0.3827614082594813
long,1.3,440,0.1459985143165317
long,1.3,441,-0.43810163669756164
long,1.3,442,-0.5111542695114862
long,1.3,443,0.13439926216135256
long,1.3,444,-0.20798457962050157
long,1.3,445,-0.12856681520589325
long,1.3,446,0.5107964078123671
long,1.3,447,-0.008679472285180422
long,1.3,448,-0.34912054279083665
long,1.3,449,-0.14101018819517552
long,1.3,450,-0.41482721596924343
long,1.3,451,-0.6233139171634279
long,1.3,452,-0.35082425920185706
long,1.3,453,-0.22406991004031698
long,1.3,454,0.05890864323889105
long,1.3,455,-0.21249534830649186
long,1.3,456,-0.24749233979299182
long,1.3,457,-0.1981060158254349
long,1.3,458,0.13629085577459676
long,1.3,459,-0.23652876734235
long,1.3,460,-0.3022644862994242
long,1.3,461,-0.0809424747407998
long,1.3,462,-0.19030157697030192
long,1.3,463,-0.2926693066924206
long,1.3,464,-0.23528040761188343
long,1.3,465,-0.16993971894216167
long,1.3,466,-0.3882087521786108
long,1.3,467,-0.04428514407130581
long,1.3,468,-0.027295563380386276
long,1.3,469,0.2423233705980132
long,1.3,470,-0.09412788171100964
long,1.3,471,-0.1484506043994554
long,1.3,472,-0.5647255369687828
long,1.3,473,-0.20989006613736186
long,1.3,474,-0.3896882609367307
long,1.3,475,0.15658653226215655
long,1.3,476,-0.07703672974794017
long,1.3,477,-0.23406076998034575
long,1.3,478,-0.3991940020386412
long,1.3,479,-0.46452739939994525
long,1.3,480,-0.3410269089678827
long,1.3,481,-0.3025677238143858
long,1.3,482,0.05926672894019318
long,1.3,483,-0.27339036998219557
long,1.3,484,-0.09136054957738038
long,1.3,485,-0.4736943717278906
long,1.3,486,-0.366770884336017
long,1.3,487,-0.14453578949710108
long,1.3,488,-0.08072231160609347
long,1.3,489,-0.13788008702021662
long,1.3,490,-0.2221239566220984
long,1.3,491,0.22041117003762442
long,1.3,492,-0.05327129104466482
long,1.3,493,-0.28131700440642776
long,1.3,494,-0.19213022793301968
long,1.3,495,-0.16441550208483757
long,1.3,496,-0.017930650312944066
long,1.3,497,-0.1998966015911777
long,1.3,498,0.11134081804461607
long,1.3,499,-0.10601887717793755
long,1.3,500,0.020051821793217087
long,1.3,501,0.18276972186382234
long,1.3,502,-0.300091454450629
long,1.3,503,-0.5117360004114009
long,1.3,504,-0.02485617903292403
long,1.3,505,0.23948094718795537
long,1.3,506,-0.24787806408704988
long,1.3,507,-0.3582924669888154
long,1.3,508,-0.08079340147301979
long,1.3,509,-0.21049549499124895
long,1.3,510,0.10493417242946515
long,1.3,511,0.01705362795951074
long,1.3,512,-0.4183607428928166
long,1.3,513,-0.17333419011509305
long,1.3,514,-0.0700935742742106
long,1.3,515,-0.12953234462219892
long,1.3,516,-0.36273851102959725
long,1.3,517,0.012506711370569088
long,1.3,518,-0.3135724721161137
long,1.3,519,-0.24466587756426583
long,1.3,520,-0.19351458214216027
long,1.3,521,-0.3968048034123797
long,1.3,522,-0.044301396780980856
long,1.3,523,0.07451243158400005
long,1.3,524,-0.3707359402149501
long,1.3,525,-0.4543366859508638
long,1.3,526,-0.31315751440834777
long,1.3,527,-0.33969252620717
long,1.3,528,-0.5370228113791355
long,1.3,529,0.07650948480069997
long,1.3,530,-0.5108309692370604
long,1.3,531,-0.018447688413477846
long,1.3,532,-0.20686436186731616
long,1.3,533,0.02474377197085417
long,1.3,534,-0.10628704995910293
long,1.3,535,-0.27964535850419003
long,1.3,536,-0.44218017473665816
long,1.3,537,-0.4489591816958763
long,1.3,538,-0.016054065314067795
long,1.3,539,-0.12494346929541884
long,1.3,540,-0.5261073068172997
long,1.3,541,-0.3389699089498168
long,1.3,542,-0.5708837649247589
long,1.3,543,-0.1532904962713891
long,1.3,544,-0.09463850893565791
long,1.3,545,-0.15114714404148719
long,1.3,546,0.21716760925357392
long,1.3,547,-0.3408227807883218
long,1.3,548,-0.24066813042360802
long,1.3,549,-0.5939706057103294
long,1.3,550,0.0937230103641278
long,1.3,551,-0.5159021442865801
long,1.3,552,-0.15864860116298735
long,1.3,553,-0.27786142747483145
long,1.3,554,-0.05663365769597647
long,1.3,555,-0.2608221298378436
long,1.3,556,-0.42699279573070464
long,1.3,557,-0.3540696705772171
long,1.3,558,-0.11811632099757288
long,1.3,559,-0.48687270268960176
long,1.3,560,-0.2762009172013299
long,1.3,561,-0.02686635497112366
long,1.3,562,-0.064086687131221
long,1.3,563,-0.2632304336705554
long,1.3,564,-0.37253505986313895
long,1.3,565,0.10663025475032198
long,1.3,566,0.29162435649091506
long,1.3,567,-0.18274803843160234
long,1.3,568,-0.3073703834061838
long,1.3,569,-0.46682332960552064
long,1.3,570,-0.30507175820054977
long,1.3,571,-0.22236961295682386
long,1.3,572,-0.4071287125395794
long,1.3,573,0.176536395755391
long,1.3,574,-0.28695371046433915
long,1.3,575,-0.4984988630418919
long,1.3,576,0.023928768160422886
long,1.3,577,0.05763215996369745
long,1.3,578,-0.08302522677960487
long,1.3,579,-0.4821422654761719
long,1.3,580,-0.2677371470880717
long,1.3,581,-0.2505413813399112
long,1.3,582,-0.4289156089562695
long,1.3,583,-0.3372427510585112
long,1.3,584,-0.12115007279926601
long,1.3,585,-0.3817526849022002
long,1.3,586,-0.3462998593715604
long,1.3,587,-0.30928066056253284
long,1.3,588,-0.5004136491875738
long,1.3,589,0.027885660306041386
long,1.3,590,-0.4366497559283699
long,1.3,591,-0.23687113259482526
long,1.3,592,-0.15857547356091933
long,1.3,593,0.018497303276333282
long,1.3,594,-0.32582770890810675
long,1.3,595,-0.36269489270948607
long,1.3,596,-0.2813447861591262
long,1.3,597,-0.25729616938660527
long,1.3,598,-0.17331358926462193
long,1.3,599,-0.3379772107072176
long,1.3,600,-0.6784800296523963
long,1.3,601,-0.1947815195093598
long,1.3,602,-0.24574443437191046
long,1.3,603,0.015462888279172464
long,1.3,604,-0.3310656889256293
long,1.3,605,-0.45284331680477347
long,1.3,606,-0.42648533010382883
long,1.3,607,0.1828176722163
long,1.3,608,-0.13849667968471563
long,1.3,609,-0.27663548466227256
long,1.3,610,-0.4013237877209517
long,1.3,611,-0.2036642176862948
long,1.3,612,0.04352327472477993
long,1.3,613,-0.35188320154574226
long,1.3,614,-0.33926134123599017
long,1.3,615,0.318952127078529
long,1.3,616,-0.5419023047665884
long,1.3,617,-0.2397111520308497
long,1.3,618,-0.5901699707737543
long,1.3,619,-0.32331229933420336
long,1.3,620,0.008732045828397315
long,1.3,621,-0.14611338028836726
long,1.3,622,-0.3605644908836726
long,1.3,623,-0.2708509730327033
long,1.3,624,-0.30661267102558554
long,1.3,625,-0.44523759929504475
long,1.3,626,-0.08326136189477856
long,1.3,627,0.43775430807479127
long,1.3,628,0.10204490562965354
long,1.3,629,-0.492849113803441
long,1.3,630,-0.5652092680091194
long,1.3,631,-0.3890832572468328
long,1.3,632,0.11980288264642366
long,1.3,633,0.4601475971847937
long,1.3,634,-0.4637438140087553
long,1.3,635,-0.286518785725465
long,1.3,636,0.05045893702654529
long,1.3,637,-0.46490813358009253
long,1.3,638,-0.06819867519369549
long,1.3,639,-0.3923059646291179
long,1.3,640,-0.010990559226331879
long,1.3,641,-0.1382630077509532
long,1.3,642,-0.17180502629009772
long,1.3,643,-0.24752144332304957
long,1.3,644,-0.25518946343325255
long,1.3,645,-0.3091787729810074
long,1.3,646,-0.42445220730332306
long,1.3,647,-0.12137775912292312
long,1.3,648,-0.31100781005828787
long,1.3,649,-0.33344800087035664
long,1.3,650,-0.27990533812862867
long,1.3,651,0.07844413121703621
long,1.3,652,-0.21821586496555487
long,1.3,653,-0.29639200892769185
long,1.3,654,-0.36943837494562276
long,1.3,655,-0.41524424030320867
long,1.3,656,-0.3269337666066401
long,1.3,657,-0.3387462262280378
long,1.3,658,-0.4725353649582454
long,1.3,659,-0.41950809246486753
long,1.3,660,-0.27713946066792433
long,1.3,661,-0.45041715433174756
long,1.3,662,-0.47116613809859514
long,1.3,663,-0.03081974841350449
long,1.3,664,-0.09669488624154576
long,1.3,665,-0.26652642403894616
long,1.3,666,-0.07289544190795447
long,1.3,667,-0.48135880231334954
long,1.3,668,-0.5339096343087097
long,1.3,669,-0.39340140437091126
long,1.3,670,-0.054512527828539936
long,1.3,671,0.22761959034995322
long,1.3,672,-0.26239966996404945
long,1.3,673,-0.4841977068741287
long,1.3,674,-0.1645232950056173
long,1.3,675,-0.24773105798412892
long,1.3,676,0.04088107337925445
long,1.3,677,-0.229600261938115
long,1.3,678,-0.13962623223973833
long,1.3,679,0.027280928173805355
long,1.3,680,0.308104024693946
long,1.3,681,-0.2795789241964222
long,1.3,682,-0.3744809243758928
long,1.3,683,0.23480968281674455
long,1.3,684,-0.44729632779098094
long,1.3,685,-0.43106811535655404
long,1.3,686,-0.23299966171591915
long,1.3,687,-0.1317121915762567
long,1.3,688,-0.322016204861337
long,1.3,689,-0.4843551114777893
long,1.3,690,-0.4038254361577698
long,1.3,691,-0.30762865121325506
long,1.3,692,-0.15968406565934407
long,1.3,693,-0.20860003224222326
long,1.3,694,-0.37377772903748546
long,1.3,695,-0.21351105570920387
long,1.3,696,-0.38285306881315806
long,1.3,697,-0.4335025036526547
long,1.3,698,-0.3614386248728247
long,1.3,699,-0.010099847871969374
long,1.3,700,-0.09261919282350006
long,1.3,701,-0.3270454737876065
long,1.3,702,-0.46423346222025774
long,1.3,703,-0.388842741684855
long,1.3,704,-0.08627748566274024
long,1.3,705,-0.3183280035133912
long,1.3,706,-0.17933800624634433
long,1.3,707,-0.19628905578295386
long,1.3,708,-0.5362863628849934
long,1.3,709,-0.20252428647193493
long,1.3,710,-0.3504946932010088
long,1.3,711,-0.32289575780699636
long,1.3,712,-0.48356073871208044
long,1.3,713,0.04847842812594131
long,1.3,714,-0.3400928512664283
long,1.3,715,0.05326183021931974
long,1.3,716,0.2066600741911287
long,1.3,717,-0.27022381864067535
long,1.3,718,-0.5154754958968529
long,1.3,719,-0.4429658199288441
long,1.3,720,-0.21512370423674765
long,1.3,721,-0.32004946044071286
long,1.3,722,-0.4796458892666163
long,1.3,723,-0.12011918295840808
long,1.3,724,-0.14991251005975567
long,1.3,725,-0.46373837171711707
long,1.3,726,-0.2682958352129469
long,1.3,727,-0.2991002206189795
long,1.3,728,-0.05448840883573409
long,1.3,729,-0.3991355185172076
long,1.3,730,-0.30703261925987946
long,1.3,731,-0.012114923423612554
long,1.3,732,-0.4069609636218581
long,1.3,733,-0.227473369113318
long,1.3,734,-0.2876572661126196
long,1.3,735,-0.23043144565237916
long,1.3,736,-0.029578164543983473
long,1.3,737,-0.49068242150373614
long,1.3,738,-0.29849331404994245
long,1.3,739,-0.31555214523515784
long,1.3,740,0.03509621642537519
long,1.3,741,-0.513692501715209
long,1.3,742,-0.44700764482073624
long,1.3,743,-0.1628210958640114
long,1.3,744,-0.028431707782982363
long,1.3,745,0.1226186292025903
long,1.3,746,-0.23164685016575326
long,1.3,747,-0.021658960959140484
long,1.3,748,-0.31562701732378284
long,1.3,749,-0.1344603157617502
long,1.3,750,-0.22286872453567586
long,1.3,751,-0.2633478922781059
long,1.3,752,-0.3847177720682486
long,1.3,753,-0.16285672818028352
long,1.3,754,-0.4291476886777578
long,1.3,755,-0.10320641619863856
long,1.3,756,-0.1496215288958031
long,1.3,757,-0.4510171244690354
long,1.3,758,-0.06760452751741255
long,1.3,759,0.4063063394639959
long,1.3,760,-0.5191704431827786
long,1.3,761,-0.3621837409197396
long,1.3,762,-0.4427959106831499
long,1.3,763,-0.1728511781066402
long,1.3,764,-0.02348867105069467
long,1.3,765,-0.5355625846649752
long,1.3,766,-0.10093806487557103
long,1.3,767,-0.285597691405067
long,1.3,768,-0.34437983638879827
long,1.3,769,-0.2529073421366943
long,1.3,770,-0.34852368620864166
long,1.3,771,0.04610911459712901
long,1.3,772,-0.45506463811174913
long,1.3,773,-0.5036274131930295
long,1.3,774,-0.4583949653512781
long,1.3,775,-0.13468899326815867
long,1.3,776,-0.24755085119164905
long,1.3,777,-0.05387211307279043
long,1.3,778,0.3317045232233738
long,1.3,779,-0.043352716840691974
long,1.3,780,-0.2276365204861502
long,1.3,781,-0.11387458393685065
long,1.3,782,-0.14915276313928122
long,1.3,783,0.23273421044212014
long,1.3,784,0.2799986512023811
long,1.3,785,-0.17299674425121353
long,1.3,786,-0.06543381864698686
long,1.3,787,-0.1491005449268601
long,1.3,788,-0.3538296595543457
long,1.3,789,-0.31180098515927296
long,1.3,790,-0.24507078003470026
long,1.3,791,-0.39308169597259296
long,1.3,792,-0.25240445610187817
long,1.3,793,-0.3354645549705402
long,1.3,794,-0.21067124591997427
long,1.3,795,-0.3498241824806456
long,1.3,796,0.0034899031753559497
long,1.3,797,-0.2601127303771564
long,1.3,798,0.11963639315932792
long,1.3,799,-0.3687261304216324
long,1.3,800,-0.12055011443927402
long,1.3,801,-0.6565371971961234
long,1.3,802,-0.3441366477849497
long,1.3,803,-0.49459978233131785
long,1.3,804,-0.0139436235036856
long,1.3,805,-0.43320829653842186
long,1.3,806,-0.045720646596778755
long,1.3,807,-0.04531743213692104
long,1.3,808,-0.26717993359173053
long,1.3,809,-0.53805500696185
long,1.3,810,-0.15220073275858625
long,1.3,811,0.575051851184887
long,1.3,812,0.10487738759483374
long,1.3,813,-0.17106468386337437
long,1.3,814,-0.24727523373376273
long,1.3,815,-0.6038257810764152
long,1.3,816,-0.5332685571921899
long,1.3,817,-0.671984435208385
long,1.3,818,-0.0925809635663208
long,1.3,819,-0.45098218470267465
long,1.3,820,0.2832033375798546
long,1.3,821,-0.28285144966379283
long,1.3,822,-0.4608159577959581
long,1.3,823,-0.33167668079362483
long,1.3,824,-0.4180836005763718
long,1.3,825,0.06078327127107277
long,1.3,826,-0.4607042617624815
long,1.3,827,-0.4318249683632893
long,1.3,828,-0.5528217596229255
long,1.3,829,0.19729548403091532
long,1.3,830,-0.6202005000355044
long,1.3,831,-0.35444253520364516
long,1.3,832,-0.5190932195517557
long,1.3,833,-0.3999706544651996
long,1.3,834,-0.4042726373292631
long,1.3,835,-0.37454417693337
long,1.3,836,-0.04740069840072901
long,1.3,837,-0.1383537534917756
long,1.3,838,-0.40169437739484964
long,1.3,839,-0.34206968387807285
long,1.3,840,-0.20813318693551963
long,1.3,841,-0.0002941241138910445
long,1.3,842,-0.41077678785456745
long,1.3,843,-0.343395507050693
long,1.3,844,-0.28727954697062186
long,1.3,845,-0.23300554840226023
long,1.3,846,-0.025064196317934124
long,1.3,847,-0.2678453912134535
long,1.3,848,-0.2780592712115943
long,1.3,849,0.24085339157831837
long,1.3,850,-0.15069643770444605
long,1.3,851,-0.13778937543899342
long,1.3,852,-0.31711481283947973
long,1.3,853,-0.17816488531705907
long,1.3,854,-0.1542812048187322
long,1.3,855,-0.17232757394614656
long,1.3,856,-0.30679702240486345
long,1.3,857,-0.2939030097745592
long,1.3,858,-0.28340476377371443
long,1.3,859,0.06639286783910797
long,1.3,860,-0.21750277679676744
long,1.3,861,-0.21563153694629167
long,1.3,862,-0.2896280883996581
long,1.3,863,-0.4672136491446378
long,1.3,864,-0.43833639947458364
long,1.3,865,-0.24624443760342227
long,1.3,866,-0.28770356589548074
long,1.3,867,-0.4105451490781402
long,1.3,868,-0.023446787751827434
long,1.3,869,-0.4077260275740976
long,1.3,870,-0.31194813708160635
long,1.3,871,-0.20825266000880693
long,1.3,872,-0.329291872637924
long,1.3,873,-0.34691754627428456
long,1.3,874,-0.1355463009639028
long,1.3,875,-0.38074285998189134
long,1.3,876,0.46862643900517287
long,1.3,877,-0.6176078976862626
long,1.3,878,-0.1618709246561301
long,1.3,879,-0.5696894408407772
long,1.3,880,-0.4666024649237506
long,1.3,881,-0.11942294662065758
long,1.3,882,-0.07683612610729215
long,1.3,883,-0.5612732836432834
long,1.3,884,-0.16018503957022073
long,1.3,885,-0.45708860361535075
long,1.3,886,-0.10586036331344832
long,1.3,887,-0.3589341784396586
long,1.3,888,-0.3386673414886011
long,1.3,889,-0.511616367056972
long,1.3,890,0.005655377703316116
long,1.3,891,-0.3065420241614678
long,1.3,892,-0.26043809488172576
long,1.3,893,-0.5052423519989185
long,1.3,894,-0.15981276888255763
long,1.3,895,-0.4007790128584899
long,1.3,896,-0.19793310158321417
long,1.3,897,-0.14306732764079502
long,1.3,898,-0.16700931559274992
long,1.3,899,-0.2541091668881075
long,1.3,900,-0.1921837424696253
long,1.3,901,-0.5463414330064739
long,1.3,902,0.33765716118204947
long,1.3,903,-0.2586192372363239
long,1.3,904,-0.3967880423277187
long,1.3,905,0.41831426951941836
long,1.3,906,-0.09718971701349025
long,1.3,907,-0.10792811815838195
long,1.3,908,-0.23103123103991782
long,1.3,909,0.1233849808248834
long,1.3,910,-0.09587281113715601
long,1.3,911,-0.37184667507367913
long,1.3,912,-0.35364700848973174
long,1.3,913,-0.051067513868194164
long,1.3,914,-0.3419046327609318
long,1.3,915,-0.3649650701905068
long,1.3,916,-0.31218313391783387
long,1.3,917,0.24258066510880907
long,1.3,918,-0.09139576303498498
long,1.3,919,-0.28821525559443695
long,1.3,920,-0.33228989048577023
long,1.3,921,-0.17789806969436528
long,1.3,922,-0.6102569848117567
long,1.3,923,-0.6232897902039289
long,1.3,924,-0.4908122896405257
long,1.3,925,0.07313600306187715
long,1.3,926,-0.741027449414537
long,1.3,927,-0.21327016033231838
long,1.3,928,-0.08904020963331251
long,1.3,929,-0.09329156423682161
long,1.3,930,-0.2229838906178915
long,1.3,931,0.02058790370911124
long,1.3,932,-0.2791677947738749
long,1.3,933,-0.23729428538799813
long,1.3,934,-0.22139359577460838
long,1.3,935,-0.31139020063618084
long,1.3,936,0.2976204515038828
long,1.3,937,-0.5144404070399048
long,1.3,938,-0.21890228281577093
long,1.3,939,-0.03196877578147552
long,1.3,940,-0.34950825447328676
long,1.3,941,-0.12459316109894954
long,1.3,942,-0.4700526379363735
long,1.3,943,-0.36179623512569203
long,1.3,944,-0.513712813436792
long,1.3,945,-0.4981074239865233
long,1.3,946,-0.2919537128005386
long,1.3,947,0.042192313252566296
long,1.3,948,-0.24071957377433356
long,1.3,949,-0.11366845847403148
long,1.3,950,-0.24273509395620244
long,1.3,951,-0.005490391395770749
long,1.3,952,0.004963101888091068
long,1.3,953,-0.3237006756578709
long,1.3,954,-0.22248553441281857
long,1.3,955,-0.585465098026785
long,1.3,956,-0.2538541060128563
long,1.3,957,-0.4285464761336837
long,1.3,958,0.2223512035854693
long,1.3,959,-0.1371742597191491
long,1.3,960,-0.26007043200613555
long,1.3,961,-0.4122082001559506
long,1.3,962,-0.4301397802275525
long,1.3,963,-0.191368116288864
long,1.3,964,-0.3340326222638055
long,1.3,965,0.08766221929775361
long,1.3,966,0.0651488750746563
long,1.3,967,-0.48245312292404113
long,1.3,968,-0.42647936425266153
long,1.3,969,-0.38876800294802827
long,1.3,970,-0.21367763420275457
long,1.3,971,-0.3929771349459968
long,1.3,972,-0.3283872018597359
long,1.3,973,-0.09629377950898649
long,1.3,974,-0.3040421106794304
long,1.3,975,-0.24447506318846446
long,1.3,976,-0.33924574941658125
long,1.3,977,-0.46266603147496543
long,1.3,978,-0.5622506978694392
long,1.3,979,-0.4318786247242223
long,1.3,980,-0.48460569628237704
long,1.3,981,-0.33618809849162873
long,1.3,982,-0.3146172851702078
long,1.3,983,-0.2504657004722039
long,1.3,984,-0.17246549696906513
long,1.3,985,-0.01067926690604701
long,1.3,986,-0.4432910499860845
long,1.3,987,-0.23093573591859531
long,1.3,988,-0.5111945094001328
long,1.3,989,-0.47843931688576313
long,1.3,990,-0.2915265818781922
long,1.3,991,0.21457286510848497
long,1.3,992,-0.503591162663469
long,1.3,993,-0.2037371654094256
long,1.3,994,-0.19791018622551576
long,1.3,995,-0.017755314513273897
long,1.3,996,-0.12645175073931816
long,1.3,997,-0.2507520162516296
long,1.3,998,-0.4339466547931471
long,1.3,999,0.11513898380839231
long,1.3,1000,-0.312208496538214
long,1.3,1001,-0.4451124613958891
long,1.3,1002,-0.22909725112076668
long,1.3,1003,-0.3577641539408666
long,1.3,1004,-0.5206551041334999
long,1.3,1005,-0.20940983322439624
long,1.3,1006,-0.16342924910824244
long,1.3,1007,-0.05819808283396525
long,1.3,1008,-0.2614189879768091
long,1.3,1009,-0.43181018452097897
long,1.3,1010,-0.50593789006516
long,1.3,1011,-0.19339612714231783
long,1.3,1012,-0.24920310503645143
long,1.3,1013,0.11291883606710496
long,1.3,1014,-0.4203496916517573
long,1.3,1015,-0.5081421062108099
long,1.3,1016,-0.35370864767535876
long,1.3,1017,-0.11934121943100963
long,1.3,1018,0.33142443954941503
long,1.3,1019,-0.48593408333917437
long,1.3,1020,0.3959887011863803
long,1.3,1021,-0.4110262034058374
long,1.3,1022,-0.6362727200831597
long,1.3,1023,0.20751416852599505
long,1.3,1024,-0.22873749687982273
long,1.3,1025,-0.25502700752098206
long,1.3,1026,-0.6257875087272315
long,1.3,1027,0.33746707624790967
long,1.3,1028,-0.3037770413800221
long,1.3,1029,-0.012660084735419894
long,1.3,1030,-0.3205638259464734
long,1.3,1031,-0.5375705831654076
long,1.3,1032,-0.32260013320651726
long,1.3,1033,-0.2876880012612794
long,1.3,1034,-0.5670655713780319
long,1.3,1035,-0.03393020384724264
long,1.3,1036,-0.3241221684203919
long,1.3,1037,-0.5312283306638376
long,1.3,1038,-0.2841202516581619
long,1.3,1039,0.08779367326117091
long,1.3,1040,-0.5823220114179137
long,1.3,1041,-0.43851009650507405
long,1.3,1042,-0.28566388700429163
long,1.3,1043,-0.26772187999962355
long,1.3,1044,-0.33748462235786203
long,1.3,1045,-0.23694974491386853
long,1.3,1046,-0.18514331868575645
long,1.3,1047,-0.4667760307543981
long,1.3,1048,-0.47610927308265716
long,1.3,1049,-0.32970688317466773
long,1.3,1050,0.011437807072352283
long,1.3,1051,-0.19068508325483627
long,1.3,1052,-0.24284299837566053
long,1.3,1053,-0.3283325853360811
long,1.3,1054,-0.08122661911673536
long,1.3,1055,-0.15794186791699463
long,1.3,1056,-0.6594895805191423
long,1.3,1057,-0.20157154850767497
long,1.3,1058,0.13385119183068236
long,1.3,1059,-0.4820592793859941
long,1.3,1060,-0.37577722708817163
long,1.3,1061,-0.05707304379518899
long,1.3,1062,0.19980666514000456
long,1.3,1063,-0.36522273285588136
long,1.3,1064,-0.43785831182691853
long,1.3,1065,-0.2540221364834004
long,1.3,1066,-0.15919708993310053
long,1.3,1067,-0.2636679644788843
long,1.3,1068,-0.6867497610389071
long,1.3,1069,-0.3230053957736339
long,1.3,1070,-0.4372337027129999
long,1.3,1071,-0.18600737230813802
long,1.3,1072,0.0157240241936832
long,1.3,1073,0.09525075642400714
long,1.3,1074,-0.5336089408177211
long,1.3,1075,0.11115058861739913
long,1.3,1076,0.11661043253880793
long,1.3,1077,-0.0601757673981897
long,1.3,1078,-0.5268146522277836
long,1.3,1079,-0.025574552417291667
long,1.3,1080,-0.5339157896808588
long,1.3,1081,-0.17008769929305975
long,1.3,1082,-0.6154340152512286
long,1.3,1083,-0.2953897996269326
long,1.3,1084,-0.3618670702322945
long,1.3,1085,-0.11091441761715934
long,1.3,1086,-0.638448653204576
long,1.3,1087,-0.11463785464612836
long,1.3,1088,-0.17139405345008413
long,1.3,1089,-0.2888235333694712
long,1.3,1090,-0.4859938179184765
long,1.3,1091,-0.411202340454637
long,1.3,1092,-0.09376114356354505
long,1.3,1093,-0.535687062330665
long,1.3,1094,-0.3609996104335463
long,1.3,1095,-0.4775419828115606
long,1.3,1096,-0.5570382665745515
long,1.3,1097,0.45894618468323906
long,1.3,1098,-0.2915933324895651
long,1.3,1099,-0.11823178914037344
long,1.3,1100,-0.532894553396281
long,1.3,1101,-0.11638001786189194
long,1.3,1102,-0.2000065452676775
long,1.3,1103,0.11717181671281489
long,1.3,1104,-0.30323590847504567
long,1.3,1105,-0.0997306538190453
long,1.3,1106,-0.4207871182859836
long,1.3,1107,-0.5673105667642799
long,1.3,1108,-0.40841377312766186
long,1.3,1109,-0.3573172305874176
long,1.3,1110,0.22592626820280137
long,1.3,1111,-0.21578323683171072
long,1.3,1112,-0.15400466281533118
long,1.3,1113,-0.2968135803811412
long,1.3,1114,-0.3140095369577024
long,1.3,1115,0.018126009758891774
long,1.3,1116,-0.40254479366928236
long,1.3,1117,-0.3742838148854277
long,1.3,1118,-0.24499260431573314
long,1.3,1119,-0.28636618036928657
long,1.3,1120,0.14899038785577917
long,1.3,1121,-0.39153579493402035
long,1.3,1122,-0.4131353605116039
long,1.3,1123,-0.2509601107090085
long,1.3,1124,-0.5882115818233692
long,1.3,1125,-0.18970510670861665
long,1.3,1126,-0.7124658142368729
long,1.3,1127,-0.3383370116642252
long,1.3,1128,-0.1560796828065318
long,1.3,1129,-0.5843033701032416
long,1.3,1130,0.07432364710636608
long,1.3,1131,-0.32975751289206556
long,1.3,1132,-0.11048393468478221
long,1.3,1133,-0.1139087500677732
long,1.3,1134,-0.30025911140710637
long,1.3,1135,-0.20643198528820314
long,1.3,1136,-0.20335402634659153
long,1.3,1137,-0.41751814461233805
long,1.3,1138,-0.04988658192358832
long,1.3,1139,-0.43543555245554294
long,1.3,1140,-0.2909402042570577
long,1.3,1141,-0.2751384030370041
long,1.3,1142,-0.02500907958507446
long,1.3,1143,-0.06606937132983959
long,1.3,1144,-0.5368227272538205
long,1.3,1145,0.2856982841155382
long,1.3,1146,-0.7288473090768323
long,1.3,1147,-0.1920955124729678
long,1.3,1148,-0.422225980336503
long,1.3,1149,-0.12843420275906273
long,1.3,1150,-0.4252531293758691
long,1.3,1151,-0.3992421413880829
long,1.3,1152,-0.3176826855302929
long,1.3,1153,0.07266398551187436
long,1.3,1154,-0.2905210313722088
long,1.3,1155,-0.2861540058215097
long,1.3,1156,-0.2138341764914113
long,1.3,1157,0.32754744623994986
long,1.3,1158,-0.18805324584207903
long,1.3,1159,-0.10450201713471269
long,1.3,1160,-0.34538032937562396
long,1.3,1161,-0.33704838592159114
long,1.3,1162,0.23797906786108391
long,1.3,1163,-0.16471313063434517
long,1.3,1164,-0.042199069472897234
long,1.3,1165,-0.17939516850716347
long,1.3,1166,-0.16328547418749773
long,1.3,1167,-0.5043607984507734
long,1.3,1168,-0.42529474238323256
long,1.3,1169,-0.18502198598174696
long,1.3,1170,-0.24800208388528766
long,1.3,1171,-0.280884279789681
long,1.3,1172,-0.4592820945925989
long,1.3,1173,0.014360286260417706
long,1.3,1174,-0.3355969285402987
long,1.3,1175,-0.40120081371776056
long,1.3,1176,-0.3996951347733861
long,1.3,1177,-0.205183719950769
long,1.3,1178,-0.382977951750747
long,1.3,1179,-0.2669421594900824
long,1.3,1180,-0.013916829155228811
long,1.3,1181,-0.27326316075686863
long,1.3,1182,-0.3703243963113929
long,1.3,1183,-0.29355325618427486
long,1.3,1184,-0.2044741346458476
long,1.3,1185,-0.09837507007755107
long,1.3,1186,-0.3734889773981486
long,1.3,1187,-0.17477836786680895
long,1.3,1188,-0.31483547028662373
long,1.3,1189,-0.18239778679007826
long,1.3,1190,-0.1585870841117006
long,1.3,1191,-0.6408489021870416
long,1.3,1192,-0.16239983731448135
long,1.3,1193,-0.1803800804117726
long,1.3,1194,-0.4378002240640774
long,1.3,1195,-0.1771568589447738
long,1.3,1196,0.4236146922039125
long,1.3,1197,0.05003429125867812
long,1.3,1198,0.007796786061484458
long,1.3,1199,-0.3118621520231735
long,1.3,1200,-0.1744237349579363
long,1.3,1201,-0.18357827795670506
long,1.3,1202,-0.27088922488706446
long,1.3,1203,-0.5427822609471461
long,1.3,1204,-0.15259362053723932
long,1.3,1205,-0.241735764205787
long,1.3,1206,-0.43275264399014224
long,1.3,1207,-0.37842994664885726
long,1.3,1208,-0.5883388920791949
long,1.3,1209,-0.061113428233634685
long,1.3,1210,0.04387480170402099
long,1.3,1211,-0.30925497384042927
long,1.3,1212,-0.3758695601534794
long,1.3,1213,0.3146242035015172
long,1.3,1214,-0.25188731515307095
long,1.3,1215,-0.5450373260197772
long,1.3,1216,-0.4700706634886222
long,1.3,1217,-0.06137668836886141
long,1.3,1218,-0.3662449020476399
long,1.3,1219,-0.18537031762624478
long,1.3,1220,-0.16606230806144245
long,1.3,1221,-0.21773936654670664
long,1.3,1222,-0.28148550076899354
long,1.3,1223,-0.03693581355675234
long,1.3,1224,-0.2931802134952389
long,1.3,1225,-0.5097470726513216
long,1.3,1226,-0.3297824711474877
long,1.3,1227,-0.11043039275991168
long,1.3,1228,-0.22422608907813854
long,1.3,1229,-0.3280279072021594
long,1.3,1230,-0.02261381335801512
long,1.3,1231,-0.13723040477770682
long,1.3,1232,-0.26105399849336464
long,1.3,1233,-0.2800072619223625
long,1.3,1234,0.058457296955813205
long,1.3,1235,-0.06849293674197339
long,1.3,1236,-0.11841239699656779
long,1.3,1237,-0.31888977906671523
long,1.3,1238,-0.19270979803131255
long,1.3,1239,-0.3754811361218744
long,1.3,1240,-0.30086634475897384
long,1.3,1241,-0.5113760715662753
long,1.3,1242,-0.0742615456501221
long,1.3,1243,-0.47022847375843463
long,1.3,1244,-0.14640766387017987
long,1.3,1245,-0.2159762305500762
long,1.3,1246,0.1291230051949366
long,1.3,1247,-0.11478017671590052
long,1.3,1248,-0.3058604957453807
long,1.3,1249,-0.5467523418843573
long,1.3,1250,-0.5588210359620462
long,1.3,1251,-0.11243129585021581
long,1.3,1252,-0.2494368994996938
long,1.3,1253,-0.1822397788207346
long,1.3,1254,-0.48104556019656963
long,1.3,1255,-0.32825690954105624
long,1.3,1256,0.046686473281348145
long,1.3,1257,-0.17413081614690623
long,1.3,1258,-0.2865334544961344
long,1.3,1259,-0.17313628407255716
long,1.3,1260,-0.31635180712268135
long,1.3,1261,-0.393229186222727
long,1.3,1262,-0.29434120674855757
long,1.3,1263,-0.33271513202591196
long,1.3,1264,-0.3718207820176809
long,1.3,1265,-0.5827524866159904
long,1.3,1266,-0.45094125729691853
long,1.3,1267,-0.23689575326495788
long,1.3,1268,-0.3263745537927005
long,1.3,1269,-0.5322800485003214
long,1.3,1270,-0.2911169064663571
long,1.3,1271,0.04570131413928806
long,1.3,1272,-0.2900679050354632
long,1.3,1273,-0.2463507893559871
long,1.3,1274,-0.2737324542468635
long,1.3,1275,-0.22876247814659367
long,1.3,1276,-0.5720353525781489
long,1.3,1277,-0.12947362092244538
long,1.3,1278,-0.1478346888135821
long,1.3,1279,0.045967542648299914
long,1.3,1280,-0.56000480674211
long,1.3,1281,-0.4917209363800034
long,1.3,1282,-0.00783301729522501
long,1.3,1283,-0.4776457852103909
long,1.3,1284,-0.28878790166287627
long,1.3,1285,-0.048182163092663356
long,1.3,1286,-0.23731491214857056
long,1.3,1287,-0.07284005295814187
long,1.3,1288,-0.17780608359381742
long,1.3,1289,-0.47138253811106834
long,1.3,1290,-0.4224760740355562
long,1.3,1291,-0.21243513052482443
long,1.3,1292,-0.6161495761440816
long,1.3,1293,-0.24719233516067637
long,1.3,1294,-0.49140856938999383
long,1.3,1295,-0.3635808268077265
long,1.3,1296,-0.24119825538889883
long,1.3,1297,0.00840509366337786
long,1.3,1298,-0.27985749675599914
long,1.3,1299,-0.25411381043409786
long,1.3,1300,0.42768638540335013
long,1.3,1301,-0.5921094209526603
long,1.3,1302,-0.3636242665380322
long,1.3,1303,-0.30561571284720473
long,1.3,1304,-0.277639414918536
long,1.3,1305,-0.4857787352593172
long,1.3,1306,-0.3913970582992674
long,1.3,1307,-0.27270680792363117
long,1.3,1308,0.23002859505994405
long,1.3,1309,-0.07190523215395887
long,1.3,1310,-0.39507228336880695
long,1.3,1311,-0.19915684779239126
long,1.3,1312,-0.3921285731358353
long,1.3,1313,-0.28549368488450716
long,1.3,1314,-0.1728828032452315
long,1.3,1315,-0.14973253973318812
long,1.3,1316,-0.40555269106427855
long,1.3,1317,-0.24749689753198034
long,1.3,1318,-0.46776834246075244
long,1.3,1319,-0.5656558455172784
long,1.3,1320,-0.33624988233716624
long,1.3,1321,-0.3365217856213982
long,1.3,1322,-0.38867035335369776
long,1.3,1323,-0.023770366728549035
long,1.3,1324,-0.29780438838452644
long,1.3,1325,-0.6128941973919547
long,1.3,1326,-0.3779093281955232
long,1.3,1327,0.019976393876293942
long,1.3,1328,-0.040992847861589854
long,1.3,1329,-0.42274975633553147
long,1.3,1330,-0.06194947111345138
long,1.3,1331,-0.21940266300069408
long,1.3,1332,-0.265106855289235
long,1.3,1333,-0.2862657973993473
long,1.3,1334,-0.15085627281234698
long,1.3,1335,-0.42667793017618
long,1.3,1336,-0.32934412164011173
long,1.3,1337,-0.2933104730317474
long,1.3,1338,-0.014879284580578463
long,1.3,1339,-0.47525121906343093
long,1.3,1340,-0.39844393522221766
long,1.3,1341,-0.31848500903391064
long,1.3,1342,-0.18891433845797673
long,1.3,1343,-0.33316317018668595
long,1.3,1344,-0.15103823022029905
long,1.3,1345,-0.40562791871882725
long,1.3,1346,-0.12386394248782895
long,1.3,1347,-0.24659479861811665
long,1.3,1348,-0.08278910323101027
long,1.3,1349,-0.40481912711471446
long,1.3,1350,0.26999515342863123
long,1.3,1351,-0.40703414909422503
long,1.3,1352,-0.2977345969656165
long,1.3,1353,-0.09588340363553723
long,1.3,1354,-0.09003653767945813
long,1.3,1355,-0.49800734176634665
long,1.3,1356,-0.36155534968336817
long,1.3,1357,0.46417304870280335
long,1.3,1358,-0.010308905638312665
long,1.3,1359,-0.4391766217157887
long,1.3,1360,-0.2745750236550667
long,1.3,1361,-0.5337493537426591
long,1.3,1362,-0.2804761915595837
long,1.3,1363,-0.4763234863556298
long,1.3,1364,-0.35638853579123925
long,1.3,1365,-0.49558546293284705
long,1.3,1366,0.10568979802970488
long,1.3,1367,-0.23900099634627747
long,1.3,1368,0.04296209452313289
long,1.3,1369,0.14212050947134253
long,1.3,1370,-0.22352106568641092
long,1.3,1371,0.23983972463525619
long,1.3,1372,0.5015380820830277
long,1.3,1373,0.02187472374318903
long,1.3,1374,0.16800789392206905
long,1.3,1375,-0.35369794706288127
long,1.3,1376,-0.4647808122449787
long,1.3,1377,-0.3849466868100216
long,1.3,1378,-0.3512613449738482
long,1.3,1379,-0.433227924235381
long,1.3,1380,-0.441994850341413
long,1.3,1381,-0.3782000210147611
long,1.3,1382,0.13041070983075223
long,1.3,1383,-0.4895796944992467
long,1.3,1384,-0.15633000921696077
long,1.3,1385,-0.023176425212596392
long,1.3,1386,-0.23996941210754302
long,1.3,1387,-0.08865346670154796
long,1.3,1388,0.16461134528827498
long,1.3,1389,-0.31742146602519106
long,1.3,1390,-0.17561640762931688
long,1.3,1391,-0.22443959265223346
long,1.3,1392,-0.04185228335801129
long,1.3,1393,-0.28711407587769383
long,1.3,1394,-0.2739108136471333
long,1.3,1395,-0.09282303515848687
long,1.3,1396,-0.278247213556202
long,1.3,1397,0.04352481232126998
long,1.3,1398,-0.42973686105882086
long,1.3,1399,-0.5016920527012602
long,1.3,1400,-0.13068337294641555
long,1.3,1401,-0.5069901644009148
long,1.3,1402,-0.11497917133050736
long,1.3,1403,-0.4894317785301465
long,1.3,1404,-0.07754473758832707
long,1.3,1405,-0.21163488334525365
long,1.3,1406,0.10260690125055666
long,1.3,1407,-0.025325985686312655
long,1.3,1408,-0.07716704468598143
long,1.3,1409,-0.3982196427747893
long,1.3,1410,-0.5081829560030146
long,1.3,1411,-0.14172976235265994
long,1.3,1412,-0.32742913234229704
long,1.3,1413,-0.2093966032343524
long,1.3,1414,-0.19107694606584746
long,1.3,1415,-0.10530715719275816
long,1.3,1416,-0.05620686768436341
long,1.3,1417,-0.22770373682076564
long,1.3,1418,-0.24017167967358194
long,1.3,1419,0.0076851723451247566
long,1.3,1420,-0.3132163904694029
long,1.3,1421,-0.5329899693010034
long,1.3,1422,-0.0024427631533376227
long,1.3,1423,-0.2798462292390408
long,1.3,1424,-0.12352178177632792
long,1.3,1425,-0.24108408946725618
long,1.3,1426,-0.02140969945186363
long,1.3,1427,-0.3070046857280249
long,1.3,1428,-0.20540644299101282
long,1.3,1429,-0.12171043209544322
long,1.3,1430,-0.5121507313377578
long,1.3,1431,-0.4574227300761976
long,1.3,1432,0.044274524622239506
long,1.3,1433,0.08632686502989347
long,1.3,1434,-0.35616925431613766
long,1.3,1435,0.11862464984510572
long,1.3,1436,-0.135298034853604
long,1.3,1437,-0.306760993252844
long,1.3,1438,-0.5195949444064742
long,1.3,1439,-0.22379107887431984
long,1.3,1440,-0.04178242564369741
long,1.3,1441,-0.08528337302773009
long,1.3,1442,-0.44412067724225196
long,1.3,1443,-0.03565850579185975
long,1.3,1444,-0.528032473605239
long,1.3,1445,-0.5067164716158282
long,1.3,1446,-0.25850778518754386
long,1.3,1447,-0.2679258727587704
long,1.3,1448,0.116099706902093
long,1.3,1449,-0.26182556431383736
long,1.3,1450,-0.46759136484534486
long,1.3,1451,-0.4019306584379453
long,1.3,1452,-0.22395431412876268
long,1.3,1453,-0.21155608763603242
long,1.3,1454,-0.3251892833534147
long,1.3,1455,0.08110851895585015
long,1.3,1456,-0.2976499882866125
long,1.3,1457,-0.3360980549470087
long,1.3,1458,-0.38767889429325014
long,1.3,1459,-0.4741943123618907
long,1.3,1460,-0.07562798433391527
long,1.3,1461,-0.47820717314977856
long,1.3,1462,-0.20803502027096651
long,1.3,1463,-0.341601216464995
long,1.3,1464,0.10883342343801167
long,1.3,1465,-0.2602027933767963
long,1.3,1466,-0.4881134964922452
long,1.3,1467,-0.3927180695114892
long,1.3,1468,-0.35891836938983945
long,1.3,1469,-0.10284905315946402
long,1.3,1470,-0.5851680089258406
long,1.3,1471,-0.33973942281255304
long,1.3,1472,-0.2160490524558055
long,1.3,1473,-0.2937371745405059
long,1.3,1474,-0.47191325235104437
long,1.3,1475,-0.06622457566465344
long,1.3,1476,0.059462365813799156
long,1.3,1477,-0.19544749893977745
long,1.3,1478,-0.36364828146949507
long,1.3,1479,-0.3816944763480045
long,1.3,1480,-0.03963327157653612
long,1.3,1481,-0.36250516618070994
long,1.3,1482,-0.5704538864790274
long,1.3,1483,-0.4527134294611604
long,1.3,1484,-0.2900494049111051
long,1.3,1485,-0.2090914270715379
long,1.3,1486,-0.14808608096020637
long,1.3,1487,-0.37852425371905735
long,1.3,1488,-0.13112782391079533
long,1.3,1489,0.3771046436218343
long,1.3,1490,-0.4294547285609339
long,1.3,1491,-0.015638446849388945
long,1.3,1492,-0.4771680479580369
long,1.3,1493,-0.642010153701129
long,1.3,1494,0.05074689062943218
long,1.3,1495,0.18795771569221084
long,1.3,1496,-0.19955436539217983
long,1.3,1497,-0.581325030582046
long,1.3,1498,-0.4378734883102126
long,1.3,1499,-0.3173666960163894
long,1.3,1500,-0.2053439419536926
long,1.3,1501,-0.32249442607270185
long,1.3,1502,-0.2134637140732193
long,1.3,1503,-0.022002062151906056
long,1.3,1504,-0.14164412854292954
long,1.3,1505,-0.48821441096557794
long,1.3,1506,-0.29385577193980206
long,1.3,1507,-0.06337190327887693
long,1.3,1508,-0.18506144689799486
long,1.3,1509,-0.24176793933542484
long,1.3,1510,-0.5995049616140765
long,1.3,1511,-0.029839545135461658
long,1.3,1512,-0.4788505404262775
long,1.3,1513,-0.38695917642061195
long,1.3,1514,-0.5627495040524233
long,1.3,1515,-0.34269693525141864
long,1.3,1516,-0.39220650767417126
long,1.3,1517,-0.4685481886631321
long,1.3,1518,-0.15192378937513853
long,1.3,1519,-0.07684638160218597
long,1.3,1520,0.39485483722618486
long,1.3,1521,-0.2699875134829447
long,1.3,1522,-0.3538349596611004
long,1.3,1523,-0.21256740901298746
long,1.3,1524,-0.29601626038984397
long,1.3,1525,-0.08412631355767156
long,1.3,1526,-0.4264932432643082
long,1.3,1527,-0.3733023251509572
long,1.3,1528,-0.16114686884046775
long,1.3,1529,-0.1001781697422629
long,1.3,1530,-0.09886232410219532
long,1.3,1531,-0.24133156976321474
long,1.3,1532,-0.1001633118459868
long,1.3,1533,-0.24561689862931124
long,1.3,1534,-0.3397042994445798
long,1.3,1535,-0.2733806401581236
long,1.3,1536,-0.4986916815964934
long,1.3,1537,-0.12056167495883553
long,1.3,1538,-0.06027339681642066
long,1.3,1539,0.06464559829796356
long,1.3,1540,-0.38819255483050963
long,1.3,1541,-0.42822516267577765
long,1.3,1542,-0.581330424408753
long,1.3,1543,-0.6116322733600741
long,1.3,1544,0.4692844546912755
long,1.3,1545,-0.4767462767314809
long,1.3,1546,-0.2721418761320472
long,1.3,1547,-0.2840734511380379
long,1.3,1548,-0.3366330931963547
long,1.3,1549,-0.13922272969239566
long,1.3,1550,-0.1470873632660946
long,1.3,1551,-0.011582687015129328
long,1.3,1552,-0.3099104849907583
long,1.3,1553,-0.5137132091281421
long,1.3,1554,-0.37184572087304874
long,1.3,1555,-0.5518081336328282
long,1.3,1556,-0.2736333867917007
long,1.3,1557,-0.2634910002666442
long,1.3,1558,0.1969432598267285
long,1.3,1559,-0.18632374365413726
long,1.3,1560,-0.2875883182078535
long,1.3,1561,-0.17017741355405494
long,1.3,1562,-0.4175137076627578
long,1.3,1563,-0.4690400588383723
long,1.3,1564,-0.3123898147989793
long,1.3,1565,-0.07268008935627439
long,1.3,1566,-0.19052785960640664
long,1.3,1567,-0.16880792636338782
long,1.3,1568,-0.30851108403391897
long,1.3,1569,-0.09106782791497929
long,1.3,1570,0.061856906332247066
long,1.3,1571,-0.3414656793229932
long,1.3,1572,-0.17921704300371932
long,1.3,1573,-0.02046571067131394
long,1.3,1574,0.2541059190066042
long,1.3,1575,-0.22737581130542578
long,1.3,1576,-0.17305559783577393
long,1.3,1577,-0.22154863669680167
long,1.3,1578,-0.33776887314130927
long,1.3,1579,-0.42427607799785677
long,1.3,1580,-0.345379364148354
long,1.3,1581,-0.06403996314754917
long,1.3,1582,-0.010830439901915265
long,1.3,1583,-0.2945209268170926
long,1.3,1584,-0.5219206162811456
long,1.3,1585,-0.2300696766177042
long,1.3,1586,-0.42611257172931916
long,1.3,1587,-0.3526868337065344
long,1.3,1588,-0.2793557818310224
long,1.3,1589,-0.254473760815904
long,1.3,1590,-0.16961496255143674
long,1.3,1591,-0.46167143815743306
long,1.3,1592,-0.5155743184679037
long,1.3,1593,-0.25820703234319914
long,1.3,1594,-0.166853776308161
long,1.3,1595,0.15538012670324924
long,1.3,1596,-0.3347744638133099
long,1.3,1597,-0.3771212477471607
long,1.3,1598,-0.5531842130195566
long,1.3,1599,-0.09196553952321787
long,1.3,1600,-0.287909909247413
long,1.3,1601,0.5080179744011609
long,1.3,1602,-0.28881071381093787
long,1.3,1603,-0.33106879148906326
long,1.3,1604,-0.21328090305490574
long,1.3,1605,-0.4485058089005141
long,1.3,1606,-0.4360080211259848
long,1.3,1607,-0.2862482502617918
long,1.3,1608,-0.018072022991794827
long,1.3,1609,-0.4110417478366805
long,1.3,1610,0.3176133829062724
long,1.3,1611,-0.4405907787042578
long,1.3,1612,-0.2154850822309574
long,1.3,1613,-0.07158138329364061
long,1.3,1614,-0.368758327258146
long,1.3,1615,-0.1129142915819759
long,1.3,1616,-0.23613700940582097
long,1.3,1617,-0.08091457123364272
long,1.3,1618,-0.21600610855676164
long,1.3,1619,0.15192843972810682
long,1.3,1620,-0.5412922101231169
long,1.3,1621,-0.32858429745753087
long,1.3,1622,-0.5793040537596069
long,1.3,1623,-0.4881295490617629
long,1.3,1624,-0.24454192297941924
long,1.3,1625,-0.4766168647071947
long,1.3,1626,-0.22730493329654192
long,1.3,1627,-0.07418399460149548
long,1.3,1628,-0.22938578706879992
long,1.3,1629,-0.24439321642824346
long,1.3,1630,-0.298478112485632
long,1.3,1631,-0.13707439287398598
long,1.3,1632,-0.4454602533703047
long,1.3,1633,-0.028007754645587093
long,1.3,1634,0.21906280770389933
long,1.3,1635,-0.04378407952622624
long,1.3,1636,-0.2777948946630767
long,1.3,1637,-0.26237368229248925
long,1.3,1638,-0.05015415474943304
long,1.3,1639,-0.2857253628566541
long,1.3,1640,0.04445968980479502
long,1.3,1641,-0.2765875683494136
long,1.3,1642,-0.1942843574028568
long,1.3,1643,-0.27858039596303236
long,1.3,1644,-0.19046308313988403
long,1.3,1645,-0.30126709730257545
long,1.3,1646,-0.45701785734297656
long,1.3,1647,-0.10871698329090806
long,1.3,1648,-0.19759040425991165
long,1.3,1649,-0.03913186659233985
long,1.3,1650,-0.3208038305952595
long,1.3,1651,-0.44760036742823733
long,1.3,1652,-0.3539151091053787
long,1.3,1653,-0.13070046897451218
long,1.3,1654,-0.49540070779913636
long,1.3,1655,-0.6057597354067306
long,1.3,1656,0.33052924524314853
long,1.3,1657,0.1785099257620803
long,1.3,1658,-0.12009966124136365
long,1.3,1659,0.485871114822356
long,1.3,1660,-0.3310473247585133
long,1.3,1661,0.08383731928411609
long,1.3,1662,0.22000160384257794
long,1.3,1663,-0.4535998030895579
long,1.3,1664,-0.3346148761915078
long,1.3,1665,-0.5703629085233227
long,1.3,1666,-0.3341884663126468
long,1.3,1667,-0.026835083429684704
long,1.3,1668,-0.0777355649374151
long,1.3,1669,-0.26381997507247357
long,1.3,1670,0.024881416441327697
long,1.3,1671,-0.3724454109853738
long,1.3,1672,-0.08848422369290253
long,1.3,1673,-0.13583804230494056
long,1.3,1674,-0.6285413760210204
long,1.3,1675,-0.17422891143576008
long,1.3,1676,-0.3498023359833242
long,1.3,1677,-0.5593022706039025
long,1.3,1678,-0.3118025967654345
long,1.3,1679,-0.2773339938343444
long,1.3,1680,-0.3067130889375882
long,1.3,1681,-0.09929633849488968
long,1.3,1682,-0.11849747434642394
long,1.3,1683,-0.49026283387038516
long,1.3,1684,-0.6021529370564758
long,1.3,1685,-0.02775586874518303
long,1.3,1686,-0.22389547047806097
long,1.3,1687,-0.5235478320558944
long,1.3,1688,-0.4763238094562235
long,1.3,1689,0.004210429567672968
long,1.3,1690,-0.19488216014892892
long,1.3,1691,-0.16913048840637562
long,1.3,1692,-0.31708720251947925
long,1.3,1693,-0.016195633164401174
long,1.3,1694,-0.04605829629998851
long,1.3,1695,-0.23052994733424692
long,1.3,1696,-0.21197987607785201
long,1.3,1697,-0.4185553996658716
long,1.3,1698,-0.3497980219072076
long,1.3,1699,0.12814166667104196
long,1.3,1700,0.41008161205691385
long,1.3,1701,-0.1252721123352929
long,1.3,1702,-0.3879609814896152
long,1.3,1703,-0.6383048168568836
long,1.3,1704,-0.4378136494698518
long,1.3,1705,-0.4445566815994613
long,1.3,1706,-0.1350280089648883
long,1.3,1707,-0.555226233882521
long,1.3,1708,-0.36448721945703405
long,1.3,1709,-0.4029121402006474
long,1.3,1710,0.2379893911129334
long,1.3,1711,-0.17663075567561684
long,1.3,1712,-0.36934287597489
long,1.3,1713,-0.035790449294657814
long,1.3,1714,-0.5584076888071743
long,1.3,1715,0.09486570654408565
long,1.3,1716,-0.41580685009361606
long,1.3,1717,-0.4199826329003674
long,1.3,1718,-0.3039477988399924
long,1.3,1719,-0.17467326417456958
long,1.3,1720,-0.6273936861054248
long,1.3,1721,-0.3622647433312797
long,1.3,1722,-0.420396871354001
long,1.3,1723,-0.3094850149711224
long,1.3,1724,-0.4662788126712503
long,1.3,1725,-0.1961864976687356
long,1.3,1726,-0.10005509923350137
long,1.3,1727,-0.6534870382629224
long,1.3,1728,-0.3413257139999998
long,1.3,1729,0.07047530219026504
long,1.3,1730,-0.10627649728812734
long,1.3,1731,-0.32403633705741985
long,1.3,1732,-0.5105541136468864
long,1.3,1733,-0.5342424502896838
long,1.3,1734,-0.548806998556968
long,1.3,1735,-0.4937151999583914
long,1.3,1736,-0.2613998912085655
long,1.3,1737,-0.06391683376664084
long,1.3,1738,-0.407192871694626
long,1.3,1739,-0.46533025390270893
long,1.3,1740,0.22087381071710943
long,1.3,1741,-0.11950589816960291
long,1.3,1742,-0.37592948341069327
long,1.3,1743,-0.3064956595662506
long,1.3,1744,-0.3327924449094322
long,1.3,1745,-0.441867112206703
long,1.3,1746,-0.29289854467309856
long,1.3,1747,-0.3352661670872254
long,1.3,1748,-0.31661302728560115
long,1.3,1749,-0.5206536080955241
long,1.3,1750,-0.25027457470616643
long,1.3,1751,0.04886338904425477
long,1.3,1752,-0.3853634996863077
long,1.3,1753,-0.3181397287866139
long,1.3,1754,-0.3386875257893032
long,1.3,1755,-0.42060343039141124
long,1.3,1756,-0.273587495703578
long,1.3,1757,-0.3202864912049736
long,1.3,1758,-0.4122931194795528
long,1.3,1759,-0.2504344165247354
long,1.3,1760,-0.5481131471042279
long,1.3,1761,-0.46527922720167414
long,1.3,1762,-0.0949888781330387
long,1.3,1763,-0.25880617576788717
long,1.3,1764,-0.30693668984048017
long,1.3,1765,-0.3711350086784743
long,1.3,1766,-0.7843547980628212
long,1.3,1767,-0.5173256920672632
long,1.3,1768,-0.5643777628215817
long,1.3,1769,-0.19037945551884844
long,1.3,1770,-0.30934496104703885
long,1.3,1771,-0.22690520006019543
long,1.3,1772,-0.129204040473057
long,1.3,1773,0.09372359003911972
long,1.3,1774,-0.22033078527770228
long,1.3,1775,-0.21479173947457453
long,1.3,1776,-0.3868521992341986
long,1.3,1777,-0.15036960235120161
long,1.3,1778,-0.27317517505556893
long,1.3,1779,-0.5117935290003182
long,1.3,1780,-0.18364031702387532
long,1.3,1781,-0.32743584972243245
long,1.3,1782,-0.11531732386411374
long,1.3,1783,-0.22057969783630238
long,1.3,1784,-0.29882359086171273
long,1.3,1785,-0.11218495291265458
long,1.3,1786,-0.23841967313802404
long,1.3,1787,-0.3345696603044261
long,1.3,1788,-0.192792311838931
long,1.3,1789,-0.34989748296273104
long,1.3,1790,-0.26524512078562035
long,1.3,1791,-0.4222088147286136
long,1.3,1792,-0.4037208906423678
long,1.3,1793,0.1312131735648323
long,1.3,1794,-0.09938504706642648
long,1.3,1795,-0.3381897200934606
long,1.3,1796,-0.3764548917185972
long,1.3,1797,-0.3930109170405234
long,1.3,1798,-0.291794411112619
long,1.3,1799,-0.5811120815092665
long,1.3,1800,-0.17426487538259666
long,1.3,1801,-0.2574271221934792
long,1.3,1802,-0.35024047841832434
long,1.3,1803,-0.08239546882024293
long,1.3,1804,0.1451215864876311
long,1.3,1805,-0.25523898427000996
long,1.3,1806,0.45087633511214303
long,1.3,1807,-0.272179130009501
long,1.3,1808,-0.35507443558605345
long,1.3,1809,-0.17428944761271478
long,1.3,1810,-0.2133794318488696
long,1.3,1811,-0.26502477702320437
long,1.3,1812,0.28777491627580865
long,1.3,1813,-0.5093492691058412
long,1.3,1814,-0.056701762951767765
long,1.3,1815,-0.30781071514491876
long,1.3,1816,-0.5683819762664276
long,1.3,1817,-0.07389584929253004
long,1.3,1818,-0.2474357996791772
long,1.3,1819,-0.3892612726031617
long,1.3,1820,-0.3389844967062114
long,1.3,1821,-0.3677750315060707
long,1.3,1822,-0.6115522682534471
long,1.3,1823,-0.3744057304889927
long,1.3,1824,-0.03652500393125975
long,1.3,1825,0.07736237032503994
long,1.3,1826,-0.3092675253762697
long,1.3,1827,-0.2505627112709712
long,1.3,1828,-0.035973490512786525
long,1.3,1829,-0.0941895562028914
long,1.3,1830,-0.3804755975456042
long,1.3,1831,-0.2211199952787375
long,1.3,1832,-0.183841575369326
long,1.3,1833,-0.4478831500072857
long,1.3,1834,-0.08193805823591807
long,1.3,1835,-0.20737209976458082
long,1.3,1836,-0.29102049894488574
long,1.3,1837,0.07869083383691841
long,1.3,1838,-0.32038448465530833
long,1.3,1839,-0.5207049190873797
long,1.3,1840,-0.46218852106595215
long,1.3,1841,-0.008857509121090791
long,1.3,1842,-0.40922759412957743
long,1.3,1843,-0.3157394248634444
long,1.3,1844,-0.4077939561572596
long,1.3,1845,-0.2923856396420679
long,1.3,1846,-0.3591558608959026
long,1.3,1847,-0.23313314124379092
long,1.3,1848,-0.4781802481477206
long,1.3,1849,-0.3905339720716061
long,1.3,1850,-0.6411895516690025
long,1.3,1851,-0.26127536461450385
long,1.3,1852,-0.5475140680017873
long,1.3,1853,-0.5124931117336715
long,1.3,1854,-0.10096914332618766
long,1.3,1855,0.29243170471016144
long,1.3,1856,-0.25148797917559745
long,1.3,1857,-0.22461518746115752
long,1.3,1858,0.08349277379802605
long,1.3,1859,-0.5173656887873217
long,1.3,1860,-0.2040939308702035
long,1.3,1861,-0.11090046994612254
long,1.3,1862,-0.1449332214196606
long,1.3,1863,-0.13312699335760184
long,1.3,1864,-0.38756847442814163
long,1.3,1865,0.05868383594133033
long,1.3,1866,-0.5976363982899513
long,1.3,1867,-0.03157504214681996
long,1.3,1868,-0.008162851831603223
long,1.3,1869,-0.6117935041203411
long,1.3,1870,-0.12793435782134915
long,1.3,1871,-0.2787572204860706
long,1.3,1872,-0.3703923206409819
long,1.3,1873,0.12827874864858574
long,1.3,1874,-0.38377135446403354
long,1.3,1875,-0.36508564208258304
long,1.3,1876,-0.29854471761241885
long,1.3,1877,-0.2833033034800686
long,1.3,1878,-0.37852802707457983
long,1.3,1879,-0.2828580635295116
long,1.3,1880,-0.6355542556988686
long,1.3,1881,-0.20594507339936768
long,1.3,1882,-0.17517281671543417
long,1.3,1883,-0.34720041047191535
long,1.3,1884,-0.5046217631018565
long,1.3,1885,-0.4154594202269172
long,1.3,1886,-0.3637698512158318
long,1.3,1887,-0.37582089148653725
long,1.3,1888,-0.3304237399776396
long,1.3,1889,-0.29455242650377983
long,1.3,1890,-0.26088307235837244
long,1.3,1891,-0.5667463483292748
long,1.3,1892,-0.13139620914171976
long,1.3,1893,-0.11599079563967368
long,1.3,1894,0.05170672466885649
long,1.3,1895,-0.24668403486398047
long,1.3,1896,-0.3664417453479685
long,1.3,1897,0.048899245944944776
long,1.3,1898,-0.3129923702983926
long,1.3,1899,-0.3602906967558417
long,1.3,1900,-0.18455978656251337
long,1.3,1901,-0.3070909340829915
long,1.3,1902,-0.4055994540361447
long,1.3,1903,-0.49406449304117217
long,1.3,1904,-0.05066146222011725
long,1.3,1905,-0.3794042416014516
long,1.3,1906,-0.4643349755936497
long,1.3,1907,-0.3962880609387007
long,1.3,1908,-0.2594884483886946
long,1.3,1909,-0.35666545740681865
long,1.3,1910,-0.03091350781670076
long,1.3,1911,-0.5474784170413176
long,1.3,1912,-0.1346206732735162
long,1.3,1913,0.02311837271349817
long,1.3,1914,-0.3696589385516067
long,1.3,1915,-0.5424177280927879
long,1.3,1916,-0.24864084208185744
long,1.3,1917,-0.10726179668931142
long,1.3,1918,-0.5538834335439722
long,1.3,1919,-0.2779083784383789
long,1.3,1920,-0.26274453008954757
long,1.3,1921,0.25187675191442666
long,1.3,1922,-0.0574343859570367
long,1.3,1923,-0.2613291507197201
long,1.3,1924,-0.47724917457884164
long,1.3,1925,-0.49840702935887504
long,1.3,1926,-0.26173999076095444
long,1.3,1927,-0.1583838027191994
long,1.3,1928,-0.3576750302038062
long,1.3,1929,-0.44577452832003794
long,1.3,1930,-0.13478685179770977
long,1.3,1931,-0.36141811048849354
long,1.3,1932,-0.18718516853001363
long,1.3,1933,-0.05806994601313944
long,1.3,1934,-0.5182219247979043
long,1.3,1935,-0.05174984545346253
long,1.3,1936,-0.32655604952464273
long,1.3,1937,-0.14745887881200698
long,1.3,1938,-0.39780728640311364
long,1.3,1939,-0.6452745447498196
long,1.3,1940,-0.18527064181415714
long,1.3,1941,-0.23606845465287807
long,1.3,1942,-0.33624409816845147
long,1.3,1943,-0.2897848101359973
long,1.3,1944,0.049152264195350466
long,1.3,1945,-0.19606815400692554
long,1.3,1946,-0.11032110531654643
long,1.3,1947,-0.43869271007463845
long,1.3,1948,-0.2949949800268489
long,1.3,1949,-0.19193467539031617
long,1.3,1950,-0.6821124573002766
long,1.3,1951,-0.4518307603214856
long,1.3,1952,0.21771406278950092
long,1.3,1953,-0.17460626131318074
long,1.3,1954,-0.3511418539785767
long,1.3,1955,0.2739363120735924
long,1.3,1956,-0.21135151552045348
long,1.3,1957,-0.17143275496118185
long,1.3,1958,-0.21635803035110618
long,1.3,1959,-0.5509675649548978
long,1.3,1960,-0.3510474986765374
long,1.3,1961,-0.5334519022695241
long,1.3,1962,-0.1975898738530248
long,1.3,1963,-0.41216618622032336
long,1.3,1964,-0.3431936386556183
long,1.3,1965,-0.35088822563411354
long,1.3,1966,-0.18549392926498473
long,1.3,1967,-0.12744441113672544
long,1.3,1968,-0.07743330222872054
long,1.3,1969,0.16090879793726834
long,1.3,1970,-0.3555572609733368
long,1.3,1971,-0.1989151867855558
long,1.3,1972,-0.29191969857661737
long,1.3,1973,-0.23381413660031172
long,1.3,1974,-0.4783229864687478
long,1.3,1975,-0.20336495906817192
long,1.3,1976,-0.2548069171922098
long,1.3,1977,0.07164684379519021
long,1.3,1978,-0.2246335906882552
long,1.3,1979,-0.22018608901146886
long,1.3,1980,-0.39745464348529125
long,1.3,1981,0.06932595982103665
long,1.3,1982,-0.6536416005215594
long,1.3,1983,-0.5720838167614187
long,1.3,1984,-0.15448898270505604
long,1.3,1985,-0.3582633646618856
long,1.3,1986,-0.2618738861727466
long,1.3,1987,-0.1428910365752472
long,1.3,1988,-0.1403375897820748
long,1.3,1989,0.06543997187602725
long,1.3,1990,-0.17969910966044444
long,1.3,1991,-0.25995526266064967
long,1.3,1992,-0.5201758307164505
long,1.3,1993,0.05072041811831378
long,1.3,1994,-0.4369315533541454
long,1.3,1995,-0.437186821940065
long,1.3,1996,-0.22343333128240261
long,1.3,1997,-0.3263765035169256
long,1.3,1998,-0.3052561749917044
long,1.3,1999,-0.1394326005637926
winner,1.0,0,-0.9788008296291616
winner,1.0,1,-0.5045810342734436
winner,1.0,2,-0.7686439230891566
winner,1.0,3,-0.9330873719322241
winner,1.0,4,-0.8830667727786224
winner,1.0,5,-0.5621677667675476
winner,1.0,6,-0.7766674884457937
winner,1.0,7,-0.9137251547812603
winner,1.0,8,-0.7645600573576831
winner,1.0,9,-1.1320951506041272
winner,1.0,10,-1.1136186032523154
winner,1.0,11,-0.9801589503307908
winner,1.0,12,-0.8799372904442364
winner,1.0,13,-0.5959056112485107
winner,1.0,14,-1.2291443877806638
winner,1.0,15,-0.8497650754566004
winner,1.0,16,-0.7961411357204042
winner,1.0,17,-1.2884707790769865
winner,1.0,18,-1.3204132778728062
winner,1.0,19,-0.8133521855571983
winner,1.0,20,-0.8308931550612279
winner,1.0,21,-0.9324422921851463
winner,1.0,22,-0.4850990454521018
winner,1.0,23,-0.5441669824225044
winner,1.0,24,-0.5298660572263336
winner,1.0,25,-0.673414629897569
winner,1.0,26,-0.03824415573356491
winner,1.0,27,-0.8006206534338003
winner,1.0,28,-1.086464392728322
winner,1.0,29,-1.0239117624732756
winner,1.0,30,-0.9863175881911921
winner,1.0,31,-1.1490314133676232
winner,1.0,32,-0.8651235410639612
winner,1.0,33,-0.8675883921846674
winner,1.0,34,-0.7397283598915806
winner,1.0,35,-0.9748834005994365
winner,1.0,36,-1.2264138419847357
winner,1.0,37,-0.7642923612715871
winner,1.0,38,-0.8148796145514396
winner,1.0,39,-1.1559312617706488
winner,1.0,40,-0.9241374039876882
winner,1.0,41,-1.5257075457378753
winner,1.0,42,-1.0336695171497603
winner,1.0,43,-1.2203782715570082
winner,1.0,44,-0.8878111622124338
winner,1.0,45,-0.5796799216124044
winner,1.0,46,-0.7985321855815446
winner,1.0,47,-1.5180562953202006
winner,1.0,48,-0.4332984702407966
winner,1.0,49,-1.037952960212273
winner,1.0,50,-1.154074021250006
winner,1.0,51,-0.969681311235095
winner,1.0,52,-0.5949045689620965
winner,1.0,53,-0.7575991103683988
winner,1.0,54,-0.5630424682590842
winner,1.0,55,-1.2326424200265371
winner,1.0,56,-0.4907624903419023
winner,1.0,57,-0.8488181084347662
winner,1.0,58,-0.5793093793988409
winner,1.0,59,-0.5504752614717393
winner,1.0,60,-1.1220547241712986
winner,1.0,61,-1.2782402500776209
winner,1.0,62,-0.8168493277242189
winner,1.0,63,-0.5783245912450317
winner,1.0,64,-0.9615273541797514
winner,1.0,65,-1.1263760348197942
winner,1.0,66,-0.7635551027225026
winner,1.0,67,-1.2450674053670363
winner,1.0,68,-0.586806506048649
winner,1.0,69,-0.6910815991851192
winner,1.0,70,-0.975239719748786
winner,1.0,71,-0.8963894658608301
winner,1.0,72,-0.4998795287105907
winner,1.0,73,-1.07351431011145
winner,1.0,74,-0.673011125426128
winner,1.0,75,-1.0477959175678968
winner,1.0,76,-0.6545064492482247
winner,1.0,77,-0.37526309868219676
winner,1.0,78,-1.2641729094241634
winner,1.0,79,-1.2327266366654523
winner,1.0,80,-0.9379502662792379
winner,1.0,81,-0.953899536302294
winner,1.0,82,-0.8832016983597227
winner,1.0,83,-0.8663354817263703
winner,1.0,84,-0.6688834365110303
winner,1.0,85,-1.1594669532754656
winner,1.0,86,-0.7194237272887284
winner,1.0,87,-0.341316637843142
winner,1.0,88,-0.7846079023048843
winner,1.0,89,-0.8572995474524479
winner,1.0,90,-0.6768608110363031
winner,1.0,91,-1.2149192536491231
winner,1.0,92,-1.077307608162108
winner,1.0,93,-0.4095318814004868
winner,1.0,94,-0.47920256175441567
winner,1.0,95,-1.019555276615696
winner,1.0,96,-0.8208601391935213
winner,1.0,97,-0.9457267763936583
winner,1.0,98,-1.0694868185870898
winner,1.0,99,-0.8284934179659927
winner,1.0,100,-0.6354582592612525
winner,1.0,101,-1.0429217093742327
winner,1.0,102,-1.0608450261097466
winner,1.0,103,-0.9512762714423503
winner,1.0,104,-0.6089381757571366
winner,1.0,105,-1.1601242845698
winner,1.0,106,-1.1666000919164528
winner,1.0,107,-0.8595918981497866
winner,1.0,108,-0.9940145036691714
winner,1.0,109,-0.319672817861872
winner,1.0,110,-0.862917513397438
winner,1.0,111,-0.971323116206303
winner,1.0,112,-1.4698158669608243
winner,1.0,113,0.0031332584090764245
winner,1.0,114,-1.0437340133079707
winner,1.0,115,-0.8203062265950604
winner,1.0,116,-0.6960761665451403
winner,1.0,117,-0.8033263860675578
winner,1.0,118,-1.0629080210269217
winner,1.0,119,-0.8610467336560497
winner,1.0,120,-0.7856696339669379
winner,1.0,121,-0.6357324210815
winner,1.0,122,-1.2826621249387076
winner,1.0,123,-1.1479029369713605
winner,1.0,124,-1.249903489317025
winner,1.0,125,-1.0072379835773704
winner,1.0,126,-1.4505959938662085
winner,1.0,127,-0.8034987104379496
winner,1.0,128,-0.42541901205419286
winner,1.0,129,-0.9333322148997196
winner,1.0,130,-0.8495313846214647
winner,1.0,131,-0.6539545433920051
winner,1.0,132,-0.6236961540376834
winner,1.0,133,-0.6933890566882585
winner,1.0,134,-1.1483451818896617
winner,1.0,135,-0.8749615016201799
winner,1.0,136,-1.063523263544731
winner,1.0,137,-0.9816356979491625
winner,1.0,138,-0.7552043554505061
winner,1.0,139,-0.7542340716675356
winner,1.0,140,-0.8503259379321153
winner,1.0,141,-0.9091067671110156
winner,1.0,142,-0.7880863449032524
winner,1.0,143,-0.9352061187917846
winner,1.0,144,-1.1265713426590225
winner,1.0,145,-0.8494635250417896
winner,1.0,146,-1.304410457553114
winner,1.0,147,-1.0427145522793326
winner,1.0,148,-0.9045801538845542
winner,1.0,149,-0.6739389452928826
winner,1.0,150,-1.3135060945481578
winner,1.0,151,-1.0764580673423767
winner,1.0,152,-0.7849110204532517
winner,1.0,153,-1.2881333308955274
winner,1.0,154,-0.9450141641860824
winner,1.0,155,-0.6979047748217241
winner,1.0,156,-0.8070841732556074
winner,1.0,157,-1.1257912335436158
winner,1.0,158,-0.7138327302166932
winner,1.0,159,-0.7670408375814278
winner,1.0,160,-0.7062921829730604
winner,1.0,161,-0.25676876794093384
winner,1.0,162,-1.1489566051849254
winner,1.0,163,-0.8765694747867473
winner,1.0,164,-0.769853979332551
winner,1.0,165,-1.1038002734302892
winner,1.0,166,-0.4248530895827543
winner,1.0,167,-1.051017011176606
winner,1.0,168,-0.5473744735430679
winner,1.0,169,-0.5324514697710002
winner,1.0,170,-0.8150640162928875
winner,1.0,171,-1.129866285554161
winner,1.0,172,-0.520174709176665
winner,1.0,173,-0.5768748898513496
winner,1.0,174,-1.2078685004841536
winner,1.0,175,-0.538774486264408
winner,1.0,176,-0.9000673993074376
winner,1.0,177,-0.8609883267071688
winner,1.0,178,-0.9342457259224524
winner,1.0,179,-0.6999699121222671
winner,1.0,180,-0.9382926933726796
winner,1.0,181,-1.0705389389517583
winner,1.0,182,-0.9574183391494314
winner,1.0,183,-0.19654577578940605
winner,1.0,184,-0.9642807658327003
winner,1.0,185,-0.41697791347854707
winner,1.0,186,-0.9684183512128997
winner,1.0,187,-0.6171130863487002
winner,1.0,188,-0.9544465957079931
winner,1.0,189,-0.9752575629497513
winner,1.0,190,-0.8062685974274152
winner,1.0,191,-1.0554716591222006
winner,1.0,192,-0.8617539303924462
winner,1.0,193,-0.9401625081087509
winner,1.0,194,-0.5013667270101333
winner,1.0,195,-0.6754737796113798
winner,1.0,196,-1.0478299417165315
winner,1.0,197,-0.8866860416129083
winner,1.0,198,-0.8191637834998314
winner,1.0,199,-1.217915875052669
winner,1.0,200,-0.7942422714184579
winner,1.0,201,-1.030232680169177
winner,1.0,202,-1.3088382452028
winner,1.0,203,-1.3837654244252444
winner,1.0,204,-0.7201743839898931
winner,1.0,205,-1.1702692346850752
winner,1.0,206,-1.1612172875207538
winner,1.0,207,-0.9567341610767703
winner,1.0,208,-0.8124120211333593
winner,1.0,209,-0.926941094428452
winner,1.0,210,-0.6067201942709954
winner,1.0,211,-1.26014156410898
winner,1.0,212,-1.0249537253036258
winner,1.0,213,-0.7642604544205497
winner,1.0,214,-1.1421141867184899
winner,1.0,215,-0.891747601733735
winner,1.0,216,-0.9665619880440086
winner,1.0,217,-0.7164334353693084
winner,1.0,218,-0.8871738577694787
winner,1.0,219,-1.1295699610109546
winner,1.0,220,-0.7064929512560061
winner,1.0,221,-0.8432318525342692
winner,1.0,222,-0.9039832365116347
winner,1.0,223,-1.0350852229532317
winner,1.0,224,-0.3533324045615229
winner,1.0,225,-0.8195395486745487
winner,1.0,226,-1.2036972788185385
winner,1.0,227,-1.7642805281645613
winner,1.0,228,-0.5454976752705951
winner,1.0,229,-1.159417441866022
winner,1.0,230,-0.6709559568974377
winner,1.0,231,-1.1984244661079675
winner,1.0,232,-0.7515392547956152
winner,1.0,233,-0.7139860994002964
winner,1.0,234,-0.6007750072038701
winner,1.0,235,-0.8097151302343928
winner,1.0,236,-0.48991553296090623
winner,1.0,237,-0.7984087657164769
winner,1.0,238,-0.7993113215018208
winner,1.0,239,-0.5695045311849353
winner,1.0,240,-1.0098541779192358
winner,1.0,241,-0.7168543726503426
winner,1.0,242,-0.5890729571117153
winner,1.0,243,-1.2616848868099657
winner,1.0,244,-0.8939825802958494
winner,1.0,245,-0.3226818778061202
winner,1.0,246,-0.9498407584121155
winner,1.0,247,-0.8851179390446021
winner,1.0,248,-1.270037265665886
winner,1.0,249,-0.18665764498724322
winner,1.0,250,-1.0977106315375447
winner,1.0,251,-1.0774319364463145
winner,1.0,252,-1.0116968156839976
winner,1.0,253,-1.5521608070431276
winner,1.0,254,-0.6413362945250983
winner,1.0,255,-0.9748650052285025
winner,1.0,256,-0.8246266947892669
winner,1.0,257,-0.165471446671162
winner,1.0,258,-1.091436442605362
winner,1.0,259,-0.8347436831838212
winner,1.0,260,-1.130478073865541
winner,1.0,261,-1.0054297271822255
winner,1.0,262,-0.605585646307794
winner,1.0,263,-0.8844105401077794
winner,1.0,264,-0.8261615860905624
winner,1.0,265,-0.8238316491697506
winner,1.0,266,-0.8281316605654081
winner,1.0,267,-0.7132897004560906
winner,1.0,268,-0.5441150235279101
winner,1.0,269,-1.0440024165680946
winner,1.0,270,-1.2522581334191925
winner,1.0,271,-1.2114978583436378
winner,1.0,272,-0.9637097443462336
winner,1.0,273,-1.0496074845715686
winner,1.0,274,-0.793197119984257
winner,1.0,275,-0.7060277804607331
winner,1.0,276,-0.8441000699141192
winner,1.0,277,-0.3580387448718559
winner,1.0,278,-0.6400968552685287
winner,1.0,279,-1.0057117335281487
winner,1.0,280,-0.9684336108467535
winner,1.0,281,-1.0538311377472704
winner,1.0,282,-0.9688629621214371
winner,1.0,283,-1.1681009988953444
winner,1.0,284,-1.2227337362905761
winner,1.0,285,-0.8789427329260823
winner,1.0,286,-0.6957313544047589
winner,1.0,287,-0.9655138198025969
winner,1.0,288,-0.8913183517919767
winner,1.0,289,-1.183327951379508
winner,1.0,290,-0.6255390505868805
winner,1.0,291,-1.192435604438698
winner,1.0,292,-0.4503055116626246
winner,1.0,293,-0.9305085984324675
winner,1.0,294,-1.0316257887044546
winner,1.0,295,-0.780454131955051
winner,1.0,296,-0.9411231215784635
winner,1.0,297,-1.2229231032106935
winner,1.0,298,-0.7158837199691666
winner,1.0,299,-1.4264792347843245
winner,1.0,300,-0.6445125553336755
winner,1.0,301,-0.8878648357764473
winner,1.0,302,-0.3423520526014949
winner,1.0,303,-0.6551629925550793
winner,1.0,304,-0.7332511465672469
winner,1.0,305,-0.6048893210979686
winner,1.0,306,-1.1068130645838072
winner,1.0,307,-1.2138954847440893
winner,1.0,308,-0.9976681612108707
winner,1.0,309,-0.6816794013058061
winner,1.0,310,-0.43758516484033827
winner,1.0,311,-0.8499868311673623
winner,1.0,312,-0.6236355170647345
winner,1.0,313,-0.7934373830246682
winner,1.0,314,-1.1501390344176052
winner,1.0,315,-0.9861827881346567
winner,1.0,316,-0.9332741421000521
winner,1.0,317,-1.2456740432373163
winner,1.0,318,-1.2050988111051157
winner,1.0,319,-0.9610610418404922
winner,1.0,320,-0.856781996557951
winner,1.0,321,-0.6454505184251924
winner,1.0,322,-1.2043658288242038
winner,1.0,323,-1.1629152123615305
winner,1.0,324,-1.0664266790231798
winner,1.0,325,-1.0402801902439092
winner,1.0,326,-0.7343210464329518
winner,1.0,327,-0.8146026665928086
winner,1.0,328,-0.8271626141083506
winner,1.0,329,-1.3637518933007486
winner,1.0,330,-0.7924493450538146
winner,1.0,331,-0.023266078931958426
winner,1.0,332,-0.9200925367921843
winner,1.0,333,-1.252486759440825
winner,1.0,334,-0.8301249872304067
winner,1.0,335,-0.45265394329888525
winner,1.0,336,-0.7741378526983755
winner,1.0,337,-1.1230029880338028
winner,1.0,338,-0.7201605572351735
winner,1.0,339,-0.5334269001058662
winner,1.0,340,-1.132906208883837
winner,1.0,341,-1.168690503883328
winner,1.0,342,-0.9816110695906979
winner,1.0,343,-1.5443816950611922
winner,1.0,344,-0.5971945695974615
winner,1.0,345,-0.9848233125747432
winner,1.0,346,-1.1631662152214148
winner,1.0,347,-0.9450976669255616
winner,1.0,348,-1.0244620648578426
winner,1.0,349,-0.5565248805661164
winner,1.0,350,-1.0543036617904968
winner,1.0,351,-0.5416706287779977
winner,1.0,352,-0.8184822353295115
winner,1.0,353,-0.5753699150368178
winner,1.0,354,-0.9096116435925529
winner,1.0,355,-0.7107429262964414
winner,1.0,356,-0.9721910363684242
winner,1.0,357,-1.121142922431661
winner,1.0,358,-1.1096441915877084
winner,1.0,359,-1.5273765871658882
winner,1.0,360,-0.9200622547933798
winner,1.0,361,-0.6231338696536259
winner,1.0,362,-1.1616794082831996
winner,1.0,363,-1.4333292603382541
winner,1.0,364,-0.8017271346957535
winner,1.0,365,-0.8508077107521549
winner,1.0,366,-0.8887999202177717
winner,1.0,367,-0.9642428442445926
winner,1.0,368,-0.9056516550124978
winner,1.0,369,-0.9603363665142852
winner,1.0,370,-0.7740632609927803
winner,1.0,371,-1.1272655430946203
winner,1.0,372,-0.9539892381839727
winner,1.0,373,-0.879313741578682
winner,1.0,374,-0.8792654688625022
winner,1.0,375,-0.5177006773697936
winner,1.0,376,-0.7017872035622079
winner,1.0,377,-1.0155150951595582
winner,1.0,378,-0.8694717821124208
winner,1.0,379,-1.1172802523435246
winner,1.0,380,-1.044723130881245
winner,1.0,381,-0.7224060025372415
winner,1.0,382,-0.7529628356925464
winner,1.0,383,-0.9082337643604249
winner,1.0,384,-0.7251370888472352
winner,1.0,385,-1.225649531359358
winner,1.0,386,-0.8200414136115793
winner,1.0,387,-1.1178192042576505
winner,1.0,388,-1.1456485323298924
winner,1.0,389,-0.5091636127263808
winner,1.0,390,-0.47301489493688137
winner,1.0,391,-0.7513027239105018
winner,1.0,392,-1.1941668030974741
winner,1.0,393,-1.4962574652554455
winner,1.0,394,-0.914803674015821
winner,1.0,395,-0.670508440927098
winner,1.0,396,-1.090254566726201
winner,1.0,397,-0.7688460077548068
winner,1.0,398,-1.0832592501626876
winner,1.0,399,-0.39686527589535237
winner,1.0,400,-0.637557564932963
winner,1.0,401,-0.8742045353768676
winner,1.0,402,-0.8388955395076295
winner,1.0,403,-1.445733165953022
winner,1.0,404,-0.6175391064158977
winner,1.0,405,-0.8151946535605599
winner,1.0,406,-0.7974532875798743
winner,1.0,407,-1.0624157670905205
winner,1.0,408,-1.1724283000212388
winner,1.0,409,-1.0093001672338662
winner,1.0,410,-0.781440738810985
winner,1.0,411,-0.8728549072315378
winner,1.0,412,-0.8774190026294405
winner,1.0,413,-0.8008188677093782
winner,1.0,414,-1.2893939282630893
winner,1.0,415,-0.5230214652227604
winner,1.0,416,-1.131611946443723
winner,1.0,417,-0.7346904178829708
winner,1.0,418,-0.9550645595967509
winner,1.0,419,-0.9033281769356067
winner,1.0,420,-1.231971722445247
winner,1.0,421,-0.8846320672459036
winner,1.0,422,-0.8694841965816785
winner,1.0,423,-0.8971822969384724
winner,1.0,424,-0.8338838929563798
winner,1.0,425,-1.2127760778861978
winner,1.0,426,-1.2016937219835702
winner,1.0,427,-1.0822473439363223
winner,1.0,428,-1.166696008136643
winner,1.0,429,-1.3051805303521486
winner,1.0,430,-1.139790780053926
winner,1.0,431,-0.8623735401943645
winner,1.0,432,-0.7737532698892737
winner,1.0,433,-0.57848304262023
winner,1.0,434,-1.2930377790116245
winner,1.0,435,-1.0748876375436056
winner,1.0,436,-0.7153065141400732
winner,1.0,437,-0.8689102892625156
winner,1.0,438,-1.2091948084930215
winner,1.0,439,-1.0868370313156348
winner,1.0,440,-0.24911310799688305
winner,1.0,441,-0.7243564079849935
winner,1.0,442,-0.5290353771565169
winner,1.0,443,-0.8937549004175448
winner,1.0,444,-1.0963693036520836
winner,1.0,445,-1.0364059351897879
winner,1.0,446,-1.2978936222778605
winner,1.0,447,-1.3210817564596362
winner,1.0,448,-1.0512215868330748
winner,1.0,449,-1.25400496011672
winner,1.0,450,-1.2573643111156783
winner,1.0,451,-0.9309535577951621
winner,1.0,452,-0.993002875950815
winner,1.0,453,-0.9271503793227752
winner,1.0,454,-0.7615279090179273
winner,1.0,455,-1.1378654942082753
winner,1.0,456,-1.0390307252877817
winner,1.0,457,-0.9507624247232622
winner,1.0,458,-0.6987737570637453
winner,1.0,459,-0.8587470280544475
winner,1.0,460,-0.8919049610389008
winner,1.0,461,-0.8123152950966186
winner,1.0,462,-0.9856925735233296
winner,1.0,463,-1.0966028380958701
winner,1.0,464,-0.6442568432085984
winner,1.0,465,-0.8678643254758828
winner,1.0,466,-0.9685199139765387
winner,1.0,467,-0.83092104521863
winner,1.0,468,-0.9325469622760294
winner,1.0,469,-0.6994414599836398
winner,1.0,470,-0.9514237870603324
winner,1.0,471,-0.9236047826214044
winner,1.0,472,-1.0914569495633644
winner,1.0,473,-0.5663522570117452
winner,1.0,474,-0.9412094206734908
winner,1.0,475,-0.9333835300986442
winner,1.0,476,-1.2012641669682347
winner,1.0,477,-0.920957445796793
winner,1.0,478,-0.930788075060798
winner,1.0,479,-0.9791211855414041
winner,1.0,480,-1.2455373538312637
winner,1.0,481,-0.6527555911605601
winner,1.0,482,-0.44025864678611876
winner,1.0,483,-0.9091931812600667
winner,1.0,484,-0.8274008909576824
winner,1.0,485,-1.1931523230666583
winner,1.0,486,-0.28101575320314276
winner,1.0,487,-1.2534803002260728
winner,1.0,488,-0.6945061835345239
winner,1.0,489,-0.8000792035855663
winner,1.0,490,-0.9138204109335096
winner,1.0,491,-0.17873117224539686
winner,1.0,492,-0.8848486059449321
winner,1.0,493,-0.5424200758890156
winner,1.0,494,-1.1018658272968305
winner,1.0,495,-0.9335294270006022
winner,1.0,496,-1.056952857913469
winner,1.0,497,-0.820363443160125
winner,1.0,498,-0.3734335864494302
winner,1.0,499,-1.3868368768476589
winner,1.0,500,-0.8220785727789879
winner,1.0,501,-0.8800035031685507
winner,1.0,502,-1.191930894331903
winner,1.0,503,-0.7889881396709731
winner,1.0,504,-0.8715970410897901
winner,1.0,505,-0.52111144571887
winner,1.0,506,-0.682346587417972
winner,1.0,507,-0.9431255722333578
winner,1.0,508,-1.185229464326076
winner,1.0,509,-0.554665929198147
winner,1.0,510,-1.013519542261082
winner,1.0,511,-0.5729479473377286
winner,1.0,512,-0.9866747842214085
winner,1.0,513,-0.38051791686592934
winner,1.0,514,-0.8975882526693182
winner,1.0,515,-1.1220926348936653
winner,1.0,516,-1.0856693925728431
winner,1.0,517,-1.009420453575662
winner,1.0,518,-0.6352664945314789
winner,1.0,519,-0.9536858490835275
winner,1.0,520,-1.1311136034431568
winner,1.0,521,-0.7590099451743114
winner,1.0,522,-0.5128210765392137
winner,1.0,523,-0.9374152836681175
winner,1.0,524,-0.643020554689718
winner,1.0,525,-1.016801170129941
winner,1.0,526,-0.8079239816492284
winner,1.0,527,-0.8312309036521269
winner,1.0,528,-1.1986749704438955
winner,1.0,529,-1.1234826980040094
winner,1.0,530,-0.7042363108619276
winner,1.0,531,-1.098373915330354
winner,1.0,532,-0.7837154531621422
winner,1.0,533,-0.9153034479441585
winner,1.0,534,-0.46490458166755827
winner,1.0,535,-0.7167646800153703
winner,1.0,536,-0.9690870842346442
winner,1.0,537,-0.775530134027305
winner,1.0,538,-1.2884020197725334
winner,1.0,539,-0.3047010745202287
winner,1.0,540,-1.5126257335475297
winner,1.0,541,-1.1491408841603032
winner,1.0,542,-1.2736993172619953
winner,1.0,543,-0.9424899468512474
winner,1.0,544,-0.7616386149705187
winner,1.0,545,-0.5477026891728727
winner,1.0,546,-0.8692707165879842
winner,1.0,547,-0.6925633646144739
winner,1.0,548,-0.8981493490192491
winner,1.0,549,-1.1579158934662894
winner,1.0,550,-0.2223204437004609
winner,1.0,551,-1.1614648666320877
winner,1.0,552,-0.9306418126145157
winner,1.0,553,-0.9408369806162484
winner,1.0,554,-0.9508617158346075
winner,1.0,555,-0.9277307708619855
winner,1.0,556,-0.7085153071913647
winner,1.0,557,-1.0254818726999824
winner,1.0,558,-0.8864345643457628
winner,1.0,559,-0.741800177635131
winner,1.0,560,-0.7350757563553604
winner,1.0,561,-0.9145280707499833
winner,1.0,562,-0.9856117686237622
winner,1.0,563,-0.9683433021747083
winner,1.0,564,-1.0427378485641778
winner,1.0,565,-0.4527237601351369
winner,1.0,566,-0.507288544275607
winner,1.0,567,-0.8027872644032354
winner,1.0,568,-0.9542528239953443
winner,1.0,569,-0.8221062127091581
winner,1.0,570,-0.57260309489445
winner,1.0,571,-0.6835806104364738
winner,1.0,572,-0.8814056042287028
winner,1.0,573,-1.2839038754829832
winner,1.0,574,-1.037597001465698
winner,1.0,575,-0.818267184641903
winner,1.0,576,-0.9106774157448863
winner,1.0,577,-0.9783259454987308
winner,1.0,578,-1.1809596101062245
winner,1.0,579,-1.2280034545933214
winner,1.0,580,-0.8170577112559253
winner,1.0,581,-0.6445124435126258
winner,1.0,582,-0.6635236045587671
winner,1.0,583,-0.8929661491125632
winner,1.0,584,-0.9824977615898612
winner,1.0,585,-0.7467866152057681
winner,1.0,586,-0.8514500599045087
winner,1.0,587,-0.7746212091589217
winner,1.0,588,-1.3751928911593967
winner,1.0,589,-0.8839881171905013
winner,1.0,590,-0.5476586068268451
winner,1.0,591,-1.2132010409842817
winner,1.0,592,-1.0729683182939922
winner,1.0,593,-1.0252680567772083
winner,1.0,594,-1.2407772276064275
winner,1.0,595,-1.3549465552762183
winner,1.0,596,-1.0876580971018512
winner,1.0,597,-0.8310675552860418
winner,1.0,598,-0.6709997695899612
winner,1.0,599,-1.0937540133926387
winner,1.0,600,-1.3901057735317186
winner,1.0,601,-1.29542571401778
winner,1.0,602,-1.0229320944351434
winner,1.0,603,-0.684883285867917
winner,1.0,604,-1.2977891040855563
winner,1.0,605,-1.0067862260541283
winner,1.0,606,-1.1836293970885876
winner,1.0,607,-0.17163408417240827
winner,1.0,608,-0.8729050736863065
winner,1.0,609,-0.9628073962786678
winner,1.0,610,-0.6968887305827735
winner,1.0,611,-0.9051114161368068
winner,1.0,612,-1.022037585636382
winner,1.0,613,-0.7168789517659125
winner,1.0,614,-0.9604988729049609
winner,1.0,615,-0.966087555189803
winner,1.0,616,-1.396207854018254
winner,1.0,617,-1.2825679553393072
winner,1.0,618,-1.5776030243874128
winner,1.0,619,-0.8405778399408051
winner,1.0,620,-0.7309101923636313
winner,1.0,621,-0.9576267354267828
winner,1.0,622,-1.1563785140942227
winner,1.0,623,-1.2765714362948157
winner,1.0,624,-0.8643205414921671
winner,1.0,625,-0.609617873983668
winner,1.0,626,-0.9801752352451947
winner,1.0,627,-0.8034448556640874
winner,1.0,628,-0.4548745584881478
winner,1.0,629,-1.190195960837885
winner,1.0,630,-0.8839954412786885
winner,1.0,631,-1.100267920064826
winner,1.0,632,-0.4632375003587948
winner,1.0,633,-1.04231783068518
winner,1.0,634,-0.859410772255985
winner,1.0,635,-0.9135059195898204
winner,1.0,636,-0.4533711409592192
winner,1.0,637,-0.8586496288254248
winner,1.0,638,-1.08332175479349
winner,1.0,639,-1.2208254280449036
winner,1.0,640,-0.2579415945581647
winner,1.0,641,-0.7273295371802958
winner,1.0,642,-0.9108834864653569
winner,1.0,643,-0.842484491871114
winner,1.0,644,-0.8392755478634137
winner,1.0,645,-1.4440703467797802
winner,1.0,646,-1.0865264343708412
winner,1.0,647,-0.8928894804177537
winner,1.0,648,-0.711825585691217
winner,1.0,649,-1.759482113782671
winner,1.0,650,-0.9394126948268248
winner,1.0,651,-0.6630090975429822
winner,1.0,652,-0.7378612711705841
winner,1.0,653,-0.8767004366811606
winner,1.0,654,-0.9676877085942738
winner,1.0,655,-1.4728136662583557
winner,1.0,656,-0.9637121630329053
winner,1.0,657,-0.8845120174999256
winner,1.0,658,-1.247520722506625
winner,1.0,659,-1.4802466791350997
winner,1.0,660,-1.0969124159581987
winner,1.0,661,-0.3856189823320114
winner,1.0,662,-0.7984541385044868
winner,1.0,663,-0.6395926203599241
winner,1.0,664,-0.8252803399650795
winner,1.0,665,-1.5674980297950605
winner,1.0,666,-0.6099608239401528
winner,1.0,667,-1.2331913012167601
winner,1.0,668,-0.7933741185878261
winner,1.0,669,-0.8976789239810027
winner,1.0,670,-0.6076183892477002
winner,1.0,671,-0.6074022108988557
winner,1.0,672,-0.9613650806789256
winner,1.0,673,-0.9884388530177185
winner,1.0,674,-1.0174144023891978
winner,1.0,675,-0.8087359130531722
winner,1.0,676,-0.6470070633483157
winner,1.0,677,-0.7116323382107578
winner,1.0,678,-0.9093989582737304
winner,1.0,679,-0.9369788203749797
winner,1.0,680,-0.6860023392008449
winner,1.0,681,-1.055986635447359
winner,1.0,682,-0.7346050717681858
winner,1.0,683,-0.6409535123057835
winner,1.0,684,-0.5966675240216834
winner,1.0,685,-1.0615210580700358
winner,1.0,686,-1.1541561713725927
winner,1.0,687,-1.0060038365393154
winner,1.0,688,-1.0149814177691137
winner,1.0,689,-1.0377807947390707
winner,1.0,690,-1.1734982902215376
winner,1.0,691,-1.1708866297308005
winner,1.0,692,-0.8906318138332364
winner,1.0,693,-0.6270562464585733
winner,1.0,694,-1.154792926963007
winner,1.0,695,-0.8655875216056983
winner,1.0,696,-0.6478725644549878
winner,1.0,697,-0.932058682754621
winner,1.0,698,-0.9040054952066952
winner,1.0,699,-0.8780071225932488
winner,1.0,700,-0.9098536713803003
winner,1.0,701,-0.6615357475045405
winner,1.0,702,-1.248105351584864
winner,1.0,703,-0.9883204723144837
winner,1.0,704,-1.035397255737841
winner,1.0,705,-1.0974516657032987
winner,1.0,706,-1.0124667997078327
winner,1.0,707,-1.550242449234711
winner,1.0,708,-0.7794747157916705
winner,1.0,709,-1.0332217383192788
winner,1.0,710,-0.891143405160428
winner,1.0,711,-0.6698242924588961
winner,1.0,712,-1.1879500115202541
winner,1.0,713,-0.8260431702950591
winner,1.0,714,-0.9815768172983512
winner,1.0,715,-1.0940797821829833
winner,1.0,716,-0.8083815537243193
winner,1.0,717,-0.964563646757631
winner,1.0,718,-0.8977947623176652
winner,1.0,719,-0.6234350136666669
winner,1.0,720,-0.6917334572028536
winner,1.0,721,-1.1858734227407486
winner,1.0,722,-0.9797344511288003
winner,1.0,723,-0.5088224882798529
winner,1.0,724,-0.9775700439418759
winner,1.0,725,-0.840282949964821
winner,1.0,726,-0.9075601706444769
winner,1.0,727,-1.1201886999707995
winner,1.0,728,-0.881258445426512
winner,1.0,729,-0.6660235771136385
winner,1.0,730,-1.4186737137656715
winner,1.0,731,-0.9017430518724385
winner,1.0,732,-1.24922331251661
winner,1.0,733,-0.7465094366649809
winner,1.0,734,-0.8114303836499661
winner,1.0,735,-0.8941735807068959
winner,1.0,736,-1.2089402827246831
winner,1.0,737,-0.785072620162744
winner,1.0,738,-0.949513296371717
winner,1.0,739,-1.0887816309985372
winner,1.0,740,-0.45994059004678806
winner,1.0,741,-1.130180510301562
winner,1.0,742,-1.1174333569336596
winner,1.0,743,-0.8900838642487975
winner,1.0,744,-0.7843503822107735
winner,1.0,745,-0.8624988421840921
winner,1.0,746,-0.9448967323929204
winner,1.0,747,-1.101563467905828
winner,1.0,748,-0.8569143024260433
winner,1.0,749,-1.1502610636825104
winner,1.0,750,-0.6476519067491001
winner,1.0,751,-0.8671981577170851
winner,1.0,752,-0.6614995500558716
winner,1.0,753,-0.615682708621249
winner,1.0,754,-1.1733818530977473
winner,1.0,755,-0.408087107603907
winner,1.0,756,-1.134551787399256
winner,1.0,757,-1.0511977732594466
winner,1.0,758,-0.7519782584107733
winner,1.0,759,-0.89120123174362
winner,1.0,760,-0.7323459320534333
winner,1.0,761,-0.6120988147131996
winner,1.0,762,-1.0438532380257923
winner,1.0,763,-1.0721189448054298
winner,1.0,764,-0.7764074311845386
winner,1.0,765,-0.8071889306071585
winner,1.0,766,-0.8368991207597467
winner,1.0,767,-1.0252354511408241
winner,1.0,768,-0.7931381440458365
winner,1.0,769,-0.8208877720455516
winner,1.0,770,-0.8706258718099781
winner,1.0,771,-0.6207090466360367
winner,1.0,772,-0.968054680263404
winner,1.0,773,-1.0884713203627523
winner,1.0,774,-1.2722546138441386
winner,1.0,775,-0.6012529011480935
winner,1.0,776,-1.270860989473902
winner,1.0,777,-0.6984847621276613
winner,1.0,778,-0.3907767531428218
winner,1.0,779,-1.0934946570407997
winner,1.0,780,-0.942520186636039
winner,1.0,781,-0.8874374660433261
winner,1.0,782,-0.9042918840717912
winner,1.0,783,-1.1279901650621578
winner,1.0,784,-0.48962549533274485
winner,1.0,785,-0.6658028966181511
winner,1.0,786,-0.26542438393285006
winner,1.0,787,-0.6483258516212583
winner,1.0,788,-1.045722849778254
winner,1.0,789,-0.5538166514209109
winner,1.0,790,-0.9784614158046554
winner,1.0,791,-0.6529481067304851
winner,1.0,792,-1.0106835139967836
winner,1.0,793,-1.0148108105024516
winner,1.0,794,-0.6540822167167017
winner,1.0,795,-1.0733152404616133
winner,1.0,796,-1.2179864246120042
winner,1.0,797,-0.9909291257291735
winner,1.0,798,-1.1965824128191003
winner,1.0,799,-1.1731439579733012
winner,1.0,800,-0.8815242368241574
winner,1.0,801,-1.4626344628297778
winner,1.0,802,-1.225142836448179
winner,1.0,803,-1.3451204669919423
winner,1.0,804,-0.8686422219700592
winner,1.0,805,-0.7314028666803029
winner,1.0,806,-1.2141367039700328
winner,1.0,807,-0.9496451550015307
winner,1.0,808,-0.6130920149543184
winner,1.0,809,-0.7577104275256589
winner,1.0,810,-1.2729043211613738
winner,1.0,811,-1.0226321424455636
winner,1.0,812,-0.5246848000394783
winner,1.0,813,-1.0944434232423716
winner,1.0,814,-1.4114480001390253
winner,1.0,815,-1.1061354671173174
winner,1.0,816,-1.1427224733276886
winner,1.0,817,-1.2597262711190502
winner,1.0,818,-0.6364052935580081
winner,1.0,819,-1.07164851436577
winner,1.0,820,-1.025166198931631
winner,1.0,821,-1.272833232932952
winner,1.0,822,-0.7721382227347484
winner,1.0,823,-1.1499178694295906
winner,1.0,824,-1.1767651969747006
winner,1.0,825,-0.8681046311550967
winner,1.0,826,-1.1819543720706127
winner,1.0,827,-1.1143653990446425
winner,1.0,828,-1.062601926647588
winner,1.0,829,-1.015400117146012
winner,1.0,830,-1.4072926355650242
winner,1.0,831,-1.1211447754072623
winner,1.0,832,-0.5152916528036084
winner,1.0,833,-1.1485620057136716
winner,1.0,834,-1.0539147729312512
winner,1.0,835,-1.4982986052331393
winner,1.0,836,-0.7791971616466048
winner,1.0,837,-0.5711682027925256
winner,1.0,838,-1.1815375756391395
winner,1.0,839,-0.5568444700964192
winner,1.0,840,-0.8859542355779695
winner,1.0,841,-0.9289122974376001
winner,1.0,842,-0.8714270521774783
winner,1.0,843,-1.1883035526588204
winner,1.0,844,-1.2957042880228953
winner,1.0,845,-0.947555182984288
winner,1.0,846,-0.9978986292969494
winner,1.0,847,-0.7904252372533211
winner,1.0,848,-0.5500100856385963
winner,1.0,849,-0.6096247758586205
winner,1.0,850,-1.0351195810394125
winner,1.0,851,-1.1635121497993954
winner,1.0,852,-0.9541107973321984
winner,1.0,853,-0.9681760505709514
winner,1.0,854,-1.1654373937064733
winner,1.0,855,-0.6414621383724872
winner,1.0,856,-0.7879072790194952
winner,1.0,857,-1.0907075720265216
winner,1.0,858,-1.3761159201322908
winner,1.0,859,-1.151539107241761
winner,1.0,860,-0.39777995925785575
winner,1.0,861,-1.0560926296353401
winner,1.0,862,-1.1737805134454935
winner,1.0,863,-1.0018981867500036
winner,1.0,864,-0.7996108032691972
winner,1.0,865,-0.710208418294651
winner,1.0,866,-0.7667402167056927
winner,1.0,867,-0.9766141440210617
winner,1.0,868,-0.21968360923684777
winner,1.0,869,-1.025083852244879
winner,1.0,870,-1.030687648946787
winner,1.0,871,-0.5875532497325237
winner,1.0,872,-0.6235522687778484
winner,1.0,873,-1.0577027942628876
winner,1.0,874,-1.069553018983043
winner,1.0,875,-1.2636412297118857
winner,1.0,876,-0.6833717513279393
winner,1.0,877,-1.1231711964404427
winner,1.0,878,-0.56983828668017
winner,1.0,879,-1.4544996546285844
winner,1.0,880,-0.7078290429569172
winner,1.0,881,-0.6583713389804715
winner,1.0,882,-0.7657537880427501
winner,1.0,883,-0.9862329364734846
winner,1.0,884,-1.2166869142043844
winner,1.0,885,-1.1343232757758146
winner,1.0,886,-0.7744492351982898
winner,1.0,887,-0.7679018701122022
winner,1.0,888,-0.8909297099945863
winner,1.0,889,-1.020224470096793
winner,1.0,890,-0.7729880731627842
winner,1.0,891,-0.9628393114003218
winner,1.0,892,-1.0655261333351305
winner,1.0,893,-0.8147333034611589
winner,1.0,894,-0.8651101685800566
winner,1.0,895,-1.1090704079031566
winner,1.0,896,-0.7504732029627876
winner,1.0,897,-1.1524893313113804
winner,1.0,898,-0.8140759331673089
winner,1.0,899,-0.8713301939401441
winner,1.0,900,-0.8396737255532822
winner,1.0,901,-0.8943812093796477
winner,1.0,902,-0.7133918551545049
winner,1.0,903,-0.8378019424824313
winner,1.0,904,-0.9876959577685965
winner,1.0,905,-0.7675589055229604
winner,1.0,906,-1.128329341063665
winner,1.0,907,-0.9043857752605077
winner,1.0,908,-0.5584754198222197
winner,1.0,909,-0.7807979626443896
winner,1.0,910,-0.9418275629774727
winner,1.0,911,-0.8249474131187844
winner,1.0,912,-0.9932022667777097
winner,1.0,913,-0.7263717704039423
winner,1.0,914,-0.9841702404040314
winner,1.0,915,-1.1535587777797216
winner,1.0,916,-1.3279317430196786
winner,1.0,917,-0.5768625803679909
winner,1.0,918,-0.5397250069827081
winner,1.0,919,-0.5453176092084749
winner,1.0,920,-0.8819782197911281
winner,1.0,921,-0.9492263568707079
winner,1.0,922,-1.018576640201349
winner,1.0,923,-1.1130875127601778
winner,1.0,924,-1.0504881662034524
winner,1.0,925,-0.8060966417538834
winner,1.0,926,-1.0703767176169172
winner,1.0,927,-0.7843402235497404
winner,1.0,928,-0.45441464684416416
winner,1.0,929,-0.9160936838095095
winner,1.0,930,-1.1730431174740379
winner,1.0,931,-1.2481865270581478
winner,1.0,932,-0.8930642317444266
winner,1.0,933,-1.0791334318926602
winner,1.0,934,-0.8255936952945704
winner,1.0,935,-0.5765724752730473
winner,1.0,936,-0.7259299675711902
winner,1.0,937,-0.74796810207639
winner,1.0,938,-1.0946438103006044
winner,1.0,939,-1.0223539047255
winner,1.0,940,-0.7865392318481924
winner,1.0,941,-0.5475083861605816
winner,1.0,942,-1.0043127026366128
winner,1.0,943,-1.0972791602409124
winner,1.0,944,-0.8257462144731634
winner,1.0,945,-0.7547709366163234
winner,1.0,946,-0.744582195947103
winner,1.0,947,-0.4505504838300615
winner,1.0,948,-0.6038403345576536
winner,1.0,949,-1.0234003525827564
winner,1.0,950,-0.8106469468155463
winner,1.0,951,-0.9152018437985725
winner,1.0,952,-0.8061434666914566
winner,1.0,953,-0.9109399659823745
winner,1.0,954,-1.4081657570066948
winner,1.0,955,-0.875431961005811
winner,1.0,956,-1.0537284332909884
winner,1.0,957,-0.44116429615366265
winner,1.0,958,-0.7210785665194516
winner,1.0,959,-0.9828699528109022
winner,1.0,960,-0.712982992070277
winner,1.0,961,-0.7633038264300316
winner,1.0,962,-0.6849232707231439
winner,1.0,963,-0.8271092514238724
winner,1.0,964,-0.9765548598809696
winner,1.0,965,-0.553913029062561
winner,1.0,966,-0.5131141853365032
winner,1.0,967,-0.9420318468741404
winner,1.0,968,-0.9652626520659519
winner,1.0,969,-0.8524287210032641
winner,1.0,970,-1.3039692159951495
winner,1.0,971,-0.999179255505367
winner,1.0,972,-0.5561340163676596
winner,1.0,973,-0.7129941664343741
winner,1.0,974,-0.9941581330464448
winner,1.0,975,-0.8880494244777386
winner,1.0,976,-0.9959884816810486
winner,1.0,977,-1.0424656725956456
winner,1.0,978,-1.220133543636988
winner,1.0,979,-1.1210765141485055
winner,1.0,980,-1.1019831140590923
winner,1.0,981,-0.8392147511037042
winner,1.0,982,-0.6361310841591636
winner,1.0,983,-1.100683924837118
winner,1.0,984,-0.9660887150632224
winner,1.0,985,-0.6522801712712286
winner,1.0,986,-0.8451056625485165
winner,1.0,987,-1.104031622979711
winner,1.0,988,-0.9173602876292981
winner,1.0,989,-0.9385420258722991
winner,1.0,990,-0.7474804495351011
winner,1.0,991,-1.1280724604533463
winner,1.0,992,-1.3964268396701818
winner,1.0,993,-0.4663477730746731
winner,1.0,994,-0.8127440569902915
winner,1.0,995,-0.9927182168225799
winner,1.0,996,-0.8253730454043074
winner,1.0,997,-0.6145372873689205
winner,1.0,998,-0.4279306073167948
winner,1.0,999,-0.8035277510086798
winner,1.0,1000,-0.5615422852888345
winner,1.0,1001,-0.5938805086725046
winner,1.0,1002,-0.24680441368862543
winner,1.0,1003,-1.2224200250928419
winner,1.0,1004,-0.712162341469276
winner,1.0,1005,-1.626677390413524
winner,1.0,1006,-0.799021956449797
winner,1.0,1007,-0.7673581918772582
winner,1.0,1008,-1.1146415569335908
winner,1.0,1009,-0.9778991653849252
winner,1.0,1010,-1.1135124349869958
winner,1.0,1011,-1.107067243486529
winner,1.0,1012,-1.1033761861356806
winner,1.0,1013,-1.138187324867745
winner,1.0,1014,-0.8984402797592926
winner,1.0,1015,-0.8757246935404424
winner,1.0,1016,-0.8900657365149337
winner,1.0,1017,-0.9484761264937144
winner,1.0,1018,-0.8127914733726441
winner,1.0,1019,-0.5177870406687622
winner,1.0,1020,-0.7676941248221038
winner,1.0,1021,-1.397708816542052
winner,1.0,1022,-0.7392939350866216
winner,1.0,1023,-0.5448653910434772
winner,1.0,1024,-0.7933222738083392
winner,1.0,1025,-0.30148747926858704
winner,1.0,1026,-1.4500160308066
winner,1.0,1027,-1.2090021499238257
winner,1.0,1028,-0.760156715876374
winner,1.0,1029,-0.7549428691968401
winner,1.0,1030,-0.8949777072854039
winner,1.0,1031,-1.1879744129886818
winner,1.0,1032,-1.026408450989941
winner,1.0,1033,-0.88945581545871
winner,1.0,1034,-1.1651381267304421
winner,1.0,1035,-0.9494997348738523
winner,1.0,1036,-0.7906322160011479
winner,1.0,1037,-1.2810900453921066
winner,1.0,1038,-1.0531302620465568
winner,1.0,1039,-1.2779016001538874
winner,1.0,1040,-1.0802872646260264
winner,1.0,1041,-0.83448163512973
winner,1.0,1042,-0.4809926732124399
winner,1.0,1043,-0.7223480242053036
winner,1.0,1044,-0.5614824953634164
winner,1.0,1045,-1.2978353425148768
winner,1.0,1046,-0.7229634299303406
winner,1.0,1047,-0.9741739443624703
winner,1.0,1048,-0.9603123722042061
winner,1.0,1049,-0.7507145370743689
winner,1.0,1050,-0.8191565076374874
winner,1.0,1051,-0.9667341855676647
winner,1.0,1052,-0.8381706075537444
winner,1.0,1053,-1.2342272245121417
winner,1.0,1054,-1.2468330626933253
winner,1.0,1055,-0.9912695398009301
winner,1.0,1056,-1.0160637235324705
winner,1.0,1057,-0.9479430812607721
winner,1.0,1058,-0.8227037316544074
winner,1.0,1059,-0.6572403080348522
winner,1.0,1060,-0.8722450301585516
winner,1.0,1061,-0.5739093981076253
winner,1.0,1062,-0.8803045431656404
winner,1.0,1063,-0.8947355107674235
winner,1.0,1064,-0.9169185346027108
winner,1.0,1065,-0.617709700961944
winner,1.0,1066,-1.293289815449347
winner,1.0,1067,-0.7334105233020999
winner,1.0,1068,-1.682429469811715
winner,1.0,1069,-0.7486518507909964
winner,1.0,1070,-0.8996555955648231
winner,1.0,1071,-0.8443343326735643
winner,1.0,1072,-1.0928863596839404
winner,1.0,1073,-0.6379795896744678
winner,1.0,1074,-1.1364237784157536
winner,1.0,1075,-0.8267990331862101
winner,1.0,1076,-0.6804597820848213
winner,1.0,1077,-1.2744732307884663
winner,1.0,1078,-0.5886151835720789
winner,1.0,1079,-0.40477867858273264
winner,1.0,1080,-0.5713050376131482
winner,1.0,1081,-0.7320749156516528
winner,1.0,1082,-0.9884036984331043
winner,1.0,1083,-0.7614618072199949
winner,1.0,1084,-1.0907785346255034
winner,1.0,1085,-1.0176307632166923
winner,1.0,1086,-1.328547412411832
winner,1.0,1087,-0.5875627584017166
winner,1.0,1088,-0.5966867955559197
winner,1.0,1089,-0.8283653330788378
winner,1.0,1090,-1.2330298505959572
winner,1.0,1091,-1.0124552963083593
winner,1.0,1092,-0.7846224744614424
winner,1.0,1093,-0.7755676735022303
winner,1.0,1094,-1.1479202700080902
winner,1.0,1095,-1.0514073871223644
winner,1.0,1096,-0.7618205834763392
winner,1.0,1097,-0.8408387314462757
winner,1.0,1098,-0.6750988776481336
winner,1.0,1099,-0.7612596947851947
winner,1.0,1100,-1.3109918483477914
winner,1.0,1101,-0.4222325543471749
winner,1.0,1102,-0.7315107502904679
winner,1.0,1103,-1.0445469784980828
winner,1.0,1104,-0.68869535787875
winner,1.0,1105,-0.7230457881684084
winner,1.0,1106,-0.42743633938570896
winner,1.0,1107,-1.0869685855799414
winner,1.0,1108,-0.4020386792071264
winner,1.0,1109,-0.8182323204142016
winner,1.0,1110,-0.8520306882180714
winner,1.0,1111,-0.6848415859785142
winner,1.0,1112,-0.46880832418221396
winner,1.0,1113,-0.9056418164919859
winner,1.0,1114,-1.1482915853297888
winner,1.0,1115,-0.8821526170007674
winner,1.0,1116,-1.1849029442254668
winner,1.0,1117,-0.8799321991363588
winner,1.0,1118,-0.5489512396343241
winner,1.0,1119,-0.7478790960652382
winner,1.0,1120,-0.8496560472103524
winner,1.0,1121,-1.0419167778838103
winner,1.0,1122,-1.0026218582529574
winner,1.0,1123,-0.9675224080670393
winner,1.0,1124,-1.090952662473525
winner,1.0,1125,-0.5058017546486707
winner,1.0,1126,-0.9338128179866484
winner,1.0,1127,-1.0833251182627872
winner,1.0,1128,-0.603317892442354
winner,1.0,1129,-1.1016805099534825
winner,1.0,1130,-0.44894542014079974
winner,1.0,1131,-0.8762836772166523
winner,1.0,1132,-0.6635344560819479
winner,1.0,1133,-1.0839611382544592
winner,1.0,1134,-0.5341320838194242
winner,1.0,1135,-1.2117015172610437
winner,1.0,1136,-1.3525442661548281
winner,1.0,1137,-0.8670747414752653
winner,1.0,1138,-0.6774080046948061
winner,1.0,1139,-0.787087817583663
winner,1.0,1140,-1.0494997919765763
winner,1.0,1141,-0.6413005760553551
winner,1.0,1142,-0.36330116833404064
winner,1.0,1143,-0.8962908632851385
winner,1.0,1144,-1.1675635133514197
winner,1.0,1145,-0.8325766692329757
winner,1.0,1146,-1.0951748398535115
winner,1.0,1147,-0.6231124567141684
winner,1.0,1148,-0.9575622898777157
winner,1.0,1149,-1.105358284085439
winner,1.0,1150,-0.9617928704924131
winner,1.0,1151,-0.759226758649666
winner,1.0,1152,-1.1524180507444375
winner,1.0,1153,-0.903499770668132
winner,1.0,1154,-0.5414068171491192
winner,1.0,1155,-0.6214907322847482
winner,1.0,1156,-0.644718377657269
winner,1.0,1157,-0.5018825718096095
winner,1.0,1158,-1.010799903601655
winner,1.0,1159,-1.0895986018598083
winner,1.0,1160,-0.7609519354925616
winner,1.0,1161,-1.0418059421367953
winner,1.0,1162,-0.5073519658538607
winner,1.0,1163,-0.3222435459777588
winner,1.0,1164,-1.0142189008913152
winner,1.0,1165,-1.132867060060899
winner,1.0,1166,-0.9802397510806952
winner,1.0,1167,-1.081564277550477
winner,1.0,1168,-1.0253312042484333
winner,1.0,1169,-0.5135233142173071
winner,1.0,1170,-1.1019227991227063
winner,1.0,1171,-0.9726627012563802
winner,1.0,1172,-1.2574110264933092
winner,1.0,1173,-0.7087371072248628
winner,1.0,1174,-0.8836253051839571
winner,1.0,1175,-0.6813452097829339
winner,1.0,1176,-1.0287908978056362
winner,1.0,1177,-0.8256293081826881
winner,1.0,1178,-1.085316360514819
winner,1.0,1179,-0.5151120523909855
winner,1.0,1180,-0.29570980748626924
winner,1.0,1181,-1.701484980588713
winner,1.0,1182,-0.9194983007534577
winner,1.0,1183,-1.1303610980738417
winner,1.0,1184,-0.5923918074410344
winner,1.0,1185,-0.8341606317353016
winner,1.0,1186,-0.9185201981480153
winner,1.0,1187,-0.776260160614651
winner,1.0,1188,-0.9142585526592127
winner,1.0,1189,-0.9783599456679739
winner,1.0,1190,-0.6040964319310281
winner,1.0,1191,-1.041655684839042
winner,1.0,1192,-0.8270292454701081
winner,1.0,1193,-1.0128256164683904
winner,1.0,1194,-1.2901136363679024
winner,1.0,1195,-0.671212316680061
winner,1.0,1196,-1.1116648571844876
winner,1.0,1197,-1.0092539821782702
winner,1.0,1198,-0.5729276533004033
winner,1.0,1199,-0.5892314980463247
winner,1.0,1200,-0.7439414022054148
winner,1.0,1201,-1.152855378655554
winner,1.0,1202,-0.8733438711209986
winner,1.0,1203,-1.3699427521078167
winner,1.0,1204,-0.7657251574778405
winner,1.0,1205,-1.3602809120987975
winner,1.0,1206,-1.142849263554835
winner,1.0,1207,-0.5107198685529531
winner,1.0,1208,-0.9927739443786554
winner,1.0,1209,-1.1159136737230393
winner,1.0,1210,-0.9719257960515562
winner,1.0,1211,-1.3427222609234812
winner,1.0,1212,-0.8892730241953968
winner,1.0,1213,-0.8881187737536811
winner,1.0,1214,-0.9335482227426087
winner,1.0,1215,-0.6458124874864527
winner,1.0,1216,-0.9207206059360742
winner,1.0,1217,-1.0557369362358278
winner,1.0,1218,-1.1869509405505927
winner,1.0,1219,-0.872908055551672
winner,1.0,1220,-0.6135736939115248
winner,1.0,1221,-0.9098806828758712
winner,1.0,1222,-0.9854881521119827
winner,1.0,1223,-0.9190335601559273
winner,1.0,1224,-0.7459088194666342
winner,1.0,1225,-0.8818975752184512
winner,1.0,1226,-0.9919850532582025
winner,1.0,1227,-0.7988342220469967
winner,1.0,1228,-0.5459876884053091
winner,1.0,1229,-0.9927594577633396
winner,1.0,1230,-1.1378756986869465
winner,1.0,1231,-0.5780072432481819
winner,1.0,1232,-0.7084642657360917
winner,1.0,1233,-0.8346817079221126
winner,1.0,1234,-0.6261450763087878
winner,1.0,1235,-1.266067805582137
winner,1.0,1236,-0.5505485750085727
winner,1.0,1237,-1.457975144469222
winner,1.0,1238,-0.823901052512465
winner,1.0,1239,-1.0395794355205288
winner,1.0,1240,-0.6878347358653892
winner,1.0,1241,-0.8858638717834131
winner,1.0,1242,-0.6064858753826923
winner,1.0,1243,-1.247509212853727
winner,1.0,1244,-0.9216873467859069
winner,1.0,1245,-1.2121681475935808
winner,1.0,1246,-0.33355032543473107
winner,1.0,1247,-0.9260948693091564
winner,1.0,1248,-0.773467054326564
winner,1.0,1249,-0.7487861328404013
winner,1.0,1250,-0.978734676344127
winner,1.0,1251,-1.2419933480656862
winner,1.0,1252,-1.183816492508752
winner,1.0,1253,-0.6730960469529086
winner,1.0,1254,-1.0883190212295366
winner,1.0,1255,-0.33694430991052
winner,1.0,1256,-1.2266463764525226
winner,1.0,1257,-0.6479561730193907
winner,1.0,1258,-1.2751343887600346
winner,1.0,1259,-1.2986374245175039
winner,1.0,1260,-0.7964578903365438
winner,1.0,1261,-0.5848907231474446
winner,1.0,1262,-1.1385273963473095
winner,1.0,1263,-0.7290099789828518
winner,1.0,1264,-0.6894706606024981
winner,1.0,1265,-0.8211037522749328
winner,1.0,1266,-0.7366166563305898
winner,1.0,1267,-1.0458178443551354
winner,1.0,1268,-0.521834481218532
winner,1.0,1269,-0.5185249613973196
winner,1.0,1270,-0.7948280959312934
winner,1.0,1271,-1.343626189764963
winner,1.0,1272,-0.7194567220612542
winner,1.0,1273,-0.6298090634760898
winner,1.0,1274,-0.6477296051605587
winner,1.0,1275,-0.8859314277290485
winner,1.0,1276,-1.0344275376556955
winner,1.0,1277,-1.014446684926786
winner,1.0,1278,-1.2650805496220459
winner,1.0,1279,-0.8915506925152352
winner,1.0,1280,-1.1519958969711104
winner,1.0,1281,-1.1744632447011447
winner,1.0,1282,-0.6113407004868808
winner,1.0,1283,-0.8265746070078793
winner,1.0,1284,-1.117426430900385
winner,1.0,1285,-1.013610398118632
winner,1.0,1286,-1.0885081024111747
winner,1.0,1287,-0.9770004419667774
winner,1.0,1288,-0.9572635937080819
winner,1.0,1289,-1.0645159166709488
winner,1.0,1290,-0.5720470877190139
winner,1.0,1291,-1.3521881015885093
winner,1.0,1292,-1.1341433925172857
winner,1.0,1293,-0.9365564127443804
winner,1.0,1294,-0.9023403840184309
winner,1.0,1295,-1.0952888656510633
winner,1.0,1296,-0.7560872161655801
winner,1.0,1297,-0.9218320983611475
winner,1.0,1298,-0.333491386639429
winner,1.0,1299,-0.6807199955372453
winner,1.0,1300,-1.1549505429240445
winner,1.0,1301,-1.2681527417142997
winner,1.0,1302,-0.9452216696474779
winner,1.0,1303,-0.9032032733467088
winner,1.0,1304,-1.0530532993351496
winner,1.0,1305,-1.1656946820846572
winner,1.0,1306,-0.9383667416069854
winner,1.0,1307,-1.2107921116457447
winner,1.0,1308,-0.7747970827514006
winner,1.0,1309,-0.6508033835792897
winner,1.0,1310,-1.5177394883544861
winner,1.0,1311,-1.0512401147913415
winner,1.0,1312,-1.2411394824672457
winner,1.0,1313,-1.093862033297428
winner,1.0,1314,-0.7079636826870541
winner,1.0,1315,-0.9058120203705126
winner,1.0,1316,-0.864156859163731
winner,1.0,1317,-0.8482088763821566
winner,1.0,1318,-0.979335647057806
winner,1.0,1319,-1.4377105372078927
winner,1.0,1320,-0.963712233921669
winner,1.0,1321,-0.8776596815211887
winner,1.0,1322,-0.5377762052368847
winner,1.0,1323,-0.7148646140481978
winner,1.0,1324,-0.9035880159335329
winner,1.0,1325,-1.0515864098194985
winner,1.0,1326,-0.7287183728224442
winner,1.0,1327,-0.8503364287529631
winner,1.0,1328,-0.6440833459558212
winner,1.0,1329,-1.2524762464277717
winner,1.0,1330,-0.8949069718674186
winner,1.0,1331,-0.8396667913995716
winner,1.0,1332,-0.9431169088753544
winner,1.0,1333,-0.8130686084627653
winner,1.0,1334,-0.49978744942079995
winner,1.0,1335,-0.8604068772745206
winner,1.0,1336,-0.8732379411251354
winner,1.0,1337,-1.0266101459295534
winner,1.0,1338,-1.1257163207069654
winner,1.0,1339,-0.8936073408142088
winner,1.0,1340,-1.1123023195625248
winner,1.0,1341,-0.6735971494447046
winner,1.0,1342,-0.9703293981322495
winner,1.0,1343,-1.638951592469394
winner,1.0,1344,-0.7237603264368755
winner,1.0,1345,-1.1014650210921402
winner,1.0,1346,-1.190267101196223
winner,1.0,1347,-0.7756369610818551
winner,1.0,1348,-1.2597530839220956
winner,1.0,1349,-0.8801441373570968
winner,1.0,1350,-0.5679437644053972
winner,1.0,1351,-0.9691603595800462
winner,1.0,1352,-1.3011755792652364
winner,1.0,1353,-0.6457375245989776
winner,1.0,1354,-1.371058115954765
winner,1.0,1355,-0.8893935873326629
winner,1.0,1356,-1.293305085779855
winner,1.0,1357,-0.22568069080247016
winner,1.0,1358,-0.49884417889361066
winner,1.0,1359,-0.8677830202304683
winner,1.0,1360,-0.8474094996718842
winner,1.0,1361,-0.9989935729735399
winner,1.0,1362,-0.8031174956141702
winner,1.0,1363,-0.5092627034802533
winner,1.0,1364,-0.6666118318987017
winner,1.0,1365,-0.9334487758245735
winner,1.0,1366,-0.3921666982180123
winner,1.0,1367,-0.4775820108510337
winner,1.0,1368,-0.6673954175887484
winner,1.0,1369,-0.3528456106870615
winner,1.0,1370,-0.5975333658976337
winner,1.0,1371,-0.6870624685494195
winner,1.0,1372,-0.5922884981607637
winner,1.0,1373,-0.8379116206723485
winner,1.0,1374,-0.7030770953468147
winner,1.0,1375,-0.893116021882683
winner,1.0,1376,-1.2409727157513548
winner,1.0,1377,-1.1978979733418227
winner,1.0,1378,-0.4861534839492488
winner,1.0,1379,-1.0905471081623253
winner,1.0,1380,-0.7516175366510893
winner,1.0,1381,-0.9663375673962942
winner,1.0,1382,-0.6164331217351694
winner,1.0,1383,-0.9538602055774643
winner,1.0,1384,-0.8582566844210426
winner,1.0,1385,-0.7085531554325644
winner,1.0,1386,-1.2091256323428425
winner,1.0,1387,-0.6767657814329588
winner,1.0,1388,-0.7966530650209108
winner,1.0,1389,-0.8109531945904435
winner,1.0,1390,-0.6752987206814326
winner,1.0,1391,-0.9753686420738112
winner,1.0,1392,-0.5640694918551653
winner,1.0,1393,-1.2307154659916408
winner,1.0,1394,-1.2351528025605156
winner,1.0,1395,-0.58012612333526
winner,1.0,1396,-0.8817126257118655
winner,1.0,1397,-0.9498000042957949
winner,1.0,1398,-0.578929816366756
winner,1.0,1399,-1.0713267278623582
winner,1.0,1400,-1.0122633655645656
winner,1.0,1401,-1.213124935097194
winner,1.0,1402,-0.48117388672815625
winner,1.0,1403,-1.1479971372959918
winner,1.0,1404,-1.0445936589929155
winner,1.0,1405,-1.1097461470777723
winner,1.0,1406,-1.114193047410527
winner,1.0,1407,-0.6602918362977268
winner,1.0,1408,-0.486379116126713
winner,1.0,1409,-1.0346772955046857
winner,1.0,1410,-1.0551441520469698
winner,1.0,1411,-0.7110368947329787
winner,1.0,1412,-0.5986511953227637
winner,1.0,1413,-0.9070346137385142
winner,1.0,1414,-0.8184600771480227
winner,1.0,1415,-0.8188534784038699
winner,1.0,1416,-0.8894015552027478
winner,1.0,1417,-0.7326597710348912
winner,1.0,1418,-0.943647297605133
winner,1.0,1419,-0.5616299015686268
winner,1.0,1420,-0.848404927968682
winner,1.0,1421,-1.015217438161676
winner,1.0,1422,-0.4183790156764755
winner,1.0,1423,-1.1222063810115
winner,1.0,1424,-0.9905287070548885
winner,1.0,1425,-0.744456838914316
winner,1.0,1426,-0.4792869537004025
winner,1.0,1427,-1.1290853607501947
winner,1.0,1428,-0.9895269572178412
winner,1.0,1429,-0.7522692344859235
winner,1.0,1430,-0.6516047961793379
winner,1.0,1431,-0.44982938529063593
winner,1.0,1432,-0.8187389979158899
winner,1.0,1433,-0.9550778364146447
winner,1.0,1434,-1.0454888414020107
winner,1.0,1435,-1.196857409947079
winner,1.0,1436,-0.823427298047812
winner,1.0,1437,-0.6458227091119606
winner,1.0,1438,-0.7790779024179173
winner,1.0,1439,-0.9273436308820723
winner,1.0,1440,-1.120769879235284
winner,1.0,1441,-1.01967949141892
winner,1.0,1442,-0.9325387419046974
winner,1.0,1443,-0.39699795984410946
winner,1.0,1444,-1.216614583712288
winner,1.0,1445,-0.8075443788809694
winner,1.0,1446,-0.9514702885630459
winner,1.0,1447,-0.8008922682905952
winner,1.0,1448,-0.9046493922668996
winner,1.0,1449,-1.0073149068101095
winner,1.0,1450,-1.3120422922668378
winner,1.0,1451,-1.2000724679527193
winner,1.0,1452,-1.4316057677525411
winner,1.0,1453,-0.5930769106663404
winner,1.0,1454,-0.6207318897145014
winner,1.0,1455,-0.9488798676598145
winner,1.0,1456,-0.49645846523558035
winner,1.0,1457,-1.151289429648936
winner,1.0,1458,-0.8182679271206915
winner,1.0,1459,-0.9156628942235867
winner,1.0,1460,-1.0227291171522284
winner,1.0,1461,-0.6624470276032415
winner,1.0,1462,-1.11567744143081
winner,1.0,1463,-1.1604864454637238
winner,1.0,1464,-0.7316147636427651
winner,1.0,1465,-0.6131527912956595
winner,1.0,1466,-0.8588774193821561
winner,1.0,1467,-1.1463293350090997
winner,1.0,1468,-0.964763104546739
winner,1.0,1469,-0.8438115859477454
winner,1.0,1470,-0.9011206556875831
winner,1.0,1471,-0.7854804580776943
winner,1.0,1472,-1.1093712422386919
winner,1.0,1473,-1.0564183168057832
winner,1.0,1474,-1.1357614702161594
winner,1.0,1475,-0.7733617904040213
winner,1.0,1476,-0.6723533907988549
winner,1.0,1477,-0.2709289959259015
winner,1.0,1478,-1.0881716126782253
winner,1.0,1479,-1.0363211113987543
winner,1.0,1480,-0.7349426770124278
winner,1.0,1481,-0.8588760126501404
winner,1.0,1482,-0.9685169214768165
winner,1.0,1483,-1.3046701961602507
winner,1.0,1484,-0.7950744786653109
winner,1.0,1485,-0.8871368352596857
winner,1.0,1486,-0.471746190775459
winner,1.0,1487,-0.6712260856060359
winner,1.0,1488,-0.047780981734020934
winner,1.0,1489,-0.33612003589845596
winner,1.0,1490,-1.225003135922977
winner,1.0,1491,-0.6745927492985988
winner,1.0,1492,-1.0825951517302508
winner,1.0,1493,-0.8860724815036509
winner,1.0,1494,-0.790190630149624
winner,1.0,1495,-1.091286815577841
winner,1.0,1496,-0.8440766860599311
winner,1.0,1497,-1.057100372830304
winner,1.0,1498,-1.1780190115446574
winner,1.0,1499,-1.1007165695464094
winner,1.0,1500,-0.9604132509778683
winner,1.0,1501,-0.47223608834334485
winner,1.0,1502,-1.19097557486134
winner,1.0,1503,-1.007275110354467
winner,1.0,1504,-0.35187010675714003
winner,1.0,1505,-1.0072823502446773
winner,1.0,1506,-0.9884717106818783
winner,1.0,1507,-0.45593817201363324
winner,1.0,1508,-0.7360566068814368
winner,1.0,1509,-1.1005199123231642
winner,1.0,1510,-1.099570513695393
winner,1.0,1511,-0.7463682474139685
winner,1.0,1512,-0.8458916780298134
winner,1.0,1513,-1.275997199810667
winner,1.0,1514,-0.9685590371198062
winner,1.0,1515,-0.835077675384942
winner,1.0,1516,-1.245001989248401
winner,1.0,1517,-0.845906572083559
winner,1.0,1518,-0.9017366838865342
winner,1.0,1519,-1.0361850782383217
winner,1.0,1520,-0.6891802570331855
winner,1.0,1521,-1.0254377246490791
winner,1.0,1522,-0.7340265935490662
winner,1.0,1523,-0.742457562056317
winner,1.0,1524,-1.2568799983599284
winner,1.0,1525,-1.4802351630044834
winner,1.0,1526,-0.900692767761331
winner,1.0,1527,-1.2604166520315914
winner,1.0,1528,-0.7523983376137562
winner,1.0,1529,-0.8940413246676272
winner,1.0,1530,-0.4738345170382072
winner,1.0,1531,-0.8394835664411435
winner,1.0,1532,-0.9076038851778833
winner,1.0,1533,-1.0443636774569236
winner,1.0,1534,-0.36408472576690176
winner,1.0,1535,-0.8271594616062158
winner,1.0,1536,-1.0663204894471217
winner,1.0,1537,-1.098592657656393
winner,1.0,1538,-1.192181964304575
winner,1.0,1539,-0.8466545983853317
winner,1.0,1540,-1.249379319356923
winner,1.0,1541,-0.6692695098453822
winner,1.0,1542,-1.205420792943092
winner,1.0,1543,-1.0409203499222441
winner,1.0,1544,-1.1090884166094745
winner,1.0,1545,-1.3752393711449125
winner,1.0,1546,-0.682159212974378
winner,1.0,1547,-0.38428506900823445
winner,1.0,1548,-0.8891508941599949
winner,1.0,1549,-1.0601472581210107
winner,1.0,1550,-0.7721126914779226
winner,1.0,1551,-0.9130823268246631
winner,1.0,1552,-0.32369133496370134
winner,1.0,1553,-1.0026771012049973
winner,1.0,1554,-1.0896346984457517
winner,1.0,1555,-0.559346064985443
winner,1.0,1556,-1.1201107029206931
winner,1.0,1557,-0.5704836733622526
winner,1.0,1558,-0.8233041013033501
winner,1.0,1559,-0.794906651353167
winner,1.0,1560,-0.9067864308973688
winner,1.0,1561,-0.7469482150513586
winner,1.0,1562,-1.3107064971535598
winner,1.0,1563,-0.6721556656514429
winner,1.0,1564,-1.481115241394964
winner,1.0,1565,-0.8943999502957953
winner,1.0,1566,-0.5510758958623105
winner,1.0,1567,-0.5063202361022617
winner,1.0,1568,-0.9003705668053896
winner,1.0,1569,-0.9842258618299661
winner,1.0,1570,-0.8188674643306907
winner,1.0,1571,-1.0430029301270658
winner,1.0,1572,-0.9067783714943798
winner,1.0,1573,-0.29607049330502017
winner,1.0,1574,-0.8686006260693944
winner,1.0,1575,-0.5653542968278513
winner,1.0,1576,-1.0057706446687709
winner,1.0,1577,-0.7009487879697046
winner,1.0,1578,-0.7062938825657924
winner,1.0,1579,-0.79974577299301
winner,1.0,1580,-1.1289566448776915
winner,1.0,1581,-0.4908476600588314
winner,1.0,1582,-0.9878549788796096
winner,1.0,1583,-0.6086071792811596
winner,1.0,1584,-1.007757998669313
winner,1.0,1585,-0.9905587569153543
winner,1.0,1586,-0.7422898901926889
winner,1.0,1587,-0.7025228843199451
winner,1.0,1588,-1.113519492506693
winner,1.0,1589,-0.9793554660372248
winner,1.0,1590,-1.0844877568932734
winner,1.0,1591,-0.9582480904082704
winner,1.0,1592,-0.6203182853561557
winner,1.0,1593,-1.095109003470074
winner,1.0,1594,-1.1608383840352936
winner,1.0,1595,-0.6972194804803069
winner,1.0,1596,-0.8193334234618085
winner,1.0,1597,-0.3947092420659071
winner,1.0,1598,-0.6243228431919347
winner,1.0,1599,-0.5725716784598612
winner,1.0,1600,-0.8523538480388572
winner,1.0,1601,-0.6607413125611769
winner,1.0,1602,-1.1060137636837906
winner,1.0,1603,-0.5837437766665273
winner,1.0,1604,-0.3218714378521477
winner,1.0,1605,-0.911644049149246
winner,1.0,1606,-0.8956640972019083
winner,1.0,1607,-0.9228935645547909
winner,1.0,1608,-0.8787747549073316
winner,1.0,1609,-1.032707358156874
winner,1.0,1610,-0.8419927075651233
winner,1.0,1611,-1.1575949000441537
winner,1.0,1612,-1.2071757973799253
winner,1.0,1613,-0.5563701378606851
winner,1.0,1614,-0.7559758358305633
winner,1.0,1615,-0.8159969353911776
winner,1.0,1616,-0.766345278922467
winner,1.0,1617,-0.6571247982070187
winner,1.0,1618,-0.6758688479838362
winner,1.0,1619,-0.8810734612378676
winner,1.0,1620,-0.9204472897226669
winner,1.0,1621,-1.480097101281236
winner,1.0,1622,-1.141801887305402
winner,1.0,1623,-1.1073650351685915
winner,1.0,1624,-0.9321104175266864
winner,1.0,1625,-0.7077540932580288
winner,1.0,1626,-0.7964522855662407
winner,1.0,1627,-0.6407898738044361
winner,1.0,1628,-0.9699545236936664
winner,1.0,1629,-0.2289679456437617
winner,1.0,1630,-0.5515501497482981
winner,1.0,1631,-0.6412352584755939
winner,1.0,1632,-1.0972710511235884
winner,1.0,1633,-0.698284691928555
winner,1.0,1634,-0.8139132280852586
winner,1.0,1635,-0.756638849317538
winner,1.0,1636,-0.9317843276158911
winner,1.0,1637,-0.38069830571634095
winner,1.0,1638,-1.020330476580222
winner,1.0,1639,-1.1759806540991993
winner,1.0,1640,-1.2618813482101028
winner,1.0,1641,-1.3483637564341284
winner,1.0,1642,-0.556450242928082
winner,1.0,1643,-0.9111370358253026
winner,1.0,1644,-0.9343017139556782
winner,1.0,1645,-1.2374528937312896
winner,1.0,1646,-0.9251826230239941
winner,1.0,1647,-1.1038208245166374
winner,1.0,1648,-0.5492321209158623
winner,1.0,1649,-1.0990016098799085
winner,1.0,1650,-0.7172665727378372
winner,1.0,1651,-1.1218935432230988
winner,1.0,1652,-0.6729254154539378
winner,1.0,1653,-0.7452838209040311
winner,1.0,1654,-1.31644109628198
winner,1.0,1655,-1.0688748375866375
winner,1.0,1656,-0.787279632283656
winner,1.0,1657,-0.5098146551226675
winner,1.0,1658,-1.3047827130764242
winner,1.0,1659,-0.7533783434453412
winner,1.0,1660,-0.6205988463200378
winner,1.0,1661,-0.6473080097354467
winner,1.0,1662,-0.8142758984612436
winner,1.0,1663,-0.9473773593945041
winner,1.0,1664,-1.2582332402345096
winner,1.0,1665,-1.0502859176783486
winner,1.0,1666,-1.3895902835057883
winner,1.0,1667,-0.4942805277842623
winner,1.0,1668,-0.861994235498527
winner,1.0,1669,-1.4495905053781566
winner,1.0,1670,-1.1284103859262913
winner,1.0,1671,-1.0788455272030508
winner,1.0,1672,-1.1885830059374187
winner,1.0,1673,-0.8224706108053254
winner,1.0,1674,-0.6368239713457219
winner,1.0,1675,-0.9842056931056214
winner,1.0,1676,-1.3158296435527361
winner,1.0,1677,-1.138577018966567
winner,1.0,1678,-0.8994542412147856
winner,1.0,1679,-1.1347215736411413
winner,1.0,1680,-0.9074377415023464
winner,1.0,1681,-0.9271053713173246
winner,1.0,1682,-0.6636103341080829
winner,1.0,1683,-1.0586478632464182
winner,1.0,1684,-1.2060008919715115
winner,1.0,1685,-0.8083425130040759
winner,1.0,1686,-0.9043975719030285
winner,1.0,1687,-0.7691312711529193
winner,1.0,1688,-1.203708004781981
winner,1.0,1689,-0.949604572858863
winner,1.0,1690,-0.9478281636339712
winner,1.0,1691,-1.1095068723843458
winner,1.0,1692,-0.8302459302624394
winner,1.0,1693,-0.9938058750261412
winner,1.0,1694,-0.6862527098655588
winner,1.0,1695,-0.9546965559874788
winner,1.0,1696,-0.5756985676906498
winner,1.0,1697,-0.32157463905960015
winner,1.0,1698,-0.5429141096524944
winner,1.0,1699,-1.0008224270039463
winner,1.0,1700,-0.45739376110551855
winner,1.0,1701,-1.1723179940921016
winner,1.0,1702,-1.2648775157494936
winner,1.0,1703,-1.0745772494003434
winner,1.0,1704,-0.6512804500885772
winner,1.0,1705,-1.0717736098813506
winner,1.0,1706,-0.6935330553067605
winner,1.0,1707,-1.4236944407605105
winner,1.0,1708,-0.8290014731569891
winner,1.0,1709,-0.9166844745289723
winner,1.0,1710,-0.8596645232860283
winner,1.0,1711,-0.8981726181944797
winner,1.0,1712,-0.662456160327579
winner,1.0,1713,-1.2428574748040868
winner,1.0,1714,-1.1054012584410007
winner,1.0,1715,-0.6928959642940099
winner,1.0,1716,-1.1544715967148507
winner,1.0,1717,-0.8816770157486283
winner,1.0,1718,-0.810616410817565
winner,1.0,1719,-0.7796522593024228
winner,1.0,1720,-0.9651649646866516
winner,1.0,1721,-0.8576420187343257
winner,1.0,1722,-0.7688427067414031
winner,1.0,1723,-0.6269622563272278
winner,1.0,1724,-0.6254171250646148
winner,1.0,1725,-0.6955865931127335
winner,1.0,1726,-0.6252708858800381
winner,1.0,1727,-1.1378209576042217
winner,1.0,1728,-0.4961858470327926
winner,1.0,1729,-0.49112955172389144
winner,1.0,1730,-0.8948826813809762
winner,1.0,1731,-0.7642340375424419
winner,1.0,1732,-0.9151973237032066
winner,1.0,1733,-1.324455923053206
winner,1.0,1734,-1.1435148523266319
winner,1.0,1735,-0.7784564026327538
winner,1.0,1736,-0.9186414619419595
winner,1.0,1737,-0.3254093980068431
winner,1.0,1738,-0.687061458199644
winner,1.0,1739,-0.9237114684261433
winner,1.0,1740,-1.3047148198119753
winner,1.0,1741,-0.8202087927360148
winner,1.0,1742,-1.1910331768955218
winner,1.0,1743,-1.2199327324207547
winner,1.0,1744,-0.7583347238496481
winner,1.0,1745,-0.9162821168224208
winner,1.0,1746,-1.2418585745528508
winner,1.0,1747,-0.933601832554705
winner,1.0,1748,-0.9941544606796088
winner,1.0,1749,-1.3049111992511666
winner,1.0,1750,-0.4219084851561884
winner,1.0,1751,-0.5671667177263399
winner,1.0,1752,-1.205914900028302
winner,1.0,1753,-0.89656694949816
winner,1.0,1754,-1.1758842673986944
winner,1.0,1755,-0.6194088571140963
winner,1.0,1756,-0.7160836095813525
winner,1.0,1757,-1.0686035939796823
winner,1.0,1758,-1.4654833696075613
winner,1.0,1759,-0.7699087220837396
winner,1.0,1760,-0.42437901714855436
winner,1.0,1761,-0.8081444161959088
winner,1.0,1762,-0.7097909680554018
winner,1.0,1763,-0.5853012333279034
winner,1.0,1764,-0.1737662239841953
winner,1.0,1765,-0.9677893112932423
winner,1.0,1766,-1.445558727868449
winner,1.0,1767,-1.1469776625534593
winner,1.0,1768,-0.9539372183368666
winner,1.0,1769,-0.6792106143112748
winner,1.0,1770,-0.6508608828009114
winner,1.0,1771,-0.7881445829843089
winner,1.0,1772,-1.0484197386140606
winner,1.0,1773,-0.8318180029618113
winner,1.0,1774,-0.7575644427138393
winner,1.0,1775,-0.8997066887997509
winner,1.0,1776,-0.5701004471940391
winner,1.0,1777,-0.916327285545008
winner,1.0,1778,-1.3302212700568972
winner,1.0,1779,-1.2078397646202093
winner,1.0,1780,-1.0900509006269032
winner,1.0,1781,-1.1520607228534154
winner,1.0,1782,-0.6370200642026534
winner,1.0,1783,-1.1964550075623932
winner,1.0,1784,-1.134403789364763
winner,1.0,1785,-0.6502701052468508
winner,1.0,1786,-0.7703608894178648
winner,1.0,1787,-1.1363226546510077
winner,1.0,1788,-0.9831437999596482
winner,1.0,1789,-1.0104655520502894
winner,1.0,1790,-0.46256627066148415
winner,1.0,1791,-1.4420814766049435
winner,1.0,1792,-0.9194723246286446
winner,1.0,1793,-0.6341294218513298
winner,1.0,1794,-0.5710157971163176
winner,1.0,1795,-0.9878528303163112
winner,1.0,1796,-0.6252520111420874
winner,1.0,1797,-0.8274817537587439
winner,1.0,1798,-0.7568437879545074
winner,1.0,1799,-0.8916680588310847
winner,1.0,1800,-0.34862251562841473
winner,1.0,1801,-0.8780681228101778
winner,1.0,1802,-0.6550317309592758
winner,1.0,1803,-0.7321537545071356
winner,1.0,1804,-0.5280396766843236
winner,1.0,1805,-1.1016807312570658
winner,1.0,1806,-0.7426016847553515
winner,1.0,1807,-1.0484038435919005
winner,1.0,1808,-0.8450919389634102
winner,1.0,1809,-0.577336363860924
winner,1.0,1810,-0.7331132391819788
winner,1.0,1811,-0.7443333334963999
winner,1.0,1812,-0.36682813449607926
winner,1.0,1813,-1.0109022318006025
winner,1.0,1814,-1.107731772564127
winner,1.0,1815,-0.7493485757055383
winner,1.0,1816,-1.0773155249504627
winner,1.0,1817,-1.2197053508900886
winner,1.0,1818,-0.7445664266203892
winner,1.0,1819,-0.5089978664508473
winner,1.0,1820,-0.7320690357231487
winner,1.0,1821,-0.9586987780725083
winner,1.0,1822,-0.6974299867148207
winner,1.0,1823,-0.7475431278286628
winner,1.0,1824,-0.7946568952263484
winner,1.0,1825,-0.6303117096261365
winner,1.0,1826,-0.991385966911566
winner,1.0,1827,-0.8661837175580243
winner,1.0,1828,-0.9280172561397328
winner,1.0,1829,-0.6852275620682096
winner,1.0,1830,-1.1719493169532977
winner,1.0,1831,-0.4714237218390219
winner,1.0,1832,-0.8810064436081446
winner,1.0,1833,-0.9060417681212416
winner,1.0,1834,-0.8750680512532173
winner,1.0,1835,-1.191084113647725
winner,1.0,1836,-0.7957311273032152
winner,1.0,1837,-1.0156653043760437
winner,1.0,1838,-0.8304222089849375
winner,1.0,1839,-1.2911198278852027
winner,1.0,1840,-1.0635810662523117
winner,1.0,1841,-0.5222224238856331
winner,1.0,1842,-0.9711340153121922
winner,1.0,1843,-1.1964387045607823
winner,1.0,1844,-1.1364405142421794
winner,1.0,1845,-0.6060607290305722
winner,1.0,1846,-1.0450411733147218
winner,1.0,1847,-0.8024001994648593
winner,1.0,1848,-0.8798563376179497
winner,1.0,1849,-1.1344841663488539
winner,1.0,1850,-1.2268253690744853
winner,1.0,1851,-0.8619637362970142
winner,1.0,1852,-1.3422216786336398
winner,1.0,1853,-1.2626953100476237
winner,1.0,1854,-0.8584774347786883
winner,1.0,1855,-0.549769552958019
winner,1.0,1856,-0.9756472339881099
winner,1.0,1857,-0.7049597919116153
winner,1.0,1858,-0.5600427365831199
winner,1.0,1859,-1.454648249991436
winner,1.0,1860,-0.4992447837553407
winner,1.0,1861,-0.5296619896550254
winner,1.0,1862,-0.5695642376057861
winner,1.0,1863,-1.0905647992168213
winner,1.0,1864,-0.8619552522610902
winner,1.0,1865,-0.8487512813761513
winner,1.0,1866,-1.136055126468483
winner,1.0,1867,-0.7019156276878428
winner,1.0,1868,-0.5700006575286242
winner,1.0,1869,-0.9669326805723656
winner,1.0,1870,-0.5224052931601234
winner,1.0,1871,-1.2014294190860382
winner,1.0,1872,-1.0329243499012393
winner,1.0,1873,-1.1335986557036166
winner,1.0,1874,-1.378783556216771
winner,1.0,1875,-1.5093317127486223
winner,1.0,1876,-0.813891121457273
winner,1.0,1877,-0.9945757433387523
winner,1.0,1878,-0.7214822677951689
winner,1.0,1879,-1.0151716506799628
winner,1.0,1880,-1.2077435781402346
winner,1.0,1881,-0.6785054351074317
winner,1.0,1882,-1.0976720291002109
winner,1.0,1883,-0.4903179867531025
winner,1.0,1884,-0.7074638965938405
winner,1.0,1885,-1.050117523595079
winner,1.0,1886,-0.9758195363217037
winner,1.0,1887,-0.5082471532206866
winner,1.0,1888,-0.907259270966068
winner,1.0,1889,-0.776213744520417
winner,1.0,1890,-1.1109154286665035
winner,1.0,1891,-0.2849992174661692
winner,1.0,1892,-0.5095250867168171
winner,1.0,1893,-0.4825473545400707
winner,1.0,1894,-0.7551813739576941
winner,1.0,1895,-1.20767463062625
winner,1.0,1896,-1.3108586656157373
winner,1.0,1897,-0.43746484981327455
winner,1.0,1898,-1.166453626266624
winner,1.0,1899,-1.1895797000732575
winner,1.0,1900,-0.09897146857924542
winner,1.0,1901,-0.675317173877047
winner,1.0,1902,-1.0338725352764748
winner,1.0,1903,-0.8260718643031697
winner,1.0,1904,-0.7717994416915006
winner,1.0,1905,-0.9081618949926827
winner,1.0,1906,-0.9863443915637707
winner,1.0,1907,-1.0342702614586499
winner,1.0,1908,-0.6205828596991605
winner,1.0,1909,-0.9563349943561259
winner,1.0,1910,-0.7020083387587011
winner,1.0,1911,-1.1440500097046
winner,1.0,1912,-0.8875040733688141
winner,1.0,1913,-0.7618504811235377
winner,1.0,1914,-1.0614471222268778
winner,1.0,1915,-1.2217698939849808
winner,1.0,1916,-1.0300647649663042
winner,1.0,1917,-1.1818883302959362
winner,1.0,1918,-1.0074944802071566
winner,1.0,1919,-0.9063350918625663
winner,1.0,1920,-0.6211139356360287
winner,1.0,1921,-0.8091260237478717
winner,1.0,1922,-1.2542733378229345
winner,1.0,1923,-0.8380207166889723
winner,1.0,1924,-1.0131443592258742
winner,1.0,1925,-1.2289765884391515
winner,1.0,1926,-0.8794247456989962
winner,1.0,1927,-0.8618332307985224
winner,1.0,1928,-0.9510418081181554
winner,1.0,1929,-0.7867800622491299
winner,1.0,1930,-0.9158639981676866
winner,1.0,1931,-0.8680129750140686
winner,1.0,1932,-0.6992790629742957
winner,1.0,1933,-0.23633900849510264
winner,1.0,1934,-0.92730979814371
winner,1.0,1935,-1.0701880453072448
winner,1.0,1936,-0.7702246510610065
winner,1.0,1937,-0.643418908136259
winner,1.0,1938,-1.1298339011453362
winner,1.0,1939,-0.8476766348738497
winner,1.0,1940,-1.1712434474350253
winner,1.0,1941,-0.8145859236481521
winner,1.0,1942,-0.9173151605498574
winner,1.0,1943,-1.2774970254148663
winner,1.0,1944,-0.34007091991711824
winner,1.0,1945,-0.9092521826339306
winner,1.0,1946,-0.9123385291458771
winner,1.0,1947,-0.8243310443214685
winner,1.0,1948,-0.9200326373387564
winner,1.0,1949,-0.7534094218986214
winner,1.0,1950,-0.8670146741133827
winner,1.0,1951,-1.405609889674217
winner,1.0,1952,-0.5582092876724901
winner,1.0,1953,-1.0223749765020664
winner,1.0,1954,-1.1398413602641684
winner,1.0,1955,-0.46578310387291644
winner,1.0,1956,-0.6533381117657705
winner,1.0,1957,-0.6284000241902807
winner,1.0,1958,-1.1082848322811452
winner,1.0,1959,-0.6923985402105927
winner,1.0,1960,-1.115011790316312
winner,1.0,1961,-1.067972781849909
winner,1.0,1962,-0.7265233518988448
winner,1.0,1963,-1.3681508936339863
winner,1.0,1964,-0.8798728249593817
winner,1.0,1965,-1.112974178008944
winner,1.0,1966,-1.1609765965233165
winner,1.0,1967,-1.1291933586695317
winner,1.0,1968,-0.45332134408047353
winner,1.0,1969,-0.3264986263079661
winner,1.0,1970,-1.2513451122654309
winner,1.0,1971,-0.8846836479758156
winner,1.0,1972,-1.2431456970670827
winner,1.0,1973,-1.0573246868725472
winner,1.0,1974,-0.8660268741159762
winner,1.0,1975,-0.990216323329863
winner,1.0,1976,-0.783610356533182
winner,1.0,1977,-0.7132595416668491
winner,1.0,1978,-0.9869376031774902
winner,1.0,1979,-1.0429722724433816
winner,1.0,1980,-0.7609020037738627
winner,1.0,1981,-0.806031148105547
winner,1.0,1982,-1.3491625533018883
winner,1.0,1983,-1.0089964589534768
winner,1.0,1984,-0.48106571900485723
winner,1.0,1985,-1.3315717917345715
winner,1.0,1986,-0.9760124397153594
winner,1.0,1987,-0.8528479097490005
winner,1.0,1988,-0.9017751415450809
winner,1.0,1989,-0.6378139166685091
winner,1.0,1990,-1.2543381888821525
winner,1.0,1991,-1.0683567580847542
winner,1.0,1992,-0.8476756561711302
winner,1.0,1993,-0.4971056413100777
winner,1.0,1994,-0.7214247361392363
winner,1.0,1995,-1.0651952794708108
winner,1.0,1996,-0.9473260755184925
winner,1.0,1997,-0.7344262296718149
winner,1.0,1998,-0.8013474600767999
winner,1.0,1999,-0.7130394465026256
winner,1.1,0,0.9562278231134405
winner,1.1,1,1.5313937797450976
winner,1.1,2,1.3385808263243746
winner,1.1,3,0.9952900998446099
winner,1.1,4,1.0906780668657365
winner,1.1,5,1.4801205891408837
winner,1.1,6,1.4453635721456408
winner,1.1,7,1.0954187502604056
winner,1.1,8,1.271820548776735
winner,1.1,9,0.8898511160827102
winner,1.1,10,0.9840927961713938
winner,1.1,11,0.9757403883447326
winner,1.1,12,1.279317711433877
winner,1.1,13,1.3292904839879363
winner,1.1,14,0.8230724361065676
winner,1.1,15,1.2205571187867288
winner,1.1,16,1.2284193202271607
winner,1.1,17,0.6996085349535495
winner,1.1,18,0.6599194898750987
winner,1.1,19,1.2726947965370883
winner,1.1,20,1.1066783039091432
winner,1.1,21,1.08034844206391
winner,1.1,22,1.3764273261456474
winner,1.1,23,1.2588259489387346
winner,1.1,24,1.610245194409316
winner,1.1,25,1.3048619944503368
winner,1.1,26,1.947115261717898
winner,1.1,27,1.2081095186192
winner,1.1,28,1.0833244216465299
winner,1.1,29,1.0220687218413251
winner,1.1,30,0.9641241515705797
winner,1.1,31,0.9519016943992955
winner,1.1,32,1.0851074552648134
winner,1.1,33,1.2582299071081346
winner,1.1,34,1.2507641942600816
winner,1.1,35,1.020106534653908
winner,1.1,36,0.8007266125216377
winner,1.1,37,1.3958465376018088
winner,1.1,38,1.2715941622951803
winner,1.1,39,1.0346608268910011
winner,1.1,40,1.1266403375288363
winner,1.1,41,0.5217867514300871
winner,1.1,42,0.9242387718509973
winner,1.1,43,0.7047180122629897
winner,1.1,44,1.0899008229849774
winner,1.1,45,1.378976829581655
winner,1.1,46,1.2038278095470527
winner,1.1,47,0.6380013511492677
winner,1.1,48,1.4429549253171727
winner,1.1,49,1.1509750572413144
winner,1.1,50,1.0882620994503514
winner,1.1,51,0.9057531009795569
winner,1.1,52,1.499394411409474
winner,1.1,53,1.230309059423134
winner,1.1,54,1.4539367985892473
winner,1.1,55,0.7505926482057934
winner,1.1,56,1.6961523837837083
winner,1.1,57,1.0128028792436978
winner,1.1,58,1.4420268590045238
winner,1.1,59,1.7224972913658372
winner,1.1,60,1.0130078520122172
winner,1.1,61,0.8323714249097619
winner,1.1,62,1.057669799063712
winner,1.1,63,1.5218218290479422
winner,1.1,64,0.9877184079126189
winner,1.1,65,0.9173654545116121
winner,1.1,66,1.4113477067389082
winner,1.1,67,0.6367060016515713
winner,1.1,68,1.475182244070057
winner,1.1,69,1.3358105928134554
winner,1.1,70,1.01295581761108
winner,1.1,71,1.0160398856030068
winner,1.1,72,1.2982535333621426
winner,1.1,73,0.9855272234474584
winner,1.1,74,1.2736341786029994
winner,1.1,75,1.1287834844564488
winner,1.1,76,1.2817215606388586
winner,1.1,77,1.5322595873649956
winner,1.1,78,0.8893313463462316
winner,1.1,79,0.9035651658125605
winner,1.1,80,1.1564869568597045
winner,1.1,81,0.8646464490372141
winner,1.1,82,1.1226596796421555
winner,1.1,83,1.0957873648460479
winner,1.1,84,1.3257789461267204
winner,1.1,85,0.7089004354806723
winner,1.1,86,1.3130660763910413
winner,1.1,87,1.599733000435935
winner,1.1,88,1.0807629845392424
winner,1.1,89,1.1675106128318802
winner,1.1,90,1.3692975233123894
winner,1.1,91,0.6453547594069039
winner,1.1,92,0.9400117992779506
winner,1.1,93,1.5084007023422523
winner,1.1,94,1.4895365523689628
winner,1.1,95,1.1018873092797676
winner,1.1,96,1.1920195070900041
winner,1.1,97,1.1233428193922412
winner,1.1,98,0.8131120108407026
winner,1.1,99,1.093458834188774
winner,1.1,100,1.4221712082148201
winner,1.1,101,0.9253428510507958
winner,1.1,102,0.8810793398730105
winner,1.1,103,1.0227953210202143
winner,1.1,104,1.0904846042743634
winner,1.1,105,0.8136795885738424
winner,1.1,106,0.8919678058051737
winner,1.1,107,1.1729658121665147
winner,1.1,108,1.0974974387363827
winner,1.1,109,1.6776140624856046
winner,1.1,110,1.0816986434253315
winner,1.1,111,0.8725313575307353
winner,1.1,112,0.7946800846450025
winner,1.1,113,1.8874683942318389
winner,1.1,114,0.9709850936945478
winner,1.1,115,1.117879524086196
winner,1.1,116,1.3272215252991613
winner,1.1,117,1.2065020690892219
winner,1.1,118,0.9786666393727133
winner,1.1,119,1.253447968560507
winner,1.1,120,1.1040033845910806
winner,1.1,121,1.3079176994824595
winner,1.1,122,0.8466873275969126
winner,1.1,123,0.8254571033718956
winner,1.1,124,0.7948847119967051
winner,1.1,125,1.1450714721183464
winner,1.1,126,0.620685844619441
winner,1.1,127,1.3554767846377365
winner,1.1,128,1.4418936920756065
winner,1.1,129,0.8380199265197701
winner,1.1,130,1.2184039012812466
winner,1.1,131,1.1814995785904974
winner,1.1,132,1.2100347287316553
winner,1.1,133,1.2435287373438162
winner,1.1,134,0.8487691539307062
winner,1.1,135,1.1220389983351364
winner,1.1,136,0.9888133907806668
winner,1.1,137,0.997039038857051
winner,1.1,138,1.2432775571685843
winner,1.1,139,1.2678636075272987
winner,1.1,140,1.0717601390831009
winner,1.1,141,1.0748683961256618
winner,1.1,142,1.2300126937707807
winner,1.1,143,1.156362635382167
winner,1.1,144,0.8877899150786077
winner,1.1,145,1.1252928423759057
winner,1.1,146,0.8551200270851348
winner,1.1,147,0.9827550529157402
winner,1.1,148,1.0261486887060356
winner,1.1,149,1.2703099848848352
winner,1.1,150,0.7102536732468344
winner,1.1,151,1.0301174403898863
winner,1.1,152,1.1345505823423052
winner,1.1,153,0.7993910398769941
winner,1.1,154,1.0810307976193936
winner,1.1,155,1.3152544320767696
winner,1.1,156,1.1644071908094558
winner,1.1,157,0.9668467244380076
winner,1.1,158,1.2780437158480242
winner,1.1,159,1.1301570301270805
winner,1.1,160,1.3860045136607613
winner,1.1,161,1.8107033354103674
winner,1.1,162,0.8542038180875499
winner,1.1,163,1.071355338536855
winner,1.1,164,1.2682444387841831
winner,1.1,165,0.8411175487722865
winner,1.1,166,1.5731387653089999
winner,1.1,167,1.0119278212813927
winner,1.1,168,1.5649411712800931
winner,1.1,169,1.5025071156077359
winner,1.1,170,1.2071494558218154
winner,1.1,171,0.8993038418402469
winner,1.1,172,1.4980560329123702
winner,1.1,173,1.235640205353539
winner,1.1,174,0.9238072313682351
winner,1.1,175,1.5009526394031074
winner,1.1,176,0.974578762384251
winner,1.1,177,1.2125942245916124
winner,1.1,178,1.0610508034714121
winner,1.1,179,1.1345643832371526
winner,1.1,180,1.0581686974532434
winner,1.1,181,1.1501886650601965
winner,1.1,182,1.2353177266037956
winner,1.1,183,1.8885497443567516
winner,1.1,184,1.033395439946278
winner,1.1,185,1.6082722328561925
winner,1.1,186,0.9659163836093945
winner,1.1,187,1.4392780608709244
winner,1.1,188,1.020866094112249
winner,1.1,189,1.202493408966653
winner,1.1,190,1.3153585730634114
winner,1.1,191,1.027924949966713
winner,1.1,192,1.2249912852285487
winner,1.1,193,1.2162329492729607
winner,1.1,194,1.6089012360300474
winner,1.1,195,1.5542783353822611
winner,1.1,196,0.888322695931818
winner,1.1,197,1.1583449342843484
winner,1.1,198,1.217571518301568
winner,1.1,199,0.8602779753737887
winner,1.1,200,1.23166719619533
winner,1.1,201,1.0446879679990215
winner,1.1,202,0.8908965048335694
winner,1.1,203,0.6047008177477879
winner,1.1,204,1.1449407264640326
winner,1.1,205,0.739133175336924
winner,1.1,206,0.903087125816719
winner,1.1,207,1.1028558437920526
winner,1.1,208,1.2213823162610706
winner,1.1,209,1.2271948852348475
winner,1.1,210,1.5479459601446564
winner,1.1,211,0.7525815858086853
winner,1.1,212,0.8506727245746225
winner,1.1,213,1.0949870567909372
winner,1.1,214,1.1536184720044496
winner,1.1,215,1.25796956498019
winner,1.1,216,1.1279300730538935
winner,1.1,217,1.2009238236613127
winner,1.1,218,1.0131756729412822
winner,1.1,219,0.9481954404212832
winner,1.1,220,1.4168942526370496
winner,1.1,221,1.1562880619663083
winner,1.1,222,1.0207062390439285
winner,1.1,223,1.0444549242614958
winner,1.1,224,1.6989750057832436
winner,1.1,225,1.3314807816100354
winner,1.1,226,0.8573807941645658
winner,1.1,227,0.3544461630182533
winner,1.1,228,1.4571190009458141
winner,1.1,229,0.9523961205175235
winner,1.1,230,1.1089347606380457
winner,1.1,231,0.899234480945569
winner,1.1,232,1.175498517892969
winner,1.1,233,1.3776166473855387
winner,1.1,234,1.624514716336198
winner,1.1,235,1.2096014894277032
winner,1.1,236,1.5183964447434521
winner,1.1,237,1.1714631544646568
winner,1.1,238,1.2628347607782842
winner,1.1,239,1.418992894362646
winner,1.1,240,1.0561346200528696
winner,1.1,241,1.423337052634323
winner,1.1,242,1.3788911933859145
winner,1.1,243,0.7611977286907295
winner,1.1,244,0.9715431686800825
winner,1.1,245,1.5579165493505334
winner,1.1,246,1.0783351462881672
winner,1.1,247,0.9848414638850015
winner,1.1,248,0.7116744683219774
winner,1.1,249,1.8403598777707217
winner,1.1,250,0.786783907534116
winner,1.1,251,0.787898176897794
winner,1.1,252,1.0494959357122753
winner,1.1,253,0.5703295225935573
winner,1.1,254,1.314160286967275
winner,1.1,255,0.9962913528218775
winner,1.1,256,1.166608265744778
winner,1.1,257,1.7747311496248275
winner,1.1,258,0.7255100989832274
winner,1.1,259,1.1023697406052488
winner,1.1,260,0.8513393722284583
winner,1.1,261,1.1483813521220223
winner,1.1,262,1.407942882741234
winner,1.1,263,1.1875189260683139
winner,1.1,264,1.234773098794692
winner,1.1,265,1.2368190789683746
winner,1.1,266,1.1697079051599213
winner,1.1,267,1.1900939281224574
winner,1.1,268,1.5651029111883938
winner,1.1,269,1.0006078413005388
winner,1.1,270,0.619579637788611
winner,1.1,271,0.9029560193734806
winner,1.1,272,0.8093272773867369
winner,1.1,273,1.084507224068139
winner,1.1,274,1.3567351844776985
winner,1.1,275,1.2393089708861418
winner,1.1,276,1.1026514012738
winner,1.1,277,1.6892368694410869
winner,1.1,278,1.4452617085884736
winner,1.1,279,0.9868616677164841
winner,1.1,280,0.9609197070289365
winner,1.1,281,1.0295372660351079
winner,1.1,282,1.2537310005395728
winner,1.1,283,0.6683092991349593
winner,1.1,284,0.7663365998003955
winner,1.1,285,1.2435994723362336
winner,1.1,286,1.2129469976583844
winner,1.1,287,0.9490728661159736
winner,1.1,288,1.0755183263581078
winner,1.1,289,0.9278419593660535
winner,1.1,290,1.4084677593419006
winner,1.1,291,0.8750410632457635
winner,1.1,292,1.7111233497342468
winner,1.1,293,1.271364358987997
winner,1.1,294,1.0557010683969101
winner,1.1,295,1.1695824864653384
winner,1.1,296,1.2374798747574034
winner,1.1,297,0.6894473475221611
winner,1.1,298,1.2366005693004374
winner,1.1,299,0.6560161543301197
winner,1.1,300,1.4431256642419998
winner,1.1,301,1.234431307805666
winner,1.1,302,1.7345111118685628
winner,1.1,303,1.4266498221704083
winner,1.1,304,1.179897277293815
winner,1.1,305,1.4369122812309758
winner,1.1,306,0.8014687901750809
winner,1.1,307,0.8469692992634025
winner,1.1,308,1.0252799255676384
winner,1.1,309,1.3588741403993299
winner,1.1,310,1.5563752513560467
winner,1.1,311,1.1550707793940875
winner,1.1,312,1.4703245294469116
winner,1.1,313,1.113004525795415
winner,1.1,314,0.7507210134088634
winner,1.1,315,1.1362882754096113
winner,1.1,316,1.1724250806497785
winner,1.1,317,0.6259301320242664
winner,1.1,318,0.9127889252446036
winner,1.1,319,1.1498963058247655
winner,1.1,320,1.2222622039899762
winner,1.1,321,1.5107255654655725
winner,1.1,322,0.8017698677986662
winner,1.1,323,0.9133621166904851
winner,1.1,324,0.9024459668461672
winner,1.1,325,0.8903421578243315
winner,1.1,326,1.2984987547957205
winner,1.1,327,1.1841433596240134
winner,1.1,328,1.1353734565080222
winner,1.1,329,0.4897255038364303
winner,1.1,330,1.3992107964908695
winner,1.1,331,2.037175156017295
winner,1.1,332,1.1512065950363832
winner,1.1,333,0.7214050852684354
winner,1.1,334,1.39576359981264
winner,1.1,335,1.6460433768023117
winner,1.1,336,1.1920429444173406
winner,1.1,337,0.9736167550939361
winner,1.1,338,1.0917755239128855
winner,1.1,339,1.4309537082158472
winner,1.1,340,0.7872813390865284
winner,1.1,341,0.9483869512596038
winner,1.1,342,0.9918285545013503
winner,1.1,343,0.5400625033862836
winner,1.1,344,1.5810094261094394
winner,1.1,345,0.9227519599951104
winner,1.1,346,0.7178457540397931
winner,1.1,347,1.2479786826811778
winner,1.1,348,0.9571336553374493
winner,1.1,349,1.4921204120275136
winner,1.1,350,0.8700411687946896
winner,1.1,351,1.5744656522229918
winner,1.1,352,1.0952046316893274
winner,1.1,353,1.404658495687963
winner,1.1,354,1.2302562492588984
winner,1.1,355,1.28931178423445
winner,1.1,356,1.0499794006433398
winner,1.1,357,0.7349029778556804
winner,1.1,358,0.960812024421104
winner,1.1,359,0.7283801214651919
winner,1.1,360,1.3088756332349152
winner,1.1,361,1.191594388349915
winner,1.1,362,0.9333438255661429
winner,1.1,363,0.6058518162007757
winner,1.1,364,1.2463586866921785
winner,1.1,365,1.4349247800426814
winner,1.1,366,1.223829317900781
winner,1.1,367,1.1893235465773178
winner,1.1,368,1.1571499235536808
winner,1.1,369,1.0214688801710727
winner,1.1,370,1.1573262872255752
winner,1.1,371,0.7450097015606479
winner,1.1,372,1.0281395075000093
winner,1.1,373,1.1656424084622234
winner,1.1,374,1.3835160375972664
winner,1.1,375,1.545715609215336
winner,1.1,376,1.4611353802189855
winner,1.1,377,0.9971039770504522
winner,1.1,378,1.0453244139577704
winner,1.1,379,0.8558304273514572
winner,1.1,380,0.9565392648639919
winner,1.1,381,1.234561862673547
winner,1.1,382,1.064102039263304
winner,1.1,383,0.8750821921638303
winner,1.1,384,1.2736217355479238
winner,1.1,385,0.7658433607985013
winner,1.1,386,1.1260679027085376
winner,1.1,387,1.0218843418136847
winner,1.1,388,0.9476955956813761
winner,1.1,389,1.5595541205491295
winner,1.1,390,1.4586844004871995
winner,1.1,391,1.3541407606386364
winner,1.1,392,0.6629181945101035
winner,1.1,393,0.6563656381334233
winner,1.1,394,1.026969029952669
winner,1.1,395,1.4515061313770103
winner,1.1,396,0.9421081188506709
winner,1.1,397,1.168420687110089
winner,1.1,398,1.0702958949743462
winner,1.1,399,1.5782765277069177
winner,1.1,400,1.3582336778100628
winner,1.1,401,0.958366430430088
winner,1.1,402,1.2026895893027245
winner,1.1,403,0.7044065299666317
winner,1.1,404,1.4896266014907338
winner,1.1,405,1.2915392043511387
winner,1.1,406,1.1822500318942963
winner,1.1,407,1.1279572798625617
winner,1.1,408,0.8852654267529615
winner,1.1,409,1.1329022093193997
winner,1.1,410,1.133508191929862
winner,1.1,411,1.1538726224090228
winner,1.1,412,1.0249216295406554
winner,1.1,413,1.3734687005490671
winner,1.1,414,0.6839990338913384
winner,1.1,415,1.5333698590604252
winner,1.1,416,1.1293994127758968
winner,1.1,417,1.2376574674065854
winner,1.1,418,1.3077131550646883
winner,1.1,419,1.3589279469370283
winner,1.1,420,0.660694114821102
winner,1.1,421,1.261270570838692
winner,1.1,422,1.1572606189009091
winner,1.1,423,1.1368801695869015
winner,1.1,424,1.2110475145273383
winner,1.1,425,1.0597079027274199
winner,1.1,426,0.948264395555641
winner,1.1,427,0.7779234337267585
winner,1.1,428,0.7885785213687074
winner,1.1,429,0.7066589155330005
winner,1.1,430,0.906394541994154
winner,1.1,431,1.1457921298635534
winner,1.1,432,1.5366413100217544
winner,1.1,433,1.3735303692142187
winner,1.1,434,0.5222412280703369
winner,1.1,435,0.7981026581603539
winner,1.1,436,1.4358505672740967
winner,1.1,437,0.913685768634479
winner,1.1,438,0.7030187201705991
winner,1.1,439,0.8204221303333128
winner,1.1,440,1.7356453050894314
winner,1.1,441,1.4364635139826207
winner,1.1,442,1.3658479510759938
winner,1.1,443,1.2270767264541775
winner,1.1,444,0.9490277897639363
winner,1.1,445,0.9146350652913229
winner,1.1,446,0.7317086552237362
winner,1.1,447,0.9212862280950935
winner,1.1,448,1.0202822288659583
winner,1.1,449,0.882907921412141
winner,1.1,450,0.7854996440816703
winner,1.1,451,1.0112400706901337
winner,1.1,452,1.0374322179852076
winner,1.1,453,1.098293257175545
winner,1.1,454,1.2331928174344253
winner,1.1,455,0.9766995779918218
winner,1.1,456,1.0355023306559443
winner,1.1,457,1.147825406122928
winner,1.1,458,1.3800548978716283
winner,1.1,459,1.0078837537070195
winner,1.1,460,0.9903304795378641
winner,1.1,461,1.2884804533363066
winner,1.1,462,0.9492931207532215
winner,1.1,463,0.9011727105083098
winner,1.1,464,1.3464994893485063
winner,1.1,465,1.207767831634754
winner,1.1,466,1.0495834663277899
winner,1.1,467,1.1570836746878312
winner,1.1,468,1.2514847458468692
winner,1.1,469,1.3969392697614769
winner,1.1,470,1.0778005650136095
winner,1.1,471,1.0553622798307225
winner,1.1,472,0.7836881217832414
winner,1.1,473,1.2946744709870726
winner,1.1,474,1.0333575799283963
winner,1.1,475,1.1108016889116594
winner,1.1,476,0.7911820294222903
winner,1.1,477,1.138374055932701
winner,1.1,478,1.10202932489279
winner,1.1,479,0.9586192849326215
winner,1.1,480,0.8442167740448682
winner,1.1,481,1.3689264578250886
winner,1.1,482,1.603817069776143
winner,1.1,483,1.2146235094952877
winner,1.1,484,1.2231611969201106
winner,1.1,485,1.0662760828624054
winner,1.1,486,1.8513162080631476
winner,1.1,487,0.890532387294448
winner,1.1,488,1.3036033238713154
winner,1.1,489,1.191717362323644
winner,1.1,490,1.3132259463599207
winner,1.1,491,1.9132144909660471
winner,1.1,492,1.1199129790568663
winner,1.1,493,1.5854879912930742
winner,1.1,494,0.9550696785750749
winner,1.1,495,1.1628055036168796
winner,1.1,496,1.0241303611687267
winner,1.1,497,1.2361965902063223
winner,1.1,498,1.6007568474311578
winner,1.1,499,0.6819640824221057
winner,1.1,500,1.0091266456663357
winner,1.1,501,1.087962508060176
winner,1.1,502,0.9666799315290828
winner,1.1,503,1.2372560228996474
winner,1.1,504,1.2739244395203577
winner,1.1,505,1.6188218386264146
winner,1.1,506,1.2757800589127724
winner,1.1,507,0.9922616430439808
winner,1.1,508,0.7883554902392582
winner,1.1,509,1.242731211215966
winner,1.1,510,0.9916650003923206
winner,1.1,511,1.5594472736515856
winner,1.1,512,0.837794083051378
winner,1.1,513,1.6074865262309412
winner,1.1,514,1.218702723883657
winner,1.1,515,0.9632496153157049
winner,1.1,516,0.7830716093098586
winner,1.1,517,0.9625671347472748
winner,1.1,518,1.5778071078406428
winner,1.1,519,1.0220723802009688
winner,1.1,520,0.886844789631313
winner,1.1,521,1.0397900615621225
winner,1.1,522,1.4830516231715687
winner,1.1,523,1.117226994635147
winner,1.1,524,1.4308604206888083
winner,1.1,525,0.9543957286251733
winner,1.1,526,1.2697561871524035
winner,1.1,527,1.158510643388467
winner,1.1,528,0.9459269234885488
winner,1.1,529,0.8260307995688132
winner,1.1,530,1.2790569681052097
winner,1.1,531,0.8846741554141465
winner,1.1,532,1.22710054831516
winner,1.1,533,1.24950778802965
winner,1.1,534,1.6230234222517401
winner,1.1,535,1.2635365786528547
winner,1.1,536,1.0959108021172304
winner,1.1,537,1.0969716915186771
winner,1.1,538,0.7936300370358306
winner,1.1,539,1.714017326323943
winner,1.1,540,0.5157220426211709
winner,1.1,541,0.8224934229257543
winner,1.1,542,0.6734627127367506
winner,1.1,543,1.2512082033757133
winner,1.1,544,1.1201256751230402
winner,1.1,545,1.4252018400670416
winner,1.1,546,1.1011155508914334
winner,1.1,547,1.1812924288912794
winner,1.1,548,1.0424249273814168
winner,1.1,549,0.7815178570534272
winner,1.1,550,1.672565595703673
winner,1.1,551,0.9682372557336961
winner,1.1,552,1.155011616629511
winner,1.1,553,1.2877535851721174
winner,1.1,554,1.0206157310347843
winner,1.1,555,1.0226291760122577
winner,1.1,556,1.1598428637756426
winner,1.1,557,0.9989079311077733
winner,1.1,558,1.115635619288304
winner,1.1,559,1.2426572418164918
winner,1.1,560,1.1538856764296144
winner,1.1,561,0.9204457903951864
winner,1.1,562,1.0644250594897224
winner,1.1,563,1.1698481906920997
winner,1.1,564,0.8964506533580193
winner,1.1,565,1.7024543491383244
winner,1.1,566,1.5071906631699985
winner,1.1,567,1.2863259872536503
winner,1.1,568,1.1692399547721142
winner,1.1,569,1.0405354817157346
winner,1.1,570,1.2595076067868038
winner,1.1,571,1.3268323903908228
winner,1.1,572,1.1376570602583662
winner,1.1,573,0.8911323178885979
winner,1.1,574,1.1356060247484598
winner,1.1,575,1.1888363029716131
winner,1.1,576,1.2561000316315314
winner,1.1,577,1.0904482100139774
winner,1.1,578,0.8852697519463697
winner,1.1,579,0.8307748393335836
winner,1.1,580,1.318028852299503
winner,1.1,581,1.440541653631499
winner,1.1,582,1.3786157983936058
winner,1.1,583,0.8949731414712955
winner,1.1,584,1.0384029195495559
winner,1.1,585,1.2013729388748742
winner,1.1,586,1.1130381902780424
winner,1.1,587,1.234956974403737
winner,1.1,588,0.6642502043217361
winner,1.1,589,1.1992759015703953
winner,1.1,590,1.5461582420737643
winner,1.1,591,0.7975975223562819
winner,1.1,592,1.040028250205352
winner,1.1,593,1.0481395031706564
winner,1.1,594,0.8522304289226271
winner,1.1,595,0.6492543945377923
winner,1.1,596,0.8432116742536874
winner,1.1,597,1.198587033169034
winner,1.1,598,1.357913735025729
winner,1.1,599,1.1285913918572044
winner,1.1,600,0.5145492821328304
winner,1.1,601,0.9520697382816846
winner,1.1,602,0.9841297257526376
winner,1.1,603,1.2530231146682709
winner,1.1,604,0.8678145127944874
winner,1.1,605,1.1843829349953974
winner,1.1,606,0.8837873779814225
winner,1.1,607,1.728588812418895
winner,1.1,608,1.2564757341255457
winner,1.1,609,0.9653188256966638
winner,1.1,610,1.282937927532966
winner,1.1,611,1.258255770496561
winner,1.1,612,0.979603413324555
winner,1.1,613,1.479272653096578
winner,1.1,614,1.1305587387471194
winner,1.1,615,1.1319149045276835
winner,1.1,616,0.5058393573532254
winner,1.1,617,0.8146928275371611
winner,1.1,618,0.5105463525920027
winner,1.1,619,1.2579277579754897
winner,1.1,620,1.2708013954878934
winner,1.1,621,1.2214716502072676
winner,1.1,622,0.8908374844515423
winner,1.1,623,0.9021165302693193
winner,1.1,624,1.173858943004866
winner,1.1,625,1.440932739065926
winner,1.1,626,1.2314577859754554
winner,1.1,627,1.0840124370962863
winner,1.1,628,1.5575124981604584
winner,1.1,629,0.9134736524539753
winner,1.1,630,1.0414311883982021
winner,1.1,631,0.9400130892835284
winner,1.1,632,1.6305707272066978
winner,1.1,633,0.8203988993856269
winner,1.1,634,1.1891166846467294
winner,1.1,635,0.9369612223537632
winner,1.1,636,1.867120624702058
winner,1.1,637,1.1076599809610834
winner,1.1,638,0.9310755172241598
winner,1.1,639,0.8369259644680099
winner,1.1,640,1.7427693579216146
winner,1.1,641,1.1712102220554772
winner,1.1,642,1.0579900221411074
winner,1.1,643,1.1835946794422139
winner,1.1,644,1.0837811155438644
winner,1.1,645,0.5628093706415597
winner,1.1,646,0.9458078428336751
winner,1.1,647,1.156736975769588
winner,1.1,648,1.222956898003784
winner,1.1,649,0.2830947094947521
winner,1.1,650,1.2054487947984251
winner,1.1,651,1.344656494092548
winner,1.1,652,1.2836029427901263
winner,1.1,653,1.2535305226553037
winner,1.1,654,1.1636791018444013
winner,1.1,655,0.5457256227095607
winner,1.1,656,1.0976878079351344
winner,1.1,657,1.0841461268735666
winner,1.1,658,0.6592194306849145
winner,1.1,659,0.655768491310903
winner,1.1,660,0.9231739261304731
winner,1.1,661,1.7087637018977067
winner,1.1,662,1.185779245834021
winner,1.1,663,1.4040136584989997
winner,1.1,664,1.3542427980615515
winner,1.1,665,0.6933428885942601
winner,1.1,666,1.5251354559978825
winner,1.1,667,0.7443170767456267
winner,1.1,668,1.2294934467211995
winner,1.1,669,1.0283412965940817
winner,1.1,670,1.5224440199198777
winner,1.1,671,1.3151814469275356
winner,1.1,672,0.9569165136722502
winner,1.1,673,0.9564900592961468
winner,1.1,674,1.0814063700924064
winner,1.1,675,1.3263805608301849
winner,1.1,676,1.3945062179808663
winner,1.1,677,1.2523421747602679
winner,1.1,678,1.108554754572175
winner,1.1,679,1.1006504638396137
winner,1.1,680,1.34185849334013
winner,1.1,681,1.128039951784169
winner,1.1,682,1.2899110740050714
winner,1.1,683,1.336014587849346
winner,1.1,684,1.4482238035910993
winner,1.1,685,0.8557326309457599
winner,1.1,686,0.9100809353285064
winner,1.1,687,0.9600568561126309
winner,1.1,688,1.0886178771461146
winner,1.1,689,0.8605727562507317
winner,1.1,690,0.8693272810086495
winner,1.1,691,0.8804762908839795
winner,1.1,692,1.1953638422536674
winner,1.1,693,1.332362590146385
winner,1.1,694,0.9193198710746406
winner,1.1,695,1.1754858923922196
winner,1.1,696,1.226065670464626
winner,1.1,697,1.0931032846217816
winner,1.1,698,0.9808349284257959
winner,1.1,699,1.2362879794433983
winner,1.1,700,0.9900882952767167
winner,1.1,701,1.6025595594702942
winner,1.1,702,0.7628100754682516
winner,1.1,703,0.9141026592265582
winner,1.1,704,0.8393482497861218
winner,1.1,705,0.9385435194891966
winner,1.1,706,0.9837205497217412
winner,1.1,707,0.4594622254712575
winner,1.1,708,1.18463240651423
winner,1.1,709,0.8842826548990652
winner,1.1,710,1.0540748383710252
winner,1.1,711,1.2907554799465024
winner,1.1,712,0.7852470595329332
winner,1.1,713,1.3728025400827712
winner,1.1,714,0.9182504191446181
winner,1.1,715,0.918073975365924
winner,1.1,716,1.2749217746059853
winner,1.1,717,1.036435362482869
winner,1.1,718,1.0282787003091542
winner,1.1,719,1.2409027753192787
winner,1.1,720,1.2881412867614894
winner,1.1,721,0.7986192894071096
winner,1.1,722,1.146498871824912
winner,1.1,723,1.6082275441021883
winner,1.1,724,0.8983711615336799
winner,1.1,725,1.2361009443004571
winner,1.1,726,1.119454262772401
winner,1.1,727,0.9736416350180084
winner,1.1,728,1.024040367953036
winner,1.1,729,1.2993752238212586
winner,1.1,730,0.6911431780126885
winner,1.1,731,1.1471625560845344
winner,1.1,732,0.6922075200320359
winner,1.1,733,1.4543561080159757
winner,1.1,734,1.3099781779888842
winner,1.1,735,1.1832043694366556
winner,1.1,736,0.8964753408437144
winner,1.1,737,1.0183728308618518
winner,1.1,738,1.0251690404322364
winner,1.1,739,0.8804873663632968
winner,1.1,740,1.4487195299757067
winner,1.1,741,0.7619688309411254
winner,1.1,742,0.8301774372640914
winner,1.1,743,1.131073504656756
winner,1.1,744,1.1597707214376651
winner,1.1,745,1.2359144229304277
winner,1.1,746,1.237520388432341
winner,1.1,747,0.9253389273944255
winner,1.1,748,1.1763857945126768
winner,1.1,749,0.9066219230822185
winner,1.1,750,1.4237725893047097
winner,1.1,751,1.0425463078063884
winner,1.1,752,1.4414981518159888
winner,1.1,753,1.3795146934845002
winner,1.1,754,0.788784446795643
winner,1.1,755,1.6033484800036313
winner,1.1,756,0.8229241685395059
winner,1.1,757,1.0621565375702873
winner,1.1,758,1.2649001978034493
winner,1.1,759,1.1463207920429332
winner,1.1,760,1.1993627948923413
winner,1.1,761,1.3603703050430083
winner,1.1,762,1.0787992279261969
winner,1.1,763,1.1658424804816765
winner,1.1,764,1.00662382377204
winner,1.1,765,1.0169844584682017
winner,1.1,766,1.2834944366761347
winner,1.1,767,0.8643572589652944
winner,1.1,768,1.33670304947097
winner,1.1,769,1.0270002698424914
winner,1.1,770,1.1256622373980083
winner,1.1,771,1.2851501059881743
winner,1.1,772,0.9783356784667735
winner,1.1,773,0.8221107159782551
winner,1.1,774,0.7781803530715721
winner,1.1,775,1.4812547246158791
winner,1.1,776,0.7130552318625203
winner,1.1,777,1.4226359752969402
winner,1.1,778,1.6338447571651589
winner,1.1,779,1.302682615006383
winner,1.1,780,1.025966490838977
winner,1.1,781,1.0388962189674056
winner,1.1,782,0.9888993076824524
winner,1.1,783,0.9982171724819265
winner,1.1,784,1.6982032600543588
winner,1.1,785,1.2561041930369607
winner,1.1,786,1.716135685618027
winner,1.1,787,1.3426535949046483
winner,1.1,788,1.0332276524768575
winner,1.1,789,1.2710655945638283
winner,1.1,790,0.885574654246044
winner,1.1,791,1.2097396320536522
winner,1.1,792,0.9791360092204591
winner,1.1,793,0.7920251486302711
winner,1.1,794,1.5339670597125852
winner,1.1,795,0.8629515153399776
winner,1.1,796,0.9838968832236166
winner,1.1,797,1.074885445153895
winner,1.1,798,0.9151521462518493
winner,1.1,799,0.863460771032101
winner,1.1,800,1.3215497856653833
winner,1.1,801,0.3595337109712098
winner,1.1,802,1.0397314593751446
winner,1.1,803,0.657041729732469
winner,1.1,804,1.128929390838149
winner,1.1,805,1.2384108279240469
winner,1.1,806,0.8093240782879296
winner,1.1,807,1.187907776456592
winner,1.1,808,1.2374149034595932
winner,1.1,809,1.1982527114108514
winner,1.1,810,0.7546638892176576
winner,1.1,811,1.0166955211653899
winner,1.1,812,1.5020497653781861
winner,1.1,813,0.9087835403136335
winner,1.1,814,0.7498147389250936
winner,1.1,815,0.7758551373069796
winner,1.1,816,0.7748642684010961
winner,1.1,817,0.6402913719867623
winner,1.1,818,1.1380154523768786
winner,1.1,819,0.867592818036953
winner,1.1,820,1.0446751520150137
winner,1.1,821,0.8460630561858107
winner,1.1,822,1.1199933820177257
winner,1.1,823,0.8778871013753126
winner,1.1,824,0.9736070615612646
winner,1.1,825,1.1199755159096816
winner,1.1,826,0.9223720474478067
winner,1.1,827,0.811157295843517
winner,1.1,828,0.9847599937622585
winner,1.1,829,1.2393879538417805
winner,1.1,830,0.3346878079995433
winner,1.1,831,0.9470438888664577
winner,1.1,832,1.4735015514685985
winner,1.1,833,0.8475255249720899
winner,1.1,834,1.2237275630211573
winner,1.1,835,0.4921525171743835
winner,1.1,836,1.3167930555500078
winner,1.1,837,1.3604855226434907
winner,1.1,838,0.9634011004995928
winner,1.1,839,1.3796770731550958
winner,1.1,840,1.0888201831149635
winner,1.1,841,1.0810313471398783
winner,1.1,842,1.1487672578028747
winner,1.1,843,0.9323881474898301
winner,1.1,844,0.6003346042766914
winner,1.1,845,1.065852367510389
winner,1.1,846,1.354320352287701
winner,1.1,847,1.166402907443326
winner,1.1,848,1.4983042334800576
winner,1.1,849,1.611390770064728
winner,1.1,850,1.0228915564785668
winner,1.1,851,0.9192664166647224
winner,1.1,852,1.0676596867701151
winner,1.1,853,1.04122793882898
winner,1.1,854,0.9461672534225818
winner,1.1,855,1.3395549164148193
winner,1.1,856,1.2117347641139995
winner,1.1,857,1.05101137929884
winner,1.1,858,0.7410676415649634
winner,1.1,859,0.8372952820561721
winner,1.1,860,1.660586234773975
winner,1.1,861,1.0214109413801649
winner,1.1,862,0.7801552192173784
winner,1.1,863,1.0205474321565002
winner,1.1,864,1.0627022880813164
winner,1.1,865,1.272773168594624
winner,1.1,866,1.0440663836133266
winner,1.1,867,1.0065913927353347
winner,1.1,868,1.9902966813157223
winner,1.1,869,0.9129761576451889
winner,1.1,870,0.939630073529568
winner,1.1,871,1.756750503713131
winner,1.1,872,1.426389371103694
winner,1.1,873,0.7957304278035245
winner,1.1,874,1.0735960234277846
winner,1.1,875,1.0431010664550868
winner,1.1,876,1.3519616676168273
winner,1.1,877,0.7463001679718937
winner,1.1,878,1.4495625801450398
winner,1.1,879,0.8103500685469278
winner,1.1,880,1.2136462177975182
winner,1.1,881,1.4365963854367112
winner,1.1,882,1.1866645659292547
winner,1.1,883,0.9104052175971259
winner,1.1,884,0.881410633673166
winner,1.1,885,0.7564125438708781
winner,1.1,886,1.257612225227385
winner,1.1,887,1.312186958722772
winner,1.1,888,0.9400925072217127
winner,1.1,889,1.0893304027318906
winner,1.1,890,1.1476191802521
winner,1.1,891,0.9175113305627649
winner,1.1,892,1.10831680868045
winner,1.1,893,1.3421526513152076
winner,1.1,894,1.16602421147602
winner,1.1,895,0.8379704110592145
winner,1.1,896,1.1031589032399711
winner,1.1,897,0.8912087384154067
winner,1.1,898,1.192450293429956
winner,1.1,899,1.0279049539582352
winner,1.1,900,1.2002061293467055
winner,1.1,901,1.0007887961418798
winner,1.1,902,1.3715961787612758
winner,1.1,903,1.0075073851788396
winner,1.1,904,0.9575195022371527
winner,1.1,905,1.3149312748437512
winner,1.1,906,0.87755708826203
winner,1.1,907,1.1194069306420393
winner,1.1,908,1.4343503081626992
winner,1.1,909,1.4945019534233281
winner,1.1,910,1.3543144899133728
winner,1.1,911,1.164416356371412
winner,1.1,912,1.0286993146825312
winner,1.1,913,1.5378528083927636
winner,1.1,914,1.0179414726975282
winner,1.1,915,0.843631642720525
winner,1.1,916,0.7086867510755244
winner,1.1,917,1.5379454884489268
winner,1.1,918,1.4189540485877408
winner,1.1,919,1.3508659638124252
winner,1.1,920,1.063739156397313
winner,1.1,921,0.9845690359890419
winner,1.1,922,0.8570704933952831
winner,1.1,923,0.7400439716569842
winner,1.1,924,0.8036824527283717
winner,1.1,925,1.170012100343895
winner,1.1,926,0.776195376559905
winner,1.1,927,1.2041776247228873
winner,1.1,928,1.5352054885035051
winner,1.1,929,1.2569049887869672
winner,1.1,930,0.917185504825314
winner,1.1,931,0.8071445774892916
winner,1.1,932,1.042266474899158
winner,1.1,933,0.8998810858931322
winner,1.1,934,1.1882133628381437
winner,1.1,935,1.2916683321567328
winner,1.1,936,1.3364695367788846
winner,1.1,937,1.2433713941840467
winner,1.1,938,1.0980511859598172
winner,1.1,939,1.0520109131441677
winner,1.1,940,1.420168645046711
winner,1.1,941,1.6427638037370806
winner,1.1,942,1.0141444755512292
winner,1.1,943,1.0408938020056164
winner,1.1,944,1.2750897629552456
winner,1.1,945,1.3465199252088318
winner,1.1,946,1.2783868783043333
winner,1.1,947,1.576045858800254
winner,1.1,948,1.3273433611183363
winner,1.1,949,1.1040680671132876
winner,1.1,950,1.1878282669216549
winner,1.1,951,1.1934756409711373
winner,1.1,952,1.3576768303633695
winner,1.1,953,1.1006027872951332
winner,1.1,954,0.5890818789512645
winner,1.1,955,1.0968278449853586
winner,1.1,956,1.0348731227038206
winner,1.1,957,1.6242253910644175
winner,1.1,958,1.245258342457285
winner,1.1,959,1.0721372843515615
winner,1.1,960,1.2270842506132469
winner,1.1,961,1.2940535907393746
winner,1.1,962,1.298836439518635
winner,1.1,963,1.0543318116437426
winner,1.1,964,1.0129791328990019
winner,1.1,965,1.5994959801466253
winner,1.1,966,1.526553839382528
winner,1.1,967,1.1995646513388312
winner,1.1,968,1.1281920630116684
winner,1.1,969,1.0805010329901787
winner,1.1,970,0.8359082744462172
winner,1.1,971,1.1076757252976952
winner,1.1,972,1.6137548547410099
winner,1.1,973,1.4250287035784703
winner,1.1,974,1.2569220851246379
winner,1.1,975,0.9741694673196548
winner,1.1,976,1.031853889133445
winner,1.1,977,1.034590166495561
winner,1.1,978,0.5906118115640084
winner,1.1,979,0.8789086682729982
winner,1.1,980,0.9506701905436601
winner,1.1,981,1.1882802352959685
winner,1.1,982,1.4289656391222345
winner,1.1,983,0.8091396753686773
winner,1.1,984,1.2013059807739146
winner,1.1,985,1.2961293559405753
winner,1.1,986,1.0027081756267882
winner,1.1,987,0.8984858585463265
winner,1.1,988,1.1720138053644507
winner,1.1,989,1.012724814133279
winner,1.1,990,1.1874265056036097
winner,1.1,991,0.8348149218303536
winner,1.1,992,0.6790985530403555
winner,1.1,993,1.6652650519995238
winner,1.1,994,1.4376649564326789
winner,1.1,995,0.9483421705889271
winner,1.1,996,1.068775536899893
winner,1.1,997,1.658206972955626
winner,1.1,998,1.629680387798697
winner,1.1,999,1.3914042401909794
winner,1.1,1000,1.4987210217453981
winner,1.1,1001,1.273446009366579
winner,1.1,1002,1.8115312404781414
winner,1.1,1003,0.8760836443182557
winner,1.1,1004,1.42124989326577
winner,1.1,1005,0.4981634101712692
winner,1.1,1006,1.1361226648611855
winner,1.1,1007,1.2831935802468288
winner,1.1,1008,0.7818704571428472
winner,1.1,1009,1.2931972652147417
winner,1.1,1010,0.9903916272154503
winner,1.1,1011,0.9640911520507158
winner,1.1,1012,1.0479672622766594
winner,1.1,1013,1.0296311798827944
winner,1.1,1014,1.0251585445843114
winner,1.1,1015,1.0185476550712602
winner,1.1,1016,1.0591424015163258
winner,1.1,1017,1.264572968694301
winner,1.1,1018,1.2438971230128837
winner,1.1,1019,1.416197202494472
winner,1.1,1020,1.1982110385561366
winner,1.1,1021,0.6083252544635953
winner,1.1,1022,1.2384704394314725
winner,1.1,1023,1.37425297860963
winner,1.1,1024,1.3266165189670642
winner,1.1,1025,1.6368097490134632
winner,1.1,1026,0.4458581623698278
winner,1.1,1027,0.8845963950119197
winner,1.1,1028,1.3252408191929854
winner,1.1,1029,1.270127774790896
winner,1.1,1030,1.032777879285854
winner,1.1,1031,0.7009507907911214
winner,1.1,1032,0.8404094606999846
winner,1.1,1033,1.0769065891648533
winner,1.1,1034,0.6819527126693887
winner,1.1,1035,1.082609518426133
winner,1.1,1036,1.096240745562224
winner,1.1,1037,0.6111272629840286
winner,1.1,1038,1.1352873097126708
winner,1.1,1039,0.7849763139780286
winner,1.1,1040,0.9102196820975283
winner,1.1,1041,1.1554132874804688
winner,1.1,1042,1.5013760109515464
winner,1.1,1043,1.1543892827908684
winner,1.1,1044,1.4864121676380009
winner,1.1,1045,0.6840301763712516
winner,1.1,1046,1.335291681243096
winner,1.1,1047,0.992716337438071
winner,1.1,1048,1.0168037859198455
winner,1.1,1049,1.46594839887052
winner,1.1,1050,1.174666540944926
winner,1.1,1051,1.1880398719311362
winner,1.1,1052,1.202476848421861
winner,1.1,1053,0.7377837854669482
winner,1.1,1054,0.7883935651326266
winner,1.1,1055,1.1674695524288978
winner,1.1,1056,1.049532461042602
winner,1.1,1057,1.003203805155749
winner,1.1,1058,1.1859621020195523
winner,1.1,1059,1.507186254634762
winner,1.1,1060,1.0935791423401007
winner,1.1,1061,1.4900540410408722
winner,1.1,1062,1.2227501000939889
winner,1.1,1063,1.0932723320614985
winner,1.1,1064,1.041897983549783
winner,1.1,1065,1.545162133561313
winner,1.1,1066,0.8999705260803682
winner,1.1,1067,1.4540082293793646
winner,1.1,1068,0.2818925007035321
winner,1.1,1069,1.1925881880397362
winner,1.1,1070,0.9168226216866681
winner,1.1,1071,1.1524810106519134
winner,1.1,1072,0.8931220288921247
winner,1.1,1073,1.2795801500943051
winner,1.1,1074,0.8207330233334514
winner,1.1,1075,1.0493682333809846
winner,1.1,1076,1.4379730982355023
winner,1.1,1077,0.9127201137645662
winner,1.1,1078,1.4209045818418218
winner,1.1,1079,1.6688055104658066
winner,1.1,1080,1.3308087301281983
winner,1.1,1081,1.3690183323568448
winner,1.1,1082,0.9886975696132669
winner,1.1,1083,1.3496776288089998
winner,1.1,1084,0.8015497812029816
winner,1.1,1085,0.9712056615424002
winner,1.1,1086,0.6272686156933791
winner,1.1,1087,1.3619002472041553
winner,1.1,1088,1.4893625899641525
winner,1.1,1089,1.144865526388683
winner,1.1,1090,0.8616378745219144
winner,1.1,1091,0.9271119996128191
winner,1.1,1092,1.252660784878968
winner,1.1,1093,1.1409020762362871
winner,1.1,1094,1.091028069363371
winner,1.1,1095,0.9866261016406224
winner,1.1,1096,1.1902766626827277
winner,1.1,1097,1.4021300817677524
winner,1.1,1098,1.4135295846892786
winner,1.1,1099,1.2930114171140865
winner,1.1,1100,0.7011932385779373
winner,1.1,1101,1.4605840880900989
winner,1.1,1102,1.1649635851209068
winner,1.1,1103,1.187644604987861
winner,1.1,1104,1.4397014995400996
winner,1.1,1105,1.289436280861195
winner,1.1,1106,1.390744971843484
winner,1.1,1107,0.670889215208729
winner,1.1,1108,1.4947106884264212
winner,1.1,1109,1.1862351029790623
winner,1.1,1110,1.0823485010569278
winner,1.1,1111,1.4657822784902574
winner,1.1,1112,1.736643735964735
winner,1.1,1113,1.0405509175414507
winner,1.1,1114,0.812635669572716
winner,1.1,1115,1.2634269836824576
winner,1.1,1116,0.7193762730498279
winner,1.1,1117,0.9900774973757045
winner,1.1,1118,1.4588550148683233
winner,1.1,1119,1.2141347836440164
winner,1.1,1120,1.3167164392368527
winner,1.1,1121,0.7904917523125812
winner,1.1,1122,1.1172107340589232
winner,1.1,1123,1.053798075903637
winner,1.1,1124,0.8803721708673921
winner,1.1,1125,1.5332720739553647
winner,1.1,1126,1.0721188546528932
winner,1.1,1127,0.8870758785629784
winner,1.1,1128,1.4541231327830737
winner,1.1,1129,0.9674267889365267
winner,1.1,1130,1.485303228850343
winner,1.1,1131,1.1653645991246069
winner,1.1,1132,1.4434179806303622
winner,1.1,1133,1.0638282824569953
winner,1.1,1134,1.5602326032330063
winner,1.1,1135,0.8824108456070128
winner,1.1,1136,0.765773097827351
winner,1.1,1137,1.0049396906446026
winner,1.1,1138,1.3716119098112565
winner,1.1,1139,1.0933551339097212
winner,1.1,1140,0.823180298278475
winner,1.1,1141,1.349937375764888
winner,1.1,1142,1.528299138697392
winner,1.1,1143,1.0061175162953702
winner,1.1,1144,0.6731510165199829
winner,1.1,1145,1.1487854195816105
winner,1.1,1146,0.9324467301527779
winner,1.1,1147,1.200795720426859
winner,1.1,1148,1.0937958388058016
winner,1.1,1149,1.1655417562138608
winner,1.1,1150,1.0272088887733888
winner,1.1,1151,1.2204497198173763
winner,1.1,1152,1.0097590706126305
winner,1.1,1153,1.2007541611165395
winner,1.1,1154,1.3572239876770409
winner,1.1,1155,1.2586294263277416
winner,1.1,1156,1.3539805240706506
winner,1.1,1157,1.4718540570041407
winner,1.1,1158,1.062776629330243
winner,1.1,1159,0.923700135649698
winner,1.1,1160,1.0210993739264753
winner,1.1,1161,0.7935064522316078
winner,1.1,1162,1.6367319480268396
winner,1.1,1163,1.5803035622701678
winner,1.1,1164,1.0179005878667213
winner,1.1,1165,1.0126235548953935
winner,1.1,1166,1.077745136539672
winner,1.1,1167,0.8480603245236356
winner,1.1,1168,1.196834618997933
winner,1.1,1169,1.4453067998941065
winner,1.1,1170,0.8892402039645082
winner,1.1,1171,1.0328841481494864
winner,1.1,1172,0.6697717324276352
winner,1.1,1173,1.2548742155337478
winner,1.1,1174,0.9388061006269323
winner,1.1,1175,1.3231838439140136
winner,1.1,1176,0.9483606880889327
winner,1.1,1177,1.157145992233908
winner,1.1,1178,1.0197272379077795
winner,1.1,1179,1.5871902767555943
winner,1.1,1180,1.703007509200699
winner,1.1,1181,0.23236633186110708
winner,1.1,1182,1.0605404683307658
winner,1.1,1183,0.7900715502064798
winner,1.1,1184,1.4516612204326502
winner,1.1,1185,1.1386192013372625
winner,1.1,1186,1.1976296437148117
winner,1.1,1187,1.229133282315295
winner,1.1,1188,1.1711851426504598
winner,1.1,1189,0.9818881509580243
winner,1.1,1190,1.4714359066050224
winner,1.1,1191,0.8968902352082151
winner,1.1,1192,1.4150172330606787
winner,1.1,1193,1.2079796129601543
winner,1.1,1194,0.5777546453687176
winner,1.1,1195,1.3008961075859056
winner,1.1,1196,0.9562812877630348
winner,1.1,1197,1.1386488450546117
winner,1.1,1198,1.594967024436826
winner,1.1,1199,1.4741219642348098
winner,1.1,1200,1.2680312026527052
winner,1.1,1201,0.7302561482626728
winner,1.1,1202,1.2004860064656095
winner,1.1,1203,0.6166782558167323
winner,1.1,1204,1.2158501616758617
winner,1.1,1205,0.6354810528809819
winner,1.1,1206,0.7176802643498477
winner,1.1,1207,1.3819697631161412
winner,1.1,1208,0.8685596882867531
winner,1.1,1209,0.9459981960448814
winner,1.1,1210,1.0957422914936956
winner,1.1,1211,0.6192823730726374
winner,1.1,1212,1.020089491648811
winner,1.1,1213,1.1435609955660422
winner,1.1,1214,1.130141615911273
winner,1.1,1215,1.3391579173804424
winner,1.1,1216,1.0195090380414802
winner,1.1,1217,1.0471436735928497
winner,1.1,1218,0.9024705377422673
winner,1.1,1219,1.1894798610484254
winner,1.1,1220,1.3822546216102285
winner,1.1,1221,1.1482100907001709
winner,1.1,1222,1.1464899834751887
winner,1.1,1223,1.1994142221358883
winner,1.1,1224,1.3663140312587223
winner,1.1,1225,0.9850104514222999
winner,1.1,1226,1.0641803332472257
winner,1.1,1227,1.116606902202832
winner,1.1,1228,1.5670861714660138
winner,1.1,1229,1.0974939488842894
winner,1.1,1230,0.8945812930162355
winner,1.1,1231,1.595358043469166
winner,1.1,1232,1.3013251779723682
winner,1.1,1233,1.2515241183211638
winner,1.1,1234,1.456221504849947
winner,1.1,1235,0.6177793066971508
winner,1.1,1236,1.4070392886127057
winner,1.1,1237,0.7507861021185588
winner,1.1,1238,1.2432474645924312
winner,1.1,1239,1.0664104197309778
winner,1.1,1240,1.2639051133152486
winner,1.1,1241,1.0069540336662397
winner,1.1,1242,1.3666872733207847
winner,1.1,1243,0.8987466384399315
winner,1.1,1244,1.0697101664012691
winner,1.1,1245,0.7736213508725007
winner,1.1,1246,1.7400810094707946
winner,1.1,1247,1.0048628559912605
winner,1.1,1248,1.3077215334491035
winner,1.1,1249,1.2521240765978747
winner,1.1,1250,1.0355905696213088
winner,1.1,1251,0.8297225274265756
winner,1.1,1252,0.9102432078737714
winner,1.1,1253,1.4080408515013112
winner,1.1,1254,0.7829375629892463
winner,1.1,1255,1.5507718430221864
winner,1.1,1256,0.8159101761620025
winner,1.1,1257,1.4692875209085012
winner,1.1,1258,0.6879707778655614
winner,1.1,1259,0.7680623610453807
winner,1.1,1260,1.1179161543477043
winner,1.1,1261,1.3508953151713363
winner,1.1,1262,0.8492944184976422
winner,1.1,1263,1.223876071454399
winner,1.1,1264,1.4122546306063566
winner,1.1,1265,1.137685786285087
winner,1.1,1266,1.26038164862926
winner,1.1,1267,0.9253088993624621
winner,1.1,1268,1.8558076601891105
winner,1.1,1269,1.5015447280727339
winner,1.1,1270,1.343555119467875
winner,1.1,1271,0.8655157789641994
winner,1.1,1272,1.1944993191424143
winner,1.1,1273,1.257389279040322
winner,1.1,1274,1.319460716321732
winner,1.1,1275,1.2366156226356386
winner,1.1,1276,0.9587945566169757
winner,1.1,1277,1.075757734353755
winner,1.1,1278,0.7913031909617788
winner,1.1,1279,1.3228296862859572
winner,1.1,1280,0.8199237507375248
winner,1.1,1281,0.9314982310212158
winner,1.1,1282,1.3729163334765238
winner,1.1,1283,1.2242051670766403
winner,1.1,1284,0.7605732979578789
winner,1.1,1285,1.1400296402524681
winner,1.1,1286,0.9048867463569388
winner,1.1,1287,1.0400699562331095
winner,1.1,1288,0.9714830948370966
winner,1.1,1289,0.8421401071078125
winner,1.1,1290,1.386586636296239
winner,1.1,1291,0.7505263447680729
winner,1.1,1292,0.7482349249221494
winner,1.1,1293,1.0660841322112158
winner,1.1,1294,1.0340694473488887
winner,1.1,1295,0.8101958147076608
winner,1.1,1296,1.2164374076274398
winner,1.1,1297,1.0355391212602627
winner,1.1,1298,1.7246303932604767
winner,1.1,1299,1.2437841257961213
winner,1.1,1300,0.8244899256594315
winner,1.1,1301,0.6212337260856082
winner,1.1,1302,1.0367555821043397
winner,1.1,1303,1.0595351964773847
winner,1.1,1304,1.036213641866749
winner,1.1,1305,0.7581888981340221
winner,1.1,1306,1.0914886549932397
winner,1.1,1307,0.8226190982159943
winner,1.1,1308,1.2917178004983774
winner,1.1,1309,1.3793741282847314
winner,1.1,1310,0.35521558801016645
winner,1.1,1311,0.9262190381036709
winner,1.1,1312,1.0246502429517315
winner,1.1,1313,0.8914037073819876
winner,1.1,1314,1.4541190287654577
winner,1.1,1315,1.095824385394355
winner,1.1,1316,1.0247922832368015
winner,1.1,1317,1.0099822240361809
winner,1.1,1318,0.8340104772634046
winner,1.1,1319,0.5952959611650143
winner,1.1,1320,1.1898609392699857
winner,1.1,1321,0.9190787961404143
winner,1.1,1322,1.4358300440306446
winner,1.1,1323,1.4031441403491947
winner,1.1,1324,1.1222333327008625
winner,1.1,1325,0.905945069625645
winner,1.1,1326,1.362558802691673
winner,1.1,1327,1.2448054996048497
winner,1.1,1328,1.3618057052824162
winner,1.1,1329,0.6257107677748467
winner,1.1,1330,1.1360535719010962
winner,1.1,1331,1.3448923188811746
winner,1.1,1332,1.0243750444550956
winner,1.1,1333,1.071299056091149
winner,1.1,1334,1.6456257703942105
winner,1.1,1335,1.1892023850659053
winner,1.1,1336,1.1562340930214685
winner,1.1,1337,0.9542862144895118
winner,1.1,1338,0.9172701717341072
winner,1.1,1339,1.1320042333009372
winner,1.1,1340,0.8240462967100803
winner,1.1,1341,1.1927697255209142
winner,1.1,1342,1.1736486306748888
winner,1.1,1343,0.40385423093880635
winner,1.1,1344,1.3054875964644241
winner,1.1,1345,0.8011311338435662
winner,1.1,1346,1.0992208919105704
winner,1.1,1347,1.3754981148788015
winner,1.1,1348,0.8207066175168779
winner,1.1,1349,1.0945935955869064
winner,1.1,1350,1.3240299056134086
winner,1.1,1351,0.9271630893334104
winner,1.1,1352,0.6974336110323117
winner,1.1,1353,1.203474239815087
winner,1.1,1354,0.8572408994638189
winner,1.1,1355,1.0930647639366928
winner,1.1,1356,0.6930618896654575
winner,1.1,1357,1.9325139302983254
winner,1.1,1358,1.5554911138487375
winner,1.1,1359,1.2621214799437834
winner,1.1,1360,1.0319089527105536
winner,1.1,1361,1.0932644922950405
winner,1.1,1362,1.1219997602422052
winner,1.1,1363,1.4929777374029152
winner,1.1,1364,1.1198833378746273
winner,1.1,1365,1.0369577139681732
winner,1.1,1366,1.7182054256486472
winner,1.1,1367,1.4797635473349764
winner,1.1,1368,1.257581595650006
winner,1.1,1369,1.7331686234458124
winner,1.1,1370,1.3048752442536489
winner,1.1,1371,1.2847426377705424
winner,1.1,1372,1.5677802529487905
winner,1.1,1373,1.153522438082686
winner,1.1,1374,1.0271095282722664
winner,1.1,1375,1.0696916017514586
winner,1.1,1376,0.7472067003773095
winner,1.1,1377,0.7276628716904718
winner,1.1,1378,1.475685013061652
winner,1.1,1379,0.9662362856702289
winner,1.1,1380,1.1147314618710422
winner,1.1,1381,0.9943472355129994
winner,1.1,1382,1.5102906323033873
winner,1.1,1383,0.8136348807174822
winner,1.1,1384,1.0902260066818887
winner,1.1,1385,1.2964394159214583
winner,1.1,1386,0.8429106742923368
winner,1.1,1387,1.2924408103858764
winner,1.1,1388,1.1755001725169731
winner,1.1,1389,1.247429137774724
winner,1.1,1390,1.373920715081372
winner,1.1,1391,0.9477532774981253
winner,1.1,1392,1.6048196648714728
winner,1.1,1393,0.7469129330905584
winner,1.1,1394,0.926009829832967
winner,1.1,1395,1.5808981728315479
winner,1.1,1396,1.0952719690189106
winner,1.1,1397,1.0448769925341361
winner,1.1,1398,1.4939845382012609
winner,1.1,1399,0.9389573005878183
winner,1.1,1400,1.094386272834229
winner,1.1,1401,0.7325732738148962
winner,1.1,1402,1.6229424139510797
winner,1.1,1403,0.690077990794581
winner,1.1,1404,0.9722688360426919
winner,1.1,1405,0.986690796404237
winner,1.1,1406,1.050217132045222
winner,1.1,1407,1.2600523451160177
winner,1.1,1408,1.3587181724888655
winner,1.1,1409,1.1163265534537776
winner,1.1,1410,0.8358600029273477
winner,1.1,1411,1.1246750354597927
winner,1.1,1412,1.3882013514392078
winner,1.1,1413,1.1460046418273495
winner,1.1,1414,1.152995752519548
winner,1.1,1415,1.2156108698629813
winner,1.1,1416,1.2766157866016885
winner,1.1,1417,1.2583395110210147
winner,1.1,1418,1.0450487047649684
winner,1.1,1419,1.5507703232881194
winner,1.1,1420,1.089751988438831
winner,1.1,1421,0.830801527328525
winner,1.1,1422,1.7016194949424348
winner,1.1,1423,0.8771115726500672
winner,1.1,1424,0.9988902810586452
winner,1.1,1425,1.1750921673449424
winner,1.1,1426,1.5508909931431931
winner,1.1,1427,0.9847125017252085
winner,1.1,1428,1.009117308711132
winner,1.1,1429,1.276087237908453
winner,1.1,1430,1.3163249593200674
winner,1.1,1431,1.609004887328441
winner,1.1,1432,1.0642634324245015
winner,1.1,1433,1.13955865284599
winner,1.1,1434,0.9915130869748289
winner,1.1,1435,1.185503796317643
winner,1.1,1436,1.3100800646569237
winner,1.1,1437,1.3136523461054732
winner,1.1,1438,1.1633964626045232
winner,1.1,1439,1.2647182572696405
winner,1.1,1440,0.9887103699926275
winner,1.1,1441,1.1376455584227252
winner,1.1,1442,1.1751122886180592
winner,1.1,1443,1.7340320682485346
winner,1.1,1444,1.0086604791720295
winner,1.1,1445,1.0252314309837232
winner,1.1,1446,1.0311467264628662
winner,1.1,1447,1.1761441185146209
winner,1.1,1448,1.127487385350832
winner,1.1,1449,1.0405664824966825
winner,1.1,1450,0.5066623616127114
winner,1.1,1451,0.7393694300403149
winner,1.1,1452,0.580985643353184
winner,1.1,1453,1.5713449381688178
winner,1.1,1454,1.352111953838316
winner,1.1,1455,1.1544857978174274
winner,1.1,1456,1.5069378189533627
winner,1.1,1457,0.7328732000698025
winner,1.1,1458,1.294997697995263
winner,1.1,1459,0.9693615133869508
winner,1.1,1460,0.9714876470675492
winner,1.1,1461,1.21027250495281
winner,1.1,1462,0.8939364767522712
winner,1.1,1463,0.8042412986475742
winner,1.1,1464,1.2992504034802794
winner,1.1,1465,1.4556043331811652
winner,1.1,1466,1.118027406609822
winner,1.1,1467,0.9889405324623896
winner,1.1,1468,0.9873273787678417
winner,1.1,1469,1.1874778895352318
winner,1.1,1470,0.9230614236288257
winner,1.1,1471,1.0620617520934375
winner,1.1,1472,0.9175709257577365
winner,1.1,1473,1.0109836811314707
winner,1.1,1474,0.6277844794780064
winner,1.1,1475,1.3083644102829632
winner,1.1,1476,1.3405188914919204
winner,1.1,1477,1.8000214255958054
winner,1.1,1478,0.9172924634130978
winner,1.1,1479,1.0324820119251452
winner,1.1,1480,1.4570791398848146
winner,1.1,1481,0.9472341304388132
winner,1.1,1482,1.182017236582884
winner,1.1,1483,0.6041490182316475
winner,1.1,1484,1.1104258236223974
winner,1.1,1485,1.2030333116843932
winner,1.1,1486,1.6143886678365105
winner,1.1,1487,1.214426453161744
winner,1.1,1488,1.9475460816510364
winner,1.1,1489,1.6039867555518743
winner,1.1,1490,0.8758668878332739
winner,1.1,1491,1.3125154217793118
winner,1.1,1492,1.1355643785644502
winner,1.1,1493,1.043774523554305
winner,1.1,1494,1.1461321906484272
winner,1.1,1495,1.24566398971832
winner,1.1,1496,1.2776802901669013
winner,1.1,1497,0.7541358713981043
winner,1.1,1498,0.8537160643924301
winner,1.1,1499,0.818129129899497
winner,1.1,1500,1.0716336287584232
winner,1.1,1501,1.3529753282228614
winner,1.1,1502,0.8443020053560745
winner,1.1,1503,1.1685120006387566
winner,1.1,1504,1.5600186066413353
winner,1.1,1505,0.8043794677430676
winner,1.1,1506,0.9550129865301203
winner,1.1,1507,1.8046053468955405
winner,1.1,1508,1.381783935377331
winner,1.1,1509,0.8689812014012902
winner,1.1,1510,0.7573616902573506
winner,1.1,1511,1.2231926946520295
winner,1.1,1512,1.0798778539201965
winner,1.1,1513,1.0409203329694992
winner,1.1,1514,1.133785035373861
winner,1.1,1515,1.1808700449678071
winner,1.1,1516,0.8397028793542507
winner,1.1,1517,1.2386681049634207
winner,1.1,1518,1.211961009189266
winner,1.1,1519,0.8191049198853037
winner,1.1,1520,1.2696878981918063
winner,1.1,1521,0.9465500079330128
winner,1.1,1522,1.3296734033501625
winner,1.1,1523,1.1073730330595148
winner,1.1,1524,0.7538204161175187
winner,1.1,1525,0.6667178035920032
winner,1.1,1526,1.109532528540452
winner,1.1,1527,0.7659682926427838
winner,1.1,1528,1.2413126859165242
winner,1.1,1529,1.1797910944785335
winner,1.1,1530,1.388998304893214
winner,1.1,1531,1.1176451105117504
winner,1.1,1532,1.0406550085067667
winner,1.1,1533,1.0457330651123355
winner,1.1,1534,1.6283657649890526
winner,1.1,1535,1.0927344347782133
winner,1.1,1536,0.868442085968759
winner,1.1,1537,0.9929755482344494
winner,1.1,1538,0.8675312411568299
winner,1.1,1539,1.174426890357669
winner,1.1,1540,0.887445669657435
winner,1.1,1541,1.2858737533347135
winner,1.1,1542,0.7514542161155362
winner,1.1,1543,1.120681965731142
winner,1.1,1544,1.1451256351168497
winner,1.1,1545,0.6590206806383657
winner,1.1,1546,1.3462743675257614
winner,1.1,1547,1.5522804014112819
winner,1.1,1548,1.063770699135254
winner,1.1,1549,0.8459304964388882
winner,1.1,1550,1.1887036431147897
winner,1.1,1551,1.0597575837732887
winner,1.1,1552,1.7407029256553304
winner,1.1,1553,1.0330415864697764
winner,1.1,1554,0.8848066108843038
winner,1.1,1555,1.1557887339670376
winner,1.1,1556,0.8530630853733357
winner,1.1,1557,1.4866541095583699
winner,1.1,1558,1.2960214622550348
winner,1.1,1559,1.0742077103731043
winner,1.1,1560,1.1388838388451155
winner,1.1,1561,1.1625196711562829
winner,1.1,1562,0.6213328218140879
winner,1.1,1563,1.2122726445519239
winner,1.1,1564,0.6452178183721063
winner,1.1,1565,1.3731883225301116
winner,1.1,1566,1.6339043893929457
winner,1.1,1567,1.563474895587713
winner,1.1,1568,1.1653502741841077
winner,1.1,1569,1.1013676501273124
winner,1.1,1570,1.1518654153486638
winner,1.1,1571,0.9460259259781814
winner,1.1,1572,1.1809036551258754
winner,1.1,1573,1.8100746496357982
winner,1.1,1574,1.1378531139406738
winner,1.1,1575,1.3710113420376433
winner,1.1,1576,1.1755360108208799
winner,1.1,1577,1.2170629748165487
winner,1.1,1578,1.3563018809527336
winner,1.1,1579,1.3225870030997908
winner,1.1,1580,0.9562404720056767
winner,1.1,1581,1.5233547327469141
winner,1.1,1582,1.1639929217378109
winner,1.1,1583,1.5089631677083288
winner,1.1,1584,1.0327426666149486
winner,1.1,1585,1.2324938489580097
winner,1.1,1586,1.2916912572829014
winner,1.1,1587,1.3587615202484449
winner,1.1,1588,0.9264668207455389
winner,1.1,1589,1.109355337467234
winner,1.1,1590,0.9501824131859093
winner,1.1,1591,1.2279894822041215
winner,1.1,1592,1.4017849581941553
winner,1.1,1593,0.8554641739815925
winner,1.1,1594,0.8312315350527055
winner,1.1,1595,1.3626850625130416
winner,1.1,1596,1.1617091220667777
winner,1.1,1597,1.6875309965288494
winner,1.1,1598,1.1349085112067192
winner,1.1,1599,1.347031940599241
winner,1.1,1600,1.1168217552796431
winner,1.1,1601,1.446028005744456
winner,1.1,1602,0.9378269060236031
winner,1.1,1603,1.4923429865517566
winner,1.1,1604,1.5476733337663724
winner,1.1,1605,0.859982816339901
winner,1.1,1606,1.1952461548323687
winner,1.1,1607,0.9759357710073543
winner,1.1,1608,1.2363655353715115
winner,1.1,1609,0.9781610687290622
winner,1.1,1610,1.2935945075176734
winner,1.1,1611,0.9571692620519928
winner,1.1,1612,0.9399495617971967
winner,1.1,1613,1.505032734430211
winner,1.1,1614,1.3008233591442067
winner,1.1,1615,1.2584125730305407
winner,1.1,1616,1.1238724115706145
winner,1.1,1617,1.2212752849141721
winner,1.1,1618,1.3680433977500785
winner,1.1,1619,1.2281137214386515
winner,1.1,1620,1.0269403897630094
winner,1.1,1621,0.6133169019341174
winner,1.1,1622,0.8513629581323504
winner,1.1,1623,0.6855379360638668
winner,1.1,1624,1.0369069895144525
winner,1.1,1625,1.1990202492092514
winner,1.1,1626,1.2250631437831256
winner,1.1,1627,1.5148847120488955
winner,1.1,1628,1.2123887151967656
winner,1.1,1629,1.651820049316341
winner,1.1,1630,1.3453532385694966
winner,1.1,1631,1.3111933451475817
winner,1.1,1632,1.0557185937916376
winner,1.1,1633,1.5182116161129606
winner,1.1,1634,1.1983138008093572
winner,1.1,1635,1.2709894858227346
winner,1.1,1636,1.0907284074768149
winner,1.1,1637,1.5752110817536973
winner,1.1,1638,1.2151216054051297
winner,1.1,1639,0.8532796884528362
winner,1.1,1640,0.9926274748080621
winner,1.1,1641,0.665806327217378
winner,1.1,1642,1.5979892858508609
winner,1.1,1643,1.0737919829679972
winner,1.1,1644,1.0107836757823105
winner,1.1,1645,0.6123361159632407
winner,1.1,1646,1.0465356607497018
winner,1.1,1647,0.8384446276422758
winner,1.1,1648,1.5431229260837644
winner,1.1,1649,1.1764496582287107
winner,1.1,1650,1.1817865889394255
winner,1.1,1651,0.9616216334359697
winner,1.1,1652,1.4438306305672528
winner,1.1,1653,1.3354515899164263
winner,1.1,1654,0.6317170988120383
winner,1.1,1655,0.9350416473560519
winner,1.1,1656,1.1496881971599044
winner,1.1,1657,1.494284075804179
winner,1.1,1658,0.6555499066682531
winner,1.1,1659,1.1538925393580546
winner,1.1,1660,1.3632563573120666
winner,1.1,1661,1.3920683362652928
winner,1.1,1662,1.2597792922368505
winner,1.1,1663,0.9720319739064361
winner,1.1,1664,0.6363287604030186
winner,1.1,1665,0.9388466386389055
winner,1.1,1666,0.5759974159463636
winner,1.1,1667,1.3777676136318706
winner,1.1,1668,1.0692328689804285
winner,1.1,1669,0.8030600074231382
winner,1.1,1670,1.0345596602090104
winner,1.1,1671,0.9001827751012274
winner,1.1,1672,1.0243851810260538
winner,1.1,1673,1.285738341082761
winner,1.1,1674,1.405438390288851
winner,1.1,1675,1.0268470419662497
winner,1.1,1676,0.722436357717001
winner,1.1,1677,0.9490180648776121
winner,1.1,1678,1.1042090050116202
winner,1.1,1679,1.0419149223123345
winner,1.1,1680,0.9972074125175101
winner,1.1,1681,1.0660912028429343
winner,1.1,1682,1.3438470649417218
winner,1.1,1683,0.8987781608789548
winner,1.1,1684,0.6506542836014689
winner,1.1,1685,1.202031754307079
winner,1.1,1686,1.2093354497124464
winner,1.1,1687,1.1329607287983052
winner,1.1,1688,1.2293379466420715
winner,1.1,1689,1.0239011259770388
winner,1.1,1690,1.2140956706104165
winner,1.1,1691,1.1546265520938381
winner,1.1,1692,1.1874835550502736
winner,1.1,1693,0.8388193399363354
winner,1.1,1694,1.478711132353308
winner,1.1,1695,1.240985801714218
winner,1.1,1696,1.513718402553813
winner,1.1,1697,1.563269213274409
winner,1.1,1698,1.5676105461769851
winner,1.1,1699,1.21170287944185
winner,1.1,1700,1.5468382575918518
winner,1.1,1701,0.8004790113973524
winner,1.1,1702,0.7353739923188114
winner,1.1,1703,0.8587926192481362
winner,1.1,1704,1.1881129725911892
winner,1.1,1705,0.9417170377740219
winner,1.1,1706,1.4622624828112918
winner,1.1,1707,0.6424479936882586
winner,1.1,1708,1.1009171765362566
winner,1.1,1709,1.2147372967822248
winner,1.1,1710,1.1156171948064304
winner,1.1,1711,1.0265431960346574
winner,1.1,1712,1.2993604729246293
winner,1.1,1713,1.0453873760136356
winner,1.1,1714,0.6798684866153991
winner,1.1,1715,1.345783367288896
winner,1.1,1716,0.8727089593493528
winner,1.1,1717,1.165608793961333
winner,1.1,1718,1.0539599195532083
winner,1.1,1719,1.2240537691405398
winner,1.1,1720,0.9468784310810494
winner,1.1,1721,1.2677887368162166
winner,1.1,1722,1.138902633255278
winner,1.1,1723,1.4704482300160253
winner,1.1,1724,1.4576271863951844
winner,1.1,1725,1.4656082330731695
winner,1.1,1726,1.322626993191376
winner,1.1,1727,0.7784113786086003
winner,1.1,1728,1.3972176340436888
winner,1.1,1729,1.5459223035699754
winner,1.1,1730,1.1456953001596482
winner,1.1,1731,1.2403761475889599
winner,1.1,1732,1.0188545559021134
winner,1.1,1733,0.8067015980555581
winner,1.1,1734,0.9900665427454907
winner,1.1,1735,1.2646058070758155
winner,1.1,1736,1.0768341512134583
winner,1.1,1737,1.6461824109937901
winner,1.1,1738,1.296480189624603
winner,1.1,1739,0.988658613441686
winner,1.1,1740,0.7859133248678657
winner,1.1,1741,1.0233050718310401
winner,1.1,1742,0.907765210800952
winner,1.1,1743,0.9417776627016787
winner,1.1,1744,1.1324436966001494
winner,1.1,1745,1.08924102455913
winner,1.1,1746,0.8794245186813772
winner,1.1,1747,1.0331931919365553
winner,1.1,1748,0.9321733411371804
winner,1.1,1749,0.7176324666246767
winner,1.1,1750,1.6678571261569832
winner,1.1,1751,1.4002993641239685
winner,1.1,1752,0.826165295386008
winner,1.1,1753,1.10380542157761
winner,1.1,1754,0.8148974028249869
winner,1.1,1755,1.4166248215566384
winner,1.1,1756,1.138123486272055
winner,1.1,1757,0.9658430546913573
winner,1.1,1758,0.467521171192908
winner,1.1,1759,1.2231635616414926
winner,1.1,1760,1.48718776503836
winner,1.1,1761,1.1612682184596044
winner,1.1,1762,1.313581626484063
winner,1.1,1763,1.3806594392141027
winner,1.1,1764,1.9583703082218507
winner,1.1,1765,1.0798128503577096
winner,1.1,1766,0.5764593074285834
winner,1.1,1767,0.7164442191511988
winner,1.1,1768,0.8086104150692186
winner,1.1,1769,1.2682427228064963
winner,1.1,1770,1.2330667052310278
winner,1.1,1771,1.1425433116533583
winner,1.1,1772,0.9186074407451423
winner,1.1,1773,1.2940741902170991
winner,1.1,1774,1.2066791554624774
winner,1.1,1775,1.1297023208492607
winner,1.1,1776,1.3530202626032455
winner,1.1,1777,1.0793127749889067
winner,1.1,1778,0.5949307452994947
winner,1.1,1779,0.8418812210804028
winner,1.1,1780,0.8743204534179605
winner,1.1,1781,0.7660148125860884
winner,1.1,1782,1.2679284706410727
winner,1.1,1783,0.7317745127073689
winner,1.1,1784,1.037324519480183
winner,1.1,1785,1.3011998800491258
winner,1.1,1786,1.1201360010260843
winner,1.1,1787,0.8342935499801245
winner,1.1,1788,1.0478752495485735
winner,1.1,1789,0.976963029105577
winner,1.1,1790,1.5266114069629477
winner,1.1,1791,0.5522680416176805
winner,1.1,1792,1.0713320059431983
winner,1.1,1793,1.3873120190496817
winner,1.1,1794,1.402033017081229
winner,1.1,1795,0.890744298120243
winner,1.1,1796,1.4004622597992225
winner,1.1,1797,1.02799859378635
winner,1.1,1798,1.3243789876661944
winner,1.1,1799,0.9446135835757143
winner,1.1,1800,1.6702973397285192
winner,1.1,1801,1.0685280439503233
winner,1.1,1802,1.3327933490781383
winner,1.1,1803,1.1580976124967337
winner,1.1,1804,1.5569343002184002
winner,1.1,1805,1.0867745228598276
winner,1.1,1806,1.5466716493598631
winner,1.1,1807,0.8964675105018044
winner,1.1,1808,0.9449908947447064
winner,1.1,1809,1.3629707673237432
winner,1.1,1810,1.1063268196500473
winner,1.1,1811,1.1411878746825102
winner,1.1,1812,1.7969952209330406
winner,1.1,1813,0.9028810469295258
winner,1.1,1814,1.0314299648564211
winner,1.1,1815,1.095133601373214
winner,1.1,1816,1.0446046843602514
winner,1.1,1817,0.8264006102500752
winner,1.1,1818,1.4311544106290037
winner,1.1,1819,1.6361527959611544
winner,1.1,1820,1.2532922929898993
winner,1.1,1821,1.033956944460597
winner,1.1,1822,1.1135788541915792
winner,1.1,1823,1.0080072664204314
winner,1.1,1824,1.385337518169778
winner,1.1,1825,1.4088342868326325
winner,1.1,1826,1.112410615320208
winner,1.1,1827,1.2981720834241637
winner,1.1,1828,1.2430869473704298
winner,1.1,1829,1.1939384952996093
winner,1.1,1830,0.8262316972814167
winner,1.1,1831,1.5493848468816926
winner,1.1,1832,1.253434492655285
winner,1.1,1833,1.087873810605323
winner,1.1,1834,1.0266497458031576
winner,1.1,1835,0.8344033738529794
winner,1.1,1836,1.209511369052068
winner,1.1,1837,1.031942653581031
winner,1.1,1838,1.1538561061011154
winner,1.1,1839,0.6775849003461061
winner,1.1,1840,0.8608819233801591
winner,1.1,1841,1.588763455930889
winner,1.1,1842,0.9416131283660892
winner,1.1,1843,0.8852013902239434
winner,1.1,1844,0.7633244369943077
winner,1.1,1845,1.4673618439595157
winner,1.1,1846,0.9764661166652525
winner,1.1,1847,1.1737833682726684
winner,1.1,1848,0.9068096026366457
winner,1.1,1849,0.8270315433150605
winner,1.1,1850,0.6791125478807506
winner,1.1,1851,1.0455623214512755
winner,1.1,1852,0.7352531079349353
winner,1.1,1853,0.5964114571206431
winner,1.1,1854,1.240451119489231
winner,1.1,1855,1.3806691474695756
winner,1.1,1856,1.310151711521138
winner,1.1,1857,1.3300170346567202
winner,1.1,1858,1.4761453584799809
winner,1.1,1859,0.5926569103362711
winner,1.1,1860,1.5159757075875502
winner,1.1,1861,1.493247056235553
winner,1.1,1862,1.3281797801996424
winner,1.1,1863,1.1583700445077756
winner,1.1,1864,1.1090766363134978
winner,1.1,1865,1.1425917126119465
winner,1.1,1866,0.9293901721362571
winner,1.1,1867,1.3010905421668097
winner,1.1,1868,1.366377682651195
winner,1.1,1869,1.189809918335403
winner,1.1,1870,1.5967891923522723
winner,1.1,1871,0.8161083218636896
winner,1.1,1872,1.2382361763279348
winner,1.1,1873,0.9842329120359345
winner,1.1,1874,0.5811993091316799
winner,1.1,1875,0.4164169719375541
winner,1.1,1876,1.1454453266932414
winner,1.1,1877,1.0271437211714363
winner,1.1,1878,1.3322755481475963
winner,1.1,1879,0.9605263254567041
winner,1.1,1880,0.6452190980241665
winner,1.1,1881,1.4860542421390421
winner,1.1,1882,0.8994273502084404
winner,1.1,1883,1.4625505320850594
winner,1.1,1884,1.12879283603665
winner,1.1,1885,1.04855328910818
winner,1.1,1886,1.056248034751356
winner,1.1,1887,1.3843558458120098
winner,1.1,1888,1.0755116533083777
winner,1.1,1889,1.2324442299352727
winner,1.1,1890,0.9439885123642472
winner,1.1,1891,1.6770025897322332
winner,1.1,1892,1.518517787318266
winner,1.1,1893,1.6912285829137559
winner,1.1,1894,1.4279324343771465
winner,1.1,1895,0.9601416782992032
winner,1.1,1896,0.6616810305831965
winner,1.1,1897,1.581289488200998
winner,1.1,1898,1.0779389490751385
winner,1.1,1899,0.9118390790104407
winner,1.1,1900,1.892847068634668
winner,1.1,1901,1.3120698125967718
winner,1.1,1902,0.8984435712595563
winner,1.1,1903,1.2380728654218613
winner,1.1,1904,1.1915855722216466
winner,1.1,1905,1.1983980010510922
winner,1.1,1906,0.9846540258984879
winner,1.1,1907,0.946574358702854
winner,1.1,1908,1.1587334280782282
winner,1.1,1909,0.8991604640525934
winner,1.1,1910,1.2389850910250246
winner,1.1,1911,0.8356284498379694
winner,1.1,1912,1.0879866876886388
winner,1.1,1913,1.1816054298996248
winner,1.1,1914,0.8762975684058949
winner,1.1,1915,0.9884055384465399
winner,1.1,1916,1.0440915037163574
winner,1.1,1917,1.0205065319510125
winner,1.1,1918,0.8331694137081653
winner,1.1,1919,0.9573669270345002
winner,1.1,1920,1.301581257657649
winner,1.1,1921,1.2274678201157028
winner,1.1,1922,0.8144449131909862
winner,1.1,1923,1.376180925538408
winner,1.1,1924,0.9914268867844959
winner,1.1,1925,0.7950439397759512
winner,1.1,1926,1.0273990846481316
winner,1.1,1927,1.1608726657404798
winner,1.1,1928,0.9210159740191217
winner,1.1,1929,1.2500701492284803
winner,1.1,1930,1.2101863145625542
winner,1.1,1931,1.0783359656031992
winner,1.1,1932,1.3646567543950776
winner,1.1,1933,1.7151114937083203
winner,1.1,1934,0.9789637900245239
winner,1.1,1935,0.9312110214384745
winner,1.1,1936,1.307064107159141
winner,1.1,1937,1.3978493485700128
winner,1.1,1938,0.9645142814016565
winner,1.1,1939,1.037314884688857
winner,1.1,1940,0.8231604250543825
winner,1.1,1941,1.1210184475998706
winner,1.1,1942,0.9980142773391911
winner,1.1,1943,0.9159257139414847
winner,1.1,1944,1.6916069211559048
winner,1.1,1945,1.1574623864538067
winner,1.1,1946,1.0898585679043333
winner,1.1,1947,1.0560492726730304
winner,1.1,1948,1.047189965914064
winner,1.1,1949,1.4233689260011777
winner,1.1,1950,1.0803062797935048
winner,1.1,1951,0.6031190839106273
winner,1.1,1952,1.4988871121544638
winner,1.1,1953,1.03607396235605
winner,1.1,1954,0.776352602987552
winner,1.1,1955,1.5751650851042462
winner,1.1,1956,1.2428531775900296
winner,1.1,1957,1.356382375860946
winner,1.1,1958,0.8047045639618814
winner,1.1,1959,1.3442357583712015
winner,1.1,1960,0.8639270904305723
winner,1.1,1961,0.9833345794282747
winner,1.1,1962,1.2386689527665296
winner,1.1,1963,0.6571759399212768
winner,1.1,1964,1.1129645554268937
winner,1.1,1965,0.9383012540853163
winner,1.1,1966,0.9522494729817239
winner,1.1,1967,0.9249865436469512
winner,1.1,1968,1.460331791536693
winner,1.1,1969,1.6807780112935868
winner,1.1,1970,0.9758667134280848
winner,1.1,1971,1.095222444669336
winner,1.1,1972,0.9687556098073439
winner,1.1,1973,1.0064090300618291
winner,1.1,1974,0.917802088348413
winner,1.1,1975,1.0902543911283815
winner,1.1,1976,1.1856483540804785
winner,1.1,1977,1.3447245057075838
winner,1.1,1978,1.0892851505835013
winner,1.1,1979,1.1227407700192125
winner,1.1,1980,1.216197633507345
winner,1.1,1981,1.180531462484575
winner,1.1,1982,0.604728552003978
winner,1.1,1983,1.0144364847928786
winner,1.1,1984,1.5129479503538352
winner,1.1,1985,0.7407348921045476
winner,1.1,1986,1.1304845880619196
winner,1.1,1987,1.1369471250722363
winner,1.1,1988,1.1180861555878063
winner,1.1,1989,1.3104123847416758
winner,1.1,1990,0.7372618787286979
winner,1.1,1991,1.0257445112282297
winner,1.1,1992,1.2039441221634914
winner,1.1,1993,1.5481043880786183
winner,1.1,1994,1.1665338117399076
winner,1.1,1995,0.962561612590557
winner,1.1,1996,1.0889309182955216
winner,1.1,1997,1.3032476494794392
winner,1.1,1998,1.2962963151927667
winner,1.1,1999,1.4440681814628376
winner,1.2,0,2.777144154888253
winner,1.2,1,3.404119487585436
winner,1.2,2,3.2693086711582033
winner,1.2,3,2.8047324833665974
winner,1.2,4,2.9383171948147546
winner,1.2,5,3.367096697921377
winner,1.2,6,3.479551922708576
winner,1.2,7,2.9779820674780826
winner,1.2,8,3.111878875270463
winner,1.2,9,2.7709392633597396
winner,1.2,10,2.9381735166245044
winner,1.2,11,2.83512640218969
winner,1.2,12,3.2445331429058535
winner,1.2,13,3.155471112805871
winner,1.2,14,2.7493540181985003
winner,1.2,15,3.156050231272299
winner,1.2,16,3.11030166726648
winner,1.2,17,2.5787956280329833
winner,1.2,18,2.5249552229974372
winner,1.2,19,3.2419569620943696
winner,1.2,20,2.917607474367428
winner,1.2,21,2.9354070365537823
winner,1.2,22,3.0861474721583915
winner,1.2,23,2.972528868151122
winner,1.2,24,3.615747094193014
winner,1.2,25,3.1052609522238894
winner,1.2,26,3.749872586931062
winner,1.2,27,3.1046874247217344
winner,1.2,28,3.0878205243887007
winner,1.2,29,2.9309347720469026
winner,1.2,30,2.7749456291845456
winner,1.2,31,2.9349678880649304
winner,1.2,32,2.906524778999118
winner,1.2,33,3.2489759281818165
winner,1.2,34,3.102786827379438
winner,1.2,35,2.888400051944683
winner,1.2,36,2.6762737337704525
winner,1.2,37,3.434274290828523
winner,1.2,38,3.1452771768521464
winner,1.2,39,3.055604004573261
winner,1.2,40,3.0607939895473084
winner,1.2,41,2.4379302658759876
winner,1.2,42,2.7934735901263648
winner,1.2,43,2.4652221073321754
winner,1.2,44,2.8951391993507136
winner,1.2,45,3.1916214150670523
winner,1.2,46,3.06899357867123
winner,1.2,47,2.6609152205021056
winner,1.2,48,3.181436172609444
winner,1.2,49,3.175470474250158
winner,1.2,50,3.1796416173758626
winner,1.2,51,2.696937566131679
winner,1.2,52,3.4460245145875277
winner,1.2,53,3.122628713965244
winner,1.2,54,3.348924347109341
winner,1.2,55,2.589888430453287
winner,1.2,56,3.7153774341137016
winner,1.2,57,2.7734712468427065
winner,1.2,58,3.351820420473091
winner,1.2,59,3.8374463244262267
winner,1.2,60,2.9575608103184785
winner,1.2,61,2.835958349224106
winner,1.2,62,2.817209845421137
winner,1.2,63,3.4871506722013965
winner,1.2,64,2.834740224876022
winner,1.2,65,2.803863907649154
winner,1.2,66,3.4351392631452664
winner,1.2,67,2.3908855406024547
winner,1.2,68,3.391599702813394
winner,1.2,69,3.211966936331883
winner,1.2,70,2.883864127238959
winner,1.2,71,2.807809458404199
winner,1.2,72,2.998147325644811
winner,1.2,73,2.8975147018529026
winner,1.2,74,3.053221176716126
winner,1.2,75,3.1451490783652147
winner,1.2,76,3.0652715768515724
winner,1.2,77,3.297443264606468
winner,1.2,78,2.8913377378633367
winner,1.2,79,2.896974450048137
winner,1.2,80,3.111621447101554
winner,1.2,81,2.629610706012054
winner,1.2,82,3.015779602229389
winner,1.2,83,2.9179806368648444
winner,1.2,84,3.1618327926837657
winner,1.2,85,2.4716740272680933
winner,1.2,86,3.219814435441476
winner,1.2,87,3.385335135195465
winner,1.2,88,2.844411736256811
winner,1.2,89,3.058575196446065
winner,1.2,90,3.2736256086375524
winner,1.2,91,2.387803557375218
winner,1.2,92,2.8525003115394356
winner,1.2,93,3.2570883004260716
winner,1.2,94,3.3484412132842127
winner,1.2,95,3.083506616231251
winner,1.2,96,3.0265970734590533
winner,1.2,97,3.0688225747271822
winner,1.2,98,2.5684315508829223
winner,1.2,99,2.9180065930015378
winner,1.2,100,3.270769701293545
winner,1.2,101,2.7760032412467903
winner,1.2,102,2.740461518449432
winner,1.2,103,2.8353399790152043
winner,1.2,104,2.6942806412652525
winner,1.2,105,2.6188671487161668
winner,1.2,106,2.7550863005651562
winner,1.2,107,3.0786045545940626
winner,1.2,108,3.05687071349073
winner,1.2,109,3.5424754529682705
winner,1.2,110,2.8874384458264277
winner,1.2,111,2.623769691359346
winner,1.2,112,2.885045226875618
winner,1.2,113,3.608555822635664
winner,1.2,114,2.881286036790935
winner,1.2,115,2.935201275009049
winner,1.2,116,3.178923132578697
winner,1.2,117,3.0634338471340827
winner,1.2,118,2.824392738039672
winner,1.2,119,3.2017276874270757
winner,1.2,120,2.892703975990563
winner,1.2,121,3.120790190944871
winner,1.2,122,2.8669405984949736
winner,1.2,123,2.675231621210183
winner,1.2,124,2.7494522469161673
winner,1.2,125,3.1053218408664858
winner,1.2,126,2.534821612983834
winner,1.2,127,3.3329686093627444
winner,1.2,128,3.1528497947009124
winner,1.2,129,2.5431849799106834
winner,1.2,130,3.102914473198627
winner,1.2,131,2.908607349240724
winner,1.2,132,2.9132274099465443
winner,1.2,133,3.0579966184606198
winner,1.2,134,2.662608106397856
winner,1.2,135,2.9973369311337743
winner,1.2,136,2.899036395069521
winner,1.2,137,2.8531232612607917
winner,1.2,138,3.0851785325414016
winner,1.2,139,3.109134304631789
winner,1.2,140,2.869974616871878
winner,1.2,141,2.9039226281438717
winner,1.2,142,3.1344122384194506
winner,1.2,143,3.0845119558216054
winner,1.2,144,2.7677019459458814
winner,1.2,145,2.917299550385419
winner,1.2,146,2.913278030819517
winner,1.2,147,2.918455018503008
winner,1.2,148,2.797059315730692
winner,1.2,149,3.1129799309234336
winner,1.2,150,2.6128113738409975
winner,1.2,151,2.973714714309246
winner,1.2,152,2.901744887427012
winner,1.2,153,2.7234761714588656
winner,1.2,154,3.0014905688442632
winner,1.2,155,3.194456966457079
winner,1.2,156,3.031284127937595
winner,1.2,157,2.8918029585587557
winner,1.2,158,3.1228177138013615
winner,1.2,159,2.9129403089219235
winner,1.2,160,3.3364006366586305
winner,1.2,161,3.6888639941469212
winner,1.2,162,2.749976276773916
winner,1.2,163,2.9142769865720726
winner,1.2,164,3.172193617214149
winner,1.2,165,2.6685812591998577
winner,1.2,166,3.408952510732503
winner,1.2,167,2.860064771842648
winner,1.2,168,3.5233793709167682
winner,1.2,169,3.4238418584671457
winner,1.2,170,3.0612301059544915
winner,1.2,171,2.7371783372568066
winner,1.2,172,3.343803788056607
winner,1.2,173,2.9097877749212366
winner,1.2,174,2.928650046337354
winner,1.2,175,3.4052967544078157
winner,1.2,176,2.730572681333885
winner,1.2,177,3.1004529797235167
winner,1.2,178,2.943407537596743
winner,1.2,179,2.849607787589522
winner,1.2,180,2.918442538988636
winner,1.2,181,3.2055870504945734
winner,1.2,182,3.254380347898371
winner,1.2,183,3.8070951676160303
winner,1.2,184,2.902121807995426
winner,1.2,185,3.4718115438879664
winner,1.2,186,2.7774832129438565
winner,1.2,187,3.3624367408003213
winner,1.2,188,2.899503280032734
winner,1.2,189,3.203912640548564
winner,1.2,190,3.2576755341043766
winner,1.2,191,2.923771788441204
winner,1.2,192,3.1565203379928306
winner,1.2,193,3.1274554347424455
winner,1.2,194,3.518223881704382
winner,1.2,195,3.5731898027236393
winner,1.2,196,2.720081624880075
winner,1.2,197,3.0330854481571796
winner,1.2,198,3.122505590383521
winner,1.2,199,2.7841090711087935
winner,1.2,200,3.1263157858589423
winner,1.2,201,2.9284731849361156
winner,1.2,202,2.9716251142583916
winner,1.2,203,2.4388991063312684
winner,1.2,204,2.876850252240959
winner,1.2,205,2.5221982709282056
winner,1.2,206,2.8198851400342755
winner,1.2,207,2.9667044394261213
winner,1.2,208,3.1369154494993543
winner,1.2,209,3.239728836816469
winner,1.2,210,3.457732784797631
winner,1.2,211,2.6552065526686675
winner,1.2,212,2.62212858044817
winner,1.2,213,2.8426613777905017
winner,1.2,214,3.289261596316319
winner,1.2,215,3.2609734525716814
winner,1.2,216,3.0654126718661336
winner,1.2,217,2.9591617243215436
winner,1.2,218,2.822364167735445
winner,1.2,219,2.87029950347786
winner,1.2,220,3.4339446070769872
winner,1.2,221,2.9727510898134115
winner,1.2,222,2.8598293776383437
winner,1.2,223,3.02720572609447
winner,1.2,224,3.5940974110979846
winner,1.2,225,3.316733147354502
winner,1.2,226,2.749657293358689
winner,1.2,227,2.2821990341965503
winner,1.2,228,3.3016552143939544
winner,1.2,229,2.926136763977971
winner,1.2,230,2.744832533148716
winner,1.2,231,2.84316103600865
winner,1.2,232,2.9878081283978535
winner,1.2,233,3.313685128441103
winner,1.2,234,3.703064568898681
winner,1.2,235,3.057060744501075
winner,1.2,236,3.3654795847911405
winner,1.2,237,3.0636822027018034
winner,1.2,238,3.1725035442425558
winner,1.2,239,3.272452622931624
winner,1.2,240,3.012299447555015
winner,1.2,241,3.40347867953736
winner,1.2,242,3.1806576138245775
winner,1.2,243,2.6754629816722275
winner,1.2,244,2.7229469242448094
winner,1.2,245,3.277687310324565
winner,1.2,246,2.9943189508738266
winner,1.2,247,2.732602092928243
winner,1.2,248,2.5808378013144635
winner,1.2,249,3.6857730472267187
winner,1.2,250,2.559229113525013
winner,1.2,251,2.581353710777979
winner,1.2,252,2.9671727923233857
winner,1.2,253,2.5775611888976373
winner,1.2,254,3.1898376137211253
winner,1.2,255,2.8167927618656794
winner,1.2,256,3.048221008159035
winner,1.2,257,3.5351302155216553
winner,1.2,258,2.482753725547727
winner,1.2,259,2.8989869819484757
winner,1.2,260,2.675757978227345
winner,1.2,261,3.1448128845120205
winner,1.2,262,3.271434264189399
winner,1.2,263,3.113822832239179
winner,1.2,264,3.177089794203626
winner,1.2,265,3.1933887441597144
winner,1.2,266,3.0211173364971606
winner,1.2,267,2.9890420439936025
winner,1.2,268,3.5164064079987307
winner,1.2,269,2.9379837149642403
winner,1.2,270,2.401886368145446
winner,1.2,271,2.873129890953893
winner,1.2,272,2.5065676736148763
winner,1.2,273,3.032082788229407
winner,1.2,274,3.369196222313502
winner,1.2,275,3.063914246063818
winner,1.2,276,2.9184083706412953
winner,1.2,277,3.6055361715639687
winner,1.2,278,3.3603925946774615
winner,1.2,279,2.853597707590788
winner,1.2,280,2.7639609779502865
winner,1.2,281,2.968000336909112
winner,1.2,282,3.3280887882211756
winner,1.2,283,2.3960688472776535
winner,1.2,284,2.5954047226010677
winner,1.2,285,3.245640707285162
winner,1.2,286,2.950364011822725
winner,1.2,287,2.7273706680735796
winner,1.2,288,2.8212068672365405
winner,1.2,289,2.93180518745529
winner,1.2,290,3.3015232460407984
winner,1.2,291,2.807981943772932
winner,1.2,292,3.6874103806523646
winner,1.2,293,3.2585009655080275
winner,1.2,294,2.978922795184908
winner,1.2,295,2.9430598273580815
winner,1.2,296,3.2843846274339032
winner,1.2,297,2.4946659101027464
winner,1.2,298,3.028891434141858
winner,1.2,299,2.5905050282678848
winner,1.2,300,3.3973386073438503
winner,1.2,301,3.1996708464137646
winner,1.2,302,3.6409528000351976
winner,1.2,303,3.3845614501074426
winner,1.2,304,2.9702052306709956
winner,1.2,305,3.3176100382001428
winner,1.2,306,2.5232857331064023
winner,1.2,307,2.7243008576720316
winner,1.2,308,2.952039246902306
winner,1.2,309,3.2275012396389964
winner,1.2,310,3.379340732150775
winner,1.2,311,3.0654288862713766
winner,1.2,312,3.4368130551689484
winner,1.2,313,2.9100244965671664
winner,1.2,314,2.588618063967036
winner,1.2,315,3.1185236048969727
winner,1.2,316,3.126963562249569
winner,1.2,317,2.400955591072355
winner,1.2,318,2.852276291564769
winner,1.2,319,3.121090968807002
winner,1.2,320,3.120058208358191
winner,1.2,321,3.4632333559544892
winner,1.2,322,2.6635805738112626
winner,1.2,323,2.841123924344597
winner,1.2,324,2.7040782193611332
winner,1.2,325,2.7360781894355664
winner,1.2,326,3.202293957341011
winner,1.2,327,3.0331402347719183
winner,1.2,328,3.003536287505892
winner,1.2,329,2.2418242345958075
winner,1.2,330,3.464384561396493
winner,1.2,331,3.8791585170560277
winner,1.2,332,3.0585737895096035
winner,1.2,333,2.535640117478376
winner,1.2,334,3.4210991631732726
winner,1.2,335,3.526417327267599
winner,1.2,336,3.0498881755464056
winner,1.2,337,2.9329741509994878
winner,1.2,338,2.8169321407157923
winner,1.2,339,3.2115170176261687
winner,1.2,340,2.573408625906943
winner,1.2,341,2.9328888167909284
winner,1.2,342,2.8746039204562934
winner,1.2,343,2.50195593548993
winner,1.2,344,3.5774137933596983
winner,1.2,345,2.7289853450598938
winner,1.2,346,2.4686005362337538
winner,1.2,347,3.264714446951155
winner,1.2,348,2.841150211616206
winner,1.2,349,3.3982343189716158
winner,1.2,350,2.6558714850581344
winner,1.2,351,3.5616403802699246
winner,1.2,352,2.9086857006777382
winner,1.2,353,3.222025505251529
winner,1.2,354,3.2124470775046112
winner,1.2,355,3.1204985447031515
winner,1.2,356,2.9506839456582035
winner,1.2,357,2.519485520844709
winner,1.2,358,2.8819237444690233
winner,1.2,359,2.7538388088720223
winner,1.2,360,3.39658158588732
winner,1.2,361,2.9023734482554815
winner,1.2,362,2.8703679324254376
winner,1.2,363,2.5527618494687756
winner,1.2,364,3.097915479458929
winner,1.2,365,3.5580762287202834
winner,1.2,366,3.1904248799313883
winner,1.2,367,3.2454628867630726
winner,1.2,368,3.081910946400902
winner,1.2,369,2.859215224014016
winner,1.2,370,2.93435829230288
winner,1.2,371,2.5215790908936175
winner,1.2,372,2.870598142115272
winner,1.2,373,3.0705516089514906
winner,1.2,374,3.4391202863796204
winner,1.2,375,3.4259721470727236
winner,1.2,376,3.463343118329183
winner,1.2,377,2.846023168935612
winner,1.2,378,2.794217570911194
winner,1.2,379,2.6760530060651706
winner,1.2,380,2.8215142476013315
winner,1.2,381,3.07118284528205
winner,1.2,382,2.8090612153212597
winner,1.2,383,2.5845397194608286
winner,1.2,384,3.188876485419806
winner,1.2,385,2.662785802957135
winner,1.2,386,2.9274148591827465
winner,1.2,387,2.998119409477822
winner,1.2,388,2.8472331550989756
winner,1.2,389,3.4926546593398866
winner,1.2,390,3.2540466185995407
winner,1.2,391,3.3484205359320685
winner,1.2,392,2.4414576910508194
winner,1.2,393,2.625975214388257
winner,1.2,394,2.7771380364631613
winner,1.2,395,3.406400071928458
winner,1.2,396,2.8429265667870687
winner,1.2,397,2.9609472659031844
winner,1.2,398,3.053898675830309
winner,1.2,399,3.368268846073351
winner,1.2,400,3.24756574318381
winner,1.2,401,2.70351763143528
winner,1.2,402,3.090528832913809
winner,1.2,403,2.7366528005813198
winner,1.2,404,3.4915266250062
winner,1.2,405,3.253153902159805
winner,1.2,406,3.0505249022365812
winner,1.2,407,3.152761702834616
winner,1.2,408,2.7887196767956244
winner,1.2,409,3.1450378200996543
winner,1.2,410,2.9326003495037574
winner,1.2,411,3.049416230128424
winner,1.2,412,2.779548451419399
winner,1.2,413,3.3647870631149295
winner,1.2,414,2.5354137969512425
winner,1.2,415,3.437472410370077
winner,1.2,416,3.213968506235158
winner,1.2,417,2.9943387899935052
winner,1.2,418,3.412037451194628
winner,1.2,419,3.4764428721073
winner,1.2,420,2.469447160266534
winner,1.2,421,3.264388915547757
winner,1.2,422,3.039008934139587
winner,1.2,423,3.0662358868302166
winner,1.2,424,3.1253035767579322
winner,1.2,425,3.1617866024731573
winner,1.2,426,2.960665771382844
winner,1.2,427,2.541674455045607
winner,1.2,428,2.6443453062599724
winner,1.2,429,2.612971074875293
winner,1.2,430,2.7785122917408382
winner,1.2,431,3.015340721610762
winner,1.2,432,3.6614846376254757
winner,1.2,433,3.1804687440358914
winner,1.2,434,2.2478537009360045
winner,1.2,435,2.5815119094760814
winner,1.2,436,3.4248397647203004
winner,1.2,437,2.5720287617418403
winner,1.2,438,2.5060667568813284
winner,1.2,439,2.595562984540761
winner,1.2,440,3.5381316269663365
winner,1.2,441,3.4608442082577615
winner,1.2,442,3.129308443725832
winner,1.2,443,3.2157143154531673
winner,1.2,444,2.8675452516952107
winner,1.2,445,2.7292375748491446
winner,1.2,446,2.642798504367147
winner,1.2,447,3.0051360874894066
winner,1.2,448,2.934362304518665
winner,1.2,449,2.8570111911940543
winner,1.2,450,2.671416609749614
winner,1.2,451,2.8200765946095383
winner,1.2,452,2.9737117364590024
winner,1.2,453,3.008269461613719
winner,1.2,454,3.1174805712941525
winner,1.2,455,2.917448331610963
winner,1.2,456,2.952479478648681
winner,1.2,457,3.0597759171609593
winner,1.2,458,3.2447534026168943
winner,1.2,459,2.7266808745971782
winner,1.2,460,2.7417382650537836
winner,1.2,461,3.2204409965621754
winner,1.2,462,2.7352037564795912
winner,1.2,463,2.7681378990094596
winner,1.2,464,3.2001702377950703
winner,1.2,465,3.135783319034983
winner,1.2,466,2.920447547990591
winner,1.2,467,2.9772369034250263
winner,1.2,468,3.27971783856709
winner,1.2,469,3.3449067937186685
winner,1.2,470,2.939520071574052
winner,1.2,471,2.960773985208534
winner,1.2,472,2.5560545650906636
winner,1.2,473,3.0061223721072863
winner,1.2,474,2.9095208734162887
winner,1.2,475,3.0443742122076984
winner,1.2,476,2.616140989032884
winner,1.2,477,3.0930404129276945
winner,1.2,478,3.060957213911706
winner,1.2,479,2.7865833267937044
winner,1.2,480,2.7703472010334944
winner,1.2,481,3.2455860112519175
winner,1.2,482,3.466434392334471
winner,1.2,483,3.1814254681847762
winner,1.2,484,3.112987359256821
winner,1.2,485,3.1844631964661527
winner,1.2,486,3.780553213980828
winner,1.2,487,2.9031953341277545
winner,1.2,488,3.170749896794935
winner,1.2,489,3.0148718057908956
winner,1.2,490,3.4036355110779515
winner,1.2,491,3.863691213118752
winner,1.2,492,3.0135769135864745
winner,1.2,493,3.49500365646438
winner,1.2,494,2.8816589868118436
winner,1.2,495,3.091277055977547
winner,1.2,496,2.9606057625775475
winner,1.2,497,3.1166290216364008
winner,1.2,498,3.393340127826678
winner,1.2,499,2.579891639799207
winner,1.2,500,2.7744893687077856
winner,1.2,501,2.901343294429617
winner,1.2,502,2.990873314468912
winner,1.2,503,3.110727146829618
winner,1.2,504,3.282294588049787
winner,1.2,505,3.5803084850249474
winner,1.2,506,3.062193921687403
winner,1.2,507,2.8148888307954336
winner,1.2,508,2.5929427579121684
winner,1.2,509,2.9081169222167804
winner,1.2,510,2.8929002629237166
winner,1.2,511,3.5025635004797375
winner,1.2,512,2.620196982895482
winner,1.2,513,3.478059431480503
winner,1.2,514,3.2198927541611515
winner,1.2,515,2.957731071145586
winner,1.2,516,2.5974894283935055
winner,1.2,517,2.74720084923593
winner,1.2,518,3.633382118412764
winner,1.2,519,2.880053264049959
winner,1.2,520,2.7741120349890993
winner,1.2,521,2.7777133397032574
winner,1.2,522,3.3100759670311914
winner,1.2,523,2.965407352449765
winner,1.2,524,3.363915472801316
winner,1.2,525,2.861748019038345
winner,1.2,526,3.1458583834810567
winner,1.2,527,2.9752565166806146
winner,1.2,528,2.945413494764189
winner,1.2,529,2.6466233386802704
winner,1.2,530,3.16170834515794
winner,1.2,531,2.713221292427768
winner,1.2,532,3.1334661283983953
winner,1.2,533,3.28610185818425
winner,1.2,534,3.532426560307794
winner,1.2,535,3.0867438448524944
winner,1.2,536,3.049291832923448
winner,1.2,537,2.8422744478828657
winner,1.2,538,2.7563919259426863
winner,1.2,539,3.5375793991325697
winner,1.2,540,2.433480684946521
winner,1.2,541,2.655243230348519
winner,1.2,542,2.5358537506141876
winner,1.2,543,3.2961316927304636
winner,1.2,544,2.8799921399575155
winner,1.2,545,3.2592893133234346
winner,1.2,546,2.8979955230045262
winner,1.2,547,2.8933467559560353
winner,1.2,548,2.826398770481103
winner,1.2,549,2.599451028719489
winner,1.2,550,3.4040578652006683
winner,1.2,551,2.96828478905383
winner,1.2,552,3.1113086878893457
winner,1.2,553,3.3595913840828087
winner,1.2,554,2.8406853795473834
winner,1.2,555,2.8331609336568855
winner,1.2,556,2.917032305226126
winner,1.2,557,2.9185074756068334
winner,1.2,558,3.057562685676865
winner,1.2,559,3.081303770537044
winner,1.2,560,2.949303583136149
winner,1.2,561,2.6478609261830512
winner,1.2,562,2.9347919766584964
winner,1.2,563,3.109978194285949
winner,1.2,564,2.685051258478553
winner,1.2,565,3.6288957536197954
winner,1.2,566,3.326557672357996
winner,1.2,567,3.2713844523035895
winner,1.2,568,3.1321492330451344
winner,1.2,569,2.799732136312063
winner,1.2,570,2.943610028466972
winner,1.2,571,3.1591950812904823
winner,1.2,572,3.058577793261046
winner,1.2,573,2.8778078594200043
winner,1.2,574,3.1917626267659887
winner,1.2,575,3.018631528700073
winner,1.2,576,3.248288902973231
winner,1.2,577,3.0405843816210703
winner,1.2,578,2.7866616072478103
winner,1.2,579,2.7708036236259677
winner,1.2,580,3.302701624077985
winner,1.2,581,3.4127006200660666
winner,1.2,582,3.2776652391010415
winner,1.2,583,2.586174192023609
winner,1.2,584,2.9449799626687647
winner,1.2,585,3.0359974123634568
winner,1.2,586,2.952319744242817
winner,1.2,587,3.1351888986628635
winner,1.2,588,2.612925198484865
winner,1.2,589,3.103382665562562
winner,1.2,590,3.4796075601740624
winner,1.2,591,2.6644615172558406
winner,1.2,592,3.0261098167020273
winner,1.2,593,2.9509763652813605
winner,1.2,594,2.7963621360306226
winner,1.2,595,2.563873491232305
winner,1.2,596,2.6946448675078956
winner,1.2,597,3.049796011051854
winner,1.2,598,3.275614186201701
winner,1.2,599,3.2071108552428367
winner,1.2,600,2.358288959760811
winner,1.2,601,3.0338445403378667
winner,1.2,602,2.866543784175603
winner,1.2,603,3.0489713245257164
winner,1.2,604,2.8547950918459235
winner,1.2,605,3.194598162596774
winner,1.2,606,2.8444232847317688
winner,1.2,607,3.517984380315623
winner,1.2,608,3.297326228921217
winner,1.2,609,2.7329166458206666
winner,1.2,610,3.129722215797595
winner,1.2,611,3.2538642490131977
winner,1.2,612,2.8220482552264836
winner,1.2,613,3.5206752738310714
winner,1.2,614,3.053056213519158
winner,1.2,615,3.0577829148092204
winner,1.2,616,2.315931310904706
winner,1.2,617,2.772763256114455
winner,1.2,618,2.4704071323090875
winner,1.2,619,3.139740887255382
winner,1.2,620,3.144757865886041
winner,1.2,621,3.2638230942704674
winner,1.2,622,2.805673467341618
winner,1.2,623,2.8805740521099104
winner,1.2,624,3.0295864082052706
winner,1.2,625,3.3178962333508446
winner,1.2,626,3.2414029749514275
winner,1.2,627,2.8354355969572027
winner,1.2,628,3.3985950421337
winner,1.2,629,2.8270696545124245
winner,1.2,630,2.8109075703636393
winner,1.2,631,2.8470130235051805
winner,1.2,632,3.558357613061132
winner,1.2,633,2.5405214852362055
winner,1.2,634,3.0716878123689586
winner,1.2,635,2.6505631129401723
winner,1.2,636,3.921089793363708
winner,1.2,637,3.015093614944091
winner,1.2,638,2.7520411129498212
winner,1.2,639,2.7439938107271016
winner,1.2,640,3.6193856924740992
winner,1.2,641,2.95870342645799
winner,1.2,642,2.887392648192893
winner,1.2,643,3.044093486602931
winner,1.2,644,2.8387713616623538
winner,1.2,645,2.4320850948775035
winner,1.2,646,2.82108944314837
winner,1.2,647,3.063573629201382
winner,1.2,648,3.038846439711673
winner,1.2,649,2.237639336660581
winner,1.2,650,3.1810354519961472
winner,1.2,651,3.180617184133828
winner,1.2,652,3.1562968605883284
winner,1.2,653,3.241064242294807
winner,1.2,654,3.2005686367854556
winner,1.2,655,2.4752124589360305
winner,1.2,656,3.042086263278978
winner,1.2,657,2.9249198861027503
winner,1.2,658,2.4415788542591716
winner,1.2,659,2.663547186577517
winner,1.2,660,2.831018342537559
winner,1.2,661,3.6607908168626495
winner,1.2,662,3.049600103722779
winner,1.2,663,3.281462248944104
winner,1.2,664,3.3403812814704565
winner,1.2,665,2.807273614082315
winner,1.2,666,3.451124395930635
winner,1.2,667,2.629091498939595
winner,1.2,668,3.129993786496151
winner,1.2,669,2.8555947838396585
winner,1.2,670,3.440012165402767
winner,1.2,671,3.0555047137595954
winner,1.2,672,2.7726138018363247
winner,1.2,673,2.799641293077579
winner,1.2,674,3.0505469018490334
winner,1.2,675,3.3484248638533662
winner,1.2,676,3.2487234278294648
winner,1.2,677,3.1107448095189856
winner,1.2,678,2.9723256478219104
winner,1.2,679,3.0373123505013417
winner,1.2,680,3.2144792607070487
winner,1.2,681,3.160264100282494
winner,1.2,682,3.1977476353034096
winner,1.2,683,3.1408886691996787
winner,1.2,684,3.451848892203255
winner,1.2,685,2.6709815551110503
winner,1.2,686,2.827588467040528
winner,1.2,687,2.7234758011276474
winner,1.2,688,3.022031303816547
winner,1.2,689,2.6031393104492424
winner,1.2,690,2.8087818369398487
winner,1.2,691,2.841316462122885
winner,1.2,692,3.1295814707586165
winner,1.2,693,3.1847999827914992
winner,1.2,694,2.868550632787126
winner,1.2,695,3.1467166001798987
winner,1.2,696,2.933087084360235
winner,1.2,697,2.9604166290513527
winner,1.2,698,2.7279262642151365
winner,1.2,699,3.1996558124175807
winner,1.2,700,2.763048486541217
winner,1.2,701,3.7223362920616774
winner,1.2,702,2.6396423185022595
winner,1.2,703,2.6926827997553877
winner,1.2,704,2.6337333868023682
winner,1.2,705,2.875729438050493
winner,1.2,706,2.8621056724827194
winner,1.2,707,2.350530283354685
winner,1.2,708,3.010600788961409
winner,1.2,709,2.636415393575182
winner,1.2,710,2.8911818463656593
winner,1.2,711,3.103838165950448
winner,1.2,712,2.5999661572225934
winner,1.2,713,3.377052023157769
winner,1.2,714,2.7175562267936235
winner,1.2,715,2.7939124556352644
winner,1.2,716,3.1740465280091654
winner,1.2,717,2.8762646266826937
winner,1.2,718,2.818661813819276
winner,1.2,719,2.9805509231350062
winner,1.2,720,3.1284951292764154
winner,1.2,721,2.6457875599139538
winner,1.2,722,3.1333735763938275
winner,1.2,723,3.508984399886542
winner,1.2,724,2.6326438772929035
winner,1.2,725,3.1705772316425938
winner,1.2,726,3.000076527212212
winner,1.2,727,2.967340279213198
winner,1.2,728,2.768523810064082
winner,1.2,729,3.160826346463102
winner,1.2,730,2.668443062931613
winner,1.2,731,3.051398908811687
winner,1.2,732,2.5456471735885953
winner,1.2,733,3.4845686130245945
winner,1.2,734,3.3268832504301775
winner,1.2,735,3.0464444073917862
winner,1.2,736,2.8047549068793294
winner,1.2,737,2.7177096451825493
winner,1.2,738,2.886218568494666
winner,1.2,739,2.7108430158908985
winner,1.2,740,3.1797362420788517
winner,1.2,741,2.587242987726633
winner,1.2,742,2.7216649616634783
winner,1.2,743,3.084073609384999
winner,1.2,744,2.948554055535856
winner,1.2,745,3.172350839944219
winner,1.2,746,3.2853353791956184
winner,1.2,747,2.833906641675822
winner,1.2,748,3.100089408819969
winner,1.2,749,2.809957134111654
winner,1.2,750,3.350768542874261
winner,1.2,751,2.796107783881847
winner,1.2,752,3.4157116448314193
winner,1.2,753,3.230201635701742
winner,1.2,754,2.6004524543203087
winner,1.2,755,3.4701493106305747
winner,1.2,756,2.67684528372411
winner,1.2,757,3.085982200287401
winner,1.2,758,3.109848268699617
winner,1.2,759,2.998762961380676
winner,1.2,760,2.9964419530729347
winner,1.2,761,3.2083039235056803
winner,1.2,762,3.022801862434006
winner,1.2,763,3.2487449266909305
winner,1.2,764,2.6698241843910924
winner,1.2,765,2.734653459022881
winner,1.2,766,3.2148657827089853
winner,1.2,767,2.614250562990169
winner,1.2,768,3.330776927802567
winner,1.2,769,2.75460585900543
winner,1.2,770,3.023149989025074
winner,1.2,771,3.0242234698599333
winner,1.2,772,2.81913980292039
winner,1.2,773,2.6202860452082524
winner,1.2,774,2.6794014607292547
winner,1.2,775,3.4111730196304384
winner,1.2,776,2.5794069663492034
winner,1.2,777,3.3900040624225274
winner,1.2,778,3.509160218936024
winner,1.2,779,3.504941967344439
winner,1.2,780,2.8577575028215034
winner,1.2,781,2.8389521577593326
winner,1.2,782,2.7239682134469785
winner,1.2,783,2.948557163653972
winner,1.2,784,3.6928726262838296
winner,1.2,785,3.045278655240802
winner,1.2,786,3.4851607856548714
winner,1.2,787,3.1623973022973413
winner,1.2,788,2.9755400203602433
winner,1.2,789,2.981317199070644
winner,1.2,790,2.632387565811034
winner,1.2,791,2.954923234453788
winner,1.2,792,2.8410498936753315
winner,1.2,793,2.4406922988208897
winner,1.2,794,3.5857088589387978
winner,1.2,795,2.6642878912259453
winner,1.2,796,3.0358145503624137
winner,1.2,797,3.0659368233113202
winner,1.2,798,2.884452357370463
winner,1.2,799,2.755446637514003
winner,1.2,800,3.365291458629648
winner,1.2,801,2.076100132247567
winner,1.2,802,3.1934242253081635
winner,1.2,803,2.4860941311400446
winner,1.2,804,2.954608641343398
winner,1.2,805,3.0879561742724166
winner,1.2,806,2.699403974742468
winner,1.2,807,3.209427013257497
winner,1.2,808,2.969605025139972
winner,1.2,809,3.025901366497829
winner,1.2,810,2.6864022740952627
winner,1.2,811,2.909213844951645
winner,1.2,812,3.383615128328097
winner,1.2,813,2.781818032171362
winner,1.2,814,2.740325832997269
winner,1.2,815,2.56400754142648
winner,1.2,816,2.580710754281648
winner,1.2,817,2.4176577517639783
winner,1.2,818,2.804198204543171
winner,1.2,819,2.713044150596237
winner,1.2,820,2.932756580780941
winner,1.2,821,2.812343054668195
winner,1.2,822,2.887347046945702
winner,1.2,823,2.753132473907002
winner,1.2,824,2.9756393074135636
winner,1.2,825,2.9043868124145753
winner,1.2,826,2.9109939069426587
winner,1.2,827,2.6367121612652547
winner,1.2,828,2.893294550739744
winner,1.2,829,3.3278019797379264
winner,1.2,830,2.0089918926619985
winner,1.2,831,2.8951130671962804
winner,1.2,832,3.3388202415131456
winner,1.2,833,2.723194742829457
winner,1.2,834,3.3299109234794924
winner,1.2,835,2.3503579395077794
winner,1.2,836,3.2351040261066375
winner,1.2,837,3.155525883591689
winner,1.2,838,2.9362111322211266
winner,1.2,839,3.171667131282138
winner,1.2,840,2.9162132188282994
winner,1.2,841,2.977231901276536
winner,1.2,842,3.0308668658696303
winner,1.2,843,2.8937387120778166
winner,1.2,844,2.357907962475305
winner,1.2,845,2.9267233425308583
winner,1.2,846,3.509511457581083
winner,1.2,847,2.952711533360829
winner,1.2,848,3.3687152475056608
winner,1.2,849,3.654978760714538
winner,1.2,850,2.9888550706678925
winner,1.2,851,2.8364894748536873
winner,1.2,852,2.93244529598437
winner,1.2,853,2.89058101965952
winner,1.2,854,2.8825904464618337
winner,1.2,855,3.1919909695791504
winner,1.2,856,3.08806199967
winner,1.2,857,3.09179173040913
winner,1.2,858,2.7102443428669303
winner,1.2,859,2.715240350660215
winner,1.2,860,3.539314371644588
winner,1.2,861,2.964655180641479
winner,1.2,862,2.600494123067549
winner,1.2,863,2.8949316264535008
winner,1.2,864,2.8120551120749893
winner,1.2,865,3.132234281370577
winner,1.2,866,2.752504812366801
winner,1.2,867,2.847429740530636
winner,1.2,868,4.0397395060703545
winner,1.2,869,2.775353707692751
winner,1.2,870,2.7359862122198937
winner,1.2,871,3.8468746896385517
winner,1.2,872,3.317516551805701
winner,1.2,873,2.5411233988437876
winner,1.2,874,3.127860227728993
winner,1.2,875,3.202662054964517
winner,1.2,876,3.2393629571049356
winner,1.2,877,2.500685131143925
winner,1.2,878,3.293976421778704
winner,1.2,879,2.92657531332449
winner,1.2,880,3.002086538271415
winner,1.2,881,3.3862930816368393
winner,1.2,882,3.013741956982629
winner,1.2,883,2.6815089286495803
winner,1.2,884,2.829012232526092
winner,1.2,885,2.621907107714402
winner,1.2,886,3.151490970306442
winner,1.2,887,3.2868027593049494
winner,1.2,888,2.715013199735291
winner,1.2,889,3.104323621668703
winner,1.2,890,2.9148155697826494
winner,1.2,891,2.708965911467759
winner,1.2,892,3.1622055411445475
winner,1.2,893,3.337622289382431
winner,1.2,894,3.011609052858943
winner,1.2,895,2.6893930595935323
winner,1.2,896,2.8459972188653095
winner,1.2,897,2.788181988208697
winner,1.2,898,3.0585359380270467
winner,1.2,899,2.782631402478623
winner,1.2,900,3.0995970631872622
winner,1.2,901,2.7663677795974224
winner,1.2,902,3.2785282877471644
winner,1.2,903,2.7002509591150265
winner,1.2,904,2.8098309967241866
winner,1.2,905,3.2389597600751463
winner,1.2,906,2.7475514025340204
winner,1.2,907,2.9937872009472013
winner,1.2,908,3.304340548127949
winner,1.2,909,3.5545824129340833
winner,1.2,910,3.4832102672400875
winner,1.2,911,3.01570077158759
winner,1.2,912,2.8757746571610627
winner,1.2,913,3.6238905941145383
winner,1.2,914,2.8648835731567317
winner,1.2,915,2.7268460603171
winner,1.2,916,2.633877842790803
winner,1.2,917,3.524722516802549
winner,1.2,918,3.2236146857151096
winner,1.2,919,3.114640127758522
winner,1.2,920,2.8958995752303367
winner,1.2,921,2.749178592364783
winner,1.2,922,2.6153784978739774
winner,1.2,923,2.4965168907509225
winner,1.2,924,2.5420187405238397
winner,1.2,925,2.9971583204828014
winner,1.2,926,2.5436045350638703
winner,1.2,927,3.049250628253712
winner,1.2,928,3.346013942551568
winner,1.2,929,3.1955246230251704
winner,1.2,930,2.894783067534616
winner,1.2,931,2.7842794580756838
winner,1.2,932,2.870934133977502
winner,1.2,933,2.7698182633010573
winner,1.2,934,3.0060144837830465
winner,1.2,935,3.0301768141363374
winner,1.2,936,3.250526294482509
winner,1.2,937,3.1112992289796932
winner,1.2,938,3.0784124780979356
winner,1.2,939,3.0100902472244413
winner,1.2,940,3.442765013608299
winner,1.2,941,3.618619895360178
winner,1.2,942,2.9379136871810143
winner,1.2,943,2.971044709499714
winner,1.2,944,3.2345388211133272
winner,1.2,945,3.3216772986801604
winner,1.2,946,3.1320192112103165
winner,1.2,947,3.4157790005404713
winner,1.2,948,3.1244642526768645
winner,1.2,949,3.09473025920894
winner,1.2,950,2.9795151609624932
winner,1.2,951,3.1924596582273157
winner,1.2,952,3.3432080192224864
winner,1.2,953,2.9539913984622834
winner,1.2,954,2.4240272315628903
winner,1.2,955,2.956773068821162
winner,1.2,956,3.0171104705547496
winner,1.2,957,3.55242071603606
winner,1.2,958,3.0551281688265712
winner,1.2,959,3.028083865609538
winner,1.2,960,3.072394517023397
winner,1.2,961,3.1920258256145533
winner,1.2,962,3.125741632400065
winner,1.2,963,2.7835901580908127
winner,1.2,964,2.8580105293719558
winner,1.2,965,3.612452275136854
winner,1.2,966,3.438020217246427
winner,1.2,967,3.199954491597802
winner,1.2,968,3.084211611811177
winner,1.2,969,2.8899721634646056
winner,1.2,970,2.839681865796106
winner,1.2,971,3.07753982437842
winner,1.2,972,3.602930107138302
winner,1.2,973,3.4076733549086664
winner,1.2,974,3.384903616019936
winner,1.2,975,2.745350359586708
winner,1.2,976,2.940469664901622
winner,1.2,977,2.9936457709407205
winner,1.2,978,2.3072858839265034
winner,1.2,979,2.750767954329802
winner,1.2,980,2.8419499975165396
winner,1.2,981,3.0901352409133884
winner,1.2,982,3.3194924593426314
winner,1.2,983,2.605270819217804
winner,1.2,984,3.201976412089131
winner,1.2,985,3.1154673190682662
winner,1.2,986,2.72963023299352
winner,1.2,987,2.7479662423883995
winner,1.2,988,3.095311860840899
winner,1.2,989,2.8523788438723336
winner,1.2,990,2.954431336792312
winner,1.2,991,2.6549756682494365
winner,1.2,992,2.6240952918719636
winner,1.2,993,3.612791719020229
winner,1.2,994,3.5355926314579356
winner,1.2,995,2.7285304037712437
winner,1.2,996,2.8210963813132417
winner,1.2,997,3.7058064008933003
winner,1.2,998,3.4936870914689027
winner,1.2,999,3.3988991821661387
winner,1.2,1000,3.434733419571331
winner,1.2,1001,2.9768491853054138
winner,1.2,1002,3.6832316733497117
winner,1.2,1003,2.85429630984689
winner,1.2,1004,3.4276354961808
winner,1.2,1005,2.4509246791283825
winner,1.2,1006,2.934102775922367
winner,1.2,1007,3.1889868125640644
winner,1.2,1008,2.583501358228632
winner,1.2,1009,3.4625084488682467
winner,1.2,1010,2.9171029117179184
winner,1.2,1011,2.8977479394882177
winner,1.2,1012,3.0604423778944274
winner,1.2,1013,3.051464191422709
winner,1.2,1014,2.822846457734781
winner,1.2,1015,2.8254809854941403
winner,1.2,1016,2.8816469985654067
winner,1.2,1017,3.258250210933369
winner,1.2,1018,3.202102497520485
winner,1.2,1019,3.210838764791934
winner,1.2,1020,2.9951233248932394
winner,1.2,1021,2.4671579847503353
winner,1.2,1022,3.132647365038708
winner,1.2,1023,3.1503951077081136
winner,1.2,1024,3.300344036258774
winner,1.2,1025,3.3967142668065344
winner,1.2,1026,2.251661158963541
winner,1.2,1027,2.832189536875421
winner,1.2,1028,3.2743624323625613
winner,1.2,1029,3.2035932667123066
winner,1.2,1030,2.835692862356882
winner,1.2,1031,2.524806957573137
winner,1.2,1032,2.5916313752867053
winner,1.2,1033,2.915541836546101
winner,1.2,1034,2.4255048669640766
winner,1.2,1035,2.942499167377769
winner,1.2,1036,2.8635773608256168
winner,1.2,1037,2.41254738419505
winner,1.2,1038,3.1522702587671025
winner,1.2,1039,2.6544354808280235
winner,1.2,1040,2.7978902641655665
winner,1.2,1041,3.022900770134332
winner,1.2,1042,3.347943251556631
winner,1.2,1043,2.882030592609222
winner,1.2,1044,3.361625034054641
winner,1.2,1045,2.56777835462332
winner,1.2,1046,3.22213457073316
winner,1.2,1047,2.832166633921113
winner,1.2,1048,2.9077900833040764
winner,1.2,1049,3.493027786013942
winner,1.2,1050,3.009030917852728
winner,1.2,1051,3.2385531757260018
winner,1.2,1052,3.115924986299949
winner,1.2,1053,2.54989946437153
winner,1.2,1054,2.7113730566576635
winner,1.2,1055,3.1455404134587597
winner,1.2,1056,2.9639934447451943
winner,1.2,1057,2.8187460193517735
winner,1.2,1058,3.01128485464529
winner,1.2,1059,3.5310615943652084
winner,1.2,1060,2.9429108183495614
winner,1.2,1061,3.355582113580655
winner,1.2,1062,3.1830710059500356
winner,1.2,1063,2.89630885908585
winner,1.2,1064,2.9089503489845376
winner,1.2,1065,3.5688630736508613
winner,1.2,1066,2.953692576398073
winner,1.2,1067,3.4900711474673956
winner,1.2,1068,2.1713762977424906
winner,1.2,1069,2.9890605493303726
winner,1.2,1070,2.643089074892504
winner,1.2,1071,2.987012982812656
winner,1.2,1072,2.7900003524771835
winner,1.2,1073,3.0412640266364472
winner,1.2,1074,2.619678623473512
winner,1.2,1075,2.8216177596261622
winner,1.2,1076,3.3639690389916206
winner,1.2,1077,2.9203410082415493
winner,1.2,1078,3.3110022217083817
winner,1.2,1079,3.5654672143583266
winner,1.2,1080,3.1352999935667945
winner,1.2,1081,3.2855473373018853
winner,1.2,1082,2.8836440730726776
winner,1.2,1083,3.231282681297182
winner,1.2,1084,2.6003492134818638
winner,1.2,1085,2.8117360693782363
winner,1.2,1086,2.4465179576682123
winner,1.2,1087,3.1261898995455586
winner,1.2,1088,3.4316452812209897
winner,1.2,1089,2.9647745216240518
winner,1.2,1090,2.8599422846230116
winner,1.2,1091,2.7529986574871206
winner,1.2,1092,3.1433855833106334
winner,1.2,1093,2.950725684526858
winner,1.2,1094,3.17377547462172
winner,1.2,1095,2.936990265214665
winner,1.2,1096,3.0206851212327397
winner,1.2,1097,3.4727007837341715
winner,1.2,1098,3.3811096869957935
winner,1.2,1099,3.2039229449594404
winner,1.2,1100,2.5832173470658795
winner,1.2,1101,3.2113065012214643
winner,1.2,1102,2.955820748899849
winner,1.2,1103,3.1975332606212308
winner,1.2,1104,3.3704462628256886
winner,1.2,1105,3.1427501018882458
winner,1.2,1106,3.0990985041157106
winner,1.2,1107,2.325508403020107
winner,1.2,1108,3.2350002459106952
winner,1.2,1109,3.048624036900335
winner,1.2,1110,2.838083541211583
winner,1.2,1111,3.46474322942098
winner,1.2,1112,3.74874239142756
winner,1.2,1113,2.8403461227585414
winner,1.2,1114,2.6754455184882153
winner,1.2,1115,3.196914258147847
winner,1.2,1116,2.515129432798179
winner,1.2,1117,2.74282339790321
winner,1.2,1118,3.3074830630008973
winner,1.2,1119,3.0616792863120996
winner,1.2,1120,3.2849660439532475
winner,1.2,1121,2.5087417893452146
winner,1.2,1122,3.098858008260424
winner,1.2,1123,2.9481744647015176
winner,1.2,1124,2.745906075482127
winner,1.2,1125,3.398045237999742
winner,1.2,1126,2.942707943063141
winner,1.2,1127,2.7151639610105383
winner,1.2,1128,3.3838680613195926
winner,1.2,1129,2.880124912969657
winner,1.2,1130,3.299473964069095
winner,1.2,1131,3.0651061019859536
winner,1.2,1132,3.3366683228779026
winner,1.2,1133,3.0130640584730073
winner,1.2,1134,3.491160262572414
winner,1.2,1135,2.8040104223657725
winner,1.2,1136,2.6960027074507673
winner,1.2,1137,2.7395672016001
winner,1.2,1138,3.1947984272543444
winner,1.2,1139,2.8913714971611886
winner,1.2,1140,2.569001260137008
winner,1.2,1141,3.224165508464559
winner,1.2,1142,3.253390317151919
winner,1.2,1143,2.7666518768808
winner,1.2,1144,2.4432278707798174
winner,1.2,1145,2.9786662408266094
winner,1.2,1146,2.862205251782568
winner,1.2,1147,2.891151632216098
winner,1.2,1148,3.0068767168083332
winner,1.2,1149,3.2751357981102505
winner,1.2,1150,2.8893813747854487
winner,1.2,1151,3.082129035521605
winner,1.2,1152,3.0675976279895774
winner,1.2,1153,3.222575908544095
winner,1.2,1154,3.1840053583321346
winner,1.2,1155,3.04194213345623
winner,1.2,1156,3.2211922367945944
winner,1.2,1157,3.2787867884739135
winner,1.2,1158,2.9856675059839297
winner,1.2,1159,2.8167590525255988
winner,1.2,1160,2.6909133269946373
winner,1.2,1161,2.5137445761906485
winner,1.2,1162,3.628569054481557
winner,1.2,1163,3.3542849953194422
winner,1.2,1164,2.9435471051515054
winner,1.2,1165,3.003658207690308
winner,1.2,1166,2.9788591593000793
winner,1.2,1167,2.6238274800637678
winner,1.2,1168,3.231488793889541
winner,1.2,1169,3.2698318529727532
winner,1.2,1170,2.7396072569130125
winner,1.2,1171,2.9146265607448463
winner,1.2,1172,2.4667569312356585
winner,1.2,1173,3.137356984528182
winner,1.2,1174,2.6830143120988255
winner,1.2,1175,3.225758225471104
winner,1.2,1176,2.7841398431074196
winner,1.2,1177,2.9780806632895542
winner,1.2,1178,2.994422774253171
winner,1.2,1179,3.491251992611025
winner,1.2,1180,3.561152839961336
winner,1.2,1181,2.0411847163549766
winner,1.2,1182,2.8746279235504373
winner,1.2,1183,2.6217361475223213
winner,1.2,1184,3.2619305394545446
winner,1.2,1185,2.9710297138492874
winner,1.2,1186,3.189875005042975
winner,1.2,1187,3.115632544973741
winner,1.2,1188,3.0911592678356095
winner,1.2,1189,2.8148569772717575
winner,1.2,1190,3.3850967325098518
winner,1.2,1191,2.781849724763266
winner,1.2,1192,3.4655332442074083
winner,1.2,1193,3.230531486717046
winner,1.2,1194,2.3529092052151084
winner,1.2,1195,3.130217064619206
winner,1.2,1196,2.875320512626861
winner,1.2,1197,3.129325881338154
winner,1.2,1198,3.627422365047157
winner,1.2,1199,3.4273345082895257
winner,1.2,1200,3.0989924577618417
winner,1.2,1201,2.5058524219797973
winner,1.2,1202,3.0690606060596024
winner,1.2,1203,2.4962441469621233
winner,1.2,1204,3.1110415672307483
winner,1.2,1205,2.517347137397564
winner,1.2,1206,2.4691278417901823
winner,1.2,1207,3.1552595487087904
winner,1.2,1208,2.6571944074017964
winner,1.2,1209,2.8648832150647454
winner,1.2,1210,2.9809301153196603
winner,1.2,1211,2.5083028250545487
winner,1.2,1212,2.810596674663066
winner,1.2,1213,3.029448482333011
winner,1.2,1214,3.057019814655015
winner,1.2,1215,3.1544200333780323
winner,1.2,1216,2.8503572127372125
winner,1.2,1217,3.024448973824852
winner,1.2,1218,2.845614666047478
winner,1.2,1219,3.0855204893572057
winner,1.2,1220,3.19536099413384
winner,1.2,1221,3.0175589747850236
winner,1.2,1222,3.116170626320938
winner,1.2,1223,3.197644410160495
winner,1.2,1224,3.3260001832570953
winner,1.2,1225,2.7392801528692816
winner,1.2,1226,2.962445504741008
winner,1.2,1227,2.8845733343252546
winner,1.2,1228,3.578504113787714
winner,1.2,1229,3.0599536931839384
winner,1.2,1230,2.789366307781918
winner,1.2,1231,3.590003415017914
winner,1.2,1232,3.146959755854461
winner,1.2,1233,3.2522507014206643
winner,1.2,1234,3.377338594660086
winner,1.2,1235,2.3898928484692403
winner,1.2,1236,3.22362451827527
winner,1.2,1237,2.8099597843879343
winner,1.2,1238,3.132212466214713
winner,1.2,1239,3.0782345954597576
winner,1.2,1240,3.064357901252253
winner,1.2,1241,2.8071424095295137
winner,1.2,1242,3.1749822683635323
winner,1.2,1243,2.85139192540069
winner,1.2,1244,2.896487397151002
winner,1.2,1245,2.6457296036136233
winner,1.2,1246,3.6196817446161775
winner,1.2,1247,2.8290238330960236
winner,1.2,1248,3.2520756233211543
winner,1.2,1249,3.15381273501951
winner,1.2,1250,2.8992845774369034
winner,1.2,1251,2.729064916671162
winner,1.2,1252,2.8309952145040724
winner,1.2,1253,3.3446447249891698
winner,1.2,1254,2.560188814569605
winner,1.2,1255,3.315395762634451
winner,1.2,1256,2.7230591885147297
winner,1.2,1257,3.4358621411712185
winner,1.2,1258,2.5157479136568113
winner,1.2,1259,2.6905441901467286
winner,1.2,1260,2.889850324026147
winner,1.2,1261,3.1303131048850825
winner,1.2,1262,2.75481170299822
winner,1.2,1263,3.0482729095195285
winner,1.2,1264,3.3261838700648734
winner,1.2,1265,2.975746116980558
winner,1.2,1266,3.110584111422512
winner,1.2,1267,2.7630977884994117
winner,1.2,1268,4.043940442262123
winner,1.2,1269,3.3599560887809887
winner,1.2,1270,3.300571100520564
winner,1.2,1271,2.9560793094958986
winner,1.2,1272,3.0002374386564026
winner,1.2,1273,3.0318171143879016
winner,1.2,1274,3.119915449062518
winner,1.2,1275,3.1969665845477433
winner,1.2,1276,2.850111940108325
winner,1.2,1277,2.986299521210338
winner,1.2,1278,2.7252092605302027
winner,1.2,1279,3.378068457284825
winner,1.2,1280,2.7353501334060026
winner,1.2,1281,2.930341307108057
winner,1.2,1282,3.192081045147685
winner,1.2,1283,3.118276064082604
winner,1.2,1284,2.543955551146656
winner,1.2,1285,3.1280900794599913
winner,1.2,1286,2.7890737208648115
winner,1.2,1287,2.8842915791198847
winner,1.2,1288,2.7855601581828284
winner,1.2,1289,2.6484542199639485
winner,1.2,1290,3.2273462133897874
winner,1.2,1291,2.7614493400213136
winner,1.2,1292,2.533203644416894
winner,1.2,1293,2.944451019302524
winner,1.2,1294,2.829911776750817
winner,1.2,1295,2.6314265869000004
winner,1.2,1296,3.055976694643929
winner,1.2,1297,2.8582638248101118
winner,1.2,1298,3.5876006531064335
winner,1.2,1299,3.052743575722595
winner,1.2,1300,2.6899701302643875
winner,1.2,1301,2.428791080086078
winner,1.2,1302,2.9013409203142633
winner,1.2,1303,2.8950309875923703
winner,1.2,1304,2.9622688747040273
winner,1.2,1305,2.594156758764841
winner,1.2,1306,3.0182497897981824
winner,1.2,1307,2.7486273719049352
winner,1.2,1308,3.2051193204847506
winner,1.2,1309,3.250326488473032
winner,1.2,1310,2.110624822702996
winner,1.2,1311,2.8019253384800487
winner,1.2,1312,3.130343654133005
winner,1.2,1313,2.7955753889603585
winner,1.2,1314,3.463830637377139
winner,1.2,1315,2.944211666520887
winner,1.2,1316,2.7930540355030167
winner,1.2,1317,2.7392884582150487
winner,1.2,1318,2.549507660429516
winner,1.2,1319,2.523216346889089
winner,1.2,1320,3.1784241029682314
winner,1.2,1321,2.594967263271684
winner,1.2,1322,3.2583875235829933
winner,1.2,1323,3.3668023476683246
winner,1.2,1324,2.949587039016016
winner,1.2,1325,2.7705186360065017
winner,1.2,1326,3.2908250306578384
winner,1.2,1327,3.1407425100909174
winner,1.2,1328,3.2363743888182164
winner,1.2,1329,2.381191247656302
winner,1.2,1330,2.9913764959643014
winner,1.2,1331,3.3398913231320964
winner,1.2,1332,2.8301086913535203
winner,1.2,1333,2.8338338346877827
winner,1.2,1334,3.5743601511688015
winner,1.2,1335,3.093423883295972
winner,1.2,1336,3.0438408272924167
winner,1.2,1337,2.7880135292512276
winner,1.2,1338,2.7929290820230825
winner,1.2,1339,3.060849992704152
winner,1.2,1340,2.6084296937514875
winner,1.2,1341,2.9363310313924176
winner,1.2,1342,3.1110932028983256
winner,1.2,1343,2.2885290634182143
winner,1.2,1344,3.2498289128985833
winner,1.2,1345,2.6124181674562714
winner,1.2,1346,3.281796137590071
winner,1.2,1347,3.3934199768040814
winner,1.2,1348,2.7476996208377815
winner,1.2,1349,2.910911925799734
winner,1.2,1350,3.063678581485464
winner,1.2,1351,2.7237622545789293
winner,1.2,1352,2.5593069390013645
winner,1.2,1353,2.9342755703523413
winner,1.2,1354,2.894488613889857
winner,1.2,1355,2.9110707751867935
winner,1.2,1356,2.5074962390007505
winner,1.2,1357,3.9264653685776136
winner,1.2,1358,3.433275297863681
winner,1.2,1359,3.2391850703794467
winner,1.2,1360,2.7878090738654304
winner,1.2,1361,3.0431436822298497
winner,1.2,1362,2.9220556392388497
winner,1.2,1363,3.356125771050045
winner,1.2,1364,2.8041277846699897
winner,1.2,1365,2.8769298365682574
winner,1.2,1366,3.6101743172577256
winner,1.2,1367,3.2816612360586905
winner,1.2,1368,3.057529472740875
winner,1.2,1369,3.6813191997670525
winner,1.2,1370,3.0816313372090813
winner,1.2,1371,3.108012925615504
winner,1.2,1372,3.5587404196435632
winner,1.2,1373,3.021092812476383
winner,1.2,1374,2.6621706934410905
winner,1.2,1375,2.9321690960413243
winner,1.2,1376,2.644029926717439
winner,1.2,1377,2.496795351016587
winner,1.2,1378,3.2812070688199486
winner,1.2,1379,2.8780201206317177
winner,1.2,1380,2.872031133947995
winner,1.2,1381,2.8514404388720456
winner,1.2,1382,3.41275955114104
winner,1.2,1383,2.4877068748298905
winner,1.2,1384,2.94531159573183
winner,1.2,1385,3.126290217395565
winner,1.2,1386,2.759379547366139
winner,1.2,1387,3.16364459319139
winner,1.2,1388,3.0021108783396766
winner,1.2,1389,3.179947603948927
winner,1.2,1390,3.2485697576898747
winner,1.2,1391,2.7448425685309634
winner,1.2,1392,3.597668619485293
winner,1.2,1393,2.5756422803661225
winner,1.2,1394,2.9040704083417674
winner,1.2,1395,3.6296823221724943
winner,1.2,1396,2.947377498817128
winner,1.2,1397,2.8446418938636264
winner,1.2,1398,3.4002156293637897
winner,1.2,1399,2.806010739548898
winner,1.2,1400,3.018592857710793
winner,1.2,1401,2.586730529676778
winner,1.2,1402,3.5979617158183004
winner,1.2,1403,2.409755932315879
winner,1.2,1404,2.812652532029231
winner,1.2,1405,2.9387621712029386
winner,1.2,1406,3.0212644634924706
winner,1.2,1407,3.0430917699233255
winner,1.2,1408,3.050377581340265
winner,1.2,1409,3.091745224522401
winner,1.2,1410,2.586016690589711
winner,1.2,1411,2.8628731594372865
winner,1.2,1412,3.201007794450027
winner,1.2,1413,3.0520759392318313
winner,1.2,1414,2.990502531983715
winner,1.2,1415,3.061048558950954
winner,1.2,1416,3.256408899706519
winner,1.2,1417,3.0926280997097666
winner,1.2,1418,2.9283793977755144
winner,1.2,1419,3.5114688571083414
winner,1.2,1420,2.9320878065863476
winner,1.2,1421,2.579293317255059
winner,1.2,1422,3.674198022760158
winner,1.2,1423,2.7589300295253376
winner,1.2,1424,2.849640153871426
winner,1.2,1425,2.9602284696416254
winner,1.2,1426,3.387485190572999
winner,1.2,1427,2.9633753038792077
winner,1.2,1428,2.8767993940158223
winner,1.2,1429,3.101368191193739
winner,1.2,1430,3.1694268177351144
winner,1.2,1431,3.5038542816309417
winner,1.2,1432,2.830261954469526
winner,1.2,1433,3.0730557748542555
winner,1.2,1434,2.9179724364164277
winner,1.2,1435,3.3707937475760117
winner,1.2,1436,3.2779169388315395
winner,1.2,1437,3.1483828445422706
winner,1.2,1438,2.941204719570091
winner,1.2,1439,3.3014036977428844
winner,1.2,1440,2.911472704622453
winner,1.2,1441,3.0543968211647186
winner,1.2,1442,3.1835176978015998
winner,1.2,1443,3.682690494495296
winner,1.2,1444,3.0231505215861887
winner,1.2,1445,2.7716218147753393
winner,1.2,1446,2.902980428279591
winner,1.2,1447,3.0000907038623974
winner,1.2,1448,2.9813449955473303
winner,1.2,1449,3.004225685963298
winner,1.2,1450,2.2759415321390963
winner,1.2,1451,2.537879609531969
winner,1.2,1452,2.468055891436337
winner,1.2,1453,3.5581637456394013
winner,1.2,1454,3.2096970282910693
winner,1.2,1455,3.0920501896747963
winner,1.2,1456,3.3314657918518793
winner,1.2,1457,2.492359302016278
winner,1.2,1458,3.2957325117161047
winner,1.2,1459,2.7486094948264284
winner,1.2,1460,2.788494142988778
winner,1.2,1461,2.958962415926672
winner,1.2,1462,2.7526323665438004
winner,1.2,1463,2.661375241439805
winner,1.2,1464,3.14625430838757
winner,1.2,1465,3.4201188721495397
winner,1.2,1466,2.908683486994704
winner,1.2,1467,2.9831747896486824
winner,1.2,1468,2.808728015285443
winner,1.2,1469,3.1245048524893932
winner,1.2,1470,2.6638588552885825
winner,1.2,1471,2.7647553428731917
winner,1.2,1472,2.801474776918127
winner,1.2,1473,2.904549845193266
winner,1.2,1474,2.286799264391225
winner,1.2,1475,3.206148262362363
winner,1.2,1476,3.1779308277403393
winner,1.2,1477,3.7177501627007867
winner,1.2,1478,2.810547994544914
winner,1.2,1479,3.0165764270249555
winner,1.2,1480,3.4911155996273995
winner,1.2,1481,2.6367135054530553
winner,1.2,1482,3.2331413601468624
winner,1.2,1483,2.394380557796177
winner,1.2,1484,2.8867348501851073
winner,1.2,1485,3.120975802735786
winner,1.2,1486,3.5449832654897513
winner,1.2,1487,2.9893479875893796
winner,1.2,1488,3.74794957573728
winner,1.2,1489,3.3283158041780334
winner,1.2,1490,2.845772505687024
winner,1.2,1491,3.1623287982960107
winner,1.2,1492,3.153183710612063
winner,1.2,1493,2.9109818827700704
winner,1.2,1494,2.9177589145782004
winner,1.2,1495,3.3330449633883226
winner,1.2,1496,3.2192374851044487
winner,1.2,1497,2.447337850302263
winner,1.2,1498,2.72644285839749
winner,1.2,1499,2.622018623990506
winner,1.2,1500,3.0110886053020915
winner,1.2,1501,3.07365981023614
winner,1.2,1502,2.7378813510094178
winner,1.2,1503,3.1450831778344646
winner,1.2,1504,3.2925960695158705
winner,1.2,1505,2.5350220575202376
winner,1.2,1506,2.764198636760015
winner,1.2,1507,3.9034530991191714
winner,1.2,1508,3.321931519904254
winner,1.2,1509,2.735800088443921
winner,1.2,1510,2.5107233630723984
winner,1.2,1511,3.0326701134250147
winner,1.2,1512,2.875292967987977
winner,1.2,1513,3.169135014810945
winner,1.2,1514,3.129794069696471
winner,1.2,1515,3.0691828780262367
winner,1.2,1516,2.7999475795957394
winner,1.2,1517,3.181181982494999
winner,1.2,1518,3.2291414675947387
winner,1.2,1519,2.5766827740550275
winner,1.2,1520,3.0573480500817976
winner,1.2,1521,2.7933284305494803
winner,1.2,1522,3.2283653569893276
winner,1.2,1523,2.861919649903027
winner,1.2,1524,2.6215590169990586
winner,1.2,1525,2.6845806698176347
winner,1.2,1526,2.9942474465308
winner,1.2,1527,2.701061469764614
winner,1.2,1528,3.0478548582380256
winner,1.2,1529,3.0737004142038606
winner,1.2,1530,3.1389983800806966
winner,1.2,1531,2.9827711210386094
winner,1.2,1532,2.8302003031322243
winner,1.2,1533,3.0241988766909906
winner,1.2,1534,3.480485777579283
winner,1.2,1535,2.8520968024565523
winner,1.2,1536,2.7081712791660557
winner,1.2,1537,2.967779261581488
winner,1.2,1538,2.791787432449903
winner,1.2,1539,3.052723509597769
winner,1.2,1540,2.852726517711351
winner,1.2,1541,3.089591495672442
winner,1.2,1542,2.588388327475229
winner,1.2,1543,3.1309757368491726
winner,1.2,1544,3.1871729001231177
winner,1.2,1545,2.5570615548229516
winner,1.2,1546,3.211903373717057
winner,1.2,1547,3.3331577835584625
winner,1.2,1548,2.8550404263847597
winner,1.2,1549,2.6509193174955756
winner,1.2,1550,2.9957592947984772
winner,1.2,1551,2.8869702007562648
winner,1.2,1552,3.642290405103104
winner,1.2,1553,2.932996209062349
winner,1.2,1554,2.7094635792526427
winner,1.2,1555,2.7764195380929246
winner,1.2,1556,2.7065783669261303
winner,1.2,1557,3.363611702918766
winner,1.2,1558,3.223822464946004
winner,1.2,1559,2.80602318252391
winner,1.2,1560,3.0524399470350407
winner,1.2,1561,2.945596898353318
winner,1.2,1562,2.448883245526534
winner,1.2,1563,2.9661226313565634
winner,1.2,1564,2.6576156926434935
winner,1.2,1565,3.475134440226819
winner,1.2,1566,3.6336216707686146
winner,1.2,1567,3.511623520055791
winner,1.2,1568,3.0671598372858337
winner,1.2,1569,2.976370561168145
winner,1.2,1570,2.9626054805745428
winner,1.2,1571,2.8092390617806426
winner,1.2,1572,3.1493758759161397
winner,1.2,1573,3.7604605454083293
winner,1.2,1574,2.995882697665269
winner,1.2,1575,3.1899826601611854
winner,1.2,1576,3.1799748428615016
winner,1.2,1577,2.9843883660473676
winner,1.2,1578,3.243654823047636
winner,1.2,1579,3.306980574476289
winner,1.2,1580,2.9198465791878725
winner,1.2,1581,3.4191402040792647
winner,1.2,1582,3.114735824719474
winner,1.2,1583,3.5045339596544234
winner,1.2,1584,2.9361386746717146
winner,1.2,1585,3.2798628917070496
winner,1.2,1586,3.1716114725630753
winner,1.2,1587,3.268508141944094
winner,1.2,1588,2.7970739175410437
winner,1.2,1589,3.065711445016702
winner,1.2,1590,2.8191410082611488
winner,1.2,1591,3.2592466909980087
winner,1.2,1592,3.292884796023493
winner,1.2,1593,2.6839279830816953
winner,1.2,1594,2.6328222378492967
winner,1.2,1595,3.2221327374596522
winner,1.2,1596,3.012315482706803
winner,1.2,1597,3.5989137439946135
winner,1.2,1598,2.812304284666893
winner,1.2,1599,3.1232177806043415
winner,1.2,1600,2.952852192073276
winner,1.2,1601,3.4397457018113156
winner,1.2,1602,2.8554073623710283
winner,1.2,1603,3.4345718391250863
winner,1.2,1604,3.317930627391124
winner,1.2,1605,2.5352257412540844
winner,1.2,1606,3.1309023961291342
winner,1.2,1607,2.764253897935423
winner,1.2,1608,3.1782506383489975
winner,1.2,1609,2.8777058650618277
winner,1.2,1610,3.2676779517061654
winner,1.2,1611,2.9373072972058716
winner,1.2,1612,2.9098674326237544
winner,1.2,1613,3.4131526475365006
winner,1.2,1614,3.2327656494208865
winner,1.2,1615,3.1176045978567086
winner,1.2,1616,2.8755704855445785
winner,1.2,1617,2.93589996421974
winner,1.2,1618,3.2771066578613417
winner,1.2,1619,3.1844122658103466
winner,1.2,1620,2.8511912973276616
winner,1.2,1621,2.5805881246038886
winner,1.2,1622,2.7007565917184118
winner,1.2,1623,2.4033384426275384
winner,1.2,1624,2.8731809547703793
winner,1.2,1625,2.96396019785289
winner,1.2,1626,3.0903555361286568
winner,1.2,1627,3.516965062848165
winner,1.2,1628,3.2216881181635544
winner,1.2,1629,3.4111513881591313
winner,1.2,1630,3.099862049888053
winner,1.2,1631,3.1388104738731406
winner,1.2,1632,3.0327299549122078
winner,1.2,1633,3.5587422295982623
winner,1.2,1634,3.0441127008721858
winner,1.2,1635,3.157500319134199
winner,1.2,1636,3.0033252780572024
winner,1.2,1637,3.4671622320548425
winner,1.2,1638,3.248998068244838
winner,1.2,1639,2.731844342942654
winner,1.2,1640,2.9982280158363257
winner,1.2,1641,2.5640928674630707
winner,1.2,1642,3.534930160541848
winner,1.2,1643,2.8842510162415094
winner,1.2,1644,2.7991848339182934
winner,1.2,1645,2.3568743324559485
winner,1.2,1646,2.873018859001645
winner,1.2,1647,2.6482016642667436
winner,1.2,1648,3.5286646321923603
winner,1.2,1649,3.274644492942127
winner,1.2,1650,2.980207493596258
winner,1.2,1651,2.94315804743659
winner,1.2,1652,3.4090402476930826
winner,1.2,1653,3.2421945449356175
winner,1.2,1654,2.4671526090504328
winner,1.2,1655,2.8008082825684055
winner,1.2,1656,2.9298909000929645
winner,1.2,1657,3.373756263421106
winner,1.2,1658,2.4607199124340324
winner,1.2,1659,2.916751695210098
winner,1.2,1660,3.1911423383046165
winner,1.2,1661,3.2483924059506557
winner,1.2,1662,3.1397292097151315
winner,1.2,1663,2.8204738329559835
winner,1.2,1664,2.427765006861864
winner,1.2,1665,2.830573772914969
winner,1.2,1666,2.3821989191543884
winner,1.2,1667,3.077094773292462
winner,1.2,1668,2.905262434183342
winner,1.2,1669,2.8628992460757576
winner,1.2,1670,3.0436209021149154
winner,1.2,1671,2.7263123296124587
winner,1.2,1672,3.089508043683538
winner,1.2,1673,3.2559113500893826
winner,1.2,1674,3.310068043863107
winner,1.2,1675,2.9041573729411954
winner,1.2,1676,2.6212822533143325
winner,1.2,1677,2.8841312688176233
winner,1.2,1678,2.957586200359053
winner,1.2,1679,3.062110559481058
winner,1.2,1680,2.7789906764896743
winner,1.2,1681,2.9542102790372495
winner,1.2,1682,3.223005757587314
winner,1.2,1683,2.756353938080156
winner,1.2,1684,2.4095391712773693
winner,1.2,1685,3.034787032460838
winner,1.2,1686,3.2044440706733104
winner,1.2,1687,2.921248730726616
winner,1.2,1688,3.4815640351380144
winner,1.2,1689,2.8290356528143312
winner,1.2,1690,3.1998200264257672
winner,1.2,1691,3.245031554282972
winner,1.2,1692,3.042219526352678
winner,1.2,1693,2.543540134337624
winner,1.2,1694,3.4365064500956346
winner,1.2,1695,3.2939493022667747
winner,1.2,1696,3.4276412782342947
winner,1.2,1697,3.3343674626763016
winner,1.2,1698,3.553432646892187
winner,1.2,1699,3.2745636849877795
winner,1.2,1700,3.388410783114523
winner,1.2,1701,2.618730141549636
winner,1.2,1702,2.604633067671459
winner,1.2,1703,2.6864627536899834
winner,1.2,1704,2.9256898902012907
winner,1.2,1705,2.834057017926991
winner,1.2,1706,3.438416281192414
winner,1.2,1707,2.589552724856353
winner,1.2,1708,2.9193692562927853
winner,1.2,1709,3.200663839806512
winner,1.2,1710,2.9349751647391007
winner,1.2,1711,2.868198532383176
winner,1.2,1712,3.12965640035847
winner,1.2,1713,3.1729232176620203
winner,1.2,1714,2.3593557766728
winner,1.2,1715,3.2075929227157918
winner,1.2,1716,2.8077880901953134
winner,1.2,1717,3.138456160327935
winner,1.2,1718,2.779126571921642
winner,1.2,1719,3.069077582218489
winner,1.2,1720,2.7664479226027305
winner,1.2,1721,3.2266321565109926
winner,1.2,1722,2.9028590422988265
winner,1.2,1723,3.379664733306516
winner,1.2,1724,3.4121288583515494
winner,1.2,1725,3.4478737048804677
winner,1.2,1726,3.1919383332339013
winner,1.2,1727,2.566805715391651
winner,1.2,1728,3.1744237964326434
winner,1.2,1729,3.4177473264893203
winner,1.2,1730,3.001852435110186
winner,1.2,1731,3.1522785327808447
winner,1.2,1732,2.8453441489786244
winner,1.2,1733,2.8188508574569626
winner,1.2,1734,2.9887907892305785
winner,1.2,1735,3.185246334887467
winner,1.2,1736,2.911527281273906
winner,1.2,1737,3.4017550685225637
winner,1.2,1738,3.193671878000311
winner,1.2,1739,2.7701284479731534
winner,1.2,1740,2.7554050924478424
winner,1.2,1741,2.7576245048851966
winner,1.2,1742,2.8366245997272967
winner,1.2,1743,2.93924218150707
winner,1.2,1744,2.9255904828904877
winner,1.2,1745,2.9368585131933447
winner,1.2,1746,2.8422143926139234
winner,1.2,1747,2.8417719462779676
winner,1.2,1748,2.7518536773316904
winner,1.2,1749,2.6607833740355846
winner,1.2,1750,3.636765693283454
winner,1.2,1751,3.21410371036286
winner,1.2,1752,2.732102565686234
winner,1.2,1753,2.9642235352631467
winner,1.2,1754,2.6641920490134847
winner,1.2,1755,3.267957393715146
winner,1.2,1756,2.8611313547040047
winner,1.2,1757,2.872492076872227
winner,1.2,1758,2.315466148354606
winner,1.2,1759,3.0957098499182027
winner,1.2,1760,3.281456399840641
winner,1.2,1761,3.021968027893626
winner,1.2,1762,3.198076326964941
winner,1.2,1763,3.2151678256206147
winner,1.2,1764,3.933832319993846
winner,1.2,1765,2.9788136709672455
winner,1.2,1766,2.47263528160404
winner,1.2,1767,2.46783768270459
winner,1.2,1768,2.4820909514737
winner,1.2,1769,3.100686591311918
winner,1.2,1770,2.9737910976712776
winner,1.2,1771,2.9555644949444524
winner,1.2,1772,2.734773907760932
winner,1.2,1773,3.2990421536163725
winner,1.2,1774,2.9667346715489105
winner,1.2,1775,3.0098672077888127
winner,1.2,1776,3.1747467639765574
winner,1.2,1777,2.9315330140380422
winner,1.2,1778,2.4463270514027435
winner,1.2,1779,2.7959267027284382
winner,1.2,1780,2.656636783600171
winner,1.2,1781,2.5440144898188013
winner,1.2,1782,3.0131075623791546
winner,1.2,1783,2.5675514329035516
winner,1.2,1784,3.0747831909644545
winner,1.2,1785,3.1477105867670527
winner,1.2,1786,2.9016436722979373
winner,1.2,1787,2.676111851717334
winner,1.2,1788,2.926266609499537
winner,1.2,1789,2.8616931911668875
winner,1.2,1790,3.3319289347696315
winner,1.2,1791,2.4503699802616956
winner,1.2,1792,2.9109421673839133
winner,1.2,1793,3.248230109182829
winner,1.2,1794,3.2597310685996153
winner,1.2,1795,2.637048532309349
winner,1.2,1796,3.2527362302207865
winner,1.2,1797,2.779638261996651
winner,1.2,1798,3.273415280355156
winner,1.2,1799,2.6529827218460214
winner,1.2,1800,3.4813463466197616
winner,1.2,1801,2.884576769238093
winner,1.2,1802,3.199098885448526
winner,1.2,1803,2.9514686632307616
winner,1.2,1804,3.47308169329052
winner,1.2,1805,3.1565360213558047
winner,1.2,1806,3.6011894999119525
winner,1.2,1807,2.7299378193448143
winner,1.2,1808,2.5890652379123287
winner,1.2,1809,3.155574296269336
winner,1.2,1810,2.8546893006731544
winner,1.2,1811,2.924611261363869
winner,1.2,1812,3.795925540031728
winner,1.2,1813,2.752993597274716
winner,1.2,1814,3.0362764854628415
winner,1.2,1815,2.8307421733425837
winner,1.2,1816,3.0161297172593757
winner,1.2,1817,2.718771340677294
winner,1.2,1818,3.4718177300186346
winner,1.2,1819,3.6137745995561867
winner,1.2,1820,3.085549830916433
winner,1.2,1821,2.8858624762249616
winner,1.2,1822,2.8504588635422263
winner,1.2,1823,2.6922649457416434
winner,1.2,1824,3.4332713785253577
winner,1.2,1825,3.2822314350715556
winner,1.2,1826,3.054586129200848
winner,1.2,1827,3.30135264903693
winner,1.2,1828,3.2577771337414982
winner,1.2,1829,2.924805143989247
winner,1.2,1830,2.688163755640673
winner,1.2,1831,3.419059549308282
winner,1.2,1832,3.2407459047557365
winner,1.2,1833,2.9693503168079642
winner,1.2,1834,2.7623800165595704
winner,1.2,1835,2.7256567893501105
winner,1.2,1836,3.063104578701498
winner,1.2,1837,2.950669547053611
winner,1.2,1838,2.994731598228473
winner,1.2,1839,2.533631397823183
winner,1.2,1840,2.6362335188670585
winner,1.2,1841,3.550867867319612
winner,1.2,1842,2.738204705044402
winner,1.2,1843,2.808288168011288
winner,1.2,1844,2.5339397616969053
winner,1.2,1845,3.3961547940479737
winner,1.2,1846,2.8707395227081256
winner,1.2,1847,3.0000081760550334
winner,1.2,1848,2.5965738567336336
winner,1.2,1849,2.632232711209131
winner,1.2,1850,2.4687083812667203
winner,1.2,1851,2.825420742844338
winner,1.2,1852,2.6828070182753683
winner,1.2,1853,2.328383042423207
winner,1.2,1854,3.195130277476002
winner,1.2,1855,3.1945291385832815
winner,1.2,1856,3.4002742260286487
winner,1.2,1857,3.178356770223877
winner,1.2,1858,3.3061672946968312
winner,1.2,1859,2.5066731529716475
winner,1.2,1860,3.4039766349703275
winner,1.2,1861,3.362156663153359
winner,1.2,1862,3.0575877317414077
winner,1.2,1863,3.1880065225274126
winner,1.2,1864,2.951872740882097
winner,1.2,1865,3.005025309949585
winner,1.2,1866,2.8738110827848766
winner,1.2,1867,3.164794631037494
winner,1.2,1868,3.172086423029651
winner,1.2,1869,3.1875960821863556
winner,1.2,1870,3.5332002241107063
winner,1.2,1871,2.694040638627886
winner,1.2,1872,3.2964253440893563
winner,1.2,1873,2.929122731638301
winner,1.2,1874,2.4669462617713007
winner,1.2,1875,2.2467473667213547
winner,1.2,1876,2.9810454288663863
winner,1.2,1877,2.9661110812098204
winner,1.2,1878,3.2386703324376716
winner,1.2,1879,2.841331304262081
winner,1.2,1880,2.43200934470782
winner,1.2,1881,3.514185471571396
winner,1.2,1882,2.7358196731494897
winner,1.2,1883,3.320524036161429
winner,1.2,1884,2.8732538019557365
winner,1.2,1885,2.9833917114945727
winner,1.2,1886,2.9585496577739963
winner,1.2,1887,3.2112882241815304
winner,1.2,1888,2.9238210371885343
winner,1.2,1889,3.0811403989143655
winner,1.2,1890,2.8679970704645448
winner,1.2,1891,3.4701045914632846
winner,1.2,1892,3.357667467810594
winner,1.2,1893,3.7180291042300992
winner,1.2,1894,3.3936596760033644
winner,1.2,1895,2.9258953846285607
winner,1.2,1896,2.4382061966082307
winner,1.2,1897,3.4434087538657248
winner,1.2,1898,3.184114794860301
winner,1.2,1899,2.8572536611024524
winner,1.2,1900,3.7047502546296815
winner,1.2,1901,3.1772619258746952
winner,1.2,1902,2.6892143741449495
winner,1.2,1903,3.170326436632362
winner,1.2,1904,3.0238625445914553
winner,1.2,1905,3.115218514592724
winner,1.2,1906,2.8670188136705423
winner,1.2,1907,2.8026040122925786
winner,1.2,1908,2.809933598539017
winner,1.2,1909,2.619156361747985
winner,1.2,1910,3.0428412898676394
winner,1.2,1911,2.7364602476812183
winner,1.2,1912,2.968506560028292
winner,1.2,1913,2.9967724271874006
winner,1.2,1914,2.711342131360225
winner,1.2,1915,3.066648067422343
winner,1.2,1916,3.015403075059129
winner,1.2,1917,3.0222443393890406
winner,1.2,1918,2.5602959821499085
winner,1.2,1919,2.6910456309455437
winner,1.2,1920,3.1225786075799444
winner,1.2,1921,3.0614862013924844
winner,1.2,1922,2.7016544838923706
winner,1.2,1923,3.425300090279881
winner,1.2,1924,2.90581863848561
winner,1.2,1925,2.7326318505088487
winner,1.2,1926,2.768957794073263
winner,1.2,1927,3.0862342399839533
winner,1.2,1928,2.671042582364106
winner,1.2,1929,3.11468307062183
winner,1.2,1930,3.1773701427170717
winner,1.2,1931,2.88479726755283
winner,1.2,1932,3.2628668855547684
winner,1.2,1933,3.4992003112847776
winner,1.2,1934,2.7440941882288783
winner,1.2,1935,2.7775189054298095
winner,1.2,1936,3.229880047559345
winner,1.2,1937,3.31845234070248
winner,1.2,1938,2.9273808228635994
winner,1.2,1939,2.817253318500794
winner,1.2,1940,2.682302268827849
winner,1.2,1941,2.9423269741634384
winner,1.2,1942,2.8113895197177707
winner,1.2,1943,2.9727480217938447
winner,1.2,1944,3.5275969893591896
winner,1.2,1945,3.109802983816187
winner,1.2,1946,2.92034691592084
winner,1.2,1947,2.800955331684659
winner,1.2,1948,2.8428232065535397
winner,1.2,1949,3.4626877527798836
winner,1.2,1950,2.962568314083883
winner,1.2,1951,2.420268930025429
winner,1.2,1952,3.417814087355134
winner,1.2,1953,2.91484966562339
winner,1.2,1954,2.5795952119031105
winner,1.2,1955,3.4566861623869802
winner,1.2,1956,3.0266773517753216
winner,1.2,1957,3.2154140967120264
winner,1.2,1958,2.5824179399672533
winner,1.2,1959,3.264633756565395
winner,1.2,1960,2.7087925946806974
winner,1.2,1961,2.9601353520832885
winner,1.2,1962,3.055049416478122
winner,1.2,1963,2.5713616535652073
winner,1.2,1964,2.9295701363694646
winner,1.2,1965,2.8544922571827644
winner,1.2,1966,2.9010082316396035
winner,1.2,1967,2.770889845117799
winner,1.2,1968,3.1862302796760513
winner,1.2,1969,3.536534272187471
winner,1.2,1970,3.0744226546323565
winner,1.2,1971,2.9377666716013047
winner,1.2,1972,2.971542322983014
winner,1.2,1973,2.9786303510067245
winner,1.2,1974,2.624379490667533
winner,1.2,1975,3.0612669354812265
winner,1.2,1976,3.037394060634072
winner,1.2,1977,3.2376897936977773
winner,1.2,1978,3.036993523450875
winner,1.2,1979,3.162712461667356
winner,1.2,1980,3.020717495278256
winner,1.2,1981,3.04547771540686
winner,1.2,1982,2.462804327080845
winner,1.2,1983,2.8544762832905266
winner,1.2,1984,3.348724860510357
winner,1.2,1985,2.700034713818582
winner,1.2,1986,3.1018616626722397
winner,1.2,1987,2.988024763541354
winner,1.2,1988,3.025727175902083
winner,1.2,1989,3.0910298497000093
winner,1.2,1990,2.583973511883893
winner,1.2,1991,2.9030534852893553
winner,1.2,1992,3.1721934465806876
winner,1.2,1993,3.46214715061353
winner,1.2,1994,2.9494173357263733
winner,1.2,1995,2.8281975960297996
winner,1.2,1996,2.963970282475659
winner,1.2,1997,3.1968534889659668
winner,1.2,1998,3.2687254448924215
winner,1.2,1999,3.415404716306725
winner,1.3,0,4.4840115892110655
winner,1.3,1,5.111719040538904
winner,1.3,2,5.020222843323122
winner,1.3,3,4.4913747186969655
winner,1.3,4,4.666315041465666
winner,1.3,5,5.103603275653586
winner,1.3,6,5.307255765988434
winner,1.3,7,4.712530958157712
winner,1.3,8,4.773678608617064
winner,1.3,9,4.512634928000395
winner,1.3,10,4.7259984740974375
winner,1.3,11,4.580089501485864
winner,1.3,12,5.039046195249701
winner,1.3,13,4.877013442135711
winner,1.3,14,4.547000321448288
winner,1.3,15,4.94977880233943
winner,1.3,16,4.84951499874335
winner,1.3,17,4.338908911429481
winner,1.3,18,4.258306751438293
winner,1.3,19,5.078980401920098
winner,1.3,20,4.596016049912646
winner,1.3,21,4.639408135044281
winner,1.3,22,4.665010224760976
winner,1.3,23,4.597615051425189
winner,1.3,24,5.473996679798577
winner,1.3,25,4.748643403667749
winner,1.3,26,5.377326536994709
winner,1.3,27,4.888741126863352
winner,1.3,28,4.932614246763207
winner,1.3,29,4.714505730523255
winner,1.3,30,4.433628603664357
winner,1.3,31,4.77922193469107
winner,1.3,32,4.6250298354894275
winner,1.3,33,5.068957392797782
winner,1.3,34,4.8211599219561885
winner,1.3,35,4.625004044998122
winner,1.3,36,4.423987491625772
winner,1.3,37,5.342459873865961
winner,1.3,38,4.819148761686805
winner,1.3,39,4.903288728660877
winner,1.3,40,4.86567497613185
winner,1.3,41,4.216614992720228
winner,1.3,42,4.577313267481217
winner,1.3,43,4.07441288856177
winner,1.3,44,4.5481088094051865
winner,1.3,45,4.849394968161806
winner,1.3,46,4.797081406800846
winner,1.3,47,4.551557099645523
winner,1.3,48,4.791808252309998
winner,1.3,49,5.022372501965046
winner,1.3,50,5.117108399053027
winner,1.3,51,4.401415446428565
winner,1.3,52,5.238624476182702
winner,1.3,53,4.90307662291003
winner,1.3,54,5.117043691370968
winner,1.3,55,4.2879577282799195
winner,1.3,56,5.574520761112992
winner,1.3,57,4.426073316100362
winner,1.3,58,5.117743523386533
winner,1.3,59,5.780960549341923
winner,1.3,60,4.720600221191992
winner,1.3,61,4.704288602890852
winner,1.3,62,4.472989851669837
winner,1.3,63,5.313412134183079
winner,1.3,64,4.592582131996729
winner,1.3,65,4.546349226549281
winner,1.3,66,5.2980232386739665
winner,1.3,67,4.044616580612857
winner,1.3,68,5.139574273542636
winner,1.3,69,4.9442851916579045
winner,1.3,70,4.648425138192321
winner,1.3,71,4.48573853225392
winner,1.3,72,4.610156699030722
winner,1.3,73,4.673391839466749
winner,1.3,74,4.703315200908999
winner,1.3,75,4.994573040562008
winner,1.3,76,4.701132446058997
winner,1.3,77,4.939891651202582
winner,1.3,78,4.734734895214261
winner,1.3,79,4.728177336676143
winner,1.3,80,4.9350800470936615
winner,1.3,81,4.355091602978044
winner,1.3,82,4.773006766231939
winner,1.3,83,4.613047340807517
winner,1.3,84,4.852523546923551
winner,1.3,85,4.115819996026398
winner,1.3,86,5.003068761050906
winner,1.3,87,5.018907902073339
winner,1.3,88,4.512583819918186
winner,1.3,89,4.8145824195165785
winner,1.3,90,5.058039629408935
winner,1.3,91,4.016838583074836
winner,1.3,92,4.660050182522638
winner,1.3,93,4.8575673490632
winner,1.3,94,5.088932859565313
winner,1.3,95,4.919012858884724
winner,1.3,96,4.700068061275738
winner,1.3,97,4.87238270113337
winner,1.3,98,4.203888166437818
winner,1.3,99,4.642301260729809
winner,1.3,100,4.9292249538825725
winner,1.3,101,4.511091991111612
winner,1.3,102,4.529306352854855
winner,1.3,103,4.500621893718171
winner,1.3,104,4.219246706892588
winner,1.3,105,4.272362535001468
winner,1.3,106,4.448696124377087
winner,1.3,107,4.857794684701771
winner,1.3,108,4.891719672527277
winner,1.3,109,5.263114454252939
winner,1.3,110,4.564172444564738
winner,1.3,111,4.274302015401538
winner,1.3,112,4.815428158006206
winner,1.3,113,5.161591478088546
winner,1.3,114,4.668151431829358
winner,1.3,115,4.636463445366898
winner,1.3,116,4.9025404495160165
winner,1.3,117,4.782312379329058
winner,1.3,118,4.485897991207813
winner,1.3,119,4.996503608642116
winner,1.3,120,4.569276193917656
winner,1.3,121,4.832171159457867
winner,1.3,122,4.7748727135941715
winner,1.3,123,4.398109556477698
winner,1.3,124,4.614592531225494
winner,1.3,125,4.873095890826743
winner,1.3,126,4.290612785605393
winner,1.3,127,5.1496088912433535
winner,1.3,128,4.704394948371359
winner,1.3,129,4.184731889961
winner,1.3,130,4.809614356900778
winner,1.3,131,4.534626848572468
winner,1.3,132,4.501655106942089
winner,1.3,133,4.764410415791584
winner,1.3,134,4.307693313731339
winner,1.3,135,4.757069135215387
winner,1.3,136,4.678079013785371
winner,1.3,137,4.57006631417018
winner,1.3,138,4.76100879367304
winner,1.3,139,4.788782280924176
winner,1.3,140,4.557793209794636
winner,1.3,141,4.572640056303002
winner,1.3,142,4.940669432075294
winner,1.3,143,4.847030929472564
winner,1.3,144,4.522346138425603
winner,1.3,145,4.556501945638737
winner,1.3,146,4.844118932220843
winner,1.3,147,4.763643700401143
winner,1.3,148,4.431115694935336
winner,1.3,149,4.861251034010982
winner,1.3,150,4.392185959400269
winner,1.3,151,4.753816204027217
winner,1.3,152,4.553391871364441
winner,1.3,153,4.4848208200828275
winner,1.3,154,4.80695005011222
winner,1.3,155,4.962816008858455
winner,1.3,156,4.769182674477869
winner,1.3,157,4.659089405658797
winner,1.3,158,4.828235090779137
winner,1.3,159,4.592603685626592
winner,1.3,160,5.126785959052206
winner,1.3,161,5.381972451045437
winner,1.3,162,4.516728763895
winner,1.3,163,4.658569836446085
winner,1.3,164,4.929821775170184
winner,1.3,165,4.3722876735894145
winner,1.3,166,5.085946489880668
winner,1.3,167,4.487271682049142
winner,1.3,168,5.343367458933222
winner,1.3,169,5.2101939370556565
winner,1.3,170,4.750807606274235
winner,1.3,171,4.404581019126693
winner,1.3,172,5.048450069655489
winner,1.3,173,4.454037154877487
winner,1.3,174,4.786858744381814
winner,1.3,175,5.139374767162064
winner,1.3,176,4.368959001492984
winner,1.3,177,4.808185607357788
winner,1.3,178,4.704529031161601
winner,1.3,179,4.463382128475123
winner,1.3,180,4.628254559503509
winner,1.3,181,5.07761700214416
winner,1.3,182,5.099745763745288
winner,1.3,183,5.584201672470503
winner,1.3,184,4.6513179568609395
winner,1.3,185,5.183582806866372
winner,1.3,186,4.467090493456053
winner,1.3,187,5.131944802364939
winner,1.3,188,4.674340281520146
winner,1.3,189,5.039860154123766
winner,1.3,190,5.017871153917425
winner,1.3,191,4.630823821448211
winner,1.3,192,4.920644789165831
winner,1.3,193,4.829156389056826
winner,1.3,194,5.241039840437991
winner,1.3,195,5.403776413520835
winner,1.3,196,4.4614039667438545
winner,1.3,197,4.7477756804206965
winner,1.3,198,4.895474971774549
winner,1.3,199,4.53708855254287
winner,1.3,200,4.896122369397795
winner,1.3,201,4.621180987724985
winner,1.3,202,4.910502738520297
winner,1.3,203,4.112705324580729
winner,1.3,204,4.484095409858227
winner,1.3,205,4.200057653918875
winner,1.3,206,4.585317518763116
winner,1.3,207,4.647979842800244
winner,1.3,208,4.933056770433616
winner,1.3,209,5.1009565986514795
winner,1.3,210,5.122082174528137
winner,1.3,211,4.457671284785697
winner,1.3,212,4.299237747310701
winner,1.3,213,4.507640445696827
winner,1.3,214,5.277302144053337
winner,1.3,215,5.094821738484839
winner,1.3,216,4.845075588815782
winner,1.3,217,4.561678644464348
winner,1.3,218,4.530209309991414
winner,1.3,219,4.62183628397455
winner,1.3,220,5.308331771929138
winner,1.3,221,4.63188431047043
winner,1.3,222,4.6097435894161
winner,1.3,223,4.904537587367932
winner,1.3,224,5.312756767547101
winner,1.3,225,5.143539309006215
winner,1.3,226,4.472402337453234
winner,1.3,227,4.028124899787904
winner,1.3,228,5.012671449896892
winner,1.3,229,4.732697693983462
winner,1.3,230,4.2351426945689346
winner,1.3,231,4.632476479037118
winner,1.3,232,4.6856265488792515
winner,1.3,233,5.092041907998338
winner,1.3,234,5.595503218034357
winner,1.3,235,4.727112988675342
winner,1.3,236,5.059519350195857
winner,1.3,237,4.880518660793571
winner,1.3,238,4.923735766949207
winner,1.3,239,4.991122553931073
winner,1.3,240,4.857752276307356
winner,1.3,241,5.207465042431807
winner,1.3,242,4.841142170529697
winner,1.3,243,4.489762406718318
winner,1.3,244,4.35098600227747
winner,1.3,245,4.855715402407075
winner,1.3,246,4.7955087511617505
winner,1.3,247,4.355163854634459
winner,1.3,248,4.322123683502789
winner,1.3,249,5.363019104978554
winner,1.3,250,4.231631824668878
winner,1.3,251,4.290026648412735
winner,1.3,252,4.728052219368983
winner,1.3,253,4.450768686696439
winner,1.3,254,4.985787236111929
winner,1.3,255,4.5009761148770195
winner,1.3,256,4.811109199039289
winner,1.3,257,5.136916683906477
winner,1.3,258,4.164154235822681
winner,1.3,259,4.572258799151454
winner,1.3,260,4.351397593192897
winner,1.3,261,4.976191829012389
winner,1.3,262,4.9846477505938385
winner,1.3,263,4.895258489153958
winner,1.3,264,4.986102455597357
winner,1.3,265,5.031557107272275
winner,1.3,266,4.724374169782899
winner,1.3,267,4.681958417305656
winner,1.3,268,5.291608706006521
winner,1.3,269,4.750278312609898
winner,1.3,270,4.095927048824497
winner,1.3,271,4.69488237454853
winner,1.3,272,4.137257487637246
winner,1.3,273,4.807703614227477
winner,1.3,274,5.24719969267641
winner,1.3,275,4.791284136929449
winner,1.3,276,4.590826513599758
winner,1.3,277,5.391536199561104
winner,1.3,278,5.100339251130698
winner,1.3,279,4.607489654193589
winner,1.3,280,4.4416621647943515
winner,1.3,281,4.769267625608963
winner,1.3,282,5.252688024633366
winner,1.3,283,4.030615724069681
winner,1.3,284,4.265337039160968
winner,1.3,285,5.111368994286088
winner,1.3,286,4.515154687287047
winner,1.3,287,4.37772540149996
winner,1.3,288,4.375351644754859
winner,1.3,289,4.8234328249684
winner,1.3,290,5.03688762422863
winner,1.3,291,4.603222813468102
winner,1.3,292,5.473751219164302
winner,1.3,293,5.047898320040156
winner,1.3,294,4.736095405387025
winner,1.3,295,4.560663311392124
winner,1.3,296,5.165466671576884
winner,1.3,297,4.180943949518915
winner,1.3,298,4.663929058786374
winner,1.3,299,4.368074683769776
winner,1.3,300,5.229976654874859
winner,1.3,301,4.976198888814701
winner,1.3,302,5.408700004020253
winner,1.3,303,5.209386492790283
winner,1.3,304,4.635734642445336
winner,1.3,305,5.040276233030881
winner,1.3,306,4.080080448498813
winner,1.3,307,4.431921026926919
winner,1.3,308,4.782264041542818
winner,1.3,309,4.930255819725361
winner,1.3,310,5.038623519388009
winner,1.3,311,4.8934289371722715
winner,1.3,312,5.261199624573315
winner,1.3,313,4.5942762623513
winner,1.3,314,4.374656974663586
winner,1.3,315,4.934845207576826
winner,1.3,316,4.912103354079456
winner,1.3,317,4.07468120314305
winner,1.3,318,4.605595358089526
winner,1.3,319,4.958763493833162
winner,1.3,320,4.851929676043632
winner,1.3,321,5.230449410753347
winner,1.3,322,4.392892843035496
winner,1.3,323,4.625586341506465
winner,1.3,324,4.376866650809787
winner,1.3,325,4.499709338435414
winner,1.3,326,4.9786516210742064
winner,1.3,327,4.717791779554081
winner,1.3,328,4.774027205670672
winner,1.3,329,3.895294047731013
winner,1.3,330,5.41261443976303
winner,1.3,331,5.541336786849069
winner,1.3,332,4.798135539456551
winner,1.3,333,4.194840648094016
winner,1.3,334,5.243653341023968
winner,1.3,335,5.210642368383386
winner,1.3,336,4.788802292981668
winner,1.3,337,4.749382408520769
winner,1.3,338,4.450167180176926
winner,1.3,339,4.831071968292454
winner,1.3,340,4.257282157472982
winner,1.3,341,4.7902883998490955
winner,1.3,342,4.6473003169362475
winner,1.3,343,4.337145600267388
winner,1.3,344,5.373192125642416
winner,1.3,345,4.421356710876611
winner,1.3,346,4.098940883530628
winner,1.3,347,5.097608642423258
winner,1.3,348,4.6141455390426795
winner,1.3,349,5.15129170960298
winner,1.3,350,4.2977829561568015
winner,1.3,351,5.3992425089690155
winner,1.3,352,4.632899767974553
winner,1.3,353,4.8711865916377
winner,1.3,354,5.0195955283506875
winner,1.3,355,4.805010672420377
winner,1.3,356,4.715218067835634
winner,1.3,357,4.230705481146081
winner,1.3,358,4.669554353419497
winner,1.3,359,4.553271300205075
winner,1.3,360,5.344501150455472
winner,1.3,361,4.516142283150193
winner,1.3,362,4.652068252216416
winner,1.3,363,4.3956511627901484
winner,1.3,364,4.767975792282415
winner,1.3,365,5.514481557073915
winner,1.3,366,5.015582449539724
winner,1.3,367,5.1641574063165985
winner,1.3,368,4.885851491064153
winner,1.3,369,4.551580559534422
winner,1.3,370,4.5657542396158455
winner,1.3,371,4.192022320268153
winner,1.3,372,4.592274019221054
winner,1.3,373,4.839483684583386
winner,1.3,374,5.31074803507983
winner,1.3,375,5.129977971523844
winner,1.3,376,5.303683171509835
winner,1.3,377,4.525119359508855
winner,1.3,378,4.389279379194264
winner,1.3,379,4.352191563654546
winner,1.3,380,4.5458139924087355
winner,1.3,381,4.780181666572365
winner,1.3,382,4.475767034657655
winner,1.3,383,4.219816584160802
winner,1.3,384,4.997360023631555
winner,1.3,385,4.453603047150952
winner,1.3,386,4.591229141099975
winner,1.3,387,4.801812364715766
winner,1.3,388,4.561984833317402
winner,1.3,389,5.283899376675324
winner,1.3,390,4.926810005741266
winner,1.3,391,5.233997573236834
winner,1.3,392,4.144714357987726
winner,1.3,393,4.410088875245388
winner,1.3,394,4.35262651073514
winner,1.3,395,5.182640012321099
winner,1.3,396,4.620944082996975
winner,1.3,397,4.60187044440069
winner,1.3,398,4.875828424208905
winner,1.3,399,4.984914100412335
winner,1.3,400,5.016232702617039
winner,1.3,401,4.337662401969996
winner,1.3,402,4.822441963688665
winner,1.3,403,4.620973915843394
winner,1.3,404,5.3685553944102535
winner,1.3,405,5.06078221753647
winner,1.3,406,4.791511903839665
winner,1.3,407,5.020961934362278
winner,1.3,408,4.538699461791397
winner,1.3,409,5.006653835976708
winner,1.3,410,4.610207134954673
winner,1.3,411,4.814642874799532
winner,1.3,412,4.387687921429642
winner,1.3,413,5.178156737424914
winner,1.3,414,4.268424962766267
winner,1.3,415,5.195118685943778
winner,1.3,416,5.119994394127529
winner,1.3,417,4.54949407925721
winner,1.3,418,5.359470111251181
winner,1.3,419,5.436124882710547
winner,1.3,420,4.186619462781029
winner,1.3,421,5.117556035549009
winner,1.3,422,4.771954408825056
winner,1.3,423,4.891473246931727
winner,1.3,424,4.896711745074649
winner,1.3,425,5.094148169061738
winner,1.3,426,4.840147593042125
winner,1.3,427,4.198171559151017
winner,1.3,428,4.400183610127197
winner,1.3,429,4.400246612022232
winner,1.3,430,4.486788740354441
winner,1.3,431,4.753619648146181
winner,1.3,432,5.581635848965868
winner,1.3,433,4.832314105410425
winner,1.3,434,3.8855630390360036
winner,1.3,435,4.257467224914026
winner,1.3,436,5.241438613897763
winner,1.3,437,4.101634934932299
winner,1.3,438,4.21383402764705
winner,1.3,439,4.24213006902169
winner,1.3,440,5.184665064431957
winner,1.3,441,5.331399523649405
winner,1.3,442,4.775105432813856
winner,1.3,443,5.0612995703870975
winner,1.3,444,4.654846814252175
winner,1.3,445,4.426895059293368
winner,1.3,446,4.438182222189014
winner,1.3,447,4.928344663316242
winner,1.3,448,4.687848166910523
winner,1.3,449,4.663999884035391
winner,1.3,450,4.415522300403661
winner,1.3,451,4.498435575717169
winner,1.3,452,4.800606485349508
winner,1.3,453,4.782901542745303
winner,1.3,454,4.886754846565468
winner,1.3,455,4.681570902423823
winner,1.3,456,4.709029692764574
winner,1.3,457,4.795804561034113
winner,1.3,458,4.91327248239702
winner,1.3,459,4.318191815448922
winner,1.3,460,4.3649803814728925
winner,1.3,461,4.996843252845113
winner,1.3,462,4.371241674504799
winner,1.3,463,4.507152908124789
winner,1.3,464,4.914062319316439
winner,1.3,465,4.905102841561457
winner,1.3,466,4.650985860340213
winner,1.3,467,4.632109859254075
winner,1.3,468,5.162590705966559
winner,1.3,469,5.129620691005804
winner,1.3,470,4.634161280232135
winner,1.3,471,4.777586812819386
winner,1.3,472,4.215366834447797
winner,1.3,473,4.591752093000344
winner,1.3,474,4.692768826293676
winner,1.3,475,4.856489145628199
winner,1.3,476,4.276362621669307
winner,1.3,477,4.938614714157844
winner,1.3,478,4.933485427178257
winner,1.3,479,4.488038103372701
winner,1.3,480,4.531965821590382
winner,1.3,481,4.970310599503864
winner,1.3,482,5.160504292559443
winner,1.3,483,4.994428074770791
winner,1.3,484,4.845215099397751
winner,1.3,485,5.144305235237761
winner,1.3,486,5.520137170143105
winner,1.3,487,4.769331654273247
winner,1.3,488,4.911682425061978
winner,1.3,489,4.679679316457455
winner,1.3,490,5.333232423850915
winner,1.3,491,5.654641304111572
winner,1.3,492,4.790584375828514
winner,1.3,493,5.20286627714157
winner,1.3,494,4.682952186661901
winner,1.3,495,4.873037238598921
winner,1.3,496,4.753000069662409
winner,1.3,497,4.8454388207335395
winner,1.3,498,5.022081049180934
winner,1.3,499,4.322733629994394
winner,1.3,500,4.4555019535505975
winner,1.3,501,4.566799831464334
winner,1.3,502,4.861905617664878
winner,1.3,503,4.850046793521396
winner,1.3,504,5.146315719496383
winner,1.3,505,5.353858790284507
winner,1.3,506,4.686848170678838
winner,1.3,507,4.537147206796177
winner,1.3,508,4.234537136358997
winner,1.3,509,4.445375855323394
winner,1.3,510,4.684366252032105
winner,1.3,511,5.257985383446369
winner,1.3,512,4.36868392973915
winner,1.3,513,5.234086431997352
winner,1.3,514,5.082248565596838
winner,1.3,515,4.8462902798366425
winner,1.3,516,4.357352214431263
winner,1.3,517,4.353618041483506
winner,1.3,518,5.539073469390571
winner,1.3,519,4.616861126428441
winner,1.3,520,4.543410303922326
winner,1.3,521,4.45725394827703
winner,1.3,522,4.973222251015956
winner,1.3,523,4.621200637144733
winner,1.3,524,5.146613828958022
winner,1.3,525,4.688827945238033
winner,1.3,526,4.842827706194492
winner,1.3,527,4.624278502947103
winner,1.3,528,4.811646703975938
winner,1.3,529,4.322223630986242
winner,1.3,530,4.948049676814857
winner,1.3,531,4.381461181219277
winner,1.3,532,4.916429279432492
winner,1.3,533,5.162977946109698
winner,1.3,534,5.2667460310416345
winner,1.3,535,4.761389593681893
winner,1.3,536,4.882245398151225
winner,1.3,537,4.480006736484334
winner,1.3,538,4.583176331478207
winner,1.3,539,5.185448870841187
winner,1.3,540,4.224663897143621
winner,1.3,541,4.363154363014742
winner,1.3,542,4.324324653315253
winner,1.3,543,5.180534686354725
winner,1.3,544,4.526565884100127
winner,1.3,545,4.968429398401779
winner,1.3,546,4.522625513329849
winner,1.3,547,4.448333863388138
winner,1.3,548,4.457806210723326
winner,1.3,549,4.317251943595709
winner,1.3,550,4.969298687890616
winner,1.3,551,4.809838350352458
winner,1.3,552,4.936829729812301
winner,1.3,553,5.276651746526776
winner,1.3,554,4.505866367807024
winner,1.3,555,4.502775337866933
winner,1.3,556,4.576771717675301
winner,1.3,557,4.712980337549349
winner,1.3,558,4.936260960271924
winner,1.3,559,4.7787087232699905
winner,1.3,560,4.634734863480347
winner,1.3,561,4.265185720286457
winner,1.3,562,4.627569150982538
winner,1.3,563,4.881616708944447
winner,1.3,564,4.3258107405866015
winner,1.3,565,5.35406047854063
winner,1.3,566,4.9699797931787
winner,1.3,567,5.1458660564724035
winner,1.3,568,4.948628715262087
winner,1.3,569,4.4622428435018
winner,1.3,570,4.501423166181532
winner,1.3,571,4.835554044521215
winner,1.3,572,4.872418024510838
winner,1.3,573,4.690091298253989
winner,1.3,574,5.088274284375719
winner,1.3,575,4.671440266880959
winner,1.3,576,5.055480303261522
winner,1.3,577,4.851192753997377
winner,1.3,578,4.52923140357745
winner,1.3,579,4.60840858334346
winner,1.3,580,5.107460962004055
winner,1.3,581,5.22855314887102
winner,1.3,582,5.02704827633699
winner,1.3,583,4.197523032691037
winner,1.3,584,4.72635422475428
winner,1.3,585,4.7630731904372885
winner,1.3,586,4.655193411921167
winner,1.3,587,4.90391799073873
winner,1.3,588,4.464256886802339
winner,1.3,589,4.838279550043016
winner,1.3,590,5.249915293178145
winner,1.3,591,4.374521222375088
winner,1.3,592,4.8743094058005685
winner,1.3,593,4.698057188571143
winner,1.3,594,4.581128148487981
winner,1.3,595,4.376183208302953
winner,1.3,596,4.469887924409404
winner,1.3,597,4.740315396803499
winner,1.3,598,5.076712176278824
winner,1.3,599,5.169232013964928
winner,1.3,600,4.135581279770348
winner,1.3,601,4.936805624996606
winner,1.3,602,4.601106470976523
winner,1.3,603,4.700230565641036
winner,1.3,604,4.693929458408085
winner,1.3,605,5.018580415655904
winner,1.3,606,4.696868162234278
winner,1.3,607,5.1821293392480285
winner,1.3,608,5.239864173173233
winner,1.3,609,4.3432138159024625
winner,1.3,610,4.850029218312006
winner,1.3,611,5.063483215391972
winner,1.3,612,4.502484852783958
winner,1.3,613,5.382605025886318
winner,1.3,614,4.815252693765696
winner,1.3,615,4.821578565515477
winner,1.3,616,4.041702268415075
winner,1.3,617,4.604401827838101
winner,1.3,618,4.289128252424819
winner,1.3,619,4.824889865328799
winner,1.3,620,4.888027767881443
winner,1.3,621,5.158346768802528
winner,1.3,622,4.592085035933687
winner,1.3,623,4.6844033390693705
winner,1.3,624,4.708595959996178
winner,1.3,625,5.039698023936505
winner,1.3,626,5.043099305784799
winner,1.3,627,4.452344932037159
winner,1.3,628,5.071008695355226
winner,1.3,629,4.545319314748935
winner,1.3,630,4.4290385686748515
winner,1.3,631,4.6085163708666546
winner,1.3,632,5.297327331626388
winner,1.3,633,4.1340050891693485
winner,1.3,634,4.794632971516893
winner,1.3,635,4.225402138917517
winner,1.3,636,5.733086538910771
winner,1.3,637,4.86542923484295
winner,1.3,638,4.39638951583497
winner,1.3,639,4.475258821527178
winner,1.3,640,5.365520530416201
winner,1.3,641,4.633611734337353
winner,1.3,642,4.583860880626437
winner,1.3,643,4.743959647244873
winner,1.3,644,4.435213508776436
winner,1.3,645,4.161875344401664
winner,1.3,646,4.535839355095231
winner,1.3,647,4.8158939092020585
winner,1.3,648,4.7246368412329485
winner,1.3,649,4.078627006176024
winner,1.3,650,4.991708131132292
winner,1.3,651,4.83972882688328
winner,1.3,652,4.884802245529802
winner,1.3,653,5.0718924942825145
winner,1.3,654,5.1130083418152354
winner,1.3,655,4.308153422955425
winner,1.3,656,4.86586291009733
winner,1.3,657,4.633661991858534
winner,1.3,658,4.103531628544391
winner,1.3,659,4.532191107923565
winner,1.3,660,4.629178039693982
winner,1.3,661,5.457228733928718
winner,1.3,662,4.807349718311226
winner,1.3,663,5.000865328373977
winner,1.3,664,5.147025630723952
winner,1.3,665,4.7840956375287265
winner,1.3,666,5.203500644275565
winner,1.3,667,4.405216773388668
winner,1.3,668,4.9125210846031395
winner,1.3,669,4.562387417542157
winner,1.3,670,5.1401525123498715
winner,1.3,671,4.649668216539805
winner,1.3,672,4.500236348954323
winner,1.3,673,4.528992506289175
winner,1.3,674,4.877026277726899
winner,1.3,675,5.229217631571146
winner,1.3,676,4.945605060848613
winner,1.3,677,4.848373612589495
winner,1.3,678,4.693704866579956
winner,1.3,679,4.8717662300290465
winner,1.3,680,4.936414347410666
winner,1.3,681,5.034659185714254
winner,1.3,682,4.9834165920691404
winner,1.3,683,4.788072081199853
winner,1.3,684,5.3707678642622625
winner,1.3,685,4.391627452560152
winner,1.3,686,4.608932094921597
winner,1.3,687,4.306619019136848
winner,1.3,688,4.801888877868963
winner,1.3,689,4.199625072777322
winner,1.3,690,4.62965609575043
winner,1.3,691,4.6838349785654785
winner,1.3,692,4.906414596037454
winner,1.3,693,4.936129348774931
winner,1.3,694,4.67982225912803
winner,1.3,695,5.049278743992582
winner,1.3,696,4.495934772709153
winner,1.3,697,4.691228473458804
winner,1.3,698,4.3500035910172175
winner,1.3,699,4.982568189464922
winner,1.3,700,4.416628107521553
winner,1.3,701,5.682879514674911
winner,1.3,702,4.3813483932867
winner,1.3,703,4.366718919139363
winner,1.3,704,4.3507223261021455
winner,1.3,705,4.708581859758773
winner,1.3,706,4.623218081728409
winner,1.3,707,4.116290642263416
winner,1.3,708,4.712130639808173
winner,1.3,709,4.253340392135518
winner,1.3,710,4.619405638220887
winner,1.3,711,4.769958092178676
winner,1.3,712,4.265187343674127
winner,1.3,713,5.202854142095456
winner,1.3,714,4.406619316336285
winner,1.3,715,4.537968347847142
winner,1.3,716,4.892738953465345
winner,1.3,717,4.574110644650513
winner,1.3,718,4.482759541064939
winner,1.3,719,4.604508131174618
winner,1.3,720,4.851412888190644
winner,1.3,721,4.342999391699232
winner,1.3,722,4.966378984206385
winner,1.3,723,5.224631987623408
winner,1.3,724,4.229841505467506
winner,1.3,725,4.96258433541995
winner,1.3,726,4.720971281504504
winner,1.3,727,4.853658478082752
winner,1.3,728,4.386905557201885
winner,1.3,729,4.901693846811111
winner,1.3,730,4.524335444300963
winner,1.3,731,4.7986760008564495
winner,1.3,732,4.301166577427543
winner,1.3,733,5.359096305791825
winner,1.3,734,5.236252985207505
winner,1.3,735,4.7194644029560155
winner,1.3,736,4.5232246900176385
winner,1.3,737,4.309301490682819
winner,1.3,738,4.6379906513429905
winner,1.3,739,4.410615152899735
winner,1.3,740,4.753072716303217
winner,1.3,741,4.342668374211557
winner,1.3,742,4.562938320604036
winner,1.3,743,4.936918175970566
winner,1.3,744,4.586386378027572
winner,1.3,745,4.932682823649355
winner,1.3,746,5.180253889955145
winner,1.3,747,4.607572363462012
winner,1.3,748,4.91519154922125
winner,1.3,749,4.558305180839198
winner,1.3,750,5.134200431702607
winner,1.3,751,4.40119618502879
winner,1.3,752,5.258414638665837
winner,1.3,753,4.931353733629704
winner,1.3,754,4.286623860584697
winner,1.3,755,5.19508180994748
winner,1.3,756,4.420238252821452
winner,1.3,757,4.993582933379498
winner,1.3,758,4.7747181521974404
winner,1.3,759,4.6822823224805505
winner,1.3,760,4.656341540154667
winner,1.3,761,4.933992499623105
winner,1.3,762,4.794076977448204
winner,1.3,763,5.147193668213265
winner,1.3,764,4.222563465148082
winner,1.3,765,4.351143907773132
winner,1.3,766,4.958077536462859
winner,1.3,767,4.227650824643286
winner,1.3,768,5.194402532383468
winner,1.3,769,4.377885384713673
winner,1.3,770,4.823620650354771
winner,1.3,771,4.597653236137731
winner,1.3,772,4.56000004330116
winner,1.3,773,4.322151557737613
winner,1.3,774,4.43048699064678
winner,1.3,775,5.179957249811423
winner,1.3,776,4.323922958906021
winner,1.3,777,5.209466994549449
winner,1.3,778,5.247311289410145
winner,1.3,779,5.49864553424461
winner,1.3,780,4.551787476926703
winner,1.3,781,4.529376277566208
winner,1.3,782,4.31232371995281
winner,1.3,783,4.731442608441049
winner,1.3,784,5.505356843859712
winner,1.3,785,4.7215504802440895
winner,1.3,786,5.066669159830033
winner,1.3,787,4.815362662666348
winner,1.3,788,4.787872931145569
winner,1.3,789,4.594360284318792
winner,1.3,790,4.271114842983186
winner,1.3,791,4.573018096272989
winner,1.3,792,4.561688828234376
winner,1.3,793,3.9626634224381085
winner,1.3,794,5.488585924011012
winner,1.3,795,4.334506276788684
winner,1.3,796,4.921214115271223
winner,1.3,797,4.947215037961239
winner,1.3,798,4.707392801429172
winner,1.3,799,4.491145862520456
winner,1.3,800,5.241252326510012
winner,1.3,801,3.6972634734644383
winner,1.3,802,5.206113874121972
winner,1.3,803,4.149838250265986
winner,1.3,804,4.623553722479141
winner,1.3,805,4.8117957512165095
winner,1.3,806,4.458025262687171
winner,1.3,807,5.113970171995411
winner,1.3,808,4.58818030677388
winner,1.3,809,4.730145010632893
winner,1.3,810,4.512665407607049
winner,1.3,811,4.64338616681562
winner,1.3,812,5.111943594305626
winner,1.3,813,4.537725591919778
winner,1.3,814,4.572659093122553
winner,1.3,815,4.263628961321755
winner,1.3,816,4.271618470036973
winner,1.3,817,4.086715473818777
winner,1.3,818,4.381135331967401
winner,1.3,819,4.453501339969137
winner,1.3,820,4.644849349057537
winner,1.3,821,4.635460912022847
winner,1.3,822,4.549334889713358
winner,1.3,823,4.480354937866027
winner,1.3,824,4.818129682935289
winner,1.3,825,4.494280037788461
winner,1.3,826,4.772178144575254
winner,1.3,827,4.371592753520624
winner,1.3,828,4.667724583228554
winner,1.3,829,5.237720615728354
winner,1.3,830,3.6152159866838605
winner,1.3,831,4.7200390401795715
winner,1.3,832,5.076277952749631
winner,1.3,833,4.479218942516718
winner,1.3,834,5.266125208464753
winner,1.3,835,4.090461271007346
winner,1.3,836,4.999084280283325
winner,1.3,837,4.8232740781909245
winner,1.3,838,4.708467236043835
winner,1.3,839,4.8257793832348685
winner,1.3,840,4.602579301925968
winner,1.3,841,4.736262859549183
winner,1.3,842,4.806073718917152
winner,1.3,843,4.698675192259792
winner,1.3,844,3.987977741559011
winner,1.3,845,4.647446760851127
winner,1.3,846,5.450057818253984
winner,1.3,847,4.5913550488186265
winner,1.3,848,5.08064583878218
winner,1.3,849,5.526352557195977
winner,1.3,850,4.828495079910303
winner,1.3,851,4.584437590258145
winner,1.3,852,4.651654603587747
winner,1.3,853,4.59030984779655
winner,1.3,854,4.663299387609179
winner,1.3,855,4.914816566896388
winner,1.3,856,4.8279738316025576
winner,1.3,857,5.012434298643916
winner,1.3,858,4.513120317406393
winner,1.3,859,4.456244165823473
winner,1.3,860,5.266304127533313
winner,1.3,861,4.787197325767451
winner,1.3,862,4.290540677804377
winner,1.3,863,4.619501369884202
winner,1.3,864,4.441290551595359
winner,1.3,865,4.872760039763516
winner,1.3,866,4.3602094938524525
winner,1.3,867,4.548462382326002
winner,1.3,868,5.927451190960514
winner,1.3,869,4.546290010227776
winner,1.3,870,4.390152895229879
winner,1.3,871,5.6948986297721635
winner,1.3,872,5.040119674143402
winner,1.3,873,4.182231611461762
winner,1.3,874,5.073802511223769
winner,1.3,875,5.176513659673695
winner,1.3,876,4.9689949523831825
winner,1.3,877,4.134613270711727
winner,1.3,878,4.97064101020644
winner,1.3,879,4.8707893101397115
winner,1.3,880,4.65635581608374
winner,1.3,881,5.198342870168433
winner,1.3,882,4.728402754542867
winner,1.3,883,4.335170303951629
winner,1.3,884,4.6193724876101205
winner,1.3,885,4.446418289681151
winner,1.3,886,4.907275765057544
winner,1.3,887,5.1166010310938566
winner,1.3,888,4.438009282885737
winner,1.3,889,4.999866626024284
winner,1.3,890,4.514397758923522
winner,1.3,891,4.40163548568672
winner,1.3,892,5.069487447501538
winner,1.3,893,5.1691310209982255
winner,1.3,894,4.689578901090185
winner,1.3,895,4.439572194466059
winner,1.3,896,4.490501337314797
winner,1.3,897,4.55545657296101
winner,1.3,898,4.800723563786507
winner,1.3,899,4.398549873592599
winner,1.3,900,4.85384870277873
winner,1.3,901,4.406143709171653
winner,1.3,902,5.01880508670378
winner,1.3,903,4.25823181209058
winner,1.3,904,4.555615587652163
winner,1.3,905,5.007294227859792
winner,1.3,906,4.4750542505068065
winner,1.3,907,4.733502779908017
winner,1.3,908,5.029504095945266
winner,1.3,909,5.3764229610615795
winner,1.3,910,5.426186346356923
winner,1.3,911,4.730798259101585
winner,1.3,912,4.548639588770519
winner,1.3,913,5.522102189387309
winner,1.3,914,4.561860281199045
winner,1.3,915,4.501485716492364
winner,1.3,916,4.446416422049115
winner,1.3,917,5.370376192119959
winner,1.3,918,4.881684178136551
winner,1.3,919,4.7397431489927655
winner,1.3,920,4.603538574439892
winner,1.3,921,4.343718212963533
winner,1.3,922,4.268495723605705
winner,1.3,923,4.171750829197586
winner,1.3,924,4.182043591543277
winner,1.3,925,4.66585428583256
winner,1.3,926,4.23484439998804
winner,1.3,927,4.742456281076904
winner,1.3,928,4.96708891794266
winner,1.3,929,4.914362027593471
winner,1.3,930,4.7477972739624
winner,1.3,931,4.6549183959401095
winner,1.3,932,4.592929470742426
winner,1.3,933,4.54257871150533
winner,1.3,934,4.637745774451096
winner,1.3,935,4.635649251814578
winner,1.3,936,5.011858754415574
winner,1.3,937,4.844921915879607
winner,1.3,938,4.841578576400293
winner,1.3,939,4.8485939961687485
winner,1.3,940,5.271324723915634
winner,1.3,941,5.39598261830669
winner,1.3,942,4.764391847007038
winner,1.3,943,4.6956962830789655
winner,1.3,944,5.023809813264324
winner,1.3,945,5.164505441492982
winner,1.3,946,4.8156311204279145
winner,1.3,947,5.062089301154685
winner,1.3,948,4.7945708385122865
winner,1.3,949,4.931834767946646
winner,1.3,950,4.591531500884934
winner,1.3,951,5.0750867918884515
winner,1.3,952,5.156551181330185
winner,1.3,953,4.665264409443603
winner,1.3,954,4.090982695391498
winner,1.3,955,4.703802684532013
winner,1.3,956,4.897974632549738
winner,1.3,957,5.3466866392780075
winner,1.3,958,4.709933404969371
winner,1.3,959,4.867426572980285
winner,1.3,960,4.822937220837373
winner,1.3,961,4.933781249066298
winner,1.3,962,4.792911174894649
winner,1.3,963,4.372755755848925
winner,1.3,964,4.563348183963884
winner,1.3,965,5.503897681938659
winner,1.3,966,5.185868825825436
winner,1.3,967,5.0508726799208725
winner,1.3,968,4.888044091862437
winner,1.3,969,4.586622945962809
winner,1.3,970,4.700024096268421
winner,1.3,971,4.914295338565285
winner,1.3,972,5.423445098961945
winner,1.3,973,5.217956551681128
winner,1.3,974,5.403957879270303
winner,1.3,975,4.419824996681444
winner,1.3,976,4.719431497554735
winner,1.3,977,4.843319153733827
winner,1.3,978,3.9318282491149037
winner,1.3,979,4.490478183062745
winner,1.3,980,4.574860550172531
winner,1.3,981,4.853761450363823
winner,1.3,982,5.044556742553799
winner,1.3,983,4.2882286739121325
winner,1.3,984,5.029649859871759
winner,1.3,985,4.8147641418194285
winner,1.3,986,4.351574680717332
winner,1.3,987,4.469571217388679
winner,1.3,988,4.854540669914282
winner,1.3,989,4.573283937645708
winner,1.3,990,4.559325827651218
winner,1.3,991,4.326756870471188
winner,1.3,992,4.447948765611913
winner,1.3,993,5.374064088848419
winner,1.3,994,5.48739058302965
winner,1.3,995,4.364649097563826
winner,1.3,996,4.4358700644536855
winner,1.3,997,5.568078704090975
winner,1.3,998,5.200853086547916
winner,1.3,999,5.234786577441749
winner,1.3,1000,5.24559166523178
winner,1.3,1001,4.546928729649661
winner,1.3,1002,5.371365527561208
winner,1.3,1003,4.704561645012293
winner,1.3,1004,5.281153626874904
winner,1.3,1005,4.22853810863984
winner,1.3,1006,4.603648639426097
winner,1.3,1007,4.936489251841723
winner,1.3,1008,4.289420874775829
winner,1.3,1009,5.505605850700434
winner,1.3,1010,4.66859750658151
winner,1.3,1011,4.714170713148582
winner,1.3,1012,4.930374969852052
winner,1.3,1013,4.921392913629609
winner,1.3,1014,4.505186480698338
winner,1.3,1015,4.556836291163404
winner,1.3,1016,4.584344955272868
winner,1.3,1017,5.056864578817213
winner,1.3,1018,5.051320680173204
winner,1.3,1019,4.884124809807826
winner,1.3,1020,4.636756116522984
winner,1.3,1021,4.19113063024975
winner,1.3,1022,4.943457262940832
winner,1.3,1023,4.793609723309925
winner,1.3,1024,5.121771451853844
winner,1.3,1025,4.9947155656597175
winner,1.3,1026,3.976354457736437
winner,1.3,1027,4.6195079069818155
winner,1.3,1028,5.050168832992426
winner,1.3,1029,5.015677496999951
winner,1.3,1030,4.515919127479511
winner,1.3,1031,4.270596838220162
winner,1.3,1032,4.232809998464868
winner,1.3,1033,4.625117433238093
winner,1.3,1034,4.064549516781569
winner,1.3,1035,4.636385616038437
winner,1.3,1036,4.5112712626290286
winner,1.3,1037,4.115091564200458
winner,1.3,1038,4.982695582661016
winner,1.3,1039,4.338885111754422
winner,1.3,1040,4.587358995223752
winner,1.3,1041,4.772109684304151
winner,1.3,1042,5.065225600471393
winner,1.3,1043,4.486552591759546
winner,1.3,1044,5.0643112175619835
winner,1.3,1045,4.343455418241588
winner,1.3,1046,4.9490076360993855
winner,1.3,1047,4.550228675270845
winner,1.3,1048,4.69577904857728
winner,1.3,1049,5.338685195275586
winner,1.3,1050,4.68449712132666
winner,1.3,1051,5.167258300647781
winner,1.3,1052,4.90062732911234
winner,1.3,1053,4.214314798851399
winner,1.3,1054,4.541172838395175
winner,1.3,1055,4.952613526938825
winner,1.3,1056,4.7342298314190545
winner,1.3,1057,4.490990322143625
winner,1.3,1058,4.656705659225263
winner,1.3,1059,5.410361409506395
winner,1.3,1060,4.666213621248523
winner,1.3,1061,5.007409306288263
winner,1.3,1062,4.997213839619528
winner,1.3,1063,4.531094533108635
winner,1.3,1064,4.681780039560611
winner,1.3,1065,5.452943395992707
winner,1.3,1066,4.851054906764151
winner,1.3,1067,5.3653514015296375
winner,1.3,1068,3.9848079059995
winner,1.3,1069,4.653697279684743
winner,1.3,1070,4.278518736763201
winner,1.3,1071,4.661618643722484
winner,1.3,1072,4.585739071777598
winner,1.3,1073,4.65532506970088
winner,1.3,1074,4.291910934051955
winner,1.3,1075,4.48125569837135
winner,1.3,1076,5.093745593053113
winner,1.3,1077,4.756935742849866
winner,1.3,1078,5.066424131311311
winner,1.3,1079,5.289827198777948
winner,1.3,1080,4.849219086464761
winner,1.3,1081,5.0394896178741275
winner,1.3,1082,4.688184362435265
winner,1.3,1083,4.908125779404526
winner,1.3,1084,4.30635591173696
winner,1.3,1085,4.503557217261014
winner,1.3,1086,4.15122296037694
winner,1.3,1087,4.720057256761085
winner,1.3,1088,5.235933218049554
winner,1.3,1089,4.640980291184911
winner,1.3,1090,4.762683940407687
winner,1.3,1091,4.467134442784063
winner,1.3,1092,4.891108174142159
winner,1.3,1093,4.66577033088887
winner,1.3,1094,5.0932009878093485
winner,1.3,1095,4.763425200393147
winner,1.3,1096,4.71658509767685
winner,1.3,1097,5.363406603134385
winner,1.3,1098,5.208637508450782
winner,1.3,1099,4.985158979535207
winner,1.3,1100,4.340410557939411
winner,1.3,1101,4.829021626283283
winner,1.3,1102,4.640305691973157
winner,1.3,1103,5.0067395015315705
winner,1.3,1104,5.100626056152791
winner,1.3,1105,4.851645463482434
winner,1.3,1106,4.710536000685246
winner,1.3,1107,3.881964601272486
winner,1.3,1108,4.83314488739189
winner,1.3,1109,4.768487231773177
winner,1.3,1110,4.423329887056854
winner,1.3,1111,5.31658549949962
winner,1.3,1112,5.565941969421322
winner,1.3,1113,4.486577991736895
winner,1.3,1114,4.4265140215065655
winner,1.3,1115,4.926779770447103
winner,1.3,1116,4.204457783754599
winner,1.3,1117,4.388854112997477
winner,1.3,1118,4.993853905723747
winner,1.3,1119,4.800025423684277
winner,1.3,1120,5.06549088415142
winner,1.3,1121,4.1161625968640765
winner,1.3,1122,4.94536811930993
winner,1.3,1123,4.7166735770595
winner,1.3,1124,4.504998621291243
winner,1.3,1125,5.101713658650495
winner,1.3,1126,4.661799632220911
winner,1.3,1127,4.393160185008165
winner,1.3,1128,5.189152432092083
winner,1.3,1129,4.627570939339994
winner,1.3,1130,5.004089428738905
winner,1.3,1131,4.825318950148642
winner,1.3,1132,5.024052907849887
winner,1.3,1133,4.771451502341191
winner,1.3,1134,5.238436084865405
winner,1.3,1135,4.5656837048906995
winner,1.3,1136,4.440611305195255
winner,1.3,1137,4.352289026078898
winner,1.3,1138,4.82760201060465
winner,1.3,1139,4.60710681658626
winner,1.3,1140,4.201222150145259
winner,1.3,1141,4.9703797624620805
winner,1.3,1142,4.841626652404015
winner,1.3,1143,4.4205945422136965
winner,1.3,1144,4.135347585580511
winner,1.3,1145,4.664051416502292
winner,1.3,1146,4.6924892155439135
winner,1.3,1147,4.458278423894975
winner,1.3,1148,4.779988138415498
winner,1.3,1149,5.2144603151252324
winner,1.3,1150,4.632728266489135
winner,1.3,1151,4.823023723811737
winner,1.3,1152,4.990042456211269
winner,1.3,1153,5.151077042259697
winner,1.3,1154,4.9311112493148785
winner,1.3,1155,4.7462964380389945
winner,1.3,1156,4.954469507822399
winner,1.3,1157,4.920745606329263
winner,1.3,1158,4.751974943859918
winner,1.3,1159,4.576399758373629
winner,1.3,1160,4.266123362651919
winner,1.3,1161,4.125780117069445
winner,1.3,1162,5.4702641905259
winner,1.3,1163,5.012086189104912
winner,1.3,1164,4.737185061501934
winner,1.3,1165,4.8244466926352345
winner,1.3,1166,4.743545631448525
winner,1.3,1167,4.268248457998347
winner,1.3,1168,5.073937050246836
winner,1.3,1169,4.959522529966068
winner,1.3,1170,4.447695561026164
winner,1.3,1171,4.665480704524937
winner,1.3,1172,4.132694064905551
winner,1.3,1173,4.928335621250889
winner,1.3,1174,4.348781615196193
winner,1.3,1175,5.015848372839867
winner,1.3,1176,4.496673180047262
winner,1.3,1177,4.656701663429168
winner,1.3,1178,4.834448082580161
winner,1.3,1179,5.2081075659313445
winner,1.3,1180,5.274061612906189
winner,1.3,1181,3.736189857656981
winner,1.3,1182,4.539602066149616
winner,1.3,1183,4.337776955729724
winner,1.3,1184,4.874270259769811
winner,1.3,1185,4.673534041996347
winner,1.3,1186,5.032565382279656
winner,1.3,1187,4.884727978516503
winner,1.3,1188,4.8620160844979505
winner,1.3,1189,4.52471421710576
winner,1.3,1190,5.123962711526037
winner,1.3,1191,4.617196224194231
winner,1.3,1192,5.337450423739836
winner,1.3,1193,5.059202900209704
winner,1.3,1194,4.040065930953315
winner,1.3,1195,4.8330480819104515
winner,1.3,1196,4.630834927144122
winner,1.3,1197,4.961328032606985
winner,1.3,1198,5.5019193209715205
winner,1.3,1199,5.256786580829367
winner,1.3,1200,4.760796084024093
winner,1.3,1201,4.165596347723747
winner,1.3,1202,4.7532164590331805
winner,1.3,1203,4.257538778389527
winner,1.3,1204,4.926338637615044
winner,1.3,1205,4.287644579115066
winner,1.3,1206,4.114133894234393
winner,1.3,1207,4.8202784207537075
winner,1.3,1208,4.371160735150869
winner,1.3,1209,4.646811399355434
winner,1.3,1210,4.678784349199652
winner,1.3,1211,4.3129255511933335
winner,1.3,1212,4.4809910742948915
winner,1.3,1213,4.7760083767927455
winner,1.3,1214,4.8488933408670025
winner,1.3,1215,4.8056954445065365
winner,1.3,1216,4.565771222920609
winner,1.3,1217,4.858941669530791
winner,1.3,1218,4.630388430007847
winner,1.3,1219,4.829893214375551
winner,1.3,1220,4.837343464020128
winner,1.3,1221,4.707494172793147
winner,1.3,1222,4.917048134843928
winner,1.3,1223,5.059454367602394
winner,1.3,1224,5.13294527322439
winner,1.3,1225,4.395825495721359
winner,1.3,1226,4.710384937759568
winner,1.3,1227,4.502231945002151
winner,1.3,1228,5.48414477619509
winner,1.3,1229,4.878866102853235
winner,1.3,1230,4.543953143232973
winner,1.3,1231,5.3929269873891466
winner,1.3,1232,4.842293197905297
winner,1.3,1233,5.155227781677859
winner,1.3,1234,5.108246012890367
winner,1.3,1235,4.047831811585926
winner,1.3,1236,4.911360258025274
winner,1.3,1237,4.719237848929074
winner,1.3,1238,4.8452235472485885
winner,1.3,1239,4.97600467915865
winner,1.3,1240,4.704382487229277
winner,1.3,1241,4.511014016718958
winner,1.3,1242,4.8267152656108285
winner,1.3,1243,4.612195883078703
winner,1.3,1244,4.573064165554684
winner,1.3,1245,4.405198026335724
winner,1.3,1246,5.3286032376450425
winner,1.3,1247,4.552981582040658
winner,1.3,1248,5.041696674680268
winner,1.3,1249,4.957281120663092
winner,1.3,1250,4.622690236620935
winner,1.3,1251,4.455575584806062
winner,1.3,1252,4.589841645129251
winner,1.3,1253,5.118443557003943
winner,1.3,1254,4.253089675307767
winner,1.3,1255,4.968910542914032
winner,1.3,1256,4.480113533721646
winner,1.3,1257,5.248757532543792
winner,1.3,1258,4.2286014575451905
winner,1.3,1259,4.45257662031934
winner,1.3,1260,4.531519155548496
winner,1.3,1261,4.757297314728564
winner,1.3,1262,4.588695177697928
winner,1.3,1263,4.74297557890002
winner,1.3,1264,5.05472138206587
winner,1.3,1265,4.678224406259709
winner,1.3,1266,4.817299941363735
winner,1.3,1267,4.476198507096523
winner,1.3,1268,5.99639022448474
winner,1.3,1269,5.073842335312318
winner,1.3,1270,5.11314404228507
winner,1.3,1271,4.908863897027505
winner,1.3,1272,4.684986700306599
winner,1.3,1273,4.695186896180305
winner,1.3,1274,4.7558074140615405
winner,1.3,1275,4.998657467059379
winner,1.3,1276,4.640044733883258
winner,1.3,1277,4.732041539014107
winner,1.3,1278,4.529845634610815
winner,1.3,1279,5.28097626976854
winner,1.3,1280,4.592450279958114
winner,1.3,1281,4.793364434745713
winner,1.3,1282,4.853749118046455
winner,1.3,1283,4.863987315924981
winner,1.3,1284,4.229791934340732
winner,1.3,1285,4.935777128648143
winner,1.3,1286,4.547564557163477
winner,1.3,1287,4.563274105462481
winner,1.3,1288,4.483959230731337
winner,1.3,1289,4.347569255536104
winner,1.3,1290,4.944815426439151
winner,1.3,1291,4.650184400134251
winner,1.3,1292,4.213048134152078
winner,1.3,1293,4.712245089554966
winner,1.3,1294,4.48719128489864
winner,1.3,1295,4.373529971090399
winner,1.3,1296,4.782605067608948
winner,1.3,1297,4.554351728174984
winner,1.3,1298,5.285081493695892
winner,1.3,1299,4.759464217051333
winner,1.3,1300,4.421942607223543
winner,1.3,1301,4.166668840859435
winner,1.3,1302,4.6442248196849185
winner,1.3,1303,4.621266444597732
winner,1.3,1304,4.71399816696423
winner,1.3,1305,4.335669554579548
winner,1.3,1306,4.82614491934729
winner,1.3,1307,4.582683426462257
winner,1.3,1308,4.965888838431907
winner,1.3,1309,4.964982280973409
winner,1.3,1310,3.750221399496812
winner,1.3,1311,4.556904299299728
winner,1.3,1312,5.054756557600458
winner,1.3,1313,4.6314232651281255
winner,1.3,1314,5.290079479852402
winner,1.3,1315,4.646125143148828
winner,1.3,1316,4.450377061711779
winner,1.3,1317,4.32699278631281
winner,1.3,1318,4.170147467501438
winner,1.3,1319,4.349653940797498
winner,1.3,1320,5.012908624949244
winner,1.3,1321,4.1502519608967186
winner,1.3,1322,4.946631964041677
winner,1.3,1323,5.181569552008475
winner,1.3,1324,4.591208686896039
winner,1.3,1325,4.532952702540629
winner,1.3,1326,5.049512474545503
winner,1.3,1327,4.837764697584528
winner,1.3,1328,4.980878377135753
winner,1.3,1329,4.026488307790805
winner,1.3,1330,4.672211120156606
winner,1.3,1331,5.1517145450430775
winner,1.3,1332,4.475819409715215
winner,1.3,1333,4.476671057682672
winner,1.3,1334,5.294006693991785
winner,1.3,1335,4.856642331291876
winner,1.3,1336,4.808017741218776
winner,1.3,1337,4.474857874960378
winner,1.3,1338,4.491892058223002
winner,1.3,1339,4.873072771167825
winner,1.3,1340,4.243209121123262
winner,1.3,1341,4.55744455313766
winner,1.3,1342,4.852847610418433
winner,1.3,1343,4.011950794326823
winner,1.3,1344,5.10188427542759
winner,1.3,1345,4.314718516967084
winner,1.3,1346,5.321695762185144
winner,1.3,1347,5.2511817940268175
winner,1.3,1348,4.522340595591207
winner,1.3,1349,4.591907996314462
winner,1.3,1350,4.6758023935228525
winner,1.3,1351,4.418394688639317
winner,1.3,1352,4.279908237850208
winner,1.3,1353,4.558556877622481
winner,1.3,1354,4.745459704846884
winner,1.3,1355,4.582899861207924
winner,1.3,1356,4.153624325973457
winner,1.3,1357,5.736885708531994
winner,1.3,1358,5.16043470305386
winner,1.3,1359,5.06472175635286
winner,1.3,1360,4.423093455513229
winner,1.3,1361,4.827711743739046
winner,1.3,1362,4.595707114987232
winner,1.3,1363,5.081759742546368
winner,1.3,1364,4.387570793215035
winner,1.3,1365,4.570019897649978
winner,1.3,1366,5.319833044146012
winner,1.3,1367,4.930608788421797
winner,1.3,1368,4.736259793762113
winner,1.3,1369,5.484166902663601
winner,1.3,1370,4.738381732262238
winner,1.3,1371,4.801073689295391
winner,1.3,1372,5.366574685557966
winner,1.3,1373,4.768621066451632
winner,1.3,1374,4.1935056185815425
winner,1.3,1375,4.674988443210106
winner,1.3,1376,4.441754165660243
winner,1.3,1377,4.116286592111037
winner,1.3,1378,4.920218050656317
winner,1.3,1379,4.6437589456940005
winner,1.3,1380,4.535892053589144
winner,1.3,1381,4.599672073251452
winner,1.3,1382,5.103221566481575
winner,1.3,1383,4.072183242597958
winner,1.3,1384,4.705984069107065
winner,1.3,1385,4.794540924899998
winner,1.3,1386,4.5399061792454
winner,1.3,1387,4.930505315979857
winner,1.3,1388,4.688485147148806
winner,1.3,1389,4.977056913210215
winner,1.3,1390,4.967574460374384
winner,1.3,1391,4.4273072162656755
winner,1.3,1392,5.388831402107613
winner,1.3,1393,4.265930660385882
winner,1.3,1394,4.7089910867518014
winner,1.3,1395,5.559303769611979
winner,1.3,1396,4.694138899503752
winner,1.3,1397,4.474848964976569
winner,1.3,1398,5.1431513247172145
winner,1.3,1399,4.54022638608487
winner,1.3,1400,4.758285540521667
winner,1.3,1401,4.342268248416629
winner,1.3,1402,5.441720657032144
winner,1.3,1403,4.017068594386186
winner,1.3,1404,4.49817189097679
winner,1.3,1405,4.7444975412786645
winner,1.3,1406,4.81146367333823
winner,1.3,1407,4.665915437473465
winner,1.3,1408,4.600967319556779
winner,1.3,1409,4.910531204707164
winner,1.3,1410,4.202233204112266
winner,1.3,1411,4.510318195736967
winner,1.3,1412,4.836672933258989
winner,1.3,1413,4.810277032151733
winner,1.3,1414,4.69470744577132
winner,1.3,1415,4.725579614075837
winner,1.3,1416,5.0469669345162735
winner,1.3,1417,4.763015526831094
winner,1.3,1418,4.6991066717593615
winner,1.3,1419,5.320290393624495
winner,1.3,1420,4.673678038303198
winner,1.3,1421,4.242199887742019
winner,1.3,1422,5.492728722232405
winner,1.3,1423,4.50585996555103
winner,1.3,1424,4.552654454934394
winner,1.3,1425,4.601306587903579
winner,1.3,1426,5.039512618025079
winner,1.3,1427,4.803404664860208
winner,1.3,1428,4.630191854113721
winner,1.3,1429,4.742024209362316
winner,1.3,1430,4.895370524467531
winner,1.3,1431,5.250844827726246
winner,1.3,1432,4.48116105041194
winner,1.3,1433,4.837484969063733
winner,1.3,1434,4.73602730880806
winner,1.3,1435,5.370211713859391
winner,1.3,1436,5.080550277881572
winner,1.3,1437,4.844186361430866
winner,1.3,1438,4.578573750033454
winner,1.3,1439,5.183674875308394
winner,1.3,1440,4.662113312053954
winner,1.3,1441,4.7575732814099805
winner,1.3,1442,5.089049081075414
winner,1.3,1443,5.470006888717743
winner,1.3,1444,4.826466473485259
winner,1.3,1445,4.440721952942761
winner,1.3,1446,4.682870224215378
winner,1.3,1447,4.651863004726553
winner,1.3,1448,4.684390160438192
winner,1.3,1449,4.865383294393645
winner,1.3,1450,3.990199785341464
winner,1.3,1451,4.210650893366297
winner,1.3,1452,4.2367391985058545
winner,1.3,1453,5.369009490204469
winner,1.3,1454,4.958706389409634
winner,1.3,1455,4.863899026657357
winner,1.3,1456,4.9873036751242275
winner,1.3,1457,4.129018589651745
winner,1.3,1458,5.16710403504817
winner,1.3,1459,4.424197535832245
winner,1.3,1460,4.453397334754046
winner,1.3,1461,4.602075619822654
winner,1.3,1462,4.4722994196639885
winner,1.3,1463,4.395041795617745
winner,1.3,1464,4.803501295001937
winner,1.3,1465,5.282311994344732
winner,1.3,1466,4.528827639033433
winner,1.3,1467,4.8285842017946345
winner,1.3,1468,4.507133064183466
winner,1.3,1469,4.939203910656027
winner,1.3,1470,4.316963199798426
winner,1.3,1471,4.352096528377085
winner,1.3,1472,4.5484985144499825
winner,1.3,1473,4.634557286402716
winner,1.3,1474,3.849844281755283
winner,1.3,1475,4.926646454907203
winner,1.3,1476,4.836615954901583
winner,1.3,1477,5.470163167494549
winner,1.3,1478,4.5716597466470725
winner,1.3,1479,4.899647824494625
winner,1.3,1480,5.348764731692772
winner,1.3,1481,4.214600537808251
winner,1.3,1482,5.145700214947082
winner,1.3,1483,4.065157653529526
winner,1.3,1484,4.547420978721754
winner,1.3,1485,4.880405743264556
winner,1.3,1486,5.311119048924015
winner,1.3,1487,4.646892244395677
winner,1.3,1488,5.362198121791676
winner,1.3,1489,4.8695583837356216
winner,1.3,1490,4.667701436348969
winner,1.3,1491,4.8848624729014265
winner,1.3,1492,4.955167641748379
winner,1.3,1493,4.713349822631882
winner,1.3,1494,4.540786187894818
winner,1.3,1495,5.2108952461158955
winner,1.3,1496,4.982997450204041
winner,1.3,1497,4.021324364963944
winner,1.3,1498,4.4582576260206555
winner,1.3,1499,4.303191893251887
winner,1.3,1500,4.848706469869714
winner,1.3,1501,4.70547740020713
winner,1.3,1502,4.49600298505382
winner,1.3,1503,4.9436091382741525
winner,1.3,1504,4.86145948371091
winner,1.3,1505,4.180353763825455
winner,1.3,1506,4.447301846387306
winner,1.3,1507,5.825042345283861
winner,1.3,1508,5.084756028824694
winner,1.3,1509,4.499734272194182
winner,1.3,1510,4.183871513531373
winner,1.3,1511,4.687430225736222
winner,1.3,1512,4.541090087275944
winner,1.3,1513,5.0940751506780595
winner,1.3,1514,5.006983047428095
winner,1.3,1515,4.819369047983149
winner,1.3,1516,4.635234523253016
winner,1.3,1517,4.986486690229653
winner,1.3,1518,5.115159084015896
winner,1.3,1519,4.235586639225676
winner,1.3,1520,4.693533399674547
winner,1.3,1521,4.493543752772168
winner,1.3,1522,4.95837356462239
winner,1.3,1523,4.521465533315187
winner,1.3,1524,4.342698643390187
winner,1.3,1525,4.586203900847603
winner,1.3,1526,4.751648370502258
winner,1.3,1527,4.525925625517507
winner,1.3,1528,4.6868172177493985
winner,1.3,1529,4.803200540930813
winner,1.3,1530,4.787919108085482
winner,1.3,1531,4.759531085416571
winner,1.3,1532,4.4765778646739784
winner,1.3,1533,4.8819108690129385
winner,1.3,1534,5.1834380788769225
winner,1.3,1535,4.458186771445049
winner,1.3,1536,4.44551075631839
winner,1.3,1537,4.806393506767819
winner,1.3,1538,4.579796307371181
winner,1.3,1539,4.799910727989571
winner,1.3,1540,4.655693918269871
winner,1.3,1541,4.7615446915079875
winner,1.3,1542,4.300125682419071
winner,1.3,1543,4.975718737214461
winner,1.3,1544,5.0182584125255225
winner,1.3,1545,4.307900645050238
winner,1.3,1546,4.913913999240011
winner,1.3,1547,4.983801059105172
winner,1.3,1548,4.502323800597566
winner,1.3,1549,4.355937308617634
winner,1.3,1550,4.644102862753912
winner,1.3,1551,4.594584197607962
winner,1.3,1552,5.387438412844178
winner,1.3,1553,4.698672689175738
winner,1.3,1554,4.376005876761461
winner,1.3,1555,4.313161235384787
winner,1.3,1556,4.4440421087129165
winner,1.3,1557,5.066243115290542
winner,1.3,1558,4.944796656608496
winner,1.3,1559,4.41349810698389
winner,1.3,1560,4.838355179536837
winner,1.3,1561,4.615926934041682
winner,1.3,1562,4.16802552523421
winner,1.3,1563,4.594329111178434
winner,1.3,1564,4.556234210398235
winner,1.3,1565,5.402300414862816
winner,1.3,1566,5.461712295267572
winner,1.3,1567,5.34065833866155
winner,1.3,1568,4.809787311674576
winner,1.3,1569,4.649906890408968
winner,1.3,1570,4.628956364292338
winner,1.3,1571,4.565925305457256
winner,1.3,1572,4.970205183262331
winner,1.3,1573,5.528882601908651
winner,1.3,1574,4.696629150353473
winner,1.3,1575,4.905348852357543
winner,1.3,1576,5.023066533138531
winner,1.3,1577,4.604801894122145
winner,1.3,1578,4.976181414385746
winner,1.3,1579,5.14540282638854
winner,1.3,1580,4.769018332810087
winner,1.3,1581,5.1651852172269574
winner,1.3,1582,4.864500850633639
winner,1.3,1583,5.347584952685862
winner,1.3,1584,4.695147533277973
winner,1.3,1585,5.14035800347635
winner,1.3,1586,4.910295294286486
winner,1.3,1587,5.019303488583204
winner,1.3,1588,4.473853999075825
winner,1.3,1589,4.870611068203319
winner,1.3,1590,4.529052896155203
winner,1.3,1591,5.114228095662483
winner,1.3,1592,5.042179940041315
winner,1.3,1593,4.414615844628533
winner,1.3,1594,4.259189603091177
winner,1.3,1595,4.893989036878242
winner,1.3,1596,4.717018158540591
winner,1.3,1597,5.343995126243322
winner,1.3,1598,4.4227963328708295
winner,1.3,1599,4.752546933721124
winner,1.3,1600,4.681762484865296
winner,1.3,1601,5.28288378340443
winner,1.3,1602,4.636804118368327
winner,1.3,1603,5.23904419439347
winner,1.3,1604,5.005394549848345
winner,1.3,1605,4.101377384545448
winner,1.3,1606,4.926033965037845
winner,1.3,1607,4.44139954257431
winner,1.3,1608,4.962753958290532
winner,1.3,1609,4.642896085028958
winner,1.3,1610,5.0620195543933475
winner,1.3,1611,4.75926176659138
winner,1.3,1612,4.729416708639087
winner,1.3,1613,5.182906472401406
winner,1.3,1614,5.03377944748582
winner,1.3,1615,4.784059941247313
winner,1.3,1616,4.508219502411557
winner,1.3,1617,4.5161243432797695
winner,1.3,1618,5.051766977017087
winner,1.3,1619,4.981725058601431
winner,1.3,1620,4.559559358561549
winner,1.3,1621,4.418726284968973
winner,1.3,1622,4.402332539416386
winner,1.3,1623,4.046819326648703
winner,1.3,1624,4.595309774979875
winner,1.3,1625,4.6135926302370995
winner,1.3,1626,4.810769179466136
winner,1.3,1627,5.357102898954241
winner,1.3,1628,5.067084362925019
winner,1.3,1629,5.043670593610937
winner,1.3,1630,4.711382898543215
winner,1.3,1631,4.871508230204903
winner,1.3,1632,4.835300877097617
winner,1.3,1633,5.425891739266601
winner,1.3,1634,4.740102477147224
winner,1.3,1635,4.8870943501854605
winner,1.3,1636,4.804327079954461
winner,1.3,1637,5.301018700743887
winner,1.3,1638,5.093864934820672
winner,1.3,1639,4.459352959554643
winner,1.3,1640,4.771520890972117
winner,1.3,1641,4.354638851387817
winner,1.3,1642,5.26780368701549
winner,1.3,1643,4.537215465108427
winner,1.3,1644,4.436417727362308
winner,1.3,1645,4.000075098808198
winner,1.3,1646,4.565369089357208
winner,1.3,1647,4.322918517648041
winner,1.3,1648,5.374058886066674
winner,1.3,1649,5.189422545658527
winner,1.3,1650,4.690294046249326
winner,1.3,1651,4.816425890692758
winner,1.3,1652,5.217310799513397
winner,1.3,1653,4.975287239228544
winner,1.3,1654,4.175048843047213
winner,1.3,1655,4.54014329935063
winner,1.3,1656,4.568780499486926
winner,1.3,1657,5.127655605587986
winner,1.3,1658,4.126260244660318
winner,1.3,1659,4.5439269431873
winner,1.3,1660,4.870652275505839
winner,1.3,1661,4.9185266714905564
winner,1.3,1662,4.836867768559917
winner,1.3,1663,4.589234536430814
winner,1.3,1664,4.111254963509475
winner,1.3,1665,4.62631876966403
winner,1.3,1666,4.026837450896467
winner,1.3,1667,4.63578815060458
winner,1.3,1668,4.664666456327855
winner,1.3,1669,4.707084439096491
winner,1.3,1670,4.8843661496015525
winner,1.3,1671,4.396269241458723
winner,1.3,1672,4.990465642807298
winner,1.3,1673,5.063767445437183
winner,1.3,1674,5.066085276794973
winner,1.3,1675,4.641440309084588
winner,1.3,1676,4.381755401905984
winner,1.3,1677,4.660393626268983
winner,1.3,1678,4.674369278141232
winner,1.3,1679,4.902441212163099
winner,1.3,1680,4.459853988623572
winner,1.3,1681,4.721023656210156
winner,1.3,1682,4.989026762581574
winner,1.3,1683,4.5000360240991775
winner,1.3,1684,4.074862736786631
winner,1.3,1685,4.702997666903395
winner,1.3,1686,5.091383981283649
winner,1.3,1687,4.604085383204245
winner,1.3,1688,5.533190625104914
winner,1.3,1689,4.469250597120343
winner,1.3,1690,4.993762664629022
winner,1.3,1691,5.144714019162324
winner,1.3,1692,4.739762914630623
winner,1.3,1693,4.1331966685900925
winner,1.3,1694,5.198038172675865
winner,1.3,1695,5.1575867557600485
winner,1.3,1696,5.164828282357237
winner,1.3,1697,5.003840562034693
winner,1.3,1698,5.403048436256842
winner,1.3,1699,5.1777274001409745
winner,1.3,1700,5.065613181654348
winner,1.3,1701,4.302853893150042
winner,1.3,1702,4.340695075836267
winner,1.3,1703,4.412323509592504
winner,1.3,1704,4.574966296937652
winner,1.3,1705,4.627419451384128
winner,1.3,1706,5.253763101782357
winner,1.3,1707,4.397445546332697
winner,1.3,1708,4.630470175981464
winner,1.3,1709,5.041488356095393
winner,1.3,1710,4.587697479197124
winner,1.3,1711,4.618470732529696
winner,1.3,1712,4.837952308113989
winner,1.3,1713,5.118975810427666
winner,1.3,1714,3.950058199350679
winner,1.3,1715,4.8922787576539974
winner,1.3,1716,4.624645959080516
winner,1.3,1717,5.025045345646435
winner,1.3,1718,4.363067116973714
winner,1.3,1719,4.754163167709977
winner,1.3,1720,4.478202120019851
winner,1.3,1721,5.008342533609476
winner,1.3,1722,4.519483545016653
winner,1.3,1723,5.118533130049633
winner,1.3,1724,5.222635735094457
winner,1.3,1725,5.245976142311776
winner,1.3,1726,4.982210073502362
winner,1.3,1727,4.244295667775946
winner,1.3,1728,4.843000702646851
winner,1.3,1729,5.131662589917199
winner,1.3,1730,4.690604163712206
winner,1.3,1731,4.983578559577273
winner,1.3,1732,4.564725437696882
winner,1.3,1733,4.697176754723761
winner,1.3,1734,4.858676656440759
winner,1.3,1735,4.96765239062001
winner,1.3,1736,4.579193844727017
winner,1.3,1737,4.964217628894436
winner,1.3,1738,4.991210126225322
winner,1.3,1739,4.407956826227636
winner,1.3,1740,4.590812261009576
winner,1.3,1741,4.36974225793362
winner,1.3,1742,4.587829025621856
winner,1.3,1743,4.77197434945104
winner,1.3,1744,4.6389197820034695
winner,1.3,1745,4.647178628093752
winner,1.3,1746,4.656375718768374
winner,1.3,1747,4.493478307831694
winner,1.3,1748,4.457935743457784
winner,1.3,1749,4.540346146911581
winner,1.3,1750,5.482230995039518
winner,1.3,1751,4.901529672799165
winner,1.3,1752,4.513097115113381
winner,1.3,1753,4.678011715106068
winner,1.3,1754,4.37551657214137
winner,1.3,1755,4.972900621239082
winner,1.3,1756,4.449758827481818
winner,1.3,1757,4.638040499923707
winner,1.3,1758,4.065993244822856
winner,1.3,1759,4.845943006739092
winner,1.3,1760,4.975179591794532
winner,1.3,1761,4.773683692797328
winner,1.3,1762,4.924757301351238
winner,1.3,1763,4.904487445894278
winner,1.3,1764,5.7435743881876125
winner,1.3,1765,4.738022050632413
winner,1.3,1766,4.254910147400054
winner,1.3,1767,4.101169522044365
winner,1.3,1768,4.0958385029773705
winner,1.3,1769,4.801887263361417
winner,1.3,1770,4.574095045973359
winner,1.3,1771,4.643547164710599
winner,1.3,1772,4.407210740903167
winner,1.3,1773,5.172534171191038
winner,1.3,1774,4.553093573933158
winner,1.3,1775,4.753900210158808
winner,1.3,1776,4.879141205079288
winner,1.3,1777,4.643068116204562
winner,1.3,1778,4.225532172735129
winner,1.3,1779,4.646711376681773
winner,1.3,1780,4.287712667037878
winner,1.3,1781,4.1993658159456055
winner,1.3,1782,4.618844847433446
winner,1.3,1783,4.305768220245224
winner,1.3,1784,4.965819214235232
winner,1.3,1785,4.881258680739295
winner,1.3,1786,4.568759993178594
winner,1.3,1787,4.390059257845898
winner,1.3,1788,4.640691282323412
winner,1.3,1789,4.633548774670213
winner,1.3,1790,4.9812903175074785
winner,1.3,1791,4.242782489819769
winner,1.3,1792,4.617863398620216
winner,1.3,1793,4.956341751022412
winner,1.3,1794,5.00594197333346
winner,1.3,1795,4.2508048782364325
winner,1.3,1796,4.958082688158714
winner,1.3,1797,4.436599636616754
winner,1.3,1798,5.0720942836871306
winner,1.3,1799,4.25524633862293
winner,1.3,1800,5.088020829403811
winner,1.3,1801,4.5662351861878765
winner,1.3,1802,4.935360346696114
winner,1.3,1803,4.641277912290988
winner,1.3,1804,5.216553240696989
winner,1.3,1805,5.066665819733386
winner,1.3,1806,5.43648695470379
winner,1.3,1807,4.4526284450863125
winner,1.3,1808,4.108081081424324
winner,1.3,1809,4.815405895438042
winner,1.3,1810,4.5342158355956546
winner,1.3,1811,4.592706367616244
winner,1.3,1812,5.628120968411737
winner,1.3,1813,4.5332561692295466
winner,1.3,1814,4.8865636118115825
winner,1.3,1815,4.470693717785582
winner,1.3,1816,4.8429753630943555
winner,1.3,1817,4.469271267062709
winner,1.3,1818,5.36430104148085
winner,1.3,1819,5.431874148434888
winner,1.3,1820,4.775816057342848
winner,1.3,1821,4.591782206596207
winner,1.3,1822,4.518716399635141
winner,1.3,1823,4.308302983144951
winner,1.3,1824,5.340794228170346
winner,1.3,1825,4.98854932798735
winner,1.3,1826,4.832795246877277
winner,1.3,1827,5.13386295825891
winner,1.3,1828,5.101954021991071
winner,1.3,1829,4.509754326897523
winner,1.3,1830,4.409027433787386
winner,1.3,1831,5.141832392191345
winner,1.3,1832,5.0756412021806865
winner,1.3,1833,4.730007086281053
winner,1.3,1834,4.35143813020841
winner,1.3,1835,4.480527129385221
winner,1.3,1836,4.769661341949012
winner,1.3,1837,4.7096611132029835
winner,1.3,1838,4.693277222586655
winner,1.3,1839,4.289256913775429
winner,1.3,1840,4.274589559846875
winner,1.3,1841,5.366302857127985
winner,1.3,1842,4.425740208361415
winner,1.3,1843,4.576593015911219
winner,1.3,1844,4.188210176412457
winner,1.3,1845,5.170900737685611
winner,1.3,1846,4.671646160321502
winner,1.3,1847,4.686844928506319
winner,1.3,1848,4.199949540298861
winner,1.3,1849,4.286340389852102
winner,1.3,1850,4.136052331348638
winner,1.3,1851,4.491435133596893
winner,1.3,1852,4.489549459601462
winner,1.3,1853,3.9408986529121326
winner,1.3,1854,5.010358275974222
winner,1.3,1855,4.89112101040148
winner,1.3,1856,5.2883673910895315
winner,1.3,1857,4.861256479527012
winner,1.3,1858,4.9323379904986275
winner,1.3,1859,4.282996041073268
winner,1.3,1860,5.168358661620215
winner,1.3,1861,5.095971261170753
winner,1.3,1862,4.647219783604924
winner,1.3,1863,5.0199490591882165
winner,1.3,1864,4.667824846622448
winner,1.3,1865,4.745331961778351
winner,1.3,1866,4.69077833875204
winner,1.3,1867,4.889584537501964
winner,1.3,1868,4.853660957485895
winner,1.3,1869,5.0458812156326935
winner,1.3,1870,5.2991195271817215
winner,1.3,1871,4.436092462075423
winner,1.3,1872,5.141692597707299
winner,1.3,1873,4.702529624527627
winner,1.3,1874,4.251565424059997
winner,1.3,1875,3.994045355967879
winner,1.3,1876,4.713022801448089
winner,1.3,1877,4.7874407106544
winner,1.3,1878,4.99903436119293
winner,1.3,1879,4.61638170996183
winner,1.3,1880,4.147032554764383
winner,1.3,1881,5.397273662835918
winner,1.3,1882,4.420817291836371
winner,1.3,1883,5.0674202395975785
winner,1.3,1884,4.53186340141821
winner,1.3,1885,4.752835702772918
winner,1.3,1886,4.730404770332864
winner,1.3,1887,4.9721179336739345
winner,1.3,1888,4.63621698566265
winner,1.3,1889,4.772271083045896
winner,1.3,1890,4.650773927489236
winner,1.3,1891,5.105804547003208
winner,1.3,1892,5.011249751225058
winner,1.3,1893,5.604926404730166
winner,1.3,1894,5.145555014974742
winner,1.3,1895,4.699913170932568
winner,1.3,1896,4.060865358547573
winner,1.3,1897,5.163540652017311
winner,1.3,1898,5.1429871340709115
winner,1.3,1899,4.645180405591553
winner,1.3,1900,5.354030412383222
winner,1.3,1901,4.908252633551302
winner,1.3,1902,4.357942829892825
winner,1.3,1903,4.964191347425383
winner,1.3,1904,4.725017669787226
winner,1.3,1905,4.857037169746413
winner,1.3,1906,4.648612877580685
winner,1.3,1907,4.516594325839356
winner,1.3,1908,4.3402315813183705
winner,1.3,1909,4.214591091328293
winner,1.3,1910,4.729868664765435
winner,1.3,1911,4.552224765761031
winner,1.3,1912,4.754717073844789
winner,1.3,1913,4.69487781554345
winner,1.3,1914,4.438790026178822
winner,1.3,1915,5.024257743702252
winner,1.3,1916,4.8627477705385544
winner,1.3,1917,4.8196144799606
winner,1.3,1918,4.187715582713868
winner,1.3,1919,4.30375182047507
winner,1.3,1920,4.83563727205698
winner,1.3,1921,4.7197498248220775
winner,1.3,1922,4.415025515460651
winner,1.3,1923,5.320136870285974
winner,1.3,1924,4.722627499385861
winner,1.3,1925,4.563654274450384
winner,1.3,1926,4.3812577819292144
winner,1.3,1927,4.917788971388715
winner,1.3,1928,4.30584821754009
winner,1.3,1929,4.8231396327709835
winner,1.3,1930,4.978224027542066
winner,1.3,1931,4.5318576714300365
winner,1.3,1932,4.986715053532786
winner,1.3,1933,5.12460589290176
winner,1.3,1934,4.388672950752984
winner,1.3,1935,4.470070078130698
winner,1.3,1936,4.9896330891273655
winner,1.3,1937,5.114595441137627
winner,1.3,1938,4.748933534814884
winner,1.3,1939,4.489080518389148
winner,1.3,1940,4.393431070428514
winner,1.3,1941,4.660202752705353
winner,1.3,1942,4.53078863608717
winner,1.3,1943,4.873989722677238
winner,1.3,1944,5.181655680850558
winner,1.3,1945,4.949765563364902
winner,1.3,1946,4.597237587030039
winner,1.3,1947,4.426203679494339
winner,1.3,1948,4.490058979364582
winner,1.3,1949,5.337919003789647
winner,1.3,1950,4.773025117998538
winner,1.3,1951,4.050433241808047
winner,1.3,1952,5.199151741100238
winner,1.3,1953,4.6187680851824515
winner,1.3,1954,4.280327234952813
winner,1.3,1955,5.183059098037581
winner,1.3,1956,4.694988992696755
winner,1.3,1957,4.946505457837837
winner,1.3,1958,4.2374750654607976
winner,1.3,1959,5.049150194102252
winner,1.3,1960,4.417463897612168
winner,1.3,1961,4.8655383640865715
winner,1.3,1962,4.721028121120167
winner,1.3,1963,4.3777474316528355
winner,1.3,1964,4.579659485140523
winner,1.3,1965,4.630983534395021
winner,1.3,1966,4.6976360342932475
winner,1.3,1967,4.420304228567983
winner,1.3,1968,4.73297449597104
winner,1.3,1969,5.245095056415379
winner,1.3,1970,5.0331077805883115
winner,1.3,1971,4.659414426753584
winner,1.3,1972,4.771395095775021
winner,1.3,1973,4.84316250758514
winner,1.3,1974,4.259065263164601
winner,1.3,1975,4.897196489415337
winner,1.3,1976,4.776124864102686
winner,1.3,1977,4.972566356763071
winner,1.3,1978,4.870583790995125
winner,1.3,1979,5.041291719895905
winner,1.3,1980,4.6728007058876955
winner,1.3,1981,4.7913867232765845
winner,1.3,1982,4.21672643753773
winner,1.3,1983,4.5245534099796645
winner,1.3,1984,5.026369877727009
winner,1.3,1985,4.538457542609117
winner,1.3,1986,4.9224052777577265
winner,1.3,1987,4.711546867332111
winner,1.3,1988,4.814130114517653
winner,1.3,1989,4.723192128816597
winner,1.3,1990,4.291141165987449
winner,1.3,1991,4.592752911740045
winner,1.3,1992,5.043518097226328
winner,1.3,1993,5.231586958401364
winner,1.3,1994,4.610256394027014
winner,1.3,1995,4.539143529277111
winner,1.3,1996,4.690429921738517
winner,1.3,1997,4.931063537238548
winner,1.3,1998,5.106250481866632
winner,1.3,1999,5.183399708427201
