ticker,asset_class,market_date,expiry,strike,dte,hv20,hv60,atm_iv,entry_iv_fixed,gap,horizon,iv_fwd,fwd_ret,d_iv,entry_idx
SPY,etf,2025-12-26,2027-03-19,710,448,0.08393408175309866,0.12823389109276298,0.20596976572757766,0.2047636454367167,-0.07774,20,0.2109014811830617,0.0075,0.00614,0
SPY,etf,2025-12-26,2027-03-19,710,448,0.08393408175309866,0.12823389109276298,0.20596976572757766,0.2047636454367167,-0.07774,40,0.20916902753579,0.00411,0.00441,0
SPY,etf,2025-12-29,2027-03-19,705,445,0.08338216881669828,0.1285019393904861,0.20633073773592223,0.2068604929471392,-0.07783,20,0.2146824853606427,0.01101,0.00782,1
SPY,etf,2025-12-29,2027-03-19,705,445,0.08338216881669828,0.1285019393904861,0.20633073773592223,0.2068604929471392,-0.07783,40,0.2109838164583244,0.00211,0.00412,1
SPY,etf,2025-12-30,2027-03-19,705,444,0.0815982442829804,0.12854469940517796,0.20688705930866613,0.2069368385013068,-0.07834,20,0.2143237786262979,0.01023,0.00739,2
SPY,etf,2025-12-30,2027-03-19,705,444,0.0815982442829804,0.12854469940517796,0.20688705930866613,0.2069368385013068,-0.07834,40,0.2101923368443969,-0.00148,0.00326,2
SPY,etf,2025-12-31,2027-03-19,700,443,0.08608467746296415,0.12937441116620543,0.20764392623296793,0.2079987817879382,-0.07827,20,0.2163795960938753,0.01474,0.00838,3
SPY,etf,2025-12-31,2027-03-19,700,443,0.08608467746296415,0.12937441116620543,0.20764392623296793,0.2079987817879382,-0.07827,40,0.2163124129790133,0.00654,0.00831,3
SPY,etf,2026-01-02,2027-03-19,700,441,0.08541690664186409,0.12914688159109922,0.20686776844540278,0.2076332428017797,-0.07772,20,0.2176040020029796,0.01792,0.00997,4
SPY,etf,2026-01-02,2027-03-19,700,441,0.08541690664186409,0.12914688159109922,0.20686776844540278,0.2076332428017797,-0.07772,40,0.2149749865309474,-0.00416,0.00734,4
SPY,etf,2026-01-05,2027-03-19,705,438,0.08864817591703261,0.12928288122489173,0.20746673256766296,0.2077765563595929,-0.07818,20,0.2124835480174336,0.00263,0.00471,5
SPY,etf,2026-01-05,2027-03-19,705,438,0.08864817591703261,0.12928288122489173,0.20746673256766296,0.2077765563595929,-0.07818,40,0.2112023573857237,-0.00377,0.00343,5
SPY,etf,2026-01-06,2027-03-19,710,437,0.09077625784944979,0.12959837392243728,0.20708234320622002,0.2070717183749591,-0.07748,20,0.208750663525195,-0.00812,0.00168,6
SPY,etf,2026-01-06,2027-03-19,710,437,0.09077625784944979,0.12959837392243728,0.20708234320622002,0.2070717183749591,-0.07748,40,0.2087336982971305,-0.01518,0.00166,6
SPY,etf,2026-01-07,2027-03-19,705,436,0.09089045455309774,0.11613697428502223,0.2082883954473734,0.2097855401468375,-0.09215,20,0.2095386837949715,-0.01734,-0.00025,7
SPY,etf,2026-01-07,2027-03-19,705,436,0.09089045455309774,0.11613697428502223,0.2082883954473734,0.2097855401468375,-0.09215,40,0.2151524818594629,-0.02494,0.00537,7
SPY,etf,2026-01-08,2027-03-19,710,435,0.09078646385156376,0.1122479615540934,0.20778670556522513,0.2064091162938497,-0.09554,20,0.2085568671389699,0.00161,0.00215,8
SPY,etf,2026-01-08,2027-03-19,710,435,0.09078646385156376,0.1122479615540934,0.20778670556522513,0.2064091162938497,-0.09554,40,0.2106584190480176,-0.0163,0.00425,8
SPY,etf,2026-01-09,2027-03-19,710,434,0.09076980528707343,0.11283132053127853,0.20624269776054976,0.2072644331933458,-0.09341,20,0.2094892277177057,-0.00017,0.00222,9
SPY,etf,2026-01-09,2027-03-19,710,434,0.09076980528707343,0.11283132053127853,0.20624269776054976,0.2072644331933458,-0.09341,40,0.212334700427428,-0.02433,0.00507,9
SPY,etf,2026-01-12,2027-03-19,715,431,0.09060468042534223,0.11258843522149267,0.20668699567101048,0.2053862375078649,-0.0941,20,0.2060391464160781,-0.00437,0.00065,10
SPY,etf,2026-01-12,2027-03-19,715,431,0.09060468042534223,0.11258843522149267,0.20668699567101048,0.2053862375078649,-0.0941,40,0.2074586376849263,-0.02709,0.00207,10
SPY,etf,2026-01-13,2027-03-19,710,430,0.08099269042800768,0.11163248229624576,0.20781770360133764,0.2088375995684158,-0.09619,20,0.2097780991711824,-0.00261,0.00094,11
SPY,etf,2026-01-13,2027-03-19,710,430,0.08099269042800768,0.11163248229624576,0.20781770360133764,0.2088375995684158,-0.09619,40,0.2123791820327778,-0.03994,0.00354,11
SPY,etf,2026-01-14,2027-03-19,710,429,0.08320379125083537,0.11177854737415889,0.20895599577309906,0.2077135302307151,-0.09718,20,0.2078513681869431,-0.01317,0.00014,12
SPY,etf,2026-01-14,2027-03-19,710,429,0.08320379125083537,0.11177854737415889,0.20895599577309906,0.2077135302307151,-0.09718,40,0.2117052973579773,-0.04066,0.00399,12
SPY,etf,2026-01-15,2027-03-19,710,428,0.08246385412880373,0.11002850400836706,0.20845192353274195,0.2084038814216251,-0.09842,20,0.2066598489462831,-0.01515,-0.00174,13
SPY,etf,2026-01-15,2027-03-19,710,428,0.08246385412880373,0.11002850400836706,0.20845192353274195,0.2084038814216251,-0.09842,40,0.209595728527453,-0.03353,0.00119,13
SPY,etf,2026-01-16,2027-03-19,710,427,0.06965622187068353,0.1100582752155667,0.20864716658439303,0.2081829295810393,-0.09859,20,0.2062658132296137,-0.01274,-0.00192,14
SPY,etf,2026-01-16,2027-03-19,710,427,0.06965622187068353,0.1100582752155667,0.20864716658439303,0.2081829295810393,-0.09859,40,0.2082389813034954,-0.03017,6e-05,14
SPY,etf,2026-01-20,2027-03-19,695,423,0.10146901817678365,0.11769467739955755,0.21417713426326615,0.2150085229055335,-0.09648,20,0.217533142831338,0.01285,0.00252,15
SPY,etf,2026-01-20,2027-03-19,695,423,0.10146901817678365,0.11769467739955755,0.21417713426326615,0.2150085229055335,-0.09648,40,0.2206915054136325,-0.02383,0.00568,15
SPY,etf,2026-01-21,2027-03-19,705,422,0.10734191131368165,0.11937932685696653,0.2097209497000611,0.2088515680346264,-0.09034,20,0.2109811922672955,-0.00134,0.00213,16
SPY,etf,2026-01-21,2027-03-19,705,422,0.10734191131368165,0.11937932685696653,0.2097209497000611,0.2088515680346264,-0.09034,40,0.2130497406583233,-0.03735,0.0042,16
SPY,etf,2026-01-22,2027-03-19,705,421,0.10667409320722515,0.11871039015679452,0.20865567699490145,0.2094691275422428,-0.08995,20,0.212088908602271,0.00065,0.00262,17
SPY,etf,2026-01-22,2027-03-19,705,421,0.10667409320722515,0.11871039015679452,0.20865567699490145,0.2094691275422428,-0.08995,40,0.2183798389530853,-0.05865,0.00891,17
SPY,etf,2026-01-23,2027-03-19,705,420,0.10548583506613333,0.11629169900755779,0.20921233018690652,0.2099626959242728,-0.09292,20,0.2115575491597378,-0.00992,0.00159,18
SPY,etf,2026-01-23,2027-03-19,705,420,0.10548583506613333,0.11629169900755779,0.20921233018690652,0.2099626959242728,-0.09292,40,0.2171563756572372,-0.04911,0.00719,18
SPY,etf,2026-01-26,2027-03-19,710,417,0.10629493155384326,0.11662283607184051,0.20869500517629117,0.2087621889753645,-0.09207,20,0.2087342025271876,-0.00777,-3e-05,19
SPY,etf,2026-01-26,2027-03-19,710,417,0.10629493155384326,0.11662283607184051,0.20869500517629117,0.2087621889753645,-0.09207,40,0.2135243492678616,-0.05709,0.00476,19
SPY,etf,2026-01-27,2027-03-19,715,416,0.10713905148484058,0.116886578731359,0.20893570635100644,0.2074977149137698,-0.09205,20,0.2057998882098525,-0.00336,-0.0017,20
SPY,etf,2026-01-27,2027-03-19,715,416,0.10713905148484058,0.116886578731359,0.20893570635100644,0.2074977149137698,-0.09205,40,0.208839351601702,-0.0556,0.00134,20
SPY,etf,2026-01-28,2027-03-19,715,415,0.10614844962325747,0.11451337342950291,0.20958740156869862,0.2085457585683032,-0.09507,20,0.2042504811692171,-0.0088,-0.0043,21
SPY,etf,2026-01-28,2027-03-19,715,415,0.10614844962325747,0.11451337342950291,0.20958740156869862,0.2085457585683032,-0.09507,40,0.2099394561277114,-0.07237,0.00139,21
SPY,etf,2026-01-29,2027-03-19,710,414,0.10635192504484992,0.11445248514600584,0.2100035319722199,0.2108866992675702,-0.09555,20,0.2068024079493645,-0.0116,-0.00408,22
SPY,etf,2026-01-29,2027-03-19,710,414,0.10635192504484992,0.11445248514600584,0.2100035319722199,0.2108866992675702,-0.09555,40,0.2114615692104289,-0.08638,0.00057,22
SPY,etf,2026-01-30,2027-03-19,710,413,0.10306495211586965,0.11459858163723809,0.21045137747334886,0.2098160290398463,-0.09585,20,0.2096340982706058,-0.00808,-0.00018,23
SPY,etf,2026-01-30,2027-03-19,710,413,0.10306495211586965,0.11459858163723809,0.21045137747334886,0.2098160290398463,-0.09585,40,0.2107963605644419,-0.08671,0.00098,23
SPY,etf,2026-02-02,2027-03-19,715,410,0.10410036981806246,0.11216100387812994,0.20891382686630217,0.2075732167352678,-0.09675,20,0.2047531436192199,-0.02169,-0.00282,24
SPY,etf,2026-02-02,2027-03-19,715,410,0.10410036981806246,0.11216100387812994,0.20891382686630217,0.2075732167352678,-0.09675,40,0.2061328077505837,-0.06481,-0.00144,24
SPY,etf,2026-02-03,2027-03-19,705,409,0.10683317394174517,0.1134762359294272,0.21119829078108457,0.2124835480174336,-0.09772,20,0.2112023573857237,-0.00638,-0.00128,25
SPY,etf,2026-02-03,2027-03-19,705,409,0.10683317394174517,0.1134762359294272,0.21119829078108457,0.2124835480174336,-0.09772,40,0.2125622449780041,-0.04973,8e-05,25
SPY,etf,2026-02-04,2027-03-19,705,408,0.10592528406883568,0.11163900267468681,0.212027371442961,0.2122553304709784,-0.10039,20,0.2121923362847943,-0.00711,-6e-05,26
SPY,etf,2026-02-04,2027-03-19,705,408,0.10592528406883568,0.11163900267468681,0.212027371442961,0.2122553304709784,-0.10039,40,0.2108961029309317,-0.04424,-0.00136,26
SPY,etf,2026-02-05,2027-03-19,695,407,0.11409633771192337,0.11474264886347643,0.216085648900459,0.2160565335989802,-0.10134,20,0.2221002548670892,-0.00773,0.00604,27
SPY,etf,2026-02-05,2027-03-19,695,407,0.11409633771192337,0.11474264886347643,0.216085648900459,0.2160565335989802,-0.10134,40,0.2184333599589061,-0.02758,0.00238,27
SPY,etf,2026-02-06,2027-03-19,710,406,0.1341964150975983,0.11695488671609301,0.2101906619653996,0.2085568671389699,-0.07599,20,0.2106584190480176,-0.01788,0.0021,28
SPY,etf,2026-02-06,2027-03-19,710,406,0.1341964150975983,0.11695488671609301,0.2101906619653996,0.2085568671389699,-0.07599,40,0.2088650997542794,-0.04547,0.00031,28
SPY,etf,2026-02-09,2027-03-19,710,403,0.13319525521796124,0.11725901599021593,0.2087104843088054,0.2094892277177057,-0.07552,20,0.212334700427428,-0.02417,0.00285,29
SPY,etf,2026-02-09,2027-03-19,710,403,0.13319525521796124,0.11725901599021593,0.2087104843088054,0.2094892277177057,-0.07552,40,0.2077486293539884,-0.02585,-0.00174,29
SPY,etf,2026-02-10,2027-03-19,710,402,0.1333719478336655,0.11740804059393566,0.20978431506994127,0.2094454627775332,-0.07641,20,0.2108912894642024,-0.02281,0.00145,30
SPY,etf,2026-02-10,2027-03-19,710,402,0.1333719478336655,0.11740804059393566,0.20978431506994127,0.2094454627775332,-0.07641,40,0.2069666394028456,-0.01764,-0.00248,30
SPY,etf,2026-02-11,2027-03-19,710,401,0.13320609319488955,0.11198080200859288,0.21022510542902892,0.2097780991711824,-0.07702,20,0.2123791820327778,-0.03743,0.0026,31
SPY,etf,2026-02-11,2027-03-19,710,401,0.13320609319488955,0.11198080200859288,0.21022510542902892,0.2097780991711824,-0.07702,40,0.2072245806025434,-0.01806,-0.00255,31
SPY,etf,2026-02-12,2027-03-19,700,400,0.14326538230770675,0.11671387025120832,0.2149191161522976,0.21444043219223,-0.07165,20,0.2184934317370569,-0.02786,0.00405,32
SPY,etf,2026-02-12,2027-03-19,700,400,0.14326538230770675,0.11671387025120832,0.2149191161522976,0.21444043219223,-0.07165,40,0.2165906468410966,0.00709,0.00215,32
SPY,etf,2026-02-13,2027-03-19,700,399,0.14281224872955192,0.11499151636924237,0.21395157664535924,0.2132662689413223,-0.07114,20,0.2165074489788899,-0.01866,0.00324,33
SPY,etf,2026-02-13,2027-03-19,700,399,0.14281224872955192,0.11499151636924237,0.21395157664535924,0.2132662689413223,-0.07114,40,0.2211306601887728,0.01864,0.00786,33
SPY,etf,2026-02-17,2027-03-19,700,395,0.14305990945914182,0.11353009404140271,0.21311523166152677,0.212883783100074,-0.07006,20,0.2152587022784792,-0.01766,0.00237,34
SPY,etf,2026-02-17,2027-03-19,700,395,0.14305990945914182,0.11353009404140271,0.21311523166152677,0.212883783100074,-0.07006,40,0.2251308019699036,0.02503,0.01225,34
SPY,etf,2026-02-18,2027-03-19,705,394,0.1232540927559744,0.11370001559941297,0.21222394834727146,0.2107337912476079,-0.08897,20,0.2135847862664984,-0.03622,0.00285,35
SPY,etf,2026-02-18,2027-03-19,705,394,0.1232540927559744,0.11370001559941297,0.21222394834727146,0.2107337912476079,-0.08897,40,0.2222013172924081,0.0224,0.01147,35
SPY,etf,2026-02-19,2027-03-19,700,393,0.11681024070113091,0.10897147593441125,0.21344601322479728,0.2145863893299705,-0.09664,20,0.2165619736452433,-0.03606,0.00198,36
SPY,etf,2026-02-19,2027-03-19,700,393,0.11681024070113091,0.10897147593441125,0.21344601322479728,0.2145863893299705,-0.09664,40,0.228412117932979,0.03749,0.01383,36
SPY,etf,2026-02-20,2027-03-19,705,392,0.11821268826363591,0.10814259629811776,0.21111361661179895,0.212088908602271,-0.0929,20,0.2183798389530853,-0.05927,0.00629,37
SPY,etf,2026-02-20,2027-03-19,705,392,0.11821268826363591,0.10814259629811776,0.21111361661179895,0.212088908602271,-0.0929,40,0.227141983118792,0.02798,0.01505,37
SPY,etf,2026-02-23,2027-03-19,700,389,0.12370946637746133,0.10652969406546123,0.21504454473109808,0.2149290359347047,-0.09134,20,0.2207337226744084,-0.03958,0.0058,38
SPY,etf,2026-02-23,2027-03-19,700,389,0.12370946637746133,0.10652969406546123,0.21504454473109808,0.2149290359347047,-0.09134,40,0.230051388927013,0.03179,0.01512,38
SPY,etf,2026-02-24,2027-03-19,705,388,0.125239988066757,0.10584910718271379,0.21284603471125746,0.2120952613493353,-0.08761,20,0.2171597021784448,-0.04971,0.00506,39
SPY,etf,2026-02-24,2027-03-19,705,388,0.125239988066757,0.10584910718271379,0.21284603471125746,0.2120952613493353,-0.08761,40,0.228039903643315,0.03471,0.01594,39
SPY,etf,2026-02-25,2027-03-19,710,387,0.12823650812684612,0.10629843968761804,0.20944341591984908,0.20916902753579,-0.08121,20,0.2124223865710545,-0.05241,0.00325,40
SPY,etf,2026-02-25,2027-03-19,710,387,0.12823650812684612,0.10629843968761804,0.20944341591984908,0.20916902753579,-0.08121,40,0.2230413859920165,0.02207,0.01387,40
SPY,etf,2026-02-26,2027-03-19,705,386,0.12965974010247228,0.1064304127142085,0.21072591617392541,0.2109838164583244,-0.08107,20,0.217150748328913,-0.06414,0.00617,41
SPY,etf,2026-02-26,2027-03-19,705,386,0.12965974010247228,0.1064304127142085,0.21072591617392541,0.2109838164583244,-0.08107,40,0.23020576514909,0.03575,0.01922,41
SPY,etf,2026-02-27,2027-03-19,700,385,0.13049206661114715,0.10647651956268481,0.2120118863919631,0.2136334011527949,-0.08152,20,0.2184014092066435,-0.07566,0.00477,42
SPY,etf,2026-02-27,2027-03-19,700,385,0.13049206661114715,0.10647651956268481,0.2120118863919631,0.2136334011527949,-0.08152,40,0.234971779164224,0.04254,0.02134,42
SPY,etf,2026-03-02,2027-03-19,705,382,0.1302334804273852,0.10642093062860576,0.2146125965002868,0.2130494521168576,-0.08438,20,0.2142244744765886,-0.07927,0.00118,43
SPY,etf,2026-03-02,2027-03-19,705,382,0.1302334804273852,0.10642093062860576,0.2146125965002868,0.2130494521168576,-0.08438,40,0.228958729722129,0.03687,0.01591,43
SPY,etf,2026-03-03,2027-03-19,695,381,0.13190562207725978,0.10775344965980796,0.21725543149026874,0.2183747341746497,-0.08535,20,0.2206478063433515,-0.04408,0.00227,44
SPY,etf,2026-03-03,2027-03-19,695,381,0.13190562207725978,0.10775344965980796,0.21725543149026874,0.2183747341746497,-0.08535,40,0.236353015177931,0.04593,0.01798,44
SPY,etf,2026-03-04,2027-03-19,700,380,0.1318708867162159,0.1087267398799056,0.21329472739757271,0.2146682782144332,-0.08142,20,0.2162367094290198,-0.04363,0.00157,45
SPY,etf,2026-03-04,2027-03-19,700,380,0.1318708867162159,0.1087267398799056,0.21329472739757271,0.2146682782144332,-0.08142,40,0.234625194163292,0.04894,0.01996,45
SPY,etf,2026-03-05,2027-03-19,700,379,0.13223177160327707,0.109255687396392,0.21726579694829565,0.2156629797508594,-0.08503,20,0.2145940994852965,-0.0374,-0.00107,46
SPY,etf,2026-03-05,2027-03-19,700,379,0.13223177160327707,0.109255687396392,0.21726579694829565,0.2156629797508594,-0.08503,40,0.236861690078495,0.05774,0.0212,46
SPY,etf,2026-03-06,2027-03-19,690,378,0.13301466714158264,0.1123608918442705,0.22538061088714062,0.225526900822643,-0.09237,20,0.2221712001303698,-0.02,-0.00336,47
SPY,etf,2026-03-06,2027-03-19,690,378,0.13301466714158264,0.1123608918442705,0.22538061088714062,0.225526900822643,-0.09237,40,0.244968524603625,0.06786,0.01944,47
SPY,etf,2026-03-09,2027-03-19,695,375,0.11720200584316895,0.11385427867864664,0.22149184520283188,0.2211525685899906,-0.10429,20,0.2202468645667705,-0.02809,-0.00091,48
SPY,etf,2026-03-09,2027-03-19,695,375,0.11720200584316895,0.11385427867864664,0.22149184520283188,0.2211525685899906,-0.10429,40,0.244898713218252,0.06708,0.02375,48
SPY,etf,2026-03-10,2027-06-17,700,464,0.11525106795747084,0.11302303871688947,0.22486320765416912,0.2249634182048906,-0.10961,20,0.223994604141924,-0.00173,-0.00097,49
SPY,etf,2026-03-10,2027-06-17,700,464,0.11525106795747084,0.11302303871688947,0.22486320765416912,0.2249634182048906,-0.10961,40,0.25144199034884,0.08366,0.02648,49
SPY,etf,2026-03-11,2027-06-17,700,463,0.11512994794299151,0.11291233714252885,0.22516942805844375,0.223931859518967,-0.11004,20,0.2234233937083925,0.00529,-0.00051,50
SPY,etf,2026-03-11,2027-06-17,700,463,0.11512994794299151,0.11291233714252885,0.22516942805844375,0.223931859518967,-0.11004,40,0.24939939445362,0.08169,0.02547,50
SPY,etf,2026-03-12,2027-06-17,690,462,0.12548956259609173,0.11505048830818947,0.23205698585998838,0.231369576529657,-0.10657,20,0.230711028456957,0.02012,-0.00066,51
SPY,etf,2026-03-12,2027-06-17,690,462,0.12548956259609173,0.11505048830818947,0.23205698585998838,0.231369576529657,-0.10657,40,0.259709031372549,0.10744,0.02834,51
SPY,etf,2026-03-13,2027-06-17,685,461,0.11573906271380568,0.11553968834316095,0.2334006108389304,0.233335281991199,-0.11766,20,0.235820893268934,0.03595,0.00249,52
SPY,etf,2026-03-13,2027-06-17,685,461,0.11573906271380568,0.11553968834316095,0.2334006108389304,0.233335281991199,-0.11766,40,0.267588500927886,0.11628,0.03425,52
SPY,etf,2026-03-16,2027-06-17,690,458,0.12264962477520121,0.11744722884002522,0.22804369992740223,0.228836851903434,-0.10539,20,0.236684735441139,0.03801,0.00785,53
SPY,etf,2026-03-16,2027-06-17,690,458,0.12264962477520121,0.11744722884002522,0.22804369992740223,0.228836851903434,-0.10539,40,0.264282929323639,0.10336,0.03545,53
SPY,etf,2026-03-17,2027-06-17,695,457,0.12298241923852767,0.11539302800186665,0.22640984148445412,0.225078333535037,-0.10343,20,0.236136582230738,0.04346,0.01106,54
SPY,etf,2026-03-17,2027-06-17,695,457,0.12298241923852767,0.11539302800186665,0.22640984148445412,0.225078333535037,-0.10343,40,0.264944356113952,0.10662,0.03987,54
SPY,etf,2026-03-18,2027-06-17,685,456,0.12929218894588457,0.11781880402266619,0.23436999295781782,0.233283288780013,-0.10508,20,0.24441345814616,0.06082,0.01113,55
SPY,etf,2026-03-18,2027-06-17,685,456,0.12929218894588457,0.11781880402266619,0.23436999295781782,0.233283288780013,-0.10508,40,0.270493644910085,0.13114,0.03721,55
SPY,etf,2026-03-19,2027-06-17,685,455,0.12927948995079666,0.11712076641151688,0.23394862536384162,0.232930691123492,-0.10467,20,0.246722045760551,0.0763,0.01379,56
SPY,etf,2026-03-19,2027-06-17,685,455,0.12927948995079666,0.11712076641151688,0.23394862536384162,0.232930691123492,-0.10467,40,0.269120032832832,0.12029,0.03619,56
SPY,etf,2026-03-20,2027-06-17,675,454,0.13547014011205447,0.12111601183405903,0.24458750573882881,0.24423157068476,-0.10912,20,0.255694816146275,0.09274,0.01146,57
SPY,etf,2026-03-20,2027-06-17,675,454,0.13547014011205447,0.12111601183405903,0.24458750573882881,0.24423157068476,-0.10912,40,0.272343624247293,0.13889,0.02811,57
SPY,etf,2026-03-23,2027-06-17,680,451,0.14069713288069055,0.12283888638475227,0.24049066974806763,0.240157496547102,-0.09979,20,0.251744409220443,0.07431,0.01159,58
SPY,etf,2026-03-23,2027-06-17,680,451,0.14069713288069055,0.12283888638475227,0.24049066974806763,0.240157496547102,-0.09979,40,0.268539783438506,0.11955,0.02838,58
SPY,etf,2026-03-24,2027-06-17,680,450,0.13640878991752642,0.12261392043447658,0.24245465811959915,0.240900640124131,-0.10605,20,0.252644900752169,0.08884,0.01174,59
SPY,etf,2026-03-24,2027-06-17,680,450,0.13640878991752642,0.12261392043447658,0.24245465811959915,0.240900640124131,-0.10605,40,0.269414659222749,0.13483,0.02851,59
SPY,etf,2026-03-25,2027-06-17,680,449,0.1337261406036085,0.12332226905507981,0.24015543957634522,0.240444775674091,-0.10643,20,0.25163615337529,0.07861,0.01119,60
SPY,etf,2026-03-25,2027-06-17,680,449,0.1337261406036085,0.12332226905507981,0.24015543957634522,0.240444775674091,-0.10643,40,0.269355034984708,0.13078,0.02891,60
SPY,etf,2026-03-26,2027-06-17,675,448,0.14417459251244466,0.12815513118857197,0.24515064820620683,0.243868722332144,-0.10098,20,0.256937811004714,0.10673,0.01307,61
SPY,etf,2026-03-26,2027-06-17,675,448,0.14417459251244466,0.12815513118857197,0.24515064820620683,0.243868722332144,-0.10098,40,0.275654480625332,0.15587,0.03179,61
SPY,etf,2026-03-27,2027-06-17,660,447,0.15235378827204826,0.13235040326431738,0.25096259305775853,0.25000094228048,-0.09861,20,0.267310048555914,0.12787,0.01731,62
SPY,etf,2026-03-27,2027-06-17,660,447,0.15235378827204826,0.13235040326431738,0.25096259305775853,0.25000094228048,-0.09861,40,0.28848658752611,0.18373,0.03849,62
SPY,etf,2026-03-30,2027-06-17,655,444,0.15145038704175415,0.13180966945825084,0.25147898670595603,0.252003796009952,-0.10003,20,0.270661438024862,0.12615,0.01866,63
SPY,etf,2026-03-30,2027-06-17,655,444,0.15145038704175415,0.13180966945825084,0.25147898670595603,0.252003796009952,-0.10003,40,0.289486992234635,0.18749,0.03748,63
SPY,etf,2026-03-31,2027-06-17,675,443,0.18963770012255474,0.14527716785190634,0.24090638849466622,0.240169168513299,-0.05127,20,0.256183061562953,0.09417,0.01601,64
SPY,etf,2026-03-31,2027-06-17,675,443,0.18963770012255474,0.14527716785190634,0.24090638849466622,0.240169168513299,-0.05127,40,0.28089024447527,0.16032,0.04072,64
SPY,etf,2026-04-01,2027-06-17,680,442,0.18995382672741715,0.1454783212924137,0.2377747072106258,0.236615273030319,-0.04782,20,0.255522754602882,0.09679,0.01891,65
SPY,etf,2026-04-01,2027-06-17,680,442,0.18995382672741715,0.1454783212924137,0.2377747072106258,0.236615273030319,-0.04782,40,0.275838702357597,0.15451,0.03922,65
SPY,etf,2026-04-02,2027-06-17,680,441,0.1898280082850331,0.14484744811020378,0.23639544088681883,0.235360082413874,-0.04657,20,0.256589438977673,0.09884,0.02123,66
SPY,etf,2026-04-02,2027-06-17,680,441,0.1898280082850331,0.14484744811020378,0.23639544088681883,0.235360082413874,-0.04657,40,0.280038818958595,0.15661,0.04468,66
SPY,etf,2026-04-06,2027-06-17,680,437,0.18631561671472519,0.14521418182322837,0.23535436716062874,0.235743933974637,-0.04904,20,0.258537473632101,0.08966,0.02279,67
SPY,etf,2026-04-06,2027-06-17,680,437,0.18631561671472519,0.14521418182322837,0.23535436716062874,0.235743933974637,-0.04904,40,0.280390523420766,0.15273,0.04465,67
SPY,etf,2026-04-07,2027-06-17,680,436,0.18286530404298668,0.14522887446189525,0.23570203963830125,0.236912130464239,-0.05284,20,0.262264148097633,0.09792,0.02535,68
SPY,etf,2026-04-07,2027-06-17,680,436,0.18286530404298668,0.14522887446189525,0.23570203963830125,0.236912130464239,-0.05284,40,0.27902360217855,0.14414,0.04211,68
SPY,etf,2026-04-08,2027-06-17,695,435,0.20574557817548825,0.15395378525878178,0.22637161042045426,0.227326397249766,-0.02063,20,0.25516094177491,0.08553,0.02783,69
SPY,etf,2026-04-08,2027-06-17,695,435,0.20574557817548825,0.15395378525878178,0.22637161042045426,0.227326397249766,-0.02063,40,0.271884394613262,0.11994,0.04456,69
SPY,etf,2026-04-09,2027-06-17,700,434,0.20671895165977533,0.15442490015555324,0.22340046703918368,0.2234233937083925,-0.01668,20,0.24939939445362,0.076,0.02598,70
SPY,etf,2026-04-09,2027-06-17,700,434,0.20671895165977533,0.15442490015555324,0.22340046703918368,0.2234233937083925,-0.01668,40,0.25716270949096,0.10245,0.03374,70
SPY,etf,2026-04-10,2027-06-17,700,433,0.198465579146046,0.15438883808703122,0.2240793701601476,0.2239902087733253,-0.02561,20,0.25204535263671,0.0856,0.02806,71
SPY,etf,2026-04-10,2027-06-17,700,433,0.198465579146046,0.15438883808703122,0.2240793701601476,0.2239902087733253,-0.02561,40,0.257952064723867,0.08795,0.03396,71
SPY,etf,2026-04-13,2027-06-17,705,430,0.19912672925736669,0.15544891214076167,0.22135683402317816,0.222170199264073,-0.02223,20,0.25443781014868,0.07754,0.03227,72
SPY,etf,2026-04-13,2027-06-17,705,430,0.19912672925736669,0.15544891214076167,0.22135683402317816,0.222170199264073,-0.02223,40,0.257137723877369,0.08521,0.03497,72
SPY,etf,2026-04-14,2027-06-17,715,429,0.20035338674627187,0.15735715200288444,0.22033253623162313,0.219764798803992,-0.01998,20,0.247458806991575,0.06296,0.02769,73
SPY,etf,2026-04-14,2027-06-17,715,429,0.20035338674627187,0.15735715200288444,0.22033253623162313,0.219764798803992,-0.01998,40,0.246198186622588,0.05868,0.02643,73
SPY,etf,2026-04-15,2027-06-17,720,428,0.20147521485505576,0.15815434527509237,0.2200725377032889,0.2198497551005822,-0.0186,20,0.24882766220061,0.06053,0.02898,74
SPY,etf,2026-04-15,2027-06-17,720,428,0.20147521485505576,0.15815434527509237,0.2200725377032889,0.2198497551005822,-0.0186,40,0.244491163976486,0.04358,0.02464,74
SPY,etf,2026-04-16,2027-06-17,720,427,0.19220115535259924,0.15216799218095636,0.21987091671399553,0.2208164794597052,-0.02767,20,0.251715041154249,0.06629,0.0309,75
SPY,etf,2026-04-16,2027-06-17,720,427,0.19220115535259924,0.15216799218095636,0.21987091671399553,0.2208164794597052,-0.02767,40,0.245469107424623,0.05714,0.02465,75
SPY,etf,2026-04-17,2027-06-17,730,426,0.19365322000792015,0.15233645120632666,0.21747003241378007,0.2176663428584376,-0.02382,20,0.23929684902249,0.04088,0.02163,76
SPY,etf,2026-04-17,2027-06-17,730,426,0.19365322000792015,0.15233645120632666,0.21747003241378007,0.2176663428584376,-0.02382,40,0.244268161242265,0.06293,0.0266,76
SPY,etf,2026-04-20,2027-06-17,730,423,0.17892642197259098,0.1521193259080715,0.21930480322348925,0.2184315317149605,-0.04038,20,0.236013006422293,0.04223,0.01758,77
SPY,etf,2026-04-20,2027-06-17,730,423,0.17892642197259098,0.1521193259080715,0.21930480322348925,0.2184315317149605,-0.04038,40,0.240365335659559,0.05871,0.02193,77
SPY,etf,2026-04-21,2027-06-17,725,422,0.18151928699754574,0.15280205129009033,0.22032077124705185,0.2214869097393789,-0.0388,20,0.237809586864343,0.04211,0.01632,78
SPY,etf,2026-04-21,2027-06-17,725,422,0.18151928699754574,0.15280205129009033,0.22032077124705185,0.2214869097393789,-0.0388,40,0.24540985172012,0.05238,0.02392,78
SPY,etf,2026-04-22,2027-06-17,730,421,0.18096548249710184,0.15380345188446748,0.218547897699885,0.2188826577315378,-0.03758,20,0.237268949770517,0.04224,0.01839,79
SPY,etf,2026-04-22,2027-06-17,730,421,0.18096548249710184,0.15380345188446748,0.218547897699885,0.2188826577315378,-0.03758,40,0.248356924441903,0.04996,0.02947,79
SPY,etf,2026-04-23,2027-06-17,730,420,0.18315717515513244,0.1538753380918681,0.2197173374961328,0.2181838267922289,-0.03656,20,0.236518544788579,0.04837,0.01833,80
SPY,etf,2026-04-23,2027-06-17,730,420,0.18315717515513244,0.1538753380918681,0.2197173374961328,0.2181838267922289,-0.03656,40,0.247777510826933,0.05073,0.02959,80
SPY,etf,2026-04-24,2027-06-17,735,419,0.16433920039992084,0.15461948798255293,0.21877486331339607,0.2178490647529229,-0.05444,20,0.235528859600906,0.0444,0.01768,81
SPY,etf,2026-04-24,2027-06-17,735,419,0.16433920039992084,0.15461948798255293,0.21877486331339607,0.2178490647529229,-0.05444,40,0.240904055252687,0.02751,0.02305,81
SPY,etf,2026-04-27,2027-06-17,735,416,0.14262257353926325,0.15455787268706506,0.21887696602024026,0.2186904525030015,-0.06432,20,0.237514011200479,0.04953,0.01882,82
SPY,etf,2026-04-27,2027-06-17,735,416,0.14262257353926325,0.15455787268706506,0.21887696602024026,0.2186904525030015,-0.06432,40,0.240276463048653,0.02527,0.02159,82
SPY,etf,2026-04-28,2027-06-17,730,415,0.14405023708726122,0.15478847950462554,0.21896499387466153,0.2200212241722893,-0.06418,20,0.242737785146694,0.05448,0.02272,83
SPY,etf,2026-04-28,2027-06-17,730,415,0.14405023708726122,0.15478847950462554,0.21896499387466153,0.2200212241722893,-0.06418,40,0.241553256003733,0.03177,0.02153,83
SPY,etf,2026-04-29,2027-06-17,730,414,0.11768751023540043,0.15450933978527864,0.2213305939393976,0.2204155962964531,-0.06682,20,0.243539922713832,0.06046,0.02312,84
SPY,etf,2026-04-29,2027-06-17,730,414,0.11768751023540043,0.15450933978527864,0.2213305939393976,0.2204155962964531,-0.06682,40,0.237083844898651,0.02447,0.01667,84
SPY,etf,2026-04-30,2027-06-17,740,413,0.11880038514554224,0.15459482776249558,0.21759844760759295,0.216655583081649,-0.063,20,0.237071504293541,0.05263,0.02042,85
SPY,etf,2026-04-30,2027-06-17,740,413,0.11880038514554224,0.15459482776249558,0.21759844760759295,0.216655583081649,-0.063,40,0.233587198272614,0.03109,0.01693,85
SPY,etf,2026-05-01,2027-06-17,740,412,0.11820891369716768,0.15421571603408762,0.2178079815072253,0.217721029265105,-0.06359,20,0.239534733538704,0.05258,0.02181,86
SPY,etf,2026-05-01,2027-06-17,740,412,0.11820891369716768,0.15421571603408762,0.2178079815072253,0.217721029265105,-0.06359,40,0.234040598381968,0.03625,0.01632,86
SPY,etf,2026-05-04,2027-06-17,735,409,0.1218962967114148,0.15197916626708827,0.22021138352671307,0.2217640257073767,-0.06823,20,0.243708915969351,0.05788,0.02194,87
SPY,etf,2026-05-04,2027-06-17,735,409,0.1218962967114148,0.15197916626708827,0.22021138352671307,0.2217640257073767,-0.06823,40,0.238666504485406,0.03865,0.0169,87
SPY,etf,2026-05-05,2027-06-17,745,408,0.12167677659900364,0.14802059679386323,0.21978245117781126,0.2190476985387414,-0.07176,20,0.236459548784987,0.0421,0.01741,88
SPY,etf,2026-05-05,2027-06-17,745,408,0.12167677659900364,0.14802059679386323,0.21978245117781126,0.2190476985387414,-0.07176,40,0.229238158359697,0.02903,0.01019,88
SPY,etf,2026-05-06,2027-06-17,755,407,0.10130800044737484,0.15019762467083125,0.2179649789357892,0.2174504438264906,-0.06777,20,0.23139023550241,0.0317,0.01394,89
SPY,etf,2026-05-07,2027-06-17,750,406,0.10420304401268521,0.15024390810708513,0.21803395735797604,0.2189266268133987,-0.06779,20,0.227179348415443,0.02459,0.00825,90
SPY,etf,2026-05-08,2027-06-17,755,405,0.1040849821058258,0.1509633603856011,0.21748275203708184,0.2186574668472696,-0.06652,20,0.2238044702559441,0.00217,0.00515,91
SPY,etf,2026-05-11,2027-06-17,760,402,0.10209153316731782,0.14694101753623937,0.22076562846395428,0.2202156419702597,-0.07382,20,0.2202201239195687,0.00711,0.0,92
SPY,etf,2026-05-12,2027-06-17,760,401,0.09866279875878084,0.1470539091729192,0.22153206261644548,0.2200220937154308,-0.07448,20,0.2179993667634472,-0.00402,-0.00202,93
SPY,etf,2026-05-13,2027-06-17,765,400,0.09751430733122002,0.14731146696057681,0.22189308984437156,0.2207462623614752,-0.07458,20,0.2173303055043421,-0.01599,-0.00342,94
SPY,etf,2026-05-14,2027-06-17,770,399,0.09903630628077283,0.14772473282077445,0.2212663526677099,0.2204832491845556,-0.07354,20,0.2142893794517212,-0.00858,-0.00619,95
SPY,etf,2026-05-15,2027-06-17,760,398,0.10725599854445517,0.1500943319965796,0.2221855796630188,0.2207601904566633,-0.07209,20,0.2224157603485109,0.02119,0.00166,96
SPY,etf,2026-05-18,2027-06-17,755,395,0.10671079690481704,0.14963542360725196,0.2184380010266665,0.2197743746752758,-0.0688,20,0.225840073947347,0.01581,0.00607,97
SPY,etf,2026-05-19,2027-06-17,755,394,0.10683445678670506,0.1486455695360002,0.2199145055170458,0.2185907083114132,-0.07127,20,0.22636709953517,0.00985,0.00778,98
SPY,etf,2026-05-20,2027-06-17,760,393,0.10695570401971242,0.149279745264041,0.21810986274442784,0.218182110615022,-0.06883,20,0.227478821333109,0.00741,0.0093,99
SPY,etf,2026-05-21,2027-06-17,760,392,0.10462389665683851,0.14854533746026383,0.2163668822105345,0.2174227822407044,-0.06782,20,0.227748284815139,0.00225,0.01033,100
SPY,etf,2026-05-22,2027-06-17,765,391,0.10289933761551338,0.14798376460113302,0.21709579315772976,0.2171075010296762,-0.06911,20,0.220609585115191,-0.01617,0.0035,101
SPY,etf,2026-05-26,2027-06-17,770,387,0.10407533506603364,0.1478176856175718,0.21807095951085256,0.2176871640256631,-0.07025,20,0.216526499149878,-0.02312,-0.00116,102
SPY,etf,2026-05-27,2027-06-17,770,386,0.10099598729662267,0.1478454573328251,0.217740998413558,0.2177208210833085,-0.0699,20,0.214586375473653,-0.02153,-0.00313,103
SPY,etf,2026-05-28,2027-06-17,775,385,0.10090669943521935,0.14647756768245135,0.21783483101464582,0.2176098077192552,-0.07136,20,0.206981530085879,-0.03394,-0.01063,104
SPY,etf,2026-05-29,2027-06-17,775,384,0.09749290241235042,0.146070311852192,0.2152408607641443,0.2153264567218442,-0.06917,20,0.210505772273009,-0.02046,-0.00482,105
SPY,etf,2026-06-01,2027-06-17,775,381,0.09749178711402418,0.14530129320634017,0.21704187811239473,0.2184855807864084,-0.07174,20,0.211832862229542,-0.01552,-0.00665,106
SPY,etf,2026-06-02,2027-06-17,780,380,0.09482621171326969,0.14191301325637423,0.21776577905595748,0.2170731427289726,-0.07585,20,0.208909989916284,-0.01818,-0.00816,107
SPY,etf,2026-06-03,2027-06-17,775,379,0.09886831679662014,0.14241542341344957,0.21980921631462175,0.2185790117205627,-0.07739,20,0.209583042724869,-0.01254,-0.009,108
QQQ,etf,2025-12-26,2027-01-15,645,385,0.13382248850972353,0.18393715093389693,0.24407998841412454,0.243483441930688,-0.06014,20,0.252135502186029,0.0116,0.00865,0
QQQ,etf,2025-12-26,2027-01-15,645,385,0.13382248850972353,0.18393715093389693,0.24407998841412454,0.243483441930688,-0.06014,40,0.247956135806438,-0.01156,0.00447,0
QQQ,etf,2025-12-29,2027-01-15,640,382,0.13233151079155966,0.18411608975773075,0.2462023788535551,0.24665656640686,-0.06209,20,0.256003260691932,0.01989,0.00935,1
QQQ,etf,2025-12-29,2027-01-15,640,382,0.13233151079155966,0.18411608975773075,0.2462023788535551,0.24665656640686,-0.06209,40,0.247832963822,-0.01873,0.00118,1
QQQ,etf,2025-12-30,2027-01-15,640,381,0.13201767040206147,0.18395332500786393,0.24669184019264545,0.24646652520855,-0.06274,20,0.253602328364135,0.01614,0.00714,2
QQQ,etf,2025-12-30,2027-01-15,640,381,0.13201767040206147,0.18395332500786393,0.24669184019264545,0.24646652520855,-0.06274,40,0.248004016411284,-0.0196,0.00154,2
QQQ,etf,2025-12-31,2027-01-15,635,380,0.13207035341223236,0.18421715425139853,0.24774739030156262,0.247385585494989,-0.06353,20,0.257025298779539,0.01231,0.00964,3
QQQ,etf,2025-12-31,2027-01-15,635,380,0.13207035341223236,0.18421715425139853,0.24774739030156262,0.247385585494989,-0.06353,40,0.253024527895674,-0.01013,0.00564,3
QQQ,etf,2026-01-02,2027-01-15,635,378,0.13163755568415353,0.18392126504903905,0.2453146205630818,0.244208785038685,-0.06139,20,0.258134646639552,0.02124,0.01393,4
QQQ,etf,2026-01-02,2027-01-15,635,378,0.13163755568415353,0.18392126504903905,0.2453146205630818,0.244208785038685,-0.06139,40,0.25224762642455,-0.01882,0.00804,4
QQQ,etf,2026-01-05,2027-01-15,640,375,0.1352499782696548,0.18315454299787334,0.248347191159832,0.246965057950198,-0.06519,20,0.255358038697937,-0.00238,0.00839,5
QQQ,etf,2026-01-05,2027-01-15,640,375,0.1352499782696548,0.18315454299787334,0.248347191159832,0.246965057950198,-0.06519,40,0.247690898099121,-0.01172,0.00073,5
QQQ,etf,2026-01-06,2027-01-15,645,374,0.138285839234936,0.1839674698161684,0.24759570323783794,0.246666633384843,-0.06363,20,0.247264267229479,-0.02834,0.0006,6
QQQ,etf,2026-01-06,2027-01-15,645,374,0.138285839234936,0.1839674698161684,0.24759570323783794,0.246666633384843,-0.06363,40,0.249319531560307,-0.02327,0.00265,6
QQQ,etf,2026-01-07,2027-01-15,645,373,0.13817900235633918,0.16827366595042442,0.2502973572519926,0.249762438132621,-0.08202,20,0.246581271941034,-0.04325,-0.00318,7
QQQ,etf,2026-01-07,2027-01-15,645,373,0.13817900235633918,0.16827366595042442,0.2502973572519926,0.249762438132621,-0.08202,40,0.253547390055937,-0.03889,0.00378,7
QQQ,etf,2026-01-08,2027-01-15,640,372,0.13953218938423212,0.16351505288980656,0.24785805502793484,0.248012129417648,-0.08434,20,0.247388496732316,-0.01744,-0.00062,8
QQQ,etf,2026-01-08,2027-01-15,640,372,0.13953218938423212,0.16351505288980656,0.24785805502793484,0.248012129417648,-0.08434,40,0.256222779257863,-0.02048,0.00821,8
QQQ,etf,2026-01-09,2027-01-15,645,371,0.14347390344351088,0.1639358914807664,0.24666061059171487,0.247486761531597,-0.08272,20,0.244936926122678,-0.01968,-0.00255,9
QQQ,etf,2026-01-09,2027-01-15,645,371,0.14347390344351088,0.1639358914807664,0.24666061059171487,0.247486761531597,-0.08272,40,0.253397277231118,-0.03013,0.00591,9
QQQ,etf,2026-01-12,2027-01-15,645,368,0.14301034407259566,0.16341753900619202,0.2477790297289898,0.249220795000211,-0.08436,20,0.242959998457982,-0.02503,-0.00626,10
QQQ,etf,2026-01-12,2027-01-15,645,368,0.14301034407259566,0.16341753900619202,0.2477790297289898,0.249220795000211,-0.08436,40,0.253307678613785,-0.03106,0.00409,10
QQQ,etf,2026-01-13,2027-01-15,645,367,0.12356567668696047,0.16322590583915306,0.24798358496805536,0.248545932153766,-0.08476,20,0.245420379037817,-0.02097,-0.00313,11
QQQ,etf,2026-01-13,2027-01-15,645,367,0.12356567668696047,0.16322590583915306,0.24798358496805536,0.248545932153766,-0.08476,40,0.254057658728201,-0.04628,0.00551,11
QQQ,etf,2026-01-14,2027-01-15,640,366,0.12882199719361268,0.16442786370728651,0.2507712890606989,0.250351970240536,-0.08634,20,0.247425156248529,-0.03052,-0.00293,12
QQQ,etf,2026-01-14,2027-01-15,640,366,0.12882199719361268,0.16442786370728651,0.2507712890606989,0.250351970240536,-0.08634,40,0.256317769455876,-0.04169,0.00597,12
QQQ,etf,2026-01-15,2027-01-15,640,365,0.12915597017171598,0.16263060723173833,0.24943873727746746,0.250136923696192,-0.08681,20,0.247165825138509,-0.03194,-0.00297,13
QQQ,etf,2026-01-15,2027-01-15,640,365,0.12915597017171598,0.16263060723173833,0.24943873727746746,0.250136923696192,-0.08681,40,0.253068698070821,-0.03442,0.00293,13
QQQ,etf,2026-01-16,2027-06-17,650,517,0.1070033339322567,0.16264300678580534,0.25993510030286654,0.260578490479091,-0.09729,20,0.253505338236953,-0.03213,-0.00707,14
QQQ,etf,2026-01-16,2027-06-17,650,517,0.1070033339322567,0.16264300678580534,0.25993510030286654,0.260578490479091,-0.09729,40,0.260418195663787,-0.02889,-0.00016,14
QQQ,etf,2026-01-20,2027-06-17,640,513,0.1248713996511516,0.16744987909017267,0.2637022161764685,0.26329480786006,-0.09625,20,0.258266963456861,-0.00373,-0.00503,15
QQQ,etf,2026-01-20,2027-06-17,640,513,0.1248713996511516,0.16744987909017267,0.2637022161764685,0.26329480786006,-0.09625,40,0.270458534310951,-0.02164,0.00716,15
QQQ,etf,2026-01-21,2027-06-17,645,512,0.12554113205632816,0.16883542292490766,0.2588286048108241,0.259622328071034,-0.08999,20,0.256915061221467,-0.02079,-0.00271,16
QQQ,etf,2026-01-21,2027-06-17,645,512,0.12554113205632816,0.16883542292490766,0.2588286048108241,0.259622328071034,-0.08999,40,0.266280991526926,-0.03774,0.00666,16
QQQ,etf,2026-01-22,2027-06-17,650,511,0.12763750679406702,0.16808109085701883,0.25532665230918233,0.254934625826404,-0.08725,20,0.256325464458008,-0.01925,0.00139,17
QQQ,etf,2026-01-22,2027-06-17,650,511,0.12763750679406702,0.16808109085701883,0.25532665230918233,0.254934625826404,-0.08725,40,0.265968481880939,-0.06234,0.01103,17
QQQ,etf,2026-01-23,2027-06-17,650,510,0.12703184752546756,0.164195038563031,0.25618240775476286,0.256729962355107,-0.09199,20,0.255902577662883,-0.03422,-0.00083,18
QQQ,etf,2026-01-23,2027-06-17,650,510,0.12703184752546756,0.164195038563031,0.25618240775476286,0.256729962355107,-0.09199,40,0.264431547891954,-0.05576,0.0077,18
QQQ,etf,2026-01-26,2027-06-17,655,507,0.1275782910186319,0.1636671320439184,0.25890472657236996,0.259155746290142,-0.09524,20,0.255318386379013,-0.02812,-0.00384,19
QQQ,etf,2026-01-26,2027-06-17,655,507,0.1275782910186319,0.1636671320439184,0.25890472657236996,0.259155746290142,-0.09524,40,0.261797701969113,-0.06632,0.00264,19
QQQ,etf,2026-01-27,2027-06-17,660,506,0.13142310637904467,0.16448329054621497,0.25841152558406233,0.258984080020553,-0.09393,20,0.254667352036596,-0.0229,-0.00432,20
QQQ,etf,2026-01-27,2027-06-17,660,506,0.13142310637904467,0.16448329054621497,0.25841152558406233,0.258984080020553,-0.09393,40,0.258221234323886,-0.06862,-0.00076,20
QQQ,etf,2026-01-28,2027-06-17,665,505,0.13013734343138325,0.161499841975613,0.2574375962520275,0.256817427523955,-0.09594,20,0.249711858286616,-0.03787,-0.00711,21
QQQ,etf,2026-01-28,2027-06-17,665,505,0.13013734343138325,0.161499841975613,0.2574375962520275,0.256817427523955,-0.09594,40,0.256976820902743,-0.09385,0.00016,21
QQQ,etf,2026-01-29,2027-06-17,660,504,0.1320204127592884,0.16169855940931235,0.2582291590052026,0.257563746709419,-0.09653,20,0.251606705698106,-0.03517,-0.00596,22
QQQ,etf,2026-01-29,2027-06-17,660,504,0.1320204127592884,0.16169855940931235,0.2582291590052026,0.257563746709419,-0.09653,40,0.258351029908164,-0.10621,0.00079,22
QQQ,etf,2026-01-30,2027-06-17,650,503,0.1360997893774926,0.16326020821451212,0.2613077208737002,0.26190214094931,-0.09805,20,0.256890844230259,-0.02216,-0.00501,23
QQQ,etf,2026-01-30,2027-06-17,650,503,0.1360997893774926,0.16326020821451212,0.2613077208737002,0.26190214094931,-0.09805,40,0.262787815481076,-0.10226,0.00089,23
QQQ,etf,2026-02-02,2027-06-17,655,500,0.13747992739402473,0.15832840753185018,0.2612665543494574,0.26206187432501,-0.10294,20,0.254983569309589,-0.03922,-0.00708,24
QQQ,etf,2026-02-02,2027-06-17,655,500,0.13747992739402473,0.15832840753185018,0.2612665543494574,0.26206187432501,-0.10294,40,0.258777237724979,-0.07819,-0.00328,24
QQQ,etf,2026-02-03,2027-06-17,645,499,0.14676234720358874,0.16097311099568298,0.2639081583823151,0.264533717910198,-0.10294,20,0.261240818164015,-0.00936,-0.00329,25
QQQ,etf,2026-02-03,2027-06-17,645,499,0.14676234720358874,0.16097311099568298,0.2639081583823151,0.264533717910198,-0.10294,40,0.263750186268872,-0.05224,-0.00078,25
QQQ,etf,2026-02-04,2027-06-17,635,498,0.15523846597338806,0.16040747790318174,0.2651576615995409,0.265998215274536,-0.10475,20,0.268086221204994,0.00522,0.00209,26
QQQ,etf,2026-02-04,2027-06-17,635,498,0.15523846597338806,0.16040747790318174,0.2651576615995409,0.265998215274536,-0.10475,40,0.268472568018222,-0.03429,0.00247,26
QQQ,etf,2026-02-05,2027-06-17,625,497,0.16163876389361345,0.16297564854007618,0.2688890302957726,0.269557065805013,-0.10591,20,0.2754024448975,0.00456,0.00585,27
QQQ,etf,2026-02-05,2027-06-17,625,497,0.16163876389361345,0.16297564854007618,0.2688890302957726,0.269557065805013,-0.10591,40,0.274815518697649,-0.01429,0.00526,27
QQQ,etf,2026-02-06,2027-06-17,640,496,0.18052667109370762,0.1624242215361186,0.2597032466634381,0.258724818799749,-0.07918,20,0.266550214259456,-0.0031,0.00783,28
QQQ,etf,2026-02-06,2027-06-17,640,496,0.18052667109370762,0.1624242215361186,0.2597032466634381,0.258724818799749,-0.07918,40,0.267785503783388,-0.03454,0.00906,28
QQQ,etf,2026-02-09,2027-06-17,645,493,0.17889319152413724,0.16317080898383882,0.2565456462436337,0.255807242172322,-0.07765,20,0.261968002954932,-0.01066,0.00616,29
QQQ,etf,2026-02-09,2027-06-17,645,493,0.17889319152413724,0.16317080898383882,0.2565456462436337,0.255807242172322,-0.07765,40,0.265869389989374,-0.0134,0.01006,29
QQQ,etf,2026-02-10,2027-06-17,640,492,0.17920966895345505,0.1634224629935676,0.2593520658747957,0.259398830973668,-0.08014,20,0.267906826981349,-0.00618,0.00851,30
QQQ,etf,2026-02-10,2027-06-17,640,492,0.17920966895345505,0.1634224629935676,0.2593520658747957,0.259398830973668,-0.08014,40,0.266207540429151,-0.00209,0.00681,30
QQQ,etf,2026-02-11,2027-06-17,640,491,0.17975127377574118,0.1579027746377506,0.26003279479829516,0.260911116757671,-0.08028,20,0.270034468855394,-0.02585,0.00912,31
QQQ,etf,2026-02-11,2027-06-17,640,491,0.17975127377574118,0.1579027746377506,0.26003279479829516,0.260911116757671,-0.08028,40,0.268667478370665,-0.00333,0.00776,31
QQQ,etf,2026-02-12,2027-06-17,630,490,0.18984579919007685,0.16347910177081273,0.26548325527218586,0.265818302377332,-0.07564,20,0.275170315297739,-0.01152,0.00935,32
QQQ,etf,2026-02-12,2027-06-17,630,490,0.18984579919007685,0.16347910177081273,0.26548325527218586,0.265818302377332,-0.07564,40,0.27500932470928,0.02789,0.00919,32
QQQ,etf,2026-02-13,2027-03-19,625,399,0.1893903414116907,0.16261336183228503,0.26226838276797604,0.26211129383043,-0.07288,20,0.267227653291096,-0.00256,0.00512,33
QQQ,etf,2026-02-13,2027-03-19,625,399,0.1893903414116907,0.16261336183228503,0.26226838276797604,0.26211129383043,-0.07288,40,0.274859812800173,0.04432,0.01275,33
QQQ,etf,2026-02-17,2027-03-19,625,395,0.18938091251164066,0.16063093856359587,0.263551492395299,0.263175232905502,-0.07417,20,0.267842609533169,0.00334,0.00467,34
QQQ,etf,2026-02-17,2027-03-19,625,395,0.18938091251164066,0.16063093856359587,0.263551492395299,0.263175232905502,-0.07417,40,0.280666587863143,0.06004,0.01749,34
QQQ,etf,2026-02-18,2027-03-19,625,394,0.176578056233231,0.16088951903073445,0.25696387546550625,0.258616495269829,-0.08039,20,0.273343033421144,-0.01798,0.01473,35
QQQ,etf,2026-02-18,2027-03-19,625,394,0.176578056233231,0.16088951903073445,0.25696387546550625,0.258616495269829,-0.08039,40,0.283923191808675,0.05725,0.02531,35
QQQ,etf,2026-02-19,2027-03-19,625,393,0.1694117071716902,0.15310156258034807,0.26192895060146554,0.262424210278085,-0.09252,20,0.268274509500627,-0.01732,0.00585,36
QQQ,etf,2026-02-19,2027-03-19,625,393,0.1694117071716902,0.15310156258034807,0.26192895060146554,0.262424210278085,-0.09252,40,0.286366114188378,0.0752,0.02394,36
QQQ,etf,2026-02-20,2027-03-19,630,392,0.17051667389859387,0.15338365673841087,0.26005837390258557,0.260725368919284,-0.08954,20,0.269600368716819,-0.04394,0.00887,37
QQQ,etf,2026-02-20,2027-03-19,630,392,0.17051667389859387,0.15338365673841087,0.26005837390258557,0.260725368919284,-0.08954,40,0.283716056035881,0.06238,0.02299,37
QQQ,etf,2026-02-23,2027-03-19,625,389,0.17428211490541964,0.14665826678095217,0.2625855120297749,0.262093789424336,-0.0883,20,0.271025974869428,-0.0223,0.00893,38
QQQ,etf,2026-02-23,2027-03-19,625,389,0.17428211490541964,0.14665826678095217,0.2625855120297749,0.262093789424336,-0.0883,40,0.290133036337745,0.07137,0.02804,38
QQQ,etf,2026-02-24,2027-03-19,630,388,0.1785972962079689,0.14777512257584186,0.2641741457552621,0.26452726207973,-0.08558,20,0.268074130066201,-0.0393,0.00355,39
QQQ,etf,2026-02-24,2027-03-19,630,388,0.1785972962079689,0.14777512257584186,0.2641741457552621,0.26452726207973,-0.08558,40,0.289280120449542,0.07771,0.02475,39
QQQ,etf,2026-02-25,2027-03-19,640,387,0.18370313180932535,0.1496342563061853,0.258736019852604,0.258120925349032,-0.07503,20,0.260937893742134,-0.0468,0.00282,40
QQQ,etf,2026-02-25,2027-03-19,640,387,0.18370313180932535,0.1496342563061853,0.258736019852604,0.258120925349032,-0.07503,40,0.284258808043912,0.05633,0.02614,40
QQQ,etf,2026-02-26,2027-03-19,630,386,0.1868778514695173,0.15074282999543515,0.25895928571019294,0.25965127575607,-0.07208,20,0.267173335615898,-0.05819,0.00752,41
QQQ,etf,2026-02-26,2027-03-19,630,386,0.1868778514695173,0.15074282999543515,0.25895928571019294,0.25965127575607,-0.07208,40,0.297498317500311,0.08969,0.03785,41
QQQ,etf,2026-02-27,2027-03-19,630,385,0.18633222094226481,0.1507292712649443,0.26074178767521544,0.260299504169132,-0.07441,20,0.265436613128994,-0.07362,0.00514,42
QQQ,etf,2026-02-27,2027-03-19,630,385,0.18633222094226481,0.1507292712649443,0.26074178767521544,0.260299504169132,-0.07441,40,0.295980770835525,0.09376,0.03568,42
QQQ,etf,2026-03-02,2027-03-19,630,382,0.1825470376912773,0.1498308245944644,0.26130848242864735,0.261059501739864,-0.07876,20,0.265224720121109,-0.08191,0.00417,43
QQQ,etf,2026-03-02,2027-03-19,630,382,0.1825470376912773,0.1498308245944644,0.26130848242864735,0.261059501739864,-0.07876,40,0.29741749319108,0.08134,0.03636,43
QQQ,etf,2026-03-03,2027-03-19,625,381,0.18305756927517394,0.15120753764953593,0.2626094265758951,0.261778656126553,-0.07955,20,0.266897492445093,-0.04056,0.00512,44
QQQ,etf,2026-03-03,2027-03-19,625,381,0.18305756927517394,0.15120753764953593,0.2626094265758951,0.261778656126553,-0.07955,40,0.298224593508861,0.09972,0.03645,44
QQQ,etf,2026-03-04,2027-03-19,635,380,0.18538907835102095,0.15459972151133164,0.26028561610923284,0.25916388908215,-0.0749,20,0.261182479968205,-0.04329,0.00202,45
QQQ,etf,2026-03-04,2027-03-19,635,380,0.18538907835102095,0.15459972151133164,0.26028561610923284,0.25916388908215,-0.0749,40,0.290245369837667,0.09331,0.03108,45
QQQ,etf,2026-03-05,2027-03-19,630,379,0.17438809165331218,0.15442060111207503,0.26449470302363365,0.26509671898073,-0.09011,20,0.262643479358501,-0.0393,-0.00245,46
QQQ,etf,2026-03-05,2027-03-19,630,379,0.17438809165331218,0.15442060111207503,0.26449470302363365,0.26509671898073,-0.09011,40,0.303725008138109,0.10714,0.03863,46
QQQ,etf,2026-03-06,2027-03-19,625,378,0.175140277983005,0.1573156406790703,0.27419376688369856,0.27308998126343,-0.09905,20,0.266978890574434,-0.01876,-0.00611,47
QQQ,etf,2026-03-06,2027-03-19,625,378,0.175140277983005,0.1573156406790703,0.27419376688369856,0.27308998126343,-0.09905,40,0.303451762108635,0.12193,0.03036,47
QQQ,etf,2026-03-09,2027-03-19,630,375,0.16496272898680372,0.15984961169700368,0.26844392800272915,0.268282298206268,-0.10348,20,0.265470764422293,-0.03154,-0.00281,48
QQQ,etf,2026-03-09,2027-03-19,630,375,0.16496272898680372,0.15984961169700368,0.26844392800272915,0.268282298206268,-0.10348,40,0.309748092088643,0.12151,0.04147,48
QQQ,etf,2026-03-10,2027-06-17,635,464,0.16239016882041424,0.15957163564950783,0.2658304935232687,0.266653988554669,-0.10344,20,0.27147417759016,-0.00276,0.00482,49
QQQ,etf,2026-03-10,2027-06-17,635,464,0.16239016882041424,0.15957163564950783,0.2658304935232687,0.266653988554669,-0.10344,40,0.319073255154584,0.14479,0.05242,49
QQQ,etf,2026-03-11,2027-06-17,635,463,0.1616623222488941,0.15947375277078107,0.2700779312832105,0.27064790594327,-0.10842,20,0.2685404312041,0.00411,-0.00211,50
QQQ,etf,2026-03-11,2027-06-17,635,463,0.1616623222488941,0.15947375277078107,0.2700779312832105,0.27064790594327,-0.10842,40,0.316983975149597,0.14358,0.04634,50
QQQ,etf,2026-03-12,2027-06-17,625,462,0.17200384106960928,0.15851952319131787,0.27783487212375474,0.278819683941796,-0.10583,20,0.277639146934376,0.02312,-0.00118,51
QQQ,etf,2026-03-12,2027-06-17,625,462,0.17200384106960928,0.15851952319131787,0.27783487212375474,0.278819683941796,-0.10583,40,0.333555130072175,0.19082,0.05474,51
QQQ,etf,2026-03-13,2027-06-17,625,461,0.15754241329736962,0.15864317770447894,0.27894005213202955,0.277832171380727,-0.1203,20,0.278921710927565,0.03987,0.00109,52
QQQ,etf,2026-03-13,2027-06-17,625,461,0.15754241329736962,0.15864317770447894,0.27894005213202955,0.277832171380727,-0.1203,40,0.336770312862728,0.20139,0.05894,52
QQQ,etf,2026-03-16,2027-06-17,630,458,0.16277155695452622,0.16035239847100988,0.27243863086471654,0.271911493877642,-0.10967,20,0.278220495002928,0.047,0.00631,53
QQQ,etf,2026-03-16,2027-06-17,630,458,0.16277155695452622,0.16035239847100988,0.27243863086471654,0.271911493877642,-0.10967,40,0.332732837848356,0.17799,0.06082,53
QQQ,etf,2026-03-17,2027-06-17,630,457,0.16368204161269947,0.15601982496033898,0.27030607486049535,0.271394093855128,-0.10662,20,0.28430136800574,0.0565,0.01291,54
QQQ,etf,2026-03-17,2027-06-17,630,457,0.16368204161269947,0.15601982496033898,0.27030607486049535,0.271394093855128,-0.10662,40,0.337191505706458,0.18465,0.0658,54
QQQ,etf,2026-03-18,2027-06-17,625,456,0.16870263072253713,0.15576228310792165,0.2806913634057411,0.280190909592379,-0.11199,20,0.289346487933075,0.0766,0.00916,55
QQQ,etf,2026-03-18,2027-06-17,625,456,0.16870263072253713,0.15576228310792165,0.2806913634057411,0.280190909592379,-0.11199,40,0.343413210892555,0.20993,0.06322,55
QQQ,etf,2026-03-19,2027-06-17,625,455,0.1685646629340405,0.15334799184547154,0.27903330784672653,0.277959306921072,-0.11047,20,0.292734617230756,0.09415,0.01478,56
QQQ,etf,2026-03-19,2027-06-17,625,455,0.1685646629340405,0.15334799184547154,0.27903330784672653,0.277959306921072,-0.11047,40,0.339632007468286,0.19546,0.06167,56
QQQ,etf,2026-03-20,2027-06-17,615,454,0.17568040140728722,0.157447182176192,0.284776835708151,0.283545395008884,-0.1091,20,0.299759641668812,0.11121,0.01621,57
QQQ,etf,2026-03-20,2027-06-17,615,454,0.17568040140728722,0.157447182176192,0.284776835708151,0.283545395008884,-0.1091,40,0.339029975058381,0.21273,0.05548,57
QQQ,etf,2026-03-23,2027-06-17,620,451,0.17677386139357146,0.15869100000786143,0.2811717082153968,0.27977885861855,-0.1044,20,0.299042110622807,0.0958,0.01926,58
QQQ,etf,2026-03-23,2027-06-17,620,451,0.17677386139357146,0.15869100000786143,0.2811717082153968,0.27977885861855,-0.1044,40,0.336949747254698,0.19308,0.05717,58
QQQ,etf,2026-03-24,2027-06-17,615,450,0.17213467873257793,0.15894041825751792,0.2837810771860496,0.283258352390526,-0.11165,20,0.304612477235363,0.1218,0.02135,59
QQQ,etf,2026-03-24,2027-06-17,615,450,0.17213467873257793,0.15894041825751792,0.2837810771860496,0.283258352390526,-0.11165,40,0.345308216971228,0.22119,0.06205,59
QQQ,etf,2026-03-25,2027-06-17,615,449,0.16430635471611757,0.1597020402455913,0.28102553225453947,0.282209578460333,-0.11672,20,0.303594767294767,0.1082,0.02139,60
QQQ,etf,2026-03-25,2027-06-17,615,449,0.16430635471611757,0.1597020402455913,0.28102553225453947,0.282209578460333,-0.11672,40,0.341029728452392,0.21553,0.05882,60
QQQ,etf,2026-03-26,2027-06-17,605,448,0.17866923773861693,0.16645276184917537,0.2848542419754693,0.285674450268047,-0.10619,20,0.3169571863623,0.15701,0.03128,61
QQQ,etf,2026-03-26,2027-06-17,605,448,0.17866923773861693,0.16645276184917537,0.2848542419754693,0.285674450268047,-0.10619,40,0.352808298797591,0.25053,0.06713,61
QQQ,etf,2026-03-27,2027-06-17,590,447,0.18829365674604678,0.17067265001926726,0.2935058230899634,0.295108491640367,-0.10521,20,0.328399626848122,0.18069,0.03329,62
QQQ,etf,2026-03-27,2027-06-17,590,447,0.18829365674604678,0.17067265001926726,0.2935058230899634,0.295108491640367,-0.10521,40,0.372353108086577,0.29809,0.07724,62
QQQ,etf,2026-03-30,2027-06-17,590,444,0.1877418144667463,0.1705723520457142,0.29515264522094137,0.293780345967767,-0.10741,20,0.326383063742457,0.17781,0.0326,63
QQQ,etf,2026-03-30,2027-06-17,590,444,0.1877418144667463,0.1705723520457142,0.29515264522094137,0.293780345967767,-0.10741,40,0.373226041221493,0.3066,0.07945,63
QQQ,etf,2026-03-31,2027-06-17,605,443,0.22829539356314196,0.18494508401086293,0.2823882207649773,0.283161615932464,-0.05409,20,0.315793543613712,0.14621,0.03263,64
QQQ,etf,2026-03-31,2027-06-17,605,443,0.22829539356314196,0.18494508401086293,0.2823882207649773,0.283161615932464,-0.05409,40,0.363081020331338,0.27447,0.07992,64
QQQ,etf,2026-04-01,2027-06-17,615,442,0.22565606616978126,0.18605738709133166,0.28038737620883997,0.2794426747733,-0.05473,20,0.310504985968621,0.14278,0.03106,65
QQQ,etf,2026-04-01,2027-06-17,615,442,0.22565606616978126,0.18605738709133166,0.28038737620883997,0.2794426747733,-0.05473,40,0.362584338511396,0.26356,0.08314,65
QQQ,etf,2026-04-02,2027-06-17,615,441,0.22594293921843212,0.18501706730889983,0.27926966956359567,0.278459871191989,-0.05333,20,0.316877083883009,0.15243,0.03842,66
QQQ,etf,2026-04-02,2027-06-17,615,441,0.22594293921843212,0.18501706730889983,0.27926966956359567,0.278459871191989,-0.05333,40,0.364236318387684,0.26968,0.08578,66
QQQ,etf,2026-04-06,2027-06-17,615,437,0.22205523025394927,0.18553954990739677,0.27884949971393563,0.279317250935398,-0.05679,20,0.317549608580095,0.14338,0.03823,67
QQQ,etf,2026-04-06,2027-06-17,615,437,0.22205523025394927,0.18553954990739677,0.27884949971393563,0.279317250935398,-0.05679,40,0.373670809734168,0.2679,0.09435,67
QQQ,etf,2026-04-07,2027-06-17,615,436,0.21571014719263196,0.1852901454963931,0.2796286577086159,0.281060075354878,-0.06392,20,0.326104975271243,0.15804,0.04504,68
QQQ,etf,2026-04-07,2027-06-17,615,436,0.21571014719263196,0.1852901454963931,0.2796286577086159,0.281060075354878,-0.06392,40,0.372118836917592,0.26439,0.09106,68
QQQ,etf,2026-04-08,2027-06-17,635,435,0.2420583071177216,0.19416015787553878,0.27264405652888124,0.27147417759016,-0.03059,20,0.319073255154584,0.14796,0.0476,69
QQQ,etf,2026-04-08,2027-06-17,635,435,0.2420583071177216,0.19416015787553878,0.27264405652888124,0.27147417759016,-0.03059,40,0.355976708655111,0.22195,0.0845,69
QQQ,etf,2026-04-09,2027-06-17,635,434,0.24328738119374899,0.19471764124568036,0.26793785310224205,0.2685404312041,-0.02465,20,0.316983975149597,0.13889,0.04844,70
QQQ,etf,2026-04-09,2027-06-17,635,434,0.24328738119374899,0.19471764124568036,0.26793785310224205,0.2685404312041,-0.02465,40,0.346661751038697,0.18956,0.07812,70
QQQ,etf,2026-04-10,2027-06-17,640,433,0.23431975861662707,0.19474405326561192,0.26974574855687855,0.268667478370665,-0.03543,20,0.324546075313523,0.16391,0.05588,71
QQQ,etf,2026-04-10,2027-06-17,640,433,0.23431975861662707,0.19474405326561192,0.26974574855687855,0.268667478370665,-0.03543,40,0.347185702469133,0.17301,0.07852,71
QQQ,etf,2026-04-13,2027-06-17,645,430,0.23489203281390836,0.1947477501940405,0.26668350292488424,0.265972979093904,-0.03179,20,0.326057494909271,0.15533,0.06008,72
QQQ,etf,2026-04-13,2027-06-17,645,430,0.23489203281390836,0.1947477501940405,0.26668350292488424,0.265972979093904,-0.03179,40,0.342305723152061,0.17344,0.07633,72
QQQ,etf,2026-04-14,2027-06-17,655,429,0.23965132266437772,0.19810835460666412,0.2657877071541197,0.26569364377293,-0.02614,20,0.317877630399928,0.1251,0.05218,73
QQQ,etf,2026-04-14,2027-06-17,655,429,0.23965132266437772,0.19810835460666412,0.2657877071541197,0.26569364377293,-0.02614,40,0.339443238070313,0.12276,0.07375,73
QQQ,etf,2026-04-15,2027-06-17,665,428,0.24305831896616606,0.20007768787934674,0.26837080551094233,0.267940329210811,-0.02531,20,0.318701964454761,0.12129,0.05076,74
QQQ,etf,2026-04-15,2027-06-17,665,428,0.24305831896616606,0.20007768787934674,0.26837080551094233,0.267940329210811,-0.02531,40,0.334715590864769,0.10364,0.06678,74
QQQ,etf,2026-04-16,2027-06-17,665,427,0.23486329258885838,0.19497329154395138,0.26775184860290185,0.268830868276241,-0.03289,20,0.318610828436406,0.12385,0.04978,75
QQQ,etf,2026-04-16,2027-06-17,665,427,0.23486329258885838,0.19497329154395138,0.26775184860290185,0.268830868276241,-0.03289,40,0.337951458296629,0.12627,0.06912,75
QQQ,etf,2026-04-17,2027-06-17,675,426,0.23561288923226822,0.19485729620947534,0.2652810812047846,0.265933329715981,-0.02967,20,0.31159295908327,0.09259,0.04566,76
QQQ,etf,2026-04-17,2027-06-17,675,426,0.23561288923226822,0.19485729620947534,0.2652810812047846,0.265933329715981,-0.02967,40,0.339779594687916,0.14664,0.07385,76
QQQ,etf,2026-04-20,2027-06-17,675,423,0.22141951892284073,0.1945691819173407,0.26588600304597276,0.265415570338098,-0.04447,20,0.305376492951701,0.09136,0.03996,77
QQQ,etf,2026-04-20,2027-06-17,675,423,0.22141951892284073,0.1945691819173407,0.26588600304597276,0.265415570338098,-0.04447,40,0.339652265122552,0.12843,0.07424,77
QQQ,etf,2026-04-21,2027-06-17,675,422,0.2228801075083139,0.19471520893178684,0.2678193872420685,0.267525051571264,-0.04494,20,0.305040218327936,0.08877,0.03752,78
QQQ,etf,2026-04-21,2027-06-17,675,422,0.2228801075083139,0.19471520893178684,0.2678193872420685,0.267525051571264,-0.04494,40,0.33961921648981,0.12134,0.07209,78
QQQ,etf,2026-04-22,2027-06-17,685,421,0.22246865706994534,0.1973263183760709,0.2673664601649802,0.266662225449423,-0.0449,20,0.30248245877016,0.0886,0.03582,79
QQQ,etf,2026-04-22,2027-06-17,685,421,0.22246865706994534,0.1973263183760709,0.2673664601649802,0.266662225449423,-0.0449,40,0.344128150346411,0.13053,0.07747,79
QQQ,etf,2026-04-23,2027-06-17,680,420,0.226069014837194,0.19699627396127328,0.26781353066863495,0.267512023697148,-0.04174,20,0.302269828798805,0.09685,0.03476,80
QQQ,etf,2026-04-23,2027-06-17,680,420,0.226069014837194,0.19699627396127328,0.26781353066863495,0.267512023697148,-0.04174,40,0.351440319292033,0.13283,0.08393,80
QQQ,etf,2026-04-24,2027-06-17,690,419,0.20254134838330862,0.20051495932134597,0.26859772041870217,0.269494623329083,-0.06606,20,0.302388636661171,0.08083,0.03289,81
QQQ,etf,2026-04-24,2027-06-17,690,419,0.20254134838330862,0.20051495932134597,0.26859772041870217,0.269494623329083,-0.06606,40,0.342524749802154,0.07497,0.07303,81
QQQ,etf,2026-04-27,2027-06-17,690,416,0.17796967615480808,0.20001626962770527,0.2709117957104197,0.271888395364588,-0.0709,20,0.309117913199683,0.09944,0.03723,82
QQQ,etf,2026-04-27,2027-06-17,690,416,0.17796967615480808,0.20001626962770527,0.2709117957104197,0.271888395364588,-0.0709,40,0.338245965846595,0.06984,0.06636,82
QQQ,etf,2026-04-28,2027-06-17,685,415,0.1810522030278006,0.1995089188326932,0.27169595043302336,0.272291950873327,-0.07219,20,0.316270544826367,0.10935,0.04398,83
QQQ,etf,2026-04-28,2027-06-17,685,415,0.1810522030278006,0.1995089188326932,0.27169595043302336,0.272291950873327,-0.07219,40,0.336957874892617,0.08947,0.06467,83
QQQ,etf,2026-04-29,2027-06-17,685,414,0.15486835101633817,0.19942010652282666,0.2724155195059616,0.272287095880154,-0.073,20,0.316614751611303,0.1119,0.04433,84
QQQ,etf,2026-04-29,2027-06-17,685,414,0.15486835101633817,0.19942010652282666,0.2724155195059616,0.272287095880154,-0.073,40,0.331767513359679,0.06794,0.05948,84
QQQ,etf,2026-04-30,2027-06-17,695,413,0.1538308708613658,0.19716686913185114,0.2642744251951673,0.264131506202502,-0.06711,20,0.315840555649158,0.10568,0.05171,85
QQQ,etf,2026-04-30,2027-06-17,695,413,0.1538308708613658,0.19716686913185114,0.2642744251951673,0.264131506202502,-0.06711,40,0.330635594787852,0.08437,0.0665,85
QQQ,etf,2026-05-01,2027-06-17,700,412,0.1527150464948473,0.19384705674672306,0.26905085582771077,0.269838312179556,-0.0752,20,0.317348035785783,0.10174,0.04751,86
QQQ,etf,2026-05-01,2027-06-17,700,412,0.1527150464948473,0.19384705674672306,0.26905085582771077,0.269838312179556,-0.0752,40,0.331395448521024,0.09234,0.06156,86
QQQ,etf,2026-05-04,2027-06-17,700,409,0.1559941235147144,0.1910245656555876,0.2694339303326374,0.269512108075983,-0.07841,20,0.324084666910132,0.10891,0.05457,87
QQQ,etf,2026-05-04,2027-06-17,700,409,0.1559941235147144,0.1910245656555876,0.2694339303326374,0.269512108075983,-0.07841,40,0.32920479452284,0.07771,0.05969,87
QQQ,etf,2026-05-05,2027-06-17,710,408,0.15545584275883165,0.18831719510651768,0.2720419132983403,0.272398536646653,-0.08372,20,0.31885849081026,0.09184,0.04646,88
QQQ,etf,2026-05-05,2027-06-17,710,408,0.15545584275883165,0.18831719510651768,0.2720419132983403,0.272398536646653,-0.08372,40,0.316815836443142,0.04547,0.04442,88
QQQ,etf,2026-05-06,2027-06-17,725,407,0.14155673294546425,0.19184133563679634,0.2719174975149469,0.2727352862125,-0.08008,20,0.307743779327526,0.06445,0.03501,89
QQQ,etf,2026-05-07,2027-06-17,725,406,0.14444703767144904,0.19145419331907623,0.2690122785030051,0.268533054689058,-0.07756,20,0.297665157562964,0.04449,0.02913,90
QQQ,etf,2026-05-08,2027-06-17,740,405,0.15458541610330484,0.19624959762748884,0.273420674551133,0.273934901665525,-0.07717,20,0.296615281682658,0.00782,0.02268,91
QQQ,etf,2026-05-11,2027-06-17,745,402,0.15510084963581436,0.19029344654530803,0.27656690766186365,0.27579035044708,-0.08627,20,0.294842206888792,0.01567,0.01905,92
QQQ,etf,2026-05-12,2027-06-17,735,401,0.15917014555211503,0.19171496785834521,0.27733423331297674,0.277953297824327,-0.08562,20,0.302553967742727,-0.00208,0.0246,93
QQQ,etf,2026-05-13,2027-06-17,745,400,0.1573501795172543,0.19221670526717835,0.2796624257699664,0.280407508251799,-0.08745,20,0.298331193079897,-0.01574,0.01792,94
QQQ,etf,2026-05-14,2027-06-17,750,399,0.15738144090208347,0.19218194432322233,0.2799632859728554,0.280641881081503,-0.08778,20,0.299505846075757,0.00215,0.01886,95
QQQ,etf,2026-05-15,2027-06-17,740,398,0.17156029660464392,0.19526392208587934,0.28034965930517336,0.279472706421801,-0.08509,20,0.308919022663553,0.04947,0.02945,96
QQQ,etf,2026-05-18,2027-06-17,735,395,0.1722714134968827,0.19535741398446024,0.27348138128212346,0.273215326381097,-0.07812,20,0.308061822039019,0.03397,0.03485,97
QQQ,etf,2026-05-19,2027-06-17,730,394,0.17396218669548985,0.19380134509241548,0.2765823702839383,0.277127147232297,-0.08278,20,0.314410321427014,0.02991,0.03728,98
QQQ,etf,2026-05-20,2027-06-17,740,393,0.17380877622651092,0.19518156860567903,0.2759192350899882,0.276662938946748,-0.08074,20,0.316319536259565,0.03852,0.03966,99
QQQ,etf,2026-05-21,2027-06-17,745,392,0.1701356599624317,0.19364867788783044,0.27173119399527834,0.271125898107781,-0.07808,20,0.319036392355019,0.03281,0.04791,100
QQQ,etf,2026-05-22,2027-06-17,745,391,0.16150235038357783,0.1912714613846345,0.2750176547478241,0.27594194910167,-0.08375,20,0.314605153512215,-0.00542,0.03866,101
QQQ,etf,2026-05-26,2027-06-17,760,387,0.1680301329923075,0.19325722859486968,0.27807818810989426,0.278156041180409,-0.08482,20,0.307207581602787,-0.02692,0.02905,102
QQQ,etf,2026-05-27,2027-06-17,760,386,0.16035893920672012,0.19341787384712628,0.2798430927781567,0.280045137155284,-0.08643,20,0.304112595806568,-0.01792,0.02407,103
QQQ,etf,2026-05-28,2027-06-17,765,385,0.16073893203806366,0.191557383826266,0.2783849559841702,0.278770024419523,-0.08683,20,0.295572897079835,-0.03953,0.0168,104
QQQ,etf,2026-05-29,2027-06-17,770,384,0.16012868426058618,0.18998168022158848,0.2827362351792711,0.282707707295831,-0.09275,20,0.296007096867247,-0.01927,0.0133,105
QQQ,etf,2026-06-01,2027-06-17,775,381,0.15928810630147922,0.18962651588003174,0.2851091944221227,0.284894829423303,-0.09548,20,0.299493337412207,-0.00854,0.0146,106
QQQ,etf,2026-06-02,2027-06-17,780,380,0.1573051506906785,0.18568947159727292,0.289101569734912,0.289178141405827,-0.10341,20,0.294474927359436,-0.02813,0.0053,107
QQQ,etf,2026-06-03,2027-06-17,775,379,0.15683904959017061,0.18502438756039807,0.2897182389035426,0.290373534740236,-0.10469,20,0.290745028218547,-0.04247,0.00037,108
NVDA,single_name,2025-12-26,2027-01-15,220,385,0.31440664099922194,0.3762303240113742,0.4837607669174937,0.481690425734079,-0.10753,20,0.484459899909122,-0.01055,0.00277,0
NVDA,single_name,2025-12-26,2027-01-15,220,385,0.31440664099922194,0.3762303240113742,0.4837607669174937,0.481690425734079,-0.10753,40,0.490496653889922,0.0264,0.00881,0
NVDA,single_name,2025-12-29,2027-01-15,210,382,0.30973898434944475,0.37666524703793786,0.4837684426981448,0.485101597759855,-0.1071,20,0.492669443973405,0.01753,0.00757,1
NVDA,single_name,2025-12-29,2027-01-15,210,382,0.30973898434944475,0.37666524703793786,0.4837684426981448,0.485101597759855,-0.1071,40,0.489913998001249,-0.01769,0.00481,1
NVDA,single_name,2025-12-30,2027-01-15,210,381,0.3064719884855458,0.37648261371116265,0.4835847290182048,0.484579987683399,-0.1071,20,0.494346471817652,0.0265,0.00977,2
NVDA,single_name,2025-12-30,2027-01-15,210,381,0.3064719884855458,0.37648261371116265,0.4835847290182048,0.484579987683399,-0.1071,40,0.490473519187506,-0.05519,0.00589,2
NVDA,single_name,2025-12-31,2027-01-15,210,380,0.3066187749832146,0.3759501675868683,0.4873432075494576,0.487977171596802,-0.11139,20,0.492443883291416,0.02483,0.00447,3
NVDA,single_name,2025-12-31,2027-01-15,210,380,0.3066187749832146,0.3759501675868683,0.4873432075494576,0.487977171596802,-0.11139,40,0.483805334649229,-0.02155,-0.00417,3
NVDA,single_name,2026-01-02,2027-01-15,210,378,0.30576613414276493,0.37676180349514704,0.4866625926288483,0.488227122814652,-0.1099,20,0.491104133228203,-0.01716,0.00288,4
NVDA,single_name,2026-01-02,2027-01-15,210,378,0.30576613414276493,0.37676180349514704,0.4866625926288483,0.488227122814652,-0.1099,40,0.482938651122845,-0.0466,-0.00529,4
NVDA,single_name,2026-01-05,2027-01-15,210,375,0.2985827447174224,0.37419156119770386,0.4894250596374843,0.490608483454199,-0.11523,20,0.494847211725621,-0.04136,0.00424,5
NVDA,single_name,2026-01-05,2027-01-15,210,375,0.2985827447174224,0.37419156119770386,0.4894250596374843,0.490608483454199,-0.11523,40,0.48163490781026,-0.027,-0.00897,5
NVDA,single_name,2026-01-06,2027-01-15,210,374,0.2984109948695815,0.37236412948284286,0.4862143808759855,0.486968020399482,-0.11385,20,0.494085577697053,-0.0697,0.00712,6
NVDA,single_name,2026-01-06,2027-01-15,210,374,0.2984109948695815,0.37236412948284286,0.4862143808759855,0.486968020399482,-0.11385,40,0.480307007850447,-0.02083,-0.00666,6
NVDA,single_name,2026-01-07,2027-01-15,210,373,0.29446362627532124,0.3582451940682503,0.4839677451541661,0.485386362251378,-0.12572,20,0.496702997295223,-0.09111,0.01132,7
NVDA,single_name,2026-01-07,2027-01-15,210,373,0.29446362627532124,0.3582451940682503,0.4839677451541661,0.485386362251378,-0.12572,40,0.490281435070319,-0.0597,0.0049,7
NVDA,single_name,2026-01-08,2027-01-15,210,372,0.30511718151265976,0.3565324684990645,0.48478865061872695,0.484215055507711,-0.12826,20,0.500891500424432,0.002,0.01668,8
NVDA,single_name,2026-01-08,2027-01-15,210,372,0.30511718151265976,0.3565324684990645,0.48478865061872695,0.484215055507711,-0.12826,40,0.470723774465836,-0.01292,-0.01349,8
NVDA,single_name,2026-01-09,2027-01-15,210,371,0.30419381104160376,0.3441438868256084,0.4798840143189558,0.478659860231128,-0.13574,20,0.50089980566625,0.02802,0.02224,9
NVDA,single_name,2026-01-09,2027-01-15,210,371,0.30419381104160376,0.3441438868256084,0.4798840143189558,0.478659860231128,-0.13574,40,0.472443093432616,-0.00049,-0.00622,9
NVDA,single_name,2026-01-12,2027-01-15,210,368,0.29832975940060924,0.34412867767224936,0.4775794671333331,0.476265209455054,-0.13345,20,0.494123611943477,0.01947,0.01786,10
NVDA,single_name,2026-01-12,2027-01-15,210,368,0.29832975940060924,0.34412867767224936,0.4775794671333331,0.476265209455054,-0.13345,40,0.471976227685848,0.00589,-0.00429,10
NVDA,single_name,2026-01-13,2027-01-15,210,367,0.2694625806245646,0.34355298140676294,0.47875997709576545,0.477944174304355,-0.13521,20,0.499845351378556,0.02282,0.0219,11
NVDA,single_name,2026-01-13,2027-01-15,210,367,0.2694625806245646,0.34355298140676294,0.47875997709576545,0.477944174304355,-0.13521,40,0.478097359592181,-0.01437,0.00015,11
NVDA,single_name,2026-01-14,2027-01-15,210,366,0.2758713143296466,0.34453186651639456,0.48019594038786884,0.477973288260446,-0.13566,20,0.50288143364789,0.02075,0.02491,12
NVDA,single_name,2026-01-14,2027-01-15,210,366,0.2758713143296466,0.34453186651639456,0.48019594038786884,0.477973288260446,-0.13566,40,0.47502629337424,-0.01578,-0.00295,12
NVDA,single_name,2026-01-15,2027-01-15,210,365,0.2835238277735184,0.3471669011659754,0.4831159315168145,0.483200891528918,-0.13595,20,0.498303895540938,-0.02267,0.0151,13
NVDA,single_name,2026-01-15,2027-01-15,210,365,0.2835238277735184,0.3471669011659754,0.4831159315168145,0.483200891528918,-0.13595,40,0.469301106878929,-0.02048,-0.0139,13
NVDA,single_name,2026-01-16,2027-06-17,220,517,0.23967543896490795,0.34685852436957865,0.49203164922740783,0.492431973459728,-0.14517,20,0.509629917311714,-0.00677,0.0172,14
NVDA,single_name,2026-01-16,2027-06-17,220,517,0.23967543896490795,0.34685852436957865,0.49203164922740783,0.492431973459728,-0.14517,40,0.481825342846674,-0.02309,-0.01061,14
NVDA,single_name,2026-01-20,2027-06-17,210,513,0.28990563317837204,0.35892562272795164,0.5025340774933312,0.503566462550755,-0.14361,20,0.515593784709963,0.05565,0.01203,15
NVDA,single_name,2026-01-20,2027-06-17,210,513,0.28990563317837204,0.35892562272795164,0.5025340774933312,0.503566462550755,-0.14361,40,0.484105717521349,0.01308,-0.01946,15
NVDA,single_name,2026-01-21,2027-06-17,220,512,0.275175472304392,0.3632932219898904,0.49709727427038863,0.496415251069342,-0.1338,20,0.509805446084698,0.02498,0.01339,16
NVDA,single_name,2026-01-21,2027-06-17,220,512,0.275175472304392,0.3632932219898904,0.49709727427038863,0.496415251069342,-0.1338,40,0.477433639648122,-0.02597,-0.01898,16
NVDA,single_name,2026-01-22,2027-06-17,220,511,0.2716621626278839,0.3607711735500877,0.49862285751787677,0.498557726520282,-0.13785,20,0.515935488392414,0.02694,0.01738,17
NVDA,single_name,2026-01-22,2027-06-17,220,511,0.2716621626278839,0.3607711735500877,0.49862285751787677,0.498557726520282,-0.13785,40,0.480097392741174,-0.06568,-0.01846,17
NVDA,single_name,2026-01-23,2027-06-17,220,510,0.25537635604582143,0.35754978884792715,0.5011817979704521,0.502539166582791,-0.14363,20,0.515872753791077,0.02067,0.01333,18
NVDA,single_name,2026-01-23,2027-06-17,220,510,0.25537635604582143,0.35754978884792715,0.5011817979704521,0.502539166582791,-0.14363,40,0.473129119354483,-0.0641,-0.02941,18
NVDA,single_name,2026-01-26,2027-06-17,220,507,0.2560995735145828,0.3428527998398591,0.5009850834603322,0.501666142034642,-0.15813,20,0.512813854656641,0.03421,0.01115,19
NVDA,single_name,2026-01-26,2027-06-17,220,507,0.2560995735145828,0.3428527998398591,0.5009850834603322,0.501666142034642,-0.15813,40,0.474319520751224,-0.06044,-0.02735,19
NVDA,single_name,2026-01-27,2027-06-17,220,506,0.2565614089450171,0.3378306492688388,0.5008914325057183,0.502438120037911,-0.16306,20,0.508026407969608,0.03734,0.00559,20
NVDA,single_name,2026-01-27,2027-06-17,220,506,0.2565614089450171,0.3378306492688388,0.5008914325057183,0.502438120037911,-0.16306,40,0.469578952692357,-0.0522,-0.03286,20
NVDA,single_name,2026-01-28,2027-06-17,230,505,0.2589026123713223,0.33738912622133094,0.5008910385748976,0.50023359207086,-0.1635,20,0.501331849697101,-0.03462,0.0011,21
NVDA,single_name,2026-01-28,2027-06-17,230,505,0.2589026123713223,0.33738912622133094,0.5008910385748976,0.50023359207086,-0.1635,40,0.473807284277039,-0.10589,-0.02643,21
NVDA,single_name,2026-01-29,2027-06-17,230,504,0.2587586498830946,0.337614052512929,0.5014093201423101,0.501072488926325,-0.1638,20,0.502358496749658,-0.07958,0.00129,22
NVDA,single_name,2026-01-29,2027-06-17,230,504,0.2587586498830946,0.337614052512929,0.5014093201423101,0.501072488926325,-0.1638,40,0.476535034256107,-0.12981,-0.02454,22
NVDA,single_name,2026-01-30,2027-06-17,230,503,0.2593978693794866,0.33462652547989447,0.5018615733513131,0.500813461547923,-0.16724,20,0.497250493334359,-0.04526,-0.00356,23
NVDA,single_name,2026-01-30,2027-06-17,230,503,0.2593978693794866,0.33462652547989447,0.5018615733513131,0.500813461547923,-0.16724,40,0.473041025000379,-0.13582,-0.02777,23
NVDA,single_name,2026-02-02,2027-06-17,220,500,0.2771261341596712,0.32983417285165656,0.5029254444348814,0.50319032761378,-0.17309,20,0.498477622470244,-0.02996,-0.00471,24
NVDA,single_name,2026-02-02,2027-06-17,220,500,0.2771261341596712,0.32983417285165656,0.5029254444348814,0.50319032761378,-0.17309,40,0.467510976555882,-0.0604,-0.03568,24
NVDA,single_name,2026-02-03,2027-06-17,220,499,0.2943117344271335,0.3329922651037313,0.5071342601414169,0.505057081304968,-0.17414,20,0.498659135926787,0.01497,-0.0064,25
NVDA,single_name,2026-02-03,2027-06-17,220,499,0.2943117344271335,0.3329922651037313,0.5071342601414169,0.505057081304968,-0.17414,40,0.467486613454,-0.02545,-0.03757,25
NVDA,single_name,2026-02-04,2027-03-19,200,408,0.31625488111684946,0.331874193896224,0.5052551823004865,0.505737634641578,-0.17338,20,0.498939296430999,0.05253,-0.0068,26
NVDA,single_name,2026-02-04,2027-03-19,200,408,0.31625488111684946,0.331874193896224,0.5052551823004865,0.505737634641578,-0.17338,40,0.462293970883063,0.01837,-0.04344,26
NVDA,single_name,2026-02-05,2027-03-19,200,407,0.31381539043215684,0.33277294135401425,0.5066384785794882,0.505879106674393,-0.17387,20,0.507546179991495,0.03456,0.00167,27
NVDA,single_name,2026-02-05,2027-03-19,200,407,0.31381539043215684,0.33277294135401425,0.5066384785794882,0.505879106674393,-0.17387,40,0.459916438935568,0.03351,-0.04596,27
NVDA,single_name,2026-02-06,2027-03-19,210,406,0.41761534208169476,0.3491967452230789,0.5027386582329793,0.506296088974312,-0.08512,20,0.483443180570348,-0.01489,-0.02285,28
NVDA,single_name,2026-02-06,2027-03-19,210,406,0.41761534208169476,0.3491967452230789,0.5027386582329793,0.506296088974312,-0.08512,40,0.454862844155887,-0.03943,-0.05143,28
NVDA,single_name,2026-02-09,2027-03-19,220,403,0.4265618067657543,0.34788363795766947,0.5016907360636094,0.500957987318923,-0.07513,20,0.479397418749421,-0.02773,-0.02156,29
NVDA,single_name,2026-02-09,2027-03-19,220,403,0.4265618067657543,0.34788363795766947,0.5016907360636094,0.500957987318923,-0.07513,40,0.440069936069893,-0.04189,-0.06089,29
NVDA,single_name,2026-02-10,2027-03-19,220,402,0.4278380154753554,0.34815152165068397,0.4979780853970578,0.496170737358927,-0.07014,20,0.47974793121152,-0.01331,-0.01642,30
NVDA,single_name,2026-02-10,2027-03-19,220,402,0.4278380154753554,0.34815152165068397,0.4979780853970578,0.496170737358927,-0.07014,40,0.44091266628436,-0.02456,-0.05526,30
NVDA,single_name,2026-02-11,2027-03-19,220,401,0.4283761021044361,0.3403450587662738,0.5024059909075556,0.501793940830929,-0.07403,20,0.484701172188202,-0.03636,-0.01709,31
NVDA,single_name,2026-02-11,2027-03-19,220,401,0.4283761021044361,0.3403450587662738,0.5024059909075556,0.501793940830929,-0.07403,40,0.450363368864109,-0.00747,-0.05143,31
NVDA,single_name,2026-02-12,2027-03-19,220,400,0.4294137380082104,0.3401178889545402,0.5068709185144662,0.504673140628254,-0.07746,20,0.480936601501269,-0.03579,-0.02374,32
NVDA,single_name,2026-02-12,2027-03-19,220,400,0.4294137380082104,0.3401178889545402,0.5068709185144662,0.504673140628254,-0.07746,40,0.451300672547107,0.01268,-0.05337,32
NVDA,single_name,2026-02-13,2027-03-19,210,399,0.4301485892709122,0.34098215596119236,0.5048163854248495,0.504865250956337,-0.07467,20,0.482000655832367,0.00224,-0.02286,33
NVDA,single_name,2026-02-13,2027-03-19,210,399,0.4301485892709122,0.34098215596119236,0.5048163854248495,0.504865250956337,-0.07467,40,0.455372069335862,0.07494,-0.04949,33
NVDA,single_name,2026-02-17,2027-03-19,210,395,0.43234228699164684,0.3367421372225079,0.5046357686379949,0.505532275742123,-0.07229,20,0.474162578506689,-0.01644,-0.03137,34
NVDA,single_name,2026-02-17,2027-03-19,210,395,0.43234228699164684,0.3367421372225079,0.5046357686379949,0.505532275742123,-0.07229,40,0.460443885660631,0.07515,-0.04509,34
NVDA,single_name,2026-02-18,2027-03-19,220,394,0.40228673756016237,0.3334214306431533,0.5052528773442545,0.503323983741537,-0.10297,20,0.465028286756088,-0.04032,-0.0383,35
NVDA,single_name,2026-02-18,2027-03-19,220,394,0.40228673756016237,0.3334214306431533,0.5052528773442545,0.503323983741537,-0.10297,40,0.454882835850115,0.05517,-0.04844,35
NVDA,single_name,2026-02-19,2027-03-19,220,393,0.39010321645036083,0.3266219150791108,0.5044147420492755,0.502469488580742,-0.11431,20,0.465428036176665,-0.04971,-0.03704,36
NVDA,single_name,2026-02-19,2027-03-19,220,393,0.39010321645036083,0.3266219150791108,0.5044147420492755,0.502469488580742,-0.11431,40,0.453598039415281,0.07334,-0.04887,36
NVDA,single_name,2026-02-20,2027-03-19,220,392,0.39061759231991083,0.32645606792059,0.5089516098355475,0.508009986681692,-0.11833,20,0.467127829336069,-0.09019,-0.04088,37
NVDA,single_name,2026-02-20,2027-03-19,220,392,0.39061759231991083,0.32645606792059,0.5089516098355475,0.508009986681692,-0.11833,40,0.455047616239822,0.06448,-0.05296,37
NVDA,single_name,2026-02-23,2027-03-19,220,389,0.38833326800723333,0.3244217172765675,0.5096504584901805,0.50951158316357,-0.12132,20,0.458419487188867,-0.08306,-0.05109,38
NVDA,single_name,2026-02-23,2027-03-19,220,389,0.38833326800723333,0.3244217172765675,0.5096504584901805,0.50951158316357,-0.12132,40,0.453655541973244,0.04349,-0.05586,38
NVDA,single_name,2026-02-24,2027-03-19,220,388,0.3878026362562464,0.3196832955543015,0.504182312225401,0.504525020053282,-0.11638,20,0.459342176296448,-0.09152,-0.04518,39
NVDA,single_name,2026-02-24,2027-03-19,220,388,0.3878026362562464,0.3196832955543015,0.504182312225401,0.504525020053282,-0.11638,40,0.455869143808342,0.05004,-0.04866,39
NVDA,single_name,2026-02-25,2027-03-19,220,387,0.38890513930971343,0.31973747593095964,0.4970941468780494,0.498469574179834,-0.10819,20,0.455418596693914,-0.08632,-0.04305,40
NVDA,single_name,2026-02-25,2027-03-19,220,387,0.38890513930971343,0.31973747593095964,0.4970941468780494,0.498469574179834,-0.10819,40,0.453217639741731,0.02086,-0.04525,40
NVDA,single_name,2026-02-26,2027-03-19,210,386,0.4356151734138768,0.3385140277781009,0.5000820610506563,0.500547538563204,-0.06447,20,0.468040110256075,-0.07383,-0.03251,41
NVDA,single_name,2026-02-26,2027-03-19,210,386,0.4356151734138768,0.3385140277781009,0.5000820610506563,0.500547538563204,-0.06447,40,0.473463877117863,0.12645,-0.02708,41
NVDA,single_name,2026-02-27,2027-03-19,200,385,0.457898233043123,0.34827539864598056,0.5047458196975897,0.505898462039472,-0.04685,20,0.476351252485244,-0.05457,-0.02955,42
NVDA,single_name,2026-02-27,2027-03-19,200,385,0.457898233043123,0.34827539864598056,0.5047458196975897,0.505898462039472,-0.04685,40,0.492015394434194,0.22247,-0.01388,42
NVDA,single_name,2026-03-02,2027-03-19,210,382,0.4728640041404174,0.35312357013167583,0.496380665425102,0.494925736102604,-0.02352,20,0.466508496925464,-0.09486,-0.02842,43
NVDA,single_name,2026-03-02,2027-03-19,210,382,0.4728640041404174,0.35312357013167583,0.496380665425102,0.494925736102604,-0.02352,40,0.481291151011273,0.16818,-0.01363,43
NVDA,single_name,2026-03-03,2027-03-19,200,381,0.46411421352264,0.35356375753565505,0.4965243626604176,0.499290069757836,-0.03241,20,0.46196440205071,-0.03138,-0.03733,44
NVDA,single_name,2026-03-03,2027-03-19,200,381,0.46411421352264,0.35356375753565505,0.4965243626604176,0.499290069757836,-0.03241,40,0.484361306397136,0.16218,-0.01493,44
NVDA,single_name,2026-03-04,2027-03-19,210,380,0.45657739688389243,0.3525667701546912,0.4951264072636758,0.493978186421483,-0.03855,20,0.457833034295111,-0.03983,-0.03615,45
NVDA,single_name,2026-03-04,2027-03-19,210,380,0.45657739688389243,0.3525667701546912,0.4951264072636758,0.493978186421483,-0.03855,40,0.475197251792855,0.09031,-0.01878,45
NVDA,single_name,2026-03-05,2027-03-19,210,379,0.43696596560607415,0.35241033699036745,0.49396767564126337,0.492751961265245,-0.057,20,0.45673926578284,-0.03245,-0.03601,46
NVDA,single_name,2026-03-05,2027-03-19,210,379,0.43696596560607415,0.35241033699036745,0.49396767564126337,0.492751961265245,-0.057,40,0.467584872432479,0.08242,-0.02517,46
NVDA,single_name,2026-03-06,2027-03-19,200,378,0.44938098085861383,0.35610878761605164,0.5053516037982045,0.507546179991495,-0.05597,20,0.459916438935568,-0.00101,-0.04763,47
NVDA,single_name,2026-03-06,2027-03-19,200,378,0.44938098085861383,0.35610878761605164,0.5053516037982045,0.507546179991495,-0.05597,40,0.467855523814776,0.11618,-0.03969,47
NVDA,single_name,2026-03-09,2027-03-19,210,375,0.3686930651191272,0.360495337203557,0.485812154278788,0.483443180570348,-0.11712,20,0.454862844155887,-0.02491,-0.02858,48
NVDA,single_name,2026-03-09,2027-03-19,210,375,0.3686930651191272,0.360495337203557,0.485812154278788,0.483443180570348,-0.11712,40,0.461979294944257,0.07583,-0.02146,48
NVDA,single_name,2026-03-10,2027-06-17,220,464,0.3595229557303087,0.36104993245627176,0.49284405748920374,0.490525183977234,-0.13179,20,0.45548344882673,-0.01456,-0.03504,49
NVDA,single_name,2026-03-10,2027-06-17,220,464,0.3595229557303087,0.36104993245627176,0.49284405748920374,0.490525183977234,-0.13179,40,0.483118926816285,0.1248,-0.00741,49
NVDA,single_name,2026-03-11,2027-06-17,220,463,0.3597802724040753,0.35980279313907243,0.49284819154553,0.491268515742487,-0.13305,20,0.455985292155934,-0.0114,-0.03528,50
NVDA,single_name,2026-03-11,2027-06-17,220,463,0.3597802724040753,0.35980279313907243,0.49284819154553,0.491268515742487,-0.13305,40,0.487116272871505,0.13691,-0.00415,50
NVDA,single_name,2026-03-12,2027-06-17,210,462,0.3620203356233117,0.35454619529026743,0.49922622877922607,0.501555754629404,-0.13721,20,0.46794069898902,0.02998,-0.03362,51
NVDA,single_name,2026-03-12,2027-06-17,210,462,0.3620203356233117,0.35454619529026743,0.49922622877922607,0.501555754629404,-0.13721,40,0.494320958390846,0.17506,-0.00723,51
NVDA,single_name,2026-03-13,2027-06-17,210,461,0.36170790010444076,0.35590959223127117,0.4976046171005018,0.498096725268009,-0.1359,20,0.467481575434104,0.05026,-0.03062,52
NVDA,single_name,2026-03-13,2027-06-17,210,461,0.36170790010444076,0.35590959223127117,0.4976046171005018,0.498096725268009,-0.1359,40,0.497972293383203,0.21742,-0.00012,52
NVDA,single_name,2026-03-16,2027-06-17,215,458,0.35865431824592037,0.3570751307277318,0.4924105900103639,0.491667120539028,-0.13376,20,0.465668733138641,0.07254,-0.026,53
NVDA,single_name,2026-03-16,2027-06-17,215,458,0.35865431824592037,0.3570751307277318,0.4924105900103639,0.491667120539028,-0.13376,40,0.497340745484833,0.205,0.00567,53
NVDA,single_name,2026-03-17,2027-06-17,210,457,0.3567720286413065,0.3479131151807921,0.48606027208171554,0.486566865270464,-0.12929,20,0.473124881427125,0.09311,-0.01344,54
NVDA,single_name,2026-03-17,2027-06-17,210,457,0.3567720286413065,0.3479131151807921,0.48606027208171554,0.486566865270464,-0.12929,40,0.507591497061587,0.2413,0.02102,54
NVDA,single_name,2026-03-18,2027-06-17,210,456,0.3519020962149587,0.3465061629425707,0.48464546203219266,0.484105717521349,-0.13274,20,0.473324480805025,0.0995,-0.01078,55
NVDA,single_name,2026-03-18,2027-06-17,210,456,0.3519020962149587,0.3465061629425707,0.48464546203219266,0.484105717521349,-0.13274,40,0.525291837633373,0.30676,0.04119,55
NVDA,single_name,2026-03-19,2027-06-17,205,455,0.35302439304076255,0.3379839989112335,0.4839646004459499,0.484889996325534,-0.13094,20,0.476164881065697,0.12948,-0.00873,56
NVDA,single_name,2026-03-19,2027-06-17,205,455,0.35302439304076255,0.3379839989112335,0.4839646004459499,0.484889996325534,-0.13094,40,0.524457918144562,0.26187,0.03957,56
NVDA,single_name,2026-03-20,2027-06-17,200,454,0.36581785930897454,0.34321209315195295,0.4896578556242146,0.490003781128245,-0.12384,20,0.479337844567539,0.17001,-0.01067,57
NVDA,single_name,2026-03-20,2027-06-17,200,454,0.36581785930897454,0.34321209315195295,0.4896578556242146,0.490003781128245,-0.12384,40,0.515673639130744,0.28732,0.02567,57
NVDA,single_name,2026-03-23,2027-06-17,205,451,0.3707407626700494,0.33932880439156216,0.48102708318243165,0.479843433358059,-0.11029,20,0.476496006804354,0.13801,-0.00335,58
NVDA,single_name,2026-03-23,2027-06-17,205,451,0.3707407626700494,0.33932880439156216,0.48102708318243165,0.479843433358059,-0.11029,40,0.50744287466347,0.25604,0.0276,58
NVDA,single_name,2026-03-24,2027-06-17,200,450,0.3685132315349045,0.33931529169667096,0.48223631527454586,0.483269077594746,-0.11372,20,0.480105154039843,0.15582,-0.00316,59
NVDA,single_name,2026-03-24,2027-06-17,200,450,0.3685132315349045,0.33931529169667096,0.48223631527454586,0.483269077594746,-0.11372,40,0.509662970105234,0.27551,0.02639,59
NVDA,single_name,2026-03-25,2027-06-17,205,449,0.3729018293129985,0.34123700600275253,0.4764967962538168,0.476744208830381,-0.10359,20,0.472839565938421,0.1173,-0.0039,60
NVDA,single_name,2026-03-25,2027-06-17,205,449,0.3729018293129985,0.34123700600275253,0.4764967962538168,0.476744208830381,-0.10359,40,0.490340055400588,0.22851,0.0136,60
NVDA,single_name,2026-03-26,2027-06-17,200,448,0.350426426408678,0.35098467147885626,0.48714092022375516,0.485974063993905,-0.13616,20,0.489774239443855,0.21625,0.0038,61
NVDA,single_name,2026-03-26,2027-06-17,200,448,0.350426426408678,0.35098467147885626,0.48714092022375516,0.485974063993905,-0.13616,40,0.494188852198379,0.25747,0.00821,61
NVDA,single_name,2026-03-27,2027-06-17,195,447,0.32712218120087455,0.35344558365253653,0.4907455957628647,0.490481834859035,-0.1373,20,0.503433797008805,0.29304,0.01295,62
NVDA,single_name,2026-03-27,2027-06-17,195,447,0.32712218120087455,0.35344558365253653,0.4907455957628647,0.490481834859035,-0.1373,40,0.492646849533286,0.28259,0.00217,62
NVDA,single_name,2026-03-30,2027-06-17,190,444,0.30607059544167575,0.35426156987921487,0.48735310406574306,0.487709271657703,-0.13309,20,0.504030121418156,0.29061,0.01632,63
NVDA,single_name,2026-03-30,2027-06-17,190,444,0.30607059544167575,0.35426156987921487,0.48735310406574306,0.487709271657703,-0.13309,40,0.495422439083492,0.28716,0.00771,63
NVDA,single_name,2026-03-31,2027-06-17,200,443,0.36935742730185606,0.37156365784328116,0.4753336973908522,0.475361753854335,-0.10377,20,0.49285182857002,0.19983,0.01749,64
NVDA,single_name,2026-03-31,2027-06-17,200,443,0.36935742730185606,0.37156365784328116,0.4753336973908522,0.475361753854335,-0.10377,40,0.488418890646455,0.2285,0.01306,64
NVDA,single_name,2026-04-01,2027-06-17,200,442,0.3649581227317992,0.37198276574548483,0.4762649849241914,0.477237934499736,-0.10428,20,0.493947684650007,0.13553,0.01671,65
NVDA,single_name,2026-04-01,2027-06-17,200,442,0.3649581227317992,0.37198276574548483,0.4762649849241914,0.477237934499736,-0.10428,40,0.505344008429956,0.20137,0.02811,65
NVDA,single_name,2026-04-02,2027-06-17,205,441,0.3669831824794368,0.37251469104368656,0.4737632609371792,0.472732276820956,-0.10125,20,0.481854912505581,0.11872,0.00912,66
NVDA,single_name,2026-04-02,2027-06-17,205,441,0.3669831824794368,0.37251469104368656,0.4737632609371792,0.472732276820956,-0.10125,40,0.502551658494258,0.26478,0.02982,66
NVDA,single_name,2026-04-06,2027-06-17,205,437,0.3507547557362859,0.3718642976399894,0.4704583939849985,0.468756066334096,-0.09859,20,0.47682765437429,0.11732,0.00807,67
NVDA,single_name,2026-04-06,2027-06-17,205,437,0.3507547557362859,0.3718642976399894,0.4704583939849985,0.468756066334096,-0.09859,40,0.504348378578994,0.25433,0.03559,67
NVDA,single_name,2026-04-07,2027-06-17,205,436,0.3364077442451171,0.36941099505937286,0.47143194668283034,0.470417583349792,-0.10202,20,0.477382342058716,0.10331,0.00696,68
NVDA,single_name,2026-04-07,2027-06-17,205,436,0.3364077442451171,0.36941099505937286,0.47143194668283034,0.470417583349792,-0.10202,40,0.503494767758241,0.20578,0.03308,68
NVDA,single_name,2026-04-08,2027-06-17,205,435,0.34374654434463897,0.37233639182284445,0.4616011496448445,0.462401386294421,-0.08926,20,0.489738092971668,0.14142,0.02734,69
NVDA,single_name,2026-04-08,2027-06-17,205,435,0.34374654434463897,0.37233639182284445,0.4616011496448445,0.462401386294421,-0.08926,40,0.504955071174873,0.2009,0.04255,69
NVDA,single_name,2026-04-09,2027-06-17,210,434,0.3448637727567494,0.372927422378841,0.4613413417472638,0.46072727036494,-0.08841,20,0.493445406246595,0.15002,0.03272,70
NVDA,single_name,2026-04-09,2027-06-17,210,434,0.3448637727567494,0.372927422378841,0.4613413417472638,0.46072727036494,-0.08841,40,0.505149629997386,0.15986,0.04442,70
NVDA,single_name,2026-04-10,2027-06-17,215,433,0.351717659318562,0.37644341909048606,0.46565499922226755,0.465413691990869,-0.08921,20,0.490917123913073,0.14086,0.0255,71
NVDA,single_name,2026-04-10,2027-06-17,215,433,0.351717659318562,0.37644341909048606,0.46565499922226755,0.465413691990869,-0.08921,40,0.498855741225283,0.10836,0.03344,71
NVDA,single_name,2026-04-13,2027-06-17,215,430,0.3456950202248194,0.3752441594083971,0.46586294581346727,0.465881691524819,-0.09062,20,0.494535855408455,0.15916,0.02865,72
NVDA,single_name,2026-04-13,2027-06-17,215,430,0.3456950202248194,0.3752441594083971,0.46586294581346727,0.465881691524819,-0.09062,40,0.495537394525303,0.11098,0.02966,72
NVDA,single_name,2026-04-14,2027-06-17,225,429,0.364397752035715,0.38047097689379994,0.46169079568885624,0.460718551700457,-0.08122,20,0.491166857539263,0.12351,0.03045,73
NVDA,single_name,2026-04-14,2027-06-17,225,429,0.364397752035715,0.38047097689379994,0.46169079568885624,0.460718551700457,-0.08122,40,0.494886866041854,0.05058,0.03417,73
NVDA,single_name,2026-04-15,2027-06-17,225,428,0.3633308758852768,0.3809865201147226,0.4649582473364563,0.465292026398329,-0.08397,20,0.498095147472112,0.13557,0.0328,74
NVDA,single_name,2026-04-15,2027-06-17,225,428,0.3633308758852768,0.3809865201147226,0.4649582473364563,0.465292026398329,-0.08397,40,0.492338211058757,0.01891,0.02705,74
NVDA,single_name,2026-04-16,2027-06-17,225,427,0.3611698423757528,0.36889597664558577,0.464844441339802,0.464915761554579,-0.09595,20,0.515516298285543,0.18851,0.0506,75
NVDA,single_name,2026-04-16,2027-06-17,225,427,0.3611698423757528,0.36889597664558577,0.464844441339802,0.464915761554579,-0.09595,40,0.484813131913732,0.03448,0.0199,75
NVDA,single_name,2026-04-17,2027-06-17,230,426,0.35897327631857956,0.36584377767834275,0.46250461888821937,0.461887349625249,-0.09666,20,0.508621759562479,0.11722,0.04673,76
NVDA,single_name,2026-04-17,2027-06-17,230,426,0.35897327631857956,0.36584377767834275,0.46250461888821937,0.461887349625249,-0.09666,40,0.480619281438894,0.0534,0.01873,76
NVDA,single_name,2026-04-20,2027-06-17,230,423,0.3280608995559859,0.36558079580794334,0.4622872050056196,0.461673734070233,-0.09671,20,0.499265451082676,0.10027,0.03759,77
NVDA,single_name,2026-04-20,2027-06-17,230,423,0.3280608995559859,0.36558079580794334,0.4622872050056196,0.461673734070233,-0.09671,40,0.477711396617319,0.02648,0.01604,77
NVDA,single_name,2026-04-21,2027-06-17,225,422,0.3326703524901272,0.3653050483557542,0.4632439308723257,0.46393155832475,-0.09794,20,0.498662269014905,0.10371,0.03473,78
NVDA,single_name,2026-04-21,2027-06-17,225,422,0.3326703524901272,0.3653050483557542,0.4632439308723257,0.46393155832475,-0.09794,40,0.481551527746487,0.02386,0.01762,78
NVDA,single_name,2026-04-22,2027-06-17,230,421,0.33168119833274035,0.3657800566247135,0.4626782659730403,0.462356061238528,-0.0969,20,0.489365696603707,0.10356,0.02701,79
NVDA,single_name,2026-04-22,2027-06-17,230,421,0.33168119833274035,0.3657800566247135,0.4626782659730403,0.462356061238528,-0.0969,40,0.485274693238355,0.04044,0.02292,79
NVDA,single_name,2026-04-23,2027-06-17,225,420,0.33661991619184384,0.3666046253057422,0.46143516449620026,0.46157561189047,-0.09483,20,0.478646709204751,0.09953,0.01707,80
NVDA,single_name,2026-04-23,2027-06-17,225,420,0.33661991619184384,0.3666046253057422,0.46143516449620026,0.46157561189047,-0.09483,40,0.477662192275899,0.04513,0.01609,80
NVDA,single_name,2026-04-24,2027-06-17,235,419,0.309545881032554,0.37512286126716654,0.4685460644032366,0.469189776371207,-0.09342,20,0.476359092427244,0.0339,0.00717,81
NVDA,single_name,2026-04-24,2027-06-17,235,419,0.309545881032554,0.37512286126716654,0.4685460644032366,0.469189776371207,-0.09342,40,0.472929276829894,-0.03952,0.00374,81
NVDA,single_name,2026-04-27,2027-06-17,245,416,0.3024625098408819,0.38301190841746746,0.4720953598549654,0.472584388957951,-0.08908,20,0.472022055879575,-0.00808,-0.00056,82
NVDA,single_name,2026-04-27,2027-06-17,245,416,0.3024625098408819,0.38301190841746746,0.4720953598549654,0.472584388957951,-0.08908,40,0.467975853722238,-0.0813,-0.00461,82
NVDA,single_name,2026-04-28,2027-06-17,240,415,0.30475274160269994,0.3843359630915561,0.4723765586536743,0.472995944702006,-0.08804,20,0.473002943238413,-0.00267,1e-05,83
NVDA,single_name,2026-04-28,2027-06-17,240,415,0.30475274160269994,0.3843359630915561,0.4723765586536743,0.472995944702006,-0.08804,40,0.46806740418169,-0.08177,-0.00493,83
NVDA,single_name,2026-04-29,2027-06-17,235,414,0.2817412401382918,0.3812374464336146,0.47147623986701653,0.472248351556795,-0.09024,20,0.475832349447225,0.02389,0.00358,84
NVDA,single_name,2026-04-29,2027-06-17,235,414,0.2817412401382918,0.3812374464336146,0.47147623986701653,0.472248351556795,-0.09024,40,0.46187849550161,-0.0799,-0.01037,84
NVDA,single_name,2026-04-30,2027-06-17,225,413,0.3458906495016135,0.38945176288862265,0.47595443325051656,0.477246182117386,-0.0865,20,0.492013013822852,0.05797,0.01477,85
NVDA,single_name,2026-04-30,2027-06-17,225,413,0.3458906495016135,0.38945176288862265,0.47595443325051656,0.477246182117386,-0.0865,40,0.461416019202114,-0.02305,-0.01583,85
NVDA,single_name,2026-05-01,2027-06-17,225,412,0.34825735307333905,0.3823432642605635,0.4706997935260615,0.470722692659988,-0.08836,20,0.495569166942096,0.13056,0.02485,86
NVDA,single_name,2026-05-01,2027-06-17,225,412,0.34825735307333905,0.3823432642605635,0.4706997935260615,0.470722692659988,-0.08836,40,0.461750384163377,0.00826,-0.00897,86
NVDA,single_name,2026-05-04,2027-06-17,225,409,0.34848700590117854,0.38100081631565774,0.46470137085282864,0.464327491087864,-0.0837,20,0.495400057676963,0.12263,0.03107,87
NVDA,single_name,2026-05-04,2027-06-17,225,409,0.34848700590117854,0.38100081631565774,0.46470137085282864,0.464327491087864,-0.0837,40,0.456799498796886,-0.00453,-0.00753,87
NVDA,single_name,2026-05-05,2027-06-17,220,408,0.35275739281497964,0.3497161462271373,0.46742461384638273,0.468748068544989,-0.11467,20,0.497121701424717,0.09288,0.02837,88
NVDA,single_name,2026-05-05,2027-06-17,220,408,0.35275739281497964,0.3497161462271373,0.46742461384638273,0.468748068544989,-0.11467,40,0.460988837192372,-0.0085,-0.00776,88
NVDA,single_name,2026-05-06,2027-06-17,235,407,0.39299639611954407,0.3644109745197833,0.47603466850403076,0.476321159416368,-0.08304,20,0.492931869247075,0.05211,0.01661,89
NVDA,single_name,2026-05-07,2027-06-17,240,406,0.39475290168745014,0.36532981320387237,0.4788869312735054,0.478956759217439,-0.08413,20,0.496103262399616,0.00856,0.01715,90
NVDA,single_name,2026-05-08,2027-06-17,245,405,0.3908226107679337,0.3664959343183631,0.4759420168351651,0.475764533780944,-0.08512,20,0.488820350979251,-0.02849,0.01306,91
NVDA,single_name,2026-05-11,2027-06-17,250,402,0.39328162012701184,0.3661324598757124,0.4775881223922693,0.476973732755439,-0.08431,20,0.484341266596764,-0.04156,0.00737,92
NVDA,single_name,2026-05-12,2027-06-17,250,401,0.3770334147953276,0.3624545114221517,0.47947779006729313,0.479526025549069,-0.10244,20,0.489048952211942,-0.06491,0.00952,93
NVDA,single_name,2026-05-13,2027-06-17,255,400,0.3812124044912719,0.36423631718881655,0.4832731857552719,0.483590693874876,-0.10206,20,0.484299406819454,-0.10273,0.00071,94
NVDA,single_name,2026-05-14,2027-06-17,270,399,0.4007933088532877,0.3723174881018146,0.49405596266288115,0.49388799951838,-0.09326,20,0.476121579080982,-0.12959,-0.01777,95
NVDA,single_name,2026-05-15,2027-06-17,260,398,0.4423757948397129,0.38555085897229,0.49647350485136993,0.495665137070393,-0.0541,20,0.474874646751579,-0.05712,-0.02079,96
NVDA,single_name,2026-05-18,2027-06-17,255,395,0.44735274495162813,0.38671085688750806,0.4903178609551792,0.4896715214276,-0.04297,20,0.474213817591817,-0.06707,-0.01546,97
NVDA,single_name,2026-05-19,2027-06-17,250,394,0.4460402415997273,0.3870480087591522,0.48714069821427153,0.487382588075139,-0.0411,20,0.476498865614562,-0.07234,-0.01088,98
NVDA,single_name,2026-05-20,2027-06-17,255,393,0.4460063805629889,0.38754835995825815,0.48117031322128395,0.480511591686861,-0.03516,20,0.479281016145913,-0.05719,-0.00123,99
NVDA,single_name,2026-05-21,2027-06-17,245,392,0.44827103752862024,0.3890027559773437,0.47148288602113453,0.471787274003644,-0.02321,20,0.471546544636643,-0.04947,-0.00024,100
NVDA,single_name,2026-05-22,2027-06-17,245,391,0.43281531934920486,0.3724959362408557,0.4742503598010327,0.47372049837937,-0.04144,20,0.47060098566548,-0.07101,-0.00312,101
NVDA,single_name,2026-05-26,2027-06-17,240,387,0.40943780076529435,0.3606289866874212,0.4733383195427593,0.474030134762468,-0.0639,20,0.468905455586004,-0.07382,-0.00512,102
NVDA,single_name,2026-05-27,2027-06-17,240,386,0.40713904793940275,0.35751669868748887,0.47320099552914097,0.473002943238413,-0.06606,20,0.46806740418169,-0.0793,-0.00494,103
NVDA,single_name,2026-05-28,2027-06-17,240,385,0.40202110982026074,0.35610996880245066,0.47422516381967716,0.474576684806074,-0.0722,20,0.462114299809017,-0.10138,-0.01246,104
NVDA,single_name,2026-05-29,2027-06-17,240,384,0.3646444649493778,0.3567490999157836,0.4891234556902113,0.489133391557854,-0.12448,20,0.458430782231214,-0.07658,-0.0307,105
NVDA,single_name,2026-06-01,2027-06-17,255,381,0.4166321597011603,0.3762463172806075,0.4860366519817269,0.48568606206718,-0.0694,20,0.455779077249579,-0.10817,-0.02991,106
NVDA,single_name,2026-06-02,2027-06-17,255,380,0.418717110430363,0.37020469181342935,0.49014612368294586,0.489734756609301,-0.07143,20,0.451189210664534,-0.11328,-0.03855,107
NVDA,single_name,2026-06-03,2027-06-17,245,379,0.4423606468988475,0.37623540088773455,0.49107323017521687,0.490908900826527,-0.04871,20,0.454339227964951,-0.09276,-0.03657,108
AAPL,single_name,2025-12-26,2027-01-15,290,385,0.12524284158267218,0.1786588227290696,0.2896307113359104,0.286274135018104,-0.11097,20,0.286720040870013,-0.05534,0.00045,0
AAPL,single_name,2025-12-26,2027-01-15,290,385,0.12524284158267218,0.1786588227290696,0.2896307113359104,0.286274135018104,-0.11097,40,0.300863652882764,0.00304,0.01459,0
AAPL,single_name,2025-12-29,2027-01-15,290,382,0.12387319966718689,0.17830182769592068,0.28907386881186686,0.285580108758672,-0.11077,20,0.285972020078441,-0.06327,0.00039,1
AAPL,single_name,2025-12-29,2027-01-15,290,382,0.12387319966718689,0.17830182769592068,0.28907386881186686,0.285580108758672,-0.11077,40,0.300044614601655,-0.00296,0.01446,1
AAPL,single_name,2025-12-30,2027-01-15,290,381,0.10842458583134486,0.17837452896348577,0.28903559443506094,0.284797057252855,-0.11066,20,0.289796998183863,-0.0542,0.005,2
AAPL,single_name,2025-12-30,2027-01-15,290,381,0.10842458583134486,0.17837452896348577,0.28903559443506094,0.284797057252855,-0.11066,40,0.299023924317045,-0.03259,0.01423,2
AAPL,single_name,2025-12-31,2027-01-15,280,380,0.09782645824349359,0.1782790491328705,0.2917153399022032,0.295547064272123,-0.11344,20,0.293065672376891,-0.04554,-0.00248,3
AAPL,single_name,2025-12-31,2027-01-15,280,380,0.09782645824349359,0.1782790491328705,0.2917153399022032,0.295547064272123,-0.11344,40,0.307001555149275,-0.02626,0.01145,3
AAPL,single_name,2026-01-02,2027-01-15,280,378,0.09635685970357873,0.17844038484859231,0.29087973977275106,0.293586702690163,-0.11244,20,0.29527079621353,-0.00369,0.00168,4
AAPL,single_name,2026-01-02,2027-01-15,280,378,0.09635685970357873,0.17844038484859231,0.29087973977275106,0.293586702690163,-0.11244,40,0.309336766835778,-0.02679,0.01575,4
AAPL,single_name,2026-01-05,2027-01-15,280,375,0.09884654815117107,0.18065971520439125,0.29333608948305456,0.292585773063713,-0.11268,20,0.301259975727484,0.00831,0.00867,5
AAPL,single_name,2026-01-05,2027-01-15,280,375,0.09884654815117107,0.18065971520439125,0.29333608948305456,0.292585773063713,-0.11268,40,0.30806557288473,-0.01774,0.01548,5
AAPL,single_name,2026-01-06,2027-01-15,270,374,0.11331329156849354,0.18182685241221466,0.29599708651105977,0.299514570521934,-0.11417,20,0.314463533531463,0.05386,0.01495,6
AAPL,single_name,2026-01-06,2027-01-15,270,374,0.11331329156849354,0.18182685241221466,0.29599708651105977,0.299514570521934,-0.11417,40,0.322285986209073,-0.00789,0.02277,6
AAPL,single_name,2026-01-07,2027-01-15,270,373,0.11455446138080923,0.16693734803239502,0.29801756791660255,0.300019474900497,-0.13108,20,0.31933364672314,0.05985,0.01931,7
AAPL,single_name,2026-01-07,2027-01-15,270,373,0.11455446138080923,0.16693734803239502,0.29801756791660255,0.300019474900497,-0.13108,40,0.32365011413248,-0.01102,0.02363,7
AAPL,single_name,2026-01-08,2027-01-15,270,372,0.1146768297030441,0.16637590369554967,0.29939427408311636,0.300436939126744,-0.13302,20,0.315336004397299,0.07366,0.0149,8
AAPL,single_name,2026-01-08,2027-01-15,270,372,0.1146768297030441,0.16637590369554967,0.29939427408311636,0.300436939126744,-0.13302,40,0.321235458060539,0.00324,0.0208,8
AAPL,single_name,2026-01-09,2027-01-15,270,371,0.11098255374580143,0.16637809422910838,0.2973821558102385,0.298356666483686,-0.131,20,0.314300363525781,0.0588,0.01594,9
AAPL,single_name,2026-01-09,2027-01-15,270,371,0.11098255374580143,0.16637809422910838,0.2973821558102385,0.298356666483686,-0.131,40,0.320767234350729,0.00563,0.02241,9
AAPL,single_name,2026-01-12,2027-01-15,270,368,0.11371264527687455,0.16606844666187165,0.2954019233265443,0.297020610844086,-0.12933,20,0.310434127575466,0.0516,0.01341,10
AAPL,single_name,2026-01-12,2027-01-15,270,368,0.11371264527687455,0.16606844666187165,0.2954019233265443,0.297020610844086,-0.12933,40,0.321618295230537,0.00215,0.0246,10
AAPL,single_name,2026-01-13,2027-01-15,270,367,0.11503006313007906,0.16522245846156133,0.2975475141103872,0.299850610412088,-0.13233,20,0.315810158580441,0.05535,0.01596,11
AAPL,single_name,2026-01-13,2027-01-15,270,367,0.11503006313007906,0.16522245846156133,0.2975475141103872,0.299850610412088,-0.13233,40,0.326720321311425,-0.02026,0.02687,11
AAPL,single_name,2026-01-14,2027-01-15,270,366,0.10623975694539765,0.16096745415243408,0.29736830024431415,0.298914066890558,-0.1364,20,0.31301901704045,0.00681,0.0141,12
AAPL,single_name,2026-01-14,2027-01-15,270,366,0.10623975694539765,0.16096745415243408,0.29736830024431415,0.298914066890558,-0.1364,40,0.323377071632223,-0.03785,0.02446,12
AAPL,single_name,2026-01-15,2027-01-15,270,365,0.10581226141483507,0.14057583769265272,0.29775005621095385,0.297635039316843,-0.15717,20,0.30925135382762,-0.00941,0.01162,13
AAPL,single_name,2026-01-15,2027-01-15,270,365,0.10581226141483507,0.14057583769265272,0.29775005621095385,0.297635039316843,-0.15717,40,0.31345986852307,-0.02087,0.01582,13
AAPL,single_name,2026-01-16,2027-06-17,270,517,0.10607826706478064,0.14202324717865417,0.30547187210185656,0.307704003263034,-0.16345,20,0.325000147658033,0.03268,0.0173,14
AAPL,single_name,2026-01-16,2027-06-17,270,517,0.10607826706478064,0.14202324717865417,0.30547187210185656,0.307704003263034,-0.16345,40,0.328036951337398,-0.00509,0.02033,14
AAPL,single_name,2026-01-20,2027-06-17,260,513,0.15414429813821937,0.15550098141145643,0.31410375543485075,0.317815458726449,-0.1586,20,0.334226255587621,0.07154,0.01641,15
AAPL,single_name,2026-01-20,2027-06-17,260,513,0.15414429813821937,0.15550098141145643,0.31410375543485075,0.317815458726449,-0.1586,40,0.341005488722905,0.01313,0.02319,15
AAPL,single_name,2026-01-21,2027-06-17,270,512,0.1528357915764037,0.15543132397074524,0.3119189747183101,0.308069111432785,-0.15649,20,0.324607829136028,0.05221,0.01654,16
AAPL,single_name,2026-01-21,2027-06-17,270,512,0.1528357915764037,0.15543132397074524,0.3119189747183101,0.308069111432785,-0.15649,40,0.334942533811158,0.00529,0.02687,16
AAPL,single_name,2026-01-22,2027-06-17,270,511,0.1540805984825349,0.15318288720093096,0.3094640207509126,0.305806393058178,-0.15538,20,0.323671934641809,0.06535,0.01787,17
AAPL,single_name,2026-01-22,2027-06-17,270,511,0.1540805984825349,0.15318288720093096,0.3094640207509126,0.305806393058178,-0.15538,40,0.336503554510886,-0.00145,0.0307,17
AAPL,single_name,2026-01-23,2027-06-17,270,510,0.1505040577516208,0.14515689116984715,0.31136502138607675,0.308016805745103,-0.16086,20,0.3280810805571,0.07313,0.02006,18
AAPL,single_name,2026-01-23,2027-06-17,270,510,0.1505040577516208,0.14515689116984715,0.31136502138607675,0.308016805745103,-0.16086,40,0.327441968116202,0.01391,0.01943,18
AAPL,single_name,2026-01-26,2027-06-17,270,507,0.19037067181615308,0.15811132402126427,0.30957780834925563,0.31170374876207,-0.11921,20,0.333056002614983,0.0655,0.02135,19
AAPL,single_name,2026-01-26,2027-06-17,270,507,0.19037067181615308,0.15811132402126427,0.30957780834925563,0.31170374876207,-0.11921,40,0.332517782525406,-0.01476,0.02081,19
AAPL,single_name,2026-01-27,2027-06-17,280,506,0.19727045144212574,0.15986801496336953,0.3106055316603329,0.307596726494837,-0.11334,20,0.323395400195927,0.0618,0.0158,20
AAPL,single_name,2026-01-27,2027-06-17,280,506,0.19727045144212574,0.15986801496336953,0.3106055316603329,0.307596726494837,-0.11334,40,0.32530291461342,-0.02188,0.01771,20
AAPL,single_name,2026-01-28,2027-06-17,270,505,0.19717994340257078,0.15971774933227204,0.3109161270838764,0.314284615589562,-0.11374,20,0.332519405961103,0.06438,0.01823,21
AAPL,single_name,2026-01-28,2027-06-17,270,505,0.19717994340257078,0.15971774933227204,0.3109161270838764,0.314284615589562,-0.11374,40,0.338215842666517,-0.01384,0.02393,21
AAPL,single_name,2026-01-29,2027-06-17,280,504,0.2006230510263751,0.16045623382432717,0.3128944802816114,0.310326669401671,-0.11227,20,0.320623467962409,0.02284,0.0103,22
AAPL,single_name,2026-01-29,2027-06-17,280,504,0.2006230510263751,0.16045623382432717,0.3128944802816114,0.310326669401671,-0.11227,40,0.330112236646205,-0.0367,0.01979,22
AAPL,single_name,2026-01-30,2027-06-17,280,503,0.2022055419570575,0.16059661274858378,0.30872142024277555,0.306534692156442,-0.10652,20,0.320688282087118,0.02019,0.01415,23
AAPL,single_name,2026-01-30,2027-06-17,280,503,0.2022055419570575,0.16059661274858378,0.30872142024277555,0.306534692156442,-0.10652,40,0.328731845290184,-0.04952,0.0222,23
AAPL,single_name,2026-02-02,2027-06-17,290,500,0.25134857780087655,0.18051522550198987,0.3040178034234541,0.302246671330184,-0.05267,20,0.314991868796384,-0.02318,0.01275,24
AAPL,single_name,2026-02-02,2027-06-17,290,500,0.25134857780087655,0.18051522550198987,0.3040178034234541,0.302246671330184,-0.05267,40,0.317884490060477,-0.06007,0.01564,24
AAPL,single_name,2026-02-03,2027-06-17,290,499,0.24620308291040136,0.18055809322183092,0.30924962428592384,0.307533066451533,-0.06305,20,0.314007564553774,-0.02583,0.00647,25
AAPL,single_name,2026-02-03,2027-06-17,290,499,0.24620308291040136,0.18055809322183092,0.30924962428592384,0.307533066451533,-0.06305,40,0.317830074536167,-0.0514,0.0103,25
AAPL,single_name,2026-02-04,2027-06-17,300,498,0.25108150384855593,0.18806201820106083,0.30693564203048873,0.303496532533379,-0.05585,20,0.310049748437862,-0.05859,0.00655,26
AAPL,single_name,2026-02-04,2027-06-17,300,498,0.25108150384855593,0.18806201820106083,0.30693564203048873,0.303496532533379,-0.05585,40,0.310297063320582,-0.0744,0.0068,26
AAPL,single_name,2026-02-05,2027-06-17,290,497,0.2487660615359131,0.18782011443472899,0.3103032311097853,0.313839161400421,-0.06154,20,0.318836082571727,-0.06687,0.005,27
AAPL,single_name,2026-02-05,2027-06-17,290,497,0.2487660615359131,0.18782011443472899,0.3103032311097853,0.313839161400421,-0.06154,40,0.318598408159775,-0.0618,0.00476,27
AAPL,single_name,2026-02-06,2027-06-17,300,496,0.2475728249410924,0.18834884388409906,0.3052169439913146,0.302743856299414,-0.05764,20,0.309728835171567,-0.06558,0.00698,28
AAPL,single_name,2026-02-06,2027-06-17,300,496,0.2475728249410924,0.18834884388409906,0.3052169439913146,0.302743856299414,-0.05764,40,0.311332477659734,-0.08852,0.00859,28
AAPL,single_name,2026-02-09,2027-06-17,290,493,0.2541318066290724,0.18515107496148278,0.30769911999392024,0.309651297451934,-0.05357,20,0.316786070475256,-0.05021,0.00713,29
AAPL,single_name,2026-02-09,2027-06-17,290,493,0.2541318066290724,0.18515107496148278,0.30769911999392024,0.309651297451934,-0.05357,40,0.313876367649003,-0.05724,0.00423,29
AAPL,single_name,2026-02-10,2027-06-17,290,492,0.25509295577951696,0.1848017404285167,0.3055985413879776,0.306698886398054,-0.05051,20,0.317850777749197,-0.04703,0.01115,30
AAPL,single_name,2026-02-10,2027-06-17,290,492,0.25509295577951696,0.1848017404285167,0.3055985413879776,0.306698886398054,-0.05051,40,0.311108611723753,-0.04819,0.00441,30
AAPL,single_name,2026-02-11,2027-06-17,290,491,0.2555078130293152,0.1852504706965539,0.30871391989923097,0.311440679801281,-0.05321,20,0.322098273913471,-0.07165,0.01066,31
AAPL,single_name,2026-02-11,2027-06-17,290,491,0.2555078130293152,0.1852504706965539,0.30871391989923097,0.311440679801281,-0.05321,40,0.30702687290006,-0.05452,-0.00441,31
AAPL,single_name,2026-02-12,2027-06-17,280,490,0.31908585811624124,0.21312532493032113,0.3174293772765271,0.317436924453842,0.00166,20,0.327316365185245,-0.04436,0.00988,32
AAPL,single_name,2026-02-12,2027-06-17,280,490,0.31908585811624124,0.21312532493032113,0.3174293772765271,0.317436924453842,0.00166,40,0.31515553648934,-0.00967,-0.00228,32
AAPL,single_name,2026-02-13,2027-06-17,270,489,0.32893087348258965,0.214980451630992,0.31926237474469815,0.322207608429011,0.00967,20,0.328229530690876,-0.01157,0.00602,33
AAPL,single_name,2026-02-13,2027-06-17,270,489,0.32893087348258965,0.214980451630992,0.31926237474469815,0.322207608429011,0.00967,40,0.324067883095385,0.01192,0.00186,33
AAPL,single_name,2026-02-17,2027-06-17,280,485,0.34498847215840217,0.2247159788954585,0.3162654454479682,0.317523879868624,0.02872,20,0.319718179798725,-0.03657,0.00219,34
AAPL,single_name,2026-02-17,2027-06-17,280,485,0.34498847215840217,0.2247159788954585,0.3162654454479682,0.317523879868624,0.02872,40,0.322231365068373,0.00966,0.00471,34
AAPL,single_name,2026-02-18,2027-06-17,280,484,0.3165052353186007,0.224568948498854,0.3156194535907786,0.317344748532899,0.00089,20,0.324171705643471,-0.05451,0.00683,35
AAPL,single_name,2026-02-18,2027-06-17,280,484,0.3165052353186007,0.224568948498854,0.3156194535907786,0.317344748532899,0.00089,40,0.321767470263304,-0.00359,0.00442,35
AAPL,single_name,2026-02-19,2027-06-17,280,483,0.3227461029580607,0.22578422535052822,0.31806125016164327,0.316856203144346,0.00468,20,0.326969959714935,-0.04459,0.01011,36
AAPL,single_name,2026-02-19,2027-06-17,280,483,0.3227461029580607,0.22578422535052822,0.31806125016164327,0.316856203144346,0.00468,40,0.321235314729602,0.03703,0.00438,36
AAPL,single_name,2026-02-20,2027-06-17,280,482,0.32587943693443794,0.2243501748900951,0.3137412463599352,0.315540252854516,0.01214,20,0.328389103089538,-0.0627,0.01285,37
AAPL,single_name,2026-02-20,2027-06-17,280,482,0.32587943693443794,0.2243501748900951,0.3137412463599352,0.315540252854516,0.01214,40,0.320704224508837,0.03201,0.00516,37
AAPL,single_name,2026-02-23,2027-06-17,280,479,0.32559579291182283,0.2220916214979055,0.31663260169224383,0.319752138535332,0.00896,20,0.319070518639403,-0.05519,-0.00068,38
AAPL,single_name,2026-02-23,2027-06-17,280,479,0.32559579291182283,0.2220916214979055,0.31663260169224383,0.319752138535332,0.00896,40,0.320875992317321,-4e-05,0.00112,38
AAPL,single_name,2026-02-24,2027-06-17,290,478,0.31902930835815874,0.22677601076579731,0.31613625337149887,0.316567327285029,0.00289,20,0.316418310461072,-0.07533,-0.00015,39
AAPL,single_name,2026-02-24,2027-06-17,290,478,0.31902930835815874,0.22677601076579731,0.31613625337149887,0.316567327285029,0.00289,40,0.312746650355846,0.00378,-0.00382,39
AAPL,single_name,2026-02-25,2027-06-17,290,477,0.31811412147214274,0.22731121069321802,0.31340720939136835,0.315095410602318,0.00471,20,0.317366598743422,-0.0788,0.00227,40
AAPL,single_name,2026-02-25,2027-06-17,290,477,0.31811412147214274,0.22731121069321802,0.31340720939136835,0.315095410602318,0.00471,40,0.312509038872634,-0.00292,-0.00259,40
AAPL,single_name,2026-02-26,2027-03-19,290,386,0.3172048436877751,0.22726276538434023,0.30860235884729037,0.304238905269077,0.0086,20,0.312568368614632,-0.07349,0.00833,41
AAPL,single_name,2026-02-26,2027-03-19,290,386,0.3172048436877751,0.22726276538434023,0.30860235884729037,0.304238905269077,0.0086,40,0.301861295297964,-0.00692,-0.00238,41
AAPL,single_name,2026-02-27,2027-03-19,280,385,0.3410718696620302,0.23434691340014865,0.3111205099801132,0.309033013800156,0.02995,20,0.323427039568422,-0.05822,0.01439,42
AAPL,single_name,2026-02-27,2027-03-19,280,385,0.3410718696620302,0.23434691340014865,0.3111205099801132,0.309033013800156,0.02995,40,0.306465516856524,0.01298,-0.00257,42
AAPL,single_name,2026-03-02,2027-03-19,280,382,0.3408424453976346,0.23311072966761925,0.3142326215931114,0.313200097030296,0.02661,20,0.320991998446663,-0.06834,0.00779,43
AAPL,single_name,2026-03-02,2027-03-19,280,382,0.3408424453976346,0.23311072966761925,0.3142326215931114,0.313200097030296,0.02661,40,0.305069228330583,0.02263,-0.00813,43
AAPL,single_name,2026-03-03,2027-03-19,280,381,0.3086501123200147,0.2328462962262186,0.3173313540927462,0.315586022330453,-0.00868,20,0.315420398468952,-0.03776,-0.00017,44
AAPL,single_name,2026-03-03,2027-03-19,280,381,0.3086501123200147,0.2328462962262186,0.3173313540927462,0.315586022330453,-0.00868,40,0.307094545044862,0.02434,-0.00849,44
AAPL,single_name,2026-03-04,2027-03-19,280,380,0.30889208803330254,0.23183894418922527,0.3170143562966791,0.313991371995729,-0.00812,20,0.313693816876819,-0.02625,-0.0003,45
AAPL,single_name,2026-03-04,2027-03-19,280,380,0.30889208803330254,0.23183894418922527,0.3170143562966791,0.313991371995729,-0.00812,40,0.307754701207196,0.03364,-0.00624,45
AAPL,single_name,2026-03-05,2027-03-19,270,379,0.2926929859865982,0.23204058769189015,0.32272936466409463,0.327189657628487,-0.03004,20,0.325272308201351,-0.01679,-0.00192,46
AAPL,single_name,2026-03-05,2027-03-19,270,379,0.2926929859865982,0.23204058769189015,0.32272936466409463,0.327189657628487,-0.03004,40,0.320376232343748,0.07626,-0.00681,46
AAPL,single_name,2026-03-06,2027-03-19,270,378,0.29400128652218427,0.23287288603802533,0.32625622512157154,0.328450637580958,-0.03225,20,0.326928904992079,0.00544,-0.00152,47
AAPL,single_name,2026-03-06,2027-03-19,270,378,0.29400128652218427,0.23287288603802533,0.32625622512157154,0.328450637580958,-0.03225,40,0.316416739563354,0.07523,-0.01203,47
AAPL,single_name,2026-03-09,2027-03-19,270,375,0.294751901622574,0.23386982409919563,0.3223435588022373,0.326120734396137,-0.02759,20,0.326726991293115,-0.02455,0.00061,48
AAPL,single_name,2026-03-09,2027-03-19,270,375,0.294751901622574,0.23386982409919563,0.3223435588022373,0.326120734396137,-0.02759,40,0.319565967044307,0.0935,-0.00655,48
AAPL,single_name,2026-03-10,2027-06-17,280,464,0.29363111307786444,0.23364676622900335,0.32579541030788467,0.324902860149756,-0.03216,20,0.321916721427158,-0.0074,-0.00299,49
AAPL,single_name,2026-03-10,2027-06-17,280,464,0.29363111307786444,0.23364676622900335,0.32579541030788467,0.324902860149756,-0.03216,40,0.327097368440975,0.10229,0.00219,49
AAPL,single_name,2026-03-11,2027-06-17,280,463,0.29374305209781176,0.23363251409206187,0.32673402109587957,0.325958500738141,-0.03299,20,0.319074030460432,-0.00123,-0.00688,50
AAPL,single_name,2026-03-11,2027-06-17,280,463,0.29374305209781176,0.23363251409206187,0.32673402109587957,0.325958500738141,-0.03299,40,0.325816747382467,0.1021,-0.00014,50
AAPL,single_name,2026-03-12,2027-06-17,270,462,0.2977344362481077,0.23663825474350011,0.33469624263845094,0.338341579128159,-0.03696,20,0.323605827182651,0.01845,-0.01474,51
AAPL,single_name,2026-03-12,2027-06-17,270,462,0.2977344362481077,0.23663825474350011,0.33469624263845094,0.338341579128159,-0.03696,40,0.339090157438302,0.14686,0.00075,51
AAPL,single_name,2026-03-13,2027-06-17,270,461,0.2503432211860443,0.2388672816277709,0.3363074955542705,0.335124179638999,-0.08596,20,0.323556166721527,0.0363,-0.01157,52
AAPL,single_name,2026-03-13,2027-06-17,270,461,0.2503432211860443,0.2388672816277709,0.3363074955542705,0.335124179638999,-0.08596,40,0.342404637969019,0.17016,0.00728,52
AAPL,single_name,2026-03-16,2027-06-17,270,458,0.24179021010447097,0.2400965891638954,0.327843731998866,0.328229530690876,-0.08605,20,0.324067883095385,0.02377,-0.00416,53
AAPL,single_name,2026-03-16,2027-06-17,270,458,0.24179021010447097,0.2400965891638954,0.327843731998866,0.328229530690876,-0.08605,40,0.345164543309447,0.16605,0.01694,53
AAPL,single_name,2026-03-17,2027-06-17,270,457,0.2124865211658228,0.23980559830373868,0.3265063466372221,0.328036951337398,-0.0867,20,0.330726356661342,0.04799,0.00269,54
AAPL,single_name,2026-03-17,2027-06-17,270,457,0.2124865211658228,0.23980559830373868,0.3265063466372221,0.328036951337398,-0.0867,40,0.349987575010235,0.17559,0.02195,54
AAPL,single_name,2026-03-18,2027-06-17,270,456,0.21860175534318732,0.24194692156252628,0.3340021881641653,0.332014039064817,-0.09206,20,0.330313033484824,0.05385,-0.0017,55
AAPL,single_name,2026-03-18,2027-06-17,270,456,0.21860175534318732,0.24194692156252628,0.3340021881641653,0.332014039064817,-0.09206,40,0.348601936939139,0.19313,0.01659,55
AAPL,single_name,2026-03-19,2027-06-17,270,455,0.21437931364988966,0.24157582064307262,0.3375048309114684,0.334942533811158,-0.09593,20,0.330053548984195,0.08544,-0.00489,56
AAPL,single_name,2026-03-19,2027-06-17,270,455,0.21437931364988966,0.24157582064307262,0.3375048309114684,0.334942533811158,-0.09593,40,0.34638374410806,0.20594,0.01144,56
AAPL,single_name,2026-03-20,2027-06-17,270,454,0.2041614757029673,0.24100312086891598,0.3397534954481199,0.336503554510886,-0.09875,20,0.330117379660857,0.10105,-0.00639,57
AAPL,single_name,2026-03-20,2027-06-17,270,454,0.2041614757029673,0.24100312086891598,0.3397534954481199,0.336503554510886,-0.09875,40,0.336777992390455,0.20102,0.00027,57
AAPL,single_name,2026-03-23,2027-06-17,270,451,0.21082798287275592,0.2427266828332153,0.3284950343870368,0.327441968116202,-0.08577,20,0.329335420764216,0.05837,0.00189,58
AAPL,single_name,2026-03-23,2027-06-17,270,451,0.21082798287275592,0.2427266828332153,0.3284950343870368,0.327441968116202,-0.08577,40,0.339340197162071,0.18879,0.0119,58
AAPL,single_name,2026-03-24,2027-06-17,270,450,0.18978734543075063,0.2423680326965853,0.3331025107880524,0.332517782525406,-0.09073,20,0.328624313122575,0.08556,-0.00389,59
AAPL,single_name,2026-03-24,2027-06-17,270,450,0.18978734543075063,0.2423680326965853,0.3331025107880524,0.332517782525406,-0.09073,40,0.344741144148614,0.20112,0.01222,59
AAPL,single_name,2026-03-25,2027-06-17,270,449,0.18719769964729338,0.24261054278714114,0.333549628142886,0.333923735241352,-0.09094,20,0.329414839902591,0.08238,-0.00451,60
AAPL,single_name,2026-03-25,2027-06-17,270,449,0.18719769964729338,0.24261054278714114,0.333549628142886,0.333923735241352,-0.09094,40,0.345547690852687,0.20731,0.01162,60
AAPL,single_name,2026-03-26,2027-06-17,270,448,0.18807317946864205,0.24259959180362836,0.33725359312546876,0.338215842666517,-0.09465,20,0.32828501407481,0.07185,-0.00993,61
AAPL,single_name,2026-03-26,2027-06-17,270,448,0.18807317946864205,0.24259959180362836,0.33725359312546876,0.338215842666517,-0.09465,40,0.339353576183154,0.22116,0.00114,61
AAPL,single_name,2026-03-27,2027-06-17,270,447,0.16195752036386532,0.24452829905655576,0.34114632643247406,0.338747146293654,-0.09662,20,0.323721541261403,0.0756,-0.01503,62
AAPL,single_name,2026-03-27,2027-06-17,270,447,0.16195752036386532,0.24452829905655576,0.34114632643247406,0.338747146293654,-0.09662,40,0.349862438115284,0.23927,0.01112,62
AAPL,single_name,2026-03-30,2027-06-17,260,444,0.16203707661530065,0.24490436431232132,0.3412331256367908,0.345312397532802,-0.09633,20,0.332854275234322,0.09764,-0.01246,63
AAPL,single_name,2026-03-30,2027-06-17,260,444,0.16203707661530065,0.24490436431232132,0.3412331256367908,0.345312397532802,-0.09633,40,0.35574558681362,0.26039,0.01043,63
AAPL,single_name,2026-03-31,2027-06-17,270,443,0.19819065660443558,0.252592175521241,0.33243494161901743,0.333592438558727,-0.07984,20,0.324778747121762,0.06454,-0.00881,64
AAPL,single_name,2026-03-31,2027-06-17,270,443,0.19819065660443558,0.252592175521241,0.33243494161901743,0.333592438558727,-0.07984,40,0.350159879150435,0.23137,0.01657,64
AAPL,single_name,2026-04-01,2027-06-17,270,442,0.20048808485304062,0.2517187651796344,0.33162128592640816,0.334415109043595,-0.0799,20,0.326928878358477,0.0615,-0.00749,65
AAPL,single_name,2026-04-01,2027-06-17,270,442,0.20048808485304062,0.2517187651796344,0.33162128592640816,0.334415109043595,-0.0799,40,0.354401064111586,0.22075,0.01999,65
AAPL,single_name,2026-04-02,2027-06-17,270,441,0.19881212984754287,0.24900254014271025,0.33124928368326095,0.334524469432932,-0.08225,20,0.326988566212496,0.09464,-0.00754,66
AAPL,single_name,2026-04-02,2027-06-17,270,441,0.19881212984754287,0.24900254014271025,0.33124928368326095,0.334524469432932,-0.08225,40,0.350366868109336,0.1969,0.01584,66
AAPL,single_name,2026-04-06,2027-06-17,280,437,0.19960532708905165,0.2496868529388738,0.3298186973933109,0.3264531016888,-0.08013,20,0.318361336019642,0.06942,-0.00809,67
AAPL,single_name,2026-04-06,2027-06-17,280,437,0.19960532708905165,0.2496868529388738,0.3298186973933109,0.3264531016888,-0.08013,40,0.342442485608999,0.21765,0.01599,67
AAPL,single_name,2026-04-07,2027-06-17,270,436,0.20999458029154203,0.2531344352701603,0.33275048348170483,0.333171235602182,-0.07962,20,0.332791569812842,0.12103,-0.00038,68
AAPL,single_name,2026-04-07,2027-06-17,270,436,0.20999458029154203,0.2531344352701603,0.33275048348170483,0.333171235602182,-0.07962,40,0.358292503084723,0.24517,0.02512,68
AAPL,single_name,2026-04-08,2027-06-17,280,435,0.22402431196588413,0.2569061666838961,0.32594251583454664,0.321916721427158,-0.06904,20,0.327097368440975,0.11051,0.00518,69
AAPL,single_name,2026-04-08,2027-06-17,280,435,0.22402431196588413,0.2569061666838961,0.32594251583454664,0.321916721427158,-0.06904,40,0.346401888261031,0.20212,0.02449,69
AAPL,single_name,2026-04-09,2027-06-17,280,434,0.22521007532558188,0.2571226581634137,0.32183260097304195,0.319074030460432,-0.06471,20,0.325816747382467,0.10346,0.00674,70
AAPL,single_name,2026-04-09,2027-06-17,280,434,0.22521007532558188,0.2571226581634137,0.32183260097304195,0.319074030460432,-0.06471,40,0.348796226724131,0.17985,0.02972,70
AAPL,single_name,2026-04-10,2027-06-17,280,433,0.21313902027174683,0.2570438719088944,0.31771624320105213,0.314623951956989,-0.06067,20,0.329746934022659,0.12607,0.01512,71
AAPL,single_name,2026-04-10,2027-06-17,280,433,0.21313902027174683,0.2570438719088944,0.31771624320105213,0.314623951956989,-0.06067,40,0.347399035337158,0.15763,0.03278,71
AAPL,single_name,2026-04-13,2027-06-17,280,430,0.19630010185725727,0.2570994980614156,0.31914885963801826,0.31515553648934,-0.06205,20,0.333557308309139,0.12917,0.0184,72
AAPL,single_name,2026-04-13,2027-06-17,280,430,0.19630010185725727,0.2570994980614156,0.31914885963801826,0.31515553648934,-0.06205,40,0.337437658533357,0.13696,0.02228,72
AAPL,single_name,2026-04-14,2027-06-17,270,429,0.19367242176512323,0.256737607475369,0.3201586039868033,0.324067883095385,-0.06342,20,0.345164543309447,0.13897,0.0211,73
AAPL,single_name,2026-04-14,2027-06-17,270,429,0.19367242176512323,0.256737607475369,0.3201586039868033,0.324067883095385,-0.06342,40,0.352333180214611,0.12653,0.02827,73
AAPL,single_name,2026-04-15,2027-06-17,280,428,0.21706242146328678,0.2624932210036531,0.3199285470390469,0.322231365068373,-0.05744,20,0.340008070931985,0.12176,0.01778,74
AAPL,single_name,2026-04-15,2027-06-17,280,428,0.21706242146328678,0.2624932210036531,0.3199285470390469,0.322231365068373,-0.05744,40,0.341626796830899,0.09085,0.0194,74
AAPL,single_name,2026-04-16,2027-06-17,280,427,0.21128707488569853,0.25297838389561905,0.3218148267816049,0.321767470263304,-0.06884,20,0.336987743960316,0.13216,0.01522,75
AAPL,single_name,2026-04-16,2027-06-17,280,427,0.21128707488569853,0.25297838389561905,0.3218148267816049,0.321767470263304,-0.06884,40,0.335506136356705,0.10528,0.01374,75
AAPL,single_name,2026-04-17,2027-06-17,290,426,0.2247152710697742,0.25787104459612,0.31610604761411015,0.313237328891374,-0.05824,20,0.327528154385108,0.11102,0.01429,76
AAPL,single_name,2026-04-17,2027-06-17,290,426,0.2247152710697742,0.25787104459612,0.31610604761411015,0.313237328891374,-0.05824,40,0.325016946363663,0.09692,0.01178,76
AAPL,single_name,2026-04-20,2027-06-17,290,423,0.2236865003602031,0.25850687249961984,0.31411994713576025,0.313246579558852,-0.05561,20,0.317768889365882,0.09079,0.00452,77
AAPL,single_name,2026-04-20,2027-06-17,290,423,0.2236865003602031,0.25850687249961984,0.31411994713576025,0.313246579558852,-0.05561,40,0.328055687187817,0.09592,0.01481,77
AAPL,single_name,2026-04-21,2027-06-17,280,422,0.24511129301100743,0.26436051010928385,0.31911385892566785,0.320875992317321,-0.05475,20,0.329764840110513,0.12323,0.00889,78
AAPL,single_name,2026-04-21,2027-06-17,280,422,0.24511129301100743,0.26436051010928385,0.31911385892566785,0.320875992317321,-0.05475,40,0.339933609631324,0.11188,0.01906,78
AAPL,single_name,2026-04-22,2027-06-17,290,421,0.25821994323727626,0.2629363254676966,0.3134960933423407,0.312746650355846,-0.05056,20,0.325195639878856,0.10645,0.01245,79
AAPL,single_name,2026-04-22,2027-06-17,290,421,0.25821994323727626,0.2629363254676966,0.3134960933423407,0.312746650355846,-0.05056,40,0.331104900848094,0.09093,0.01836,79
AAPL,single_name,2026-04-23,2027-06-17,290,420,0.25846292432726775,0.26210655280804557,0.3129624070556676,0.312509038872634,-0.05086,20,0.327412481946747,0.11542,0.0149,80
AAPL,single_name,2026-04-23,2027-06-17,290,420,0.25846292432726775,0.26210655280804557,0.3129624070556676,0.312509038872634,-0.05086,40,0.330593624982449,0.08624,0.01808,80
AAPL,single_name,2026-04-24,2027-06-17,290,419,0.2622134378562266,0.2623363054792173,0.3141764388753598,0.3118188888728,-0.05184,20,0.320126641962954,0.1393,0.00831,81
AAPL,single_name,2026-04-24,2027-06-17,290,419,0.2622134378562266,0.2623363054792173,0.3141764388753598,0.3118188888728,-0.05184,40,0.329758464536978,0.08574,0.01794,81
AAPL,single_name,2026-04-27,2027-06-17,280,416,0.2589907009406958,0.2634995993204157,0.31306322561976585,0.315197289299123,-0.04956,20,0.338307376132358,0.15216,0.02311,82
AAPL,single_name,2026-04-27,2027-06-17,280,416,0.2589907009406958,0.2634995993204157,0.31306322561976585,0.315197289299123,-0.04956,40,0.336110464527905,0.09518,0.02091,82
AAPL,single_name,2026-04-28,2027-06-17,290,415,0.2560956227222639,0.2643268861464446,0.3109888704841542,0.308189842542012,-0.04666,20,0.326475048453562,0.14828,0.01829,83
AAPL,single_name,2026-04-28,2027-06-17,290,415,0.2560956227222639,0.2643268861464446,0.3109888704841542,0.308189842542012,-0.04666,40,0.329891041376276,0.0164,0.0217,83
AAPL,single_name,2026-04-29,2027-06-17,290,414,0.240700352970576,0.25150502186794954,0.31200425705165596,0.308325520795684,-0.0605,20,0.323551176642701,0.15672,0.01523,84
AAPL,single_name,2026-04-29,2027-06-17,290,414,0.240700352970576,0.25150502186794954,0.31200425705165596,0.308325520795684,-0.0605,40,0.328404043483927,0.05038,0.02008,84
AAPL,single_name,2026-04-30,2027-06-17,290,413,0.2402679990190273,0.25162676912415405,0.312952092060291,0.310129502238054,-0.06133,20,0.33260061888876,0.15003,0.02247,85
AAPL,single_name,2026-04-30,2027-06-17,290,413,0.2402679990190273,0.25162676912415405,0.312952092060291,0.310129502238054,-0.06133,40,0.325390705526168,0.03829,0.01526,85
AAPL,single_name,2026-05-01,2027-06-17,300,412,0.2610189864782761,0.2546200054527828,0.30712164936407993,0.304144221888279,-0.0461,20,0.321443046052537,0.09342,0.0173,86
AAPL,single_name,2026-05-01,2027-06-17,300,412,0.2610189864782761,0.2546200054527828,0.30712164936407993,0.304144221888279,-0.0461,40,0.315693864162222,0.03291,0.01155,86
AAPL,single_name,2026-05-04,2027-06-17,290,409,0.2659121944852827,0.2557877552601224,0.30905602095345297,0.310343887886877,-0.04314,20,0.332692191786547,0.1386,0.02235,87
AAPL,single_name,2026-05-04,2027-06-17,290,409,0.2659121944852827,0.2557877552601224,0.30905602095345297,0.310343887886877,-0.04314,40,0.329850698997015,0.0634,0.01951,87
AAPL,single_name,2026-05-05,2027-06-17,300,408,0.26142298714212603,0.2608756426074906,0.30804268073162244,0.307829639663643,-0.04662,20,0.327910840779056,0.11074,0.02008,88
AAPL,single_name,2026-05-05,2027-06-17,300,408,0.26142298714212603,0.2608756426074906,0.30804268073162244,0.307829639663643,-0.04662,40,0.330751135522818,0.08604,0.02292,88
AAPL,single_name,2026-05-06,2027-06-17,300,407,0.25616217904246297,0.26044968576259214,0.30821724228689135,0.310281656309915,-0.04777,20,0.326836506601942,0.0825,0.01655,89
AAPL,single_name,2026-05-07,2027-06-17,300,406,0.2568672702431982,0.26031241560798585,0.3075804138346573,0.309560976371112,-0.04727,20,0.328133608632102,0.06923,0.01857,90
AAPL,single_name,2026-05-08,2027-06-17,310,405,0.26172003080507755,0.26309318780126517,0.3063421175147771,0.305520383593364,-0.04325,20,0.31715308712436,0.02802,0.01163,91
AAPL,single_name,2026-05-11,2027-06-17,310,402,0.26038821948194707,0.2395822946716012,0.31033839674730307,0.309300966500908,-0.04995,20,0.313046223513963,0.0069,0.00375,92
AAPL,single_name,2026-05-12,2027-06-17,310,401,0.25888847794170866,0.23413199904455514,0.30987906888666583,0.310249304233781,-0.05099,20,0.318292988574535,-0.01092,0.00804,93
AAPL,single_name,2026-05-13,2027-06-17,320,400,0.24674481897562073,0.22759740795779018,0.3113438888238684,0.308311184477945,-0.0646,20,0.309859192281858,-0.02755,0.00155,94
AAPL,single_name,2026-05-14,2027-06-17,310,399,0.2403126131731777,0.22776640201231177,0.3098142229857958,0.312453637691876,-0.0695,20,0.312043213745763,-0.02374,-0.00041,95
AAPL,single_name,2026-05-15,2027-06-17,320,398,0.22919452625425288,0.22538162457670124,0.307305353268076,0.30475885453589,-0.07811,20,0.304709778656694,-0.01269,-5e-05,96
AAPL,single_name,2026-05-18,2027-06-17,310,395,0.23300120688857542,0.2247409162473017,0.3028419257903918,0.304749779875986,-0.06984,20,0.312927759074965,0.0047,0.00818,97
AAPL,single_name,2026-05-19,2027-06-17,310,394,0.2046817848619076,0.22461503525031867,0.30042238619357,0.303107578238358,-0.07581,20,0.315185541849735,-0.0101,0.01208,98
AAPL,single_name,2026-05-20,2027-06-17,320,393,0.19158577519938083,0.22145618652684496,0.3042775652434064,0.302291176346765,-0.08282,20,0.309162568687943,-0.01403,0.00687,99
AAPL,single_name,2026-05-21,2027-06-17,320,392,0.19143374092936308,0.22163040789171778,0.30073155736514373,0.300861839298062,-0.0791,20,0.305484859121447,-0.02616,0.00462,100
AAPL,single_name,2026-05-22,2027-06-17,320,391,0.18531180370737338,0.22228603386645032,0.2954316450020507,0.297294947802015,-0.07315,20,0.306425534718572,-0.04702,0.00913,101
AAPL,single_name,2026-05-26,2027-06-17,320,387,0.17370399734610234,0.21036055638354867,0.3009026668236581,0.303385360808848,-0.09054,20,0.304025547923012,-0.04946,0.00064,102
AAPL,single_name,2026-05-27,2027-06-17,330,386,0.17297233029922518,0.21066546073962045,0.2996289286301463,0.296850179684213,-0.08896,20,0.304843041425914,-0.11485,0.00799,103
AAPL,single_name,2026-05-28,2027-06-17,330,385,0.1698951788227869,0.21031406875384798,0.30148011245946893,0.300487042521607,-0.09117,20,0.302226740345392,-0.09193,0.00174,104
AAPL,single_name,2026-05-29,2027-06-17,330,384,0.17244552926317186,0.20992549729912946,0.3012935246917565,0.30011276881464,-0.09137,20,0.297451993425124,-0.09716,-0.00266,105
AAPL,single_name,2026-06-01,2027-06-17,320,381,0.1688608584135534,0.21325041292179756,0.30389313080133823,0.304523866633308,-0.09064,20,0.305221433907053,-0.05534,0.0007,106
AAPL,single_name,2026-06-02,2027-06-17,330,380,0.17779790915346042,0.2177923347490685,0.3022399148914954,0.302570776522071,-0.08445,20,0.303209513968539,-0.06605,0.00064,107
AAPL,single_name,2026-06-03,2027-06-17,330,379,0.16245116007267435,0.21746790869215785,0.30848127441037293,0.305309493390327,-0.09101,20,0.311732368999772,-0.02224,0.00642,108
TSLA,single_name,2025-12-26,2027-01-15,570,385,0.3646149792629341,0.4774819059828138,0.5824139050767071,0.582377699684528,-0.10493,20,0.55308390481571,-0.0932,-0.02929,0
TSLA,single_name,2025-12-26,2027-01-15,570,385,0.3646149792629341,0.4774819059828138,0.5824139050767071,0.582377699684528,-0.10493,40,0.52765063083308,-0.12161,-0.05473,0
TSLA,single_name,2025-12-29,2027-01-15,550,382,0.38923714396811065,0.4699651842738715,0.5811967005474489,0.581142589125869,-0.11123,20,0.547135752807632,-0.06131,-0.03401,1
TSLA,single_name,2025-12-29,2027-01-15,550,382,0.38923714396811065,0.4699651842738715,0.5811967005474489,0.581142589125869,-0.11123,40,0.526463347348362,-0.11109,-0.05468,1
TSLA,single_name,2025-12-30,2027-01-15,540,381,0.39260627680088134,0.4696090767449558,0.5829635366323052,0.583021665247275,-0.11335,20,0.542217735440012,-0.08334,-0.0408,2
TSLA,single_name,2025-12-30,2027-01-15,540,381,0.39260627680088134,0.4696090767449558,0.5829635366323052,0.583021665247275,-0.11335,40,0.525754034388674,-0.11425,-0.05727,2
TSLA,single_name,2025-12-31,2027-01-15,540,380,0.39507183136388563,0.4573731588709491,0.5800640479955924,0.579991319032572,-0.12269,20,0.549472603298138,-0.04294,-0.03052,3
TSLA,single_name,2025-12-31,2027-01-15,540,380,0.39507183136388563,0.4573731588709491,0.5800640479955924,0.579991319032572,-0.12269,40,0.525302898016788,-0.10318,-0.05469,3
TSLA,single_name,2026-01-02,2027-01-15,520,378,0.38108414649614475,0.45087227933500407,0.5755778264798627,0.575569535349202,-0.12471,20,0.545374286120449,-0.03712,-0.0302,4
TSLA,single_name,2026-01-02,2027-01-15,520,378,0.38108414649614475,0.45087227933500407,0.5755778264798627,0.575569535349202,-0.12471,40,0.52070357098551,-0.10418,-0.05487,4
TSLA,single_name,2026-01-05,2027-01-15,540,375,0.3922844009405747,0.4544468559099466,0.5751550527607386,0.575169126844937,-0.12071,20,0.545261913289158,-0.06578,-0.02991,5
TSLA,single_name,2026-01-05,2027-01-15,540,375,0.3922844009405747,0.4544468559099466,0.5751550527607386,0.575169126844937,-0.12071,40,0.521616992625078,-0.10125,-0.05355,5
TSLA,single_name,2026-01-06,2027-01-15,510,374,0.41952748583528854,0.4626044526967179,0.5741594335671301,0.574266981078249,-0.11155,20,0.545946999793629,-0.06225,-0.02832,6
TSLA,single_name,2026-01-06,2027-01-15,510,374,0.41952748583528854,0.4626044526967179,0.5741594335671301,0.574266981078249,-0.11155,40,0.522715720849225,-0.06331,-0.05155,6
TSLA,single_name,2026-01-07,2027-01-15,510,373,0.4022553094892557,0.44989292311246776,0.5697208026730609,0.569683857876729,-0.11983,20,0.54829278596282,-0.07927,-0.02139,7
TSLA,single_name,2026-01-07,2027-01-15,510,373,0.4022553094892557,0.44989292311246776,0.5697208026730609,0.569683857876729,-0.11983,40,0.527004537546971,-0.08039,-0.04268,7
TSLA,single_name,2026-01-08,2027-01-15,510,372,0.4012285069161846,0.43711718911827435,0.5660688015594043,0.566154802924958,-0.12895,20,0.539119409223394,-0.05665,-0.02704,8
TSLA,single_name,2026-01-08,2027-01-15,510,372,0.4012285069161846,0.43711718911827435,0.5660688015594043,0.566154802924958,-0.12895,40,0.52020109712082,-0.08518,-0.04595,8
TSLA,single_name,2026-01-09,2027-01-15,520,371,0.40539572292257936,0.43798896436971513,0.5624772363342562,0.562578284277082,-0.12449,20,0.538744278832425,-0.06222,-0.02383,9
TSLA,single_name,2026-01-09,2027-01-15,520,371,0.40539572292257936,0.43798896436971513,0.5624772363342562,0.562578284277082,-0.12449,40,0.517101505675861,-0.10285,-0.04548,9
TSLA,single_name,2026-01-12,2027-01-15,530,368,0.40513850920792366,0.4374841476619024,0.561653197314004,0.561457686833457,-0.12417,20,0.540087000467906,-0.0529,-0.02137,10
TSLA,single_name,2026-01-12,2027-01-15,530,368,0.40513850920792366,0.4374841476619024,0.561653197314004,0.561457686833457,-0.12417,40,0.518911941372974,-0.09163,-0.04255,10
TSLA,single_name,2026-01-13,2027-01-15,520,367,0.3930508610026366,0.4364214867657486,0.5614191689359964,0.561627265908965,-0.125,20,0.541142552506268,-0.04233,-0.02048,11
TSLA,single_name,2026-01-13,2027-01-15,520,367,0.3930508610026366,0.4364214867657486,0.5614191689359964,0.561627265908965,-0.125,40,0.526078103070229,-0.1167,-0.03555,11
TSLA,single_name,2026-01-14,2027-01-15,510,366,0.3726475108470371,0.4352622167606142,0.5610070761062734,0.561220805935615,-0.12574,20,0.545373981969889,-0.05039,-0.01585,12
TSLA,single_name,2026-01-14,2027-01-15,510,366,0.3726475108470371,0.4352622167606142,0.5610070761062734,0.561220805935615,-0.12574,40,0.524948507401303,-0.10929,-0.03627,12
TSLA,single_name,2026-01-15,2027-01-15,510,365,0.3504631726701689,0.433590631998904,0.5581622810943964,0.558190679836442,-0.12457,20,0.540751029112901,-0.04818,-0.01744,13
TSLA,single_name,2026-01-15,2027-01-15,510,365,0.3504631726701689,0.433590631998904,0.5581622810943964,0.558190679836442,-0.12457,40,0.517912124166795,-0.09807,-0.04028,13
TSLA,single_name,2026-01-16,2027-06-17,550,517,0.31385961770412746,0.4330612904976095,0.5607456584698337,0.560674921573986,-0.12768,20,0.5566052530966,-0.06142,-0.00407,14
TSLA,single_name,2026-01-16,2027-06-17,550,517,0.31385961770412746,0.4330612904976095,0.5607456584698337,0.560674921573986,-0.12768,40,0.526202465952551,-0.08738,-0.03447,14
TSLA,single_name,2026-01-20,2027-06-17,520,513,0.31111009249517585,0.44143644954843475,0.564434312936969,0.564651002591044,-0.123,20,0.553573964996959,-0.01891,-0.01108,15
TSLA,single_name,2026-01-20,2027-06-17,520,513,0.31111009249517585,0.44143644954843475,0.564434312936969,0.564651002591044,-0.123,40,0.527086356381557,-0.06314,-0.03756,15
TSLA,single_name,2026-01-21,2027-06-17,540,512,0.3360744725042116,0.4429906256838106,0.5582560187234843,0.558141655901664,-0.11527,20,0.548724311408063,-0.04573,-0.00942,16
TSLA,single_name,2026-01-21,2027-06-17,540,512,0.3360744725042116,0.4429906256838106,0.5582560187234843,0.558141655901664,-0.11527,40,0.527420617511071,-0.11853,-0.03072,16
TSLA,single_name,2026-01-22,2027-06-17,560,511,0.36733895991753746,0.44523141673099653,0.5720223270412934,0.572148819150125,-0.12679,20,0.542956523563798,-0.08354,-0.02919,17
TSLA,single_name,2026-01-22,2027-06-17,560,511,0.36733895991753746,0.44523141673099653,0.5720223270412934,0.572148819150125,-0.12679,40,0.532559847316216,-0.18115,-0.03959,17
TSLA,single_name,2026-01-23,2027-06-17,560,510,0.36743714009058204,0.43670098376131267,0.5736712124285532,0.573830407523813,-0.13697,20,0.543499201767998,-0.10963,-0.03033,18
TSLA,single_name,2026-01-23,2027-06-17,560,510,0.36743714009058204,0.43670098376131267,0.5736712124285532,0.573830407523813,-0.13697,40,0.523759486387619,-0.1519,-0.05007,18
TSLA,single_name,2026-01-26,2027-06-17,550,507,0.3797251619314778,0.43968930862732275,0.5735658862703756,0.573480486695394,-0.13388,20,0.544496133601723,-0.05933,-0.02898,19
TSLA,single_name,2026-01-26,2027-06-17,550,507,0.3797251619314778,0.43968930862732275,0.5735658862703756,0.573480486695394,-0.13388,40,0.524432092169266,-0.11988,-0.04905,19
TSLA,single_name,2026-01-27,2027-06-17,540,506,0.3755797551445717,0.4400252318584554,0.5696443549001914,0.569639952365211,-0.12962,20,0.546865863459958,-0.03133,-0.02277,20
TSLA,single_name,2026-01-27,2027-06-17,540,506,0.3755797551445717,0.4400252318584554,0.5696443549001914,0.569639952365211,-0.12962,40,0.525524639886069,-0.10432,-0.04412,20
TSLA,single_name,2026-01-28,2027-06-17,540,505,0.3606855316109343,0.42930073577867495,0.5669412873655798,0.566940285816089,-0.13764,20,0.544934862474876,-0.05303,-0.02201,21
TSLA,single_name,2026-01-28,2027-06-17,540,505,0.3606855316109343,0.42930073577867495,0.5669412873655798,0.566940285816089,-0.13764,40,0.527207392509476,-0.13756,-0.03973,21
TSLA,single_name,2026-01-29,2027-06-17,520,504,0.37734026275121496,0.42807191819234147,0.5622510772632751,0.562193386392686,-0.13418,20,0.543515476883977,-0.03373,-0.01868,22
TSLA,single_name,2026-01-29,2027-06-17,520,504,0.37734026275121496,0.42807191819234147,0.5622510772632751,0.562193386392686,-0.13418,40,0.530201267707405,-0.13139,-0.03199,22
TSLA,single_name,2026-01-30,2027-06-17,540,503,0.3985957047153873,0.4302546598309616,0.5656215661061034,0.565394732104567,-0.13537,20,0.542143578042433,-0.06294,-0.02325,23
TSLA,single_name,2026-01-30,2027-06-17,540,503,0.3985957047153873,0.4302546598309616,0.5656215661061034,0.565394732104567,-0.13537,40,0.522892637682901,-0.17455,-0.0425,23
TSLA,single_name,2026-02-02,2027-03-19,500,410,0.3943010833973015,0.41862489336580594,0.5563128528724475,0.556397064100468,-0.13769,20,0.53014921311734,-0.06965,-0.02625,24
TSLA,single_name,2026-02-02,2027-03-19,500,410,0.3943010833973015,0.41862489336580594,0.5563128528724475,0.556397064100468,-0.13769,40,0.501458379573324,-0.11868,-0.05494,24
TSLA,single_name,2026-02-03,2027-03-19,500,409,0.37544149570764973,0.41018631785732274,0.5546988434480855,0.554667196685263,-0.14451,20,0.531799568972828,-0.03797,-0.02287,25
TSLA,single_name,2026-02-03,2027-03-19,500,409,0.37544149570764973,0.41018631785732274,0.5546988434480855,0.554667196685263,-0.14451,40,0.504451762211323,-0.09645,-0.05022,25
TSLA,single_name,2026-02-04,2027-03-19,480,408,0.3704609068495895,0.41127011687792675,0.5566045506159873,0.556744879421434,-0.14533,20,0.534497353066807,-0.00113,-0.02225,26
TSLA,single_name,2026-02-04,2027-03-19,480,408,0.3704609068495895,0.41127011687792675,0.5566045506159873,0.556744879421434,-0.14533,40,0.507318629248768,-0.11187,-0.04943,26
TSLA,single_name,2026-02-05,2027-03-19,470,407,0.3763699823018682,0.4066868231322763,0.5579540915164045,0.558074341690475,-0.15127,20,0.538891521465576,-0.00121,-0.01918,27
TSLA,single_name,2026-02-05,2027-03-19,470,407,0.3763699823018682,0.4066868231322763,0.5579540915164045,0.558074341690475,-0.15127,40,0.510274047557086,-0.11175,-0.0478,27
TSLA,single_name,2026-02-06,2027-03-19,490,406,0.39781167773405224,0.40610144675522686,0.5496803692967821,0.54958630824962,-0.14358,20,0.532882255715109,-0.03024,-0.0167,28
TSLA,single_name,2026-02-06,2027-03-19,490,406,0.39781167773405224,0.40610144675522686,0.5496803692967821,0.54958630824962,-0.14358,40,0.508818381828572,-0.1568,-0.04077,28
TSLA,single_name,2026-02-09,2027-03-19,490,403,0.3936409956022649,0.4067570404856949,0.5498007748964956,0.549983660257198,-0.14304,20,0.529719717735584,-0.04332,-0.02026,29
TSLA,single_name,2026-02-09,2027-03-19,490,403,0.3936409956022649,0.4067570404856949,0.5498007748964956,0.549983660257198,-0.14304,40,0.512474045325493,-0.17749,-0.03751,29
TSLA,single_name,2026-02-10,2027-03-19,500,402,0.39918456599127755,0.4065656180345929,0.5503617831247302,0.550684649523634,-0.1438,20,0.530648857414704,-0.0409,-0.02004,30
TSLA,single_name,2026-02-10,2027-03-19,500,402,0.39918456599127755,0.4065656180345929,0.5503617831247302,0.550684649523634,-0.1438,40,0.507824374343654,-0.18718,-0.04286,30
TSLA,single_name,2026-02-11,2027-03-19,510,401,0.4006794582045504,0.3808564244286186,0.5508015152193205,0.550863953026321,-0.15012,20,0.53646556492042,-0.07766,-0.0144,31
TSLA,single_name,2026-02-11,2027-03-19,510,401,0.4006794582045504,0.3808564244286186,0.5508015152193205,0.550863953026321,-0.15012,40,0.501386298202708,-0.18521,-0.04948,31
TSLA,single_name,2026-02-12,2027-03-19,490,400,0.40620714542876124,0.3848659968668064,0.5545231868621175,0.554613614466329,-0.14832,20,0.536489348490828,-0.06203,-0.01812,32
TSLA,single_name,2026-02-12,2027-03-19,490,400,0.40620714542876124,0.3848659968668064,0.5545231868621175,0.554613614466329,-0.14832,40,0.5019981058523,-0.15501,-0.05262,32
TSLA,single_name,2026-02-13,2027-03-19,490,399,0.4063779103507968,0.38421833448571246,0.5503754464278371,0.550459601645379,-0.144,20,0.53030832548127,-0.05241,-0.02015,33
TSLA,single_name,2026-02-13,2027-03-19,490,399,0.4063779103507968,0.38421833448571246,0.5503754464278371,0.550459601645379,-0.144,40,0.505903325332977,-0.12754,-0.04456,33
TSLA,single_name,2026-02-17,2027-03-19,480,395,0.4093956788953805,0.3837188972733472,0.5504791944320131,0.550758612047758,-0.14108,20,0.518400115788878,-0.02766,-0.03236,34
TSLA,single_name,2026-02-17,2027-03-19,480,395,0.4093956788953805,0.3837188972733472,0.5504791944320131,0.550758612047758,-0.14108,40,0.525103695018121,-0.04549,-0.02565,34
TSLA,single_name,2026-02-18,2027-03-19,480,394,0.38207942962345753,0.3834962978680384,0.5465975749526004,0.546780794071402,-0.1631,20,0.518413783722652,-0.04507,-0.02837,35
TSLA,single_name,2026-02-18,2027-03-19,480,394,0.38207942962345753,0.3834962978680384,0.5465975749526004,0.546780794071402,-0.1631,40,0.524931382132953,-0.05451,-0.02185,35
TSLA,single_name,2026-02-19,2027-03-19,480,393,0.3659102071759979,0.3806898956241878,0.5415009450948214,0.541609430330951,-0.16081,20,0.518358303413132,-0.07629,-0.02325,36
TSLA,single_name,2026-02-19,2027-03-19,480,393,0.3659102071759979,0.3806898956241878,0.5415009450948214,0.541609430330951,-0.16081,40,0.519457220011218,-0.02694,-0.02215,36
TSLA,single_name,2026-02-20,2027-03-19,480,392,0.3291374701592156,0.37997420495819134,0.5371041556643368,0.537148503495208,-0.15713,20,0.523397802921946,-0.1065,-0.01375,37
TSLA,single_name,2026-02-20,2027-03-19,480,392,0.3291374701592156,0.37997420495819134,0.5371041556643368,0.537148503495208,-0.15713,40,0.520259378154117,-0.04691,-0.01689,37
TSLA,single_name,2026-02-23,2027-03-19,470,389,0.340602444280325,0.35992611654061796,0.5370399285536017,0.536813108378662,-0.17711,20,0.517690320702572,-0.04747,-0.01912,38
TSLA,single_name,2026-02-23,2027-03-19,470,389,0.340602444280325,0.35992611654061796,0.5370399285536017,0.536813108378662,-0.17711,40,0.519517910492871,-0.03354,-0.0173,38
TSLA,single_name,2026-02-24,2027-03-19,480,388,0.3417960571886024,0.3632605928937691,0.5383236024437736,0.538155891179449,-0.17506,20,0.516792313047877,-0.06437,-0.02136,39
TSLA,single_name,2026-02-24,2027-03-19,480,388,0.3417960571886024,0.3632605928937691,0.5383236024437736,0.538155891179449,-0.17506,40,0.51716204462771,-0.05342,-0.02099,39
TSLA,single_name,2026-02-25,2027-03-19,490,387,0.34973983665326835,0.3637900141796924,0.5399957564304405,0.539855315020701,-0.17621,20,0.516251912357345,-0.07535,-0.0236,40
TSLA,single_name,2026-02-25,2027-03-19,490,387,0.34973983665326835,0.3637900141796924,0.5399957564304405,0.539855315020701,-0.17621,40,0.50679521724807,-0.10465,-0.03306,40
TSLA,single_name,2026-02-26,2027-03-19,480,386,0.3564385663742815,0.36583652124816907,0.537533850754935,0.537297246936855,-0.1717,20,0.519685391854532,-0.08926,-0.01761,41
TSLA,single_name,2026-02-26,2027-03-19,480,386,0.3564385663742815,0.36583652124816907,0.537533850754935,0.537297246936855,-0.1717,40,0.503804204000615,-0.07901,-0.03349,41
TSLA,single_name,2026-02-27,2027-03-19,470,385,0.3388604110207358,0.3669716798587588,0.5355855345384616,0.535494019322206,-0.16861,20,0.522769755561379,-0.10107,-0.01272,42
TSLA,single_name,2026-02-27,2027-03-19,470,385,0.3388604110207358,0.3669716798587588,0.5355855345384616,0.535494019322206,-0.16861,40,0.503580470220718,-0.05923,-0.03191,42
TSLA,single_name,2026-03-02,2027-03-19,470,382,0.31411663718477173,0.367020896868738,0.5362941669900779,0.536158870562751,-0.16927,20,0.516744473272943,-0.11911,-0.01941,43
TSLA,single_name,2026-03-02,2027-03-19,470,382,0.31411663718477173,0.367020896868738,0.5362941669900779,0.536158870562751,-0.16927,40,0.50022839064214,-0.06769,-0.03593,43
TSLA,single_name,2026-03-03,2027-03-19,460,381,0.3202333743474735,0.3607827441880757,0.5326790548259526,0.532083983436918,-0.1719,20,0.508529712805608,-0.0527,-0.02355,44
TSLA,single_name,2026-03-03,2027-03-19,460,381,0.3202333743474735,0.3607827441880757,0.5326790548259526,0.532083983436918,-0.1719,40,0.495813246760088,-0.05002,-0.03627,44
TSLA,single_name,2026-03-04,2027-03-19,470,380,0.34670678834674074,0.3661516792023409,0.5335543876865749,0.533600013167076,-0.1674,20,0.509056850497354,-0.0608,-0.02454,45
TSLA,single_name,2026-03-04,2027-03-19,470,380,0.34670678834674074,0.3661516792023409,0.5335543876865749,0.533600013167076,-0.1674,40,0.499980814744322,-0.05989,-0.03362,45
TSLA,single_name,2026-03-05,2027-03-19,470,379,0.31861843848991966,0.3661066038100068,0.5351162052765054,0.535157214085222,-0.16901,20,0.508803885143082,-0.11086,-0.02635,46
TSLA,single_name,2026-03-05,2027-03-19,470,379,0.31861843848991966,0.3661066038100068,0.5351162052765054,0.535157214085222,-0.16901,40,0.504432037997849,-0.03632,-0.03073,46
TSLA,single_name,2026-03-06,2027-03-19,460,378,0.318687270491075,0.36223660516339773,0.5397441652731775,0.539878880746009,-0.17751,20,0.512019201322554,-0.11068,-0.02786,47
TSLA,single_name,2026-03-06,2027-03-19,460,378,0.318687270491075,0.36223660516339773,0.5397441652731775,0.539878880746009,-0.17751,40,0.509384663742278,-0.01064,-0.03049,47
TSLA,single_name,2026-03-09,2027-03-19,460,375,0.2925151896787441,0.3612738989860693,0.5353002553595635,0.53547844006515,-0.17403,20,0.512371647603861,-0.13051,-0.02311,48
TSLA,single_name,2026-03-09,2027-03-19,460,375,0.2925151896787441,0.3612738989860693,0.5353002553595635,0.53547844006515,-0.17403,40,0.507905422375588,-0.02335,-0.02757,48
TSLA,single_name,2026-03-10,2027-06-17,480,464,0.2862415863155884,0.35983307562006883,0.5411276483840486,0.541184542283506,-0.18129,20,0.526469715796196,-0.14024,-0.01471,49
TSLA,single_name,2026-03-10,2027-06-17,480,464,0.2862415863155884,0.35983307562006883,0.5411276483840486,0.541184542283506,-0.18129,40,0.518048412614134,-0.00128,-0.02314,49
TSLA,single_name,2026-03-11,2027-06-17,490,463,0.28882963402393635,0.3625605765448296,0.5415162503357557,0.541552105346904,-0.17896,20,0.521513645679344,-0.15252,-0.02004,50
TSLA,single_name,2026-03-11,2027-06-17,490,463,0.28882963402393635,0.3625605765448296,0.5415162503357557,0.541552105346904,-0.17896,40,0.522814428729867,0.00973,-0.01874,50
TSLA,single_name,2026-03-12,2027-06-17,480,462,0.3050771635321344,0.36298760129171226,0.5488241449281075,0.54863704579007,-0.18584,20,0.518627518414653,-0.1166,-0.03001,51
TSLA,single_name,2026-03-12,2027-06-17,480,462,0.3050771635321344,0.36298760129171226,0.5488241449281075,0.54863704579007,-0.18584,40,0.534212419244251,0.0844,-0.01442,51
TSLA,single_name,2026-03-13,2027-06-17,470,461,0.2943109288430599,0.35472623307444867,0.5472929696328442,0.54752213979221,-0.19257,20,0.517806169343124,-0.09913,-0.02972,52
TSLA,single_name,2026-03-13,2027-06-17,470,461,0.2943109288430599,0.35472623307444867,0.5472929696328442,0.54752213979221,-0.19257,40,0.550361556447358,0.13753,0.00284,52
TSLA,single_name,2026-03-16,2027-06-17,480,458,0.29838712488218055,0.34915010646364825,0.5422375650520912,0.541846998238686,-0.19309,20,0.520795878548314,-0.07928,-0.02105,53
TSLA,single_name,2026-03-16,2027-06-17,480,458,0.29838712488218055,0.34915010646364825,0.5422375650520912,0.541846998238686,-0.19309,40,0.550235667487882,0.09579,0.00839,53
TSLA,single_name,2026-03-17,2027-06-17,480,457,0.2966525442296713,0.3379761937907702,0.5310779822319384,0.530665998451235,-0.1931,20,0.53817670724401,-0.01833,0.00751,54
TSLA,single_name,2026-03-17,2027-06-17,480,457,0.2966525442296713,0.3379761937907702,0.5310779822319384,0.530665998451235,-0.1931,40,0.552794981892195,0.11521,0.02213,54
TSLA,single_name,2026-03-18,2027-06-17,470,456,0.3010626930890326,0.33039639194593373,0.5318989597702255,0.531764719238395,-0.2015,20,0.538332446456346,-0.00988,0.00657,55
TSLA,single_name,2026-03-18,2027-06-17,470,456,0.3010626930890326,0.33039639194593373,0.5318989597702255,0.531764719238395,-0.2015,40,0.549048314029927,0.12862,0.01728,55
TSLA,single_name,2026-03-19,2027-06-17,450,455,0.3188874017082821,0.3356372192675746,0.5346354514076679,0.53533878844323,-0.199,20,0.537154936468174,0.05343,0.00182,56
TSLA,single_name,2026-03-19,2027-06-17,450,455,0.3188874017082821,0.3356372192675746,0.5346354514076679,0.53533878844323,-0.199,40,0.540779984050794,0.11028,0.00544,56
TSLA,single_name,2026-03-20,2027-06-17,440,454,0.33449413916299786,0.3383446470046391,0.5410991945724207,0.541152815277605,-0.20275,20,0.538281885225941,0.06669,-0.00287,57
TSLA,single_name,2026-03-20,2027-06-17,440,454,0.33449413916299786,0.3383446470046391,0.5410991945724207,0.541152815277605,-0.20275,40,0.538641796899191,0.11422,-0.00251,57
TSLA,single_name,2026-03-23,2027-06-17,450,451,0.3505315220581402,0.3476993731672892,0.5344687784366421,0.535185243195689,-0.18394,20,0.53558922873343,0.01463,0.0004,58
TSLA,single_name,2026-03-23,2027-06-17,450,451,0.3505315220581402,0.3476993731672892,0.5344687784366421,0.535185243195689,-0.18394,40,0.539083103403481,0.06107,0.0039,58
TSLA,single_name,2026-03-24,2027-06-17,460,450,0.3384491840309808,0.3481949509411733,0.5348553763208292,0.534017542410015,-0.18666,20,0.531483365984707,0.0117,-0.00253,59
TSLA,single_name,2026-03-24,2027-06-17,460,450,0.3384491840309808,0.3481949509411733,0.5348553763208292,0.534017542410015,-0.18666,40,0.538690494480674,0.08937,0.00467,59
TSLA,single_name,2026-03-25,2027-06-17,460,449,0.3304333971723646,0.34708722459559044,0.5360887656965134,0.536183604433667,-0.189,20,0.522200744733602,-0.03169,-0.01398,60
TSLA,single_name,2026-03-25,2027-06-17,460,449,0.3304333971723646,0.34708722459559044,0.5360887656965134,0.536183604433667,-0.189,40,0.540309499650478,0.08265,0.00413,60
TSLA,single_name,2026-03-26,2027-06-17,440,448,0.34510344882689314,0.34833971324133567,0.5404346597870692,0.54125243211994,-0.19209,20,0.522012366650554,0.01126,-0.01924,61
TSLA,single_name,2026-03-26,2027-06-17,440,448,0.34510344882689314,0.34833971324133567,0.5404346597870692,0.54125243211994,-0.19209,40,0.544535128048278,0.14485,0.00328,61
TSLA,single_name,2026-03-27,2027-06-17,430,447,0.35327553623215535,0.351593966876578,0.5426454759630585,0.543529575549994,-0.18937,20,0.522575625272299,0.04654,-0.02095,62
TSLA,single_name,2026-03-27,2027-06-17,430,447,0.35327553623215535,0.351593966876578,0.5426454759630585,0.543529575549994,-0.18937,40,0.550143153741126,0.19833,0.00661,62
TSLA,single_name,2026-03-30,2027-06-17,420,444,0.3550182767390144,0.3525919163333076,0.5392142075312635,0.540033937546223,-0.1842,20,0.520925195227564,0.05838,-0.01911,63
TSLA,single_name,2026-03-30,2027-06-17,420,444,0.3550182767390144,0.3525919163333076,0.5392142075312635,0.540033937546223,-0.1842,40,0.561577727632959,0.23947,0.02154,63
TSLA,single_name,2026-03-31,2027-06-17,440,443,0.3899478884413742,0.3635747673383654,0.5279493521017515,0.527998086721297,-0.138,20,0.512792132630512,0.00282,-0.01521,64
TSLA,single_name,2026-03-31,2027-06-17,440,443,0.3899478884413742,0.3635747673383654,0.5279493521017515,0.527998086721297,-0.138,40,0.552255908303068,0.18924,0.02426,64
TSLA,single_name,2026-04-01,2027-06-17,450,442,0.3803445089883714,0.36165367846549196,0.527876726956363,0.528140251741663,-0.14753,20,0.514389278650385,0.00097,-0.01375,65
TSLA,single_name,2026-04-01,2027-06-17,450,442,0.3803445089883714,0.36165367846549196,0.527876726956363,0.528140251741663,-0.14753,40,0.543923464894147,0.14303,0.01578,65
TSLA,single_name,2026-04-02,2027-06-17,430,441,0.4234507230870252,0.36889296986763415,0.532435971252068,0.53189588753406,-0.10899,20,0.522302739727704,0.08383,-0.00959,66
TSLA,single_name,2026-04-02,2027-06-17,430,441,0.4234507230870252,0.36889296986763415,0.532435971252068,0.53189588753406,-0.10899,40,0.548117357489815,0.15333,0.01622,66
TSLA,single_name,2026-04-06,2027-06-17,420,437,0.42334804685628596,0.37088600561087665,0.5346562190906763,0.534320443882141,-0.11131,20,0.528479535289164,0.11249,-0.00584,67
TSLA,single_name,2026-04-06,2027-06-17,420,437,0.42334804685628596,0.37088600561087665,0.5346562190906763,0.534320443882141,-0.11131,40,0.550795476678213,0.20101,0.01648,67
TSLA,single_name,2026-04-07,2027-06-17,410,436,0.4233064328936291,0.3709422378803868,0.5355053449009073,0.535761576344117,-0.1122,20,0.529253533102467,0.12324,-0.00651,68
TSLA,single_name,2026-04-07,2027-06-17,410,436,0.4233064328936291,0.3709422378803868,0.5355053449009073,0.535761576344117,-0.1122,40,0.556501310680213,0.22227,0.02074,68
TSLA,single_name,2026-04-08,2027-06-17,410,435,0.4222299806161345,0.36752550713859783,0.537649749361499,0.5370942627436,-0.11542,20,0.528152182979388,0.16163,-0.00894,69
TSLA,single_name,2026-04-08,2027-06-17,410,435,0.4222299806161345,0.36752550713859783,0.537649749361499,0.5370942627436,-0.11542,40,0.553008701544695,0.21908,0.01591,69
TSLA,single_name,2026-04-09,2027-06-17,410,434,0.4121771499802564,0.3672479931541746,0.5323907796437185,0.532154086222749,-0.12021,20,0.534065369084618,0.19145,0.00191,70
TSLA,single_name,2026-04-09,2027-06-17,410,434,0.4121771499802564,0.3672479931541746,0.5323907796437185,0.532154086222749,-0.12021,40,0.560748036602276,0.18862,0.02859,70
TSLA,single_name,2026-04-10,2027-06-17,410,433,0.40689969755099653,0.3683589375428921,0.5259604050749881,0.526157087563151,-0.11906,20,0.546141756302136,0.22754,0.01998,71
TSLA,single_name,2026-04-10,2027-06-17,410,433,0.40689969755099653,0.3683589375428921,0.5259604050749881,0.526157087563151,-0.11906,40,0.560609715770321,0.17194,0.03445,71
TSLA,single_name,2026-04-13,2027-06-17,410,430,0.41059292043545687,0.3683018122017128,0.525237097166725,0.525949414165249,-0.11464,20,0.563754891242331,0.2627,0.03781,72
TSLA,single_name,2026-04-13,2027-06-17,410,430,0.41059292043545687,0.3683018122017128,0.525237097166725,0.525949414165249,-0.11464,40,0.564628250282985,0.16764,0.03868,72
TSLA,single_name,2026-04-14,2027-06-17,430,429,0.4289503409593257,0.37582772380052154,0.5263537846632764,0.526208791498623,-0.0974,20,0.559477006113001,0.19014,0.03327,73
TSLA,single_name,2026-04-14,2027-06-17,430,429,0.4289503409593257,0.37582772380052154,0.5263537846632764,0.526208791498623,-0.0974,40,0.563405225240532,0.07781,0.0372,73
TSLA,single_name,2026-04-15,2027-06-17,470,428,0.5085829371712693,0.4072459040831927,0.539831899058529,0.539438635555442,-0.03125,20,0.553862587727108,0.13604,0.01442,74
TSLA,single_name,2026-04-15,2027-06-17,470,428,0.5085829371712693,0.4072459040831927,0.539831899058529,0.539438635555442,-0.03125,40,0.562366557435221,-0.01013,0.02293,74
TSLA,single_name,2026-04-16,2027-06-17,460,427,0.5060292366798735,0.39851449483683493,0.5397102887475922,0.539971663793993,-0.03368,20,0.550310379239209,0.13988,0.01034,75
TSLA,single_name,2026-04-16,2027-06-17,460,427,0.5060292366798735,0.39851449483683493,0.5397102887475922,0.539971663793993,-0.03368,40,0.561739644752735,0.04508,0.02177,75
TSLA,single_name,2026-04-17,2027-06-17,470,426,0.5021934895258676,0.3988501862087627,0.5346003409949587,0.535062952704351,-0.03241,20,0.539392296748851,0.05397,0.00433,76
TSLA,single_name,2026-04-17,2027-06-17,470,426,0.5021934895258676,0.3988501862087627,0.5346003409949587,0.535062952704351,-0.03241,40,0.548613011869953,0.02628,0.01355,76
TSLA,single_name,2026-04-20,2027-06-17,460,423,0.49230138511382215,0.3910073492065428,0.5366143043951482,0.536986985162129,-0.04431,20,0.535689746908781,0.04456,-0.0013,77
TSLA,single_name,2026-04-20,2027-06-17,460,423,0.49230138511382215,0.3910073492065428,0.5366143043951482,0.536986985162129,-0.04431,40,0.545649353569051,0.03098,0.00866,77
TSLA,single_name,2026-04-21,2027-06-17,460,422,0.4821762382913703,0.3919465518036118,0.5347491507211795,0.534162693651252,-0.05257,20,0.537252074559781,0.04578,0.00309,78
TSLA,single_name,2026-04-21,2027-06-17,460,422,0.4821762382913703,0.3919465518036118,0.5347491507211795,0.534162693651252,-0.05257,40,0.548265247049792,0.02578,0.0141,78
TSLA,single_name,2026-04-22,2027-06-17,460,421,0.4818891987091394,0.38743471136498436,0.5318124406849697,0.531483365984707,-0.04992,20,0.538690494480674,0.07677,0.00721,79
TSLA,single_name,2026-04-22,2027-06-17,460,421,0.4818891987091394,0.38743471136498436,0.5318124406849697,0.531483365984707,-0.04992,40,0.540761599565117,0.0335,0.00928,79
TSLA,single_name,2026-04-23,2027-06-17,440,420,0.49826526374555336,0.3934571022729114,0.5248952114705485,0.524685084817401,-0.02663,20,0.543747556944363,0.11808,0.01906,80
TSLA,single_name,2026-04-23,2027-06-17,440,420,0.49826526374555336,0.3934571022729114,0.5248952114705485,0.524685084817401,-0.02663,40,0.542886387235362,0.08383,0.0182,80
TSLA,single_name,2026-04-24,2027-06-17,440,419,0.48146957478626173,0.39384560437635446,0.5219898845489317,0.522012366650554,-0.04052,20,0.544535128048278,0.1321,0.02252,81
TSLA,single_name,2026-04-24,2027-06-17,440,419,0.48146957478626173,0.39384560437635446,0.5219898845489317,0.522012366650554,-0.04052,40,0.542350551417089,0.01411,0.02034,81
TSLA,single_name,2026-04-27,2027-06-17,440,416,0.4697202332458938,0.38819047943983714,0.5200786691336524,0.520449840338777,-0.05036,20,0.548532580497342,0.14503,0.02808,82
TSLA,single_name,2026-04-27,2027-06-17,440,416,0.4697202332458938,0.38819047943983714,0.5200786691336524,0.520449840338777,-0.05036,40,0.538468803134568,-0.00829,0.01802,82
TSLA,single_name,2026-04-28,2027-06-17,440,415,0.46486832096131986,0.38168232287020715,0.5177552652106617,0.517430947292686,-0.05289,20,0.556094643710901,0.17111,0.03866,83
TSLA,single_name,2026-04-28,2027-06-17,440,415,0.46486832096131986,0.38168232287020715,0.5177552652106617,0.517430947292686,-0.05289,40,0.529406704400476,-0.00239,0.01198,83
TSLA,single_name,2026-04-29,2027-06-17,430,414,0.4381521497812613,0.38009290844974464,0.5135969722899201,0.513940960558793,-0.07544,20,0.554914651079123,0.18589,0.04097,84
TSLA,single_name,2026-04-29,2027-06-17,430,414,0.4381521497812613,0.38009290844974464,0.5135969722899201,0.513940960558793,-0.07544,40,0.532022870618066,0.01854,0.01808,84
TSLA,single_name,2026-04-30,2027-06-17,440,413,0.4367922156835047,0.38363820134684684,0.5149613029764999,0.515275232876134,-0.07817,20,0.545174514334345,0.14192,0.0299,85
TSLA,single_name,2026-04-30,2027-06-17,440,413,0.4367922156835047,0.38363820134684684,0.5149613029764999,0.515275232876134,-0.07817,40,0.541891088400458,0.07916,0.02662,85
TSLA,single_name,2026-05-01,2027-06-17,450,412,0.3908863144660904,0.37930187288438416,0.5187814208092573,0.5195852060479,-0.1279,20,0.544299759822489,0.06412,0.02471,86
TSLA,single_name,2026-05-01,2027-06-17,450,412,0.3908863144660904,0.37930187288438416,0.5187814208092573,0.5195852060479,-0.1279,40,0.542701231163743,0.0762,0.02312,86
TSLA,single_name,2026-05-04,2027-06-17,460,409,0.3788231577673186,0.37681822225559425,0.522615373603036,0.522369737856223,-0.14379,20,0.54342808295174,0.07956,0.02106,87
TSLA,single_name,2026-05-04,2027-06-17,460,409,0.3788231577673186,0.37681822225559425,0.522615373603036,0.522369737856223,-0.14379,40,0.534010585346211,0.08354,0.01164,87
TSLA,single_name,2026-05-05,2027-06-17,450,408,0.3725779698135924,0.37015453826101374,0.5214041669399697,0.521811144624328,-0.14883,20,0.548347688731604,0.08817,0.02654,88
TSLA,single_name,2026-05-05,2027-06-17,450,408,0.3725779698135924,0.37015453826101374,0.5214041669399697,0.521811144624328,-0.14883,40,0.534219368438574,0.01048,0.01241,88
TSLA,single_name,2026-05-06,2027-06-17,460,407,0.3729342796920395,0.3721918266198899,0.5199150005202933,0.520403683661206,-0.14698,20,0.544914167701738,0.04946,0.02451,89
TSLA,single_name,2026-05-07,2027-06-17,480,406,0.3830997316964212,0.37621738534284543,0.5234384466569201,0.523382343709703,-0.14034,20,0.552748416783568,-0.00238,0.02937,90
TSLA,single_name,2026-05-08,2027-06-17,500,405,0.39829704183472375,0.3847501249841675,0.5313508800377224,0.531455297351412,-0.13305,20,0.551051569614562,-0.04529,0.0196,91
TSLA,single_name,2026-05-11,2027-06-17,520,402,0.4103921112156786,0.38851670591953125,0.5437167518420091,0.544030046695639,-0.13332,20,0.552737253379899,-0.07528,0.00871,92
TSLA,single_name,2026-05-12,2027-06-17,510,401,0.4233684563558785,0.3925480762456195,0.5478768916355198,0.5479783442092,-0.12451,20,0.558768741365298,-0.09438,0.01079,93
TSLA,single_name,2026-05-13,2027-06-17,530,400,0.3558525463375394,0.3945428215737215,0.548839186542735,0.549013703176046,-0.1543,20,0.560475723544674,-0.12866,0.01146,94
TSLA,single_name,2026-05-14,2027-06-17,520,399,0.3542645592698104,0.39471990252961076,0.5429371961379954,0.542988189953224,-0.14822,20,0.557088247828413,-0.08317,0.0141,95
TSLA,single_name,2026-05-15,2027-06-17,490,398,0.3934049284375148,0.4077650080417813,0.5364623692142544,0.536410237531036,-0.1287,20,0.547585318947468,-0.02626,0.01118,96
TSLA,single_name,2026-05-18,2027-06-17,480,395,0.4015894014254825,0.4123325847976723,0.5334861147692678,0.533447020301382,-0.12115,20,0.544082880849034,-0.013,0.01064,97
TSLA,single_name,2026-05-19,2027-06-17,470,394,0.40092503216233694,0.408869135927179,0.5350797491864421,0.535174460119787,-0.12621,20,0.548332100532836,-0.01913,0.01316,98
TSLA,single_name,2026-05-20,2027-06-17,490,393,0.4146523761687428,0.411286065842653,0.5349746634907249,0.534452225434669,-0.12032,20,0.540131104869711,-0.04019,0.00568,99
TSLA,single_name,2026-05-21,2027-06-17,490,392,0.38718950001564517,0.40936884449813005,0.537307958062065,0.53720063580937,-0.12794,20,0.539046570707644,-0.03063,0.00185,100
TSLA,single_name,2026-05-22,2027-06-17,500,391,0.3902581224622196,0.4087885767747868,0.5367211965344051,0.536497342218289,-0.12793,20,0.538355406076385,-0.10422,0.00186,101
TSLA,single_name,2026-05-26,2027-06-17,510,387,0.39236383245573037,0.4089133879891669,0.5404783149399505,0.539955450443659,-0.13156,20,0.535318032342316,-0.13391,-0.00464,102
TSLA,single_name,2026-05-27,2027-06-17,520,386,0.38999770039467496,0.4099541787548774,0.5474564219108828,0.547204321970733,-0.1375,20,0.525760516693506,-0.14815,-0.02144,103
TSLA,single_name,2026-05-28,2027-06-17,520,385,0.38547542268003027,0.4055455525324332,0.5430105529047102,0.542779927405453,-0.13747,20,0.526698222626295,-0.14112,-0.01608,104
TSLA,single_name,2026-05-29,2027-06-17,510,384,0.3894374092685094,0.40138429808432013,0.5379384594350871,0.537825413407644,-0.13655,20,0.534406825335488,-0.05496,-0.00342,105
TSLA,single_name,2026-06-01,2027-06-17,480,381,0.42693537150468275,0.4132301948950675,0.5412478671945623,0.541361981136621,-0.11431,20,0.537246252901185,0.01135,-0.00412,106
TSLA,single_name,2026-06-02,2027-06-17,490,380,0.43052418533015774,0.4122228672088596,0.5403639796715939,0.540708596402904,-0.10984,20,0.530061607489995,0.00368,-0.01065,107
TSLA,single_name,2026-06-03,2027-06-17,490,379,0.42854146764215734,0.4121530455496826,0.5430858815449571,0.543499423937384,-0.11454,20,0.530427570514775,-0.07139,-0.01307,108
MU,single_name,2025-12-26,2027-01-15,360,385,0.632970208772063,0.6586303880723356,0.6614056865505691,0.661467742728032,-0.00278,20,0.753139800626583,0.4405,0.09167,0
MU,single_name,2025-12-26,2027-01-15,360,385,0.632970208772063,0.6586303880723356,0.6614056865505691,0.661467742728032,-0.00278,40,0.77228047688214,0.50637,0.11081,0
MU,single_name,2025-12-29,2027-01-15,370,382,0.635536345208922,0.6607206913439434,0.6711265543617516,0.671736882692295,-0.01041,20,0.773369153282976,0.47868,0.10163,1
MU,single_name,2025-12-29,2027-01-15,370,382,0.635536345208922,0.6607206913439434,0.6711265543617516,0.671736882692295,-0.01041,40,0.753304686387737,0.41169,0.08157,1
MU,single_name,2025-12-30,2027-01-15,370,381,0.6378932716019657,0.6606495800551114,0.6740506396119245,0.673977780517355,-0.0134,20,0.770763862070906,0.48922,0.09679,2
MU,single_name,2025-12-30,2027-01-15,370,381,0.6378932716019657,0.6606495800551114,0.6740506396119245,0.673977780517355,-0.0134,40,0.75778504034571,0.40919,0.08381,2
MU,single_name,2025-12-31,2027-01-15,360,380,0.6481755065576209,0.6636674930113236,0.6727897133511683,0.673018184082405,-0.00912,20,0.778242866126387,0.45363,0.10522,3
MU,single_name,2025-12-31,2027-01-15,360,380,0.6481755065576209,0.6636674930113236,0.6727897133511683,0.673018184082405,-0.00912,40,0.764789820193531,0.44588,0.09177,3
MU,single_name,2026-01-02,2027-01-15,400,378,0.712419042272023,0.6865244178817026,0.68611094144129,0.686605533689852,0.02631,20,0.769107268187728,0.38799,0.0825,4
MU,single_name,2026-01-02,2027-01-15,400,378,0.712419042272023,0.6865244178817026,0.68611094144129,0.686605533689852,0.02631,40,0.736949046593864,0.20373,0.05034,4
MU,single_name,2026-01-05,2027-01-15,400,375,0.6969931866073688,0.6802603109404299,0.6878913588234118,0.687830245389914,0.0091,20,0.775436779442265,0.34371,0.08761,5
MU,single_name,2026-01-05,2027-01-15,400,375,0.6969931866073688,0.6802603109404299,0.6878913588234118,0.687830245389914,0.0091,40,0.741938043631366,0.2839,0.05411,5
MU,single_name,2026-01-06,2027-01-15,440,374,0.7458964600149042,0.7007225758950788,0.7049544299494348,0.705770430948888,0.04094,20,0.771862818871265,0.10474,0.06609,6
MU,single_name,2026-01-06,2027-01-15,440,374,0.7458964600149042,0.7007225758950788,0.7049544299494348,0.705770430948888,0.04094,40,0.729920477691242,0.15613,0.02415,6
MU,single_name,2026-01-07,2027-01-15,440,373,0.7485047387621301,0.6881398090597614,0.7039790424858828,0.703969159031363,0.04453,20,0.756795735804537,0.12764,0.05283,7
MU,single_name,2026-01-07,2027-01-15,440,373,0.7485047387621301,0.6881398090597614,0.7039790424858828,0.703969159031363,0.04453,40,0.754715344858695,0.09056,0.05075,7
MU,single_name,2026-01-08,2027-01-15,420,372,0.7716276944301799,0.6872780112149477,0.7018261720192452,0.701866159780958,0.0698,20,0.748546727616554,0.20693,0.04668,8
MU,single_name,2026-01-08,2027-01-15,420,372,0.7716276944301799,0.6872780112149477,0.7018261720192452,0.701866159780958,0.0698,40,0.7466357680286,0.19051,0.04477,8
MU,single_name,2026-01-09,2027-01-15,440,371,0.7777352460174369,0.6885016867687647,0.7006637159300899,0.700713681296339,0.07707,20,0.729777784881278,0.1113,0.02906,9
MU,single_name,2026-01-09,2027-01-15,440,371,0.7777352460174369,0.6885016867687647,0.7006637159300899,0.700713681296339,0.07707,40,0.742629589128735,0.16813,0.04192,9
MU,single_name,2026-01-12,2027-01-15,440,368,0.7689382272254356,0.6879191239732221,0.6953820445016362,0.695260522876756,0.07356,20,0.72964039986328,0.07916,0.03438,10
MU,single_name,2026-01-12,2027-01-15,440,368,0.7689382272254356,0.6879191239732221,0.6953820445016362,0.695260522876756,0.07356,40,0.746301831946789,0.21054,0.05104,10
MU,single_name,2026-01-13,2027-01-15,430,367,0.7174559560417588,0.6848990879893117,0.697256874189048,0.697525245132015,0.0202,20,0.748910337066583,0.21356,0.05139,11
MU,single_name,2026-01-13,2027-01-15,430,367,0.7174559560417588,0.6848990879893117,0.697256874189048,0.697525245132015,0.0202,40,0.740468197140868,0.1988,0.04294,11
MU,single_name,2026-01-14,2027-01-15,420,366,0.7168866516735851,0.6862376491528159,0.6966019645219106,0.69714963737278,0.02028,20,0.763609704264563,0.24185,0.06646,12
MU,single_name,2026-01-14,2027-01-15,420,366,0.7168866516735851,0.6862376491528159,0.6966019645219106,0.69714963737278,0.02028,40,0.741356468940157,0.27833,0.04421,12
MU,single_name,2026-01-15,2027-01-15,430,365,0.703298252332828,0.6856996097376074,0.6957629076919261,0.695573071446604,0.00754,20,0.74909168743311,0.22289,0.05352,13
MU,single_name,2026-01-15,2027-01-15,430,365,0.703298252332828,0.6856996097376074,0.6957629076919261,0.695573071446604,0.00754,40,0.75033618771416,0.31242,0.05476,13
MU,single_name,2026-01-16,2027-06-17,510,517,0.7052183238561804,0.696144274711937,0.6891208749651974,0.68905255544612,0.0161,20,0.728346114065238,0.10208,0.03929,14
MU,single_name,2026-01-16,2027-06-17,510,517,0.7052183238561804,0.696144274711937,0.6891208749651974,0.68905255544612,0.0161,40,0.732671586522918,0.27275,0.04362,14
MU,single_name,2026-01-20,2027-06-17,530,513,0.6514158744508698,0.6936015649289654,0.7189657463068766,0.718724465986387,-0.02536,20,0.73111509163112,0.15329,0.01239,15
MU,single_name,2026-01-20,2027-06-17,530,513,0.6514158744508698,0.6936015649289654,0.7189657463068766,0.718724465986387,-0.02536,40,0.740586785327375,0.26501,0.02186,15
MU,single_name,2026-01-21,2027-06-17,560,512,0.6480012515499166,0.6995944049999243,0.7220710845227077,0.722141636231781,-0.02248,20,0.721452447493115,0.07258,-0.00069,16
MU,single_name,2026-01-21,2027-06-17,560,512,0.6480012515499166,0.6995944049999243,0.7220710845227077,0.722141636231781,-0.02248,40,0.718202820820018,0.14176,-0.00394,16
MU,single_name,2026-01-22,2027-06-17,580,511,0.6436681453174469,0.6930346936193476,0.7304675909489443,0.73036729450026,-0.03743,20,0.701605846080596,0.07694,-0.02876,17
MU,single_name,2026-01-22,2027-06-17,580,511,0.6436681453174469,0.6930346936193476,0.7304675909489443,0.73036729450026,-0.03743,40,0.711280028045462,0.06369,-0.01909,17
MU,single_name,2026-01-23,2027-06-17,590,510,0.6415337049754662,0.6930264452850293,0.7420860395873142,0.742107584086629,-0.04906,20,0.719131581235893,0.05335,-0.02298,18
MU,single_name,2026-01-23,2027-06-17,590,510,0.6415337049754662,0.6930264452850293,0.7420860395873142,0.742107584086629,-0.04906,40,0.694678819065957,0.01176,-0.04743,18
MU,single_name,2026-01-26,2027-06-17,570,507,0.6568562658936583,0.6970973206107942,0.7330275372539979,0.732942616668851,-0.03593,20,0.73280512163252,0.07433,-0.00014,19
MU,single_name,2026-01-26,2027-06-17,570,507,0.6568562658936583,0.6970973206107942,0.7330275372539979,0.732942616668851,-0.03593,40,0.685156801504672,0.01655,-0.04779,19
MU,single_name,2026-01-27,2027-06-17,600,506,0.6645040246096436,0.7024229648932548,0.7330109874835141,0.732859871268064,-0.03059,20,0.719568774976455,0.04573,-0.01329,20
MU,single_name,2026-01-27,2027-06-17,600,506,0.6645040246096436,0.7024229648932548,0.7330109874835141,0.732859871268064,-0.03059,40,0.675178046327569,-0.06862,-0.05768,20
MU,single_name,2026-01-28,2027-06-17,640,505,0.6785906214266577,0.708143827093163,0.7511231070256458,0.751164474716136,-0.04298,20,0.705562921188313,-0.0453,-0.0456,21
MU,single_name,2026-01-28,2027-06-17,640,505,0.6785906214266577,0.708143827093163,0.7511231070256458,0.751164474716136,-0.04298,40,0.674525997452026,-0.18338,-0.07664,21
MU,single_name,2026-01-29,2027-06-17,640,504,0.6755151440505913,0.7079944479288729,0.7399985889921086,0.739738824988277,-0.032,20,0.704463133745992,-0.05374,-0.03528,22
MU,single_name,2026-01-29,2027-06-17,640,504,0.6755151440505913,0.7079944479288729,0.7399985889921086,0.739738824988277,-0.032,40,0.665342793457897,-0.18029,-0.0744,22
MU,single_name,2026-01-30,2027-06-17,610,503,0.7017830243348555,0.7144180276230883,0.7472205231623668,0.747153164268935,-0.0328,20,0.710790179527978,-0.00533,-0.03636,23
MU,single_name,2026-01-30,2027-06-17,610,503,0.7017830243348555,0.7144180276230883,0.7472205231623668,0.747153164268935,-0.0328,40,0.669434725029472,-0.22435,-0.07772,23
MU,single_name,2026-02-02,2027-06-17,640,500,0.6479073001314046,0.6986170551261262,0.74942595000028,0.749640318805084,-0.05081,20,0.707399378466961,-0.13275,-0.04224,24
MU,single_name,2026-02-02,2027-06-17,640,500,0.6479073001314046,0.6986170551261262,0.74942595000028,0.749640318805084,-0.05081,40,0.67744098628684,-0.22832,-0.0722,24
MU,single_name,2026-02-03,2027-06-17,620,499,0.6753425403359792,0.6900903462167634,0.7530701137227772,0.753115486576972,-0.06298,20,0.707930629212336,-0.04451,-0.04518,25
MU,single_name,2026-02-03,2027-06-17,620,499,0.6753425403359792,0.6900903462167634,0.7530701137227772,0.753115486576972,-0.06298,40,0.696234134575742,-0.123,-0.05688,25
MU,single_name,2026-02-04,2027-06-17,560,498,0.7210652488801754,0.7258139215125815,0.7643776026647093,0.764451601505697,-0.03856,20,0.711241298004637,0.04652,-0.05321,26
MU,single_name,2026-02-04,2027-06-17,560,498,0.7210652488801754,0.7258139215125815,0.7643776026647093,0.764451601505697,-0.03856,40,0.697277862467774,-0.03469,-0.06717,26
MU,single_name,2026-02-05,2027-06-17,560,497,0.7185714565326192,0.7255499905301607,0.7400014468313725,0.739884959060731,-0.01445,20,0.725152615810219,-0.03288,-0.01473,27
MU,single_name,2026-02-05,2027-06-17,560,497,0.7185714565326192,0.7255499905301607,0.7400014468313725,0.739884959060731,-0.01445,40,0.701412817283659,-0.0134,-0.03847,27
MU,single_name,2026-02-06,2027-06-17,570,496,0.7042191817265554,0.7181306664751693,0.7325421862335465,0.732462659371784,-0.01441,20,0.712897123613111,-0.01361,-0.01957,28
MU,single_name,2026-02-06,2027-06-17,570,496,0.7042191817265554,0.7181306664751693,0.7325421862335465,0.732462659371784,-0.01441,40,0.694012284395925,-0.04335,-0.03845,28
MU,single_name,2026-02-09,2027-06-17,550,493,0.6961335603534706,0.7124088192058841,0.7249961569022577,0.72496563549084,-0.01259,20,0.713644657754843,0.05113,-0.01132,29
MU,single_name,2026-02-09,2027-06-17,550,493,0.6961335603534706,0.7124088192058841,0.7249961569022577,0.72496563549084,-0.01259,40,0.694762902256288,0.06057,-0.0302,29
MU,single_name,2026-02-10,2027-06-17,530,492,0.705553253087294,0.7157603655140046,0.7225114327197087,0.722517699018913,-0.00675,20,0.724424267379721,0.12174,0.00191,30
MU,single_name,2026-02-10,2027-06-17,530,492,0.705553253087294,0.7157603655140046,0.7225114327197087,0.722517699018913,-0.00675,40,0.70784848048244,0.1293,-0.01467,30
MU,single_name,2026-02-11,2027-06-17,590,491,0.7674998846070021,0.7329194207898443,0.7379130104851634,0.737947414700675,0.02959,20,0.714400025675001,-0.01216,-0.02355,31
MU,single_name,2026-02-11,2027-06-17,590,491,0.7674998846070021,0.7329194207898443,0.7379130104851634,0.737947414700675,0.02959,40,0.710750967049634,0.02498,-0.0272,31
MU,single_name,2026-02-12,2027-06-17,600,490,0.7623176714764857,0.7299360596620141,0.7429313653512051,0.742891227441183,0.01939,20,0.714247950318828,0.02937,-0.02864,32
MU,single_name,2026-02-12,2027-06-17,600,490,0.7623176714764857,0.7299360596620141,0.7429313653512051,0.742891227441183,0.01939,40,0.703122224659625,0.03041,-0.03977,32
MU,single_name,2026-02-13,2027-06-17,590,489,0.7645491417835775,0.72812389356614,0.7342906096694378,0.734303445010082,0.03026,20,0.72271550532472,0.07322,-0.01159,33
MU,single_name,2026-02-13,2027-06-17,590,489,0.7645491417835775,0.72812389356614,0.7342906096694378,0.734303445010082,0.03026,40,0.73001386837478,0.13118,-0.00429,33
MU,single_name,2026-02-17,2027-06-17,570,485,0.7364946562817326,0.7195050054344517,0.7243978477473924,0.724112864109802,0.0121,20,0.724253635007462,0.15486,0.00014,34
MU,single_name,2026-02-17,2027-06-17,570,485,0.7364946562817326,0.7195050054344517,0.7243978477473924,0.724112864109802,0.0121,40,0.737490366146363,0.1412,0.01338,34
MU,single_name,2026-02-18,2027-06-17,600,484,0.7549886843602307,0.7233346241377568,0.7255800485438638,0.725245117287541,0.02941,20,0.733509684659629,0.09688,0.00826,35
MU,single_name,2026-02-18,2027-06-17,600,484,0.7549886843602307,0.7233346241377568,0.7255800485438638,0.725245117287541,0.02941,40,0.732670423904077,0.08619,0.00743,35
MU,single_name,2026-02-19,2027-06-17,590,483,0.7259154706148844,0.6758454228145102,0.7198630085165328,0.719780992674332,0.00605,20,0.713206141570272,0.0645,-0.00657,36
MU,single_name,2026-02-19,2027-06-17,590,483,0.7259154706148844,0.6758454228145102,0.7198630085165328,0.719780992674332,0.00605,40,0.72988277757558,0.09038,0.0101,36
MU,single_name,2026-02-20,2027-06-17,590,482,0.7273949633049476,0.6754797306539998,0.7014750523188393,0.701548453783069,0.02592,20,0.709709873323243,-0.01231,0.00816,37
MU,single_name,2026-02-20,2027-06-17,590,482,0.7273949633049476,0.6754797306539998,0.7014750523188393,0.701548453783069,0.02592,40,0.720473984948105,0.04729,0.01893,37
MU,single_name,2026-02-23,2027-06-17,590,479,0.7310352951626277,0.6643377642216499,0.7190687408589683,0.719131581235893,0.01197,20,0.694678819065957,-0.03948,-0.02445,38
MU,single_name,2026-02-23,2027-06-17,590,479,0.7310352951626277,0.6643377642216499,0.7190687408589683,0.719131581235893,0.01197,40,0.718700727795573,0.06749,-0.00043,38
MU,single_name,2026-02-24,2027-06-17,590,478,0.7238402431018525,0.6651275218400956,0.7298199913317415,0.72989749782765,-0.00598,20,0.684229839162607,-0.05378,-0.04567,39
MU,single_name,2026-02-24,2027-06-17,590,478,0.7238402431018525,0.6651275218400956,0.7298199913317415,0.72989749782765,-0.00598,40,0.744282093471059,0.16619,0.01438,39
MU,single_name,2026-02-25,2027-06-17,600,477,0.7055492934226687,0.6652009522396101,0.7194342052996935,0.719568774976455,-0.01388,20,0.675178046327569,-0.10935,-0.04439,40
MU,single_name,2026-02-25,2027-06-17,600,477,0.7055492934226687,0.6652009522396101,0.7194342052996935,0.719568774976455,-0.01388,40,0.739055716080238,0.12289,0.01949,40
MU,single_name,2026-02-26,2027-06-17,580,476,0.6816018553898606,0.6698677670824167,0.7079003436181321,0.707162287007118,-0.0263,20,0.678014298942019,-0.14462,-0.02915,41
MU,single_name,2026-02-26,2027-06-17,580,476,0.6816018553898606,0.6698677670824167,0.7079003436181321,0.707162287007118,-0.0263,40,0.751775582331818,0.1953,0.04461,41
MU,single_name,2026-02-27,2027-06-17,570,475,0.6817275028856652,0.6705985792223403,0.7080467745145378,0.708112938853205,-0.02632,20,0.675016010725962,-0.13374,-0.0331,42
MU,single_name,2026-02-27,2027-06-17,570,475,0.6817275028856652,0.6705985792223403,0.7080467745145378,0.708112938853205,-0.02632,40,0.763174662755739,0.27206,0.05506,42
MU,single_name,2026-03-02,2027-06-17,570,472,0.6593150606587691,0.6702738741124998,0.7139281214476703,0.714317467217104,-0.04365,20,0.669568076390362,-0.2202,-0.04475,43
MU,single_name,2026-03-02,2027-06-17,570,472,0.6593150606587691,0.6702738741124998,0.7139281214476703,0.714317467217104,-0.04365,40,0.750685032000899,0.22202,0.03637,43
MU,single_name,2026-03-03,2027-03-19,500,381,0.6891919041357708,0.6936875820374347,0.7206490146163366,0.720415771750567,-0.02696,20,0.683887782991079,-0.1102,-0.03653,44
MU,single_name,2026-03-03,2027-03-19,500,381,0.6891919041357708,0.6936875820374347,0.7206490146163366,0.720415771750567,-0.02696,40,0.761444723369804,0.36552,0.04103,44
MU,single_name,2026-03-04,2027-03-19,520,380,0.7081530248653228,0.6947288920579391,0.7165624528304124,0.716810130026641,-0.00841,20,0.702951884898299,-0.08214,-0.01386,45
MU,single_name,2026-03-04,2027-03-19,520,380,0.7081530248653228,0.6947288920579391,0.7165624528304124,0.716810130026641,-0.00841,40,0.754376028296293,0.29042,0.03757,45
MU,single_name,2026-03-05,2027-03-19,520,379,0.6075614981892273,0.6916551033748088,0.7158500489885099,0.715658954824804,-0.02419,20,0.699892756526887,-0.0776,-0.01577,46
MU,single_name,2026-03-05,2027-03-19,520,379,0.6075614981892273,0.6916551033748088,0.7158500489885099,0.715658954824804,-0.02419,40,0.764714209013089,0.3656,0.04906,46
MU,single_name,2026-03-06,2027-03-19,490,378,0.6581584306545574,0.7067536512809978,0.738992184332484,0.739270291398345,-0.03224,20,0.712827237968316,0.02015,-0.02644,47
MU,single_name,2026-03-06,2027-03-19,490,378,0.6581584306545574,0.7067536512809978,0.738992184332484,0.739270291398345,-0.03224,40,0.790175358412256,0.55671,0.05091,47
MU,single_name,2026-03-09,2027-03-19,510,375,0.6744219353878254,0.7116660584211418,0.7205132774565861,0.720080442662677,-0.00885,20,0.704083465281238,-0.03016,-0.016,48
MU,single_name,2026-03-09,2027-03-19,510,375,0.6744219353878254,0.7116660584211418,0.7205132774565861,0.720080442662677,-0.00885,40,0.81255694970198,0.64441,0.09248,48
MU,single_name,2026-03-10,2027-06-17,560,464,0.677065982451561,0.7099382808145741,0.7131206000475706,0.712848060525817,-0.00318,20,0.693441414505738,0.00898,-0.01941,49
MU,single_name,2026-03-10,2027-06-17,560,464,0.677065982451561,0.7099382808145741,0.7131206000475706,0.712848060525817,-0.00318,40,0.817190820852652,0.65362,0.10434,49
MU,single_name,2026-03-11,2027-06-17,580,463,0.6787148125003654,0.7104094025524286,0.718391852107963,0.718464592912557,-0.00798,20,0.703411107905045,0.00674,-0.01505,50
MU,single_name,2026-03-11,2027-06-17,580,463,0.6787148125003654,0.7104094025524286,0.718391852107963,0.718464592912557,-0.00798,40,0.810031530294146,0.54441,0.09157,50
MU,single_name,2026-03-12,2027-06-17,560,462,0.6034674188156778,0.6971172946133194,0.7178277117924299,0.717985330436967,-0.02071,20,0.712276046787695,0.0376,-0.00571,51
MU,single_name,2026-03-12,2027-06-17,560,462,0.6034674188156778,0.6971172946133194,0.7178277117924299,0.717985330436967,-0.02071,40,0.852489867049647,0.84238,0.1345,51
MU,single_name,2026-03-13,2027-06-17,590,461,0.629155709911605,0.7003824044670198,0.716027788931966,0.715869595373991,-0.01565,20,0.704676655793432,0.00101,-0.01119,52
MU,single_name,2026-03-13,2027-06-17,590,461,0.629155709911605,0.7003824044670198,0.716027788931966,0.715869595373991,-0.01565,40,0.912421457104918,0.8664,0.19655,52
MU,single_name,2026-03-16,2027-06-17,610,458,0.6402838507154857,0.6994089276412286,0.7196581578226778,0.719812654109076,-0.02025,20,0.729257295085308,0.05401,0.00944,53
MU,single_name,2026-03-16,2027-06-17,610,458,0.6402838507154857,0.6994089276412286,0.7196581578226778,0.719812654109076,-0.02025,40,0.881946528459149,0.73513,0.16213,53
MU,single_name,2026-03-17,2027-06-17,640,457,0.6433301670352699,0.6973276621639901,0.719205397677813,0.719128795033176,-0.02188,20,0.732605789748658,-0.01183,0.01348,54
MU,single_name,2026-03-17,2027-06-17,640,457,0.6433301670352699,0.6973276621639901,0.719205397677813,0.719128795033176,-0.02188,40,0.906513894202444,0.74063,0.18739,54
MU,single_name,2026-03-18,2027-06-17,640,456,0.6218018871474879,0.6746267691650185,0.7293125513789698,0.729458633553844,-0.05469,20,0.73125266409438,-0.00975,0.00179,55
MU,single_name,2026-03-18,2027-06-17,640,456,0.6218018871474879,0.6746267691650185,0.7293125513789698,0.729458633553844,-0.05469,40,0.888811082949546,0.68066,0.15935,55
MU,single_name,2026-03-19,2027-06-17,610,455,0.6390980392764717,0.6712166767420831,0.7105447713980739,0.710377983246207,-0.03933,20,0.729690404384625,0.02431,0.01931,56
MU,single_name,2026-03-19,2027-06-17,610,455,0.6390980392764717,0.6712166767420831,0.7105447713980739,0.710377983246207,-0.03933,40,0.863718084277119,0.63113,0.15334,56
MU,single_name,2026-03-20,2027-06-17,580,454,0.6591498616274961,0.678394123098106,0.7114267685925758,0.711280028045462,-0.03303,20,0.720714482199569,0.06035,0.00943,57
MU,single_name,2026-03-20,2027-06-17,580,454,0.6591498616274961,0.678394123098106,0.7114267685925758,0.711280028045462,-0.03303,40,0.860879156276247,0.61159,0.1496,57
MU,single_name,2026-03-23,2027-06-17,550,451,0.6755551509098554,0.6865216433512442,0.6971175981025963,0.6968239854646,-0.0106,20,0.720792759182302,0.11136,0.02397,58
MU,single_name,2026-03-23,2027-06-17,550,451,0.6755551509098554,0.6865216433512442,0.6971175981025963,0.6968239854646,-0.0106,40,0.85448071880426,0.72806,0.15766,58
MU,single_name,2026-03-24,2027-06-17,530,450,0.6791281085362456,0.6859297925277338,0.6883633793577509,0.688222995884788,-0.00243,20,0.74966586170907,0.23247,0.06144,59
MU,single_name,2026-03-24,2027-06-17,530,450,0.6791281085362456,0.6859297925277338,0.6883633793577509,0.688222995884788,-0.00243,40,0.851854808345575,0.85066,0.16363,59
MU,single_name,2026-03-25,2027-06-17,510,449,0.6791664736744016,0.690393215609475,0.6842199220989534,0.684082410182388,0.00617,20,0.746553297236917,0.26075,0.06247,60
MU,single_name,2026-03-25,2027-06-17,510,449,0.6791664736744016,0.690393215609475,0.6842199220989534,0.684082410182388,0.00617,40,0.861825229405135,0.99456,0.17774,60
MU,single_name,2026-03-26,2027-06-17,480,448,0.7139757979285856,0.7056038604389847,0.6894323414165939,0.689052677451216,0.02454,20,0.760650313077617,0.3974,0.0716,61
MU,single_name,2026-03-26,2027-06-17,480,448,0.7139757979285856,0.7056038604389847,0.6894323414165939,0.689052677451216,0.02454,40,0.872228830326181,1.11276,0.18318,61
MU,single_name,2026-03-27,2027-06-17,480,447,0.7154098755466886,0.7053585643738632,0.6828632400781007,0.681813155457259,0.03255,20,0.773179850499375,0.46845,0.09137,62
MU,single_name,2026-03-27,2027-06-17,480,447,0.7154098755466886,0.7053585643738632,0.6828632400781007,0.681813155457259,0.03255,40,0.920818955512737,1.50792,0.23901,62
MU,single_name,2026-03-30,2027-06-17,430,444,0.7931391724736525,0.7370508364833601,0.6858990770154688,0.685816155987621,0.10724,20,0.766773526579982,0.56709,0.08096,63
MU,single_name,2026-03-30,2027-06-17,430,444,0.7931391724736525,0.7370508364833601,0.6858990770154688,0.685816155987621,0.10724,40,0.917375125767148,1.88505,0.23156,63
MU,single_name,2026-03-31,2027-06-17,450,443,0.7748288776977016,0.7150845725380389,0.6856640638267262,0.685634078471066,0.08916,20,0.766454994155814,0.53463,0.08082,64
MU,single_name,2026-03-31,2027-06-17,450,443,0.7748288776977016,0.7150845725380389,0.6856640638267262,0.685634078471066,0.08916,40,0.935010281017324,1.7336,0.24938,64
MU,single_name,2026-04-01,2027-06-17,500,442,0.8135272307606674,0.7350052229841816,0.7036228427631045,0.70350090235468,0.1099,20,0.751138681332331,0.4059,0.04764,65
MU,single_name,2026-04-01,2027-06-17,500,442,0.8135272307606674,0.7350052229841816,0.7036228427631045,0.70350090235468,0.1099,40,0.936568249508409,1.63966,0.23307,65
MU,single_name,2026-04-02,2027-06-17,490,441,0.8133102889446312,0.709214874008672,0.7032110744051675,0.70346543487395,0.1101,20,0.762920454433529,0.48048,0.05946,66
MU,single_name,2026-04-02,2027-06-17,490,441,0.8133102889446312,0.709214874008672,0.7032110744051675,0.70346543487395,0.1101,40,0.961166277689388,1.82738,0.2577,66
MU,single_name,2026-04-06,2027-06-17,510,437,0.7834118607285998,0.7113479673724348,0.7055828193654655,0.705460503449415,0.07783,20,0.778854238871666,0.52597,0.07339,67
MU,single_name,2026-04-06,2027-06-17,510,437,0.7834118607285998,0.7113479673724348,0.7055828193654655,0.705460503449415,0.07783,40,0.968334789069567,1.81687,0.26287,67
MU,single_name,2026-04-07,2027-06-17,510,436,0.7616458145537974,0.7066235093052013,0.7017621297273549,0.701352735567453,0.05988,20,0.804088138819026,0.69553,0.10274,68
MU,single_name,2026-04-07,2027-06-17,510,436,0.7616458145537974,0.7066235093052013,0.7017621297273549,0.701352735567453,0.05988,40,0.978338075105609,1.85918,0.27699,68
MU,single_name,2026-04-08,2027-06-17,540,435,0.7987208946987099,0.7142350342844054,0.6954591973273395,0.695717878508779,0.10326,20,0.819504493638927,0.6389,0.12379,69
MU,single_name,2026-04-08,2027-06-17,540,435,0.7987208946987099,0.7142350342844054,0.6954591973273395,0.695717878508779,0.10326,40,0.966007760870542,1.4488,0.27029,69
MU,single_name,2026-04-09,2027-06-17,570,434,0.7973728337385646,0.7174187857547676,0.704133890915135,0.703753233079405,0.09324,20,0.810391100457903,0.53408,0.10664,70
MU,single_name,2026-04-09,2027-06-17,570,434,0.7973728337385646,0.7174187857547676,0.704133890915135,0.703753233079405,0.09324,40,0.962520776538733,1.22128,0.25877,70
MU,single_name,2026-04-10,2027-06-17,570,433,0.7880910131405703,0.715483564192334,0.71148504239881,0.711255245503803,0.07661,20,0.851056705032126,0.77562,0.1398,71
MU,single_name,2026-04-10,2027-06-17,570,433,0.7880910131405703,0.715483564192334,0.71148504239881,0.711255245503803,0.07661,40,0.956536318025921,1.25119,0.24528,71
MU,single_name,2026-04-13,2027-06-17,570,430,0.7690744725597389,0.7148160802392508,0.7065562626154922,0.706729400721935,0.06252,20,0.915126472751963,0.86452,0.2084,72
MU,single_name,2026-04-13,2027-06-17,570,430,0.7690744725597389,0.7148160802392508,0.7065562626154922,0.706729400721935,0.06252,40,0.957919424392445,1.22829,0.25119,72
MU,single_name,2026-04-14,2027-06-17,640,429,0.8211952732874306,0.735009143381704,0.728142254476095,0.727759012544308,0.09305,20,0.879622662272618,0.64622,0.15186,73
MU,single_name,2026-04-14,2027-06-17,640,429,0.8211952732874306,0.735009143381704,0.728142254476095,0.727759012544308,0.09305,40,0.967486832650977,0.9153,0.23973,73
MU,single_name,2026-04-15,2027-06-17,630,428,0.8098974992007482,0.7224444993085319,0.7343211142822339,0.733760369967564,0.07558,20,0.907958012588601,0.76146,0.1742,74
MU,single_name,2026-04-15,2027-06-17,630,428,0.8098974992007482,0.7224444993085319,0.7343211142822339,0.733760369967564,0.07558,40,0.973829842482008,1.01383,0.24007,74
MU,single_name,2026-04-16,2027-06-17,630,427,0.8099553619646439,0.7224350926268994,0.7317125701215289,0.731661004409187,0.07824,20,0.889259612068764,0.6972,0.1576,75
MU,single_name,2026-04-16,2027-06-17,630,427,0.8099553619646439,0.7224350926268994,0.7317125701215289,0.731661004409187,0.07824,40,0.979894028178332,1.14686,0.24823,75
MU,single_name,2026-04-17,2027-06-17,620,426,0.7976828557476418,0.7116180965373002,0.7290967922346163,0.729115996314061,0.06859,20,0.863604866322087,0.59241,0.13449,76
MU,single_name,2026-04-17,2027-06-17,620,426,0.7976828557476418,0.7116180965373002,0.7290967922346163,0.729115996314061,0.06859,40,0.977722227238838,1.39082,0.24861,76
MU,single_name,2026-04-20,2027-06-17,600,423,0.7778471472490706,0.7113789357058712,0.719519134923617,0.719889965965517,0.05833,20,0.86081018993443,0.51987,0.14092,77
MU,single_name,2026-04-20,2027-06-17,600,423,0.7778471472490706,0.7113789357058712,0.719519134923617,0.719889965965517,0.05833,40,0.995017418931231,1.27635,0.27513,77
MU,single_name,2026-04-21,2027-06-17,610,422,0.7571692456782052,0.7113480215271425,0.7179864386798872,0.717686928843949,0.03918,20,0.848847938327269,0.5549,0.13116,78
MU,single_name,2026-04-21,2027-06-17,610,422,0.7571692456782052,0.7113480215271425,0.7179864386798872,0.717686928843949,0.03918,40,0.99027140747615,1.3214,0.27258,78
MU,single_name,2026-04-22,2027-06-17,670,421,0.7956838862209509,0.7270498902224627,0.7419811898412559,0.741962438770836,0.0537,20,0.847038306367826,0.50158,0.10508,79
MU,single_name,2026-04-22,2027-06-17,670,421,0.7956838862209509,0.7270498902224627,0.7419811898412559,0.741962438770836,0.0537,40,1.001086296643277,1.32623,0.25912,79
MU,single_name,2026-04-23,2027-06-17,660,420,0.7826274279502612,0.7204300630029634,0.739243141156514,0.739241852941857,0.04338,20,0.84352283556068,0.58204,0.10428,80
MU,single_name,2026-04-23,2027-06-17,660,420,0.7826274279502612,0.7204300630029634,0.739243141156514,0.739241852941857,0.04338,40,1.01054439797261,1.5147,0.2713,80
MU,single_name,2026-04-24,2027-06-17,680,419,0.7191012779565751,0.7131886958275712,0.74828452192067,0.748260317269258,-0.02918,20,0.848836739510646,0.51192,0.10058,81
MU,single_name,2026-04-24,2027-06-17,680,419,0.7191012779565751,0.7131886958275712,0.74828452192067,0.748260317269258,-0.02918,40,1.00127486210751,1.11743,0.25301,81
MU,single_name,2026-04-27,2027-06-17,730,416,0.7297842191779802,0.7211993027953636,0.7564193238165232,0.756390284098952,-0.02664,20,0.888767400833483,0.70787,0.13238,82
MU,single_name,2026-04-27,2027-06-17,730,416,0.7297842191779802,0.7211993027953636,0.7564193238165232,0.756390284098952,-0.02664,40,0.958332248659717,0.99884,0.20194,82
MU,single_name,2026-04-28,2027-06-17,690,415,0.610434760579633,0.7184499179609873,0.7435644044389288,0.743533977739508,-0.02511,20,0.892332479841962,0.84102,0.1488,83
MU,single_name,2026-04-28,2027-06-17,690,415,0.610434760579633,0.7184499179609873,0.7435644044389288,0.743533977739508,-0.02511,40,0.979124566787455,1.40647,0.23559,83
MU,single_name,2026-04-29,2027-06-17,710,414,0.6030045091262467,0.7125838766621411,0.7452958447091911,0.74530019410656,-0.03271,20,0.898599493187167,0.78128,0.1533,84
MU,single_name,2026-04-29,2027-06-17,710,414,0.6030045091262467,0.7125838766621411,0.7452958447091911,0.74530019410656,-0.03271,40,0.969174817615868,1.18403,0.22387,84
MU,single_name,2026-04-30,2027-06-17,700,413,0.5588540934205343,0.7063119297858717,0.7369648107324739,0.737146072587083,-0.03065,20,0.921717439754713,0.87756,0.18457,85
MU,single_name,2026-04-30,2027-06-17,700,413,0.5588540934205343,0.7063119297858717,0.7369648107324739,0.737146072587083,-0.03065,40,0.971018947744692,1.21456,0.23387,85
MU,single_name,2026-05-01,2027-06-17,740,412,0.562682111811396,0.6778537218696981,0.7464685046299481,0.746560311340542,-0.06861,20,0.93285836500423,0.90978,0.1863,86
MU,single_name,2026-05-01,2027-06-17,740,412,0.562682111811396,0.6778537218696981,0.7464685046299481,0.746560311340542,-0.06861,40,0.973121058213089,1.12886,0.22656,86
MU,single_name,2026-05-04,2027-06-17,800,409,0.5807460598201438,0.6872429776365577,0.7640863402603293,0.764082798111637,-0.07684,20,0.934048511854692,0.84595,0.16997,87
MU,single_name,2026-05-04,2027-06-17,800,409,0.5807460598201438,0.6872429776365577,0.7640863402603293,0.764082798111637,-0.07684,40,0.959284624344453,0.79075,0.1952,87
MU,single_name,2026-05-05,2027-06-17,900,408,0.6455715293344554,0.7145792030741086,0.7839237444553461,0.783925553499836,-0.06934,20,0.93517367303136,0.6863,0.15125,88
MU,single_name,2026-05-05,2027-06-17,900,408,0.6455715293344554,0.7145792030741086,0.7839237444553461,0.783925553499836,-0.06934,40,0.941446863165549,0.52384,0.15752,88
MU,single_name,2026-05-06,2027-06-17,960,407,0.6229592628242342,0.7134122222476144,0.803758925387122,0.803828856688191,-0.09035,20,0.924508943163015,0.49417,0.12068,89
MU,single_name,2026-05-07,2027-06-17,920,406,0.6510367066305307,0.7141634657222957,0.7972271541885854,0.797225200366942,-0.08306,20,0.931203001353098,0.44795,0.13398,90
MU,single_name,2026-05-08,2027-06-17,1090,405,0.7757447650864808,0.7458396950826043,0.8280887889141406,0.828077396811903,-0.05234,20,0.931953189055089,0.26783,0.10388,91
MU,single_name,2026-05-11,2027-06-17,1240,402,0.7828878163552702,0.7536873743012406,0.9026174966465951,0.902678319267504,-0.11973,20,0.929189539103726,0.1951,0.02651,92
MU,single_name,2026-05-12,2027-06-17,1170,401,0.7883427830247381,0.7592983431343299,0.8810054409626364,0.880949704626566,-0.09266,20,0.942162696439291,0.16345,0.06121,93
MU,single_name,2026-05-13,2027-06-17,1260,400,0.773119049024988,0.7584195377423368,0.9014598030931529,0.901745418843401,-0.12834,20,0.94152592104398,0.14327,0.03978,94
MU,single_name,2026-05-14,2027-06-17,1190,399,0.8005382680889949,0.7596873751924649,0.882245942864037,0.882451433467267,-0.08171,20,0.947382085947564,0.26495,0.06493,95
MU,single_name,2026-05-15,2027-06-17,1090,398,0.8629879616680781,0.7757501789501252,0.8609059071095515,0.861123630832515,0.00208,20,0.953333444255355,0.50138,0.09221,96
MU,single_name,2026-05-18,2027-06-17,1010,395,0.9050527757918931,0.7882619814556475,0.8502588854532377,0.850338179545941,0.05479,20,0.959769082737998,0.49773,0.10943,97
MU,single_name,2026-05-19,2027-06-17,1020,394,0.9023877112196487,0.7873278543197781,0.8433842485803,0.843114421210774,0.059,20,0.958023444529061,0.49296,0.11491,98
MU,single_name,2026-05-20,2027-06-17,1070,393,0.8801980596399912,0.7904658241908457,0.8437597092756971,0.843615073839403,0.03644,20,0.971499018813782,0.54919,0.12788,99
MU,single_name,2026-05-21,2027-06-17,1110,392,0.8743437747967687,0.7923005307619434,0.8423787582022834,0.84233111000172,0.03197,20,0.973260479356125,0.58953,0.13093,100
MU,single_name,2026-05-22,2027-06-17,1100,391,0.8837877361880612,0.7892449743956937,0.8424306272110984,0.842396129670111,0.04136,20,0.971577737531532,0.40049,0.12918,101
MU,single_name,2026-05-26,2027-06-17,1370,387,1.0381161849945373,0.8588580163663175,0.8955034112646796,0.895443718916612,0.14261,20,0.927413894790811,0.17037,0.03197,102
MU,single_name,2026-05-27,2027-06-17,1430,386,1.0084273216036164,0.8597219474311515,0.9006056475178074,0.900703719344876,0.10782,20,0.924474653116079,0.30714,0.02377,103
MU,single_name,2026-05-28,2027-06-17,1410,385,1.0164129629931833,0.8367482077434139,0.8939342349610001,0.893994292024699,0.12248,20,0.922245111813633,0.2261,0.02825,104
MU,single_name,2026-05-29,2027-06-17,1500,384,1.0120269736208116,0.8360002856675711,0.9111142154344666,0.911031215410391,0.10091,20,0.920601973464239,0.17949,0.00957,105
MU,single_name,2026-06-01,2027-06-17,1610,381,1.0173378593606222,0.8405519725508576,0.9186947700017982,0.918743834705263,0.09864,20,0.921562291408059,0.11472,0.00282,106
MU,single_name,2026-06-02,2027-06-17,1660,380,1.0116763258472181,0.8215913066213157,0.9215556551164935,0.921534384719562,0.09012,20,0.922677455683357,-0.0299,0.00114,107
MU,single_name,2026-06-03,2027-06-17,1680,379,0.9738814362282767,0.8188127264357754,0.9253332009272082,0.925347259617053,0.04855,20,0.921066866495978,-0.09634,-0.00428,108
SNDK,single_name,2025-12-26,2027-01-15,390,385,0.9240991806924446,1.196626683096773,0.9208861761839955,0.920743854057275,0.27574,20,0.984433096175248,0.92533,0.06369,0
SNDK,single_name,2025-12-26,2027-01-15,390,385,0.9240991806924446,1.196626683096773,0.9208861761839955,0.920743854057275,0.27574,40,1.055561499722175,1.52901,0.13482,0
SNDK,single_name,2025-12-29,2027-01-15,380,382,0.9231767044236677,1.1985308804385206,0.9221813192326817,0.922154221915517,0.27635,20,1.016709392403306,1.1602,0.09456,1
SNDK,single_name,2025-12-29,2027-01-15,380,382,0.9231767044236677,1.1985308804385206,0.9221813192326817,0.922154221915517,0.27635,40,1.04536281532584,1.66899,0.12321,1
SNDK,single_name,2025-12-30,2027-01-15,380,381,0.8949101859647535,1.198938730692215,0.9245644292768427,0.924437679505772,0.27437,20,1.032066839664061,1.24503,0.10763,2
SNDK,single_name,2025-12-30,2027-01-15,380,381,0.8949101859647535,1.198938730692215,0.9245644292768427,0.924437679505772,0.27437,40,1.027852944557815,1.64491,0.10342,2
SNDK,single_name,2025-12-31,2027-01-15,370,380,0.8907927957220932,1.1913887632470501,0.9271682172633016,0.927276476652659,0.26422,20,1.022430567073196,1.42754,0.09515,3
SNDK,single_name,2025-12-31,2027-01-15,370,380,0.8907927957220932,1.1913887632470501,0.9271682172633016,0.927276476652659,0.26422,40,1.026096781904088,1.60797,0.09882,3
SNDK,single_name,2026-01-02,2027-01-15,420,378,0.9887762300873864,1.2235138407600108,0.948102456465351,0.948102456465351,0.27541,20,1.067114309351549,1.41695,0.11901,4
SNDK,single_name,2026-01-02,2027-01-15,420,378,0.9887762300873864,1.2235138407600108,0.948102456465351,0.948102456465351,0.27541,40,1.009451046208127,1.05424,0.06135,4
SNDK,single_name,2026-01-05,2027-01-15,420,375,0.9497008954094657,1.2145490976861872,0.943354266317201,0.943354266317201,0.27119,20,1.083773425050999,1.53762,0.14042,5
SNDK,single_name,2026-01-05,2027-01-15,420,375,0.9497008954094657,1.2145490976861872,0.943354266317201,0.943354266317201,0.27119,40,0.996735420176667,1.18571,0.05338,5
SNDK,single_name,2026-01-07,2027-01-15,520,373,1.2378713448617735,1.2777416415480065,0.967345760448584,0.967345760448584,0.3104,20,1.053222272427558,0.62971,0.08588,7
SNDK,single_name,2026-01-07,2027-01-15,520,373,1.2378713448617735,1.2777416415480065,0.967345760448584,0.967345760448584,0.3104,40,0.98919446131072,0.49149,0.02185,7
SNDK,single_name,2026-01-08,2027-01-15,520,372,1.256798554446274,1.2605465781467549,0.956103562435929,0.956103562435929,0.30444,20,1.04808840122246,0.78738,0.09198,8
SNDK,single_name,2026-01-08,2027-01-15,520,372,1.256798554446274,1.2605465781467549,0.956103562435929,0.956103562435929,0.30444,40,0.984683099452652,0.75982,0.02858,8
SNDK,single_name,2026-01-09,2027-01-15,520,371,1.299617968488386,1.2698930876222858,1.005760913109757,1.005760913109757,0.29386,20,1.042811245924617,0.5458,0.03705,9
SNDK,single_name,2026-01-09,2027-01-15,520,371,1.299617968488386,1.2698930876222858,1.005760913109757,1.005760913109757,0.29386,40,0.972741787179745,0.63983,-0.03302,9
SNDK,single_name,2026-01-12,2027-01-15,540,368,1.2990159410271938,1.250403587941785,0.978152821268959,0.978152821268959,0.32086,20,1.021257045705275,0.39142,0.0431,10
SNDK,single_name,2026-01-12,2027-01-15,540,368,1.2990159410271938,1.250403587941785,0.978152821268959,0.978152821268959,0.32086,40,0.949958701796917,0.68374,-0.02819,10
SNDK,single_name,2026-01-13,2027-01-15,590,367,1.111662330673315,1.250316655060714,0.970566183264058,0.970566183264058,0.27975,20,1.027613666278969,0.53752,0.05705,11
SNDK,single_name,2026-01-13,2027-01-15,590,367,1.111662330673315,1.250316655060714,0.970566183264058,0.970566183264058,0.27975,40,0.947471132141847,0.58749,-0.0231,11
SNDK,single_name,2026-01-14,2027-01-15,590,366,1.1029755090424436,1.2475715018877325,0.972848042769324,0.972848042769324,0.27472,20,1.030153525299368,0.62525,0.05731,12
SNDK,single_name,2026-01-14,2027-01-15,590,366,1.1029755090424436,1.2475715018877325,0.972848042769324,0.972848042769324,0.27472,40,0.965535453845763,0.70604,-0.00731,12
SNDK,single_name,2026-01-15,2027-01-15,590,365,1.105491286875325,1.2474551203258888,0.990516431520036,0.990516431520036,0.25694,20,1.035164779764783,0.53103,0.04465,13
SNDK,single_name,2026-01-15,2027-01-15,590,365,1.105491286875325,1.2474551203258888,0.990516431520036,0.990516431520036,0.25694,40,1.007736570948781,0.71936,0.01722,13
SNDK,single_name,2026-02-05,2028-01-21,1080,715,1.1441701520605208,1.2444162074462999,0.996827721752039,0.996827721752039,0.24759,20,0.910294629156444,-0.08481,-0.08653,27
SNDK,single_name,2026-02-05,2028-01-21,1080,715,1.1441701520605208,1.2444162074462999,0.996827721752039,0.996827721752039,0.24759,40,0.974299857832172,0.2576,-0.02253,27
SNDK,single_name,2026-02-09,2028-01-21,1080,711,1.0650773992377751,1.231103525889756,0.968670271433447,0.968670271433447,0.26243,20,0.922280895220059,0.06083,-0.04639,29
SNDK,single_name,2026-02-09,2028-01-21,1080,711,1.0650773992377751,1.231103525889756,0.968670271433447,0.968670271433447,0.26243,40,0.97824153615872,0.33853,0.00957,29
SNDK,single_name,2026-02-10,2028-01-21,1080,710,1.117269872880459,1.2423599454319283,0.96405208392486,0.96405208392486,0.27831,20,0.900576798795106,0.21008,-0.06348,30
SNDK,single_name,2026-02-10,2028-01-21,1080,710,1.117269872880459,1.2423599454319283,0.96405208392486,0.96405208392486,0.27831,40,0.9824804206028,0.57221,0.01843,30
SNDK,single_name,2026-02-11,2028-01-21,1080,709,1.1549117432128817,1.2094897883444922,0.965150797309179,0.965150797309179,0.24434,20,0.912995622186171,0.0325,-0.05216,31
SNDK,single_name,2026-02-11,2028-01-21,1080,709,1.1549117432128817,1.2094897883444922,0.965150797309179,0.965150797309179,0.24434,40,0.985187843736231,0.42118,0.02004,31
SNDK,single_name,2026-02-17,2028-01-21,1080,703,1.188543987463893,1.202562664591965,0.972970825633832,0.972970825633832,0.22959,20,0.987242708494815,0.21941,0.01427,34
SNDK,single_name,2026-02-17,2028-01-21,1080,703,1.188543987463893,1.202562664591965,0.972970825633832,0.972970825633832,0.22959,40,1.003571034529136,0.50988,0.0306,34
SNDK,single_name,2026-02-18,2028-01-21,1080,702,1.1565030237951417,1.2023692001709263,0.951497826266617,0.951497826266617,0.25087,20,1.038052631859112,0.25531,0.08655,35
SNDK,single_name,2026-02-18,2028-01-21,1080,702,1.1565030237951417,1.2023692001709263,0.951497826266617,0.951497826266617,0.25087,40,1.004820952557617,0.53143,0.05332,35
SNDK,single_name,2026-02-19,2028-01-21,1080,701,1.1132951549542573,1.0917733863897443,0.947585150994631,0.947585150994631,0.16571,20,1.034058773450828,0.24312,0.08647,36
SNDK,single_name,2026-02-19,2028-01-21,1080,701,1.1132951549542573,1.0917733863897443,0.947585150994631,0.947585150994631,0.16571,40,1.008544018256186,0.48286,0.06096,36
SNDK,single_name,2026-02-24,2027-06-17,1020,478,1.1040432806316325,1.073848219524595,0.993737069344177,0.993737069344177,0.11031,20,0.971879292865234,0.10017,-0.02186,39
SNDK,single_name,2026-02-24,2027-06-17,1020,478,1.1040432806316325,1.073848219524595,0.993737069344177,0.993737069344177,0.11031,40,1.027118173909438,0.53334,0.03338,39
SNDK,single_name,2026-02-25,2027-06-17,1020,477,1.1071532069631562,1.0716873199627686,0.984383357644119,0.984383357644119,0.12277,20,0.959810134689958,0.07192,-0.02457,40
SNDK,single_name,2026-02-25,2027-06-17,1020,477,1.1071532069631562,1.0716873199627686,0.984383357644119,0.984383357644119,0.12277,40,1.004381233425801,0.47448,0.02,40
SNDK,single_name,2026-02-26,2027-06-17,1020,476,1.0706728275690074,1.0712255694758221,0.973389694133994,0.973389694133994,0.09784,20,0.988330951265562,-0.07475,0.01494,41
SNDK,single_name,2026-02-26,2027-06-17,1020,476,1.0706728275690074,1.0712255694758221,0.973389694133994,0.973389694133994,0.09784,40,1.017642080245011,0.51848,0.04425,41
SNDK,single_name,2026-02-27,2027-06-17,1020,475,1.0773100774193098,1.062689959567725,0.962712189766434,0.962712189766434,0.1146,20,0.98498307227642,-0.03074,0.02227,42
SNDK,single_name,2026-02-27,2027-06-17,1020,475,1.0773100774193098,1.062689959567725,0.962712189766434,0.962712189766434,0.1146,40,1.027776330824187,0.6844,0.06506,42
SNDK,single_name,2026-03-02,2027-06-17,1020,472,1.0609884452794736,1.0631661614901624,0.960214652239966,0.960214652239966,0.10295,20,0.978262379896791,-0.07524,0.01805,43
SNDK,single_name,2026-03-02,2027-06-17,1020,472,1.0609884452794736,1.0631661614901624,0.960214652239966,0.960214652239966,0.10295,40,1.031527546672088,0.6191,0.07131,43
SNDK,single_name,2026-03-03,2027-06-17,1000,471,0.9732003446724105,1.0761520233272526,0.9394610658553245,0.939788254238659,0.13669,20,1.014806595044073,0.12368,0.07502,44
SNDK,single_name,2026-03-03,2027-06-17,1000,471,0.9732003446724105,1.0761520233272526,0.9394610658553245,0.939788254238659,0.13669,40,1.039485042946467,0.88219,0.0997,44
SNDK,single_name,2026-03-04,2027-06-17,1020,470,0.9838380776543622,1.068055164504634,0.930832667240236,0.930832667240236,0.13722,20,1.002915679257642,0.15636,0.07208,45
SNDK,single_name,2026-03-04,2027-06-17,1020,470,0.9838380776543622,1.068055164504634,0.930832667240236,0.930832667240236,0.13722,40,1.027056489116188,0.83038,0.09622,45
SNDK,single_name,2026-03-05,2027-06-17,980,469,0.7906882589700115,1.0733772724582575,0.9196717446551005,0.919516162974861,0.15371,20,0.986364043614022,0.24046,0.06685,46
SNDK,single_name,2026-03-05,2027-06-17,980,469,0.7906882589700115,1.0733772724582575,0.9196717446551005,0.919516162974861,0.15371,40,1.017792475332068,1.09869,0.09828,46
SNDK,single_name,2026-03-06,2027-06-17,920,468,0.8264523590922981,1.0860252165664335,0.9331409216138655,0.933224035724947,0.15288,20,0.995177108635638,0.37415,0.06195,47
SNDK,single_name,2026-03-06,2027-06-17,920,468,0.8264523590922981,1.0860252165664335,0.9331409216138655,0.933224035724947,0.15288,40,1.012762273571713,1.38154,0.07954,47
SNDK,single_name,2026-03-09,2027-06-17,1020,465,0.9114604223934515,1.1000984339979087,0.9265746767639448,0.926593356701669,0.17352,20,0.989548573678889,0.20734,0.06296,48
SNDK,single_name,2026-03-09,2027-06-17,1020,465,0.9114604223934515,1.1000984339979087,0.9265746767639448,0.926593356701669,0.17352,40,1.03752098302217,1.38874,0.11093,48
SNDK,single_name,2026-03-10,2027-06-17,1020,464,0.9239391921694946,1.098715518555554,0.922900561380212,0.922900561380212,0.17581,20,0.994693789129202,0.26178,0.07179,49
SNDK,single_name,2026-03-10,2027-06-17,1020,464,0.9239391921694946,1.098715518555554,0.922900561380212,0.922900561380212,0.17581,40,1.026300700977173,1.27824,0.1034,49
SNDK,single_name,2026-03-11,2027-06-17,1020,463,0.8957361743606486,1.1011536679617735,0.908257747997957,0.908257747997957,0.1929,20,1.00342574215702,0.29925,0.09517,50
SNDK,single_name,2026-03-11,2027-06-17,1020,463,0.8957361743606486,1.1011536679617735,0.908257747997957,0.908257747997957,0.1929,40,1.035056607174706,1.0444,0.1268,50
SNDK,single_name,2026-03-12,2027-06-17,1020,462,0.8565557569927802,1.0507873334975977,0.914494401170648,0.914494401170648,0.13629,20,1.001911458255968,0.37644,0.08742,51
SNDK,single_name,2026-03-12,2027-06-17,1020,462,0.8565557569927802,1.0507873334975977,0.914494401170648,0.914494401170648,0.13629,40,1.07860627568488,1.52471,0.16411,51
SNDK,single_name,2026-03-13,2027-06-17,1020,461,0.8709192451706737,1.0521545142997173,0.936348796290261,0.936348796290261,0.11581,20,1.036671414279951,0.43965,0.10032,52
SNDK,single_name,2026-03-13,2027-06-17,1020,461,0.8709192451706737,1.0521545142997173,0.936348796290261,0.936348796290261,0.11581,40,1.093985310879439,1.33905,0.15764,52
SNDK,single_name,2026-03-16,2027-06-17,1020,458,0.8949489404916806,1.0551245985387747,0.981928064217474,0.981928064217474,0.0732,20,1.024618958023496,0.34227,0.04269,53
SNDK,single_name,2026-03-16,2027-06-17,1020,458,0.8949489404916806,1.0551245985387747,0.981928064217474,0.981928064217474,0.0732,40,1.083377160638864,1.06361,0.10145,53
SNDK,single_name,2026-03-17,2027-06-17,1080,457,0.8628806288873371,1.0530103301985345,0.993697252075123,0.993697252075123,0.05931,20,1.018243590896276,0.23821,0.02455,54
SNDK,single_name,2026-03-17,2027-06-17,1080,457,0.8628806288873371,1.0530103301985345,0.993697252075123,0.993697252075123,0.05931,40,1.083038904770099,1.00957,0.08934,54
SNDK,single_name,2026-03-19,2027-06-17,1140,455,0.8692485020401078,1.0440875044244715,1.03922217646602,1.03922217646602,0.00487,20,1.020789631904012,0.19285,-0.01843,56
SNDK,single_name,2026-03-19,2027-06-17,1140,455,0.8692485020401078,1.0440875044244715,1.03922217646602,1.03922217646602,0.00487,40,1.055115974915519,0.82312,0.01589,56
SNDK,single_name,2026-03-20,2027-06-17,1140,454,0.9211981784109422,1.0655532294127361,1.009054759848039,1.009054759848039,0.0565,20,1.018461247299062,0.28647,0.00941,57
SNDK,single_name,2026-03-20,2027-06-17,1140,454,0.9211981784109422,1.0655532294127361,1.009054759848039,1.009054759848039,0.0565,40,1.043332698537247,0.87825,0.03428,57
SNDK,single_name,2026-03-23,2027-06-17,1140,451,0.9192006066481425,1.0671165046551592,0.973138947960167,0.973138947960167,0.09398,20,1.011370836169727,0.28613,0.03823,58
SNDK,single_name,2026-03-23,2027-06-17,1140,451,0.9192006066481425,1.0671165046551592,0.973138947960167,0.973138947960167,0.09398,40,1.039436100949648,0.96912,0.0663,58
SNDK,single_name,2026-03-24,2027-06-17,1140,450,0.9035172536012873,1.0676973278685382,0.972301203645616,0.972301203645616,0.0954,20,1.02371975229336,0.39373,0.05142,59
SNDK,single_name,2026-03-24,2027-06-17,1140,450,0.9035172536012873,1.0676973278685382,0.972301203645616,0.972301203645616,0.0954,40,1.031851662936862,0.98235,0.05955,59
SNDK,single_name,2026-03-25,2027-06-17,1140,449,0.9136910144918635,1.0726380101219954,0.960137839404157,0.960137839404157,0.1125,20,0.99914355698286,0.37555,0.03901,60
SNDK,single_name,2026-03-25,2027-06-17,1140,449,0.9136910144918635,1.0726380101219954,0.960137839404157,0.960137839404157,0.1125,40,1.042893356757821,1.27516,0.08276,60
SNDK,single_name,2026-03-26,2027-06-17,1090,448,1.00126309829447,1.1040988869227633,0.9859006929889972,0.986099923695554,0.1182,20,1.015216942687285,0.64116,0.02912,61
SNDK,single_name,2026-03-26,2027-06-17,1090,448,1.00126309829447,1.1040988869227633,0.9859006929889972,0.986099923695554,0.1182,40,1.041208020858625,1.45153,0.05511,61
SNDK,single_name,2026-03-27,2027-06-17,1110,447,1.0014225535533292,1.1021708676269182,0.981098913873732,0.981133467596813,0.12107,20,1.024131050942248,0.73782,0.043,62
SNDK,single_name,2026-03-27,2027-06-17,1110,447,1.0014225535533292,1.1021708676269182,0.981098913873732,0.981133467596813,0.12107,40,1.087303592600652,1.58115,0.10617,62
SNDK,single_name,2026-03-30,2027-06-17,1020,444,1.030096085631996,1.1157198816827254,0.9779698678090321,0.978262379896791,0.13775,20,1.031527546672088,0.75083,0.05327,63
SNDK,single_name,2026-03-30,2027-06-17,1020,444,1.030096085631996,1.1157198816827254,0.9779698678090321,0.978262379896791,0.13775,40,1.098042922134936,1.77719,0.11978,63
SNDK,single_name,2026-03-31,2027-06-17,1140,443,1.0444762241215695,1.0968063271427484,1.01200358742092,1.01200358742092,0.0848,20,1.032409443035391,0.67502,0.02041,64
SNDK,single_name,2026-03-31,2027-06-17,1140,443,1.0444762241215695,1.0968063271427484,1.01200358742092,1.01200358742092,0.0848,40,1.097262498640578,1.58388,0.08526,64
SNDK,single_name,2026-04-01,2027-06-17,1140,442,1.0680906017385907,1.106102646746824,1.000206120692459,1.000206120692459,0.1059,20,1.021928950400382,0.58288,0.02172,65
SNDK,single_name,2026-04-01,2027-06-17,1140,442,1.0680906017385907,1.106102646746824,1.000206120692459,1.000206120692459,0.1059,40,1.100085108503006,1.44681,0.09988,65
SNDK,single_name,2026-04-02,2027-06-17,1140,441,1.0403486011486087,0.998833438404717,0.995226371308984,0.995226371308984,0.04512,20,1.007648807915988,0.69187,0.01242,66
SNDK,single_name,2026-04-02,2027-06-17,1140,441,1.0403486011486087,0.998833438404717,0.995226371308984,0.995226371308984,0.04512,40,1.087765158716616,1.51063,0.09254,66
SNDK,single_name,2026-04-06,2027-06-17,1140,437,0.9974485641128961,0.9997332327313067,0.994824386693467,0.994824386693467,0.00491,20,1.008761356511003,0.73311,0.01394,67
SNDK,single_name,2026-04-06,2027-06-17,1140,437,0.9974485641128961,0.9997332327313067,0.994824386693467,0.994824386693467,0.00491,40,1.096449603939285,1.3686,0.10163,67
SNDK,single_name,2026-04-07,2027-06-17,1140,436,0.9393505928948955,0.9920782642072652,0.989877279482827,0.989877279482827,0.0022,20,1.033956197424969,0.9785,0.04408,68
SNDK,single_name,2026-04-07,2027-06-17,1140,436,0.9393505928948955,0.9920782642072652,0.989877279482827,0.989877279482827,0.0022,40,1.119404345049728,1.57667,0.12953,68
SNDK,single_name,2026-04-08,2027-06-17,1140,435,0.9768819170881283,0.9811744354763299,0.99732874005854,0.99732874005854,-0.01615,20,1.025690026738633,0.80558,0.02836,69
SNDK,single_name,2026-04-08,2027-06-17,1140,435,0.9768819170881283,0.9811744354763299,0.99732874005854,0.99732874005854,-0.01615,40,1.133665227479237,1.2534,0.13634,69
SNDK,single_name,2026-04-09,2027-06-17,1210,434,1.0003032031793886,0.9923132560981915,0.994835852687513,0.994835852687513,0.00547,20,1.026972315376012,0.57352,0.03214,70
SNDK,single_name,2026-04-09,2027-06-17,1210,434,1.0003032031793886,0.9923132560981915,0.994835852687513,0.994835852687513,0.00547,40,1.131978498961377,0.90963,0.13714,70
SNDK,single_name,2026-04-10,2027-06-17,1280,433,0.9667179537702316,0.9923738498322131,1.004020844669038,1.004020844669038,-0.01165,20,1.065423207080596,0.83423,0.0614,71
SNDK,single_name,2026-04-10,2027-06-17,1280,433,0.9667179537702316,0.9923738498322131,1.004020844669038,1.004020844669038,-0.01165,40,1.139839161675278,0.92775,0.13582,71
SNDK,single_name,2026-04-14,2027-06-17,1450,429,1.0009235890495471,1.0098067943353068,1.021661555422122,1.021661555422122,-0.01185,20,1.074612491914439,0.53741,0.05295,73
SNDK,single_name,2026-04-14,2027-06-17,1450,429,1.0009235890495471,1.0098067943353068,1.021661555422122,1.021661555422122,-0.01185,40,1.158780639901246,0.76092,0.13712,73
SNDK,single_name,2026-04-15,2027-06-17,1450,428,1.032311254348478,1.020346703372901,1.013152177164383,1.013152177164383,0.01916,20,1.076343908402497,0.62296,0.06319,74
SNDK,single_name,2026-04-15,2027-06-17,1450,428,1.032311254348478,1.020346703372901,1.013152177164383,1.013152177164383,0.01916,40,1.180474860561984,0.99054,0.16732,74
SNDK,single_name,2026-04-16,2027-06-17,1450,427,1.027002154369757,1.0079428924226164,1.017555875305558,1.017555875305558,0.00945,20,1.046351710278326,0.50382,0.0288,75
SNDK,single_name,2026-04-16,2027-06-17,1450,427,1.027002154369757,1.0079428924226164,1.017555875305558,1.017555875305558,0.00945,40,1.180551345133932,1.15352,0.163,75
SNDK,single_name,2026-04-17,2027-06-17,1450,426,1.0259841118115924,0.9907952293466628,1.014546385511825,1.014546385511825,0.01144,20,1.038996158910684,0.52837,0.02445,76
SNDK,single_name,2026-04-17,2027-06-17,1450,426,1.0259841118115924,0.9907952293466628,1.014546385511825,1.014546385511825,0.01144,40,1.18980838300226,1.28869,0.17526,76
SNDK,single_name,2026-04-20,2027-06-17,1450,423,0.9685337069827801,0.9914791626934019,1.016270386500201,1.016270386500201,-0.02479,20,1.037986105143316,0.46,0.02172,77
SNDK,single_name,2026-04-20,2027-06-17,1450,423,0.9685337069827801,0.9914791626934019,1.016270386500201,1.016270386500201,-0.02479,40,1.179553905908648,1.18128,0.16328,77
SNDK,single_name,2026-04-21,2027-06-17,1450,422,0.9686177553244705,0.9815195513772926,1.016217002514235,1.016217002514235,-0.0347,20,1.02904954934083,0.53105,0.01283,78
SNDK,single_name,2026-04-21,2027-06-17,1450,422,0.9686177553244705,0.9815195513772926,1.016217002514235,1.016217002514235,-0.0347,40,1.17665744753893,1.16804,0.16044,78
SNDK,single_name,2026-04-22,2027-06-17,1450,421,0.9963556676738273,0.9910925679462785,1.021815536073974,1.021815536073974,-0.02546,20,1.020805423751761,0.42233,-0.00101,79
SNDK,single_name,2026-04-22,2027-06-17,1450,421,0.9963556676738273,0.9910925679462785,1.021815536073974,1.021815536073974,-0.02546,40,1.191450297900522,1.23145,0.16963,79
SNDK,single_name,2026-04-23,2027-06-17,1470,420,1.0065330880644343,0.9986819787708411,1.003873624246539,1.003873624246539,0.00266,20,1.031061933178855,0.654,0.02719,80
SNDK,single_name,2026-04-23,2027-06-17,1470,420,1.0065330880644343,0.9986819787708411,1.003873624246539,1.003873624246539,0.00266,40,1.19879103431916,1.4385,0.19492,80
SNDK,single_name,2026-04-24,2027-06-17,1470,419,0.88569795502685,0.9897995130765167,1.007982183535992,1.007982183535992,-0.01818,20,1.033751442310924,0.49378,0.02577,81
SNDK,single_name,2026-04-24,2027-06-17,1470,419,0.88569795502685,0.9897995130765167,1.007982183535992,1.007982183535992,-0.01818,40,1.18832999126497,0.98363,0.18035,81
SNDK,single_name,2026-04-27,2027-06-17,1500,416,0.9053467456765222,0.9991952686595295,1.011572486806135,1.011572486806135,-0.01238,20,1.078706642217408,0.48528,0.06713,82
SNDK,single_name,2026-04-27,2027-06-17,1500,416,0.9053467456765222,0.9991952686595295,1.011572486806135,1.011572486806135,-0.01238,40,1.18235490418331,0.78888,0.17078,82
SNDK,single_name,2026-04-28,2027-06-17,1600,415,0.8946780598975863,1.0047775844250755,1.018733218419001,1.018733218419001,-0.01396,20,1.078556626427455,0.58621,0.05982,83
SNDK,single_name,2026-04-28,2027-06-17,1600,415,0.8946780598975863,1.0047775844250755,1.018733218419001,1.018733218419001,-0.01396,40,1.19721550019237,1.32953,0.17848,83
SNDK,single_name,2026-04-29,2027-06-17,1600,414,0.8577491392455062,0.9710361532809878,1.031807751439246,1.031807751439246,-0.06077,20,1.083368423761394,0.54259,0.05156,84
SNDK,single_name,2026-04-29,2027-06-17,1600,414,0.8577491392455062,0.9710361532809878,1.031807751439246,1.031807751439246,-0.06077,40,1.17158295906575,0.96457,0.13978,84
SNDK,single_name,2026-04-30,2027-06-17,1650,413,0.827638067169891,0.9691407819555333,1.011536865053461,1.011536865053461,-0.0424,20,1.086142076875809,0.5458,0.07461,85
SNDK,single_name,2026-04-30,2027-06-17,1650,413,0.827638067169891,0.9691407819555333,1.011536865053461,1.011536865053461,-0.0424,40,1.18685259597897,0.86992,0.17532,85
SNDK,single_name,2026-05-01,2027-06-17,1650,412,0.8501419610424179,0.9033849832821769,0.992644697504518,0.992644697504518,-0.08926,20,1.071698602397445,0.48393,0.07905,86
SNDK,single_name,2026-05-01,2027-06-17,1650,412,0.8501419610424179,0.9033849832821769,0.992644697504518,0.992644697504518,-0.08926,40,1.18432787736872,0.91553,0.19168,86
SNDK,single_name,2026-05-04,2027-06-17,1730,409,0.8566752431491924,0.9062604884884419,0.993943955751371,0.993943955751371,-0.08768,20,1.077698514495258,0.36668,0.08375,87
SNDK,single_name,2026-05-04,2027-06-17,1730,409,0.8566752431491924,0.9062604884884419,0.993943955751371,0.993943955751371,-0.08768,40,1.17156311036211,0.61819,0.17762,87
SNDK,single_name,2026-05-05,2027-06-17,1910,408,0.8891434897478672,0.9280513953676182,1.013164291114341,1.013164291114341,-0.08511,20,1.092839310803649,0.30234,0.07968,88
SNDK,single_name,2026-05-05,2027-06-17,1910,408,0.8891434897478672,0.9280513953676182,1.013164291114341,1.013164291114341,-0.08511,40,1.19960228737963,0.24083,0.18644,88
SNDK,single_name,2026-05-06,2027-06-17,2120,407,0.866345351169696,0.9248500383407585,1.015278842171537,1.015278842171537,-0.09043,20,1.098906840223452,0.24802,0.08363,89
SNDK,single_name,2026-05-07,2027-06-17,2120,406,0.8835612795832576,0.9164591713030598,1.019520212128781,1.019520212128781,-0.10306,20,1.100781103408042,0.2136,0.08126,90
SNDK,single_name,2026-05-11,2027-06-17,2340,402,0.9533787877767701,0.9419946361177503,1.08404630118248,1.08404630118248,-0.13067,20,1.124225173080776,0.14767,0.04018,92
SNDK,single_name,2026-05-12,2027-06-17,2400,401,0.9976851315713627,0.9548299232324612,1.069995962793825,1.069995962793825,-0.07231,20,1.12906195972699,0.14538,0.05907,93
SNDK,single_name,2026-05-13,2027-06-17,2400,400,0.958587405062532,0.9433536099344755,1.082358516403974,1.082358516403974,-0.12377,20,1.147953925918556,0.22648,0.0656,94
SNDK,single_name,2026-05-14,2027-06-17,2400,399,0.989507946570024,0.9514643200940135,1.051871673075075,1.051871673075075,-0.06236,20,1.152571883833163,0.43203,0.1007,95
SNDK,single_name,2026-05-15,2027-06-17,2400,398,0.9871053011114546,0.9505933972527103,1.034559213583284,1.034559213583284,-0.04745,20,1.152229432965799,0.49747,0.11767,96
SNDK,single_name,2026-05-18,2027-06-17,2360,395,1.0183619455977284,0.9583300742012053,1.025361816216224,1.025415468386465,-0.007,20,1.149339427838204,0.49402,0.12392,97
SNDK,single_name,2026-05-19,2027-06-17,2400,394,1.0141177858831696,0.9593390216039137,1.014695977598498,1.014695977598498,-0.00058,20,1.14346949759361,0.41604,0.12877,98
SNDK,single_name,2026-05-20,2027-06-17,2400,393,0.9906760359869311,0.9525467144051988,1.026865542893163,1.026865542893163,-0.03619,20,1.146997869584698,0.56887,0.12013,99
SNDK,single_name,2026-05-21,2027-06-17,2400,392,1.0012346501134304,0.9685911084672074,1.019686621584171,1.019686621584171,-0.01845,20,1.15466144542867,0.4743,0.13497,100
SNDK,single_name,2026-05-22,2027-06-17,2400,391,1.0196207480903918,0.9749921851983246,1.029485776831929,1.029485776831929,-0.00987,20,1.15119137158298,0.32793,0.12171,101
SNDK,single_name,2026-05-26,2027-06-17,2400,387,1.0155161822160208,0.978775662954519,1.070194336664021,1.070194336664021,-0.05468,20,1.15569030605514,0.2044,0.0855,102
SNDK,single_name,2026-05-27,2027-06-17,2460,386,0.9679941898576632,0.9755277474300701,1.060285717253212,1.060285717253212,-0.08476,20,1.15527013946761,0.46861,0.09498,103
SNDK,single_name,2026-05-28,2027-06-17,2480,385,0.9589452992057909,0.9504512676408284,1.063031336106636,1.063031336106636,-0.10409,20,1.13037823761252,0.27355,0.06735,104
SNDK,single_name,2026-05-29,2027-06-17,2540,384,0.9592097195649871,0.9472713858590394,1.061727818552896,1.061727818552896,-0.10252,20,1.14319863783427,0.20968,0.08147,105
SNDK,single_name,2026-06-01,2027-06-17,2560,381,0.9374352734053636,0.9352317865836105,1.049054968516479,1.049054968516479,-0.11162,20,1.13883095339646,0.29084,0.08978,106
SNDK,single_name,2026-06-02,2027-06-17,2700,380,0.9402741839876781,0.9215740779982234,1.046296712388252,1.046296712388252,-0.10602,20,1.1220615116986,0.18403,0.07576,107
SNDK,single_name,2026-06-03,2027-06-17,2700,379,0.8880570176224633,0.9071616620946245,1.062863892052449,1.062863892052449,-0.1557,20,1.16946600557989,-0.04723,0.1066,108
GS,single_name,2025-12-26,2027-01-15,955,385,0.21750120124301386,0.2516691326581876,0.3159811326767921,0.316112892731233,-0.06431,20,0.312617290116685,0.025,-0.0035,0
GS,single_name,2025-12-26,2027-01-15,955,385,0.21750120124301386,0.2516691326581876,0.3159811326767921,0.316112892731233,-0.06431,40,0.336390559041747,0.01581,0.02028,0
GS,single_name,2025-12-29,2027-01-15,940,382,0.2289749233098004,0.2537974450194239,0.31974966885075096,0.319915445976583,-0.06595,20,0.315277469868034,0.05002,-0.00464,1
GS,single_name,2025-12-29,2027-01-15,940,382,0.2289749233098004,0.2537974450194239,0.31974966885075096,0.319915445976583,-0.06595,40,0.336479414203852,0.04127,0.01656,1
GS,single_name,2025-12-30,2027-01-15,930,381,0.21866109030787806,0.2536779662616301,0.31684946707969336,0.317108144008954,-0.06317,20,0.32038004737706,0.06298,0.00327,2
GS,single_name,2025-12-30,2027-01-15,930,381,0.21866109030787806,0.2536779662616301,0.31684946707969336,0.317108144008954,-0.06317,40,0.34840580944361,-0.0281,0.0313,2
GS,single_name,2025-12-31,2027-01-15,925,380,0.22174471483653885,0.2538136101446395,0.3200500691196458,0.320191580463284,-0.06624,20,0.322263560268663,0.06418,0.00207,3
GS,single_name,2025-12-31,2027-01-15,925,380,0.22174471483653885,0.2538136101446395,0.3200500691196458,0.320191580463284,-0.06624,40,0.354314573242949,-0.01968,0.03412,3
GS,single_name,2026-01-02,2027-01-15,960,378,0.24378179769700842,0.2643273906294477,0.3137423045832705,0.313954156025573,-0.04941,20,0.317999132534401,0.03499,0.00404,4
GS,single_name,2026-01-02,2027-01-15,960,378,0.24378179769700842,0.2643273906294477,0.3137423045832705,0.313954156025573,-0.04941,40,0.352106678390768,-0.05661,0.03815,4
GS,single_name,2026-01-05,2027-01-15,1005,375,0.26874671660687505,0.2703243986540162,0.3289495739652267,0.328850735023155,-0.05863,20,0.319937054370431,-0.00996,-0.00891,5
GS,single_name,2026-01-05,2027-01-15,1005,375,0.26874671660687505,0.2703243986540162,0.3289495739652267,0.328850735023155,-0.05863,40,0.33460718786149,-0.0856,0.00576,5
GS,single_name,2026-01-06,2027-01-15,1010,374,0.2640053794883882,0.27044334075090226,0.3307093325998742,0.330750191897285,-0.06027,20,0.320995032921283,-0.04414,-0.00976,6
GS,single_name,2026-01-06,2027-01-15,1010,374,0.2640053794883882,0.27044334075090226,0.3307093325998742,0.330750191897285,-0.06027,40,0.334429596626841,-0.1256,0.00368,6
GS,single_name,2026-01-07,2027-01-15,990,373,0.2718748700484106,0.268780211463339,0.3242148184669585,0.324186946577454,-0.05234,20,0.322654683223343,-0.05378,-0.00153,7
GS,single_name,2026-01-07,2027-01-15,990,373,0.2718748700484106,0.268780211463339,0.3242148184669585,0.324186946577454,-0.05234,40,0.34270077061074,-0.1271,0.01851,7
GS,single_name,2026-01-08,2027-01-15,985,372,0.2730036963794381,0.2642357079759273,0.3290092159988559,0.329059506048523,-0.05601,20,0.321225669236848,-0.0065,-0.00783,8
GS,single_name,2026-01-08,2027-01-15,985,372,0.2730036963794381,0.2642357079759273,0.3290092159988559,0.329059506048523,-0.05601,40,0.334515376137396,-0.10997,0.00546,8
GS,single_name,2026-01-09,2027-01-15,990,371,0.2698974901253157,0.25968937900381583,0.3265126563617345,0.326518849159047,-0.05662,20,0.322006977895845,0.00494,-0.00451,9
GS,single_name,2026-01-09,2027-01-15,990,371,0.2698974901253157,0.25968937900381583,0.3265126563617345,0.326518849159047,-0.05662,40,0.334677523752397,-0.112,0.00816,9
GS,single_name,2026-01-12,2027-01-15,1000,368,0.25992455899497535,0.25977340236964125,0.3217586022643812,0.321785931248065,-0.06183,20,0.326006993555535,-0.00059,0.00422,10
GS,single_name,2026-01-12,2027-01-15,1000,368,0.25992455899497535,0.25977340236964125,0.3217586022643812,0.321785931248065,-0.06183,40,0.331196693714723,-0.13247,0.00941,10
GS,single_name,2026-01-13,2027-01-15,990,367,0.2447501398470408,0.2595576494717393,0.3249569431536024,0.324869403096446,-0.0654,20,0.339488032150492,0.00686,0.01462,11
GS,single_name,2026-01-13,2027-01-15,990,367,0.2447501398470408,0.2595576494717393,0.3249569431536024,0.324869403096446,-0.0654,40,0.342305580341622,-0.16056,0.01744,11
GS,single_name,2026-01-14,2027-01-15,985,366,0.2466474243048872,0.2588377229293318,0.3245748557391097,0.324584532908562,-0.06574,20,0.346293218468184,-0.03015,0.02171,12
GS,single_name,2026-01-14,2027-01-15,985,366,0.2466474243048872,0.2588377229293318,0.3245748557391097,0.324584532908562,-0.06574,40,0.341400415269649,-0.16132,0.01682,12
GS,single_name,2026-01-15,2027-01-15,1025,365,0.28359319890432705,0.27134980215358534,0.31722939272101613,0.317319539942031,-0.03364,20,0.327798020522313,-0.07247,0.01048,13
GS,single_name,2026-01-15,2027-01-15,1025,365,0.28359319890432705,0.27134980215358534,0.31722939272101613,0.317319539942031,-0.03364,40,0.328067836378309,-0.18557,0.01075,13
GS,single_name,2026-01-16,2027-06-17,1035,517,0.28845895961740625,0.27324244197182107,0.3239003228888804,0.323975295671746,-0.03544,20,0.329682110470355,-0.04778,0.00571,14
GS,single_name,2026-01-16,2027-06-17,1035,517,0.28845895961740625,0.27324244197182107,0.3239003228888804,0.323975295671746,-0.03544,40,0.327258102982783,-0.16108,0.00328,14
GS,single_name,2026-01-20,2027-06-17,1015,513,0.30124651359733917,0.27339806845591896,0.3298096516589043,0.329932949923785,-0.02856,20,0.327999089899527,-0.01022,-0.00193,15
GS,single_name,2026-01-20,2027-06-17,1015,513,0.30124651359733917,0.27339806845591896,0.3298096516589043,0.329932949923785,-0.02856,40,0.330813013965247,-0.14617,0.00088,15
GS,single_name,2026-01-21,2027-06-17,1030,512,0.2965951119976021,0.273554169559316,0.32887795933913955,0.328722926787627,-0.03228,20,0.328903342426362,-0.03815,0.00018,16
GS,single_name,2026-01-21,2027-06-17,1030,512,0.2965951119976021,0.273554169559316,0.32887795933913955,0.328722926787627,-0.03228,40,0.331010613920628,-0.15059,0.00229,16
GS,single_name,2026-01-22,2027-06-17,1025,511,0.2964312449115047,0.2611108562134955,0.3261080886623467,0.326310633548428,-0.02968,20,0.326137930521041,-0.03395,-0.00017,17
GS,single_name,2026-01-22,2027-06-17,1025,511,0.2964312449115047,0.2611108562134955,0.3261080886623467,0.326310633548428,-0.02968,40,0.333515926275484,-0.14782,0.00721,17
GS,single_name,2026-01-23,2027-06-17,990,510,0.33053122628257886,0.2743896924514568,0.3232020839705669,0.323087757573718,0.00733,20,0.337524252207696,-0.02892,0.01444,18
GS,single_name,2026-01-23,2027-06-17,990,510,0.33053122628257886,0.2743896924514568,0.3232020839705669,0.323087757573718,0.00733,40,0.340657138005777,-0.09534,0.01757,18
GS,single_name,2026-01-26,2027-06-17,1000,507,0.3322961491006882,0.275401672960115,0.3179637345967932,0.317855344335685,0.01433,20,0.334669726419666,-0.03175,0.01681,19
GS,single_name,2026-01-26,2027-06-17,1000,507,0.3322961491006882,0.275401672960115,0.3179637345967932,0.317855344335685,0.01433,40,0.338018941040962,-0.10317,0.02016,19
GS,single_name,2026-01-27,2027-06-17,995,506,0.33197738140873273,0.27402389184999565,0.31424590866792124,0.314298689123254,0.01773,20,0.332476790694306,-0.00897,0.01818,20
GS,single_name,2026-01-27,2027-06-17,995,506,0.33197738140873273,0.27402389184999565,0.31424590866792124,0.314298689123254,0.01773,40,0.338490584733126,-0.09452,0.02419,20
GS,single_name,2026-01-28,2027-06-17,1005,505,0.3258524227051857,0.273902190582076,0.3154686463429031,0.315336649472118,0.01038,20,0.331241835925825,-0.00834,0.01591,21
GS,single_name,2026-01-28,2027-06-17,1005,505,0.3258524227051857,0.273902190582076,0.3154686463429031,0.315336649472118,0.01038,40,0.341693603042476,-0.12187,0.02636,21
GS,single_name,2026-01-29,2027-06-17,1005,504,0.32317020799982615,0.2737883780077997,0.31725205019161007,0.317363354881757,0.00592,20,0.339487735438427,-0.08568,0.02212,22
GS,single_name,2026-01-29,2027-06-17,1005,504,0.32317020799982615,0.2737883780077997,0.31725205019161007,0.317363354881757,0.00592,40,0.343984001156012,-0.14597,0.02662,22
GS,single_name,2026-01-30,2027-06-17,1005,503,0.32276995933870467,0.2738047447599198,0.31897050004412264,0.318697374366384,0.0038,20,0.343026685819614,-0.0788,0.02433,23
GS,single_name,2026-01-30,2027-06-17,1005,503,0.32276995933870467,0.2738047447599198,0.31897050004412264,0.318697374366384,0.0038,40,0.345131779259719,-0.13664,0.02643,23
GS,single_name,2026-02-02,2027-06-17,1015,500,0.29519642441566607,0.27427683763869876,0.31779465884588176,0.31769945867344,-0.0226,20,0.345183303113918,-0.0885,0.02748,24
GS,single_name,2026-02-02,2027-06-17,1015,500,0.29519642441566607,0.27427683763869876,0.31779465884588176,0.31769945867344,-0.0226,40,0.336893738369515,-0.10603,0.01919,24
GS,single_name,2026-02-03,2027-06-17,1010,499,0.2662338301583788,0.27516510689366735,0.323009969064314,0.322871557951307,-0.04784,20,0.340649476760752,-0.0764,0.01778,25
GS,single_name,2026-02-03,2027-06-17,1010,499,0.2662338301583788,0.27516510689366735,0.323009969064314,0.322871557951307,-0.04784,40,0.339561483530236,-0.0839,0.01669,25
GS,single_name,2026-02-04,2027-06-17,980,498,0.2812095995535563,0.28153802971937564,0.32828885113269785,0.32854640302467,-0.04675,20,0.336726154240796,-0.08523,0.00818,26
GS,single_name,2026-02-04,2027-06-17,980,498,0.2812095995535563,0.28153802971937564,0.32828885113269785,0.32854640302467,-0.04675,40,0.348841385461546,-0.05503,0.02029,26
GS,single_name,2026-02-05,2027-06-17,955,497,0.28960020003543946,0.2871697445668223,0.32735864836890494,0.327497287988917,-0.03776,20,0.346894298708503,-0.07748,0.0194,27
GS,single_name,2026-02-05,2027-06-17,955,497,0.28960020003543946,0.2871697445668223,0.32735864836890494,0.327497287988917,-0.03776,40,0.355190604124928,-0.02736,0.02769,27
GS,single_name,2026-02-06,2027-06-17,1000,496,0.32994111200151655,0.29781374266085653,0.32327854605182815,0.322889576066451,0.00666,20,0.333655012141482,-0.10414,0.01077,28
GS,single_name,2026-02-06,2027-06-17,1000,496,0.32994111200151655,0.29781374266085653,0.32327854605182815,0.322889576066451,0.00666,40,0.348730971499421,-0.06956,0.02584,28
GS,single_name,2026-02-09,2027-06-17,1015,493,0.3346032317861468,0.29773064802358257,0.32373433850916317,0.323411198171276,0.01087,20,0.333438391818398,-0.11637,0.01003,29
GS,single_name,2026-02-09,2027-06-17,1015,493,0.3346032317861468,0.29773064802358257,0.32373433850916317,0.323411198171276,0.01087,40,0.337897821711395,-0.04013,0.01449,29
GS,single_name,2026-02-10,2027-06-17,1020,492,0.3327767430534051,0.2901575518879876,0.32760986245768475,0.327620019964958,0.00517,20,0.329598989919214,-0.13196,0.00198,30
GS,single_name,2026-02-10,2027-06-17,1020,492,0.3327767430534051,0.2901575518879876,0.32760986245768475,0.327620019964958,0.00517,40,0.339623202133653,-0.0477,0.012,30
GS,single_name,2026-02-11,2027-06-17,1020,491,0.3302439878104911,0.2765485457235748,0.3383478033548765,0.338381793652193,-0.0081,20,0.339260254142079,-0.16628,0.00088,31
GS,single_name,2026-02-11,2027-06-17,1020,491,0.3302439878104911,0.2765485457235748,0.3383478033548765,0.338381793652193,-0.0081,40,0.334916469968173,-0.03895,-0.00347,31
GS,single_name,2026-02-12,2027-06-17,980,490,0.36455143482786007,0.28911602816450155,0.34580197768637283,0.34578554125246,0.01875,20,0.337251937024098,-0.13525,-0.00853,32
GS,single_name,2026-02-12,2027-06-17,980,490,0.36455143482786007,0.28911602816450155,0.34580197768637283,0.34578554125246,0.01875,40,0.336308521957592,-0.01521,-0.00948,32
GS,single_name,2026-02-13,2027-06-17,975,489,0.3203020306379444,0.2855398407430869,0.3359455559993153,0.336081852331736,-0.01564,20,0.331521472584496,-0.12194,-0.00456,33
GS,single_name,2026-02-13,2027-06-17,975,489,0.3203020306379444,0.2855398407430869,0.3359455559993153,0.336081852331736,-0.01564,40,0.335063588109521,0.00496,-0.00102,33
GS,single_name,2026-02-17,2027-06-17,985,485,0.322403106691452,0.2861645678378969,0.3351395953835956,0.335467803788666,-0.01274,20,0.331785740874455,-0.11899,-0.00368,34
GS,single_name,2026-02-17,2027-06-17,985,485,0.322403106691452,0.2861645678378969,0.3351395953835956,0.335467803788666,-0.01274,40,0.330028371698986,-0.01807,-0.00544,34
GS,single_name,2026-02-18,2027-06-17,1005,484,0.32441206338499995,0.28746110125961194,0.32929832787422486,0.328995175670569,-0.00489,20,0.331185387768592,-0.13735,0.00219,35
GS,single_name,2026-02-18,2027-06-17,1005,484,0.32441206338499995,0.28746110125961194,0.32929832787422486,0.328995175670569,-0.00489,40,0.330366930225468,-0.03612,0.00137,35
GS,single_name,2026-02-19,2027-06-17,985,483,0.32780973221922965,0.2882612020797105,0.3327494356049969,0.33292264030046,-0.00494,20,0.33569856305602,-0.11689,0.00278,36
GS,single_name,2026-02-19,2027-06-17,985,483,0.32780973221922965,0.2882612020797105,0.3327494356049969,0.33292264030046,-0.00494,40,0.330609995513374,0.01015,-0.00231,36
GS,single_name,2026-02-20,2027-06-17,990,482,0.3288200474265747,0.28829305643506703,0.33030360347681864,0.330422974888746,-0.00148,20,0.338034165957042,-0.11788,0.00761,37
GS,single_name,2026-02-20,2027-06-17,990,482,0.3288200474265747,0.28829305643506703,0.33030360347681864,0.330422974888746,-0.00148,40,0.334089173455502,0.02114,0.00367,37
GS,single_name,2026-02-23,2027-06-17,960,479,0.32161474837772175,0.2948984523395069,0.34156556889740364,0.341862029061472,-0.01995,20,0.345442536309284,-0.06841,0.00358,38
GS,single_name,2026-02-23,2027-06-17,960,479,0.32161474837772175,0.2948984523395069,0.34156556889740364,0.341862029061472,-0.01995,40,0.342614433618174,0.03837,0.00075,38
GS,single_name,2026-02-24,2027-06-17,970,478,0.3199078638496877,0.29435156932500833,0.3377675545628926,0.338145265625077,-0.01786,20,0.343338500259714,-0.07376,0.00519,39
GS,single_name,2026-02-24,2027-06-17,970,478,0.3199078638496877,0.29435156932500833,0.3377675545628926,0.338145265625077,-0.01786,40,0.337381350828465,0.0361,-0.00076,39
GS,single_name,2026-02-25,2027-06-17,990,477,0.3297479411388899,0.2953433740692158,0.3332162444841868,0.333298744039799,-0.00347,20,0.339497794905007,-0.08633,0.0062,40
GS,single_name,2026-02-25,2027-06-17,990,477,0.3297479411388899,0.2953433740692158,0.3332162444841868,0.333298744039799,-0.00347,40,0.336993405726214,0.01077,0.00369,40
GS,single_name,2026-02-26,2027-06-17,1000,476,0.3299625701048074,0.2948689305646406,0.3324001159405255,0.332080043025872,-0.00244,20,0.342570869173294,-0.11449,0.01049,41
GS,single_name,2026-02-26,2027-06-17,1000,476,0.3299625701048074,0.2948689305646406,0.3324001159405255,0.332080043025872,-0.00244,40,0.328825752851749,-0.00225,-0.00325,41
GS,single_name,2026-02-27,2027-06-17,930,475,0.4283232815493705,0.33464768107542364,0.34652433138340444,0.346456020464613,0.0818,20,0.354397800551925,-0.06594,0.00794,42
GS,single_name,2026-02-27,2027-06-17,930,475,0.4283232815493705,0.33464768107542364,0.34652433138340444,0.346456020464613,0.0818,40,0.347987137548157,0.09102,0.00153,42
GS,single_name,2026-03-02,2027-06-17,935,472,0.42902325766441435,0.3345388743833017,0.3518191117926977,0.35144692692195,0.0772,20,0.355949149560214,-0.06278,0.0045,43
GS,single_name,2026-03-02,2027-06-17,935,472,0.42902325766441435,0.3345388743833017,0.3518191117926977,0.35144692692195,0.0772,40,0.346965065765994,0.07526,-0.00448,43
GS,single_name,2026-03-03,2027-06-17,935,471,0.42551313706975874,0.33047790837458885,0.35665895728714414,0.356885939582229,0.06885,20,0.350632905527023,-0.01923,-0.00625,44
GS,single_name,2026-03-03,2027-06-17,935,471,0.42551313706975874,0.33047790837458885,0.35665895728714414,0.356885939582229,0.06885,40,0.346445730673063,0.04987,-0.01044,44
GS,single_name,2026-03-04,2027-06-17,940,470,0.42678942284190613,0.33062431432150885,0.34953952062537286,0.349282672296243,0.07725,20,0.351359693971942,-0.00812,0.00208,45
GS,single_name,2026-03-04,2027-06-17,940,470,0.42678942284190613,0.33062431432150885,0.34953952062537286,0.349282672296243,0.07725,40,0.343259192190898,0.06517,-0.00602,45
GS,single_name,2026-03-05,2027-06-17,905,469,0.4351625862934518,0.3371171029522956,0.3494565577223343,0.349183264887249,0.08571,20,0.363215538629868,0.03301,0.01403,46
GS,single_name,2026-03-05,2027-06-17,905,469,0.4351625862934518,0.3371171029522956,0.3494565577223343,0.349183264887249,0.08571,40,0.34849450864638,0.10563,-0.00069,46
GS,single_name,2026-03-06,2027-06-17,890,468,0.430790492386215,0.3374281451246076,0.355888921370128,0.356193915770392,0.0749,20,0.366050637013183,0.05433,0.00986,47
GS,single_name,2026-03-06,2027-06-17,890,468,0.430790492386215,0.3374281451246076,0.355888921370128,0.356193915770392,0.0749,40,0.347481712033149,0.09964,-0.00871,47
GS,single_name,2026-03-09,2027-06-17,900,465,0.40060721056127624,0.33767227757657137,0.34989820215774114,0.349824694010353,0.05071,20,0.367561734395615,0.0386,0.01774,48
GS,single_name,2026-03-09,2027-06-17,900,465,0.40060721056127624,0.33767227757657137,0.34989820215774114,0.349824694010353,0.05071,40,0.346666854672907,0.1044,-0.00316,48
GS,single_name,2026-03-10,2027-06-17,900,464,0.39378931669269307,0.33624790148776057,0.34815439159567124,0.348264733021333,0.04563,20,0.357315800057067,0.08628,0.00905,49
GS,single_name,2026-03-10,2027-06-17,900,464,0.39378931669269307,0.33624790148776057,0.34815439159567124,0.348264733021333,0.04563,40,0.343006382942478,0.12418,-0.00526,49
GS,single_name,2026-03-11,2027-06-17,890,463,0.39174244310628187,0.3328071799988629,0.3466653438058868,0.346181267178586,0.04508,20,0.362649610018525,0.09707,0.01647,50
GS,single_name,2026-03-11,2027-06-17,890,463,0.39174244310628187,0.3328071799988629,0.3466653438058868,0.346181267178586,0.04508,40,0.340994964477392,0.12396,-0.00519,50
GS,single_name,2026-03-12,2027-06-17,855,462,0.41396919332390897,0.3410165225767766,0.35973034922517555,0.359538799654012,0.05424,20,0.366878759032581,0.15273,0.00734,51
GS,single_name,2026-03-12,2027-06-17,855,462,0.41396919332390897,0.3410165225767766,0.35973034922517555,0.359538799654012,0.05424,40,0.344888695450957,0.18915,-0.01465,51
GS,single_name,2026-03-13,2027-06-17,845,461,0.39373216233042346,0.34105889997982336,0.3516236640829572,0.351738677436545,0.04211,20,0.360918302689387,0.13881,0.00918,52
GS,single_name,2026-03-13,2027-06-17,845,461,0.39373216233042346,0.34105889997982336,0.3516236640829572,0.351738677436545,0.04211,40,0.355296500033991,0.20794,0.00356,52
GS,single_name,2026-03-16,2027-06-17,855,458,0.4014655446628007,0.34243675939769197,0.3472192707446545,0.347642579367914,0.05425,20,0.358301416995008,0.14452,0.01066,53
GS,single_name,2026-03-16,2027-06-17,855,458,0.4014655446628007,0.34243675939769197,0.3472192707446545,0.347642579367914,0.05425,40,0.353471544184184,0.19016,0.00583,53
GS,single_name,2026-03-17,2027-06-17,870,457,0.4036799802494485,0.3439482026077859,0.3469900256954817,0.347050806207029,0.05669,20,0.346004885966902,0.11455,-0.00105,54
GS,single_name,2026-03-17,2027-06-17,870,457,0.4036799802494485,0.3439482026077859,0.3469900256954817,0.347050806207029,0.05669,40,0.355725090247811,0.18386,0.00867,54
GS,single_name,2026-03-18,2027-06-17,870,456,0.39283791040390975,0.3437347601688195,0.3502492749142881,0.350053799926379,0.04259,20,0.350158840374542,0.11735,0.00011,55
GS,single_name,2026-03-18,2027-06-17,870,456,0.39283791040390975,0.3437347601688195,0.3502492749142881,0.350053799926379,0.04259,40,0.358163386538671,0.20296,0.00811,55
GS,single_name,2026-03-19,2027-06-17,875,455,0.39288527129611867,0.3412643096072002,0.3548886542728295,0.355047782027442,0.038,20,0.347244188276377,0.14385,-0.0078,56
GS,single_name,2026-03-19,2027-06-17,875,455,0.39288527129611867,0.3412643096072002,0.3548886542728295,0.355047782027442,0.038,40,0.35562343350376,0.17167,0.00058,56
GS,single_name,2026-03-20,2027-06-17,880,454,0.3924426352455461,0.3411565192011869,0.3556621719260207,0.355592151930463,0.03678,20,0.354740565336275,0.1576,-0.00085,57
GS,single_name,2026-03-20,2027-06-17,880,454,0.3924426352455461,0.3411565192011869,0.3556621719260207,0.355592151930463,0.03678,40,0.343019676049067,0.16328,-0.01257,57
GS,single_name,2026-03-23,2027-06-17,900,451,0.3909590910958802,0.3443488487652965,0.35480671921249635,0.354489600371845,0.03615,20,0.348771616878849,0.11462,-0.00572,58
GS,single_name,2026-03-23,2027-06-17,900,451,0.3909590910958802,0.3443488487652965,0.35480671921249635,0.354489600371845,0.03615,40,0.338850373371926,0.11725,-0.01564,58
GS,single_name,2026-03-24,2027-06-17,905,450,0.38862501180905507,0.3438232318111187,0.35619892697623157,0.355974989976914,0.03243,20,0.345695233217254,0.1186,-0.01028,59
GS,single_name,2026-03-24,2027-06-17,905,450,0.38862501180905507,0.3438232318111187,0.35619892697623157,0.355974989976914,0.03243,40,0.351435719996251,0.17518,-0.00454,59
GS,single_name,2026-03-25,2027-06-17,910,449,0.3799963206012492,0.3442382048681831,0.35392772119241306,0.353718792908748,0.02607,20,0.348591742547813,0.10627,-0.00513,60
GS,single_name,2026-03-25,2027-06-17,910,449,0.3799963206012492,0.3442382048681831,0.35392772119241306,0.353718792908748,0.02607,40,0.353741772796886,0.17382,2e-05,60
GS,single_name,2026-03-26,2027-06-17,890,448,0.3823067015206045,0.3457388015990193,0.3603306701353303,0.360412070377388,0.02198,20,0.346160505240703,0.12675,-0.01425,61
GS,single_name,2026-03-26,2027-06-17,890,448,0.3823067015206045,0.3457388015990193,0.3603306701353303,0.360412070377388,0.02198,40,0.361349132156372,0.21162,0.00094,61
GS,single_name,2026-03-27,2027-06-17,870,447,0.28404954681589883,0.3486180989089517,0.3625285493819448,0.362754252521296,-0.01391,20,0.359009872578416,0.16804,-0.00374,62
GS,single_name,2026-03-27,2027-06-17,870,447,0.28404954681589883,0.3486180989089517,0.3625285493819448,0.362754252521296,-0.01391,40,0.362416455465368,0.23868,-0.00034,62
GS,single_name,2026-03-30,2027-06-17,875,444,0.2852269381100403,0.34881836085450313,0.3659552467349532,0.366359483094669,-0.01714,20,0.3555074354782,0.14729,-0.01085,63
GS,single_name,2026-03-30,2027-06-17,875,444,0.2852269381100403,0.34881836085450313,0.3659552467349532,0.366359483094669,-0.01714,40,0.360747349927278,0.23387,-0.00561,63
GS,single_name,2026-03-31,2027-06-17,915,443,0.3353858599956473,0.352605896317012,0.3547317674815882,0.354313807837577,-0.00213,20,0.350328020049112,0.07046,-0.00399,64
GS,single_name,2026-03-31,2027-06-17,915,443,0.3353858599956473,0.352605896317012,0.3547317674815882,0.354313807837577,-0.00213,40,0.363114375556192,0.19194,0.0088,64
GS,single_name,2026-04-01,2027-06-17,930,442,0.3405705619813907,0.3457487462324532,0.35349233975141586,0.353191925434271,-0.00774,20,0.344688364538258,0.07389,-0.0085,65
GS,single_name,2026-04-01,2027-06-17,930,442,0.3405705619813907,0.3457487462324532,0.35349233975141586,0.353191925434271,-0.00774,40,0.361392326939894,0.19222,0.0082,65
GS,single_name,2026-04-02,2027-06-17,935,441,0.3114139407531715,0.34539418354388896,0.3579561651654255,0.357473908347917,-0.01256,20,0.343298909479684,0.0703,-0.01417,66
GS,single_name,2026-04-02,2027-06-17,935,441,0.3114139407531715,0.34539418354388896,0.3579561651654255,0.357473908347917,-0.01256,40,0.3816696548003,0.21498,0.0242,66
GS,single_name,2026-04-06,2027-06-17,935,437,0.30360004975620125,0.34438823989843004,0.35833595880309776,0.358487164652517,-0.01395,20,0.340629069543174,0.04298,-0.01786,67
GS,single_name,2026-04-06,2027-06-17,935,437,0.30360004975620125,0.34438823989843004,0.35833595880309776,0.358487164652517,-0.01395,40,0.386703992059279,0.22924,0.02822,67
GS,single_name,2026-04-07,2027-06-17,935,436,0.30159126391397084,0.3442215781477266,0.36110924769385044,0.360827379857324,-0.01689,20,0.339163940241951,0.06335,-0.02166,68
GS,single_name,2026-04-07,2027-06-17,935,436,0.30159126391397084,0.3442215781477266,0.36110924769385044,0.360827379857324,-0.01689,40,0.391498474908893,0.20795,0.03067,68
GS,single_name,2026-04-08,2027-06-17,975,435,0.3415051595052733,0.3580420818866689,0.34448819448763157,0.344048143849278,0.01355,20,0.33021838613613,0.03489,-0.01383,69
GS,single_name,2026-04-08,2027-06-17,975,435,0.3415051595052733,0.3580420818866689,0.34448819448763157,0.344048143849278,0.01355,40,0.397723485124607,0.2063,0.05368,69
GS,single_name,2026-04-09,2027-06-17,970,434,0.33703518693606516,0.35720952283539326,0.348290866507097,0.348706357362273,0.00892,20,0.329579512506402,0.02451,-0.01913,70
GS,single_name,2026-04-09,2027-06-17,970,434,0.33703518693606516,0.35720952283539326,0.348290866507097,0.348706357362273,0.00892,40,0.391910724898023,0.14934,0.0432,70
GS,single_name,2026-04-10,2027-06-17,970,433,0.2816190542345635,0.35659419256798364,0.3430729109794198,0.34361784232213,0.01352,20,0.32743928071914,0.03159,-0.01618,71
GS,single_name,2026-04-10,2027-06-17,970,433,0.2816190542345635,0.35659419256798364,0.3430729109794198,0.34361784232213,0.01352,40,0.390196723483408,0.15113,0.04658,71
GS,single_name,2026-04-13,2027-06-17,955,430,0.2926434790659419,0.3584239838226904,0.3409064656894646,0.340701829043986,0.01752,20,0.332961046850796,0.0607,-0.00774,72
GS,single_name,2026-04-13,2027-06-17,955,430,0.2926434790659419,0.3584239838226904,0.3409064656894646,0.340701829043986,0.01752,40,0.395714451183914,0.17405,0.05501,72
GS,single_name,2026-04-14,2027-06-17,975,429,0.2953063490052317,0.34840341677873543,0.3354203754112994,0.335063588109521,0.01298,20,0.334039631140329,0.03987,-0.00102,73
GS,single_name,2026-04-14,2027-06-17,975,429,0.2953063490052317,0.34840341677873543,0.3354203754112994,0.335063588109521,0.01298,40,0.389217766948461,0.10077,0.05415,73
GS,single_name,2026-04-15,2027-06-17,960,428,0.3000708339611889,0.3479626008038005,0.33289733594277304,0.33287868795257,0.01507,20,0.341694923538527,0.06218,0.00882,74
GS,single_name,2026-04-15,2027-06-17,960,428,0.3000708339611889,0.3479626008038005,0.33289733594277304,0.33287868795257,0.01507,40,0.391604577438807,0.12387,0.05873,74
GS,single_name,2026-04-16,2027-06-17,960,427,0.2993878882440778,0.34584615514646366,0.33547656899957534,0.335549919175943,0.01037,20,0.34657996052309,0.07662,0.01103,75
GS,single_name,2026-04-16,2027-06-17,960,427,0.2993878882440778,0.34584615514646366,0.33547656899957534,0.335549919175943,0.01037,40,0.393529709764964,0.18083,0.05798,75
GS,single_name,2026-04-17,2027-06-17,985,426,0.31017090698058125,0.35031105846935773,0.3304784474096504,0.330609995513374,0.01983,20,0.339865263121681,0.02432,0.00926,76
GS,single_name,2026-04-17,2027-06-17,985,426,0.31017090698058125,0.35031105846935773,0.3304784474096504,0.330609995513374,0.01983,40,0.388159522741202,0.16223,0.05755,76
GS,single_name,2026-04-20,2027-06-17,1000,423,0.31216576755644804,0.3520969638295606,0.331601373997841,0.332018483018104,0.0205,20,0.328063048358343,0.00491,-0.00396,77
GS,single_name,2026-04-20,2027-06-17,1000,423,0.31216576755644804,0.3520969638295606,0.331601373997841,0.332018483018104,0.0205,40,0.385094022562869,0.15814,0.05308,77
GS,single_name,2026-04-21,2027-06-17,990,422,0.3180831952724961,0.3447909381143601,0.33859028650617573,0.338563078267157,0.0062,20,0.327490139941108,0.00236,-0.01107,78
GS,single_name,2026-04-21,2027-06-17,990,422,0.3180831952724961,0.3447909381143601,0.33859028650617573,0.338563078267157,0.0062,40,0.389741469210816,0.18627,0.05118,78
GS,single_name,2026-04-22,2027-06-17,995,421,0.31832240797398703,0.3440689978834149,0.3339918473123315,0.334241002651683,0.01008,20,0.336487252619545,0.05058,0.00225,79
GS,single_name,2026-04-22,2027-06-17,995,421,0.31832240797398703,0.3440689978834149,0.3339918473123315,0.334241002651683,0.01008,40,0.387299353766737,0.17299,0.05306,79
GS,single_name,2026-04-23,2027-06-17,995,420,0.3199703857978012,0.3441262813283555,0.3363688571592679,0.336203227959661,0.00776,20,0.339931447372835,0.06107,0.00373,80
GS,single_name,2026-04-23,2027-06-17,995,420,0.3199703857978012,0.3441262813283555,0.3363688571592679,0.336203227959661,0.00776,40,0.385322444891997,0.18798,0.04912,80
GS,single_name,2026-04-24,2027-06-17,990,419,0.3048552861273969,0.34389520775137344,0.32998781646629155,0.329801483497194,0.01391,20,0.342269010292449,0.07533,0.01247,81
GS,single_name,2026-04-24,2027-06-17,990,419,0.3048552861273969,0.34389520775137344,0.32998781646629155,0.329801483497194,0.01391,40,0.390632427539302,0.18074,0.06083,81
GS,single_name,2026-04-27,2027-06-17,1000,416,0.28348067179219255,0.3446768884806177,0.3369232653454644,0.336953905163205,0.00775,20,0.341419417829379,0.06047,0.00447,82
GS,single_name,2026-04-27,2027-06-17,1000,416,0.28348067179219255,0.3446768884806177,0.3369232653454644,0.336953905163205,0.00775,40,0.38420927910193,0.14832,0.04726,82
GS,single_name,2026-04-28,2027-06-17,990,415,0.29210129699985915,0.34541512241708605,0.33799925261491165,0.337744274913005,0.00742,20,0.342839906150206,0.07546,0.0051,83
GS,single_name,2026-04-28,2027-06-17,990,415,0.29210129699985915,0.34541512241708605,0.33799925261491165,0.337744274913005,0.00742,40,0.382066339850348,0.14952,0.04432,83
GS,single_name,2026-04-29,2027-06-17,970,414,0.27037120784080715,0.34761898453381446,0.3413085270423736,0.341053723447412,0.00631,20,0.352090044070366,0.11348,0.01104,84
GS,single_name,2026-04-29,2027-06-17,970,414,0.27037120784080715,0.34761898453381446,0.3413085270423736,0.341053723447412,0.00631,40,0.379274203831249,0.12589,0.03822,84
GS,single_name,2026-04-30,2027-06-17,985,413,0.2726793127417109,0.34983470707617104,0.33629792042567885,0.336269573102807,0.01354,20,0.352467914331097,0.11019,0.0162,85
GS,single_name,2026-04-30,2027-06-17,985,413,0.2726793127417109,0.34983470707617104,0.33629792042567885,0.336269573102807,0.01354,40,0.37801416267471,0.1044,0.04174,85
GS,single_name,2026-05-01,2027-06-17,985,412,0.27298393241194663,0.34511939612660136,0.3358196969362958,0.335667176681446,0.0093,20,0.371734855151672,0.13518,0.03607,86
GS,single_name,2026-05-01,2027-06-17,985,412,0.27298393241194663,0.34511939612660136,0.3358196969362958,0.335667176681446,0.0093,40,0.375749924767184,0.0949,0.04008,86
GS,single_name,2026-05-04,2027-06-17,960,409,0.2879011688997456,0.3442219823843073,0.33690622542050264,0.337278261483433,0.00732,20,0.381190244476586,0.17858,0.04391,87
GS,single_name,2026-05-04,2027-06-17,960,409,0.2879011688997456,0.3442219823843073,0.33690622542050264,0.337278261483433,0.00732,40,0.384734548069436,0.1288,0.04746,87
GS,single_name,2026-05-05,2027-06-17,975,408,0.29222299554235653,0.33490266832738524,0.3333610603214184,0.333779977632318,0.00154,20,0.382920244027592,0.13599,0.04914,88
GS,single_name,2026-05-05,2027-06-17,975,408,0.29222299554235653,0.33490266832738524,0.3333610603214184,0.333779977632318,0.00154,40,0.37682572272857,0.11112,0.04305,88
GS,single_name,2026-05-06,2027-06-17,995,407,0.2510853622270855,0.33582273831864107,0.32615973718375374,0.326223864376139,0.00966,20,0.392596959570039,0.16564,0.06637,89
GS,single_name,2026-05-07,2027-06-17,980,406,0.25569947409541255,0.33652314177933407,0.32798841899863795,0.328277895270323,0.00853,20,0.390063722290322,0.12184,0.06179,90
GS,single_name,2026-05-08,2027-06-17,990,405,0.2580354963990455,0.337265655474229,0.3243260939939642,0.324603095569573,0.01294,20,0.386493361569649,0.11588,0.06189,91
GS,single_name,2026-05-11,2027-06-17,1000,402,0.24744339134244422,0.32549057605005144,0.32573510778361137,0.32608541989211,-0.00024,20,0.386234962086936,0.10686,0.06015,92
GS,single_name,2026-05-12,2027-06-17,1005,401,0.23816724121963972,0.3254914325467999,0.328361694388531,0.328308418538096,-0.00287,20,0.384101952090252,0.05856,0.05579,93
GS,single_name,2026-05-13,2027-06-17,1015,400,0.23449446253021572,0.3252275787498489,0.3322015760922512,0.332037818795462,-0.00697,20,0.378326012296937,0.05808,0.04629,94
GS,single_name,2026-05-14,2027-06-17,1030,399,0.23750450866550174,0.32416762037582136,0.33488602647166843,0.334935266698094,-0.01072,20,0.377483381892074,0.09679,0.04255,95
GS,single_name,2026-05-15,2027-06-17,1010,398,0.2344827279597405,0.32495349727724215,0.3356438939920423,0.335568846700664,-0.01069,20,0.383805630339978,0.13464,0.04824,96
GS,single_name,2026-05-18,2027-06-17,1005,395,0.2272066530877289,0.32479767236461804,0.32772219537081615,0.327409062601421,-0.00292,20,0.384275367346155,0.15249,0.05687,97
GS,single_name,2026-05-19,2027-06-17,985,394,0.22981026344180608,0.31982282002255746,0.32822690174937913,0.32816224194426,-0.0084,20,0.390375749156196,0.18347,0.06221,98
GS,single_name,2026-05-20,2027-06-17,1040,393,0.3026086023915487,0.33867650599109017,0.3294509408379077,0.329617210380706,0.00923,20,0.378110916661379,0.11652,0.04849,99
GS,single_name,2026-05-21,2027-06-17,1050,392,0.3019365497139299,0.33637765917641105,0.33336863576782144,0.333284650664797,0.00301,20,0.374536995813566,0.11962,0.04125,100
GS,single_name,2026-05-22,2027-06-17,1060,391,0.30114539873211205,0.3364135205355564,0.3333826502011538,0.333033332052464,0.00303,20,0.377459893002492,0.09803,0.04443,101
GS,single_name,2026-05-26,2027-06-17,1055,387,0.30025439047783975,0.2937056510434656,0.338112409453899,0.338332032094273,-0.03786,20,0.374708832459838,0.08284,0.03638,102
GS,single_name,2026-05-27,2027-06-17,1060,386,0.2950330202957179,0.2937072218346426,0.33570121688543936,0.335515374850219,-0.04067,20,0.373967390689463,0.06886,0.03845,103
GS,single_name,2026-05-28,2027-06-17,1070,385,0.27896895978019054,0.2943272950554347,0.33541524727056443,0.335412622519172,-0.04109,20,0.365563929965682,0.01115,0.03015,104
GS,single_name,2026-05-29,2027-06-17,1085,384,0.27712044489227133,0.2957351130015094,0.3363028231936242,0.336566220553083,-0.04057,20,0.366622179997336,-0.00522,0.03006,105
GS,single_name,2026-06-01,2027-06-17,1115,381,0.28269400781521964,0.28624013181691504,0.34761735050066495,0.347931635051656,-0.06138,20,0.363013599477527,-0.03549,0.01508,106
GS,single_name,2026-06-02,2027-06-17,1135,380,0.2628176768190344,0.2838567621115298,0.3490265525149088,0.349046979999949,-0.06517,20,0.364619122193486,-0.04224,0.01557,107
GS,single_name,2026-06-03,2027-06-17,1115,379,0.2782565096741157,0.28748456706388376,0.35594560507586237,0.355999314711902,-0.06846,20,0.360854809750005,-0.02189,0.00486,108
SMH,etf,2025-12-26,2027-01-15,390,385,0.2819339384032878,0.3339098202128604,0.37114255846849115,0.373047849636795,-0.03723,20,0.408400960141151,0.11313,0.03535,0
SMH,etf,2025-12-26,2027-01-15,390,385,0.2819339384032878,0.3339098202128604,0.37114255846849115,0.373047849636795,-0.03723,40,0.442716464048986,0.16482,0.06967,0
SMH,etf,2025-12-29,2027-01-15,390,382,0.28013874926417787,0.3331862584481062,0.3719913837076404,0.372876079514943,-0.03881,20,0.414559330888236,0.14393,0.04168,1
SMH,etf,2025-12-29,2027-01-15,390,382,0.28013874926417787,0.3331862584481062,0.3719913837076404,0.372876079514943,-0.03881,40,0.430577953821865,0.13124,0.0577,1
SMH,etf,2025-12-30,2027-01-15,390,381,0.28051952309879064,0.33305404249494025,0.3721290152550024,0.372351183626089,-0.03907,20,0.416722556484605,0.14921,0.04437,2
SMH,etf,2025-12-30,2027-01-15,390,381,0.28051952309879064,0.33305404249494025,0.3721290152550024,0.372351183626089,-0.03907,40,0.44044444598093,0.11852,0.06809,2
SMH,etf,2025-12-31,2027-01-15,390,380,0.27548404279561617,0.33143284848656884,0.37340119348820006,0.372046601535703,-0.04197,20,0.418572905476743,0.12032,0.04653,3
SMH,etf,2025-12-31,2027-01-15,390,380,0.27548404279561617,0.33143284848656884,0.37340119348820006,0.372046601535703,-0.04197,40,0.436827500319627,0.12845,0.06478,3
SMH,etf,2026-01-02,2027-01-15,400,378,0.3002399112187336,0.3365973378592618,0.37288156441950926,0.373186051767276,-0.03628,20,0.412260529222305,0.09287,0.03907,4
SMH,etf,2026-01-02,2027-01-15,400,378,0.3002399112187336,0.3365973378592618,0.37288156441950926,0.373186051767276,-0.03628,40,0.426664980739813,0.04758,0.05348,4
SMH,etf,2026-01-05,2027-01-15,410,375,0.3004171652794537,0.33328413888046693,0.3771183526018422,0.375617729409287,-0.04383,20,0.406774730783491,0.05321,0.03116,5
SMH,etf,2026-01-05,2027-01-15,410,375,0.3004171652794537,0.33328413888046693,0.3771183526018422,0.375617729409287,-0.04383,40,0.42285328383572,0.05697,0.04724,5
SMH,etf,2026-01-06,2027-01-15,420,374,0.3118997953753031,0.3370053397440143,0.3765879599344894,0.375608469394776,-0.03958,20,0.408323207611521,-0.01445,0.03271,6
SMH,etf,2026-01-06,2027-01-15,420,374,0.3118997953753031,0.3370053397440143,0.3765879599344894,0.375608469394776,-0.03958,40,0.416886219174618,0.01994,0.04128,6
SMH,etf,2026-01-07,2027-01-15,410,373,0.31218008610841674,0.31255715637327647,0.37513329674196894,0.376580860763671,-0.06258,20,0.406492648798849,-0.01026,0.02991,7
SMH,etf,2026-01-07,2027-01-15,410,373,0.31218008610841674,0.31255715637327647,0.37513329674196894,0.376580860763671,-0.06258,40,0.4295671372809,-0.01158,0.05299,7
SMH,etf,2026-01-08,2027-01-15,410,372,0.31866576460996354,0.3031610439643634,0.3770511055091744,0.375773282222775,-0.05839,20,0.412337347109485,0.05982,0.03656,8
SMH,etf,2026-01-08,2027-01-15,410,372,0.31866576460996354,0.3031610439643634,0.3770511055091744,0.375773282222775,-0.05839,40,0.416606626251782,0.04061,0.04083,8
SMH,etf,2026-01-09,2027-01-15,420,371,0.3284933375414278,0.30433693319587607,0.37766042497078817,0.377198946525329,-0.04917,20,0.410910506806106,0.04478,0.03371,9
SMH,etf,2026-01-09,2027-01-15,420,371,0.3284933375414278,0.30433693319587607,0.37766042497078817,0.377198946525329,-0.04917,40,0.417173465847673,0.02084,0.03997,9
SMH,etf,2026-01-12,2027-01-15,420,368,0.3261232195685407,0.30089477659476105,0.3766541740104872,0.37647110878702,-0.05053,20,0.409195703173264,0.03609,0.03272,10
SMH,etf,2026-01-12,2027-01-15,420,368,0.3261232195685407,0.30089477659476105,0.3766541740104872,0.37647110878702,-0.05053,40,0.418981664482338,0.02654,0.04251,10
SMH,etf,2026-01-13,2027-01-15,420,367,0.2704207227890861,0.30085954291912176,0.37542902495603786,0.375502253775582,-0.07457,20,0.418325937985073,0.05938,0.04282,11
SMH,etf,2026-01-13,2027-01-15,420,367,0.2704207227890861,0.30085954291912176,0.37542902495603786,0.375502253775582,-0.07457,40,0.418443408620573,-0.00868,0.04294,11
SMH,etf,2026-01-14,2027-01-15,415,366,0.272879782087028,0.30152317070309975,0.3768540425390193,0.377563086668051,-0.07533,20,0.425304927059883,0.04573,0.04774,12
SMH,etf,2026-01-14,2027-01-15,415,366,0.272879782087028,0.30152317070309975,0.3768540425390193,0.377563086668051,-0.07533,40,0.416348702599008,-0.00263,0.03879,12
SMH,etf,2026-01-15,2027-01-15,425,365,0.276855372654804,0.3031236391496513,0.37926824164585665,0.379639605756428,-0.07614,20,0.418501331615325,0.02853,0.03886,13
SMH,etf,2026-01-15,2027-01-15,425,365,0.276855372654804,0.3031236391496513,0.37926824164585665,0.379639605756428,-0.07614,40,0.40906414591909,-0.00628,0.02942,13
SMH,etf,2026-01-16,2027-06-17,445,517,0.22634335919459322,0.30309844271491587,0.3849758951335809,0.38487326436098,-0.08188,20,0.415556169931492,0.01778,0.03068,14
SMH,etf,2026-01-16,2027-06-17,445,517,0.22634335919459322,0.30309844271491587,0.3849758951335809,0.38487326436098,-0.08188,40,0.406109149583224,-0.00877,0.02124,14
SMH,etf,2026-01-20,2027-06-17,435,513,0.24822141031982098,0.30508852977674605,0.39071669145397636,0.390378285958772,-0.08563,20,0.418996480339962,0.05676,0.02862,15
SMH,etf,2026-01-20,2027-06-17,435,513,0.24822141031982098,0.30508852977674605,0.39071669145397636,0.390378285958772,-0.08563,40,0.414954465021537,0.0084,0.02458,15
SMH,etf,2026-01-21,2027-06-17,445,512,0.2523018633292957,0.30832823319346003,0.38928628941486915,0.389929646846306,-0.08096,20,0.415442545518855,0.02058,0.02551,16
SMH,etf,2026-01-21,2027-06-17,445,512,0.2523018633292957,0.30832823319346003,0.38928628941486915,0.389929646846306,-0.08096,40,0.407568544955439,-0.01744,0.01764,16
SMH,etf,2026-01-22,2027-06-17,445,511,0.25226064311117485,0.30659486503002986,0.38605044811086026,0.3865756505091,-0.07946,20,0.413554454599827,0.03031,0.02698,17
SMH,etf,2026-01-22,2027-06-17,445,511,0.25226064311117485,0.30659486503002986,0.38605044811086026,0.3865756505091,-0.07946,40,0.409513999857521,-0.04488,0.02294,17
SMH,etf,2026-01-23,2027-06-17,445,510,0.25556642014170833,0.30352429576223067,0.38392583177749184,0.383673501021203,-0.0804,20,0.411744892132102,0.03197,0.02807,18
SMH,etf,2026-01-23,2027-06-17,445,510,0.25556642014170833,0.30352429576223067,0.38392583177749184,0.383673501021203,-0.0804,40,0.408510931312999,-0.02182,0.02484,18
SMH,etf,2026-01-26,2027-06-17,445,507,0.2570749829880846,0.3033339818794913,0.3864306061643917,0.385502623584789,-0.0831,20,0.420241919349602,0.051,0.03474,19
SMH,etf,2026-01-26,2027-06-17,445,507,0.2570749829880846,0.3033339818794913,0.3864306061643917,0.385502623584789,-0.0831,40,0.409357001680013,-0.01061,0.02385,19
SMH,etf,2026-01-27,2027-06-17,450,506,0.26356570162327114,0.30468657742467875,0.3891465077432731,0.389628329875218,-0.08446,20,0.418716006177639,0.04643,0.02909,20
SMH,etf,2026-01-27,2027-06-17,450,506,0.26356570162327114,0.30468657742467875,0.3891465077432731,0.389628329875218,-0.08446,40,0.406082923045968,-0.02021,0.01645,20
SMH,etf,2026-01-28,2027-06-17,460,505,0.267768285791045,0.30607990614986225,0.3872325786027406,0.388035819319955,-0.08115,20,0.408794035278096,-0.01109,0.02076,21
SMH,etf,2026-01-28,2027-06-17,460,505,0.267768285791045,0.30607990614986225,0.3872325786027406,0.388035819319955,-0.08115,40,0.40406354074614,-0.0859,0.01603,21
SMH,etf,2026-01-29,2027-06-17,465,504,0.26616375202344467,0.30595397564992083,0.38838135294641796,0.387654200920348,-0.08243,20,0.410161539688226,-0.02671,0.02251,22
SMH,etf,2026-01-29,2027-06-17,465,504,0.26616375202344467,0.30595397564992083,0.38838135294641796,0.387654200920348,-0.08243,40,0.40632262701078,-0.10364,0.01867,22
SMH,etf,2026-01-30,2027-06-17,450,503,0.2994131061553447,0.31469894076585614,0.39496216010286705,0.39464694686997,-0.08026,20,0.413315203118348,0.00726,0.01867,23
SMH,etf,2026-01-30,2027-06-17,450,503,0.2994131061553447,0.31469894076585614,0.39496216010286705,0.39464694686997,-0.08026,40,0.407944192446165,-0.10145,0.0133,23
SMH,etf,2026-02-02,2027-06-17,455,500,0.2783994303425351,0.3047055967351475,0.39315492311721645,0.392607251362813,-0.08845,20,0.409342145948192,-0.04145,0.01673,24
SMH,etf,2026-02-02,2027-06-17,455,500,0.2783994303425351,0.3047055967351475,0.39315492311721645,0.392607251362813,-0.08845,40,0.400067430409754,-0.06023,0.00746,24
SMH,etf,2026-02-03,2027-06-17,440,499,0.2964431886959903,0.3080304859950846,0.393720620481966,0.394155582674866,-0.08569,20,0.414224263702654,0.00357,0.02007,25
SMH,etf,2026-02-03,2027-06-17,440,499,0.2964431886959903,0.3080304859950846,0.393720620481966,0.394155582674866,-0.08569,40,0.412367934471201,-0.01436,0.01821,25
SMH,etf,2026-02-04,2027-06-17,425,498,0.31907861946483307,0.31559615978543987,0.4043915534634618,0.404837885150048,-0.08531,20,0.423436908659828,0.03489,0.0186,26
SMH,etf,2026-02-04,2027-06-17,425,498,0.31907861946483307,0.31559615978543987,0.4043915534634618,0.404837885150048,-0.08531,40,0.417284174225543,0.02696,0.01245,26
SMH,etf,2026-02-05,2027-06-17,425,497,0.31837485412345157,0.3150307962779586,0.4013989193363489,0.401576978189938,-0.08302,20,0.426101905874437,-0.00134,0.02452,27
SMH,etf,2026-02-05,2027-06-17,425,497,0.31837485412345157,0.3150307962779586,0.4013989193363489,0.401576978189938,-0.08302,40,0.419046495782693,0.03913,0.01747,27
SMH,etf,2026-02-06,2027-06-17,450,496,0.36410418775093556,0.32686949231929524,0.39781856617266576,0.396877541327759,-0.03371,20,0.41007587763118,-0.01813,0.0132,28
SMH,etf,2026-02-06,2027-06-17,450,496,0.36410418775093556,0.32686949231929524,0.39781856617266576,0.396877541327759,-0.03371,40,0.405879275947619,-0.00436,0.009,28
SMH,etf,2026-02-09,2027-06-17,455,493,0.35516169792146696,0.3237802860274429,0.39968029648273384,0.399293088202014,-0.04452,20,0.410616528362404,-0.02292,0.01132,29
SMH,etf,2026-02-09,2027-06-17,455,493,0.35516169792146696,0.3237802860274429,0.39968029648273384,0.399293088202014,-0.04452,40,0.408191822004616,0.04001,0.0089,29
SMH,etf,2026-02-10,2027-06-17,450,492,0.35592947587568186,0.3233899874338325,0.3993492130275668,0.399612507750627,-0.04342,20,0.411557630480656,-0.00922,0.01195,30
SMH,etf,2026-02-10,2027-06-17,450,492,0.35592947587568186,0.3233899874338325,0.3993492130275668,0.399612507750627,-0.04342,40,0.412661134330215,0.06312,0.01305,30
SMH,etf,2026-02-11,2027-06-17,460,491,0.3649361592299526,0.3192292701956845,0.4005311013955919,0.401107217067006,-0.03559,20,0.411534019845715,-0.06425,0.01043,31
SMH,etf,2026-02-11,2027-06-17,460,491,0.3649361592299526,0.3192292701956845,0.4005311013955919,0.401107217067006,-0.03559,40,0.420734672904372,0.05328,0.01963,31
SMH,etf,2026-02-12,2027-06-17,455,490,0.3729550648681169,0.32302776448845255,0.41226504483702925,0.412253078691809,-0.03931,20,0.406410295336561,-0.04624,-0.00584,32
SMH,etf,2026-02-12,2027-06-17,455,490,0.3729550648681169,0.32302776448845255,0.41226504483702925,0.412253078691809,-0.03931,40,0.420477886340275,0.09167,0.00822,32
SMH,etf,2026-02-13,2027-06-17,455,489,0.36675282327823244,0.32122533534486697,0.4110929472979646,0.411459334546208,-0.04434,20,0.405140634584035,-0.03385,-0.00632,33
SMH,etf,2026-02-13,2027-06-17,455,489,0.36675282327823244,0.32122533534486697,0.4110929472979646,0.411459334546208,-0.04434,40,0.425125306658779,0.1086,0.01367,33
SMH,etf,2026-02-17,2027-06-17,455,485,0.36538508063054326,0.317465971928793,0.41357579756079765,0.413862288381204,-0.04819,20,0.401343543178362,-0.02609,-0.01252,34
SMH,etf,2026-02-17,2027-06-17,455,485,0.36538508063054326,0.317465971928793,0.41357579756079765,0.413862288381204,-0.04819,40,0.423944016522767,0.11163,0.01008,34
SMH,etf,2026-02-18,2027-06-17,460,484,0.35385018791137063,0.31649809175159616,0.41046944355670517,0.410981747554248,-0.05662,20,0.402146879071676,-0.04576,-0.00883,35
SMH,etf,2026-02-18,2027-06-17,460,484,0.35385018791137063,0.31649809175159616,0.41046944355670517,0.410981747554248,-0.05662,40,0.421254095557239,0.10241,0.01027,35
SMH,etf,2026-02-19,2027-06-17,460,483,0.34078338810872244,0.30201419605044383,0.4116368459424454,0.411297670881768,-0.07085,20,0.402057552389157,-0.03725,-0.00924,36
SMH,etf,2026-02-19,2027-06-17,460,483,0.34078338810872244,0.30201419605044383,0.4116368459424454,0.411297670881768,-0.07085,40,0.425185901349018,0.13155,0.01389,36
SMH,etf,2026-02-20,2027-06-17,465,482,0.34288428764698486,0.30243532737537226,0.4071969623609481,0.40633926063942,-0.06431,20,0.402084225620019,-0.07298,-0.00426,37
SMH,etf,2026-02-20,2027-06-17,465,482,0.34288428764698486,0.30243532737537226,0.4071969623609481,0.40633926063942,-0.06431,40,0.423605921358363,0.1179,0.01727,37
SMH,etf,2026-02-23,2027-06-17,460,479,0.3424160344455638,0.29401676209964694,0.40921512089040796,0.409352976806824,-0.0668,20,0.403588959365446,-0.05212,-0.00576,38
SMH,etf,2026-02-23,2027-06-17,460,479,0.3424160344455638,0.29401676209964694,0.40921512089040796,0.409352976806824,-0.0668,40,0.427506462873936,0.12541,0.01815,38
SMH,etf,2026-02-24,2027-06-17,470,478,0.3451852939986543,0.29500715825347273,0.4116329972731159,0.410991988170496,-0.06645,20,0.399573728739639,-0.05862,-0.01142,39
SMH,etf,2026-02-24,2027-06-17,470,478,0.3451852939986543,0.29500715825347273,0.4116329972731159,0.410991988170496,-0.06645,40,0.433409520146328,0.13758,0.02242,39
SMH,etf,2026-02-25,2027-06-17,475,477,0.34243660709702267,0.2936498718338801,0.4088996783881083,0.408952098219479,-0.06646,20,0.397638842327692,-0.06369,-0.01131,40
SMH,etf,2026-02-25,2027-06-17,475,477,0.34243660709702267,0.2936498718338801,0.4088996783881083,0.408952098219479,-0.06646,40,0.434971574248132,0.13068,0.02602,40
SMH,etf,2026-02-26,2027-06-17,460,476,0.35607883685914554,0.30260922675460167,0.4090130407721696,0.408794035278096,-0.05293,20,0.40406354074614,-0.07565,-0.00473,41
SMH,etf,2026-02-26,2027-06-17,460,476,0.35607883685914554,0.30260922675460167,0.4090130407721696,0.408794035278096,-0.05293,40,0.460192478413419,0.22919,0.0514,41
SMH,etf,2026-02-27,2027-06-17,455,475,0.35895421010261247,0.30446791037013676,0.41365920653922394,0.413167379589006,-0.0547,20,0.411012561236493,-0.07904,-0.00215,42
SMH,etf,2026-02-27,2027-06-17,455,475,0.35895421010261247,0.30446791037013676,0.41365920653922394,0.413167379589006,-0.0547,40,0.46217761555027,0.24581,0.04901,42
SMH,etf,2026-03-02,2027-06-17,455,472,0.3372479565540487,0.3027069182391243,0.4116945278601267,0.410953999434622,-0.07445,20,0.40683770245556,-0.10793,-0.00412,43
SMH,etf,2026-03-02,2027-06-17,455,472,0.3372479565540487,0.3027069182391243,0.4116945278601267,0.410953999434622,-0.07445,40,0.454964257966838,0.20872,0.04401,43
SMH,etf,2026-03-03,2027-06-17,435,471,0.36132278997801714,0.3128394728919773,0.41602422343606243,0.417128074855141,-0.0547,20,0.406266662434778,-0.01959,-0.01086,44
SMH,etf,2026-03-03,2027-06-17,435,471,0.36132278997801714,0.3128394728919773,0.41602422343606243,0.417128074855141,-0.0547,40,0.4640631116766,0.2775,0.04694,44
SMH,etf,2026-03-04,2027-06-17,445,470,0.3585690540151706,0.3147243327851573,0.41272635262911556,0.412865217428324,-0.05416,20,0.410558455714438,-0.01787,-0.00231,45
SMH,etf,2026-03-04,2027-06-17,445,470,0.3585690540151706,0.3147243327851573,0.41272635262911556,0.412865217428324,-0.05416,40,0.467051127909251,0.26966,0.05419,45
SMH,etf,2026-03-05,2027-06-17,440,469,0.32798675131633326,0.3152697098641623,0.4164319426939207,0.417261314093449,-0.08845,20,0.410379273557554,-0.00766,-0.00688,46
SMH,etf,2026-03-05,2027-06-17,440,469,0.32798675131633326,0.3152697098641623,0.4164319426939207,0.417261314093449,-0.08845,40,0.472148154971379,0.28954,0.05489,46
SMH,etf,2026-03-06,2027-06-17,425,468,0.3571454292200264,0.32474738213130316,0.4254281183920266,0.426101905874437,-0.06828,20,0.419046495782693,0.04052,-0.00706,47
SMH,etf,2026-03-06,2027-06-17,425,468,0.3571454292200264,0.32474738213130316,0.4254281183920266,0.426101905874437,-0.06828,40,0.47821446047095,0.3317,0.05211,47
SMH,etf,2026-03-09,2027-06-17,440,465,0.3278588078396755,0.3326259252577488,0.41375229875581715,0.413574608832903,-0.08113,20,0.410257931218178,0.01402,-0.00332,48
SMH,etf,2026-03-09,2027-06-17,440,465,0.3278588078396755,0.3326259252577488,0.41375229875581715,0.413574608832903,-0.08113,40,0.478354044019156,0.32538,0.06478,48
SMH,etf,2026-03-10,2027-06-17,445,464,0.3256812948805866,0.33185907023419753,0.41321849782477893,0.412122663297325,-0.08136,20,0.41112253141462,0.0644,-0.001,49
SMH,etf,2026-03-10,2027-06-17,445,464,0.3256812948805866,0.33185907023419753,0.41321849782477893,0.412122663297325,-0.08136,40,0.49119626678349,0.38364,0.07907,49
SMH,etf,2026-03-11,2027-06-17,445,463,0.32744409561494764,0.3316685399405472,0.41268063291483054,0.4133615292776,-0.08101,20,0.416189034845965,0.07301,0.00283,50
SMH,etf,2026-03-11,2027-06-17,445,463,0.32744409561494764,0.3316685399405472,0.41268063291483054,0.4133615292776,-0.08101,40,0.492282765501647,0.34678,0.07892,50
SMH,etf,2026-03-12,2027-06-17,435,462,0.3325646282512315,0.3244407388862789,0.42147679712010044,0.42119497993437,-0.08891,20,0.430366448415443,0.1256,0.00917,51
SMH,etf,2026-03-12,2027-06-17,435,462,0.3325646282512315,0.3244407388862789,0.42147679712010044,0.42119497993437,-0.08891,40,0.508093538519721,0.45967,0.0869,51
SMH,etf,2026-03-13,2027-06-17,430,461,0.32584529949861435,0.3243622188586878,0.41340846417945515,0.413686660262775,-0.08756,20,0.433289699762961,0.14461,0.0196,52
SMH,etf,2026-03-13,2027-06-17,430,461,0.32584529949861435,0.3243622188586878,0.41340846417945515,0.413686660262775,-0.08756,40,0.52524317495804,0.4879,0.11156,52
SMH,etf,2026-03-16,2027-06-17,440,458,0.33232952711889113,0.3257419199406795,0.4117025737121126,0.411032673244653,-0.07937,20,0.431568191638084,0.14744,0.02054,53
SMH,etf,2026-03-16,2027-06-17,440,458,0.33232952711889113,0.3257419199406795,0.4117025737121126,0.411032673244653,-0.07937,40,0.521928212933265,0.42478,0.1109,53
SMH,etf,2026-03-17,2027-06-17,440,457,0.33392460745333136,0.31579848580339237,0.4078933218275063,0.40811561523838,-0.07397,20,0.431536494237297,0.1414,0.02342,54
SMH,etf,2026-03-17,2027-06-17,440,457,0.33392460745333136,0.31579848580339237,0.4078933218275063,0.40811561523838,-0.07397,40,0.527999018308218,0.4424,0.11988,54
SMH,etf,2026-03-18,2027-06-17,440,456,0.33073322002492134,0.3135547385516025,0.4135482954749705,0.412584108792013,-0.08282,20,0.433873831526912,0.15528,0.02129,55
SMH,etf,2026-03-18,2027-06-17,440,456,0.33073322002492134,0.3135547385516025,0.4135482954749705,0.412584108792013,-0.08282,40,0.537546470269778,0.4691,0.12496,55
SMH,etf,2026-03-19,2027-06-17,440,455,0.33103550461762,0.3097404134208584,0.41136929707936476,0.410655248974309,-0.08033,20,0.435418173252488,0.17533,0.02476,56
SMH,etf,2026-03-19,2027-06-17,440,455,0.33103550461762,0.3097404134208584,0.41136929707936476,0.410655248974309,-0.08033,40,0.527710348936634,0.40874,0.11706,56
SMH,etf,2026-03-20,2027-06-17,430,454,0.33757939919585095,0.3144601133754984,0.4148354939314507,0.414132202598905,-0.07726,20,0.436732543951903,0.20591,0.0226,57
SMH,etf,2026-03-20,2027-06-17,430,454,0.33757939919585095,0.3144601133754984,0.4148354939314507,0.414132202598905,-0.07726,40,0.522429562624129,0.41956,0.1083,57
SMH,etf,2026-03-23,2027-06-17,435,451,0.34550054321778734,0.3156914878476517,0.41356886386429215,0.413637524691115,-0.06807,20,0.435921454419883,0.1873,0.02228,58
SMH,etf,2026-03-23,2027-06-17,435,451,0.34550054321778734,0.3156914878476517,0.41356886386429215,0.413637524691115,-0.06807,40,0.517840762905837,0.38992,0.1042,58
SMH,etf,2026-03-24,2027-06-17,440,450,0.34164996254180274,0.31600106586233295,0.4124063844847921,0.411541216123418,-0.07076,20,0.449008062946782,0.20842,0.03747,59
SMH,etf,2026-03-24,2027-06-17,440,450,0.34164996254180274,0.31600106586233295,0.4124063844847921,0.411541216123418,-0.07076,40,0.523811575272204,0.431,0.11227,59
SMH,etf,2026-03-25,2027-06-17,440,449,0.3380649400780206,0.31657511872525673,0.4094550169398021,0.41059787507939,-0.07139,20,0.449746074515211,0.20758,0.03915,60
SMH,etf,2026-03-25,2027-06-17,440,449,0.3380649400780206,0.31657511872525673,0.4094550169398021,0.41059787507939,-0.07139,40,0.519664072677156,0.42319,0.10907,60
SMH,etf,2026-03-26,2027-06-17,425,448,0.3560532274043023,0.33138261920476086,0.41945022176209146,0.418914369466921,-0.0634,20,0.477767557054895,0.3298,0.05885,61
SMH,etf,2026-03-26,2027-06-17,425,448,0.3560532274043023,0.33138261920476086,0.41945022176209146,0.418914369466921,-0.0634,40,0.537644889769822,0.51329,0.11873,61
SMH,etf,2026-03-27,2027-06-17,420,447,0.3576355141366965,0.33342004869111824,0.4214455286698406,0.420332473334881,-0.06381,20,0.477316871113133,0.35273,0.05698,62
SMH,etf,2026-03-27,2027-06-17,420,447,0.3576355141366965,0.33342004869111824,0.4214455286698406,0.420332473334881,-0.06381,40,0.56423953929102,0.60892,0.14391,62
SMH,etf,2026-03-30,2027-06-17,405,444,0.3703728982440263,0.33944379247465284,0.4220665806267631,0.421715565448747,-0.05169,20,0.482496382816271,0.35495,0.06078,63
SMH,etf,2026-03-30,2027-06-17,405,444,0.3703728982440263,0.33944379247465284,0.4220665806267631,0.421715565448747,-0.05169,40,0.567578815226805,0.64262,0.14586,63
SMH,etf,2026-03-31,2027-06-17,425,443,0.4092757256635169,0.3507781293629196,0.41097481313288353,0.410734929113821,-0.0017,20,0.47083171935161,0.30303,0.0601,64
SMH,etf,2026-03-31,2027-06-17,425,443,0.4092757256635169,0.3507781293629196,0.41097481313288353,0.410734929113821,-0.0017,40,0.557945864279192,0.5645,0.14721,64
SMH,etf,2026-04-01,2027-06-17,435,442,0.41053522699117817,0.3528827329644228,0.41478468298557064,0.414760684872933,-0.00425,20,0.47297799567141,0.29275,0.05822,65
SMH,etf,2026-04-01,2027-06-17,435,442,0.41053522699117817,0.3528827329644228,0.41478468298557064,0.414760684872933,-0.00425,40,0.553756310248992,0.528,0.139,65
SMH,etf,2026-04-02,2027-06-17,435,441,0.40932128819566665,0.34883107470131836,0.4125065359595539,0.412320443925515,-0.00319,20,0.474379183361123,0.2995,0.06206,66
SMH,etf,2026-04-02,2027-06-17,435,441,0.40932128819566665,0.34883107470131836,0.4125065359595539,0.412320443925515,-0.00319,40,0.561851373912234,0.54927,0.14953,66
SMH,etf,2026-04-06,2027-06-17,440,437,0.38522687207535633,0.349016050470442,0.4135830645270087,0.413037651033239,-0.02836,20,0.469158599736765,0.27984,0.05612,67
SMH,etf,2026-04-06,2027-06-17,440,437,0.38522687207535633,0.349016050470442,0.4135830645270087,0.413037651033239,-0.02836,40,0.580453776741588,0.59657,0.16742,67
SMH,etf,2026-04-07,2027-06-17,440,436,0.36572127374618896,0.34786402541249817,0.4095128342934399,0.410257931218178,-0.04379,20,0.478354044019156,0.30705,0.0681,68
SMH,etf,2026-04-07,2027-06-17,440,436,0.36572127374618896,0.34786402541249817,0.4095128342934399,0.410257931218178,-0.04379,40,0.585754090820008,0.59515,0.1755,68
SMH,etf,2026-04-08,2027-06-17,465,435,0.41485184854663465,0.36203226471088495,0.4040210702981731,0.40428655851039,0.01083,20,0.483637245287488,0.29991,0.07935,69
SMH,etf,2026-04-08,2027-06-17,465,435,0.41485184854663465,0.36203226471088495,0.4040210702981731,0.40428655851039,0.01083,40,0.565116002868075,0.4838,0.16083,69
SMH,etf,2026-04-09,2027-06-17,475,434,0.4174120658184706,0.36347826732208816,0.4014566890093187,0.401170004751833,0.01596,20,0.47674161262044,0.25514,0.07557,70
SMH,etf,2026-04-09,2027-06-17,475,434,0.4174120658184706,0.36347826732208816,0.4014566890093187,0.401170004751833,0.01596,40,0.549132965512276,0.38458,0.14796,70
SMH,etf,2026-04-10,2027-06-17,480,433,0.3963698218041244,0.36453555052593495,0.4092216898997637,0.410261278582011,-0.01285,20,0.487899580713253,0.29679,0.07764,71
SMH,etf,2026-04-10,2027-06-17,480,433,0.3963698218041244,0.36453555052593495,0.4092216898997637,0.410261278582011,-0.01285,40,0.555428512930902,0.36916,0.14517,71
SMH,etf,2026-04-13,2027-06-17,490,430,0.39635475553448435,0.36486841305822837,0.4057611523323897,0.405010438369806,-0.00941,20,0.496897785379087,0.29993,0.09189,72
SMH,etf,2026-04-13,2027-06-17,490,430,0.39635475553448435,0.36486841305822837,0.4057611523323897,0.405010438369806,-0.00941,40,0.55347394190518,0.37344,0.14846,72
SMH,etf,2026-04-14,2027-06-17,500,429,0.3972887366882692,0.3646196981798685,0.4073141811558983,0.406762590140051,-0.01003,20,0.495054063960303,0.2417,0.08829,73
SMH,etf,2026-04-14,2027-06-17,500,429,0.3972887366882692,0.3646196981798685,0.4073141811558983,0.406762590140051,-0.01003,40,0.55045125548402,0.29768,0.14369,73
SMH,etf,2026-04-15,2027-06-17,500,428,0.3976226963590819,0.3642570115083531,0.40509376325866253,0.404701793491107,-0.00747,20,0.50144898814917,0.26371,0.09675,74
SMH,etf,2026-04-15,2027-06-17,500,428,0.3976226963590819,0.3642570115083531,0.40509376325866253,0.404701793491107,-0.00747,40,0.563816385787026,0.31744,0.15911,74
SMH,etf,2026-04-16,2027-06-17,500,427,0.3939804777655182,0.3597815282044249,0.4048286070168016,0.405014469861051,-0.01085,20,0.511167012695867,0.27164,0.10615,75
SMH,etf,2026-04-16,2027-06-17,500,427,0.3939804777655182,0.3597815282044249,0.4048286070168016,0.405014469861051,-0.01085,40,0.569819645435624,0.36315,0.16481,75
SMH,etf,2026-04-17,2027-06-17,510,426,0.3963611664860766,0.3574570229236472,0.40425561537853794,0.404426159406429,-0.00789,20,0.498947077217233,0.1986,0.09452,76
SMH,etf,2026-04-17,2027-06-17,510,426,0.3963611664860766,0.3574570229236472,0.40425561537853794,0.404426159406429,-0.00789,40,0.570859153555886,0.39413,0.16643,76
SMH,etf,2026-04-20,2027-06-17,510,423,0.3769858027500168,0.35750396882813146,0.40472391414683,0.404794844221663,-0.02774,20,0.489456997434916,0.17717,0.08466,77
SMH,etf,2026-04-20,2027-06-17,510,423,0.3769858027500168,0.35750396882813146,0.40472391414683,0.404794844221663,-0.02774,40,0.564740790366449,0.3277,0.15995,77
SMH,etf,2026-04-21,2027-06-17,510,422,0.3768155261052857,0.35700031262907,0.40800928044384305,0.408595183951977,-0.03119,20,0.481492963503843,0.17066,0.0729,78
SMH,etf,2026-04-21,2027-06-17,510,422,0.3768155261052857,0.35700031262907,0.40800928044384305,0.408595183951977,-0.03119,40,0.571531467153332,0.34285,0.16294,78
SMH,etf,2026-04-22,2027-06-17,525,421,0.38175620864203325,0.35997582816427276,0.4112795938958767,0.411669797955149,-0.02952,20,0.487616856312768,0.1842,0.07595,79
SMH,etf,2026-04-22,2027-06-17,525,421,0.38175620864203325,0.35997582816427276,0.4112795938958767,0.411669797955149,-0.02952,40,0.587097969937019,0.38389,0.17543,79
SMH,etf,2026-04-23,2027-06-17,530,420,0.38172329065938726,0.3583855464840745,0.4116964114143244,0.412168385031384,-0.02997,20,0.481375121318671,0.17854,0.06921,80
SMH,etf,2026-04-23,2027-06-17,530,420,0.38172329065938726,0.3583855464840745,0.4116964114143244,0.412168385031384,-0.02997,40,0.586691002367153,0.38821,0.17452,80
SMH,etf,2026-04-24,2027-06-17,560,419,0.34561165359305374,0.3689283756057977,0.4246890663819503,0.425055568358171,-0.05576,20,0.480213315883877,0.13798,0.05516,81
SMH,etf,2026-04-24,2027-06-17,560,419,0.34561165359305374,0.3689283756057977,0.4246890663819503,0.425055568358171,-0.05576,40,0.559013431134243,0.22828,0.13396,81
SMH,etf,2026-04-27,2027-06-17,560,416,0.32977222093842656,0.3689959100222137,0.42113184189186736,0.42118274915792,-0.05214,20,0.502874926903082,0.18939,0.08169,82
SMH,etf,2026-04-27,2027-06-17,560,416,0.32977222093842656,0.3689959100222137,0.42113184189186736,0.42118274915792,-0.05214,40,0.557573847661526,0.22253,0.13639,82
SMH,etf,2026-04-28,2027-06-17,545,415,0.3267177994593788,0.36731876201437424,0.4202396501387367,0.419711102733027,-0.05292,20,0.502029867436201,0.21231,0.08232,83
SMH,etf,2026-04-28,2027-06-17,545,415,0.3267177994593788,0.36731876201437424,0.4202396501387367,0.419711102733027,-0.05292,40,0.567917992959086,0.29655,0.14821,83
SMH,etf,2026-04-29,2027-06-17,550,414,0.2893272039972933,0.36803570012256837,0.41944010926784503,0.419761317205609,-0.0514,20,0.501310249560655,0.20067,0.08155,84
SMH,etf,2026-04-29,2027-06-17,550,414,0.2893272039972933,0.36803570012256837,0.41944010926784503,0.419761317205609,-0.0514,40,0.560407279054925,0.22425,0.14065,84
SMH,etf,2026-04-30,2027-06-17,560,413,0.28746622248144044,0.3636819863700368,0.41890882467764773,0.418723885543496,-0.05523,20,0.499284912230916,0.18197,0.08056,85
SMH,etf,2026-04-30,2027-06-17,560,413,0.28746622248144044,0.3636819863700368,0.41890882467764773,0.418723885543496,-0.05523,40,0.562575609187948,0.2472,0.14385,85
SMH,etf,2026-05-01,2027-06-17,565,412,0.2851815077168744,0.351825160444011,0.4193880816353461,0.418673884908967,-0.06756,20,0.509030217308135,0.19221,0.09036,86
SMH,etf,2026-05-01,2027-06-17,565,412,0.2851815077168744,0.351825160444011,0.4193880816353461,0.418673884908967,-0.06756,40,0.571138126680466,0.28651,0.15246,86
SMH,etf,2026-05-04,2027-06-17,560,409,0.2929159820964708,0.35220447781629416,0.41940605189797,0.419166534697703,-0.0672,20,0.52973946175155,0.24748,0.11057,87
SMH,etf,2026-05-04,2027-06-17,560,409,0.2929159820964708,0.35220447781629416,0.41940605189797,0.419166534697703,-0.0672,40,0.557369319595355,0.22429,0.1382,87
SMH,etf,2026-05-05,2027-06-17,580,408,0.2999844266229471,0.34227932728632926,0.4259083454637674,0.425505559197481,-0.08363,20,0.526159770039156,0.22042,0.10065,88
SMH,etf,2026-05-05,2027-06-17,580,408,0.2999844266229471,0.34227932728632926,0.4259083454637674,0.425505559197481,-0.08363,40,0.548850624320104,0.13316,0.12335,88
SMH,etf,2026-05-06,2027-06-17,610,407,0.2901450710956608,0.354764691247381,0.4278060904440733,0.42738996497415,-0.07304,20,0.510897938577751,0.14146,0.08351,89
SMH,etf,2026-05-07,2027-06-17,600,406,0.3094370371658257,0.3572904425529897,0.4333789169338064,0.433212818470064,-0.07609,20,0.507863516546687,0.10313,0.07465,90
SMH,etf,2026-05-08,2027-06-17,630,405,0.33534647796109796,0.36587057887580765,0.43622696853375675,0.436006077600037,-0.07036,20,0.505167570505412,0.05581,0.06916,91
SMH,etf,2026-05-11,2027-06-17,645,402,0.3356175042625364,0.3624958459834055,0.44640691389508763,0.445884783940083,-0.08391,20,0.501864014778091,0.05655,0.05598,92
SMH,etf,2026-05-12,2027-06-17,625,401,0.3626637651017209,0.36848597015666523,0.4520188668004478,0.452882729017004,-0.08353,20,0.511685626538597,0.04508,0.0588,93
SMH,etf,2026-05-13,2027-06-17,640,400,0.3624901449307765,0.36945727865713596,0.45920311512939044,0.459587944300298,-0.08975,20,0.518922010998538,0.04252,0.05933,94
SMH,etf,2026-05-14,2027-06-17,650,399,0.36139788655116,0.36932286124588576,0.46318455725974766,0.463262889458047,-0.09386,20,0.52111917823683,0.07196,0.05786,95
SMH,etf,2026-05-15,2027-06-17,625,398,0.4019774514188314,0.3797324842094505,0.4628615643968932,0.46313386419621,-0.06088,20,0.531329035273187,0.16314,0.0682,96
SMH,etf,2026-05-18,2027-06-17,610,395,0.412582906749124,0.3825081507797835,0.45534857746662255,0.455445722611953,-0.04277,20,0.531232557378474,0.12787,0.07579,97
SMH,etf,2026-05-19,2027-06-17,605,394,0.41423370790600106,0.38238920808581545,0.45360609816930336,0.45398518681402,-0.03937,20,0.540586507439609,0.14709,0.0866,98
SMH,etf,2026-05-20,2027-06-17,630,393,0.4227703949746949,0.3876818380682299,0.4541054044505963,0.454290181964085,-0.03134,20,0.551401044989882,0.16863,0.09711,99
SMH,etf,2026-05-21,2027-06-17,635,392,0.42280852473906266,0.38693238566819327,0.4498811007353031,0.449391483979864,-0.02707,20,0.552896389176305,0.17791,0.1035,100
SMH,etf,2026-05-22,2027-06-17,645,391,0.39447846556201316,0.37897934089263774,0.45622094045784417,0.456117016678367,-0.06174,20,0.535290748863644,0.07935,0.07917,101
SMH,etf,2026-05-26,2027-06-17,675,387,0.4149921060731715,0.38474527087198634,0.46969450741668967,0.47016429741639,-0.0547,20,0.528355324517807,0.02787,0.05819,102
SMH,etf,2026-05-27,2027-06-17,670,386,0.39640478534916856,0.38622376971333816,0.46696487500032097,0.466598499461401,-0.07056,20,0.530291363461985,0.06949,0.06369,103
SMH,etf,2026-05-28,2027-06-17,675,385,0.3955367335077504,0.37475748129815534,0.4693635246639526,0.469204061308449,-0.07383,20,0.524674118640417,0.01964,0.05547,104
SMH,etf,2026-05-29,2027-06-17,675,384,0.39680125725354026,0.37414003600162077,0.4712881710061169,0.470946690443599,-0.07449,20,0.528580582487969,0.05518,0.05763,105
SMH,etf,2026-06-01,2027-06-17,685,381,0.3973291189663468,0.37294441228192643,0.4772217888836129,0.477199549898305,-0.07989,20,0.535665918730059,0.0791,0.05847,106
SMH,etf,2026-06-02,2027-06-17,720,380,0.4074509593560458,0.3665009967940005,0.49266123992802036,0.49229114331506,-0.08521,20,0.51802855392964,-0.01859,0.02574,107
SMH,etf,2026-06-03,2027-06-17,725,379,0.4006709203127247,0.3621002569018421,0.49289151813570986,0.492709658093145,-0.09222,20,0.515166327803255,-0.0715,0.02246,108
META,single_name,2025-12-26,2027-01-15,720,385,0.2270808022940883,0.35031222032221876,0.39202964378422694,0.392000983436879,-0.04172,20,0.408182580972118,0.01459,0.01618,0
META,single_name,2025-12-26,2027-01-15,720,385,0.2270808022940883,0.35031222032221876,0.39202964378422694,0.392000983436879,-0.04172,40,0.390942810277116,-0.01447,-0.00106,0
META,single_name,2025-12-29,2027-01-15,710,382,0.21627668940042735,0.3491363158453178,0.39104997800315217,0.391520405047348,-0.04191,20,0.406736900593065,0.01524,0.01522,1
META,single_name,2025-12-29,2027-01-15,710,382,0.21627668940042735,0.3491363158453178,0.39104997800315217,0.391520405047348,-0.04191,40,0.396610658030385,-0.00255,0.00509,1
META,single_name,2025-12-30,2027-01-15,720,381,0.21440663079535935,0.3472119306550896,0.39000100774135915,0.390137148112008,-0.04279,20,0.40004168941281,0.10866,0.0099,2
META,single_name,2025-12-30,2027-01-15,720,381,0.21440663079535935,0.3472119306550896,0.39000100774135915,0.390137148112008,-0.04279,40,0.390079749783675,-0.02668,-6e-05,2
META,single_name,2025-12-31,2027-01-15,710,380,0.21559282986122952,0.347139025800053,0.39098340117989794,0.391669579130893,-0.04384,20,0.390393801398194,0.08546,-0.00128,3
META,single_name,2025-12-31,2027-01-15,710,380,0.21559282986122952,0.347139025800053,0.39098340117989794,0.391669579130893,-0.04384,40,0.396683699655869,-0.00989,0.00501,3
META,single_name,2026-01-02,2027-01-15,700,378,0.2182844242957322,0.348202037586661,0.3930348494402333,0.39374750498121,-0.04483,20,0.392995280916348,0.0861,-0.00075,4
META,single_name,2026-01-02,2027-01-15,700,378,0.2182844242957322,0.348202037586661,0.3930348494402333,0.39374750498121,-0.04483,40,0.400848118392385,0.00718,0.0071,4
META,single_name,2026-01-05,2027-01-15,710,375,0.1868762684377547,0.3490464692976551,0.39104146478122176,0.391426515862165,-0.04199,20,0.39048306114248,0.04996,-0.00094,5
META,single_name,2026-01-05,2027-01-15,710,375,0.1868762684377547,0.3490464692976551,0.39104146478122176,0.391426515862165,-0.04199,40,0.397882047015744,0.01357,0.00646,5
META,single_name,2026-01-06,2027-01-15,720,374,0.1748803829551153,0.34586025678039695,0.39141310786671013,0.390697909810031,-0.04555,20,0.3896817512005,0.01267,-0.00102,6
META,single_name,2026-01-06,2027-01-15,720,374,0.1748803829551153,0.34586025678039695,0.39141310786671013,0.390697909810031,-0.04555,40,0.397407185942846,-8e-05,0.00671,6
META,single_name,2026-01-07,2027-01-15,700,373,0.18285226883221342,0.3387476554506971,0.39311992089613973,0.393486271719457,-0.05437,20,0.400419832543435,0.03317,0.00693,7
META,single_name,2026-01-07,2027-01-15,700,373,0.18285226883221342,0.3387476554506971,0.39311992089613973,0.393486271719457,-0.05437,40,0.404163253582817,-0.0059,0.01068,7
META,single_name,2026-01-08,2027-01-15,700,372,0.1761802756101139,0.33713148868423054,0.39186802832313683,0.391635646333817,-0.05474,20,0.397355425280343,0.02384,0.00572,8
META,single_name,2026-01-08,2027-01-15,700,372,0.1761802756101139,0.33713148868423054,0.39186802832313683,0.391635646333817,-0.05474,40,0.399236557817175,0.00206,0.0076,8
META,single_name,2026-01-09,2027-01-15,710,371,0.1769278044095259,0.3376477840045864,0.3897433484169777,0.389101363344038,-0.0521,20,0.397564243838579,0.037,0.00846,9
META,single_name,2026-01-09,2027-01-15,710,371,0.1769278044095259,0.3376477840045864,0.3897433484169777,0.389101363344038,-0.0521,40,0.395721153178908,0.00155,0.00662,9
META,single_name,2026-01-12,2027-01-15,690,368,0.18659312217781623,0.33791547250552306,0.39251157317269253,0.393089640832157,-0.0546,20,0.397719348291588,0.04478,0.00463,10
META,single_name,2026-01-12,2027-01-15,690,368,0.18659312217781623,0.33791547250552306,0.39251157317269253,0.393089640832157,-0.0546,40,0.401828636739265,0.02008,0.00874,10
META,single_name,2026-01-13,2027-01-15,680,367,0.19059098660532764,0.3391578654265929,0.39544775313433517,0.395830338995239,-0.05629,20,0.405413597791425,0.05958,0.00958,11
META,single_name,2026-01-13,2027-01-15,680,367,0.19059098660532764,0.3391578654265929,0.39544775313433517,0.395830338995239,-0.05629,40,0.409962455896923,0.01123,0.01413,11
META,single_name,2026-01-14,2027-01-15,670,366,0.2069757900399473,0.3418770291320084,0.39635767635261265,0.395702083964737,-0.05448,20,0.407598462539261,0.05571,0.0119,12
META,single_name,2026-01-14,2027-01-15,670,366,0.2069757900399473,0.3418770291320084,0.39635767635261265,0.395702083964737,-0.05448,40,0.409202808071002,-0.00294,0.0135,12
META,single_name,2026-01-15,2027-01-15,670,365,0.2011595908144951,0.3391367434967339,0.39524413741231806,0.395397171232993,-0.05611,20,0.405938901711442,0.03056,0.01054,13
META,single_name,2026-01-15,2027-01-15,670,365,0.2011595908144951,0.3391367434967339,0.39524413741231806,0.395397171232993,-0.05611,40,0.40359361195988,0.01071,0.0082,13
META,single_name,2026-01-16,2027-06-17,700,517,0.1984848248047858,0.33904419255227686,0.40487159729264577,0.404445825927894,-0.06583,20,0.413789802663781,0.0307,0.00934,14
META,single_name,2026-01-16,2027-06-17,700,517,0.1984848248047858,0.33904419255227686,0.40487159729264577,0.404445825927894,-0.06583,40,0.410071080453599,0.00389,0.00563,14
META,single_name,2026-01-20,2027-06-17,680,513,0.1927068812957271,0.3423940365406364,0.41197414310323516,0.412111186234617,-0.06958,20,0.420398017197354,0.06472,0.00829,15
META,single_name,2026-01-20,2027-06-17,680,513,0.1927068812957271,0.3423940365406364,0.41197414310323516,0.412111186234617,-0.06958,40,0.419671853617699,0.01914,0.00756,15
META,single_name,2026-01-21,2027-06-17,700,512,0.2037667486586754,0.3442350135967322,0.41133664627828337,0.409967437618249,-0.0671,20,0.416762510577437,0.05191,0.0068,16
META,single_name,2026-01-21,2027-06-17,700,512,0.2037667486586754,0.3442350135967322,0.41133664627828337,0.409967437618249,-0.0671,40,0.41650914593686,-0.01021,0.00654,16
META,single_name,2026-01-22,2027-06-17,740,511,0.2908457799062773,0.3638209616944837,0.4185333863135013,0.417300227982047,-0.05471,20,0.409410159224139,0.0124,-0.00789,17
META,single_name,2026-01-22,2027-06-17,740,511,0.2908457799062773,0.3638209616944837,0.4185333863135013,0.417300227982047,-0.05471,40,0.412096660875648,-0.08333,-0.0052,17
META,single_name,2026-01-23,2027-06-17,740,510,0.2971958928848255,0.3638893048229833,0.4194528779136594,0.419834937988981,-0.05556,20,0.407928788175649,-0.03265,-0.01191,18
META,single_name,2026-01-23,2027-06-17,740,510,0.2971958928848255,0.3638893048229833,0.4194528779136594,0.419834937988981,-0.05556,40,0.409437939410609,-0.08303,-0.0104,18
META,single_name,2026-01-26,2027-06-17,760,507,0.3060781633446462,0.36678858910188894,0.42256928291200807,0.422684204858402,-0.05578,20,0.406905213686884,-0.04917,-0.01578,19
META,single_name,2026-01-26,2027-06-17,760,507,0.3060781633446462,0.36678858910188894,0.42256928291200807,0.422684204858402,-0.05578,40,0.408525711066025,-0.11815,-0.01416,19
META,single_name,2026-01-27,2027-06-17,760,506,0.3050346349501624,0.3668057626787981,0.42067127013701305,0.420757417778098,-0.05387,20,0.404847313767697,-0.02865,-0.01591,20
META,single_name,2026-01-27,2027-06-17,760,506,0.3050346349501624,0.3668057626787981,0.42067127013701305,0.420757417778098,-0.05387,40,0.408839127540527,-0.11602,-0.01192,20
META,single_name,2026-01-28,2027-06-17,760,505,0.3048295361401226,0.27160940731914857,0.4180889065684464,0.41767933975423,-0.11326,20,0.406881158919806,-0.01753,-0.0108,21
META,single_name,2026-01-28,2027-06-17,760,505,0.3048295361401226,0.27160940731914857,0.4180889065684464,0.41767933975423,-0.11326,40,0.415078522837318,-0.18122,-0.0026,21
META,single_name,2026-01-29,2027-06-17,820,504,0.46300316537909564,0.33342658793651236,0.4023814276887109,0.403154968447434,0.06062,20,0.396980391491405,-0.12208,-0.00617,22
META,single_name,2026-01-29,2027-06-17,820,504,0.46300316537909564,0.33342658793651236,0.4023814276887109,0.403154968447434,0.06062,40,0.412558446353313,-0.28794,0.0094,22
META,single_name,2026-01-30,2027-06-17,800,503,0.4773444562325687,0.33775719935678317,0.3977835561154717,0.397696372055149,0.07956,20,0.401731483122039,-0.08784,0.00404,23
META,single_name,2026-01-30,2027-06-17,800,503,0.4773444562325687,0.33775719935678317,0.3977835561154717,0.397696372055149,0.07956,40,0.410425050062162,-0.25139,0.01273,23
META,single_name,2026-02-02,2027-06-17,780,500,0.47703914137023573,0.3372668254288792,0.3961914517265577,0.397006475650915,0.08085,20,0.405364136257721,-0.07266,0.00836,24
META,single_name,2026-02-02,2027-06-17,780,500,0.47703914137023573,0.3372668254288792,0.3961914517265577,0.397006475650915,0.08085,40,0.410286035890552,-0.19009,0.01328,24
META,single_name,2026-02-03,2027-06-17,780,499,0.48395647496831146,0.339623221083163,0.40019892178561906,0.39912754377928,0.08376,20,0.404041001390776,-0.03465,0.00491,25
META,single_name,2026-02-03,2027-06-17,780,499,0.48395647496831146,0.339623221083163,0.40019892178561906,0.39912754377928,0.08376,40,0.409762175433267,-0.1626,0.01063,25
META,single_name,2026-02-04,2027-06-17,740,498,0.500363421492815,0.3421062047501801,0.40411945435834695,0.405177475204137,0.09624,20,0.412281485989723,-0.01259,0.0071,26
META,single_name,2026-02-04,2027-06-17,740,498,0.500363421492815,0.3421062047501801,0.40411945435834695,0.405177475204137,0.09624,40,0.414142293696837,-0.1413,0.00896,26
META,single_name,2026-02-05,2027-06-17,760,497,0.49538021246057184,0.3420444929248044,0.40801122381580585,0.406644541710234,0.08737,20,0.407800604345098,-0.03782,0.00116,27
META,single_name,2026-02-05,2027-06-17,760,497,0.49538021246057184,0.3420444929248044,0.40801122381580585,0.406644541710234,0.08737,40,0.407458365847166,-0.14501,0.00081,27
META,single_name,2026-02-06,2027-06-17,740,496,0.497806736577134,0.3418847587692512,0.40801669676265806,0.408208002601368,0.08979,20,0.408563016192184,-0.02127,0.00036,28
META,single_name,2026-02-06,2027-06-17,740,496,0.497806736577134,0.3418847587692512,0.40801669676265806,0.408208002601368,0.08979,40,0.411973646160685,-0.13064,0.00377,28
META,single_name,2026-02-09,2027-06-17,760,493,0.5031081267636157,0.3445957335966718,0.40839674316680125,0.408131581384504,0.09471,20,0.404601839057257,-0.03418,-0.00353,29
META,single_name,2026-02-09,2027-06-17,760,493,0.5031081267636157,0.3445957335966718,0.40839674316680125,0.408131581384504,0.09471,40,0.418083594478017,-0.09569,0.00995,29
META,single_name,2026-02-10,2027-06-17,740,492,0.5000630441913888,0.3394848234243641,0.4060966567789517,0.407546484100696,0.09397,20,0.409427261323367,-0.02365,0.00188,30
META,single_name,2026-02-10,2027-06-17,740,492,0.5000630441913888,0.3394848234243641,0.4060966567789517,0.407546484100696,0.09397,40,0.422445836974123,-0.06311,0.0149,30
META,single_name,2026-02-11,2027-06-17,740,491,0.4953398338449839,0.33961795166116976,0.41112676363274603,0.412537888268256,0.08421,20,0.413154244134285,-0.04563,0.00062,31
META,single_name,2026-02-11,2027-06-17,740,491,0.4953398338449839,0.33961795166116976,0.41112676363274603,0.412537888268256,0.08421,40,0.415631079866118,-0.05807,0.00309,31
META,single_name,2026-02-12,2027-06-17,720,490,0.4982330595541279,0.3451844783023992,0.4142982867058164,0.415548904028822,0.08393,20,0.415761133176923,-0.05555,0.00021,32
META,single_name,2026-02-12,2027-06-17,720,490,0.4982330595541279,0.3451844783023992,0.4142982867058164,0.415548904028822,0.08393,40,0.417421437137911,-0.02351,0.00187,32
META,single_name,2026-02-13,2027-06-17,720,489,0.5018292369370544,0.3457902934852086,0.4144122346016929,0.414072188344348,0.08742,20,0.410719761842362,-0.01926,-0.00335,33
META,single_name,2026-02-13,2027-06-17,720,489,0.5018292369370544,0.3457902934852086,0.4144122346016929,0.414072188344348,0.08742,40,0.425471308655771,0.03551,0.0114,33
META,single_name,2026-02-17,2027-06-17,720,485,0.5018208858377305,0.34538813467981755,0.4113617266617188,0.410653821147542,0.09046,20,0.4062307836787,-0.02601,-0.00442,34
META,single_name,2026-02-17,2027-06-17,720,485,0.5018208858377305,0.34538813467981755,0.4113617266617188,0.410653821147542,0.09046,40,0.425366921328826,0.05051,0.01471,34
META,single_name,2026-02-18,2027-06-17,720,484,0.49103120473424317,0.3443745526402812,0.414103525489931,0.41418059439548,0.07693,20,0.411729586429784,-0.04282,-0.00245,35
META,single_name,2026-02-18,2027-06-17,720,484,0.49103120473424317,0.3443745526402812,0.414103525489931,0.41418059439548,0.07693,40,0.424422972605482,0.05231,0.01024,35
META,single_name,2026-02-19,2027-06-17,720,483,0.48918322720562496,0.34430634911595387,0.41283235125179374,0.413092904363046,0.07635,20,0.412706051475797,-0.05906,-0.00039,36
META,single_name,2026-02-19,2027-06-17,720,483,0.48918322720562496,0.34430634911595387,0.41283235125179374,0.413092904363046,0.07635,40,0.424813127333067,0.06788,0.01172,36
META,single_name,2026-02-20,2027-06-17,740,482,0.45217444381388483,0.34542229054074985,0.4103926220935619,0.409410159224139,0.04178,20,0.412096660875648,-0.09456,0.00269,37
META,single_name,2026-02-20,2027-06-17,740,482,0.45217444381388483,0.34542229054074985,0.4103926220935619,0.409410159224139,0.04178,40,0.418921045313621,0.02326,0.00951,37
META,single_name,2026-02-23,2027-06-17,720,479,0.4590628782833986,0.34528152140908047,0.4120185057370073,0.410699754164918,0.04704,20,0.412881044095771,-0.05208,0.00218,38
META,single_name,2026-02-23,2027-06-17,720,479,0.4590628782833986,0.34528152140908047,0.4120185057370073,0.410699754164918,0.04704,40,0.423575527027763,0.04957,0.01288,38
META,single_name,2026-02-24,2027-06-17,720,478,0.452086450430181,0.33688304463016666,0.4134940198719995,0.41266954545021,0.03859,20,0.41463544887058,-0.07255,0.00197,39
META,single_name,2026-02-24,2027-06-17,720,478,0.452086450430181,0.33688304463016666,0.4134940198719995,0.41266954545021,0.03859,40,0.424638682967577,0.0554,0.01197,39
META,single_name,2026-02-25,2027-06-17,720,477,0.4605089032995289,0.33980386574200816,0.4094781495433211,0.410916867155544,0.05103,20,0.414579786182453,-0.08995,0.00366,40
META,single_name,2026-02-25,2027-06-17,720,477,0.4605089032995289,0.33980386574200816,0.4094781495433211,0.410916867155544,0.05103,40,0.423232609719383,0.00835,0.01232,40
META,single_name,2026-02-26,2027-06-17,740,476,0.4606864613689057,0.33688660563510997,0.41090912525975365,0.409824003150297,0.04978,20,0.417951524078167,-0.16662,0.00813,41
META,single_name,2026-02-26,2027-06-17,740,476,0.4606864613689057,0.33688660563510997,0.41090912525975365,0.409824003150297,0.04978,40,0.423020390128103,0.02743,0.0132,41
META,single_name,2026-02-27,2027-06-17,720,475,0.27143671811408576,0.33728852614326016,0.40897489239824447,0.409408161809592,-0.07169,20,0.422121493650195,-0.18893,0.01271,42
META,single_name,2026-02-27,2027-06-17,720,475,0.27143671811408576,0.33728852614326016,0.40897489239824447,0.409408161809592,-0.07169,40,0.429988744400399,0.04696,0.02058,42
META,single_name,2026-03-02,2027-06-17,720,472,0.2613306543500606,0.33713168107398106,0.41150068377911136,0.413021929139846,-0.07437,20,0.419036551018607,-0.17929,0.00601,43
META,single_name,2026-03-02,2027-06-17,720,472,0.2613306543500606,0.33713168107398106,0.41150068377911136,0.413021929139846,-0.07437,40,0.425164153258802,0.0272,0.01214,43
META,single_name,2026-03-03,2027-06-17,740,471,0.2598646437265192,0.33625385320702295,0.41181978602609837,0.41023367847936,-0.07557,20,0.41475674335353,-0.12663,0.00452,44
META,single_name,2026-03-03,2027-06-17,740,471,0.2598646437265192,0.33625385320702295,0.41181978602609837,0.41023367847936,-0.07557,40,0.42261446349449,0.02143,0.01238,44
META,single_name,2026-03-04,2027-06-17,740,470,0.2635478187706266,0.33137497449881276,0.4096880252470054,0.410366575890963,-0.07831,20,0.415028134845578,-0.13254,0.00466,45
META,single_name,2026-03-04,2027-06-17,740,470,0.2635478187706266,0.33137497449881276,0.4096880252470054,0.410366575890963,-0.07831,40,0.413290347846451,-0.0836,0.00292,45
META,single_name,2026-03-05,2027-06-17,740,469,0.23861364641115484,0.33004571503083174,0.41290699004130826,0.412281485989723,-0.08286,20,0.414142293696837,-0.13036,0.00186,46
META,single_name,2026-03-05,2027-06-17,740,469,0.23861364641115484,0.33004571503083174,0.41290699004130826,0.412281485989723,-0.08286,40,0.409662412584345,-0.07845,-0.00262,46
META,single_name,2026-03-06,2027-06-17,720,468,0.25238270297258397,0.33306847743828244,0.4150859952072119,0.415109260431598,-0.08202,20,0.413511929117828,-0.1114,-0.0016,47
META,single_name,2026-03-06,2027-06-17,720,468,0.25238270297258397,0.33306847743828244,0.4150859952072119,0.415109260431598,-0.08202,40,0.407387802430609,-0.05342,-0.00772,47
META,single_name,2026-03-09,2027-06-17,720,465,0.24957800578426473,0.33184393953020297,0.41218037850705075,0.412403894036569,-0.08034,20,0.416067307842647,-0.11174,0.00366,48
META,single_name,2026-03-09,2027-06-17,720,465,0.24957800578426473,0.33184393953020297,0.41218037850705075,0.412403894036569,-0.08034,40,0.404650608399564,-0.06554,-0.00775,48
META,single_name,2026-03-10,2027-06-17,720,464,0.23629948278918078,0.3318384151569315,0.41033810710087326,0.411649637789976,-0.0785,20,0.424204943039026,-0.06368,0.01256,49
META,single_name,2026-03-10,2027-06-17,720,464,0.23629948278918078,0.3318384151569315,0.41033810710087326,0.411649637789976,-0.0785,40,0.405472128003872,-0.06297,-0.00618,49
META,single_name,2026-03-11,2027-06-17,720,463,0.23461800476117253,0.3317495852655712,0.411477544798034,0.413207466838548,-0.07973,20,0.42634678578943,-0.04042,0.01314,50
META,single_name,2026-03-11,2027-06-17,720,463,0.23461800476117253,0.3317495852655712,0.411477544798034,0.413207466838548,-0.07973,40,0.406300709568775,-0.0581,-0.00691,50
META,single_name,2026-03-12,2027-06-17,720,462,0.2503726435797296,0.3349106055049811,0.4182784420498315,0.416831392198468,-0.08337,20,0.419006537127258,-0.01304,0.00218,51
META,single_name,2026-03-12,2027-06-17,720,462,0.2503726435797296,0.3349106055049811,0.4182784420498315,0.416831392198468,-0.08337,40,0.403499360626641,-0.04474,-0.01333,51
META,single_name,2026-03-13,2027-06-17,680,461,0.2671354282268508,0.34407239285362856,0.4219436675900369,0.423491265062751,-0.07787,20,0.424189774676989,0.03392,0.0007,52
META,single_name,2026-03-13,2027-06-17,680,461,0.2671354282268508,0.34407239285362856,0.4219436675900369,0.423491265062751,-0.07787,40,0.407851453788693,-0.0242,-0.01564,52
META,single_name,2026-03-16,2027-06-17,700,458,0.2767010586106935,0.3458313100174063,0.4148774603462675,0.414705415393304,-0.06905,20,0.429334859626674,0.05585,0.01463,53
META,single_name,2026-03-16,2027-06-17,700,458,0.2767010586106935,0.3458313100174063,0.4148774603462675,0.414705415393304,-0.06905,40,0.406630811032079,-0.03897,-0.00807,53
META,single_name,2026-03-17,2027-06-17,700,457,0.2777137747882966,0.3453838103764109,0.4117220359958941,0.410071080453599,-0.06634,20,0.42878979874348,0.07857,0.01872,54
META,single_name,2026-03-17,2027-06-17,700,457,0.2777137747882966,0.3453838103764109,0.4117220359958941,0.410071080453599,-0.06634,40,0.411703145973776,-0.00968,0.00163,54
META,single_name,2026-03-18,2027-06-17,680,456,0.2783939332244207,0.34254044415128093,0.4182176748195803,0.419671853617699,-0.07568,20,0.43213790125555,0.09939,0.01247,55
META,single_name,2026-03-18,2027-06-17,680,456,0.2783939332244207,0.34254044415128093,0.4182176748195803,0.419671853617699,-0.07568,40,0.415289500547377,0.00447,-0.00438,55
META,single_name,2026-03-19,2027-06-17,680,455,0.28124903076402674,0.3433253165285326,0.42110306859080066,0.420558715657292,-0.07778,20,0.430183012067011,0.13491,0.00962,56
META,single_name,2026-03-19,2027-06-17,680,455,0.28124903076402674,0.3433253165285326,0.42110306859080066,0.420558715657292,-0.07778,40,0.41490957572369,0.01241,-0.00565,56
META,single_name,2026-03-20,2027-06-17,660,454,0.2785004491603994,0.345636811371885,0.4264102133135894,0.427542144337292,-0.08077,20,0.434390825327808,0.13012,0.00685,57
META,single_name,2026-03-20,2027-06-17,660,454,0.2785004491603994,0.345636811371885,0.4264102133135894,0.427542144337292,-0.08077,40,0.413495980805533,0.02956,-0.01405,57
META,single_name,2026-03-23,2027-06-17,680,451,0.27468353648340327,0.3475847810718505,0.42200055236587275,0.420683304734653,-0.07442,20,0.431362974332116,0.10724,0.01068,58
META,single_name,2026-03-23,2027-06-17,680,451,0.27468353648340327,0.3475847810718505,0.42200055236587275,0.420683304734653,-0.07442,40,0.413075195614157,-0.0024,-0.00761,58
META,single_name,2026-03-24,2027-06-17,660,450,0.2793660593473189,0.3491208298621924,0.425724849112853,0.426263667557986,-0.0766,20,0.437501866169838,0.13796,0.01124,59
META,single_name,2026-03-24,2027-06-17,660,450,0.2793660593473189,0.3491208298621924,0.425724849112853,0.426263667557986,-0.0766,40,0.412921202106738,0.02047,-0.01334,59
META,single_name,2026-03-25,2027-06-17,660,449,0.2636087369583925,0.34916273387313335,0.42607135151360154,0.427172009351674,-0.07691,20,0.435581560192741,0.10802,0.00841,60
META,single_name,2026-03-25,2027-06-17,660,449,0.2636087369583925,0.34916273387313335,0.42607135151360154,0.427172009351674,-0.07691,40,0.410845745871024,0.021,-0.01633,60
META,single_name,2026-03-26,2027-06-17,620,448,0.3798035982644563,0.386654633856029,0.43933778637608367,0.438570742288224,-0.05268,20,0.448578679234819,0.23284,0.01001,61
META,single_name,2026-03-26,2027-06-17,620,448,0.3798035982644563,0.386654633856029,0.43933778637608367,0.438570742288224,-0.05268,40,0.416100991327583,0.11455,-0.02247,61
META,single_name,2026-03-27,2027-06-17,600,447,0.39586461361833025,0.3930699444702088,0.4438389671517665,0.44243314373977,-0.04797,20,0.456860654904834,0.29084,0.01443,62
META,single_name,2026-03-27,2027-06-17,600,447,0.39586461361833025,0.3930699444702088,0.4438389671517665,0.44243314373977,-0.04797,40,0.422969964790557,0.16476,-0.01946,62
META,single_name,2026-03-30,2027-06-17,600,444,0.405381631772287,0.39598645960077933,0.4394703559079884,0.440299173487562,-0.03409,20,0.451103311226661,0.25161,0.0108,63
META,single_name,2026-03-30,2027-06-17,600,444,0.405381631772287,0.39598645960077933,0.4394703559079884,0.440299173487562,-0.03409,40,0.441071862076386,0.18433,0.00077,63
META,single_name,2026-03-31,2027-06-17,640,443,0.48292424626588637,0.41898752631125047,0.4318502835372646,0.431986108824255,0.05107,20,0.440618473146481,0.16952,0.00863,64
META,single_name,2026-03-31,2027-06-17,640,443,0.48292424626588637,0.41898752631125047,0.4318502835372646,0.431986108824255,0.05107,40,0.423838736818065,0.11039,-0.00815,64
META,single_name,2026-04-01,2027-06-17,640,442,0.4786761751127493,0.41891727394057043,0.4316675142615881,0.433470651769886,0.04701,20,0.426121988869829,0.05642,-0.00735,65
META,single_name,2026-04-01,2027-06-17,640,442,0.4786761751127493,0.41891727394057043,0.4316675142615881,0.433470651769886,0.04701,40,0.42510776268325,0.09198,-0.00836,65
META,single_name,2026-04-02,2027-06-17,640,441,0.4785036550194045,0.41897474732754464,0.4315269560046974,0.432180099870361,0.04698,20,0.422087878294657,0.05969,-0.01009,66
META,single_name,2026-04-02,2027-06-17,640,441,0.4785036550194045,0.41897474732754464,0.4315269560046974,0.432180099870361,0.04698,40,0.440243676855572,0.04528,0.00806,66
META,single_name,2026-04-06,2027-06-17,640,437,0.47439531234751897,0.4176641243887878,0.4273632558701574,0.427193770330161,0.04703,20,0.418095552209822,0.06525,-0.0091,67
META,single_name,2026-04-06,2027-06-17,640,437,0.47439531234751897,0.4176641243887878,0.4273632558701574,0.427193770330161,0.04703,40,0.433532173940791,0.04295,0.00634,67
META,single_name,2026-04-07,2027-06-17,640,436,0.4742930668747018,0.41779938065243644,0.4278687640716144,0.427956638467972,0.04642,20,0.414969437465427,0.05201,-0.01299,68
META,single_name,2026-04-07,2027-06-17,640,436,0.4742930668747018,0.41779938065243644,0.4278687640716144,0.427956638467972,0.04642,40,0.436748862625661,0.08335,0.00879,68
META,single_name,2026-04-08,2027-06-17,680,435,0.5315761200171161,0.43779337447365185,0.43069834613250985,0.43142633837768,0.10088,20,0.410573605300112,0.00075,-0.02085,69
META,single_name,2026-04-08,2027-06-17,680,435,0.5315761200171161,0.43779337447365185,0.43069834613250985,0.43142633837768,0.10088,40,0.428869625894138,0.02474,-0.00256,69
META,single_name,2026-04-09,2027-06-17,700,434,0.541373305810094,0.4398884733466549,0.42936020021396826,0.429588711141989,0.11201,20,0.408729566189218,-0.01843,-0.02086,70
META,single_name,2026-04-09,2027-06-17,700,434,0.541373305810094,0.4398884733466549,0.42936020021396826,0.429588711141989,0.11201,40,0.431487552462321,-0.00188,0.0019,70
META,single_name,2026-04-10,2027-06-17,700,433,0.5341750700971482,0.43853110483206065,0.4229230337179417,0.42294320596098,0.11125,20,0.4058338879577,-0.03212,-0.01711,71
META,single_name,2026-04-10,2027-06-17,700,433,0.5341750700971482,0.43853110483206065,0.4229230337179417,0.42294320596098,0.11125,40,0.431411096550066,-0.06678,0.00847,71
META,single_name,2026-04-13,2027-06-17,700,430,0.5149448446169657,0.4356736886341753,0.4201260989471715,0.42085858314007,0.09482,20,0.405550147271869,-0.05621,-0.01531,72
META,single_name,2026-04-13,2027-06-17,700,430,0.5149448446169657,0.4356736886341753,0.4201260989471715,0.42085858314007,0.09482,40,0.42816905314686,-0.06006,0.00731,72
META,single_name,2026-04-14,2027-06-17,740,429,0.5311379044657885,0.44407991664949964,0.4223521696405868,0.421477896013551,0.10879,20,0.402829854687111,-0.0898,-0.01865,73
META,single_name,2026-04-14,2027-06-17,740,429,0.5311379044657885,0.44407991664949964,0.4223521696405868,0.421477896013551,0.10879,40,0.42645198241135,-0.13813,0.00497,73
META,single_name,2026-04-15,2027-06-17,740,428,0.5309958300124367,0.4448005506107793,0.4210320102452802,0.421778222464375,0.10996,20,0.407232531687865,-0.08182,-0.01455,74
META,single_name,2026-04-15,2027-06-17,740,428,0.5309958300124367,0.4448005506107793,0.4210320102452802,0.421778222464375,0.10996,40,0.429337702892417,-0.16411,0.00756,74
META,single_name,2026-04-16,2027-06-17,760,427,0.5281355543539036,0.4412194414438705,0.41979802300855856,0.418312240678032,0.10834,20,0.406783778020738,-0.08634,-0.01153,75
META,single_name,2026-04-16,2027-06-17,760,427,0.5281355543539036,0.4412194414438705,0.41979802300855856,0.418312240678032,0.10834,40,0.43044393904051,-0.16235,0.01213,75
META,single_name,2026-04-17,2027-06-17,760,426,0.5246702794662534,0.4415667451862126,0.4173501955909737,0.417764834854168,0.10732,20,0.407448791008585,-0.10794,-0.01032,76
META,single_name,2026-04-17,2027-06-17,760,426,0.5246702794662534,0.4415667451862126,0.4173501955909737,0.417764834854168,0.10732,40,0.42696029231254,-0.13807,0.0092,76
META,single_name,2026-04-20,2027-06-17,740,423,0.527871493199875,0.431047867931602,0.4185886584760458,0.418921045313621,0.10928,20,0.406080223474203,-0.08898,-0.01284,77
META,single_name,2026-04-20,2027-06-17,740,423,0.527871493199875,0.431047867931602,0.4185886584760458,0.418921045313621,0.10928,40,0.429002750561733,-0.10538,0.01008,77
META,single_name,2026-04-21,2027-06-17,740,422,0.5270827817908763,0.4297386024282142,0.4203165643044453,0.420418606840203,0.10677,20,0.407644059440404,-0.09902,-0.01277,78
META,single_name,2026-04-21,2027-06-17,740,422,0.5270827817908763,0.4297386024282142,0.4203165643044453,0.420418606840203,0.10677,40,0.43550221848356,-0.1514,0.01508,78
META,single_name,2026-04-22,2027-06-17,740,421,0.5196562518621175,0.4280589938523635,0.41970518099232146,0.420529728261682,0.09995,20,0.403916430260952,-0.10324,-0.01661,79
META,single_name,2026-04-22,2027-06-17,740,421,0.5196562518621175,0.4280589938523635,0.41970518099232146,0.420529728261682,0.09995,40,0.434391289814964,-0.1445,0.01386,79
META,single_name,2026-04-23,2027-06-17,740,420,0.5303064841420542,0.4307311181788876,0.4218445358071643,0.420538134758958,0.10846,20,0.403505771806927,-0.07854,-0.01703,80
META,single_name,2026-04-23,2027-06-17,740,420,0.5303064841420542,0.4307311181788876,0.4218445358071643,0.420538134758958,0.10846,40,0.436016143134643,-0.14458,0.01548,80
META,single_name,2026-04-24,2027-06-17,740,419,0.4188345017951262,0.43336319399416906,0.42176516799543085,0.423020390128103,0.0116,20,0.403521368863943,-0.09595,-0.0195,81
META,single_name,2026-04-24,2027-06-17,740,419,0.4188345017951262,0.43336319399416906,0.42176516799543085,0.423020390128103,0.0116,40,0.425740378182042,-0.16715,0.00272,81
META,single_name,2026-04-27,2027-06-17,760,416,0.37376040188203247,0.3815446350130558,0.4247024520116484,0.423618215174309,-0.04316,20,0.405510372756352,-0.09767,-0.01811,82
META,single_name,2026-04-27,2027-06-17,760,416,0.37376040188203247,0.3815446350130558,0.4247024520116484,0.423618215174309,-0.04316,40,0.431074858560722,-0.17823,0.00746,82
META,single_name,2026-04-28,2027-06-17,740,415,0.3817231922014032,0.37740828299916984,0.42206065831402906,0.422391232249639,-0.04034,20,0.421248012196305,-0.05376,-0.00114,83
META,single_name,2026-04-28,2027-06-17,740,415,0.3817231922014032,0.37740828299916984,0.42206065831402906,0.422391232249639,-0.04034,40,0.434294089752492,-0.19136,0.0119,83
META,single_name,2026-04-29,2027-06-17,740,414,0.3283001456457616,0.3764533188936107,0.4224955095282133,0.42261446349449,-0.04604,20,0.412749382588055,-0.05056,-0.00987,84
META,single_name,2026-04-29,2027-06-17,740,414,0.3283001456457616,0.3764533188936107,0.4224955095282133,0.42261446349449,-0.04604,40,0.432143207440484,-0.17765,0.00953,84
META,single_name,2026-04-30,2027-06-17,680,413,0.47537399186604895,0.41603590644902333,0.42066526366775564,0.420168606296605,0.05471,20,0.420484193878797,0.03367,0.00032,85
META,single_name,2026-04-30,2027-06-17,680,413,0.47537399186604895,0.41603590644902333,0.42066526366775564,0.420168606296605,0.05471,40,0.435075126793703,-0.08058,0.01491,85
META,single_name,2026-05-01,2027-06-17,680,412,0.4745499530413086,0.41094519845257843,0.4171440393633407,0.41605302084491,0.05741,20,0.438689582579672,-0.0136,0.02264,86
META,single_name,2026-05-01,2027-06-17,680,412,0.4745499530413086,0.41094519845257843,0.4171440393633407,0.41605302084491,0.05741,40,0.433990152112315,-0.07468,0.01794,86
META,single_name,2026-05-04,2027-06-17,680,409,0.47412224653076507,0.41098114419547166,0.41287354579302893,0.411600825954494,0.06125,20,0.431351341849532,-0.02094,0.01975,87
META,single_name,2026-05-04,2027-06-17,680,409,0.47412224653076507,0.41098114419547166,0.41287354579302893,0.411600825954494,0.06125,40,0.443807323862471,0.0041,0.03221,87
META,single_name,2026-05-05,2027-06-17,660,408,0.47606461812694134,0.4105675340969156,0.4108770749049899,0.411359595495288,0.06519,20,0.433825697299153,0.02979,0.02247,88
META,single_name,2026-05-05,2027-06-17,660,408,0.47606461812694134,0.4105675340969156,0.4108770749049899,0.411359595495288,0.06519,40,0.448746807508268,-0.03647,0.03739,88
META,single_name,2026-05-06,2027-06-17,680,407,0.4219112535092301,0.40838493571775225,0.41136925753400905,0.410573605300112,0.01054,20,0.428869625894138,0.02397,0.0183,89
META,single_name,2026-05-07,2027-06-17,680,406,0.4117434127977466,0.40836881351625376,0.41196699195712294,0.411611122544469,-0.00022,20,0.43490178911251,0.01686,0.02329,90
META,single_name,2026-05-08,2027-06-17,660,405,0.41328107029229516,0.40890405692683096,0.4100678464694613,0.411591630802504,0.00321,20,0.432914598098998,-0.03581,0.02132,91
META,single_name,2026-05-11,2027-06-17,660,402,0.4156659730143771,0.40643573749173734,0.41091883924263767,0.410402232363754,0.00475,20,0.432199753938933,-0.00407,0.0218,92
META,single_name,2026-05-12,2027-06-17,660,401,0.38091366907692437,0.4056874595146401,0.41161863146626676,0.411871578586721,-0.00593,20,0.429641165339995,-0.0531,0.01777,93
META,single_name,2026-05-13,2027-06-17,680,400,0.38768121347786794,0.4084979020458787,0.4152626479927135,0.415049462736114,-0.00676,20,0.430390244374072,-0.08962,0.01534,94
META,single_name,2026-05-14,2027-06-17,680,399,0.3860291144016243,0.40832481092330003,0.415348257538667,0.415289500547377,-0.00702,20,0.431371660451543,-0.08319,0.01608,95
META,single_name,2026-05-15,2027-06-17,680,398,0.37750175399307695,0.40846624648029517,0.41526376764730893,0.41490957572369,-0.0068,20,0.430272743837715,-0.03378,0.01536,96
META,single_name,2026-05-18,2027-06-17,680,395,0.3698487912290587,0.4069022018760378,0.4123359768811937,0.411247641731549,-0.00543,20,0.43209562343633,-0.018,0.02085,97
META,single_name,2026-05-19,2027-06-17,660,394,0.3713135107084396,0.40384529388778945,0.4156544637156691,0.415888916734407,-0.01181,20,0.439541964098093,-0.05813,0.02365,98
META,single_name,2026-05-20,2027-06-17,660,393,0.36933983464886305,0.403886066104322,0.41241065363717305,0.412921202106738,-0.00852,20,0.438366178460662,-0.04601,0.02544,99
META,single_name,2026-05-21,2027-06-17,660,392,0.36443731386001244,0.40112538609802634,0.41035498509687524,0.410845745871024,-0.00923,20,0.440099807054955,-0.07167,0.02925,100
META,single_name,2026-05-22,2027-06-17,660,391,0.35111821285092065,0.4011034997987485,0.41011556633331253,0.41148406031528,-0.00901,20,0.433294846986707,-0.07875,0.02181,101
META,single_name,2026-05-26,2027-06-17,680,387,0.35043914402583526,0.4003861021839243,0.41274186819520614,0.411811873777672,-0.01236,20,0.43384552090568,-0.08928,0.02203,102
META,single_name,2026-05-27,2027-06-17,700,386,0.3796558278589843,0.40737275455526323,0.422693204882089,0.422465355084361,-0.01532,20,0.433892869670922,-0.14542,0.01143,103
META,single_name,2026-05-28,2027-06-17,700,385,0.3797800658382979,0.40733281469958155,0.4164421641721329,0.415699085433456,-0.00911,20,0.431171359211066,-0.13386,0.01547,104
META,single_name,2026-05-29,2027-06-17,700,384,0.19898176202728943,0.4053364360112561,0.4193067857800668,0.418797548343266,-0.01397,20,0.433150669367309,-0.11053,0.01435,105
META,single_name,2026-06-01,2027-06-17,660,381,0.2751026576485711,0.41821570407274816,0.4395612577504591,0.439800899921166,-0.02135,20,0.435757081713397,-0.06192,-0.00404,106
META,single_name,2026-06-02,2027-06-17,660,380,0.27515212575916087,0.4156461687511995,0.4319841942026727,0.43186571695275,-0.01634,20,0.448075097471836,0.02557,0.01621,107
META,single_name,2026-06-03,2027-06-17,680,379,0.3118602428889423,0.42470470314238,0.4312419269127323,0.431539971434832,-0.00654,20,0.447212561687985,-0.06434,0.01567,108
AMD,single_name,2025-12-26,2027-01-15,250,385,0.3774975393790641,0.7517186309575921,0.5641246685052014,0.564874636821004,0.18759,20,0.606527035891076,0.17229,0.04165,0
AMD,single_name,2025-12-26,2027-01-15,250,385,0.3774975393790641,0.7517186309575921,0.5641246685052014,0.564874636821004,0.18759,40,0.595017268710204,-0.01921,0.03014,0
AMD,single_name,2025-12-29,2027-01-15,250,382,0.3734835079646276,0.7491572608044542,0.5658261956194559,0.566602308491238,0.18333,20,0.607124061496604,0.17221,0.04052,1
AMD,single_name,2025-12-29,2027-01-15,250,382,0.3734835079646276,0.7491572608044542,0.5658261956194559,0.566602308491238,0.18333,40,0.584653982785213,-0.05533,0.01805,1
AMD,single_name,2025-12-30,2027-01-15,250,381,0.37136156913304497,0.7458436133130698,0.5639153198580578,0.564497578627197,0.18193,20,0.597619799903616,0.17108,0.03312,2
AMD,single_name,2025-12-30,2027-01-15,250,381,0.37136156913304497,0.7458436133130698,0.5639153198580578,0.564497578627197,0.18193,40,0.585935827147321,-0.07026,0.02144,2
AMD,single_name,2025-12-31,2027-01-15,250,380,0.3644700301653902,0.6066505383932119,0.5665536643491018,0.56659033001975,0.0401,20,0.595093506740014,0.10539,0.0285,3
AMD,single_name,2025-12-31,2027-01-15,250,380,0.3644700301653902,0.6066505383932119,0.5665536643491018,0.56659033001975,0.0401,40,0.584633165581025,-0.07256,0.01804,3
AMD,single_name,2026-01-02,2027-01-15,270,378,0.39347852857703963,0.6080227416785818,0.5756662962838657,0.57508667244849,0.03236,20,0.596287140531945,0.10203,0.0212,4
AMD,single_name,2026-01-02,2027-01-15,270,378,0.39347852857703963,0.6080227416785818,0.5756662962838657,0.57508667244849,0.03236,40,0.566853378743922,-0.14552,-0.00823,4
AMD,single_name,2026-01-05,2027-01-15,260,375,0.39462239109455544,0.5661958203241163,0.5804201598939049,0.580786919427437,-0.01422,20,0.600495906520975,0.09512,0.01971,5
AMD,single_name,2026-01-05,2027-01-15,260,375,0.39462239109455544,0.5661958203241163,0.5804201598939049,0.580786919427437,-0.01422,40,0.566020703843562,-0.08599,-0.01477,5
AMD,single_name,2026-01-06,2027-01-15,250,374,0.409221220101142,0.5691232617399719,0.5742328493173764,0.574768372444122,-0.00511,20,0.590874234246425,-0.06606,0.01611,6
AMD,single_name,2026-01-06,2027-01-15,250,374,0.409221220101142,0.5691232617399719,0.5742328493173764,0.574768372444122,-0.00511,40,0.57316016973,-0.06951,-0.00161,6
AMD,single_name,2026-01-07,2027-01-15,250,373,0.410733956307735,0.5463764995044439,0.5639881656489055,0.563556822924921,-0.01761,20,0.586994544169595,-0.08342,0.02344,7
AMD,single_name,2026-01-07,2027-01-15,250,373,0.410733956307735,0.5463764995044439,0.5639881656489055,0.563556822924921,-0.01761,40,0.591992017571414,-0.08375,0.02844,7
AMD,single_name,2026-01-08,2027-01-15,240,372,0.418321162721442,0.5486022093968905,0.5540041901534459,0.553944190344085,-0.0054,20,0.588542590847185,0.01837,0.0346,8
AMD,single_name,2026-01-08,2027-01-15,240,372,0.418321162721442,0.5486022093968905,0.5540041901534459,0.553944190344085,-0.0054,40,0.580221238802973,-0.00977,0.02628,8
AMD,single_name,2026-01-09,2027-01-15,240,371,0.41832434095079324,0.5484616199746025,0.5475886692534722,0.546906426863231,0.00087,20,0.590968280933031,0.06315,0.04406,9
AMD,single_name,2026-01-09,2027-01-15,240,371,0.41832434095079324,0.5484616199746025,0.5475886692534722,0.546906426863231,0.00087,40,0.586541812627401,0.0003,0.03964,9
AMD,single_name,2026-01-12,2027-01-15,240,368,0.4284881155365235,0.5170689660906396,0.551820835613242,0.552142555248035,-0.03475,20,0.585921568358299,0.02831,0.03378,10
AMD,single_name,2026-01-12,2027-01-15,240,368,0.4284881155365235,0.5170689660906396,0.551820835613242,0.552142555248035,-0.03475,40,0.582601506714711,-0.01377,0.03046,10
AMD,single_name,2026-01-13,2027-01-15,260,367,0.4511891140821209,0.5325781367486051,0.5637625719896348,0.563572880630189,-0.03118,20,0.588599088431088,-0.03344,0.02503,11
AMD,single_name,2026-01-13,2027-01-15,260,367,0.4511891140821209,0.5325781367486051,0.5637625719896348,0.563572880630189,-0.03118,40,0.576043108878211,-0.10513,0.01247,11
AMD,single_name,2026-01-14,2027-01-15,260,366,0.4473671905740305,0.5331014190075517,0.5691777486114615,0.569362312532294,-0.03608,20,0.589930344906638,-0.07898,0.02057,12
AMD,single_name,2026-01-14,2027-01-15,260,366,0.4473671905740305,0.5331014190075517,0.5691777486114615,0.569362312532294,-0.03608,40,0.572367689615303,-0.13511,0.00301,12
AMD,single_name,2026-01-15,2027-01-15,270,365,0.45055487049024706,0.5304854130872065,0.5785739339052963,0.578505971251412,-0.04809,20,0.586084963142468,-0.09038,0.00758,13
AMD,single_name,2026-01-15,2027-01-15,270,365,0.45055487049024706,0.5304854130872065,0.5785739339052963,0.578505971251412,-0.04809,40,0.566971401323815,-0.1375,-0.01153,13
AMD,single_name,2026-01-16,2027-06-17,300,517,0.39521917630431636,0.5313481880177437,0.5888425749003645,0.589054913923023,-0.05749,20,0.601238727520561,-0.12401,0.01218,14
AMD,single_name,2026-01-16,2027-06-17,300,517,0.39521917630431636,0.5313481880177437,0.5888425749003645,0.589054913923023,-0.05749,40,0.573248842823878,-0.15322,-0.01581,14
AMD,single_name,2026-01-20,2027-06-17,300,513,0.3951779910128831,0.5269117069713144,0.5964921964945997,0.59643438235982,-0.06958,20,0.59616693609277,-0.13712,-0.00027,15
AMD,single_name,2026-01-20,2027-06-17,300,513,0.3951779910128831,0.5269117069713144,0.5964921964945997,0.59643438235982,-0.06958,40,0.580875349784031,-0.13996,-0.01556,15
AMD,single_name,2026-01-21,2027-06-17,320,512,0.42325351307344583,0.5469405464826865,0.606681954745556,0.606853425138816,-0.05974,20,0.591479915899531,-0.18587,-0.01537,16
AMD,single_name,2026-01-21,2027-06-17,320,512,0.42325351307344583,0.5469405464826865,0.606681954745556,0.606853425138816,-0.05974,40,0.577938361621663,-0.17826,-0.02892,16
AMD,single_name,2026-01-22,2027-06-17,330,511,0.42412576873763097,0.5266468423518396,0.6099996795145911,0.609940690445678,-0.08335,20,0.592661091909253,-0.21117,-0.01728,17
AMD,single_name,2026-01-22,2027-06-17,330,511,0.42412576873763097,0.5266468423518396,0.6099996795145911,0.609940690445678,-0.08335,40,0.579918627842675,-0.20652,-0.03002,17
AMD,single_name,2026-01-23,2027-06-17,340,510,0.4260212877065507,0.5260128365193563,0.6119466716949041,0.612165012059743,-0.08593,20,0.591640205091757,-0.24291,-0.02052,18
AMD,single_name,2026-01-23,2027-06-17,340,510,0.4260212877065507,0.5260128365193563,0.6119466716949041,0.612165012059743,-0.08593,40,0.574700518466598,-0.2195,-0.03746,18
AMD,single_name,2026-01-26,2027-06-17,330,507,0.45096914545953914,0.5301407978934128,0.6117089221280992,0.611408229205747,-0.08157,20,0.606975425658232,-0.1491,-0.00443,19
AMD,single_name,2026-01-26,2027-06-17,330,507,0.45096914545953914,0.5301407978934128,0.6117089221280992,0.611408229205747,-0.08157,40,0.579565028645468,-0.1828,-0.03184,19
AMD,single_name,2026-01-27,2027-06-17,330,506,0.4503722634395951,0.5277030410711625,0.6117859671417026,0.61138707633106,-0.08408,20,0.60316336603157,-0.16335,-0.00822,20
AMD,single_name,2026-01-27,2027-06-17,330,506,0.4503722634395951,0.5277030410711625,0.6117859671417026,0.61138707633106,-0.08408,40,0.587171090061775,-0.12602,-0.02422,20
AMD,single_name,2026-01-28,2027-06-17,330,505,0.4503822566168421,0.5224474042018007,0.6113065971089185,0.611167487908719,-0.08886,20,0.59940070957622,-0.19411,-0.01177,21
AMD,single_name,2026-01-28,2027-06-17,330,505,0.4503822566168421,0.5224474042018007,0.6113065971089185,0.611167487908719,-0.08886,40,0.589595468708782,-0.19376,-0.02157,21
AMD,single_name,2026-01-29,2027-06-17,320,504,0.45065661299924176,0.5223531902975715,0.6048022387599921,0.60550928069883,-0.08245,20,0.598155723463822,-0.20608,-0.00735,22
AMD,single_name,2026-01-29,2027-06-17,320,504,0.45065661299924176,0.5223531902975715,0.6048022387599921,0.60550928069883,-0.08245,40,0.592373286328456,-0.19902,-0.01314,22
AMD,single_name,2026-01-30,2027-06-17,300,503,0.5153514801425731,0.5371537794051073,0.6034827554136492,0.603838588207005,-0.06633,20,0.599289647435997,-0.16099,-0.00455,23
AMD,single_name,2026-01-30,2027-06-17,300,503,0.5153514801425731,0.5371537794051073,0.6034827554136492,0.603838588207005,-0.06633,40,0.59762003347745,-0.17188,-0.00622,23
AMD,single_name,2026-02-02,2027-06-17,320,500,0.5125143534601906,0.5382661131241653,0.6074548330174332,0.606982280654188,-0.06919,20,0.587683599330027,-0.22463,-0.0193,24
AMD,single_name,2026-02-02,2027-06-17,320,500,0.5125143534601906,0.5382661131241653,0.6074548330174332,0.606982280654188,-0.06919,40,0.583759567398019,-0.17396,-0.02322,24
AMD,single_name,2026-02-03,2027-06-17,310,499,0.515529304080155,0.536774379821512,0.6094828345885762,0.609608305201951,-0.07271,20,0.584477360873349,-0.16538,-0.02513,25
AMD,single_name,2026-02-03,2027-06-17,310,499,0.515529304080155,0.536774379821512,0.6094828345885762,0.609608305201951,-0.07271,40,0.584664969806751,-0.13176,-0.02494,25
AMD,single_name,2026-02-04,2027-06-17,260,498,0.8572656943143457,0.6452390812239767,0.6055856469904876,0.604881322607503,0.25168,20,0.59018163596029,-0.0037,-0.0147,26
AMD,single_name,2026-02-04,2027-06-17,260,498,0.8572656943143457,0.6452390812239767,0.6055856469904876,0.604881322607503,0.25168,40,0.599813338451249,0.08647,-0.00507,26
AMD,single_name,2026-02-05,2027-06-17,250,497,0.8647525024969801,0.6488424045737984,0.6019498232813658,0.600838750742619,0.2628,20,0.607397707164152,-0.00036,0.00656,27
AMD,single_name,2026-02-05,2027-06-17,250,497,0.8647525024969801,0.6488424045737984,0.6019498232813658,0.600838750742619,0.2628,40,0.605209573710838,0.14379,0.00437,27
AMD,single_name,2026-02-06,2027-06-17,270,496,0.9098097882017594,0.6638932214805842,0.6031328376555397,0.602757062000478,0.30668,20,0.597547790771065,-0.02763,-0.00521,28
AMD,single_name,2026-02-06,2027-06-17,270,496,0.9098097882017594,0.6638932214805842,0.6031328376555397,0.602757062000478,0.30668,40,0.598745938350751,0.0628,-0.00401,28
AMD,single_name,2026-02-09,2027-03-19,260,403,0.9173846327868935,0.666500036967785,0.5979288362032994,0.599503793845162,0.31946,20,0.592723081473661,-0.05912,-0.00678,29
AMD,single_name,2026-02-09,2027-03-19,260,403,0.9173846327868935,0.666500036967785,0.5979288362032994,0.599503793845162,0.31946,40,0.590676440583484,0.07324,-0.00883,29
AMD,single_name,2026-02-10,2027-03-19,260,402,0.9158824452951371,0.6411504140739342,0.5932357155999686,0.593245112710183,0.32265,20,0.587022246372081,-0.04092,-0.00622,30
AMD,single_name,2026-02-10,2027-03-19,260,402,0.9158824452951371,0.6411504140739342,0.5932357155999686,0.593245112710183,0.32265,40,0.596160530588269,0.10802,0.00292,30
AMD,single_name,2026-02-11,2027-03-19,260,401,0.8874902614540358,0.6357490438453499,0.602851424099876,0.60305601723159,0.28464,20,0.587230130375597,-0.07416,-0.01583,31
AMD,single_name,2026-02-11,2027-03-19,260,401,0.8874902614540358,0.6357490438453499,0.602851424099876,0.60305601723159,0.28464,40,0.603648474630933,0.1473,0.00059,31
AMD,single_name,2026-02-12,2027-03-19,250,400,0.8942368184087162,0.6395348351837371,0.596565675080637,0.59669839774179,0.29767,20,0.584644224555346,-0.06094,-0.01205,32
AMD,single_name,2026-02-12,2027-03-19,250,400,0.8942368184087162,0.6395348351837371,0.596565675080637,0.59669839774179,0.29767,40,0.603447644847613,0.19855,0.00675,32
AMD,single_name,2026-02-13,2027-03-19,250,399,0.8910286449132481,0.6380526358656894,0.5947691059663066,0.595325321222917,0.29626,20,0.582151728071257,-0.0518,-0.01317,33
AMD,single_name,2026-02-13,2027-03-19,250,399,0.8910286449132481,0.6380526358656894,0.5947691059663066,0.595325321222917,0.29626,40,0.601465152485986,0.23032,0.00614,33
AMD,single_name,2026-02-17,2027-03-19,250,395,0.8888662227630301,0.6334913775571444,0.597281853401005,0.597226235218828,0.29158,20,0.571415718759634,-0.03334,-0.02581,34
AMD,single_name,2026-02-17,2027-03-19,250,395,0.8888662227630301,0.6334913775571444,0.597281853401005,0.597226235218828,0.29158,40,0.597128876619271,0.27103,-0.0001,34
AMD,single_name,2026-02-18,2027-03-19,240,394,0.8889000306667653,0.6314398788548301,0.592918351141755,0.592418375788444,0.29598,20,0.581907905260539,-0.0033,-0.01051,35
AMD,single_name,2026-02-18,2027-03-19,240,394,0.8889000306667653,0.6314398788548301,0.592918351141755,0.592418375788444,0.29598,40,0.624739527409176,0.39047,0.03232,35
AMD,single_name,2026-02-19,2027-03-19,240,393,0.840720129645377,0.6100839494927864,0.5839382773113693,0.58304049455265,0.25678,20,0.585633794839241,0.00934,0.00259,36
AMD,single_name,2026-02-19,2027-03-19,240,393,0.840720129645377,0.6100839494927864,0.5839382773113693,0.58304049455265,0.25678,40,0.626767596501387,0.36888,0.04373,36
AMD,single_name,2026-02-20,2027-03-19,240,392,0.8352757634303156,0.6105479828102731,0.5870828644366729,0.58713124142768,0.24819,20,0.589069325542069,0.0059,0.00194,37
AMD,single_name,2026-02-20,2027-03-19,240,392,0.8352757634303156,0.6105479828102731,0.5870828644366729,0.58713124142768,0.24819,40,0.632657435727429,0.37372,0.04553,37
AMD,single_name,2026-02-23,2027-03-19,240,389,0.8250853141788997,0.6010080555638033,0.5885778619638786,0.586453544163597,0.23651,20,0.583697874479774,0.03093,-0.00276,38
AMD,single_name,2026-02-23,2027-03-19,240,389,0.8250853141788997,0.6010080555638033,0.5885778619638786,0.586453544163597,0.23651,40,0.641962908723419,0.44705,0.05551,38
AMD,single_name,2026-02-24,2027-03-19,260,388,0.8912390786852846,0.619839014676375,0.6050729836337116,0.604960327816577,0.28617,20,0.579707933878592,-0.03961,-0.02525,39
AMD,single_name,2026-02-24,2027-03-19,260,388,0.8912390786852846,0.619839014676375,0.6050729836337116,0.604960327816577,0.28617,40,0.656031739680179,0.4191,0.05107,39
AMD,single_name,2026-02-25,2027-03-19,260,387,0.8905074144340082,0.6154340151524923,0.6005033537861024,0.597820007872747,0.29,20,0.592682166490144,0.04463,-0.00514,40
AMD,single_name,2026-02-25,2027-03-19,260,387,0.8905074144340082,0.6154340151524923,0.6005033537861024,0.597820007872747,0.29,40,0.646742085537949,0.44802,0.04892,40
AMD,single_name,2026-02-26,2027-03-19,250,386,0.8938826212736852,0.6185493744224784,0.5973567565263576,0.596790189326381,0.29653,20,0.597087879183629,0.00044,0.0003,41
AMD,single_name,2026-02-26,2027-03-19,250,386,0.8938826212736852,0.6185493744224784,0.5973567565263576,0.596790189326381,0.29653,40,0.683987690538433,0.70763,0.0872,41
AMD,single_name,2026-02-27,2027-03-19,240,385,0.8935574968380567,0.6189590522236926,0.5976817659936431,0.598029334763472,0.29588,20,0.603695785492284,0.00889,0.00567,42
AMD,single_name,2026-02-27,2027-03-19,240,385,0.8935574968380567,0.6189590522236926,0.5976817659936431,0.598029334763472,0.29588,40,0.686417528114358,0.6714,0.08839,42
AMD,single_name,2026-03-02,2027-03-19,240,382,0.872444965977835,0.6178149586895348,0.5953843030518067,0.595205326907805,0.27706,20,0.603806479646034,-0.01299,0.0086,43
AMD,single_name,2026-03-02,2027-03-19,240,382,0.872444965977835,0.6178149586895348,0.5953843030518067,0.595205326907805,0.27706,40,0.66655798951096,0.62728,0.07135,43
AMD,single_name,2026-03-03,2027-03-19,230,381,0.8593804587385875,0.6221385479659767,0.5882755975588574,0.587952308915453,0.2711,20,0.594128938801123,0.06536,0.00618,44
AMD,single_name,2026-03-03,2027-03-19,230,381,0.8593804587385875,0.6221385479659767,0.5882755975588574,0.587952308915453,0.2711,40,0.691049746130691,0.76544,0.1031,44
AMD,single_name,2026-03-04,2027-03-19,240,380,0.8935495966907542,0.6335626837026952,0.5782447581263569,0.578527165253185,0.3153,20,0.590821679230263,0.04028,0.01229,45
AMD,single_name,2026-03-04,2027-03-19,240,380,0.8935495966907542,0.6335626837026952,0.5782447581263569,0.578527165253185,0.3153,40,0.699919758531407,0.75429,0.12139,45
AMD,single_name,2026-03-05,2027-03-19,240,379,0.5855951782665637,0.6336592706452079,0.5881496491290047,0.587505645997176,0.04551,20,0.599596968743182,0.0905,0.01209,46
AMD,single_name,2026-03-05,2027-03-19,240,379,0.5855951782665637,0.6336592706452079,0.5881496491290047,0.587505645997176,0.04551,40,0.707842118526214,0.80767,0.12034,46
AMD,single_name,2026-03-06,2027-03-19,230,378,0.5827594518499842,0.6366484464864655,0.6041715683539217,0.604908891626564,0.03248,20,0.60414442912883,0.14421,-0.00076,47
AMD,single_name,2026-03-06,2027-03-19,230,378,0.5827594518499842,0.6366484464864655,0.6041715683539217,0.604908891626564,0.03248,40,0.691733946221321,0.77488,0.08683,47
AMD,single_name,2026-03-09,2027-03-19,240,375,0.5393193965077839,0.646225590782262,0.5917933519909483,0.593275104918757,0.05443,20,0.60219157070317,0.093,0.00892,48
AMD,single_name,2026-03-09,2027-03-19,240,375,0.5393193965077839,0.646225590782262,0.5917933519909483,0.593275104918757,0.05443,40,0.705427350782006,0.75281,0.11215,48
AMD,single_name,2026-03-10,2027-06-17,260,464,0.5217144286609272,0.6462819987629852,0.6036020909939128,0.602754495567908,0.04268,20,0.600443203300099,0.14068,-0.00231,49
AMD,single_name,2026-03-10,2027-06-17,260,464,0.5217144286609272,0.6462819987629852,0.6036020909939128,0.602754495567908,0.04268,40,0.719781882594351,1.07346,0.11703,49
AMD,single_name,2026-03-11,2027-06-17,260,463,0.5221195586965061,0.6465554192533115,0.5995324671239606,0.599309688513294,0.04702,20,0.60427252142399,0.1553,0.00496,50
AMD,single_name,2026-03-11,2027-06-17,260,463,0.5221195586965061,0.6465554192533115,0.5995324671239606,0.599309688513294,0.04702,40,0.720177454362711,0.99414,0.12087,50
AMD,single_name,2026-03-12,2027-06-17,250,462,0.5350587895980466,0.6427275699090647,0.6024685672688445,0.602133405077508,0.04026,20,0.616951708168276,0.2392,0.01482,51
AMD,single_name,2026-03-12,2027-06-17,250,462,0.5350587895980466,0.6427275699090647,0.6024685672688445,0.602133405077508,0.04026,40,0.763132240297305,1.30196,0.161,51
AMD,single_name,2026-03-13,2027-06-17,240,461,0.5258971512449448,0.6435417135193866,0.5993489872828762,0.599861827642739,0.04419,20,0.617571090962544,0.27633,0.01771,52
AMD,single_name,2026-03-13,2027-06-17,240,461,0.5258971512449448,0.6435417135193866,0.5993489872828762,0.599861827642739,0.04419,40,0.774174435157164,1.37236,0.17431,52
AMD,single_name,2026-03-16,2027-06-17,250,458,0.529406846056516,0.6443004711217922,0.5970357275690631,0.596262153187263,0.04726,20,0.610163769120188,0.29754,0.0139,53
AMD,single_name,2026-03-16,2027-06-17,250,458,0.529406846056516,0.6443004711217922,0.5970357275690631,0.596262153187263,0.04726,40,0.768177742582983,1.28045,0.17192,53
AMD,single_name,2026-03-17,2027-06-17,240,457,0.525116843630687,0.63466090679743,0.5860071775647364,0.586858138538913,0.04865,20,0.61764385096225,0.31486,0.03079,54
AMD,single_name,2026-03-17,2027-06-17,240,457,0.525116843630687,0.63466090679743,0.5860071775647364,0.586858138538913,0.04865,40,0.778728958875038,1.26937,0.19187,54
AMD,single_name,2026-03-18,2027-06-17,250,456,0.5263120723946915,0.6347795183013254,0.5918325608172806,0.591416556266105,0.04295,20,0.627176416056802,0.39507,0.03576,55
AMD,single_name,2026-03-18,2027-06-17,250,456,0.5263120723946915,0.6347795183013254,0.5918325608172806,0.591416556266105,0.04295,40,0.774416450282991,1.25459,0.183,55
AMD,single_name,2026-03-19,2027-06-17,260,455,0.5333351549268892,0.6254093668469209,0.5920816510689013,0.590533980528078,0.03333,20,0.622293450477083,0.35621,0.03176,56
AMD,single_name,2026-03-19,2027-06-17,260,455,0.5333351549268892,0.6254093668469209,0.5920816510689013,0.590533980528078,0.03333,40,0.751970691622282,1.06606,0.16144,56
AMD,single_name,2026-03-20,2027-06-17,250,454,0.5348685021628985,0.6263619144383168,0.5955684839183741,0.595821571029518,0.03079,20,0.635939918384091,0.36567,0.04012,57
AMD,single_name,2026-03-20,2027-06-17,250,454,0.5348685021628985,0.6263619144383168,0.5955684839183741,0.595821571029518,0.03079,40,0.754686421893173,1.09104,0.15886,57
AMD,single_name,2026-03-23,2027-06-17,250,451,0.5308829788815003,0.6265627085424287,0.5909723728771942,0.591271661707114,0.03559,20,0.642399422620995,0.40364,0.05113,58
AMD,single_name,2026-03-23,2027-06-17,250,451,0.5308829788815003,0.6265627085424287,0.5909723728771942,0.591271661707114,0.03559,40,0.746945948902392,1.04288,0.15567,58
AMD,single_name,2026-03-24,2027-06-17,260,450,0.43584723710528533,0.6272278747545065,0.5943109397975002,0.593175558391904,0.03292,20,0.663085434519085,0.47763,0.06991,59
AMD,single_name,2026-03-24,2027-06-17,260,450,0.43584723710528533,0.6272278747545065,0.5943109397975002,0.593175558391904,0.03292,40,0.758681500367615,1.17938,0.16551,59
AMD,single_name,2026-03-25,2027-06-17,270,449,0.5022301526103985,0.6437985797409891,0.5994481117979676,0.600653386864346,0.04435,20,0.654161856057838,0.38616,0.05351,60
AMD,single_name,2026-03-25,2027-06-17,270,449,0.5022301526103985,0.6437985797409891,0.5994481117979676,0.600653386864346,0.04435,40,0.749215028413619,1.04109,0.14856,60
AMD,single_name,2026-03-26,2027-06-17,260,448,0.5639046115536687,0.663438131487571,0.605825380702466,0.60449342528919,0.05761,20,0.679620775907619,0.70688,0.07513,61
AMD,single_name,2026-03-26,2027-06-17,260,448,0.5639046115536687,0.663438131487571,0.605825380702466,0.60449342528919,0.05761,40,0.786049008425902,1.2943,0.18156,61
AMD,single_name,2026-03-27,2027-06-17,250,447,0.5612854807431145,0.6636322285782452,0.6071641224845787,0.608126329099367,0.05647,20,0.68279559495399,0.65667,0.07467,62
AMD,single_name,2026-03-27,2027-06-17,250,447,0.5612854807431145,0.6636322285782452,0.6071641224845787,0.608126329099367,0.05647,40,0.83423498637123,1.49463,0.22611,62
AMD,single_name,2026-03-30,2027-06-17,250,444,0.5709586312154631,0.6662074414213468,0.6112268620669885,0.610202771084051,0.05498,20,0.66660934957111,0.64869,0.05641,63
AMD,single_name,2026-03-30,2027-06-17,250,444,0.5709586312154631,0.6662074414213468,0.6112268620669885,0.610202771084051,0.05498,40,0.808737153913066,1.52775,0.19853,63
AMD,single_name,2026-03-31,2027-06-17,250,443,0.5666032870486034,0.6647361985237372,0.5943132194313514,0.594579513461329,0.07042,20,0.682583804024399,0.65713,0.088,64
AMD,single_name,2026-03-31,2027-06-17,250,443,0.5666032870486034,0.6647361985237372,0.5943132194313514,0.594579513461329,0.07042,40,0.832916262707358,1.54677,0.23834,64
AMD,single_name,2026-04-01,2027-06-17,260,442,0.5426102822778726,0.668145772330291,0.5957508169582991,0.595886407957796,0.07239,20,0.692729322419337,0.68636,0.09684,65
AMD,single_name,2026-04-01,2027-06-17,260,442,0.5426102822778726,0.668145772330291,0.5957508169582991,0.595886407957796,0.07239,40,0.81563215795324,1.45516,0.21975,65
AMD,single_name,2026-04-02,2027-06-17,270,441,0.5510344556160054,0.6689295830239308,0.5972888584412211,0.597243796824332,0.07164,20,0.690268721031114,0.65766,0.09302,66
AMD,single_name,2026-04-02,2027-06-17,270,441,0.5510344556160054,0.6689295830239308,0.5972888584412211,0.597243796824332,0.07164,40,0.80962507817393,1.34543,0.21238,66
AMD,single_name,2026-04-06,2027-06-17,270,437,0.5306059934766731,0.6679706958010364,0.596624497925779,0.596833623588584,0.07135,20,0.676041434664339,0.55119,0.07921,67
AMD,single_name,2026-04-06,2027-06-17,270,437,0.5306059934766731,0.6679706958010364,0.596624497925779,0.596833623588584,0.07135,40,0.823120213277138,1.3687,0.22629,67
AMD,single_name,2026-04-07,2027-06-17,270,436,0.503098652529055,0.6657511877933645,0.5967877312829568,0.598745938350751,0.06896,20,0.687096142106369,0.60367,0.08835,68
AMD,single_name,2026-04-07,2027-06-17,270,436,0.503098652529055,0.6657511877933645,0.5967877312829568,0.598745938350751,0.06896,40,0.839457399667452,1.41563,0.24071,68
AMD,single_name,2026-04-08,2027-06-17,290,435,0.5235530738697893,0.6715668182355657,0.5928541481004048,0.59133943077594,0.07871,20,0.706869900805986,0.81775,0.11553,69
AMD,single_name,2026-04-08,2027-06-17,290,435,0.5235530738697893,0.6715668182355657,0.5928541481004048,0.59133943077594,0.07871,40,0.807648345686181,1.25692,0.21631,69
AMD,single_name,2026-04-09,2027-06-17,290,434,0.5259067022312686,0.6713936852679497,0.5973941006788778,0.598331035666687,0.074,20,0.705270876162334,0.72608,0.10694,70
AMD,single_name,2026-04-09,2027-06-17,290,434,0.5259067022312686,0.6713936852679497,0.5973941006788778,0.598331035666687,0.074,40,0.794504931665743,0.97084,0.19617,70
AMD,single_name,2026-04-10,2027-06-17,300,433,0.5094832535474039,0.6633320805696359,0.6027504071942762,0.604093398975104,0.06058,20,0.736488958069436,0.85762,0.1324,71
AMD,single_name,2026-04-10,2027-06-17,300,433,0.5094832535474039,0.6633320805696359,0.6027504071942762,0.604093398975104,0.06058,40,0.800308978233008,1.00102,0.19622,71
AMD,single_name,2026-04-13,2027-06-17,300,430,0.49470939568661226,0.6631013029431916,0.5953491593923277,0.596758213484121,0.06775,20,0.739586108287295,0.85873,0.14283,72
AMD,single_name,2026-04-13,2027-06-17,300,430,0.49470939568661226,0.6631013029431916,0.5953491593923277,0.596758213484121,0.06775,40,0.791168344439137,0.97545,0.19441,72
AMD,single_name,2026-04-14,2027-06-17,310,429,0.4999771702223963,0.665235991672505,0.5940597077870342,0.594360002156406,0.07118,20,0.737191226015314,0.75752,0.14283,73
AMD,single_name,2026-04-14,2027-06-17,310,429,0.4999771702223963,0.665235991672505,0.5940597077870342,0.594360002156406,0.07118,40,0.787263467832073,0.77363,0.1929,73
AMD,single_name,2026-04-15,2027-06-17,320,428,0.497119968463006,0.664820913878403,0.5942778091151106,0.594335733925427,0.07054,20,0.734459670471417,0.72594,0.14012,74
AMD,single_name,2026-04-15,2027-06-17,320,428,0.497119968463006,0.664820913878403,0.5942778091151106,0.594335733925427,0.07054,40,0.799558670278821,0.81013,0.20522,74
AMD,single_name,2026-04-16,2027-06-17,340,427,0.5429656663065027,0.6815827584297665,0.6006536389151259,0.600859643562116,0.08093,20,0.733071064779486,0.61611,0.13221,75
AMD,single_name,2026-04-16,2027-06-17,340,427,0.5429656663065027,0.6815827584297665,0.6006536389151259,0.600859643562116,0.08093,40,0.803104977834146,0.83846,0.20225,75
AMD,single_name,2026-04-17,2027-06-17,340,426,0.5438971379222857,0.6652243958122355,0.6055267864729732,0.606645639844077,0.0597,20,0.720498899176257,0.5234,0.11385,76
AMD,single_name,2026-04-17,2027-06-17,340,426,0.5438971379222857,0.6652243958122355,0.6055267864729732,0.606645639844077,0.0597,40,0.818689145784135,0.9658,0.21204,76
AMD,single_name,2026-04-20,2027-06-17,340,423,0.5385658730806088,0.6652215433106946,0.604902100896298,0.604773296917831,0.06032,20,0.715380027135011,0.53115,0.11061,77
AMD,single_name,2026-04-20,2027-06-17,340,423,0.5385658730806088,0.6652215433106946,0.604902100896298,0.604773296917831,0.06032,40,0.802989884385082,0.84503,0.19822,77
AMD,single_name,2026-04-21,2027-06-17,350,422,0.5413468494382526,0.6671285711217104,0.6172946077933287,0.618666945674062,0.04983,20,0.712662183406195,0.45541,0.094,78
AMD,single_name,2026-04-21,2027-06-17,350,422,0.5413468494382526,0.6671285711217104,0.6172946077933287,0.618666945674062,0.04983,40,0.806836810425389,0.8014,0.18817,78
AMD,single_name,2026-04-22,2027-06-17,380,421,0.5667161042014637,0.6755258219485305,0.6299490179737705,0.630148195558936,0.04558,20,0.72151726555393,0.47492,0.09137,79
AMD,single_name,2026-04-22,2027-06-17,380,421,0.5667161042014637,0.6755258219485305,0.6299490179737705,0.630148195558936,0.04558,40,0.801711603968524,0.77081,0.17156,79
AMD,single_name,2026-04-23,2027-06-17,380,420,0.5357084989937558,0.6755534672099015,0.626001684630431,0.625885335944596,0.04955,20,0.717961164449561,0.47247,0.09208,80
AMD,single_name,2026-04-23,2027-06-17,380,420,0.5357084989937558,0.6755534672099015,0.626001684630431,0.625885335944596,0.04955,40,0.792823527617792,0.80667,0.16694,80
AMD,single_name,2026-04-24,2027-06-17,440,419,0.5592567345085019,0.7240006106175353,0.6443585416160901,0.644204302413795,0.07964,20,0.733711733708602,0.34415,0.08951,81
AMD,single_name,2026-04-24,2027-06-17,440,419,0.5592567345085019,0.7240006106175353,0.6443585416160901,0.644204302413795,0.07964,40,0.781322129449067,0.49464,0.13712,81
AMD,single_name,2026-04-27,2027-06-17,420,416,0.5933986300503267,0.729445585082297,0.6452949120430715,0.645567361524224,0.08415,20,0.764079703867974,0.50581,0.11851,82
AMD,single_name,2026-04-27,2027-06-17,420,416,0.5933986300503267,0.729445585082297,0.6452949120430715,0.645567361524224,0.08415,40,0.782850384463465,0.55318,0.13728,82
AMD,single_name,2026-04-28,2027-06-17,410,415,0.5995586194430259,0.7203905170891493,0.6308714427046253,0.630656349751857,0.08952,20,0.759933877357585,0.53318,0.12928,83
AMD,single_name,2026-04-28,2027-06-17,410,415,0.5995586194430259,0.7203905170891493,0.6308714427046253,0.630656349751857,0.08952,40,0.778645036302172,0.64775,0.14799,83
AMD,single_name,2026-04-29,2027-06-17,430,414,0.6011854224604471,0.7209387798037279,0.6473975333903252,0.647614667318335,0.07354,20,0.760484200561803,0.53686,0.11287,84
AMD,single_name,2026-04-29,2027-06-17,430,414,0.6011854224604471,0.7209387798037279,0.6473975333903252,0.647614667318335,0.07354,40,0.767849593786249,0.54721,0.12023,84
AMD,single_name,2026-04-30,2027-06-17,450,413,0.6072638520847979,0.7252418583972274,0.6558025643414828,0.656024662742116,0.06944,20,0.751270246109428,0.45589,0.09525,85
AMD,single_name,2026-04-30,2027-06-17,450,413,0.6072638520847979,0.7252418583972274,0.6558025643414828,0.656024662742116,0.06944,40,0.765245338874599,0.52188,0.10922,85
AMD,single_name,2026-05-01,2027-06-17,460,412,0.6073358954705642,0.5987607603458717,0.6575123721228068,0.65751435861039,-0.05018,20,0.757859838679092,0.41491,0.10035,86
AMD,single_name,2026-05-01,2027-06-17,460,412,0.6073358954705642,0.5987607603458717,0.6575123721228068,0.65751435861039,-0.05018,40,0.792571215599447,0.61122,0.13506,86
AMD,single_name,2026-05-04,2027-06-17,430,409,0.6688183507649537,0.6047456409766099,0.6436977788461076,0.643890833515394,0.02512,20,0.764501355916593,0.52702,0.12061,87
AMD,single_name,2026-05-04,2027-06-17,430,409,0.6688183507649537,0.6047456409766099,0.6436977788461076,0.643890833515394,0.02512,40,0.774683563885863,0.58365,0.13079,87
AMD,single_name,2026-05-05,2027-06-17,450,408,0.6687959743069585,0.5903173802440169,0.6553604989109135,0.655623028365961,0.01344,20,0.772361024935443,0.50632,0.11674,88
AMD,single_name,2026-05-05,2027-06-17,450,408,0.6687959743069585,0.5903173802440169,0.6553604989109135,0.655623028365961,0.01344,40,0.777511561233751,0.45758,0.12189,88
AMD,single_name,2026-05-06,2027-06-17,540,407,0.8470833122888529,0.6752545025190642,0.662081031724027,0.661815503432722,0.185,20,0.756567087250295,0.24161,0.09475,89
AMD,single_name,2026-05-07,2027-06-17,520,406,0.8741005097688921,0.67928709834494,0.6635418331025813,0.663597508772329,0.21056,20,0.752854252132374,0.1418,0.08926,90
AMD,single_name,2026-05-08,2027-06-17,590,405,0.9202127321532813,0.7076131140120417,0.6852763424664622,0.685250847668355,0.23494,20,0.757593405724441,0.0772,0.07234,91
AMD,single_name,2026-05-11,2027-06-17,600,402,0.9200105725200026,0.7002864722234784,0.699025751966759,0.699040849957351,0.22098,20,0.75054764052621,0.0628,0.05151,92
AMD,single_name,2026-05-12,2027-06-17,580,401,0.9397773547962376,0.7041581626572215,0.6943220147536958,0.694444089217821,0.24546,20,0.754584457133941,0.00917,0.06014,93
AMD,single_name,2026-05-13,2027-06-17,580,400,0.9461320756603792,0.7018428552095337,0.6979527140514098,0.697966410733895,0.24818,20,0.756612878984001,0.04878,0.05865,94
AMD,single_name,2026-05-14,2027-06-17,590,399,0.9306948822143964,0.6995038806151958,0.6979680395514001,0.697881206362448,0.23273,20,0.764087748502332,0.13758,0.06621,95
AMD,single_name,2026-05-15,2027-06-17,550,398,0.9731657368167561,0.714902767248956,0.6901573791479226,0.690166920847217,0.28301,20,0.78231668428028,0.2904,0.09215,96
AMD,single_name,2026-05-18,2027-06-17,550,395,0.9710148916192859,0.7136695992877912,0.6899827932008906,0.689716679768164,0.28103,20,0.770589997442004,0.20499,0.08087,97
AMD,single_name,2026-05-19,2027-06-17,540,394,0.978806557060622,0.7134434822135823,0.69162560584133,0.691205605814578,0.28718,20,0.775874291980831,0.23772,0.08467,98
AMD,single_name,2026-05-20,2027-06-17,580,393,0.9881654501111293,0.7108974426143548,0.7049726174397914,0.704760803899254,0.28319,20,0.772446896503825,0.20061,0.06769,99
AMD,single_name,2026-05-21,2027-06-17,590,392,0.9884795245291907,0.7089769784924783,0.6991754347309402,0.6993631902216,0.2893,20,0.772284861324412,0.22696,0.07292,100
AMD,single_name,2026-05-22,2027-06-17,620,391,0.9019851714529372,0.7040681793866815,0.7213592373706971,0.721399815545716,0.18063,20,0.766845574777245,0.11195,0.04545,101
AMD,single_name,2026-05-26,2027-06-17,680,387,0.9028627179476784,0.7119934974049412,0.7472945832224078,0.747411736920609,0.15557,20,0.764969036425637,0.03146,0.01756,102
AMD,single_name,2026-05-27,2027-06-17,660,386,0.8904372009875013,0.7134412620490028,0.7390651239353423,0.739072470065361,0.15137,20,0.759106363666476,0.07473,0.02003,103
AMD,single_name,2026-05-28,2027-06-17,690,385,0.8912169220905996,0.7066915823909564,0.7446472190606624,0.744451536442325,0.14657,20,0.749639286657475,0.00674,0.00519,104
AMD,single_name,2026-05-29,2027-06-17,690,384,0.8887350599323133,0.7029384207827011,0.7402039940863111,0.74020192593196,0.14853,20,0.748612014626242,0.04532,0.00841,105
AMD,single_name,2026-06-01,2027-06-17,680,381,0.8952840530752247,0.7026976804717258,0.7483358759132834,0.748621049990367,0.14695,20,0.765522093426307,0.13875,0.0169,106
AMD,single_name,2026-06-02,2027-06-17,700,380,0.8545118480226365,0.694552360274295,0.7516353359388306,0.751655686880106,0.10288,20,0.750288114908197,0.03708,-0.00137,107
AMD,single_name,2026-06-03,2027-06-17,730,379,0.8520217405672382,0.6909366080413785,0.7614036762300604,0.761306818441267,0.09062,20,0.762350818303569,-0.03236,0.00104,108
GOOGL,single_name,2025-12-26,2027-01-15,340,385,0.23223159522192255,0.30466660893565245,0.3893067581721971,0.389141672364584,-0.08464,20,0.399184993438982,0.06711,0.01004,0
GOOGL,single_name,2025-12-26,2027-01-15,340,385,0.23223159522192255,0.30466660893565245,0.3893067581721971,0.389141672364584,-0.08464,40,0.385130540003349,-0.00195,-0.00401,0
GOOGL,single_name,2025-12-29,2027-01-15,340,382,0.23218465881814648,0.3047696215046931,0.3858915602852799,0.385541447010077,-0.08112,20,0.399366495752513,0.0716,0.01383,1
GOOGL,single_name,2025-12-29,2027-01-15,340,382,0.23218465881814648,0.3047696215046931,0.3858915602852799,0.385541447010077,-0.08112,40,0.3856450943856,-0.01971,0.0001,1
GOOGL,single_name,2025-12-30,2027-01-15,340,381,0.2247710230980795,0.30462995081698374,0.3848021397429933,0.384516460571844,-0.08017,20,0.403175349105194,0.07774,0.01866,2
GOOGL,single_name,2025-12-30,2027-01-15,340,381,0.2247710230980795,0.30462995081698374,0.3848021397429933,0.384516460571844,-0.08017,40,0.390371720461013,-0.00666,0.00586,2
GOOGL,single_name,2025-12-31,2027-01-15,340,380,0.22463517074591838,0.30300517132328475,0.3865091106468865,0.38587079158903,-0.0835,20,0.401365256714655,0.07987,0.01549,3
GOOGL,single_name,2025-12-31,2027-01-15,340,380,0.22463517074591838,0.30300517132328475,0.3865091106468865,0.38587079158903,-0.0835,40,0.390250290394137,-0.0207,0.00438,3
GOOGL,single_name,2026-01-02,2027-01-15,340,378,0.22155362604726792,0.2993941296175113,0.3880254979276647,0.388305166082383,-0.08863,20,0.407856833304377,0.09056,0.01955,4
GOOGL,single_name,2026-01-02,2027-01-15,340,378,0.22155362604726792,0.2993941296175113,0.3880254979276647,0.388305166082383,-0.08863,40,0.387302874566666,-0.03671,-0.001,4
GOOGL,single_name,2026-01-05,2027-01-15,340,375,0.221222760261775,0.2988326584620824,0.3860038978325145,0.386792005435239,-0.08717,20,0.411221953677843,0.0732,0.02443,5
GOOGL,single_name,2026-01-05,2027-01-15,340,375,0.221222760261775,0.2988326584620824,0.3860038978325145,0.386792005435239,-0.08717,40,0.383666748175474,-0.04236,-0.00313,5
GOOGL,single_name,2026-01-06,2027-01-15,340,374,0.2180490624516239,0.29766690263707324,0.38378073223466475,0.383347340947305,-0.08611,20,0.409333426705246,0.05949,0.02599,6
GOOGL,single_name,2026-01-06,2027-01-15,340,374,0.2180490624516239,0.29766690263707324,0.38378073223466475,0.383347340947305,-0.08611,40,0.385014956031489,-0.04282,0.00167,6
GOOGL,single_name,2026-01-07,2027-01-15,350,373,0.21808411002996322,0.29564831377075373,0.38927441469695473,0.388529771204105,-0.09363,20,0.396753272389374,0.02879,0.00822,7
GOOGL,single_name,2026-01-07,2027-01-15,350,373,0.21808411002996322,0.29564831377075373,0.38927441469695473,0.388529771204105,-0.09363,40,0.383809098614203,-0.07286,-0.00472,7
GOOGL,single_name,2026-01-08,2027-01-15,350,372,0.21810430687240512,0.29074298011040733,0.39086819165272607,0.391488240053718,-0.10013,20,0.385208010550811,-0.00793,-0.00628,8
GOOGL,single_name,2026-01-08,2027-01-15,350,372,0.21810430687240512,0.29074298011040733,0.39086819165272607,0.391488240053718,-0.10013,40,0.38114899315147,-0.05863,-0.01034,8
GOOGL,single_name,2026-01-09,2027-01-15,355,371,0.21797595121496097,0.29090668023870875,0.38992428683894775,0.38992353877429,-0.09902,20,0.384739545737575,-0.01293,-0.00518,9
GOOGL,single_name,2026-01-09,2027-01-15,355,371,0.21797595121496097,0.29090668023870875,0.38992428683894775,0.38992353877429,-0.09902,40,0.378341052176521,-0.06553,-0.01158,9
GOOGL,single_name,2026-01-12,2027-01-15,360,368,0.19705983968827226,0.2887922320062895,0.39187339261859966,0.391439202252689,-0.10308,20,0.377976989851408,-0.04002,-0.01346,10
GOOGL,single_name,2026-01-12,2027-01-15,360,368,0.19705983968827226,0.2887922320062895,0.39187339261859966,0.391439202252689,-0.10308,40,0.373443436936654,-0.06979,-0.018,10
GOOGL,single_name,2026-01-13,2027-01-15,365,367,0.19329370008688962,0.2891477013119672,0.3966181425680437,0.39619035244544,-0.10747,20,0.372016576389054,-0.07444,-0.02417,11
GOOGL,single_name,2026-01-13,2027-01-15,365,367,0.19329370008688962,0.2891477013119672,0.3966181425680437,0.39619035244544,-0.10747,40,0.375582491412312,-0.0965,-0.02061,11
GOOGL,single_name,2026-01-14,2027-01-15,365,366,0.191992242997398,0.28929659244046635,0.3975051018531202,0.397197557940922,-0.10821,20,0.374101545856272,-0.07992,-0.0231,12
GOOGL,single_name,2026-01-14,2027-01-15,365,366,0.191992242997398,0.28929659244046635,0.3975051018531202,0.397197557940922,-0.10821,40,0.374867511470635,-0.09993,-0.02233,12
GOOGL,single_name,2026-01-15,2027-01-15,360,365,0.1949653370521661,0.2901750076660322,0.39761454797220525,0.397611344537508,-0.10744,20,0.373128123173701,-0.08131,-0.02448,13
GOOGL,single_name,2026-01-15,2027-01-15,360,365,0.1949653370521661,0.2901750076660322,0.39761454797220525,0.397611344537508,-0.10744,40,0.367940741466733,-0.0818,-0.02967,13
GOOGL,single_name,2026-01-16,2027-06-17,370,517,0.147542396876645,0.28537762866256644,0.40409766441466705,0.404180295445969,-0.11872,20,0.389568352473924,-0.08479,-0.01461,14
GOOGL,single_name,2026-01-16,2027-06-17,370,517,0.147542396876645,0.28537762866256644,0.40409766441466705,0.404180295445969,-0.11872,40,0.38474956262018,-0.05782,-0.01943,14
GOOGL,single_name,2026-01-20,2027-06-17,360,513,0.17257669085296673,0.2915554055417624,0.40545347924546854,0.405883946551525,-0.1139,20,0.388665471465256,-0.05798,-0.01722,15
GOOGL,single_name,2026-01-20,2027-06-17,360,513,0.17257669085296673,0.2915554055417624,0.40545347924546854,0.405883946551525,-0.1139,40,0.391182947713106,-0.04444,-0.0147,15
GOOGL,single_name,2026-01-21,2027-06-17,370,512,0.17712777849932,0.29327461314822056,0.40333207563595275,0.402853050006922,-0.11006,20,0.387737909783626,-0.07775,-0.01512,16
GOOGL,single_name,2026-01-21,2027-06-17,370,512,0.17712777849932,0.29327461314822056,0.40333207563595275,0.402853050006922,-0.11006,40,0.386961848029277,-0.06471,-0.01589,16
GOOGL,single_name,2026-01-22,2027-03-19,360,421,0.1765126050784574,0.28960830151999317,0.3956826459240877,0.396147478049174,-0.10607,20,0.388700110546187,-0.04707,-0.00745,17
GOOGL,single_name,2026-01-22,2027-03-19,360,421,0.1765126050784574,0.28960830151999317,0.3956826459240877,0.396147478049174,-0.10607,40,0.380472813344289,-0.08937,-0.01567,17
GOOGL,single_name,2026-01-23,2027-03-19,360,420,0.17535615478317654,0.28311515456799685,0.39668715771719587,0.396590687257887,-0.11357,20,0.396337675688524,-0.05013,-0.00025,18
GOOGL,single_name,2026-01-23,2027-03-19,360,420,0.17535615478317654,0.28311515456799685,0.39668715771719587,0.396590687257887,-0.11357,40,0.37560010168209,-0.07889,-0.02099,18
GOOGL,single_name,2026-01-26,2027-03-19,365,417,0.18178846198773885,0.2835394389224029,0.40089181448198546,0.400945871063894,-0.11735,20,0.39133202925673,-0.06709,-0.00961,19
GOOGL,single_name,2026-01-26,2027-03-19,365,417,0.18178846198773885,0.2835394389224029,0.40089181448198546,0.400945871063894,-0.11735,40,0.373143363304203,-0.12849,-0.0278,19
GOOGL,single_name,2026-01-27,2027-03-19,365,416,0.1809123083510587,0.27962568434947344,0.3952804678902116,0.395483142441736,-0.11565,20,0.38711611583635,-0.06471,-0.00837,20
GOOGL,single_name,2026-01-27,2027-03-19,365,416,0.1809123083510587,0.27962568434947344,0.3952804678902116,0.395483142441736,-0.11565,40,0.370029941088937,-0.13038,-0.02545,20
GOOGL,single_name,2026-01-28,2027-03-19,365,415,0.18057503517912418,0.27600657695853964,0.3935489636735932,0.394338248534816,-0.11754,20,0.386763694155739,-0.08521,-0.00757,21
GOOGL,single_name,2026-01-28,2027-03-19,365,415,0.18057503517912418,0.27600657695853964,0.3935489636735932,0.394338248534816,-0.11754,40,0.373291800972302,-0.16395,-0.02105,21
GOOGL,single_name,2026-01-29,2027-03-19,370,414,0.18065227256445393,0.2759818103701536,0.3969813075804127,0.396900958537127,-0.121,20,0.387974552997082,-0.07831,-0.00893,22
GOOGL,single_name,2026-01-29,2027-03-19,370,414,0.18065227256445393,0.2759818103701536,0.3969813075804127,0.396900958537127,-0.121,40,0.369844757762489,-0.18894,-0.02706,22
GOOGL,single_name,2026-01-30,2027-03-19,370,413,0.1798512818160282,0.2758151104002704,0.3959316739677835,0.395769521988106,-0.12012,20,0.3907233918779,-0.09314,-0.00505,23
GOOGL,single_name,2026-01-30,2027-03-19,370,413,0.1798512818160282,0.2758151104002704,0.3959316739677835,0.395769521988106,-0.12012,40,0.366855364274769,-0.19083,-0.02891,23
GOOGL,single_name,2026-02-02,2027-03-19,375,410,0.1853463476171192,0.2722519619203675,0.3994688582466127,0.399789666822484,-0.12722,20,0.387311140079925,-0.1167,-0.01248,24
GOOGL,single_name,2026-02-02,2027-03-19,375,410,0.1853463476171192,0.2722519619203675,0.3994688582466127,0.399789666822484,-0.12722,40,0.358969424090463,-0.16332,-0.04082,24
GOOGL,single_name,2026-02-03,2027-03-19,370,409,0.1938305611561176,0.27058617236672755,0.4049352003018326,0.40573160659773,-0.13435,20,0.384980793336409,-0.10768,-0.02075,25
GOOGL,single_name,2026-02-03,2027-03-19,370,409,0.1938305611561176,0.27058617236672755,0.4049352003018326,0.40573160659773,-0.13435,40,0.367702880798555,-0.12458,-0.03803,25
GOOGL,single_name,2026-02-04,2027-03-19,365,408,0.20793103807403654,0.2745823076760403,0.40697206818396053,0.407178339124809,-0.13239,20,0.387332344999406,-0.09656,-0.01985,26
GOOGL,single_name,2026-02-04,2027-03-19,365,408,0.20793103807403654,0.2745823076760403,0.40697206818396053,0.407178339124809,-0.13239,40,0.370529533895316,-0.11191,-0.03665,26
GOOGL,single_name,2026-02-05,2027-03-19,360,407,0.19404163121282741,0.27068152342041996,0.40039290620991197,0.40116204216116,-0.12971,20,0.388686379870785,-0.09881,-0.01248,27
GOOGL,single_name,2026-02-05,2027-03-19,360,407,0.19404163121282741,0.27068152342041996,0.40039290620991197,0.40116204216116,-0.12971,40,0.374233543124889,-0.09437,-0.02693,27
GOOGL,single_name,2026-02-06,2027-03-19,350,406,0.2129750614460417,0.2658410992467995,0.39300832685901593,0.393862232183636,-0.12717,20,0.390357602377013,-0.05111,-0.0035,28
GOOGL,single_name,2026-02-06,2027-03-19,350,406,0.2129750614460417,0.2658410992467995,0.39300832685901593,0.393862232183636,-0.12717,40,0.382154426858064,-0.05389,-0.01171,28
GOOGL,single_name,2026-02-09,2027-03-19,355,403,0.21057735663502167,0.26585542695081427,0.3947408682058172,0.394262842323865,-0.12889,20,0.387954846796968,-0.05328,-0.00631,29
GOOGL,single_name,2026-02-09,2027-03-19,355,403,0.21057735663502167,0.26585542695081427,0.3947408682058172,0.394262842323865,-0.12889,40,0.38350697176701,-0.02158,-0.01076,29
GOOGL,single_name,2026-02-10,2027-03-19,345,402,0.21508569556868562,0.2664364706720308,0.3913088993676421,0.391872673721212,-0.12487,20,0.387511826087762,-0.03101,-0.00436,30
GOOGL,single_name,2026-02-10,2027-03-19,345,402,0.21508569556868562,0.2664364706720308,0.3913088993676421,0.391872673721212,-0.12487,40,0.38794089650708,-0.00028,-0.00393,30
GOOGL,single_name,2026-02-11,2027-03-19,340,401,0.22172835887271197,0.2643447116151132,0.389102635262985,0.388465802814097,-0.12476,20,0.393806120375118,-0.02383,0.00534,31
GOOGL,single_name,2026-02-11,2027-03-19,340,401,0.22172835887271197,0.2643447116151132,0.389102635262985,0.388465802814097,-0.12476,40,0.385052625686795,0.0202,-0.00341,31
GOOGL,single_name,2026-02-12,2027-03-19,335,400,0.2214934354395362,0.2641345424494187,0.39184635141987156,0.392222738997752,-0.12771,20,0.393272835125682,-0.02175,0.00105,32
GOOGL,single_name,2026-02-12,2027-03-19,335,400,0.2214934354395362,0.2641345424494187,0.39184635141987156,0.392222738997752,-0.12771,40,0.388667078405312,0.03984,-0.00356,32
GOOGL,single_name,2026-02-13,2027-03-19,330,399,0.22201197225176528,0.25839720175661934,0.3902264726437292,0.390951954095421,-0.13183,20,0.388435563442341,-0.00052,-0.00252,33
GOOGL,single_name,2026-02-13,2027-03-19,330,399,0.22201197225176528,0.25839720175661934,0.3902264726437292,0.390951954095421,-0.13183,40,0.394726418773914,0.08894,0.00377,33
GOOGL,single_name,2026-02-17,2027-03-19,330,395,0.223353608130534,0.2597355947240718,0.3897800112900362,0.389110743434951,-0.13004,20,0.38723587898527,0.02947,-0.00187,34
GOOGL,single_name,2026-02-17,2027-03-19,330,395,0.223353608130534,0.2597355947240718,0.3897800112900362,0.389110743434951,-0.13004,40,0.397681185697452,0.11622,0.00857,34
GOOGL,single_name,2026-02-18,2027-03-19,330,394,0.21210157963278298,0.2529457121581371,0.38798424187392055,0.387577151767581,-0.13504,20,0.391852834686942,0.01437,0.00428,35
GOOGL,single_name,2026-02-18,2027-03-19,330,394,0.21210157963278298,0.2529457121581371,0.38798424187392055,0.387577151767581,-0.13504,40,0.397262458302164,0.10777,0.00969,35
GOOGL,single_name,2026-02-19,2027-03-19,330,393,0.19477391398634594,0.2517264602781283,0.3900585030825415,0.389586700345314,-0.13833,20,0.390114313643865,0.01413,0.00053,36
GOOGL,single_name,2026-02-19,2027-03-19,330,393,0.19477391398634594,0.2517264602781283,0.3900585030825415,0.389586700345314,-0.13833,40,0.393672026308626,0.12822,0.00409,36
GOOGL,single_name,2026-02-20,2027-03-19,340,392,0.24621924523635993,0.25453776248531174,0.3932455360353031,0.394088860713528,-0.13871,20,0.386886712890616,-0.04438,-0.0072,37
GOOGL,single_name,2026-02-20,2027-03-19,340,392,0.24621924523635993,0.25453776248531174,0.3932455360353031,0.394088860713528,-0.13871,40,0.391128105406859,0.07124,-0.00296,37
GOOGL,single_name,2026-02-23,2027-03-19,340,389,0.24743581504147463,0.22237359265455228,0.4017152814534613,0.401271473324309,-0.15428,20,0.382621992350717,-0.03027,-0.01865,38
GOOGL,single_name,2026-02-23,2027-03-19,340,389,0.24743581504147463,0.22237359265455228,0.4017152814534613,0.401271473324309,-0.15428,40,0.38657261454755,0.06678,-0.0147,38
GOOGL,single_name,2026-02-24,2027-03-19,340,388,0.23744471240579143,0.22002517850977862,0.3985096083476032,0.397939231053941,-0.16106,20,0.381155112622775,-0.06581,-0.01678,39
GOOGL,single_name,2026-02-24,2027-03-19,340,388,0.23744471240579143,0.22002517850977862,0.3985096083476032,0.397939231053941,-0.16106,40,0.39129616898871,0.09141,-0.00664,39
GOOGL,single_name,2026-02-25,2027-03-19,340,387,0.23865848447498997,0.21945376806092776,0.39360696985604343,0.393484121843605,-0.15495,20,0.37745499475101,-0.07021,-0.01603,40
GOOGL,single_name,2026-02-25,2027-03-19,340,387,0.23865848447498997,0.21945376806092776,0.39360696985604343,0.393484121843605,-0.15495,40,0.389735298124304,0.08306,-0.00375,40
GOOGL,single_name,2026-02-26,2027-03-19,335,386,0.2421093026472543,0.2223234410402337,0.3954436548792503,0.395047099404434,-0.15333,20,0.382800428965434,-0.08608,-0.01225,41
GOOGL,single_name,2026-02-26,2027-03-19,335,386,0.2421093026472543,0.2223234410402337,0.3954436548792503,0.395047099404434,-0.15333,40,0.396617890986601,0.12044,0.00157,41
GOOGL,single_name,2026-02-27,2027-03-19,340,385,0.24806372689860745,0.2218302660921894,0.3965162403859459,0.395931842864608,-0.14845,20,0.376650227597728,-0.12003,-0.01928,42
GOOGL,single_name,2026-02-27,2027-03-19,340,385,0.24806372689860745,0.2218302660921894,0.3965162403859459,0.395931842864608,-0.14845,40,0.403329071493841,0.12375,0.0074,42
GOOGL,single_name,2026-03-02,2027-03-19,335,382,0.2518163005842885,0.22437284532116564,0.4004938870022881,0.399822470358374,-0.14868,20,0.374984485791101,-0.10773,-0.02484,43
GOOGL,single_name,2026-03-02,2027-03-19,335,382,0.2518163005842885,0.22437284532116564,0.4004938870022881,0.399822470358374,-0.14868,40,0.401200422227105,0.14113,0.00138,43
GOOGL,single_name,2026-03-03,2027-03-19,330,381,0.23889935148284594,0.22360007063364554,0.39874364381839805,0.398696626309435,-0.15984,20,0.374123262511588,-0.05277,-0.02457,44
GOOGL,single_name,2026-03-03,2027-03-19,330,381,0.23889935148284594,0.22360007063364554,0.39874364381839805,0.398696626309435,-0.15984,40,0.40338121250717,0.15271,0.00468,44
GOOGL,single_name,2026-03-04,2027-03-19,330,380,0.23855207745677404,0.2233162538345048,0.3961873036591869,0.395846517490157,-0.15764,20,0.382751769670426,-0.01894,-0.01309,45
GOOGL,single_name,2026-03-04,2027-03-19,330,380,0.23855207745677404,0.2233162538345048,0.3961873036591869,0.395846517490157,-0.15764,40,0.419155880518745,0.26942,0.02331,45
GOOGL,single_name,2026-03-05,2027-03-19,325,379,0.23280245108402545,0.22225826082610764,0.39851071699262347,0.39917119711745,-0.16571,20,0.386335799003416,-0.01698,-0.01284,46
GOOGL,single_name,2026-03-05,2027-03-19,325,379,0.23280245108402545,0.22225826082610764,0.39851071699262347,0.39917119711745,-0.16571,40,0.430709088880473,0.28187,0.03154,46
GOOGL,single_name,2026-03-06,2027-03-19,325,378,0.2330136455922907,0.2176661548835225,0.4001876340871656,0.399905404348188,-0.16717,20,0.388234327346018,0.00492,-0.01167,47
GOOGL,single_name,2026-03-06,2027-03-19,325,378,0.2330136455922907,0.2176661548835225,0.4001876340871656,0.399905404348188,-0.16717,40,0.425595516515067,0.28383,0.02569,47
GOOGL,single_name,2026-03-09,2027-03-19,330,375,0.24460677396537592,0.22328377236260477,0.39681913357569926,0.397620731311468,-0.15221,20,0.388773444078189,-0.00294,-0.00885,48
GOOGL,single_name,2026-03-09,2027-03-19,330,375,0.24460677396537592,0.22328377236260477,0.39681913357569926,0.397620731311468,-0.15221,40,0.429358411095625,0.26789,0.03174,48
GOOGL,single_name,2026-03-10,2027-06-17,340,464,0.2438534846900855,0.22231318515061244,0.4030282643241197,0.403172913582183,-0.15917,20,0.39997191746789,0.03348,-0.0032,49
GOOGL,single_name,2026-03-10,2027-06-17,340,464,0.2438534846900855,0.22231318515061244,0.4030282643241197,0.403172913582183,-0.15917,40,0.43631487486131,0.29638,0.03314,49
GOOGL,single_name,2026-03-11,2027-06-17,340,463,0.23864347547948347,0.21697601447459441,0.3996900619435389,0.400233029223477,-0.16105,20,0.400380946306302,0.03171,0.00015,50
GOOGL,single_name,2026-03-11,2027-06-17,340,463,0.23864347547948347,0.21697601447459441,0.3996900619435389,0.400233029223477,-0.16105,40,0.435911516145575,0.28925,0.03568,50
GOOGL,single_name,2026-03-12,2027-06-17,335,462,0.23065910593462505,0.21871663794262322,0.4056242566212798,0.406298505873605,-0.17497,20,0.396853946095189,0.0451,-0.00944,51
GOOGL,single_name,2026-03-12,2027-06-17,335,462,0.23065910593462505,0.21871663794262322,0.4056242566212798,0.406298505873605,-0.17497,40,0.441333095520652,0.32038,0.03503,51
GOOGL,single_name,2026-03-13,2027-06-17,335,461,0.2301556698327306,0.2187664800973323,0.40360625228746083,0.40360115877808,-0.17345,20,0.399380338399031,0.06295,-0.00422,52
GOOGL,single_name,2026-03-13,2027-06-17,335,461,0.2301556698327306,0.2187664800973323,0.40360625228746083,0.40360115877808,-0.17345,40,0.438260575397863,0.2857,0.03466,52
GOOGL,single_name,2026-03-16,2027-06-17,335,458,0.23092518847086213,0.21968018855383822,0.3965054190340898,0.397450570901604,-0.16558,20,0.398758757908344,0.08951,0.00131,53
GOOGL,single_name,2026-03-16,2027-06-17,335,458,0.23092518847086213,0.21968018855383822,0.3965054190340898,0.397450570901604,-0.16558,40,0.433324581506224,0.26767,0.03587,53
GOOGL,single_name,2026-03-17,2027-06-17,345,457,0.23411859607357025,0.21175693149585317,0.3933580073717275,0.392552097538414,-0.15924,20,0.401787120074423,0.08427,0.00924,54
GOOGL,single_name,2026-03-17,2027-06-17,345,457,0.23411859607357025,0.21175693149585317,0.3933580073717275,0.392552097538414,-0.15924,40,0.438104684603114,0.29493,0.04555,54
GOOGL,single_name,2026-03-18,2027-06-17,340,456,0.23755786502435636,0.20945985302869746,0.3978931432827703,0.397722427088088,-0.16034,20,0.40483194867775,0.09207,0.00711,55
GOOGL,single_name,2026-03-18,2027-06-17,340,456,0.23755786502435636,0.20945985302869746,0.3978931432827703,0.397722427088088,-0.16034,40,0.44488982627993,0.30349,0.04717,55
GOOGL,single_name,2026-03-19,2027-06-17,340,455,0.23758988838635067,0.20710618404803927,0.3969925650615758,0.396446957159241,-0.1594,20,0.400715883340838,0.11249,0.00427,56
GOOGL,single_name,2026-03-19,2027-06-17,340,455,0.23758988838635067,0.20710618404803927,0.3969925650615758,0.396446957159241,-0.1594,40,0.441752417715191,0.2919,0.04531,56
GOOGL,single_name,2026-03-20,2027-06-17,335,454,0.20037106104511704,0.21038550614870496,0.40217045955728237,0.401219037087839,-0.19178,20,0.403616325654512,0.121,0.0024,57
GOOGL,single_name,2026-03-20,2027-06-17,335,454,0.20037106104511704,0.21038550614870496,0.40217045955728237,0.401219037087839,-0.19178,40,0.446918578522988,0.31874,0.0457,57
GOOGL,single_name,2026-03-23,2027-06-17,335,451,0.19850956262069241,0.20819329271467094,0.3969556878823514,0.396121041214914,-0.18876,20,0.402756215135395,0.10008,0.00664,58
GOOGL,single_name,2026-03-23,2027-06-17,335,451,0.19850956262069241,0.20819329271467094,0.3969556878823514,0.396121041214914,-0.18876,40,0.438817760469256,0.28339,0.0427,58
GOOGL,single_name,2026-03-24,2027-06-17,320,450,0.2394210684522972,0.22269122270046196,0.40006775510348835,0.400273377750005,-0.16065,20,0.408858436956863,0.1683,0.00859,59
GOOGL,single_name,2026-03-24,2027-06-17,320,450,0.2394210684522972,0.22269122270046196,0.40006775510348835,0.400273377750005,-0.16065,40,0.44470622634864,0.33904,0.04443,59
GOOGL,single_name,2026-03-25,2027-06-17,320,449,0.23743041893869363,0.22277213489718922,0.3976683676213017,0.397875743701165,-0.16024,20,0.413564036509497,0.16485,0.01569,60
GOOGL,single_name,2026-03-25,2027-06-17,320,449,0.23743041893869363,0.22277213489718922,0.3976683676213017,0.397875743701165,-0.16024,40,0.441962383269539,0.33249,0.04409,60
GOOGL,single_name,2026-03-26,2027-06-17,310,448,0.25801554260566895,0.23324013628490328,0.40384571119858026,0.404056398984258,-0.14583,20,0.415681665896579,0.22597,0.01163,61
GOOGL,single_name,2026-03-26,2027-06-17,310,448,0.25801554260566895,0.23324013628490328,0.40384571119858026,0.404056398984258,-0.14583,40,0.446472411546199,0.36327,0.04242,61
GOOGL,single_name,2026-03-27,2027-06-17,305,447,0.2567074559464168,0.23741983475245892,0.40231313128758944,0.4016207042511,-0.14561,20,0.43108392168946,0.27703,0.02946,62
GOOGL,single_name,2026-03-27,2027-06-17,305,447,0.2567074559464168,0.23741983475245892,0.40231313128758944,0.4016207042511,-0.14561,40,0.454046742093192,0.41751,0.05243,62
GOOGL,single_name,2026-03-30,2027-06-17,300,444,0.253849117147084,0.23742394238057313,0.3976999355474125,0.398176918848669,-0.14385,20,0.426851790640851,0.2789,0.02867,63
GOOGL,single_name,2026-03-30,2027-06-17,300,444,0.253849117147084,0.23742394238057313,0.3976999355474125,0.398176918848669,-0.14385,40,0.458852824986892,0.42168,0.06068,63
GOOGL,single_name,2026-03-31,2027-06-17,315,443,0.3212542549867643,0.2600028173672338,0.38811609347260295,0.388133507735541,-0.06686,20,0.421711097852614,0.21693,0.03358,64
GOOGL,single_name,2026-03-31,2027-06-17,315,443,0.3212542549867643,0.2600028173672338,0.38811609347260295,0.388133507735541,-0.06686,40,0.446562040891154,0.35669,0.05843,64
GOOGL,single_name,2026-04-01,2027-06-17,325,442,0.34621798848047447,0.26956395294278773,0.3942742374902796,0.395008172430215,-0.04806,20,0.421676589568406,0.29392,0.02667,65
GOOGL,single_name,2026-04-01,2027-06-17,325,442,0.34621798848047447,0.26956395294278773,0.3942742374902796,0.395008172430215,-0.04806,40,0.435410490784447,0.27893,0.0404,65
GOOGL,single_name,2026-04-02,2027-06-17,325,441,0.345795056620731,0.26943955432825756,0.39377355030615335,0.393715462736639,-0.04798,20,0.435262634041634,0.30402,0.04155,66
GOOGL,single_name,2026-04-02,2027-06-17,325,441,0.345795056620731,0.26943955432825756,0.39377355030615335,0.393715462736639,-0.04798,40,0.434171933129423,0.27251,0.04046,66
GOOGL,single_name,2026-04-06,2027-06-17,330,437,0.3487009290840191,0.2662696455564844,0.39513469878561264,0.394857693281594,-0.04643,20,0.43361382285571,0.27754,0.03876,67
GOOGL,single_name,2026-04-06,2027-06-17,330,437,0.3487009290840191,0.2662696455564844,0.39513469878561264,0.394857693281594,-0.04643,40,0.430031743971044,0.20621,0.03517,67
GOOGL,single_name,2026-04-07,2027-06-17,335,436,0.34208140173150403,0.26809813801309534,0.3929791488296429,0.392968152585209,-0.0509,20,0.428344532579857,0.27162,0.03538,68
GOOGL,single_name,2026-04-07,2027-06-17,335,436,0.34208140173150403,0.26809813801309534,0.3929791488296429,0.392968152585209,-0.0509,40,0.426127840435504,0.18441,0.03316,68
GOOGL,single_name,2026-04-08,2027-06-17,350,435,0.36808386164978874,0.2790736710713717,0.39697251647100323,0.396348094638051,-0.02889,20,0.427720138793458,0.25438,0.03137,69
GOOGL,single_name,2026-04-08,2027-06-17,350,435,0.36808386164978874,0.2790736710713717,0.39697251647100323,0.396348094638051,-0.02889,40,0.424661202585243,0.17292,0.02831,69
GOOGL,single_name,2026-04-09,2027-06-17,350,434,0.3679029770012989,0.27835589480512557,0.39663756009356493,0.396546756112388,-0.02873,20,0.430941880053969,0.24962,0.0344,70
GOOGL,single_name,2026-04-09,2027-06-17,350,434,0.3679029770012989,0.27835589480512557,0.39663756009356493,0.396546756112388,-0.02873,40,0.424349687323468,0.15712,0.0278,70
GOOGL,single_name,2026-04-10,2027-06-17,345,433,0.36215988485478345,0.2771048395288381,0.3910586315505501,0.392250431542365,-0.0289,20,0.43315803557834,0.2634,0.04091,71
GOOGL,single_name,2026-04-10,2027-06-17,345,433,0.36215988485478345,0.2771048395288381,0.3910586315505501,0.392250431542365,-0.0289,40,0.426154940144327,0.14522,0.0339,71
GOOGL,single_name,2026-04-13,2027-06-17,350,430,0.3631811579518714,0.2785238559900041,0.39347103970407865,0.394199381646577,-0.03029,20,0.43144056792575,0.20955,0.03724,72
GOOGL,single_name,2026-04-13,2027-06-17,350,430,0.3631811579518714,0.2785238559900041,0.39347103970407865,0.394199381646577,-0.03029,40,0.430110166201865,0.14326,0.03591,72
GOOGL,single_name,2026-04-14,2027-06-17,365,429,0.3803114064113412,0.2876270603817551,0.3924595033790308,0.392222812420879,-0.01215,20,0.419721721283053,0.16353,0.0275,73
GOOGL,single_name,2026-04-14,2027-06-17,365,429,0.3803114064113412,0.2876270603817551,0.3924595033790308,0.392222812420879,-0.01215,40,0.421835560139693,0.0705,0.02961,73
GOOGL,single_name,2026-04-15,2027-06-17,370,428,0.37848850395697536,0.2882201205073708,0.39375110055221024,0.393582952828351,-0.01526,20,0.427769231069601,0.19429,0.03419,74
GOOGL,single_name,2026-04-15,2027-06-17,370,428,0.37848850395697536,0.2882201205073708,0.39375110055221024,0.393582952828351,-0.01526,40,0.424088401468808,0.0304,0.03051,74
GOOGL,single_name,2026-04-16,2027-06-17,370,427,0.3756924718181645,0.2836321651497083,0.39446800948472355,0.393901073858913,-0.01878,20,0.425850607478881,0.19359,0.03195,75
GOOGL,single_name,2026-04-16,2027-06-17,370,427,0.3756924718181645,0.2836321651497083,0.39446800948472355,0.393901073858913,-0.01878,40,0.423893535149107,0.07041,0.02999,75
GOOGL,single_name,2026-04-17,2027-06-17,375,426,0.3773722150263909,0.28286373051995056,0.390120629105307,0.389697982945679,-0.01275,20,0.426749339961738,0.16126,0.03705,76
GOOGL,single_name,2026-04-17,2027-06-17,375,426,0.3773722150263909,0.28286373051995056,0.390120629105307,0.389697982945679,-0.01275,40,0.417120015864088,0.08098,0.02742,76
GOOGL,single_name,2026-04-20,2027-06-17,370,423,0.3714720312457549,0.2838707705938599,0.3914344354529234,0.391294686584514,-0.01996,20,0.429055479410231,0.1764,0.03776,77
GOOGL,single_name,2026-04-20,2027-06-17,370,423,0.3714720312457549,0.2838707705938599,0.3914344354529234,0.391294686584514,-0.01996,40,0.421210737695745,0.10619,0.02992,77
GOOGL,single_name,2026-04-21,2027-06-17,365,422,0.3788914690986499,0.2851920190730916,0.39210427599282066,0.39098775321475,-0.01321,20,0.425128448552061,0.16663,0.03414,78
GOOGL,single_name,2026-04-21,2027-06-17,365,422,0.3788914690986499,0.2851920190730916,0.39210427599282066,0.39098775321475,-0.01321,40,0.426496258250688,0.0948,0.03551,78
GOOGL,single_name,2026-04-22,2027-06-17,370,421,0.344890962684912,0.28650578278266825,0.3917847185106332,0.391917750987972,-0.04689,20,0.420903388572362,0.14615,0.02899,79
GOOGL,single_name,2026-04-22,2027-06-17,370,421,0.344890962684912,0.28650578278266825,0.3917847185106332,0.391917750987972,-0.04689,40,0.424589565509589,0.08461,0.03267,79
GOOGL,single_name,2026-04-23,2027-06-17,370,420,0.34574122273206037,0.2864262067602956,0.3898114912238054,0.389812064000736,-0.04407,20,0.415706525550879,0.14391,0.02589,80
GOOGL,single_name,2026-04-23,2027-06-17,370,420,0.34574122273206037,0.2864262067602956,0.3898114912238054,0.389812064000736,-0.04407,40,0.423267821354128,0.03184,0.03346,80
GOOGL,single_name,2026-04-24,2027-06-17,375,419,0.3076412242567067,0.2881640561885462,0.3913952065025152,0.392014324077364,-0.08375,20,0.412407737153334,0.11199,0.02039,81
GOOGL,single_name,2026-04-24,2027-06-17,375,419,0.3076412242567067,0.2881640561885462,0.3913952065025152,0.392014324077364,-0.08375,40,0.410476088778712,0.00502,0.01846,81
GOOGL,single_name,2026-04-27,2027-06-17,385,416,0.28096497662122843,0.28992145822930504,0.39783486108003147,0.397265900568161,-0.10791,20,0.414137341717872,0.11001,0.01687,82
GOOGL,single_name,2026-04-27,2027-06-17,385,416,0.28096497662122843,0.28992145822930504,0.39783486108003147,0.397265900568161,-0.10791,40,0.409973325909859,-0.01441,0.01271,82
GOOGL,single_name,2026-04-28,2027-06-17,380,415,0.27995241687913947,0.28994360927580387,0.39391604659818114,0.394481161099392,-0.10397,20,0.417501771640104,0.11164,0.02302,83
GOOGL,single_name,2026-04-28,2027-06-17,380,415,0.27995241687913947,0.28994360927580387,0.39391604659818114,0.394481161099392,-0.10397,40,0.409566206144417,-0.01735,0.01509,83
GOOGL,single_name,2026-04-29,2027-06-17,380,414,0.24416488921530233,0.28799002529594114,0.3948317770323393,0.395155100809957,-0.10684,20,0.414240085315255,0.11485,0.01908,84
GOOGL,single_name,2026-04-29,2027-06-17,380,414,0.24416488921530233,0.28799002529594114,0.3948317770323393,0.395155100809957,-0.10684,40,0.408386277646039,-0.03586,0.01323,84
GOOGL,single_name,2026-04-30,2027-06-17,420,413,0.38179146668287073,0.3461109556666702,0.3935874951745043,0.393672829525133,-0.0118,20,0.402403467525131,-0.01159,0.00873,85
GOOGL,single_name,2026-04-30,2027-06-17,420,413,0.38179146668287073,0.3461109556666702,0.3935874951745043,0.393672829525133,-0.0118,40,0.407095646458113,-0.08095,0.01342,85
GOOGL,single_name,2026-05-01,2027-06-17,420,412,0.37781392116232143,0.34308648609351594,0.3966016427877785,0.397093658647776,-0.01879,20,0.406611798064824,-0.02416,0.00952,86
GOOGL,single_name,2026-05-01,2027-06-17,420,412,0.37781392116232143,0.34308648609351594,0.3966016427877785,0.397093658647776,-0.01879,40,0.402461363872305,-0.07343,0.00537,86
GOOGL,single_name,2026-05-04,2027-06-17,420,409,0.3841337717540817,0.3431854498831288,0.3973930381757277,0.397366661770653,-0.01326,20,0.404981905067066,-0.05584,0.00762,87
GOOGL,single_name,2026-05-04,2027-06-17,420,409,0.3841337717540817,0.3431854498831288,0.3973930381757277,0.397366661770653,-0.01326,40,0.406233025224821,-0.05751,0.00887,87
GOOGL,single_name,2026-05-05,2027-06-17,425,408,0.3835533716739585,0.33884357644398694,0.3946087010370611,0.393954947941464,-0.01106,20,0.403205031119277,-0.06858,0.00925,88
GOOGL,single_name,2026-05-05,2027-06-17,425,408,0.3835533716739585,0.33884357644398694,0.3946087010370611,0.393954947941464,-0.01106,40,0.402625519716364,-0.07342,0.00867,88
GOOGL,single_name,2026-05-06,2027-06-17,435,407,0.37418965027144535,0.34165233376187465,0.4005078889788633,0.400596223672895,-0.02632,20,0.406536064824181,-0.06494,0.00594,89
GOOGL,single_name,2026-05-07,2027-06-17,435,406,0.3754636045173143,0.33885832201122723,0.39767978823381467,0.397606875861463,-0.02222,20,0.408751712964226,-0.07402,0.01114,90
GOOGL,single_name,2026-05-08,2027-06-17,440,405,0.371622011667527,0.333876579579868,0.40350305728747454,0.403040978349633,-0.03188,20,0.407583231906963,-0.09354,0.00454,91
GOOGL,single_name,2026-05-11,2027-06-17,425,402,0.4009809344847458,0.3408799110461581,0.4033749312066857,0.403373451887702,-0.00239,20,0.410666642511406,-0.05481,0.00729,92
GOOGL,single_name,2026-05-12,2027-06-17,425,401,0.39120289266934993,0.33987675632426245,0.40314585969671746,0.402921000927522,-0.01194,20,0.409908097460456,-0.07995,0.00699,93
GOOGL,single_name,2026-05-13,2027-06-17,440,400,0.4062987295921105,0.34550123140046635,0.40641065687635686,0.406547928126907,-0.00011,20,0.409557166357038,-0.13723,0.00301,94
GOOGL,single_name,2026-05-14,2027-06-17,440,399,0.4065375496146075,0.3459550716337808,0.40542269235571343,0.405434207934239,0.00111,20,0.406884329667141,-0.1032,0.00145,95
GOOGL,single_name,2026-05-15,2027-06-17,435,398,0.41115770852571526,0.3471697625073634,0.4062425853337676,0.40605771365063,0.00492,20,0.40439754600636,-0.06913,-0.00166,96
GOOGL,single_name,2026-05-18,2027-06-17,435,395,0.4053222527695652,0.33959928392811317,0.4084865912441922,0.40837122586547,-0.00316,20,0.407445546926848,-0.05968,-0.00093,97
GOOGL,single_name,2026-05-19,2027-06-17,425,394,0.41272946986945624,0.3429120012219422,0.4077139796749019,0.407543387095788,0.00502,20,0.411416231546239,-0.06157,0.00387,98
GOOGL,single_name,2026-05-20,2027-06-17,425,393,0.4099794588904972,0.342719089501587,0.4066790063361762,0.406692945355073,0.0033,20,0.414064216386647,-0.05369,0.00737,99
GOOGL,single_name,2026-05-21,2027-06-17,425,392,0.4105481361516651,0.3429656126194562,0.40319422373276315,0.402893084407038,0.00735,20,0.416428666971436,-0.09797,0.01354,100
GOOGL,single_name,2026-05-22,2027-06-17,420,391,0.4142226328538955,0.34165950819909746,0.4020425782679623,0.401200491801957,0.01218,20,0.401517584804568,-0.0962,0.00032,101
GOOGL,single_name,2026-05-26,2027-06-17,425,387,0.4135962296561899,0.3418205447969796,0.4013941597990078,0.401305199271235,0.0122,20,0.405034097196202,-0.11209,0.00373,102
GOOGL,single_name,2026-05-27,2027-06-17,425,386,0.41330744340202347,0.3392117452208661,0.40383042939845937,0.403377250092187,0.00948,20,0.401237525284961,-0.11604,-0.00214,103
GOOGL,single_name,2026-05-28,2027-06-17,425,385,0.41298690782023334,0.3380296581135291,0.40090005798843903,0.400836330619072,0.01209,20,0.401053841154164,-0.13519,0.00022,104
GOOGL,single_name,2026-05-29,2027-06-17,415,384,0.25936203768730154,0.34325972570467306,0.40294243110389255,0.402819746102707,-0.05968,20,0.407135817509616,-0.07017,0.00432,105
GOOGL,single_name,2026-06-01,2027-06-17,410,381,0.2614411819581261,0.343741263737084,0.4090470695558814,0.409262579393492,-0.06531,20,0.405877592349976,-0.05048,-0.00338,106
GOOGL,single_name,2026-06-02,2027-06-17,395,380,0.29420120933861493,0.35417071005555234,0.41027345856140707,0.410252610972715,-0.0561,20,0.404370718398663,-0.00177,-0.00588,107
GOOGL,single_name,2026-06-03,2027-06-17,390,379,0.28810739932627816,0.3510452071109019,0.40659433685952046,0.406746508725345,-0.05555,20,0.403136905435561,-0.0052,-0.00361,108
SOXX,single_name,2025-12-26,2027-01-15,330,385,0.3030510972432116,0.3743341280926502,0.36783196445064825,0.366780832920654,0.0065,20,0.409739659743414,0.14717,0.04296,0
SOXX,single_name,2025-12-26,2027-01-15,330,385,0.3030510972432116,0.3743341280926502,0.36783196445064825,0.366780832920654,0.0065,40,0.453074987030425,0.20246,0.08629,0
SOXX,single_name,2025-12-29,2027-01-15,330,382,0.29762421753859386,0.37263816009284795,0.37708512095282815,0.376528959701748,-0.00445,20,0.423083788530658,0.1806,0.04655,1
SOXX,single_name,2025-12-29,2027-01-15,330,382,0.29762421753859386,0.37263816009284795,0.37708512095282815,0.376528959701748,-0.00445,40,0.427762603138844,0.16861,0.05123,1
SOXX,single_name,2025-12-30,2027-01-15,330,381,0.2977719609925442,0.3723535311614652,0.37766099729993224,0.376455373270758,-0.00531,20,0.424576841776816,0.18434,0.04812,2
SOXX,single_name,2025-12-30,2027-01-15,330,381,0.2977719609925442,0.3723535311614652,0.37766099729993224,0.376455373270758,-0.00531,40,0.447253749319865,0.15535,0.0708,2
SOXX,single_name,2025-12-31,2027-01-15,325,380,0.29325716698457327,0.3687281971356838,0.376192961880333,0.375966123076643,-0.00746,20,0.421866120325818,0.14993,0.0459,3
SOXX,single_name,2025-12-31,2027-01-15,325,380,0.29325716698457327,0.3687281971356838,0.376192961880333,0.375966123076643,-0.00746,40,0.434978494203126,0.16902,0.05901,3
SOXX,single_name,2026-01-02,2027-01-15,335,378,0.3192950680871536,0.3744401373383651,0.3668049018401373,0.367759520066797,0.00764,20,0.422038599991072,0.12433,0.05428,4
SOXX,single_name,2026-01-02,2027-01-15,335,378,0.3192950680871536,0.3744401373383651,0.3668049018401373,0.367759520066797,0.00764,40,0.434290301355506,0.06723,0.06653,4
SOXX,single_name,2026-01-05,2027-01-15,340,375,0.31991187591638187,0.3694274398485239,0.374295808861159,0.375129092279493,-0.00487,20,0.407626307242648,0.08671,0.0325,5
SOXX,single_name,2026-01-05,2027-01-15,340,375,0.31991187591638187,0.3694274398485239,0.374295808861159,0.375129092279493,-0.00487,40,0.426350039401776,0.07382,0.05122,5
SOXX,single_name,2026-01-06,2027-01-15,350,374,0.33619692746488344,0.37438985922280726,0.365127764112761,0.366419696255619,0.00926,20,0.415608942873312,0.00618,0.04919,6
SOXX,single_name,2026-01-06,2027-01-15,350,374,0.33619692746488344,0.37438985922280726,0.365127764112761,0.366419696255619,0.00926,40,0.411466375281176,0.02866,0.04505,6
SOXX,single_name,2026-01-07,2027-01-15,350,373,0.3381607576280012,0.3486640202549711,0.36916122289435305,0.368573132966509,-0.0205,20,0.410078715180045,0.01828,0.04151,7
SOXX,single_name,2026-01-07,2027-01-15,350,373,0.3381607576280012,0.3486640202549711,0.36916122289435305,0.368573132966509,-0.0205,40,0.431053379135705,-0.00425,0.06248,7
SOXX,single_name,2026-01-08,2027-01-15,345,372,0.34424539747520233,0.338955102084775,0.37171946719847954,0.370907515333185,-0.02747,20,0.41251319419197,0.09053,0.04161,8
SOXX,single_name,2026-01-08,2027-01-15,345,372,0.34424539747520233,0.338955102084775,0.37171946719847954,0.370907515333185,-0.02747,40,0.414425419262308,0.05254,0.04352,8
SOXX,single_name,2026-01-09,2027-01-15,350,371,0.35531807992719217,0.33988699590449395,0.3672364437624103,0.368957653375461,-0.01192,20,0.417135519519561,0.07297,0.04818,9
SOXX,single_name,2026-01-09,2027-01-15,350,371,0.35531807992719217,0.33988699590449395,0.3672364437624103,0.368957653375461,-0.01192,40,0.427368737233273,0.03051,0.05841,9
SOXX,single_name,2026-01-12,2027-01-15,355,368,0.3542659397212802,0.33500328081269143,0.36807021733446493,0.367761991360436,-0.0138,20,0.415162256267406,0.06381,0.0474,10
SOXX,single_name,2026-01-12,2027-01-15,355,368,0.3542659397212802,0.33500328081269143,0.36807021733446493,0.367761991360436,-0.0138,40,0.420245094390348,0.03554,0.05248,10
SOXX,single_name,2026-01-13,2027-01-15,360,367,0.297850631900786,0.3352426163428999,0.37406366598575,0.373268011760353,-0.03882,20,0.411453125772033,0.08071,0.03819,11
SOXX,single_name,2026-01-13,2027-01-15,360,367,0.297850631900786,0.3352426163428999,0.37406366598575,0.373268011760353,-0.03882,40,0.422395099414219,-0.00933,0.04913,11
SOXX,single_name,2026-01-14,2027-01-15,355,366,0.2975358530955755,0.3353475593637274,0.37424688913961063,0.374459050083973,-0.0389,20,0.431593560018809,0.05905,0.05713,12
SOXX,single_name,2026-01-14,2027-01-15,355,366,0.2975358530955755,0.3353475593637274,0.37424688913961063,0.374459050083973,-0.0389,40,0.412033164064033,-0.00175,0.03757,12
SOXX,single_name,2026-01-15,2027-01-15,365,365,0.2965239646633866,0.33523847043874166,0.38445842244835043,0.383901239104949,-0.04922,20,0.42287837163928,0.05172,0.03898,13
SOXX,single_name,2026-01-15,2027-01-15,365,365,0.2965239646633866,0.33523847043874166,0.38445842244835043,0.383901239104949,-0.04922,40,0.41217561343592,0.00181,0.02827,13
SOXX,single_name,2026-01-16,2028-01-21,400,735,0.24733864942662517,0.33588122592198444,0.3853132864877683,0.384552448657831,-0.04943,20,0.414636343009577,0.03396,0.03008,14
SOXX,single_name,2026-01-16,2028-01-21,400,735,0.24733864942662517,0.33588122592198444,0.3853132864877683,0.384552448657831,-0.04943,40,0.40652308067471,-0.00648,0.02197,14
SOXX,single_name,2026-01-20,2028-01-21,390,731,0.2553194865491566,0.33297762095967665,0.3886663030333089,0.389196842281423,-0.05569,20,0.416616960425563,0.06098,0.02742,15
SOXX,single_name,2026-01-20,2028-01-21,390,731,0.2553194865491566,0.33297762095967665,0.3886663030333089,0.389196842281423,-0.05569,40,0.413193543574903,0.00279,0.024,15
SOXX,single_name,2026-01-21,2028-01-21,405,730,0.26109817420258635,0.3353254089933359,0.38252687070599356,0.382439968600647,-0.0472,20,0.411921339934311,0.02212,0.02948,16
SOXX,single_name,2026-01-21,2028-01-21,405,730,0.26109817420258635,0.3353254089933359,0.38252687070599356,0.382439968600647,-0.0472,40,0.406347241724292,-0.02281,0.02391,16
SOXX,single_name,2026-01-22,2028-01-21,405,729,0.2609420191100406,0.3341748583034349,0.3881428185524767,0.388157590547171,-0.05397,20,0.412605796012632,0.03086,0.02445,17
SOXX,single_name,2026-01-22,2028-01-21,405,729,0.2609420191100406,0.3341748583034349,0.3881428185524767,0.388157590547171,-0.05397,40,0.410496413506877,-0.04635,0.02234,17
SOXX,single_name,2026-01-23,2028-01-21,400,728,0.26878802143812297,0.33139555034923285,0.38726242243623665,0.387396608644431,-0.05587,20,0.413868689911133,0.03513,0.02647,18
SOXX,single_name,2026-01-23,2028-01-21,400,728,0.26878802143812297,0.33139555034923285,0.38726242243623665,0.387396608644431,-0.05587,40,0.410601541882939,-0.02356,0.0232,18
SOXX,single_name,2026-01-26,2028-01-21,400,725,0.2714847831551503,0.3316898395222258,0.38906410500834987,0.388714173064782,-0.05737,20,0.418724150389926,0.05529,0.03001,19
SOXX,single_name,2026-01-26,2028-01-21,400,725,0.2714847831551503,0.3316898395222258,0.38906410500834987,0.388714173064782,-0.05737,40,0.404968987535788,-0.00598,0.01625,19
SOXX,single_name,2026-01-27,2028-01-21,405,724,0.27725158403947353,0.33313874587105774,0.3852230603217149,0.385863850596388,-0.05208,20,0.41778411437582,0.04819,0.03192,20
SOXX,single_name,2026-01-27,2028-01-21,405,724,0.27725158403947353,0.33313874587105774,0.3852230603217149,0.385863850596388,-0.05208,40,0.40475563102585,-0.01661,0.01889,20
SOXX,single_name,2026-01-28,2028-01-21,420,723,0.2832633537171011,0.3351537153820073,0.38721914163872106,0.386288412873657,-0.05207,20,0.405737906828788,-0.01015,0.01945,21
SOXX,single_name,2026-01-28,2028-01-21,420,723,0.2832633537171011,0.3351537153820073,0.38721914163872106,0.386288412873657,-0.05207,40,0.407959358686021,-0.08769,0.02167,21
SOXX,single_name,2026-01-29,2028-01-21,420,722,0.2820582246437057,0.3351526472901967,0.38941708970372657,0.389298354941449,-0.05426,20,0.40670854821946,-0.02448,0.01741,22
SOXX,single_name,2026-01-29,2028-01-21,420,722,0.2820582246437057,0.3351526472901967,0.38941708970372657,0.389298354941449,-0.05426,40,0.407663451117634,-0.10426,0.01837,22
SOXX,single_name,2026-01-30,2028-01-21,405,721,0.32690393350621355,0.34733275889461485,0.39544991476344493,0.39518746773847,-0.04812,20,0.405979566821867,0.0166,0.01079,23
SOXX,single_name,2026-01-30,2028-01-21,405,721,0.32690393350621355,0.34733275889461485,0.39544991476344493,0.39518746773847,-0.04812,40,0.407409711761191,-0.10543,0.01222,23
SOXX,single_name,2026-02-02,2028-01-21,410,718,0.3050579695992234,0.3376312722560366,0.3895400656797941,0.389368399058672,-0.05191,20,0.41627149669769,-0.05078,0.0269,24
SOXX,single_name,2026-02-02,2028-01-21,410,718,0.3050579695992234,0.3376312722560366,0.3895400656797941,0.389368399058672,-0.05191,40,0.403089242315412,-0.06813,0.01372,24
SOXX,single_name,2026-02-03,2028-01-21,405,717,0.3169383829584426,0.3358728988604893,0.39599973442766284,0.395375180080243,-0.06013,20,0.409720824779896,-0.01186,0.01435,25
SOXX,single_name,2026-02-03,2028-01-21,405,717,0.3169383829584426,0.3358728988604893,0.39599973442766284,0.395375180080243,-0.06013,40,0.407472221248409,-0.02054,0.0121,25
SOXX,single_name,2026-02-04,2028-01-21,390,716,0.3443935507608053,0.3447291237838518,0.4043110203642922,0.403778313765847,-0.05958,20,0.406529797811848,0.02234,0.00275,26
SOXX,single_name,2026-02-04,2028-01-21,390,716,0.3443935507608053,0.3447291237838518,0.4043110203642922,0.403778313765847,-0.05958,40,0.41924035539741,0.02794,0.01546,26
SOXX,single_name,2026-02-05,2028-01-21,385,715,0.3419803883950064,0.34377839914120806,0.3995699799104049,0.400148578271243,-0.05579,20,0.421626714494929,-0.02213,0.02148,27
SOXX,single_name,2026-02-05,2028-01-21,385,715,0.3419803883950064,0.34377839914120806,0.3995699799104049,0.400148578271243,-0.05579,40,0.417932431628315,0.04011,0.01778,27
SOXX,single_name,2026-02-06,2028-01-21,405,714,0.38017874737254026,0.3556410424983539,0.3976078322128079,0.398089703478651,-0.01743,20,0.407028826128819,-0.03483,0.00894,28
SOXX,single_name,2026-02-06,2028-01-21,405,714,0.38017874737254026,0.3556410424983539,0.3976078322128079,0.398089703478651,-0.01743,40,0.406649703592739,-0.00215,0.00856,28
SOXX,single_name,2026-02-09,2028-01-21,410,711,0.37081149476830777,0.35222059314389315,0.399217688843433,0.399785175206395,-0.02841,20,0.411338354877267,-0.03957,0.01155,29
SOXX,single_name,2026-02-09,2028-01-21,410,711,0.37081149476830777,0.35222059314389315,0.399217688843433,0.399785175206395,-0.02841,40,0.410034793081285,0.04998,0.01025,29
SOXX,single_name,2026-02-10,2028-01-21,410,710,0.3716773358443853,0.3515557236313387,0.39780433777650576,0.397807621120443,-0.02613,20,0.413704626294477,-0.02658,0.0159,30
SOXX,single_name,2026-02-10,2028-01-21,410,710,0.3716773358443853,0.3515557236313387,0.39780433777650576,0.397807621120443,-0.02613,40,0.415228168474434,0.0774,0.01742,30
SOXX,single_name,2026-02-11,2028-01-21,420,709,0.37907315553267423,0.3454957407882248,0.3987417976629142,0.398965612469006,-0.01967,20,0.41067855168923,-0.08331,0.01171,31
SOXX,single_name,2026-02-11,2028-01-21,420,709,0.37907315553267423,0.3454957407882248,0.3987417976629142,0.398965612469006,-0.01967,40,0.419553997720599,0.07329,0.02059,31
SOXX,single_name,2026-02-12,2028-01-21,415,708,0.3914102474438274,0.3500274276362827,0.40968088627230104,0.40924154364869,-0.01827,20,0.405241836759739,-0.05741,-0.004,32
SOXX,single_name,2026-02-12,2028-01-21,415,708,0.3914102474438274,0.3500274276362827,0.40968088627230104,0.40924154364869,-0.01827,40,0.42487030712261,0.11903,0.01563,32
SOXX,single_name,2026-02-13,2028-01-21,415,707,0.3891111947115156,0.347546730195775,0.40842593613336076,0.40886069378573,-0.01931,20,0.406109687745235,-0.04745,-0.00275,33
SOXX,single_name,2026-02-13,2028-01-21,415,707,0.3891111947115156,0.347546730195775,0.40842593613336076,0.40886069378573,-0.01931,40,0.428750950225839,0.13134,0.01989,33
SOXX,single_name,2026-02-17,2028-01-21,415,703,0.3862924376631061,0.34309368793013434,0.4105558299753261,0.411026842105106,-0.02426,20,0.401453254682902,-0.03911,-0.00957,34
SOXX,single_name,2026-02-17,2028-01-21,415,703,0.3862924376631061,0.34309368793013434,0.4105558299753261,0.411026842105106,-0.02426,40,0.425802565585869,0.13488,0.01478,34
SOXX,single_name,2026-02-18,2028-01-21,420,702,0.38230341199084067,0.3423934690957069,0.40793853446553685,0.408008880970968,-0.02564,20,0.402170211271835,-0.05484,-0.00584,35
SOXX,single_name,2026-02-18,2028-01-21,420,702,0.38230341199084067,0.3423934690957069,0.40793853446553685,0.408008880970968,-0.02564,40,0.428902329068731,0.13419,0.02089,35
SOXX,single_name,2026-02-19,2028-01-21,420,701,0.3680564004443858,0.32471801273090195,0.40834612620565064,0.407819463132836,-0.04029,20,0.402030762612964,-0.04395,-0.00579,36
SOXX,single_name,2026-02-19,2028-01-21,420,701,0.3680564004443858,0.32471801273090195,0.40834612620565064,0.407819463132836,-0.04029,40,0.428859007144805,0.16825,0.02104,36
SOXX,single_name,2026-02-20,2028-01-21,420,700,0.36942668452482735,0.32471144604383134,0.4082938403291668,0.408678178402732,-0.03887,20,0.405090034970089,-0.0749,-0.00359,37
SOXX,single_name,2026-02-20,2028-01-21,420,700,0.36942668452482735,0.32471144604383134,0.4082938403291668,0.408678178402732,-0.03887,40,0.429895319252543,0.1617,0.02122,37
SOXX,single_name,2026-02-23,2028-01-21,420,697,0.3677935210098671,0.31567131823242645,0.40768405443991296,0.407226538357339,-0.03989,20,0.406014653737473,-0.0567,-0.00121,38
SOXX,single_name,2026-02-23,2028-01-21,420,697,0.3677935210098671,0.31567131823242645,0.40768405443991296,0.407226538357339,-0.03989,40,0.432256323173973,0.17903,0.02503,38
SOXX,single_name,2026-02-24,2028-01-21,425,696,0.3696453018003285,0.31641795270349693,0.40830165644736593,0.408263663489784,-0.03866,20,0.39705699403551,-0.05806,-0.01121,39
SOXX,single_name,2026-02-24,2028-01-21,425,696,0.3696453018003285,0.31641795270349693,0.40830165644736593,0.408263663489784,-0.03866,40,0.43858131607019,0.1926,0.03032,39
SOXX,single_name,2026-02-25,2028-01-21,430,695,0.3654594294784664,0.31380733361113444,0.4078540418732548,0.408179105333653,-0.04239,20,0.39560824738931,-0.06182,-0.01257,40
SOXX,single_name,2026-02-25,2028-01-21,430,695,0.3654594294784664,0.31380733361113444,0.4078540418732548,0.408179105333653,-0.04239,40,0.437176632594794,0.19837,0.029,40
SOXX,single_name,2026-02-26,2028-01-21,415,694,0.3720349436048039,0.32031473653746223,0.40662233864506186,0.407362920966963,-0.03459,20,0.40851546576012,-0.07834,0.00115,41
SOXX,single_name,2026-02-26,2028-01-21,415,694,0.3720349436048039,0.32031473653746223,0.40662233864506186,0.407362920966963,-0.03459,40,0.46137059349902,0.29372,0.05401,41
SOXX,single_name,2026-02-27,2028-01-21,415,693,0.37439578862077205,0.3219133330227187,0.4097806939764442,0.408768641530974,-0.03538,20,0.408997987140771,-0.08178,0.00023,42
SOXX,single_name,2026-02-27,2028-01-21,415,693,0.37439578862077205,0.3219133330227187,0.4097806939764442,0.408768641530974,-0.03538,40,0.463699196878344,0.29271,0.05493,42
SOXX,single_name,2026-03-02,2028-01-21,410,690,0.3421764433652398,0.320051597730397,0.4037474254194214,0.403862133419556,-0.06157,20,0.406837740548895,-0.12004,0.00298,43
SOXX,single_name,2026-03-02,2028-01-21,410,690,0.3421764433652398,0.320051597730397,0.4037474254194214,0.403862133419556,-0.06157,40,0.461494737764643,0.24616,0.05763,43
SOXX,single_name,2026-03-03,2028-01-21,395,689,0.3802445150805755,0.33536742273084297,0.4217435990936328,0.421909149271787,-0.0415,20,0.40795695709532,-0.01828,-0.01395,44
SOXX,single_name,2026-03-03,2028-01-21,395,689,0.3802445150805755,0.33536742273084297,0.4217435990936328,0.421909149271787,-0.0415,40,0.473267644435949,0.34414,0.05136,44
SOXX,single_name,2026-03-04,2028-01-21,400,688,0.3823424880069842,0.3366739439401613,0.40975976129669334,0.409760642859883,-0.02742,20,0.409006027909692,-0.00878,-0.00075,45
SOXX,single_name,2026-03-04,2028-01-21,400,688,0.3823424880069842,0.3366739439401613,0.40975976129669334,0.409760642859883,-0.02742,40,0.474114018464904,0.35106,0.06435,45
SOXX,single_name,2026-03-05,2028-01-21,395,687,0.347213138692253,0.3372496469956248,0.405677293436373,0.405423967012797,-0.05846,20,0.417379822327628,0.00548,0.01196,46
SOXX,single_name,2026-03-05,2028-01-21,395,687,0.347213138692253,0.3372496469956248,0.405677293436373,0.405423967012797,-0.05846,40,0.477101603141973,0.37894,0.07168,46
SOXX,single_name,2026-03-06,2028-01-21,385,686,0.3810094348965822,0.34877140933569906,0.42233963057627605,0.421626714494929,-0.04133,20,0.417932431628315,0.06365,-0.00369,47
SOXX,single_name,2026-03-06,2028-01-21,385,686,0.3810094348965822,0.34877140933569906,0.42233963057627605,0.421626714494929,-0.04133,40,0.488686491516642,0.42827,0.06706,47
SOXX,single_name,2026-03-09,2028-01-21,395,683,0.3589865876982804,0.3574940011819012,0.40959501303120793,0.408936808816921,-0.05061,20,0.409588914233015,0.03386,0.00065,48
SOXX,single_name,2026-03-09,2028-01-21,395,683,0.3589865876982804,0.3574940011819012,0.40959501303120793,0.408936808816921,-0.05061,40,0.490495875201793,0.43512,0.08156,48
SOXX,single_name,2026-03-10,2028-01-21,395,682,0.3568739309221989,0.3568489530246803,0.4142927779334424,0.414848179174926,-0.05742,20,0.417159396160201,0.09324,0.00231,49
SOXX,single_name,2026-03-10,2028-01-21,395,682,0.3568739309221989,0.3568489530246803,0.4142927779334424,0.414848179174926,-0.05742,40,0.498825928368845,0.49603,0.08398,49
SOXX,single_name,2026-03-11,2028-01-21,400,681,0.359162870054167,0.35697326043480127,0.4159220307331246,0.416426306640237,-0.05676,20,0.418321100419726,0.10681,0.00189,50
SOXX,single_name,2026-03-11,2028-01-21,400,681,0.359162870054167,0.35697326043480127,0.4159220307331246,0.416426306640237,-0.05676,40,0.501734499443866,0.43927,0.08531,50
SOXX,single_name,2026-03-12,2028-01-21,390,680,0.3647308385448553,0.34979017830977194,0.4199954037771824,0.419831850905318,-0.05526,20,0.432661157596618,0.17084,0.01283,51
SOXX,single_name,2026-03-12,2028-01-21,390,680,0.3647308385448553,0.34979017830977194,0.4199954037771824,0.419831850905318,-0.05526,40,0.520111419150037,0.57576,0.10028,51
SOXX,single_name,2026-03-13,2028-01-21,390,679,0.35770798357426864,0.34954082282532756,0.4155858446044881,0.415148337045209,-0.05788,20,0.43740192067033,0.18719,0.02225,52
SOXX,single_name,2026-03-13,2028-01-21,390,679,0.35770798357426864,0.34954082282532756,0.4155858446044881,0.415148337045209,-0.05788,40,0.530302424895335,0.60799,0.11515,52
SOXX,single_name,2026-03-16,2028-01-21,395,676,0.36423222917510134,0.35100642069588955,0.41335467076148324,0.413506238977145,-0.04912,20,0.437028487021126,0.1877,0.02352,53
SOXX,single_name,2026-03-16,2028-01-21,395,676,0.36423222917510134,0.35100642069588955,0.41335467076148324,0.413506238977145,-0.04912,40,0.528903575012777,0.52737,0.1154,53
SOXX,single_name,2026-03-17,2028-01-21,395,675,0.36581345608370003,0.3411104611749211,0.40742866836410996,0.407797892713873,-0.04162,20,0.434174428391894,0.18107,0.02638,54
SOXX,single_name,2026-03-17,2028-01-21,395,675,0.36581345608370003,0.3411104611749211,0.40742866836410996,0.407797892713873,-0.04162,40,0.530320298867688,0.55265,0.12252,54
SOXX,single_name,2026-03-18,2028-01-21,395,674,0.36287854658348156,0.3388174047709432,0.41157171492555916,0.411778312303402,-0.04869,20,0.442121141246004,0.20001,0.03034,55
SOXX,single_name,2026-03-18,2028-01-21,395,674,0.36287854658348156,0.3388174047709432,0.41157171492555916,0.411778312303402,-0.04869,40,0.541958049692452,0.56679,0.13018,55
SOXX,single_name,2026-03-19,2028-01-21,395,673,0.3638968112616827,0.33524490496870024,0.40923486763851724,0.410242690849016,-0.04534,20,0.436572791742772,0.22196,0.02633,56
SOXX,single_name,2026-03-19,2028-01-21,395,673,0.3638968112616827,0.33524490496870024,0.40923486763851724,0.410242690849016,-0.04534,40,0.540594165202112,0.49477,0.13035,56
SOXX,single_name,2026-03-20,2028-01-21,390,672,0.3678836761316195,0.33825836672378834,0.414188568966115,0.414034379851336,-0.0463,20,0.442956172608402,0.25575,0.02892,57
SOXX,single_name,2026-03-20,2028-01-21,390,672,0.3678836761316195,0.33825836672378834,0.414188568966115,0.414034379851336,-0.0463,40,0.52858803226917,0.49129,0.11455,57
SOXX,single_name,2026-03-23,2028-01-21,395,669,0.3719766218343425,0.3389419979402738,0.4122565581606898,0.411867743269532,-0.04028,20,0.44383025393114,0.24989,0.03196,58
SOXX,single_name,2026-03-23,2028-01-21,395,669,0.3719766218343425,0.3389419979402738,0.4122565581606898,0.411867743269532,-0.04028,40,0.525593386248248,0.4758,0.11373,58
SOXX,single_name,2026-03-24,2028-01-21,395,668,0.37111079710165645,0.33972448568325364,0.40576076105298264,0.405964751571364,-0.03465,20,0.445552782359784,0.26611,0.03959,59
SOXX,single_name,2026-03-24,2028-01-21,395,668,0.37111079710165645,0.33972448568325364,0.40576076105298264,0.405964751571364,-0.03465,40,0.535579564705822,0.52575,0.12961,59
SOXX,single_name,2026-03-25,2028-01-21,400,667,0.36861192442473256,0.3403756375128034,0.40619240934806533,0.40674924314101,-0.03758,20,0.453203098781575,0.27734,0.04645,60
SOXX,single_name,2026-03-25,2028-01-21,400,667,0.36861192442473256,0.3403756375128034,0.40619240934806533,0.40674924314101,-0.03758,40,0.533358446907936,0.5198,0.12661,60
SOXX,single_name,2026-03-26,2028-01-21,385,666,0.3910320519019868,0.3557953139754302,0.4176677559072398,0.41797615140757,-0.02664,20,0.474870653732404,0.40368,0.05689,61
SOXX,single_name,2026-03-26,2028-01-21,385,666,0.3910320519019868,0.3557953139754302,0.4176677559072398,0.41797615140757,-0.02664,40,0.551976262090125,0.63397,0.134,61
SOXX,single_name,2026-03-27,2028-01-21,380,665,0.3923530008350345,0.35760958116019376,0.4198940429206389,0.419994440268369,-0.02754,20,0.479795205567511,0.40785,0.0598,62
SOXX,single_name,2026-03-27,2028-01-21,380,665,0.3923530008350345,0.35760958116019376,0.4198940429206389,0.419994440268369,-0.02754,40,0.572346936473438,0.76237,0.15235,62
SOXX,single_name,2026-03-30,2028-01-21,360,662,0.4155940734649146,0.36796998781160833,0.4150931275600383,0.416429367777722,0.0005,20,0.486731235388934,0.41615,0.0703,63
SOXX,single_name,2026-03-30,2028-01-21,360,662,0.4155940734649146,0.36796998781160833,0.4150931275600383,0.416429367777722,0.0005,40,0.581778560632442,0.82052,0.16535,63
SOXX,single_name,2026-03-31,2028-01-21,385,661,0.44289070854424156,0.3783232171171633,0.4129514813441157,0.412232227170913,0.02994,20,0.479098304469104,0.36917,0.06687,64
SOXX,single_name,2026-03-31,2028-01-21,385,661,0.44289070854424156,0.3783232171171633,0.4129514813441157,0.412232227170913,0.02994,40,0.570573454060654,0.7327,0.15834,64
SOXX,single_name,2026-04-01,2028-01-21,395,660,0.45017869468611715,0.38201487470623074,0.41074922886567644,0.410543911566454,0.03943,20,0.47648613796705,0.36303,0.06594,65
SOXX,single_name,2026-04-01,2028-01-21,395,660,0.45017869468611715,0.38201487470623074,0.41074922886567644,0.410543911566454,0.03943,40,0.571396780548939,0.68098,0.16085,65
SOXX,single_name,2026-04-02,2028-01-21,395,659,0.4485331613652668,0.3766219363724264,0.4164926476550353,0.417379822327628,0.03204,20,0.477101603141973,0.37143,0.05972,66
SOXX,single_name,2026-04-02,2028-01-21,395,659,0.4485331613652668,0.3766219363724264,0.4164926476550353,0.417379822327628,0.03204,40,0.572658404892872,0.68408,0.15528,66
SOXX,single_name,2026-04-06,2028-01-21,400,655,0.41990589548762636,0.3767593600436059,0.4117984463216752,0.412010657866712,0.00811,20,0.481078248017124,0.34281,0.06907,67
SOXX,single_name,2026-04-06,2028-01-21,400,655,0.41990589548762636,0.3767593600436059,0.4117984463216752,0.412010657866712,0.00811,40,0.600896686511652,0.75827,0.18889,67
SOXX,single_name,2026-04-07,2028-01-21,405,654,0.3993002159341629,0.3754895891811921,0.4071637503894268,0.406649703592739,-0.00786,20,0.485292865663468,0.38811,0.07864,68
SOXX,single_name,2026-04-07,2028-01-21,405,654,0.3993002159341629,0.3754895891811921,0.4071637503894268,0.406649703592739,-0.00786,40,0.615849986184089,0.77042,0.2092,68
SOXX,single_name,2026-04-08,2028-01-21,430,653,0.45494325318777645,0.3924786932691606,0.40227751168105613,0.401060220561422,0.05267,20,0.483731950132631,0.36844,0.08267,69
SOXX,single_name,2026-04-08,2028-01-21,430,653,0.45494325318777645,0.3924786932691606,0.40227751168105613,0.401060220561422,0.05267,40,0.600478427915741,0.62721,0.19942,69
SOXX,single_name,2026-04-09,2028-01-21,440,652,0.45889804988011973,0.3945784501106368,0.4039331010747239,0.403230650155739,0.05496,20,0.481598066503867,0.30037,0.07837,70
SOXX,single_name,2026-04-09,2028-01-21,440,652,0.45889804988011973,0.3945784501106368,0.4039331010747239,0.403230650155739,0.05496,40,0.583819249961406,0.42559,0.18059,70
SOXX,single_name,2026-04-10,2028-01-21,450,651,0.4359469881885666,0.39618926976295876,0.4080900646008595,0.407352777763797,0.02786,20,0.492721823416825,0.34584,0.08537,71
SOXX,single_name,2026-04-10,2028-01-21,450,651,0.4359469881885666,0.39618926976295876,0.4080900646008595,0.407352777763797,0.02786,40,0.586500225588493,0.47814,0.17915,71
SOXX,single_name,2026-04-13,2028-01-21,455,648,0.43683936829654385,0.39708860467768603,0.40903677158125407,0.409388984593737,0.0278,20,0.502169087321382,0.35445,0.09278,72
SOXX,single_name,2026-04-13,2028-01-21,455,648,0.43683936829654385,0.39708860467768603,0.40903677158125407,0.409388984593737,0.0278,40,0.586643529773373,0.42915,0.17725,72
SOXX,single_name,2026-04-14,2027-06-17,440,429,0.43698309160706117,0.39773207912012964,0.404781316982047,0.404509947752976,0.0322,20,0.515511356218139,0.28599,0.111,73
SOXX,single_name,2026-04-14,2027-06-17,440,429,0.43698309160706117,0.39773207912012964,0.404781316982047,0.404509947752976,0.0322,40,0.60264234195363,0.34959,0.19813,73
SOXX,single_name,2026-04-15,2027-06-17,440,428,0.4376820454917092,0.39687779572986964,0.4035360774147738,0.404897886661869,0.03415,20,0.522186647909573,0.31461,0.11729,74
SOXX,single_name,2026-04-15,2027-06-17,440,428,0.4376820454917092,0.39687779572986964,0.4035360774147738,0.404897886661869,0.03415,40,0.624653483150814,0.46053,0.21976,74
SOXX,single_name,2026-04-16,2027-06-17,450,427,0.43451681038695744,0.3954265436910165,0.41291513101662264,0.41319494158105,0.0216,20,0.52668165766152,0.30565,0.11349,75
SOXX,single_name,2026-04-16,2027-06-17,450,427,0.43451681038695744,0.3954265436910165,0.41291513101662264,0.41319494158105,0.0216,40,0.616522690986729,0.46878,0.20333,75
SOXX,single_name,2026-04-17,2027-06-17,455,426,0.4373431649617398,0.39336830633151765,0.3951601697112798,0.395309779823936,0.04218,20,0.520127339020272,0.22326,0.12482,76
SOXX,single_name,2026-04-17,2027-06-17,455,426,0.4373431649617398,0.39336830633151765,0.3951601697112798,0.395309779823936,0.04218,40,0.628767409940566,0.51175,0.23346,76
SOXX,single_name,2026-04-20,2027-06-17,460,423,0.42053303291424077,0.3933679383410504,0.400337242414148,0.399486805534148,0.0202,20,0.507731109326501,0.18757,0.10824,77
SOXX,single_name,2026-04-20,2027-06-17,460,423,0.42053303291424077,0.3933679383410504,0.400337242414148,0.399486805534148,0.0202,40,0.619232038545089,0.41597,0.21975,77
SOXX,single_name,2026-04-21,2027-06-17,465,422,0.42074169611551737,0.39231456023935596,0.4074943867512569,0.406624872141038,0.01325,20,0.495345779799948,0.18075,0.08872,78
SOXX,single_name,2026-04-21,2027-06-17,465,422,0.42074169611551737,0.39231456023935596,0.4074943867512569,0.406624872141038,0.01325,40,0.621473719685642,0.42555,0.21485,78
SOXX,single_name,2026-04-22,2027-06-17,475,421,0.42400161777025974,0.3946589666572086,0.40785175132679446,0.407877468677233,0.01615,20,0.510416184070571,0.20506,0.10254,79
SOXX,single_name,2026-04-22,2027-06-17,475,421,0.42400161777025974,0.3946589666572086,0.40785175132679446,0.407877468677233,0.01615,40,0.643369330224379,0.481,0.23549,79
SOXX,single_name,2026-04-23,2027-06-17,485,420,0.42530290179985114,0.39427700166882157,0.4134028433822268,0.414054130001714,0.0119,20,0.49970453186805,0.18982,0.08565,80
SOXX,single_name,2026-04-23,2027-06-17,485,420,0.42530290179985114,0.39427700166882157,0.4134028433822268,0.414054130001714,0.0119,40,0.635989511885133,0.48528,0.22194,80
SOXX,single_name,2026-04-24,2027-06-17,510,419,0.37495594877786975,0.4009172644772393,0.42634159497682506,0.427152012697016,-0.02542,20,0.505377498908847,0.16406,0.07823,81
SOXX,single_name,2026-04-24,2027-06-17,510,419,0.37495594877786975,0.4009172644772393,0.42634159497682506,0.427152012697016,-0.02542,40,0.613745353784984,0.30717,0.18659,81
SOXX,single_name,2026-04-27,2027-06-17,505,416,0.37158476820243935,0.40252004849012973,0.4267682141358528,0.426850510384792,-0.02425,20,0.530635949973603,0.25182,0.10379,82
SOXX,single_name,2026-04-27,2027-06-17,505,416,0.37158476820243935,0.40252004849012973,0.4267682141358528,0.426850510384792,-0.02425,40,0.610939615568514,0.32079,0.18409,82
SOXX,single_name,2026-04-28,2027-06-17,485,415,0.3592964363335561,0.4004011972634589,0.4232375242233194,0.42371967931831,-0.02284,20,0.537105670065349,0.28554,0.11339,83
SOXX,single_name,2026-04-28,2027-06-17,485,415,0.3592964363335561,0.4004011972634589,0.4232375242233194,0.42371967931831,-0.02284,40,0.617366604367103,0.42509,0.19365,83
SOXX,single_name,2026-04-29,2027-06-17,495,414,0.32571000708018893,0.40175014663424263,0.41655585609753554,0.416660901150093,-0.01481,20,0.534909184437196,0.26552,0.11825,84
SOXX,single_name,2026-04-29,2027-06-17,495,414,0.32571000708018893,0.40175014663424263,0.41655585609753554,0.416660901150093,-0.01481,40,0.620124738742339,0.31101,0.20346,84
SOXX,single_name,2026-04-30,2027-06-17,510,413,0.32354911938525555,0.40079950434411793,0.4162270603400183,0.416110553287429,-0.01543,20,0.528846569909419,0.23327,0.11274,85
SOXX,single_name,2026-04-30,2027-06-17,510,413,0.32354911938525555,0.40079950434411793,0.4162270603400183,0.416110553287429,-0.01543,40,0.607908047569668,0.33138,0.1918,85
SOXX,single_name,2026-05-01,2027-06-17,515,412,0.32117073005515295,0.38710427087646954,0.41965654330959146,0.419469890680508,-0.03255,20,0.533910227455486,0.22798,0.11444,86
SOXX,single_name,2026-05-01,2027-06-17,515,412,0.32117073005515295,0.38710427087646954,0.41965654330959146,0.419469890680508,-0.03255,40,0.629156142669453,0.37576,0.20969,86
SOXX,single_name,2026-05-04,2027-06-17,510,409,0.3320259602862399,0.3880223057677788,0.4269763761527857,0.427267985375917,-0.03895,20,0.56509366493543,0.3094,0.13783,87
SOXX,single_name,2026-05-04,2027-06-17,510,409,0.3320259602862399,0.3880223057677788,0.4269763761527857,0.427267985375917,-0.03895,40,0.620414610601628,0.29788,0.19315,87
SOXX,single_name,2026-05-05,2027-06-17,535,408,0.3470663076038707,0.3841279580751069,0.4367725825733379,0.437536656358537,-0.05264,20,0.572467189461249,0.27541,0.13493,88
SOXX,single_name,2026-05-05,2027-06-17,535,408,0.3470663076038707,0.3841279580751069,0.4367725825733379,0.437536656358537,-0.05264,40,0.596754472386116,0.17316,0.15922,88
SOXX,single_name,2026-05-06,2027-06-17,565,407,0.3245766598202144,0.3940795841752909,0.43575928315152673,0.435567170733384,-0.04168,20,0.556614816855712,0.1891,0.12105,89
SOXX,single_name,2026-05-07,2027-06-17,550,406,0.36004548350054,0.40012115344200755,0.4438858373314084,0.44385040312173,-0.04376,20,0.558158738919136,0.09629,0.11431,90
SOXX,single_name,2026-05-08,2027-06-17,580,405,0.3892683653992299,0.4110733655995584,0.4425989377263607,0.442425515422967,-0.03153,20,0.553411649133938,0.09831,0.11099,91
SOXX,single_name,2026-05-11,2027-06-17,595,402,0.390454704627972,0.4075980485026293,0.45541139340116893,0.455957318538387,-0.04781,20,0.556425063691586,0.05515,0.10047,92
SOXX,single_name,2026-05-12,2027-06-17,580,401,0.4241058637092848,0.4152921436265158,0.4669344303813749,0.467340798014888,-0.04283,20,0.558570716711766,0.04946,0.09123,93
SOXX,single_name,2026-05-13,2027-06-17,595,400,0.4237093199868293,0.4164618419093395,0.47395061109185804,0.474859586008408,-0.05024,20,0.567481931629691,0.111,0.09262,94
SOXX,single_name,2026-05-14,2027-06-17,600,399,0.4251621087572167,0.4164310492633772,0.47841943913519214,0.478534233374952,-0.05326,20,0.570915242998106,0.12494,0.09238,95
SOXX,single_name,2026-05-15,2027-06-17,580,398,0.46506112456808396,0.4272007485751455,0.47986163504077706,0.479319805901437,-0.0148,20,0.579699188078354,0.23584,0.10038,96
SOXX,single_name,2026-05-18,2027-06-17,560,395,0.48142656754982643,0.43183657571562006,0.47665706425938303,0.476828178818521,0.00477,20,0.586613078788542,0.19233,0.10978,97
SOXX,single_name,2026-05-19,2027-06-17,560,394,0.48203219318457585,0.43110214790873036,0.47247324014159187,0.472464749554728,0.00956,20,0.58807387771359,0.20733,0.11561,98
SOXX,single_name,2026-05-20,2027-06-17,585,393,0.49713526301658845,0.4388115835426394,0.47284291745450147,0.473446272259855,0.02429,20,0.601521565678185,0.22898,0.12808,99
SOXX,single_name,2026-05-21,2027-06-17,590,392,0.4951688526029106,0.4383190347048338,0.46871141086619394,0.468748029186247,0.02646,20,0.59913628381828,0.24833,0.13039,100
SOXX,single_name,2026-05-22,2027-06-17,605,391,0.47934074661477244,0.43299157686459017,0.47784213663710123,0.478362599935513,0.0015,20,0.589906444183359,0.12294,0.11154,101
SOXX,single_name,2026-05-26,2027-06-17,645,387,0.5056247798759878,0.44406182823398854,0.48712069960825205,0.487674867094902,0.0185,20,0.572885333898555,0.0551,0.08521,102
SOXX,single_name,2026-05-27,2027-06-17,640,386,0.4798926110330418,0.44538672637427973,0.4919774636225099,0.492094535017725,-0.01208,20,0.574885141109322,0.10855,0.08279,103
SOXX,single_name,2026-05-28,2027-06-17,645,385,0.4775566738456196,0.428582552894505,0.4884170850451112,0.488630328552933,-0.01086,20,0.577762521258272,0.03595,0.08913,104
SOXX,single_name,2026-05-29,2027-06-17,645,384,0.47677317261621316,0.42838232465591736,0.49308086018527514,0.493376937836858,-0.01631,20,0.573354637241956,0.07955,0.07998,105
SOXX,single_name,2026-06-01,2027-06-17,650,381,0.47715946977685425,0.42649545070354944,0.5023562861065586,0.502825407096122,-0.0252,20,0.585958218925677,0.12035,0.08313,106
SOXX,single_name,2026-06-02,2027-06-17,695,380,0.49857789661331503,0.4234637265744398,0.5212821910909624,0.521718978533157,-0.0227,20,0.574597167529202,-0.00879,0.05288,107
SOXX,single_name,2026-06-03,2027-06-17,715,379,0.48597116721062766,0.41954599808603193,0.5332933278085124,0.533155292684944,-0.04732,20,0.555475296611574,-0.08017,0.02232,108
