date,leg,strike,expiry,dte,bid,ask,mid,iv,vega_per_volpt,spread_abs,spread_vp,spread_pct_of_mid,moneyness
2026-06-25,short_above,7125.0,2026-08-07,43,75.0,75.7,75.35,0.189516900999264,8.0668,0.7,0.0868,0.0093,0.9637
2026-06-25,short_below,7100.0,2026-08-07,43,70.2,71.0,70.6,0.19229115452969,7.8208,0.8,0.1023,0.0113,0.9603
2026-06-25,wing_above,6925.0,2026-08-07,43,46.6,47.2,46.9,0.211956154387871,6.1324,0.6,0.0978,0.0128,0.9366
2026-06-25,wing_below,6900.0,2026-08-07,43,44.1,44.7,44.4,0.214807894466667,5.907,0.6,0.1016,0.0135,0.9332
2026-06-25,short_above,7125.0,2026-08-07,43,75.3,76.2,75.75,0.189773461514854,8.2176,0.9,0.1095,0.0119,0.9656
2026-06-25,short_below,7100.0,2026-08-07,43,71.2,72.0,71.6,0.192542390541483,7.9758,0.8,0.1003,0.0112,0.9622
2026-06-25,wing_above,6900.0,2026-08-07,43,44.4,45.2,44.8,0.214960800329543,6.0634,0.8,0.1319,0.0179,0.9351
2026-06-25,wing_below,6875.0,2026-08-07,43,42.2,42.8,42.5,0.217806412729641,5.841,0.6,0.1027,0.0141,0.9317
2026-06-25,wing_above,6925.0,2026-08-07,43,47.4,48.0,47.7,0.211490083726736,6.2148,0.6,0.0965,0.0126,0.9377
2026-06-26,short_below,7100.0,2026-08-07,42,74.4,75.0,74.7,0.191918492935267,8.065,0.6,0.0744,0.008,0.9635
2026-06-26,wing_above,6925.0,2026-08-07,42,49.0,49.7,49.35,0.211366398719159,6.3759,0.7,0.1098,0.0142,0.9397
2026-06-26,wing_below,6900.0,2026-08-07,42,46.6,47.2,46.9,0.214188327058723,6.1463,0.6,0.0976,0.0128,0.9363
2026-06-26,short_above,7125.0,2026-08-07,42,82.6,83.6,83.1,0.189059507102785,8.4642,1.0,0.1181,0.012,0.9691
2026-06-26,wing_above,6925.0,2026-08-07,42,51.0,51.7,51.35,0.21141728750854,6.5552,0.7,0.1068,0.0136,0.9419
2026-06-26,wing_below,6900.0,2026-08-07,42,48.3,48.8,48.55,0.214234798643016,6.3241,0.5,0.0791,0.0103,0.9385
2026-06-26,short_above,7125.0,2026-08-07,42,79.5,80.2,79.85,0.188295088991618,8.3621,0.7,0.0837,0.0088,0.9678
2026-06-26,wing_above,6925.0,2026-08-07,42,49.6,50.3,49.95,0.210204502080166,6.4232,0.7,0.109,0.014,0.9406
2026-06-26,wing_below,6900.0,2026-08-07,42,47.1,47.7,47.4,0.212993922687552,6.1912,0.6,0.0969,0.0127,0.9373
2026-06-26,short_above,7125.0,2026-08-07,42,78.6,79.3,78.95,0.188253641065654,8.3161,0.7,0.0842,0.0089,0.9672
2026-06-26,short_below,7100.0,2026-08-07,42,74.3,74.9,74.6,0.19095713693736,8.0745,0.6,0.0743,0.008,0.9638
2026-06-26,wing_above,6925.0,2026-08-07,42,48.9,49.4,49.15,0.210091588333225,6.3704,0.5,0.0785,0.0102,0.94
2026-06-26,wing_below,6900.0,2026-08-07,42,46.1,46.7,46.4,0.212880795345661,6.1387,0.6,0.0977,0.0129,0.9367
2026-06-26,short_above,7125.0,2026-08-07,42,80.4,83.9,82.15,0.187830568263313,8.4562,3.5,0.4139,0.0426,0.9692
2026-06-26,wing_above,6925.0,2026-08-07,42,50.0,50.6,50.3,0.209750157679382,6.5242,0.6,0.092,0.0119,0.942
2026-06-26,wing_below,6900.0,2026-08-07,42,47.2,47.9,47.55,0.212542772949489,6.291,0.7,0.1113,0.0147,0.9386
2026-06-26,short_above,7125.0,2026-08-07,42,85.6,89.5,87.55,0.190387016361441,8.5145,3.9,0.458,0.0445,0.9713
2026-06-26,short_below,7100.0,2026-08-07,42,82.3,83.3,82.8,0.193100776411365,8.2875,1.0,0.1207,0.0121,0.9679
2026-06-26,wing_above,6925.0,2026-08-07,42,54.0,55.0,54.5,0.212389493286299,6.6276,1.0,0.1509,0.0183,0.9441
2026-06-26,wing_below,6900.0,2026-08-07,42,49.9,51.0,50.45,0.215205224163033,6.396,1.1,0.172,0.0218,0.9407
2026-06-26,short_above,7125.0,2026-08-07,42,81.1,82.0,81.55,0.188861982213068,8.326,0.9,0.1081,0.011,0.9689
2026-06-26,short_below,7100.0,2026-08-07,42,76.5,77.5,77.0,0.191591497426538,8.0892,1.0,0.1236,0.013,0.9655
2026-06-26,wing_above,6925.0,2026-08-07,42,50.1,50.9,50.5,0.210975638219971,6.4001,0.8,0.125,0.0158,0.9417
2026-06-26,wing_below,6900.0,2026-08-07,42,47.4,47.9,47.65,0.213807796251835,6.1689,0.5,0.0811,0.0105,0.9383
2026-06-27,short_above,7125.0,2026-08-07,41,73.5,74.4,73.95,0.188389169842996,8.0702,0.9,0.1115,0.0122,0.9655
2026-06-27,short_below,7100.0,2026-08-07,41,69.0,69.9,69.45,0.191084362626197,7.8236,0.9,0.115,0.013,0.9622
2026-06-27,wing_above,6925.0,2026-08-07,41,45.2,45.8,45.5,0.210289335950492,6.1118,0.6,0.0982,0.0132,0.9384
2026-06-27,short_above,7125.0,2026-08-07,41,75.9,76.5,76.2,0.18746296976005,8.1315,0.6,0.0738,0.0079,0.9665
2026-06-27,short_below,7100.0,2026-08-07,41,71.3,71.9,71.6,0.190196314342944,7.8863,0.6,0.0761,0.0084,0.9631
2026-06-27,wing_above,6925.0,2026-08-07,41,46.5,47.0,46.75,0.209520023144336,6.1729,0.5,0.081,0.0107,0.9394
2026-06-27,wing_below,6900.0,2026-08-07,41,43.9,44.4,44.15,0.214113123175058,5.9895,0.5,0.0835,0.0113,0.936
2026-06-27,short_above,7125.0,2026-08-07,41,75.9,76.6,76.25,0.186140557495232,8.1626,0.7,0.0858,0.0092,0.9672
2026-06-27,short_below,7100.0,2026-08-07,41,71.3,71.9,71.6,0.188891958975323,7.9172,0.6,0.0758,0.0084,0.9638
2026-06-27,wing_above,6925.0,2026-08-07,41,46.4,46.9,46.65,0.208354162279017,6.1984,0.5,0.0807,0.0107,0.9401
2026-06-27,wing_below,6900.0,2026-08-07,41,43.7,44.3,44.0,0.211180594580674,5.9663,0.6,0.1006,0.0136,0.9367
2026-06-27,short_above,7125.0,2026-08-07,41,81.5,82.1,81.8,0.186111537940613,8.3912,0.6,0.0715,0.0073,0.9703
2026-06-27,short_below,7100.0,2026-08-07,41,76.2,76.8,76.5,0.18888019805854,8.1546,0.6,0.0736,0.0078,0.9669
2026-06-27,wing_above,6925.0,2026-08-07,41,49.9,50.5,50.2,0.208502223063501,6.4555,0.6,0.0929,0.012,0.9431
2026-06-27,wing_below,6900.0,2026-08-07,41,47.1,47.6,47.35,0.211361411896427,6.222,0.5,0.0804,0.0106,0.9397
2026-06-27,short_above,7125.0,2026-08-07,41,74.1,75.7,74.9,0.18286277343793,8.1677,1.6,0.1959,0.0214,0.968
2026-06-27,short_below,7100.0,2026-08-07,41,70.0,71.0,70.5,0.185544669660584,7.9172,1.0,0.1263,0.0142,0.9646
2026-06-27,wing_above,6925.0,2026-08-07,41,44.8,46.0,45.4,0.204672468871188,6.1623,1.2,0.1947,0.0264,0.9408
2026-06-27,wing_below,6900.0,2026-08-07,41,41.8,42.6,42.2,0.207488072615781,5.9265,0.8,0.135,0.019,0.9374
2026-06-27,short_above,7125.0,2026-08-07,41,79.7,81.2,80.45,0.18233642920708,8.3672,1.5,0.1793,0.0186,0.9707
2026-06-27,short_below,7100.0,2026-08-07,41,75.0,76.2,75.6,0.184998532068579,8.1234,1.2,0.1477,0.0159,0.9673
2026-06-27,wing_above,6925.0,2026-08-07,41,48.0,49.0,48.5,0.203761822873304,6.368,1.0,0.157,0.0206,0.9435
2026-06-27,wing_below,6900.0,2026-08-07,41,45.0,46.1,45.55,0.206492467934135,6.1269,1.1,0.1795,0.0241,0.9401
2026-06-29,short_above,7125.0,2026-08-07,39,63.3,64.4,63.85,0.185975918171516,7.459,1.1,0.1475,0.0172,0.9632
2026-06-29,short_below,7100.0,2026-08-07,39,59.8,60.6,60.2,0.188710801117282,7.2047,0.8,0.111,0.0133,0.9599
2026-06-29,wing_below,6900.0,2026-08-07,39,36.2,36.9,36.55,0.211059040702965,5.2435,0.7,0.1335,0.0192,0.9328
2026-06-30,short_above,7125.0,2026-08-07,38,57.5,57.9,57.7,0.183045047637279,7.2357,0.4,0.0553,0.0069,0.9613
2026-06-30,short_below,7100.0,2026-08-07,38,53.8,54.1,53.95,0.185833652455757,6.9718,0.3,0.043,0.0056,0.9579
2026-06-30,wing_above,6925.0,2026-08-07,38,34.1,34.4,34.25,0.205709426270034,5.2343,0.3,0.0573,0.0088,0.9343
2026-06-30,wing_below,6900.0,2026-08-07,38,32.1,32.5,32.3,0.208638018847026,5.0125,0.4,0.0798,0.0124,0.9309
2026-06-30,short_above,7125.0,2026-08-07,38,57.2,57.6,57.4,0.183450153736057,7.1993,0.4,0.0556,0.007,0.9608
2026-06-30,short_below,7100.0,2026-08-07,38,53.4,53.8,53.6,0.186221903401908,6.9352,0.4,0.0577,0.0075,0.9574
2026-06-30,wing_above,6925.0,2026-08-07,38,33.9,34.2,34.05,0.205944606934199,5.1984,0.3,0.0577,0.0088,0.9338
2026-06-30,wing_below,6900.0,2026-08-07,38,31.8,32.1,31.95,0.208852211901762,4.9769,0.3,0.0603,0.0094,0.9305
2026-06-30,short_above,7125.0,2026-08-07,38,54.5,54.9,54.7,0.184481979155168,7.029,0.4,0.0569,0.0073,0.9586
2026-06-30,short_below,7100.0,2026-08-07,38,51.1,51.5,51.3,0.187280600845813,6.7654,0.4,0.0591,0.0078,0.9553
2026-06-30,wing_above,6925.0,2026-08-07,38,32.5,32.8,32.65,0.207282086635708,5.0569,0.3,0.0593,0.0092,0.9317
2026-06-30,wing_below,6900.0,2026-08-07,38,30.6,30.9,30.75,0.210233005689281,4.8413,0.3,0.062,0.0098,0.9284
2026-06-30,short_above,7125.0,2026-08-07,38,53.4,53.8,53.6,0.184269490588721,6.9912,0.4,0.0572,0.0075,0.9583
2026-06-30,short_below,7100.0,2026-08-07,38,50.1,50.4,50.25,0.187075578125673,6.7273,0.3,0.0446,0.006,0.9549
2026-06-30,wing_above,6925.0,2026-08-07,38,31.8,32.1,31.95,0.206970586299396,5.0171,0.3,0.0598,0.0094,0.9314
2026-06-30,wing_below,6900.0,2026-08-07,38,29.9,30.2,30.05,0.209884390678277,4.801,0.3,0.0625,0.01,0.928
2026-06-30,short_above,7125.0,2026-08-07,38,53.1,54.0,53.55,0.183193598998499,6.9907,0.9,0.1287,0.0168,0.9585
2026-06-30,short_below,7100.0,2026-08-07,38,49.7,50.1,49.9,0.185990053462991,6.7251,0.4,0.0595,0.008,0.9552
2026-06-30,wing_above,6925.0,2026-08-07,38,31.4,31.8,31.6,0.205673828520263,4.9901,0.4,0.0802,0.0127,0.9315
2026-06-30,wing_below,6900.0,2026-08-07,38,29.6,30.0,29.8,0.208632926374607,4.7749,0.4,0.0838,0.0134,0.9281
2026-06-30,short_above,7125.0,2026-08-07,38,53.5,54.0,53.75,0.184171666653318,7.0022,0.5,0.0714,0.0093,0.9584
2026-06-30,short_below,7100.0,2026-08-07,38,50.1,50.5,50.3,0.186957006770878,6.6986,0.4,0.0597,0.008,0.9546
2026-06-30,wing_above,6925.0,2026-08-07,38,31.7,32.2,31.95,0.206959217882499,4.9932,0.5,0.1001,0.0156,0.9311
2026-06-30,wing_below,6900.0,2026-08-07,38,29.9,30.3,30.1,0.210007927686334,4.7712,0.4,0.0838,0.0133,0.9276
2026-06-30,short_above,7200.0,2026-08-14,45,73.7,74.4,74.05,0.175386244202677,8.5294,0.7,0.0821,0.0095,0.9679
2026-06-30,short_below,7175.0,2026-08-14,45,69.3,70.0,69.65,0.178043458604359,8.3251,0.7,0.0841,0.0101,0.9645
2026-06-30,wing_above,7000.0,2026-08-14,45,45.0,45.6,45.3,0.196869950045024,6.5046,0.6,0.0922,0.0132,0.941
2026-06-30,wing_below,6975.0,2026-08-14,45,42.4,43.0,42.7,0.199363995327631,6.3196,0.6,0.0949,0.0141,0.9376
2026-06-30,short_above,7200.0,2026-08-14,45,74.4,75.0,74.7,0.175073374976268,8.5294,0.6,0.0703,0.008,0.9679
2026-06-30,short_below,7175.0,2026-08-14,45,69.6,70.3,69.95,0.177723427289345,8.3251,0.7,0.0841,0.01,0.9643
2026-06-30,wing_below,6975.0,2026-08-14,45,42.7,43.2,42.95,0.199363995327631,6.3196,0.5,0.0791,0.0116,0.9374
2026-06-30,short_above,7125.0,2026-08-07,38,46.8,47.2,47.0,0.183136984760368,6.6353,0.4,0.0603,0.0085,0.9548
2026-06-30,short_below,7100.0,2026-08-07,38,43.6,44.0,43.8,0.185999295222142,6.3767,0.4,0.0627,0.0091,0.9514
2026-06-30,wing_above,6925.0,2026-08-07,38,27.6,27.9,27.75,0.206431578819596,4.7327,0.3,0.0634,0.0108,0.928
2026-06-30,wing_below,6900.0,2026-08-07,38,26.0,26.3,26.15,0.209436917454351,4.5282,0.3,0.0663,0.0115,0.9246
2026-07-01,short_above,7125.0,2026-08-07,37,42.5,42.9,42.7,0.183002108567862,6.3506,0.4,0.063,0.0094,0.9518
2026-07-01,short_below,7100.0,2026-08-07,37,39.7,40.0,39.85,0.185918467555077,6.0942,0.3,0.0492,0.0075,0.9485
2026-07-01,wing_above,6925.0,2026-08-07,37,25.3,25.5,25.4,0.206903707111613,4.5008,0.2,0.0444,0.0079,0.9251
2026-07-01,wing_below,6900.0,2026-08-07,37,23.8,24.0,23.9,0.209996724809058,4.3058,0.2,0.0464,0.0084,0.9217
2026-07-01,short_above,7125.0,2026-08-07,37,40.4,40.7,40.55,0.182679487788027,6.2156,0.3,0.0483,0.0074,0.9506
2026-07-01,short_below,7100.0,2026-08-07,37,37.7,38.1,37.9,0.185581464688869,5.9643,0.4,0.0671,0.0106,0.9472
2026-07-01,wing_above,6925.0,2026-08-07,37,24.0,24.3,24.15,0.206457990712312,4.3853,0.3,0.0684,0.0124,0.9239
2026-07-01,wing_below,6900.0,2026-08-07,37,22.6,22.9,22.75,0.209554298474486,4.1939,0.3,0.0715,0.0132,0.9206
2026-07-01,short_above,7125.0,2026-08-07,37,40.6,41.0,40.8,0.182209075713242,6.2346,0.4,0.0642,0.0098,0.9509
2026-07-01,short_below,7100.0,2026-08-07,37,37.9,38.3,38.1,0.185158675264647,5.9811,0.4,0.0669,0.0105,0.9476
2026-07-01,wing_above,6925.0,2026-08-07,37,24.2,24.6,24.4,0.206175800487903,4.4053,0.4,0.0908,0.0164,0.9242
2026-07-01,wing_below,6900.0,2026-08-07,37,22.8,23.1,22.95,0.209288436666861,4.2137,0.3,0.0712,0.0131,0.9209
2026-07-01,short_above,7125.0,2026-08-07,37,39.5,39.8,39.65,0.18235120757906,6.147,0.3,0.0488,0.0076,0.9499
2026-07-01,short_below,7100.0,2026-08-07,37,36.9,37.2,37.05,0.185283396003099,5.8983,0.3,0.0509,0.0081,0.9466
2026-07-01,wing_above,6925.0,2026-08-07,37,23.4,23.7,23.55,0.206228269474075,4.3263,0.3,0.0693,0.0127,0.9233
2026-07-01,wing_below,6900.0,2026-08-07,37,22.0,22.3,22.15,0.209313726373107,4.1355,0.3,0.0725,0.0135,0.92
2026-07-01,short_above,7125.0,2026-08-07,37,38.0,38.3,38.15,0.180416169386644,6.068,0.3,0.0494,0.0079,0.9508
2026-07-01,short_below,7100.0,2026-08-07,37,35.4,35.7,35.55,0.18338270462781,5.8112,0.3,0.0516,0.0084,0.9475
2026-07-01,wing_above,6925.0,2026-08-07,37,22.5,22.7,22.6,0.204743836943083,4.2401,0.2,0.0472,0.0088,0.9241
2026-07-01,wing_below,6900.0,2026-08-07,37,21.1,21.4,21.25,0.207908525021896,4.0513,0.3,0.0741,0.0141,0.9208
2026-07-02,short_above,7125.0,2026-08-07,36,35.2,35.5,35.35,0.180493407957548,5.804,0.3,0.0517,0.0085,0.948
2026-07-02,short_below,7100.0,2026-08-07,36,32.7,33.1,32.9,0.18345952963202,5.5509,0.4,0.0721,0.0122,0.9447
2026-07-02,wing_above,6925.0,2026-08-07,36,20.8,21.1,20.95,0.204812377472372,4.0221,0.3,0.0746,0.0143,0.9214
2026-07-02,wing_below,6900.0,2026-08-07,36,19.5,19.8,19.65,0.207968119922678,3.8401,0.3,0.0781,0.0153,0.9181
2026-07-02,short_above,7125.0,2026-08-07,36,37.7,38.2,37.95,0.182640290012572,6.0015,0.5,0.0833,0.0132,0.9493
2026-07-02,short_below,7100.0,2026-08-07,36,35.2,35.7,35.45,0.185644918476831,5.7492,0.5,0.087,0.0141,0.9459
2026-07-02,wing_above,6925.0,2026-08-07,36,22.4,22.8,22.6,0.207024530058161,4.2021,0.4,0.0952,0.0177,0.9226
2026-07-02,wing_below,6900.0,2026-08-07,36,21.1,21.5,21.3,0.210161033416024,4.0152,0.4,0.0996,0.0188,0.9193
2026-07-02,short_above,7125.0,2026-08-07,36,38.0,38.3,38.15,0.181273059025338,6.0007,0.3,0.05,0.0079,0.95
2026-07-02,short_below,7100.0,2026-08-07,36,35.3,35.6,35.45,0.184195899892245,5.7463,0.3,0.0522,0.0085,0.9467
2026-07-02,wing_above,6925.0,2026-08-07,36,22.5,22.8,22.65,0.205864976009621,4.1909,0.3,0.0716,0.0132,0.9234
2026-07-02,wing_below,6900.0,2026-08-07,36,21.1,21.4,21.25,0.210281874327735,4.0038,0.3,0.0749,0.0141,0.92
2026-07-02,short_above,7125.0,2026-08-07,36,38.3,38.7,38.5,0.181053984899473,6.0354,0.4,0.0663,0.0104,0.9505
2026-07-02,short_below,7100.0,2026-08-07,36,35.7,36.0,35.85,0.184039305643833,5.78,0.3,0.0519,0.0084,0.9471
2026-07-02,wing_above,6925.0,2026-08-07,36,22.6,22.8,22.7,0.2054794990496,4.2177,0.2,0.0474,0.0088,0.9238
2026-07-02,wing_below,6900.0,2026-08-07,36,21.2,21.4,21.3,0.208637084936034,4.0296,0.2,0.0496,0.0094,0.9205
2026-07-02,short_above,7125.0,2026-08-07,36,39.2,39.6,39.4,0.180017852137643,6.0878,0.4,0.0657,0.0102,0.9513
2026-07-02,short_below,7100.0,2026-08-07,36,36.5,37.0,36.75,0.183040114225813,5.8314,0.5,0.0857,0.0136,0.9479
2026-07-02,wing_above,6925.0,2026-08-07,36,23.1,23.3,23.2,0.20463730770337,4.2587,0.2,0.047,0.0086,0.9246
2026-07-02,wing_below,6900.0,2026-08-07,36,21.6,21.9,21.75,0.20815622108916,4.0684,0.3,0.0737,0.0138,0.9212
2026-07-02,short_above,7125.0,2026-08-07,36,32.2,32.6,32.4,0.181143943705455,5.512,0.4,0.0726,0.0123,0.9457
2026-07-02,short_below,7100.0,2026-08-07,36,29.9,30.3,30.1,0.184202640931466,5.2647,0.4,0.076,0.0133,0.9423
2026-07-02,wing_above,6925.0,2026-08-07,36,18.9,19.2,19.05,0.206139680271727,3.7905,0.3,0.0791,0.0157,0.9191
2026-07-02,wing_below,6900.0,2026-08-07,36,17.8,18.1,17.95,0.209360232761873,3.6167,0.3,0.0829,0.0167,0.9158
2026-07-02,short_above,7125.0,2026-08-07,36,36.1,36.6,36.35,0.180009662897415,5.8664,0.5,0.0852,0.0138,0.9499
2026-07-02,short_below,7100.0,2026-08-07,36,33.7,34.1,33.9,0.182968287559456,5.6094,0.4,0.0713,0.0118,0.9466
2026-07-02,wing_above,6925.0,2026-08-07,36,20.9,21.3,21.1,0.204213822398194,4.0468,0.4,0.0988,0.019,0.9232
2026-07-02,wing_below,6900.0,2026-08-07,36,19.7,20.0,19.85,0.2095988859093,3.8602,0.3,0.0777,0.0151,0.9199
2026-07-03,short_above,7125.0,2026-08-07,35,41.4,41.8,41.6,0.181116083053814,6.2278,0.4,0.0642,0.0096,0.9533
2026-07-03,short_below,7100.0,2026-08-07,35,38.5,38.8,38.65,0.184132792175572,5.97,0.3,0.0503,0.0078,0.9499
2026-07-03,wing_above,6925.0,2026-08-07,35,24.0,24.3,24.15,0.205527391350352,4.3643,0.3,0.0687,0.0124,0.9265
2026-07-03,wing_below,6900.0,2026-08-07,35,22.5,22.8,22.65,0.208645604709602,4.1678,0.3,0.072,0.0132,0.9232
2026-07-03,short_above,7125.0,2026-08-07,35,44.7,45.2,44.95,0.179001489929209,6.4602,0.5,0.0774,0.0111,0.9565
2026-07-03,short_below,7100.0,2026-08-07,35,41.6,42.2,41.9,0.182001871215855,6.1982,0.6,0.0968,0.0143,0.9532
2026-07-03,wing_above,6925.0,2026-08-07,35,25.9,26.2,26.05,0.203274488840347,4.5438,0.3,0.066,0.0115,0.9297
2026-07-03,wing_below,6900.0,2026-08-07,35,24.3,24.6,24.45,0.206370296043865,4.3392,0.3,0.0691,0.0123,0.9263
2026-07-03,short_above,7125.0,2026-08-07,35,49.3,49.7,49.5,0.180107539516868,6.73,0.4,0.0594,0.0081,0.9592
2026-07-03,short_below,7100.0,2026-08-07,35,46.0,46.4,46.2,0.18308549622761,6.4692,0.4,0.0618,0.0087,0.9558
2026-07-03,wing_above,6925.0,2026-08-07,35,28.6,29.0,28.8,0.204169944399545,4.7885,0.4,0.0835,0.0139,0.9323
2026-07-03,wing_below,6900.0,2026-08-07,35,26.8,27.2,27.0,0.207252254702934,4.5776,0.4,0.0874,0.0148,0.9289
2026-07-03,short_above,7125.0,2026-08-07,35,42.8,43.2,43.0,0.178532636038305,6.3398,0.4,0.0631,0.0093,0.9557
2026-07-03,short_above,7125.0,2026-08-07,35,39.1,39.5,39.3,0.177120920190719,6.1159,0.4,0.0654,0.0102,0.9538
2026-07-03,short_below,7100.0,2026-08-07,35,36.5,36.9,36.7,0.180073155582433,5.8517,0.4,0.0684,0.0109,0.9504
2026-07-03,wing_above,6925.0,2026-08-07,35,22.4,22.7,22.55,0.201238955760688,4.2246,0.3,0.071,0.0133,0.927
2026-07-03,wing_below,6900.0,2026-08-07,35,20.9,21.3,21.1,0.204351267280004,4.0281,0.4,0.0993,0.019,0.9236
2026-07-03,short_above,7125.0,2026-08-07,35,39.2,39.8,39.5,0.176869677227337,6.1082,0.6,0.0982,0.0152,0.9534
2026-07-03,short_below,7100.0,2026-08-07,35,36.3,36.9,36.6,0.179801619566068,5.8425,0.6,0.1027,0.0164,0.9501
2026-07-03,wing_above,6925.0,2026-08-07,35,22.3,22.7,22.5,0.200912171732608,4.2116,0.4,0.095,0.0178,0.9267
2026-07-03,wing_below,6900.0,2026-08-07,35,20.9,21.3,21.1,0.20402325797192,4.0006,0.4,0.1,0.019,0.9233
2026-07-04,wing_above,6925.0,2026-08-07,34,19.2,19.5,19.35,0.202658383492509,4.1333,0.3,0.0726,0.0155,0.9226
2026-07-04,wing_below,6900.0,2026-08-07,34,17.9,18.3,18.1,0.205856424160378,3.9378,0.4,0.1016,0.0221,0.9193
2026-07-04,short_above,7125.0,2026-08-07,34,33.6,34.1,33.85,0.178016544751315,6.0375,0.5,0.0828,0.0148,0.9493
2026-07-04,short_below,7100.0,2026-08-07,34,31.2,31.7,31.45,0.181011122368523,5.7701,0.5,0.0867,0.0159,0.946
2026-07-04,wing_above,6925.0,2026-08-07,34,19.2,19.5,19.35,0.202658383492509,4.1333,0.3,0.0726,0.0155,0.9226
2026-07-04,wing_below,6900.0,2026-08-07,34,17.9,18.3,18.1,0.205856424160378,3.9378,0.4,0.1016,0.0221,0.9193
2026-07-04,wing_above,6925.0,2026-08-07,34,19.2,19.5,19.35,0.202658383492509,4.1333,0.3,0.0726,0.0155,0.9226
2026-07-04,wing_below,6900.0,2026-08-07,34,17.9,18.3,18.1,0.205856424160378,3.9378,0.4,0.1016,0.0221,0.9193
2026-07-04,short_above,7125.0,2026-08-07,34,33.6,34.1,33.85,0.178016544751315,6.0375,0.5,0.0828,0.0148,0.9493
2026-07-04,short_below,7100.0,2026-08-07,34,31.2,31.7,31.45,0.181011122368523,5.7701,0.5,0.0867,0.0159,0.946
2026-07-04,wing_above,6925.0,2026-08-07,34,19.2,19.5,19.35,0.202658383492509,4.1333,0.3,0.0726,0.0155,0.9226
2026-07-04,wing_below,6900.0,2026-08-07,34,17.9,18.3,18.1,0.205856424160378,3.9378,0.4,0.1016,0.0221,0.9193
2026-07-06,short_above,7125.0,2026-08-07,32,30.7,31.9,31.3,0.182971177416095,5.1805,1.2,0.2316,0.0383,0.9482
2026-07-06,short_below,7100.0,2026-08-07,32,29.0,29.8,29.4,0.186136254651035,4.9354,0.8,0.1621,0.0272,0.9449
2026-07-06,wing_above,6925.0,2026-08-07,32,17.8,18.2,18.0,0.208951975646166,3.4865,0.4,0.1147,0.0222,0.9216
2026-07-06,wing_below,6900.0,2026-08-07,32,16.6,17.0,16.8,0.212333287190941,3.3182,0.4,0.1205,0.0238,0.9183
2026-07-06,short_above,7275.0,2026-08-21,46,69.2,69.8,69.5,0.164735094891015,8.6992,0.6,0.069,0.0086,0.9682
2026-07-06,short_below,7270.0,2026-08-21,46,68.4,69.0,68.7,0.163809545528468,8.624,0.6,0.0696,0.0087,0.9675
2026-07-06,wing_above,7075.0,2026-08-21,46,42.0,42.5,42.25,0.186036993723272,6.6336,0.5,0.0754,0.0118,0.9416
2026-07-06,wing_below,7070.0,2026-08-21,46,41.4,42.0,41.7,0.186620255410782,6.5845,0.6,0.0911,0.0144,0.9409
2026-07-06,short_above,7125.0,2026-08-07,32,27.8,28.3,28.05,0.182243266666008,4.9834,0.5,0.1003,0.0178,0.9466
2026-07-06,short_below,7100.0,2026-08-07,32,25.9,26.2,26.05,0.185436934400054,4.7425,0.3,0.0633,0.0115,0.9432
2026-07-06,wing_above,6925.0,2026-08-07,32,16.0,16.3,16.15,0.208601915561739,3.3387,0.3,0.0899,0.0186,0.92
2026-07-06,wing_below,6900.0,2026-08-07,32,15.1,15.3,15.2,0.211840428556227,3.1775,0.2,0.0629,0.0132,0.9167
2026-07-06,short_above,7275.0,2026-08-21,46,64.2,64.7,64.45,0.163160544996143,8.5075,0.5,0.0588,0.0078,0.9665
2026-07-06,short_below,7270.0,2026-08-21,46,63.5,64.2,63.85,0.163714641329736,8.4617,0.7,0.0827,0.011,0.9654
2026-07-06,wing_above,7075.0,2026-08-21,46,39.3,39.7,39.5,0.185874624535744,6.3785,0.4,0.0627,0.0101,0.9395
2026-07-06,wing_below,7070.0,2026-08-21,46,38.8,39.2,39.0,0.186239440371456,6.3559,0.4,0.0629,0.0103,0.9389
2026-07-07,short_above,7125.0,2026-08-07,31,27.1,27.4,27.25,0.182411859859613,4.8921,0.3,0.0613,0.011,0.9455
2026-07-07,short_below,7100.0,2026-08-07,31,25.2,25.5,25.35,0.185655538221378,4.655,0.3,0.0644,0.0118,0.9422
2026-07-07,wing_above,6925.0,2026-08-07,31,15.7,16.0,15.85,0.209126092041787,3.2794,0.3,0.0915,0.0189,0.9189
2026-07-07,wing_below,6900.0,2026-08-07,31,14.8,15.1,14.95,0.212596770247182,3.1216,0.3,0.0961,0.0201,0.9156
2026-07-07,short_above,7275.0,2026-08-21,45,63.3,63.6,63.45,0.163226279857447,8.4143,0.3,0.0357,0.0047,0.9654
2026-07-07,short_below,7270.0,2026-08-21,45,62.4,62.8,62.6,0.163785348244007,8.3608,0.4,0.0478,0.0064,0.9647
2026-07-07,wing_above,7075.0,2026-08-21,45,38.6,39.0,38.8,0.186058838134175,6.3216,0.4,0.0633,0.0103,0.9388
2026-07-07,wing_below,7070.0,2026-08-21,45,38.2,38.5,38.35,0.186639542900697,6.2645,0.3,0.0479,0.0078,0.9382
2026-07-07,short_above,7125.0,2026-08-07,31,27.5,27.8,27.65,0.182218421047575,4.9292,0.3,0.0609,0.0108,0.9458
2026-07-07,short_above,7125.0,2026-08-07,31,27.5,27.8,27.65,0.181701591114968,4.9524,0.3,0.0606,0.0108,0.9466
2026-07-07,short_below,7100.0,2026-08-07,31,25.5,25.8,25.65,0.18493142344895,4.7123,0.3,0.0637,0.0117,0.9433
2026-07-07,wing_above,6925.0,2026-08-07,31,15.7,16.0,15.85,0.208169167101612,3.3115,0.3,0.0906,0.0189,0.92
2026-07-07,wing_below,6900.0,2026-08-07,31,14.8,15.0,14.9,0.211591978659427,3.1501,0.2,0.0635,0.0134,0.9167
2026-07-07,short_above,7275.0,2026-08-21,45,63.9,64.2,64.05,0.162670936412729,8.4864,0.3,0.0354,0.0047,0.9661
2026-07-07,short_below,7270.0,2026-08-21,45,63.1,63.5,63.3,0.16322309358397,8.4324,0.4,0.0474,0.0063,0.9654
2026-07-07,wing_above,7075.0,2026-08-21,45,38.8,39.1,38.95,0.185453510138145,6.3461,0.3,0.0473,0.0077,0.9395
2026-07-07,wing_below,7070.0,2026-08-21,45,38.3,38.7,38.5,0.186035206379209,6.3256,0.4,0.0632,0.0104,0.9388
2026-07-07,short_above,7125.0,2026-08-07,31,25.0,25.2,25.1,0.181409998321588,4.7096,0.2,0.0425,0.008,0.9442
2026-07-07,wing_above,6925.0,2026-08-07,31,14.4,14.6,14.5,0.20775935355118,3.1284,0.2,0.0639,0.0138,0.9177
2026-07-07,wing_below,6900.0,2026-08-07,31,13.5,13.7,13.6,0.211242129009688,2.9758,0.2,0.0672,0.0147,0.9144
2026-07-07,short_above,7275.0,2026-08-21,45,59.6,60.0,59.8,0.162503691187867,8.2549,0.4,0.0485,0.0067,0.9641
2026-07-07,short_below,7270.0,2026-08-21,45,58.8,59.2,59.0,0.163058607062671,8.209,0.4,0.0487,0.0068,0.9634
2026-07-07,wing_above,7075.0,2026-08-21,45,36.1,36.4,36.25,0.185263267442299,6.1488,0.3,0.0488,0.0083,0.9376
2026-07-07,wing_below,7070.0,2026-08-21,45,35.7,36.1,35.9,0.185841417050604,6.0915,0.4,0.0657,0.0111,0.9369
2026-07-07,short_above,7125.0,2026-08-07,31,25.4,25.9,25.65,0.180104039442118,4.7647,0.5,0.1049,0.0195,0.9447
2026-07-07,short_below,7100.0,2026-08-07,31,23.8,24.2,24.0,0.183326434079557,4.528,0.4,0.0883,0.0167,0.9416
2026-07-07,wing_above,6925.0,2026-08-07,31,14.7,15.0,14.85,0.20679871325198,3.1666,0.3,0.0947,0.0202,0.9184
2026-07-07,wing_below,6900.0,2026-08-07,31,13.8,14.1,13.95,0.210286066673442,3.0119,0.3,0.0996,0.0215,0.9151
2026-07-07,short_above,7275.0,2026-08-21,45,61.4,61.7,61.55,0.161755140807392,8.3169,0.3,0.0361,0.0049,0.9648
2026-07-07,short_below,7270.0,2026-08-21,45,60.6,61.0,60.8,0.162309429761542,8.266,0.4,0.0484,0.0066,0.9642
2026-07-07,wing_above,7075.0,2026-08-21,45,37.0,37.4,37.2,0.184590922453274,6.1757,0.4,0.0648,0.0108,0.9383
2026-07-07,wing_below,7070.0,2026-08-21,45,36.5,36.8,36.65,0.185172926134379,6.1466,0.3,0.0488,0.0082,0.9376
2026-07-07,short_above,7125.0,2026-08-07,31,24.7,25.1,24.9,0.17985496133712,4.6484,0.4,0.0861,0.0161,0.9446
2026-07-07,short_below,7100.0,2026-08-07,31,22.9,23.3,23.1,0.183061367827864,4.4134,0.4,0.0906,0.0173,0.9413
2026-07-07,wing_above,6925.0,2026-08-07,31,14.2,14.5,14.35,0.206669854059618,3.0747,0.3,0.0976,0.0209,0.9181
2026-07-07,wing_below,6900.0,2026-08-07,31,13.3,13.6,13.45,0.210419236171946,2.9241,0.3,0.1026,0.0223,0.9148
2026-07-07,short_above,7275.0,2026-08-21,45,59.8,60.3,60.05,0.16200796128773,8.1395,0.5,0.0614,0.0083,0.9645
2026-07-07,short_below,7270.0,2026-08-21,45,59.1,59.6,59.35,0.162555519945526,8.0767,0.5,0.0619,0.0084,0.9639
2026-07-07,wing_above,7075.0,2026-08-21,45,36.1,36.5,36.3,0.183389079500652,6.008,0.4,0.0666,0.011,0.938
2026-07-07,wing_below,7070.0,2026-08-21,45,35.6,36.0,35.8,0.185131592122556,5.9683,0.4,0.067,0.0112,0.9373
2026-07-07,short_above,7125.0,2026-08-07,31,28.2,28.6,28.4,0.181326250695117,4.9799,0.4,0.0803,0.0141,0.9481
2026-07-07,short_below,7100.0,2026-08-07,31,26.4,26.6,26.5,0.184460847824696,4.7335,0.2,0.0423,0.0075,0.9448
2026-07-07,wing_above,6925.0,2026-08-07,31,15.9,16.2,16.05,0.207349697644529,3.2981,0.3,0.091,0.0187,0.9215
2026-07-07,wing_below,6900.0,2026-08-07,31,14.9,15.2,15.05,0.210778039797397,3.1339,0.3,0.0957,0.0199,0.9182
2026-07-07,short_above,7275.0,2026-08-21,45,66.6,67.0,66.8,0.16248723483519,8.5101,0.4,0.047,0.006,0.9681
2026-07-07,short_below,7270.0,2026-08-21,45,65.6,66.0,65.8,0.163042446088797,8.481,0.4,0.0472,0.0061,0.9674
2026-07-07,wing_above,7075.0,2026-08-21,45,40.0,40.4,40.2,0.185128349694051,6.4192,0.4,0.0623,0.01,0.9415
2026-07-07,wing_below,7070.0,2026-08-21,45,39.6,40.0,39.8,0.185702215708425,6.3699,0.4,0.0628,0.0101,0.9408
2026-07-07,short_above,7295.0,2026-08-21,45,70.2,70.7,70.45,0.160275930784904,8.749,0.5,0.0571,0.0071,0.9708
2026-07-07,short_below,7280.0,2026-08-21,45,67.0,67.6,67.3,0.161932947158425,8.5641,0.6,0.0701,0.0089,0.9688
2026-07-07,wing_above,7090.0,2026-08-21,45,41.2,41.9,41.55,0.183408871992543,6.5448,0.7,0.107,0.0168,0.9435
2026-07-07,wing_below,7085.0,2026-08-21,45,40.9,41.3,41.1,0.183981679125532,6.4946,0.4,0.0616,0.0097,0.9428
2026-07-07,short_above,7125.0,2026-08-07,31,32.0,32.3,32.15,0.181813047742087,5.2392,0.3,0.0573,0.0093,0.9509
2026-07-07,short_below,7100.0,2026-08-07,31,29.7,30.1,29.9,0.185006863866209,4.9894,0.4,0.0802,0.0134,0.9475
2026-07-07,wing_above,6925.0,2026-08-07,31,18.0,18.3,18.15,0.207895739351223,3.5031,0.3,0.0856,0.0165,0.9242
2026-07-07,wing_below,6900.0,2026-08-07,31,16.9,17.1,17.0,0.21128134469843,3.3299,0.2,0.0601,0.0118,0.9208
2026-07-07,short_above,7275.0,2026-08-21,45,73.2,73.7,73.45,0.162412958575128,8.78,0.5,0.0569,0.0068,0.9709
2026-07-07,short_below,7270.0,2026-08-21,45,72.3,72.8,72.55,0.162964549350576,8.7427,0.5,0.0572,0.0069,0.9702
2026-07-07,wing_above,7075.0,2026-08-21,45,44.1,44.6,44.35,0.185148750832276,6.6563,0.5,0.0751,0.0113,0.9442
2026-07-07,wing_below,7070.0,2026-08-21,45,43.5,43.9,43.7,0.185457917096232,6.6064,0.4,0.0605,0.0092,0.9435
2026-07-07,short_above,7295.0,2026-08-21,45,77.3,77.8,77.55,0.160218845491267,8.9695,0.5,0.0557,0.0064,0.9735
2026-07-07,short_below,7280.0,2026-08-21,45,74.2,74.8,74.5,0.162076845537421,8.832,0.6,0.0679,0.0081,0.9722
2026-07-07,wing_above,7090.0,2026-08-21,45,45.8,46.3,46.05,0.183606128825256,6.8072,0.5,0.0735,0.0109,0.9468
2026-07-07,wing_below,7085.0,2026-08-21,45,45.3,45.7,45.5,0.184184317820084,6.8159,0.4,0.0587,0.0088,0.9461
2026-07-08,short_above,7125.0,2026-08-07,30,29.7,30.0,29.85,0.180339229207226,5.1293,0.3,0.0585,0.0101,0.9502
2026-07-08,short_below,7100.0,2026-08-07,30,27.5,27.8,27.65,0.183492700754322,4.8786,0.3,0.0615,0.0108,0.9469
2026-07-08,wing_above,6925.0,2026-08-07,30,16.8,17.0,16.9,0.206565047470672,3.4093,0.2,0.0587,0.0118,0.9235
2026-07-08,short_above,7275.0,2026-08-21,44,69.0,69.4,69.2,0.162539476947653,8.661,0.4,0.0462,0.0058,0.9702
2026-07-08,short_below,7270.0,2026-08-21,44,68.2,68.6,68.4,0.161977103439989,8.6082,0.4,0.0465,0.0058,0.9696
2026-07-08,wing_above,7075.0,2026-08-21,44,41.5,41.9,41.7,0.184236682074518,6.563,0.4,0.0609,0.0096,0.9435
2026-07-08,wing_below,7070.0,2026-08-21,44,41.0,41.4,41.2,0.185457917096232,6.4944,0.4,0.0616,0.0097,0.9429
2026-07-08,short_above,7295.0,2026-08-21,44,72.7,73.2,72.95,0.159190079154467,8.8877,0.5,0.0563,0.0069,0.9729
2026-07-08,short_below,7280.0,2026-08-21,44,69.8,70.3,70.05,0.16072358400193,8.7141,0.5,0.0574,0.0071,0.9706
2026-07-08,wing_above,7090.0,2026-08-21,44,42.9,43.3,43.1,0.182395519592241,6.6955,0.4,0.0597,0.0093,0.9453
2026-07-08,wing_below,7085.0,2026-08-21,44,42.4,42.7,42.55,0.182975801511015,6.6449,0.3,0.0451,0.0071,0.9446
2026-07-08,short_above,7125.0,2026-08-07,30,37.6,38.0,37.8,0.187472802990159,5.544,0.4,0.0721,0.0106,0.9538
2026-07-08,short_below,7100.0,2026-08-07,30,34.7,35.1,34.9,0.190745133305793,5.3218,0.4,0.0752,0.0115,0.9508
2026-07-08,wing_above,6925.0,2026-08-07,30,21.1,21.4,21.25,0.214023551119844,3.7693,0.3,0.0796,0.0141,0.9273
2026-07-08,wing_below,6900.0,2026-08-07,30,19.7,20.0,19.85,0.217450758852716,3.622,0.3,0.0828,0.0151,0.924
2026-07-08,short_below,7270.0,2026-08-21,44,80.4,81.0,80.7,0.165994493447237,8.9085,0.6,0.0674,0.0074,0.9735
2026-07-08,wing_above,7075.0,2026-08-21,44,49.4,50.0,49.7,0.188980974408687,6.9303,0.6,0.0866,0.0121,0.9474
2026-07-08,wing_below,7070.0,2026-08-21,44,48.6,49.1,48.85,0.189570243600338,6.8965,0.5,0.0725,0.0102,0.9467
2026-07-08,short_above,7295.0,2026-08-21,44,85.0,85.6,85.3,0.163075172387519,9.1737,0.6,0.0654,0.007,0.9769
2026-07-08,short_below,7280.0,2026-08-21,44,81.1,81.8,81.45,0.164825191861278,9.0262,0.7,0.0776,0.0086,0.9749
2026-07-08,wing_above,7090.0,2026-08-21,44,50.7,51.2,50.95,0.187212372571302,7.1307,0.5,0.0701,0.0098,0.9494
2026-07-08,wing_below,7085.0,2026-08-21,44,50.0,50.5,50.25,0.187802037565472,7.053,0.5,0.0709,0.01,0.9488
2026-07-08,short_above,7225.0,2026-08-21,44,70.6,71.3,70.95,0.171277731220544,8.4736,0.7,0.0826,0.0099,0.9675
2026-07-08,short_below,7220.0,2026-08-21,44,69.3,70.0,69.65,0.17186650953159,8.4276,0.7,0.0831,0.0101,0.9668
2026-07-08,wing_above,7020.0,2026-08-21,44,42.6,43.3,42.95,0.195456158663936,6.4428,0.7,0.1086,0.0163,0.94
2026-07-08,wing_below,7010.0,2026-08-21,44,41.8,42.3,42.05,0.196353046640296,6.2899,0.5,0.0795,0.0119,0.9385
2026-07-08,short_above,7125.0,2026-08-07,30,42.8,43.3,43.05,0.190856370746507,5.8812,0.5,0.085,0.0116,0.9572
2026-07-08,short_below,7100.0,2026-08-07,30,40.1,40.5,40.3,0.193875318133825,5.618,0.4,0.0712,0.0099,0.9535
2026-07-08,wing_above,6925.0,2026-08-07,30,24.9,25.2,25.05,0.217693786431648,4.1162,0.3,0.0729,0.012,0.93
2026-07-08,wing_below,6900.0,2026-08-07,30,23.4,23.7,23.55,0.217155071786514,3.9196,0.3,0.0765,0.0127,0.9266
2026-07-08,short_above,7275.0,2026-08-21,44,90.3,90.9,90.6,0.167800331714937,9.2028,0.6,0.0652,0.0066,0.977
2026-07-08,short_below,7270.0,2026-08-21,44,88.4,89.1,88.75,0.168385091863579,9.1626,0.7,0.0764,0.0079,0.9763
2026-07-08,wing_above,7075.0,2026-08-21,44,55.4,56.0,55.7,0.191491127768904,7.2765,0.6,0.0825,0.0108,0.9501
2026-07-08,wing_below,7070.0,2026-08-21,44,54.4,54.9,54.65,0.192087811107847,7.203,0.5,0.0694,0.0091,0.9495
2026-07-08,short_above,7295.0,2026-08-21,44,94.1,94.7,94.4,0.165467164708877,9.3778,0.6,0.064,0.0064,0.9797
2026-07-08,short_below,7280.0,2026-08-21,44,90.4,91.0,90.7,0.167189265912388,9.2549,0.6,0.0648,0.0066,0.9777
2026-07-08,wing_above,7090.0,2026-08-21,44,57.0,57.7,57.35,0.189701319388506,7.413,0.7,0.0944,0.0122,0.9521
2026-07-08,wing_below,7085.0,2026-08-21,44,56.8,57.6,57.2,0.190297870971248,7.3898,0.8,0.1083,0.014,0.9515
2026-07-08,short_above,7225.0,2026-08-21,44,79.5,80.1,79.8,0.173670362616838,8.747,0.6,0.0686,0.0075,0.9703
2026-07-08,short_below,7220.0,2026-08-21,44,78.6,79.2,78.9,0.174259851443499,8.7134,0.6,0.0689,0.0076,0.9696
2026-07-08,wing_above,7020.0,2026-08-21,44,48.9,49.5,49.2,0.198054826838113,6.7478,0.6,0.0889,0.0122,0.9427
2026-07-08,wing_below,7010.0,2026-08-21,44,47.9,48.5,48.2,0.199248048482204,6.6673,0.6,0.09,0.0124,0.9414
2026-07-08,short_above,7175.0,2026-08-21,44,73.8,74.5,74.15,0.180992354366468,8.3802,0.7,0.0835,0.0094,0.9653
2026-07-08,short_below,7170.0,2026-08-21,44,73.2,73.9,73.55,0.181714623894967,8.3319,0.7,0.084,0.0095,0.9647
2026-07-08,wing_above,6960.0,2026-08-21,44,45.4,46.0,45.7,0.206390620619435,6.3362,0.6,0.0947,0.0131,0.9364
2026-07-08,wing_below,6955.0,2026-08-21,44,44.9,45.4,45.15,0.20692776734584,6.2956,0.5,0.0794,0.0111,0.9358
2026-07-09,short_above,7125.0,2026-08-07,29,35.3,35.7,35.5,0.185437718267366,5.4153,0.4,0.0739,0.0113,0.9534
2026-07-09,short_below,7100.0,2026-08-07,29,32.8,33.1,32.95,0.19493773705411,5.1787,0.3,0.0579,0.0091,0.95
2026-07-09,wing_above,6925.0,2026-08-07,29,20.1,20.4,20.25,0.212067241579994,3.661,0.3,0.0819,0.0148,0.9266
2026-07-09,wing_below,6900.0,2026-08-07,29,18.9,19.2,19.05,0.215514972260368,3.5056,0.3,0.0856,0.0157,0.9232
2026-07-09,short_above,7275.0,2026-08-21,43,78.8,79.4,79.1,0.164248921940203,8.8761,0.6,0.0676,0.0076,0.9734
2026-07-09,short_below,7270.0,2026-08-21,43,78.0,78.6,78.3,0.164838718287648,8.8608,0.6,0.0677,0.0077,0.9728
2026-07-09,wing_above,7075.0,2026-08-21,43,48.1,48.6,48.35,0.188103864623762,6.8449,0.5,0.073,0.0103,0.9467
2026-07-09,wing_below,7070.0,2026-08-21,43,47.3,47.8,47.55,0.189321024402437,6.8076,0.5,0.0734,0.0105,0.946
2026-07-09,short_above,7295.0,2026-08-21,43,82.6,83.2,82.9,0.162049873223849,9.0968,0.6,0.066,0.0072,0.9763
2026-07-09,short_below,7280.0,2026-08-21,43,79.7,80.3,80.0,0.163792196661522,8.9489,0.6,0.067,0.0075,0.9743
2026-07-09,wing_above,7090.0,2026-08-21,43,49.8,50.3,50.05,0.186153548631685,7.0271,0.5,0.0712,0.01,0.9489
2026-07-09,wing_below,7085.0,2026-08-21,43,49.1,49.6,49.35,0.186745423266712,6.9917,0.5,0.0715,0.0101,0.9482
2026-07-09,short_above,7225.0,2026-08-21,43,69.4,70.1,69.75,0.170219260775239,8.41,0.7,0.0832,0.01,0.967
2026-07-09,short_below,7220.0,2026-08-21,43,68.6,69.2,68.9,0.170806172688505,8.3485,0.6,0.0719,0.0087,0.9663
2026-07-09,wing_above,7020.0,2026-08-21,43,42.2,42.7,42.45,0.199241812526318,6.3446,0.5,0.0788,0.0118,0.9395
2026-07-09,wing_below,7010.0,2026-08-21,43,41.3,41.8,41.55,0.195623619747154,6.2664,0.5,0.0798,0.012,0.9382
2026-07-09,short_above,7125.0,2026-08-07,29,35.1,36.2,35.65,0.185350141997432,5.443,1.1,0.2021,0.0309,0.9539
2026-07-09,short_below,7100.0,2026-08-07,29,33.1,33.7,33.4,0.189703110295267,5.2251,0.6,0.1148,0.018,0.9505
2026-07-09,wing_above,6925.0,2026-08-07,29,20.0,20.4,20.2,0.212211551224787,3.6885,0.4,0.1084,0.0198,0.9271
2026-07-09,wing_below,6900.0,2026-08-07,29,18.7,19.1,18.9,0.21564336607463,3.5001,0.4,0.1143,0.0212,0.9237
2026-07-09,short_above,7275.0,2026-08-21,43,78.6,79.0,78.8,0.16404822056233,8.9033,0.4,0.0449,0.0051,0.9739
2026-07-09,short_below,7270.0,2026-08-21,43,77.5,78.0,77.75,0.164627810080002,8.8546,0.5,0.0565,0.0064,0.9733
2026-07-09,wing_above,7075.0,2026-08-21,43,47.8,48.1,47.95,0.187416349861979,6.8842,0.3,0.0436,0.0063,0.9472
2026-07-09,wing_below,7070.0,2026-08-21,43,46.5,47.2,46.85,0.188004033990046,6.8345,0.7,0.1024,0.0149,0.9465
2026-07-09,short_above,7295.0,2026-08-21,43,80.8,82.7,81.75,0.161732781918045,9.098,1.9,0.2088,0.0232,0.9766
2026-07-09,short_below,7280.0,2026-08-21,43,76.4,78.2,77.3,0.163468918232472,8.9533,1.8,0.201,0.0233,0.9746
2026-07-09,wing_above,7090.0,2026-08-21,43,48.4,49.0,48.7,0.185653896254692,7.0166,0.6,0.0855,0.0123,0.9492
2026-07-09,short_above,7225.0,2026-08-21,43,68.0,68.4,68.2,0.16981376122309,8.3666,0.4,0.0478,0.0059,0.9668
2026-07-09,short_below,7220.0,2026-08-21,43,66.6,67.2,66.9,0.170407549800334,8.3505,0.6,0.0719,0.009,0.9661
2026-07-09,wing_above,7020.0,2026-08-21,43,40.8,41.2,41.0,0.194042543360656,6.2956,0.4,0.0635,0.0098,0.9394
2026-07-09,wing_below,7010.0,2026-08-21,43,40.0,40.4,40.2,0.195215882372403,6.2358,0.4,0.0641,0.01,0.938
2026-07-09,short_above,7125.0,2026-08-07,29,33.5,33.8,33.65,0.18468272654428,5.3432,0.3,0.0561,0.0089,0.9529
2026-07-09,short_below,7100.0,2026-08-07,29,30.9,31.2,31.05,0.188006993853738,5.0581,0.3,0.0593,0.0097,0.9495
2026-07-09,wing_above,6925.0,2026-08-07,29,18.7,18.9,18.8,0.211841381773371,3.5802,0.2,0.0559,0.0106,0.9261
2026-07-09,wing_below,6900.0,2026-08-07,29,17.5,17.8,17.65,0.215337971324892,3.4181,0.3,0.0878,0.017,0.9228
2026-07-09,short_above,7275.0,2026-08-21,43,74.5,75.0,74.75,0.163936318854845,8.796,0.5,0.0568,0.0067,0.9729
2026-07-09,short_below,7270.0,2026-08-21,43,73.5,73.9,73.7,0.16451809530873,8.7448,0.4,0.0457,0.0054,0.9723
2026-07-09,wing_above,7075.0,2026-08-21,43,45.1,45.6,45.35,0.187515728087021,6.7405,0.5,0.0742,0.011,0.9462
2026-07-09,wing_below,7070.0,2026-08-21,43,44.4,45.0,44.7,0.187280075714939,6.691,0.6,0.0897,0.0134,0.9448
2026-07-09,short_above,7295.0,2026-08-21,43,78.4,79.0,78.7,0.161478299246102,8.9926,0.6,0.0667,0.0076,0.9749
2026-07-09,short_below,7280.0,2026-08-21,43,75.4,75.8,75.6,0.163245528137775,8.8249,0.4,0.0453,0.0053,0.9729
2026-07-09,wing_above,7090.0,2026-08-21,43,46.9,47.3,47.1,0.185748474455257,6.8529,0.4,0.0584,0.0085,0.9475
2026-07-09,short_above,7225.0,2026-08-21,43,65.8,66.2,66.0,0.169757645417742,8.2553,0.4,0.0485,0.0061,0.9655
2026-07-09,short_below,7220.0,2026-08-21,43,65.1,65.5,65.3,0.170351092157663,8.21,0.4,0.0487,0.0061,0.9649
2026-07-09,wing_above,7020.0,2026-08-21,43,39.9,40.3,40.1,0.193979843219119,6.1806,0.4,0.0647,0.01,0.9381
2026-07-09,wing_below,7010.0,2026-08-21,43,39.1,39.5,39.3,0.195153240636215,6.0745,0.4,0.0658,0.0102,0.9368
2026-07-09,short_below,7100.0,2026-08-07,29,30.1,30.5,30.3,0.18717099013234,4.9835,0.4,0.0803,0.0132,0.9489
2026-07-09,wing_above,6925.0,2026-08-07,29,18.3,18.6,18.45,0.211106502711613,3.536,0.3,0.0848,0.0163,0.9255
2026-07-09,wing_below,6900.0,2026-08-07,29,17.2,17.5,17.35,0.214640747194313,3.3456,0.3,0.0897,0.0173,0.9222
2026-07-09,short_above,7275.0,2026-08-21,43,74.2,74.8,74.5,0.163499094764793,8.7661,0.6,0.0684,0.0081,0.9723
2026-07-09,short_below,7270.0,2026-08-21,43,73.2,73.8,73.5,0.164091199277297,8.7179,0.6,0.0688,0.0082,0.9716
2026-07-09,wing_above,7075.0,2026-08-21,43,44.8,45.3,45.05,0.18730865702659,6.6867,0.5,0.0748,0.0111,0.9456
2026-07-09,wing_below,7070.0,2026-08-21,43,44.1,44.9,44.5,0.187901992732798,6.6374,0.8,0.1205,0.018,0.9449
2026-07-09,short_above,7295.0,2026-08-21,43,78.0,78.6,78.3,0.161197913050797,8.9514,0.6,0.067,0.0077,0.975
2026-07-09,short_below,7280.0,2026-08-21,43,75.0,75.6,75.3,0.162972159186085,8.7957,0.6,0.0682,0.008,0.9727
2026-07-09,wing_above,7090.0,2026-08-21,43,46.7,47.1,46.9,0.184791844026912,6.8456,0.4,0.0584,0.0085,0.9473
2026-07-09,wing_below,7085.0,2026-08-21,43,46.2,46.7,46.45,0.186145005745126,6.8143,0.5,0.0734,0.0108,0.9466
2026-07-09,short_above,7225.0,2026-08-21,43,65.4,65.8,65.6,0.169505060390823,8.2517,0.4,0.0485,0.0061,0.9654
2026-07-09,short_below,7220.0,2026-08-21,43,64.7,65.2,64.95,0.170665242082437,8.1793,0.5,0.0611,0.0077,0.9647
2026-07-09,wing_above,7020.0,2026-08-21,43,39.7,40.1,39.9,0.199241812526318,6.1772,0.4,0.0648,0.01,0.938
2026-07-09,wing_below,7010.0,2026-08-21,43,38.7,39.0,38.85,0.195003513840928,6.0895,0.3,0.0493,0.0077,0.9366
2026-07-09,short_below,7100.0,2026-08-07,29,31.6,31.9,31.75,0.187910756387048,5.0438,0.3,0.0595,0.0094,0.9492
2026-07-09,wing_above,6925.0,2026-08-07,29,19.1,19.4,19.25,0.211637763185184,3.5726,0.3,0.084,0.0156,0.9258
2026-07-09,wing_below,6900.0,2026-08-07,29,17.9,18.2,18.05,0.21513853754244,3.3873,0.3,0.0886,0.0166,0.9225
2026-07-09,short_above,7275.0,2026-08-21,43,76.9,77.4,77.15,0.164151025593678,8.7233,0.5,0.0573,0.0065,0.9726
2026-07-09,short_below,7270.0,2026-08-21,43,76.0,76.5,76.25,0.16541845027813,8.6907,0.5,0.0575,0.0066,0.9719
2026-07-09,wing_above,7075.0,2026-08-21,43,46.7,47.1,46.9,0.18791094238307,6.69,0.4,0.0598,0.0085,0.9459
2026-07-09,wing_below,7070.0,2026-08-21,43,46.2,46.6,46.4,0.18850208794489,6.6407,0.4,0.0602,0.0086,0.9452
2026-07-09,short_above,7295.0,2026-08-21,43,81.0,81.5,81.25,0.161828178772441,8.9454,0.5,0.0559,0.0062,0.9757
2026-07-09,short_below,7280.0,2026-08-21,43,78.0,78.5,78.25,0.163584962620133,8.7975,0.5,0.0568,0.0064,0.9737
2026-07-09,wing_above,7090.0,2026-08-21,43,49.0,49.4,49.2,0.186093117505055,6.8717,0.4,0.0582,0.0081,0.9482
2026-07-09,wing_below,7085.0,2026-08-21,43,48.1,48.6,48.35,0.18668885026913,6.7935,0.5,0.0736,0.0103,0.9476
2026-07-09,short_above,7225.0,2026-08-21,43,68.4,69.0,68.7,0.170061047895121,8.2288,0.6,0.0729,0.0087,0.9663
2026-07-09,short_below,7220.0,2026-08-21,43,67.2,67.8,67.5,0.170651932060073,8.1836,0.6,0.0733,0.0089,0.9656
2026-07-09,wing_above,7020.0,2026-08-21,43,41.2,41.7,41.45,0.194436327597106,6.1926,0.5,0.0807,0.0121,0.9389
2026-07-09,wing_below,7010.0,2026-08-21,43,40.4,40.8,40.6,0.195121577791306,6.0728,0.4,0.0659,0.0099,0.9375
2026-07-13,short_below,7100.0,2026-08-07,25,17.6,17.9,17.75,0.194087682221419,3.591,0.3,0.0835,0.0169,0.9404
2026-07-13,wing_above,6925.0,2026-08-07,25,10.4,10.7,10.55,0.218647543640274,2.3794,0.3,0.1261,0.0284,0.9172
2026-07-13,wing_below,6900.0,2026-08-07,25,9.8,10.1,9.95,0.223567911072171,2.2512,0.3,0.1333,0.0302,0.9139
2026-07-13,short_above,7275.0,2026-08-21,39,54.0,54.4,54.2,0.168734343437355,7.5001,0.4,0.0533,0.0074,0.9636
2026-07-13,short_below,7270.0,2026-08-21,39,53.3,53.7,53.5,0.169333222677788,7.4462,0.4,0.0537,0.0075,0.9629
2026-07-13,wing_below,7070.0,2026-08-21,39,31.1,31.5,31.3,0.192833887683664,5.3588,0.4,0.0746,0.0128,0.9364
2026-07-13,short_above,7295.0,2026-08-21,39,56.7,57.1,56.9,0.166340773338537,7.6476,0.4,0.0523,0.007,0.9662
2026-07-13,short_below,7280.0,2026-08-21,39,54.4,54.8,54.6,0.168135639703679,7.4908,0.4,0.0534,0.0073,0.9642
2026-07-13,wing_above,7090.0,2026-08-21,39,32.7,33.1,32.9,0.190938823577218,5.537,0.4,0.0722,0.0122,0.9391
2026-07-13,wing_below,7085.0,2026-08-21,39,32.3,32.7,32.5,0.191377856947238,5.4903,0.4,0.0729,0.0123,0.9384
2026-07-13,short_above,7225.0,2026-08-21,39,46.8,47.1,46.95,0.174680297607383,6.8986,0.3,0.0435,0.0064,0.9564
2026-07-13,short_below,7220.0,2026-08-21,39,46.1,46.5,46.3,0.175277662185393,6.8454,0.4,0.0584,0.0086,0.9557
2026-07-13,wing_above,7020.0,2026-08-21,39,27.4,27.8,27.6,0.199198363605641,4.9106,0.4,0.0815,0.0145,0.9293
2026-07-13,wing_below,7010.0,2026-08-21,39,26.8,27.1,26.95,0.200411383549239,4.8262,0.3,0.0622,0.0111,0.9279
2026-07-13,short_above,7280.0,2026-08-21,39,54.3,54.8,54.55,0.16810013217883,7.4908,0.5,0.0667,0.0092,0.9637
2026-07-13,short_below,7275.0,2026-08-21,39,53.5,53.9,53.7,0.168491507222993,7.5001,0.4,0.0533,0.0074,0.963
2026-07-13,wing_above,6985.0,2026-08-21,39,25.2,25.5,25.35,0.203457412184022,4.5912,0.3,0.0653,0.0118,0.9246
2026-07-13,wing_below,6980.0,2026-08-21,39,24.8,25.2,25.0,0.204068994766208,4.5536,0.4,0.0878,0.016,0.924
2026-07-13,short_above,7330.0,2026-08-21,39,62.2,62.6,62.4,0.162119425401296,8.0304,0.4,0.0498,0.0064,0.9703
2026-07-13,short_below,7325.0,2026-08-21,39,61.5,61.9,61.7,0.162716548248921,7.9714,0.4,0.0502,0.0065,0.9696
2026-07-13,wing_above,7065.0,2026-08-21,39,30.6,31.0,30.8,0.193773870566776,5.3063,0.4,0.0754,0.013,0.9352
2026-07-13,wing_below,7060.0,2026-08-21,39,30.3,30.6,30.45,0.194374123695968,5.2611,0.3,0.057,0.0099,0.9345
2026-07-13,short_above,7320.0,2026-08-28,46,71.8,72.4,72.1,0.165243542096996,8.8369,0.6,0.0679,0.0083,0.969
2026-07-13,short_below,7310.0,2026-08-28,46,70.1,70.6,70.35,0.166360785433931,8.7329,0.5,0.0573,0.0071,0.9676
2026-07-13,wing_above,7050.0,2026-08-28,46,37.6,37.9,37.75,0.195718104271293,6.0849,0.3,0.0493,0.0079,0.9332
2026-07-13,wing_below,7025.0,2026-08-28,46,35.5,35.8,35.65,0.198586487452352,5.8575,0.3,0.0512,0.0084,0.9299
2026-07-14,short_above,7125.0,2026-08-07,24,20.7,21.0,20.85,0.189532720030363,3.9297,0.3,0.0763,0.0144,0.9452
2026-07-14,short_below,7100.0,2026-08-07,24,19.1,19.3,19.2,0.193023945737709,3.7102,0.2,0.0539,0.0104,0.9419
2026-07-14,wing_above,6925.0,2026-08-07,24,11.3,11.5,11.4,0.218285616990537,2.4793,0.2,0.0807,0.0175,0.9186
2026-07-14,wing_below,6900.0,2026-08-07,24,10.6,10.8,10.7,0.222054162487118,2.3442,0.2,0.0853,0.0187,0.9153
2026-07-14,short_above,7275.0,2026-08-21,38,57.3,57.6,57.45,0.16815144549437,7.6103,0.3,0.0394,0.0052,0.9651
2026-07-14,short_below,7270.0,2026-08-21,38,56.5,57.0,56.75,0.168720350674974,7.5515,0.5,0.0662,0.0088,0.9644
2026-07-14,wing_above,7075.0,2026-08-21,38,33.7,34.0,33.85,0.192143225311545,5.5708,0.3,0.0539,0.0089,0.9386
2026-07-14,wing_below,7070.0,2026-08-21,38,33.3,33.7,33.5,0.192746856075101,5.5289,0.4,0.0723,0.0119,0.938
2026-07-14,short_above,7295.0,2026-08-21,38,60.8,61.2,61.0,0.165733647253621,7.8382,0.4,0.051,0.0066,0.9678
2026-07-14,short_below,7280.0,2026-08-21,38,58.3,58.8,58.55,0.167523357037141,7.6688,0.5,0.0652,0.0085,0.9658
2026-07-14,wing_above,7090.0,2026-08-21,38,35.0,35.3,35.15,0.190333735472318,5.7229,0.3,0.0524,0.0085,0.9406
2026-07-14,short_above,7225.0,2026-08-21,38,50.0,50.3,50.15,0.174111458064325,7.0976,0.3,0.0423,0.006,0.9585
2026-07-14,short_below,7220.0,2026-08-21,38,49.2,49.7,49.45,0.174710853531936,7.0444,0.5,0.071,0.0101,0.9579
2026-07-14,wing_above,7020.0,2026-08-21,38,29.3,29.6,29.45,0.198799269144033,5.0839,0.3,0.059,0.0102,0.9313
2026-07-14,wing_below,7010.0,2026-08-21,38,28.6,28.9,28.75,0.200013982148447,4.9936,0.3,0.0601,0.0104,0.93
2026-07-14,short_above,7280.0,2026-08-21,38,58.0,58.4,58.2,0.167979109253764,7.6688,0.4,0.0522,0.0069,0.9658
2026-07-14,short_below,7275.0,2026-08-21,38,57.3,57.6,57.45,0.168491507222993,7.6103,0.3,0.0394,0.0052,0.9652
2026-07-14,wing_above,6985.0,2026-08-21,38,26.9,27.3,27.1,0.203058397480191,4.7833,0.4,0.0836,0.0148,0.9267
2026-07-14,wing_below,6980.0,2026-08-21,38,26.6,27.0,26.8,0.203668715873102,4.7403,0.4,0.0844,0.0149,0.926
2026-07-14,short_above,7330.0,2026-08-21,38,66.8,67.2,67.0,0.161551392831887,8.2171,0.4,0.0487,0.006,0.9725
2026-07-14,short_below,7325.0,2026-08-21,38,65.8,66.2,66.0,0.162147089166043,8.1559,0.4,0.049,0.0061,0.9718
2026-07-14,wing_above,7065.0,2026-08-21,38,32.8,33.2,33.0,0.193350740342218,5.4705,0.4,0.0731,0.0121,0.9373
2026-07-14,wing_below,7060.0,2026-08-21,38,32.4,32.7,32.55,0.193954890619234,5.4418,0.3,0.0551,0.0092,0.9367
2026-07-14,short_above,7320.0,2026-08-28,45,76.2,76.8,76.5,0.164777494772699,9.0111,0.6,0.0666,0.0078,0.9711
2026-07-14,short_below,7310.0,2026-08-28,45,74.3,74.8,74.55,0.165896454680851,8.912,0.5,0.0561,0.0067,0.9698
2026-07-14,wing_above,7050.0,2026-08-28,45,39.8,40.2,40.0,0.195103829453659,6.2685,0.4,0.0638,0.01,0.9353
2026-07-14,wing_below,7025.0,2026-08-28,45,37.6,38.0,37.8,0.198004457717015,6.0382,0.4,0.0662,0.0106,0.9321
2026-07-14,short_above,7125.0,2026-08-07,24,23.5,23.8,23.65,0.19213369240635,4.1312,0.3,0.0726,0.0127,0.9468
2026-07-14,short_below,7100.0,2026-08-07,24,21.6,21.9,21.75,0.195587430719555,3.9066,0.3,0.0768,0.0138,0.9436
2026-07-14,wing_above,6925.0,2026-08-07,24,12.8,13.0,12.9,0.221006364241036,2.639,0.2,0.0758,0.0155,0.9203
2026-07-14,wing_below,6900.0,2026-08-07,24,11.9,12.1,12.0,0.224806883964497,2.4985,0.2,0.08,0.0167,0.917
2026-07-14,short_above,7275.0,2026-08-21,38,61.3,61.7,61.5,0.16983748401236,7.7807,0.4,0.0514,0.0065,0.9669
2026-07-14,short_below,7270.0,2026-08-21,38,60.5,60.9,60.7,0.170439570935992,7.7276,0.4,0.0518,0.0066,0.9662
2026-07-14,wing_above,7075.0,2026-08-21,38,36.1,36.5,36.3,0.193909745220383,5.7436,0.4,0.0696,0.011,0.9403
2026-07-14,wing_below,7070.0,2026-08-21,38,35.6,36.0,35.8,0.194512842333851,5.6749,0.4,0.0705,0.0112,0.9396
2026-07-14,short_above,7295.0,2026-08-21,38,64.5,65.0,64.75,0.167428503262261,7.9652,0.5,0.0628,0.0077,0.9695
2026-07-14,short_below,7280.0,2026-08-21,38,62.0,62.4,62.2,0.169235326603038,7.8123,0.4,0.0512,0.0064,0.9675
2026-07-14,wing_above,7090.0,2026-08-21,38,37.5,37.9,37.7,0.192576730191654,5.8877,0.4,0.0679,0.0106,0.9423
2026-07-14,wing_below,7085.0,2026-08-21,38,37.0,37.5,37.25,0.193079708228007,5.84,0.5,0.0856,0.0134,0.9416
2026-07-14,short_above,7225.0,2026-08-21,38,53.3,53.7,53.5,0.175855219222818,7.2549,0.4,0.0551,0.0075,0.9602
2026-07-14,short_below,7220.0,2026-08-21,38,52.4,52.8,52.6,0.176456686564612,7.2024,0.4,0.0555,0.0076,0.9595
2026-07-14,wing_above,7020.0,2026-08-21,38,31.2,31.6,31.4,0.200555399570701,5.2266,0.4,0.0765,0.0127,0.933
2026-07-14,wing_below,7010.0,2026-08-21,38,30.5,30.9,30.7,0.201767154526569,5.1555,0.4,0.0776,0.013,0.9316
2026-07-14,short_below,7275.0,2026-08-21,38,60.6,61.0,60.8,0.170493972634818,7.7807,0.4,0.0514,0.0066,0.9669
2026-07-14,wing_above,6985.0,2026-08-21,38,28.6,29.0,28.8,0.204802734173764,4.9117,0.4,0.0814,0.0139,0.9283
2026-07-14,wing_below,6980.0,2026-08-21,38,28.2,28.6,28.4,0.205411038827746,4.8852,0.4,0.0819,0.0141,0.9276
2026-07-14,short_above,7330.0,2026-08-21,38,70.5,71.0,70.75,0.163212739543727,8.3301,0.5,0.06,0.0071,0.9742
2026-07-14,short_below,7325.0,2026-08-21,38,69.4,69.8,69.6,0.163814735582061,8.2939,0.4,0.0482,0.0057,0.9735
2026-07-14,wing_above,7065.0,2026-08-21,38,34.6,35.1,34.85,0.195116110799417,5.6103,0.5,0.0891,0.0143,0.9389
2026-07-14,wing_below,7060.0,2026-08-21,38,34.3,34.8,34.55,0.19571956312279,5.587,0.5,0.0895,0.0145,0.9383
2026-07-14,short_above,7320.0,2026-08-28,45,79.6,80.2,79.9,0.166146627580734,9.0966,0.6,0.066,0.0075,0.9728
2026-07-14,short_below,7310.0,2026-08-28,45,77.8,78.4,78.1,0.167274989319395,9.0193,0.6,0.0665,0.0077,0.9715
2026-07-14,wing_above,7050.0,2026-08-28,45,42.0,42.3,42.15,0.196551791893544,6.4023,0.3,0.0469,0.0071,0.937
2026-07-14,wing_below,7025.0,2026-08-28,45,39.7,40.0,39.85,0.1993970388631,6.171,0.3,0.0486,0.0075,0.9332
2026-07-14,short_above,7125.0,2026-08-07,24,24.9,25.1,25.0,0.193805171946974,4.2469,0.2,0.0471,0.008,0.9477
2026-07-14,short_below,7100.0,2026-08-07,24,22.8,23.1,22.95,0.197284470395248,4.0215,0.3,0.0746,0.0131,0.9444
2026-07-14,wing_above,6925.0,2026-08-07,24,13.6,13.8,13.7,0.222771821209985,2.7368,0.2,0.0731,0.0146,0.9211
2026-07-14,wing_below,6900.0,2026-08-07,24,12.6,12.9,12.75,0.226570096025462,2.5928,0.3,0.1157,0.0235,0.9178
2026-07-14,short_above,7275.0,2026-08-21,38,63.1,63.5,63.3,0.170797673400768,7.868,0.4,0.0508,0.0063,0.9677
2026-07-14,short_below,7270.0,2026-08-21,38,62.2,62.7,62.45,0.171411446559108,7.8184,0.5,0.064,0.008,0.967
2026-07-14,wing_above,7075.0,2026-08-21,38,37.4,37.8,37.6,0.19518205537029,5.8514,0.4,0.0684,0.0106,0.941
2026-07-14,wing_below,7070.0,2026-08-21,38,37.0,37.4,37.2,0.195789392085841,5.8073,0.4,0.0689,0.0108,0.9404
2026-07-14,short_above,7295.0,2026-08-21,38,66.8,67.2,67.0,0.168341208032845,8.0718,0.4,0.0496,0.006,0.9703
2026-07-14,short_below,7280.0,2026-08-21,38,64.0,64.5,64.25,0.169934743485413,7.9217,0.5,0.0631,0.0078,0.9683
2026-07-14,wing_above,7090.0,2026-08-21,38,38.8,39.2,39.0,0.193360220644583,5.9945,0.4,0.0667,0.0103,0.943
2026-07-14,short_above,7225.0,2026-08-21,38,55.0,55.3,55.15,0.17692546184732,7.351,0.3,0.0408,0.0054,0.961
2026-07-14,short_below,7220.0,2026-08-21,38,54.2,54.6,54.4,0.177536860055789,7.267,0.4,0.055,0.0074,0.9603
2026-07-14,wing_above,7020.0,2026-08-21,38,32.4,32.8,32.6,0.201866576470325,5.3207,0.4,0.0752,0.0123,0.9337
2026-07-14,wing_below,7010.0,2026-08-21,38,31.7,32.0,31.85,0.203083424901981,5.2205,0.3,0.0575,0.0094,0.9324
2026-07-14,short_above,7280.0,2026-08-21,38,63.1,63.6,63.35,0.169934743485413,7.9217,0.5,0.0631,0.0079,0.9683
2026-07-14,wing_above,6985.0,2026-08-21,38,29.7,30.1,29.9,0.206021105154861,4.9919,0.4,0.0801,0.0134,0.9287
2026-07-14,wing_below,6980.0,2026-08-21,38,29.4,29.8,29.6,0.206636575159812,4.9626,0.4,0.0806,0.0135,0.928
2026-07-14,short_above,7330.0,2026-08-21,38,72.4,72.8,72.6,0.163975606352078,8.394,0.4,0.0477,0.0055,0.9746
2026-07-14,short_below,7325.0,2026-08-21,38,71.5,71.9,71.7,0.164583064777021,8.3184,0.4,0.0481,0.0056,0.9739
2026-07-14,wing_above,7065.0,2026-08-21,38,36.2,36.6,36.4,0.196215267484484,5.6991,0.4,0.0702,0.011,0.9393
2026-07-14,wing_below,7060.0,2026-08-21,38,35.8,36.2,36.0,0.196826318314031,5.6812,0.4,0.0704,0.0111,0.9387
2026-07-14,short_above,7320.0,2026-08-28,45,81.9,82.5,82.2,0.166836817585123,9.159,0.6,0.0655,0.0073,0.9732
2026-07-14,short_below,7310.0,2026-08-28,45,80.0,80.5,80.25,0.167979280268604,9.0789,0.5,0.0551,0.0062,0.9719
2026-07-14,wing_above,7050.0,2026-08-28,45,43.3,43.6,43.45,0.197602527180803,6.4852,0.3,0.0463,0.0069,0.9373
2026-07-14,wing_below,7025.0,2026-08-28,45,40.9,41.3,41.1,0.200477406440989,6.2533,0.4,0.064,0.0097,0.934
2026-07-14,short_above,7125.0,2026-08-07,24,24.9,25.2,25.05,0.195220936319804,4.2339,0.3,0.0709,0.012,0.9474
2026-07-14,short_below,7100.0,2026-08-07,24,23.0,23.2,23.1,0.198769844876017,4.0119,0.2,0.0499,0.0087,0.9439
2026-07-14,wing_above,6925.0,2026-08-07,24,13.7,13.9,13.8,0.224009599296052,2.741,0.2,0.073,0.0145,0.9207
2026-07-14,wing_below,6900.0,2026-08-07,24,12.8,13.0,12.9,0.227828613074009,2.5979,0.2,0.077,0.0155,0.9173
2026-07-14,short_above,7275.0,2026-08-21,38,63.9,64.2,64.05,0.17158116507811,7.8395,0.3,0.0383,0.0047,0.9672
2026-07-14,short_below,7270.0,2026-08-21,38,63.2,63.6,63.4,0.172192030217552,7.7881,0.4,0.0514,0.0063,0.9665
2026-07-14,wing_above,7075.0,2026-08-21,38,38.1,38.5,38.3,0.196023075954936,5.8386,0.4,0.0685,0.0104,0.9406
2026-07-14,wing_below,7070.0,2026-08-21,38,37.7,38.1,37.9,0.197129780898968,5.7897,0.4,0.0691,0.0106,0.9399
2026-07-14,short_above,7295.0,2026-08-21,38,67.6,68.2,67.9,0.169139598136455,8.068,0.6,0.0744,0.0088,0.9699
2026-07-14,short_below,7280.0,2026-08-21,38,65.0,65.6,65.3,0.171768412198403,7.8959,0.6,0.076,0.0092,0.9679
2026-07-14,wing_above,7090.0,2026-08-21,38,39.6,40.1,39.85,0.194193046416815,5.9715,0.5,0.0837,0.0125,0.9426
2026-07-14,short_above,7225.0,2026-08-21,38,56.5,56.9,56.7,0.177694849566188,7.3232,0.4,0.0546,0.0071,0.9605
2026-07-14,short_below,7220.0,2026-08-21,38,55.6,56.1,55.85,0.178306560933361,7.2715,0.5,0.0688,0.009,0.9599
2026-07-14,wing_above,7020.0,2026-08-21,38,33.4,33.8,33.6,0.202735418919326,5.3315,0.4,0.075,0.0119,0.9333
2026-07-14,wing_below,7010.0,2026-08-21,38,32.6,33.0,32.8,0.203957309213781,5.2712,0.4,0.0759,0.0122,0.932
2026-07-14,short_above,7280.0,2026-08-21,38,65.0,65.5,65.25,0.171768412198403,7.8959,0.5,0.0633,0.0077,0.9679
2026-07-14,wing_above,6985.0,2026-08-21,38,30.7,31.1,30.9,0.207015908900174,5.0598,0.4,0.0791,0.0129,0.9286
2026-07-14,wing_below,6980.0,2026-08-21,38,30.4,30.8,30.6,0.207628450599162,4.9873,0.4,0.0802,0.0131,0.928
2026-07-14,short_above,7330.0,2026-08-21,38,74.5,75.0,74.75,0.164876882557343,8.4185,0.5,0.0594,0.0067,0.9745
2026-07-14,short_below,7325.0,2026-08-21,38,73.5,73.9,73.7,0.165484874324393,8.3649,0.4,0.0478,0.0054,0.9738
2026-07-14,wing_above,7065.0,2026-08-21,38,37.3,37.7,37.5,0.197243029559856,5.7352,0.4,0.0697,0.0107,0.9393
2026-07-14,wing_below,7060.0,2026-08-21,38,36.8,37.2,37.0,0.198590383654181,5.6878,0.4,0.0703,0.0108,0.9386
2026-07-14,short_above,7320.0,2026-08-28,45,83.8,84.4,84.1,0.1677494084155,9.1926,0.6,0.0653,0.0071,0.9732
2026-07-14,short_below,7310.0,2026-08-28,45,81.6,82.3,81.95,0.168889945492961,9.109,0.7,0.0768,0.0085,0.9718
2026-07-14,wing_above,7050.0,2026-08-28,45,44.5,44.8,44.65,0.198360188455637,6.5291,0.3,0.0459,0.0067,0.9373
2026-07-14,wing_below,7025.0,2026-08-28,45,42.1,42.4,42.25,0.20120024825371,6.2973,0.3,0.0476,0.0071,0.934
2026-07-14,short_above,7125.0,2026-08-07,24,25.4,25.7,25.55,0.195660167491238,4.2889,0.3,0.0699,0.0117,0.9478
2026-07-14,short_below,7100.0,2026-08-07,24,23.5,23.8,23.65,0.199196358820886,4.0654,0.3,0.0738,0.0127,0.9444
2026-07-14,wing_above,6925.0,2026-08-07,24,14.1,14.3,14.2,0.225125441759296,2.7811,0.2,0.0719,0.0141,0.9211
2026-07-14,wing_below,6900.0,2026-08-07,24,13.2,13.4,13.3,0.228787779939112,2.6379,0.2,0.0758,0.015,0.9179
2026-07-14,short_above,7275.0,2026-08-21,38,63.8,64.2,64.0,0.171530016212889,7.883,0.4,0.0507,0.0063,0.9678
2026-07-14,short_below,7270.0,2026-08-21,38,62.7,63.2,62.95,0.172139322177504,7.8318,0.5,0.0638,0.0079,0.9672
2026-07-14,wing_above,7075.0,2026-08-21,38,37.7,38.2,37.95,0.196053280342885,5.8709,0.5,0.0852,0.0132,0.9412
2026-07-14,wing_below,7070.0,2026-08-21,38,37.3,37.8,37.55,0.197466455437021,5.8205,0.5,0.0859,0.0133,0.9405
2026-07-14,short_above,7295.0,2026-08-21,38,67.3,67.8,67.55,0.169096818140795,8.0566,0.5,0.0621,0.0074,0.9705
2026-07-14,short_below,7280.0,2026-08-21,38,64.6,65.1,64.85,0.170921103530765,7.921,0.5,0.0631,0.0077,0.9685
2026-07-14,wing_above,7090.0,2026-08-21,38,39.3,39.8,39.55,0.194207528251852,6.0185,0.5,0.0831,0.0126,0.9432
2026-07-14,short_above,7225.0,2026-08-21,38,55.7,56.2,55.95,0.177637846580943,7.3681,0.5,0.0679,0.0089,0.9612
2026-07-14,short_below,7220.0,2026-08-21,38,55.0,55.4,55.2,0.178250061538452,7.3018,0.4,0.0548,0.0072,0.9605
2026-07-14,wing_above,7020.0,2026-08-21,38,33.1,33.5,33.3,0.202836515069486,5.3664,0.4,0.0745,0.012,0.9339
2026-07-14,wing_below,7010.0,2026-08-21,38,32.3,32.7,32.5,0.204073397886995,5.2749,0.4,0.0758,0.0123,0.9326
2026-07-14,short_above,7280.0,2026-08-21,38,64.3,64.8,64.55,0.171885137702457,7.921,0.5,0.0631,0.0077,0.9685
2026-07-14,short_below,7275.0,2026-08-21,38,63.4,63.9,63.65,0.172327780143388,7.883,0.5,0.0634,0.0079,0.9678
2026-07-14,wing_above,6985.0,2026-08-21,38,30.3,30.7,30.5,0.207172046589696,5.0814,0.4,0.0787,0.0131,0.9292
2026-07-14,wing_below,6980.0,2026-08-21,38,30.0,30.4,30.2,0.208398569972589,5.0282,0.4,0.0796,0.0132,0.9286
2026-07-14,short_above,7330.0,2026-08-21,38,73.8,74.3,74.05,0.164854391745567,8.4212,0.5,0.0594,0.0068,0.9751
2026-07-14,short_below,7325.0,2026-08-21,38,72.6,73.1,72.85,0.165459293885715,8.3633,0.5,0.0598,0.0069,0.9745
2026-07-14,wing_above,7065.0,2026-08-21,38,36.7,37.4,37.05,0.197284599005649,5.7611,0.7,0.1215,0.0189,0.9399
2026-07-14,wing_below,7060.0,2026-08-21,38,36.3,36.7,36.5,0.197900537959388,5.7168,0.4,0.07,0.011,0.9392
2026-07-14,short_above,7320.0,2026-08-28,45,82.6,83.3,82.95,0.167393073695093,9.1943,0.7,0.0761,0.0084,0.9738
2026-07-14,short_below,7310.0,2026-08-28,45,80.8,81.4,81.1,0.168540516925681,9.1059,0.6,0.0659,0.0074,0.9725
2026-07-14,wing_above,7050.0,2026-08-28,45,43.9,44.3,44.1,0.198367185722528,6.5317,0.4,0.0612,0.0091,0.9379
2026-07-14,wing_below,7025.0,2026-08-28,45,41.4,41.9,41.65,0.201255122909828,6.3013,0.5,0.0793,0.012,0.9346
2026-07-14,short_above,7125.0,2026-08-07,24,25.6,26.0,25.8,0.194373776091137,4.2588,0.4,0.0939,0.0155,0.9481
2026-07-14,short_below,7100.0,2026-08-07,24,23.6,23.9,23.75,0.197910266227783,4.0348,0.3,0.0744,0.0126,0.9448
2026-07-14,wing_above,6925.0,2026-08-07,24,14.3,14.6,14.45,0.223842267479037,2.757,0.3,0.1088,0.0208,0.9215
2026-07-14,wing_below,6900.0,2026-08-07,24,13.3,13.6,13.45,0.227712523898945,2.6403,0.3,0.1136,0.0223,0.9182
2026-07-14,short_above,7275.0,2026-08-21,38,64.8,65.2,65.0,0.170935554825505,7.7851,0.4,0.0514,0.0062,0.9686
2026-07-14,short_below,7270.0,2026-08-21,38,63.8,64.4,64.1,0.171548793355608,7.741,0.6,0.0775,0.0094,0.9679
2026-07-14,wing_above,7075.0,2026-08-21,38,38.5,38.9,38.7,0.195564513131815,5.7786,0.4,0.0692,0.0103,0.942
2026-07-14,wing_below,7070.0,2026-08-21,38,37.9,38.4,38.15,0.196181846950733,5.7219,0.5,0.0874,0.0131,0.9413
2026-07-14,short_above,7295.0,2026-08-21,38,68.0,68.6,68.3,0.168485849309216,8.011,0.6,0.0749,0.0088,0.9712
2026-07-14,short_below,7280.0,2026-08-21,38,65.3,65.9,65.6,0.170322619185045,7.8368,0.6,0.0766,0.0091,0.9692
2026-07-14,wing_above,7090.0,2026-08-21,38,39.7,40.1,39.9,0.193713303238703,5.9134,0.4,0.0676,0.01,0.9439
2026-07-14,wing_below,7085.0,2026-08-21,38,39.2,39.7,39.45,0.195588146779137,5.8663,0.5,0.0852,0.0127,0.9433
2026-07-14,short_above,7225.0,2026-08-21,38,56.5,56.9,56.7,0.176953886503413,7.2643,0.4,0.0551,0.0071,0.9619
2026-07-14,short_below,7220.0,2026-08-21,38,55.7,56.2,55.95,0.177693717652415,7.2123,0.5,0.0693,0.0089,0.9613
2026-07-14,wing_above,7020.0,2026-08-21,38,33.5,33.9,33.7,0.202366177532447,5.2791,0.4,0.0758,0.0119,0.9346
2026-07-14,wing_below,7010.0,2026-08-21,38,32.6,33.1,32.85,0.203606303921454,5.2131,0.5,0.0959,0.0152,0.9333
2026-07-14,short_above,7280.0,2026-08-21,38,65.4,65.9,65.65,0.170157480023673,7.8368,0.5,0.0638,0.0076,0.9692
2026-07-14,wing_above,6985.0,2026-08-21,38,30.8,31.3,31.05,0.206713159212444,5.0067,0.5,0.0999,0.0161,0.93
2026-07-14,wing_below,6980.0,2026-08-21,38,30.4,30.8,30.6,0.207335801809293,4.9585,0.4,0.0807,0.0131,0.9293
2026-07-14,short_above,7330.0,2026-08-21,38,74.9,75.4,75.15,0.164215338768181,8.3666,0.5,0.0598,0.0067,0.9759
2026-07-14,short_below,7325.0,2026-08-21,38,74.2,74.7,74.45,0.164823821584957,8.3281,0.5,0.06,0.0067,0.9752
2026-07-14,wing_above,7065.0,2026-08-21,38,37.6,38.0,37.8,0.196799334669975,5.714,0.4,0.07,0.0106,0.9406
2026-07-14,wing_below,7060.0,2026-08-21,38,37.2,37.6,37.4,0.197416990499563,5.6757,0.4,0.0705,0.0107,0.94
2026-07-14,short_above,7320.0,2026-08-28,45,84.4,85.1,84.75,0.167017667652708,9.1616,0.7,0.0764,0.0083,0.9745
2026-07-14,short_below,7310.0,2026-08-28,45,82.4,83.1,82.75,0.168162642655695,9.051,0.7,0.0773,0.0085,0.9732
2026-07-14,wing_above,7050.0,2026-08-28,45,44.8,45.2,45.0,0.197839129876609,6.4575,0.4,0.0619,0.0089,0.9385
2026-07-14,short_above,7125.0,2026-08-07,24,20.2,20.6,20.4,0.190905354687298,3.7688,0.4,0.1061,0.0196,0.9449
2026-07-14,short_below,7100.0,2026-08-07,24,18.6,19.0,18.8,0.194421143244524,3.5527,0.4,0.1126,0.0213,0.9416
2026-07-14,wing_above,6925.0,2026-08-07,24,10.9,11.3,11.1,0.220545368998498,2.3671,0.4,0.169,0.036,0.9184
2026-07-14,wing_below,6900.0,2026-08-07,24,10.2,10.5,10.35,0.224491513974251,2.2392,0.3,0.134,0.029,0.9151
2026-07-14,short_above,7275.0,2026-08-21,38,55.4,56.2,55.8,0.168167015678475,7.4546,0.8,0.1073,0.0143,0.9648
2026-07-14,short_below,7270.0,2026-08-21,38,54.7,55.4,55.05,0.168775064482308,7.4013,0.7,0.0946,0.0127,0.9642
2026-07-14,wing_above,7075.0,2026-08-21,38,32.5,32.9,32.7,0.192680894466964,5.4201,0.4,0.0738,0.0122,0.9383
2026-07-14,wing_below,7070.0,2026-08-21,38,31.9,32.4,32.15,0.19272778028076,5.3743,0.5,0.093,0.0156,0.9376
2026-07-14,short_above,7295.0,2026-08-21,38,58.4,59.0,58.7,0.165735987850451,7.6838,0.6,0.0781,0.0102,0.9675
2026-07-14,short_below,7280.0,2026-08-21,38,56.1,56.7,56.4,0.167559075281706,7.5188,0.6,0.0798,0.0106,0.9655
2026-07-14,wing_above,7090.0,2026-08-21,38,33.5,34.0,33.75,0.190820407848326,5.551,0.5,0.0901,0.0148,0.9403
2026-07-14,wing_below,7085.0,2026-08-21,38,33.2,33.7,33.45,0.191440055386038,5.5177,0.5,0.0906,0.0149,0.9396
2026-07-14,short_above,7225.0,2026-08-21,38,48.2,48.7,48.45,0.174252744994963,6.9281,0.5,0.0722,0.0103,0.9582
2026-07-14,short_below,7220.0,2026-08-21,38,48.0,48.6,48.3,0.174862124416581,6.8749,0.6,0.0873,0.0124,0.9575
2026-07-14,wing_above,7020.0,2026-08-21,38,28.6,29.0,28.8,0.199545181994712,4.938,0.4,0.081,0.0139,0.931
2026-07-14,wing_below,7010.0,2026-08-21,38,27.9,28.4,28.15,0.200801122694506,4.8544,0.5,0.103,0.0178,0.9297
2026-07-14,short_above,7280.0,2026-08-21,38,56.9,57.4,57.15,0.167518414920034,7.5188,0.5,0.0665,0.0087,0.9655
2026-07-14,wing_above,6985.0,2026-08-21,38,26.2,26.7,26.45,0.203968006470837,4.6728,0.5,0.107,0.0189,0.9264
2026-07-14,wing_below,6980.0,2026-08-21,38,25.9,26.4,26.15,0.20459861653008,4.6327,0.5,0.1079,0.0191,0.9262
2026-07-14,short_above,7330.0,2026-08-21,38,65.5,66.2,65.85,0.161568888774128,8.0523,0.7,0.0869,0.0106,0.9726
2026-07-14,short_below,7325.0,2026-08-21,38,64.8,65.3,65.05,0.162171843890772,7.9996,0.5,0.0625,0.0077,0.9719
2026-07-14,wing_above,7065.0,2026-08-21,38,32.1,32.6,32.35,0.193964194964164,5.3336,0.5,0.0937,0.0155,0.9374
2026-07-14,wing_below,7060.0,2026-08-21,38,31.7,32.1,31.9,0.194497254027482,5.2883,0.4,0.0756,0.0125,0.9368
2026-07-14,short_above,7320.0,2026-08-28,45,74.8,75.6,75.2,0.164334902518747,8.8761,0.8,0.0901,0.0106,0.9713
2026-07-14,short_below,7310.0,2026-08-28,45,73.3,74.1,73.7,0.165483455137544,8.7562,0.8,0.0914,0.0109,0.9699
2026-07-14,wing_above,7050.0,2026-08-28,45,39.3,39.7,39.5,0.195269803784276,6.1082,0.4,0.0655,0.0101,0.9354
2026-07-14,wing_below,7025.0,2026-08-28,45,37.0,37.4,37.2,0.198152077588067,5.8793,0.4,0.068,0.0108,0.9321
2026-07-14,short_above,7290.0,2026-08-28,45,69.9,70.8,70.35,0.167781706025301,8.5774,0.9,0.1049,0.0128,0.9673
2026-07-14,short_below,7280.0,2026-08-28,45,68.4,69.0,68.7,0.168930926270155,8.4725,0.6,0.0708,0.0087,0.966
2026-07-14,wing_above,7000.0,2026-08-28,45,35.3,35.6,35.45,0.201048638147102,5.6575,0.3,0.053,0.0085,0.9288
2026-07-14,wing_below,6990.0,2026-08-28,45,34.4,35.1,34.75,0.202211852044674,5.6092,0.7,0.1248,0.0201,0.9275
2026-07-14,short_above,7125.0,2026-08-07,24,19.5,19.7,19.6,0.191548977592613,3.7448,0.2,0.0534,0.0102,0.9445
2026-07-14,short_below,7100.0,2026-08-07,24,17.9,18.2,18.05,0.195081199595275,3.5309,0.3,0.085,0.0166,0.9412
2026-07-14,wing_above,6925.0,2026-08-07,24,10.7,10.9,10.8,0.221222442596103,2.3544,0.2,0.0849,0.0185,0.918
2026-07-14,wing_below,6900.0,2026-08-07,24,9.9,10.2,10.05,0.226012257093565,2.2272,0.3,0.1347,0.0299,0.9147
2026-07-14,short_above,7275.0,2026-08-21,38,54.4,54.9,54.65,0.168544834261878,7.411,0.5,0.0675,0.0091,0.9644
2026-07-14,short_below,7270.0,2026-08-21,38,53.9,54.4,54.15,0.169159743866875,7.3517,0.5,0.068,0.0092,0.9635
2026-07-14,wing_above,7075.0,2026-08-21,38,32.1,32.4,32.25,0.193210074491063,5.3815,0.3,0.0557,0.0093,0.9377
2026-07-14,wing_below,7070.0,2026-08-21,38,31.6,32.2,31.9,0.193830053204503,5.3374,0.6,0.1124,0.0188,0.937
2026-07-14,short_above,7295.0,2026-08-21,38,57.5,58.1,57.8,0.166086547909456,7.6258,0.6,0.0787,0.0104,0.9668
2026-07-14,short_below,7280.0,2026-08-21,38,55.3,55.8,55.55,0.167930036890462,7.4685,0.5,0.0669,0.009,0.9648
2026-07-14,wing_above,7090.0,2026-08-21,38,33.3,33.8,33.55,0.192122916693057,5.5242,0.5,0.0905,0.0149,0.9397
2026-07-14,short_above,7225.0,2026-08-21,38,47.7,48.1,47.9,0.174696958903748,6.8799,0.4,0.0581,0.0084,0.9576
2026-07-14,short_below,7220.0,2026-08-21,38,46.9,47.4,47.15,0.175312449660186,6.8302,0.5,0.0732,0.0106,0.9569
2026-07-14,wing_above,7020.0,2026-08-21,38,27.9,28.4,28.15,0.200047257272837,4.9029,0.5,0.102,0.0178,0.9304
2026-07-14,wing_below,7010.0,2026-08-21,38,27.3,27.7,27.5,0.201295255933396,4.8122,0.4,0.0831,0.0145,0.9291
2026-07-14,short_above,7280.0,2026-08-21,38,55.5,56.0,55.75,0.167518414920034,7.4685,0.5,0.0669,0.009,0.9648
2026-07-14,wing_above,6985.0,2026-08-21,38,25.7,26.2,25.95,0.204423586836214,4.6036,0.5,0.1086,0.0193,0.9257
2026-07-14,wing_below,6980.0,2026-08-21,38,25.5,25.9,25.7,0.205050833350326,4.5638,0.4,0.0876,0.0156,0.9251
2026-07-14,short_above,7330.0,2026-08-21,38,64.0,64.6,64.3,0.161794634925389,7.9863,0.6,0.0751,0.0093,0.9715
2026-07-14,short_below,7325.0,2026-08-21,38,63.3,63.7,63.5,0.162406569702979,7.9526,0.4,0.0503,0.0063,0.9708
2026-07-14,wing_above,7065.0,2026-08-21,38,31.4,31.9,31.65,0.193455096214388,5.288,0.5,0.0946,0.0158,0.9363
2026-07-14,wing_below,7060.0,2026-08-21,38,31.0,31.5,31.25,0.19507085603298,5.2519,0.5,0.0952,0.016,0.9357
2026-07-14,short_above,7320.0,2026-08-28,45,73.2,73.9,73.55,0.164527162253353,8.8104,0.7,0.0795,0.0095,0.9701
2026-07-14,short_below,7310.0,2026-08-28,45,71.6,72.3,71.95,0.165681626190036,8.7082,0.7,0.0804,0.0097,0.9688
2026-07-14,wing_above,7050.0,2026-08-28,45,38.6,38.9,38.75,0.195820625928383,6.0783,0.3,0.0494,0.0077,0.9344
2026-07-14,wing_below,7025.0,2026-08-28,45,36.4,36.7,36.55,0.198726812255466,5.8512,0.3,0.0513,0.0082,0.931
2026-07-14,short_above,7290.0,2026-08-28,45,68.0,68.6,68.3,0.167994731365864,8.5099,0.6,0.0705,0.0088,0.9662
2026-07-14,short_below,7280.0,2026-08-28,45,66.4,67.0,66.7,0.169152900317894,8.406,0.6,0.0714,0.009,0.9648
2026-07-14,wing_above,7000.0,2026-08-28,45,34.4,34.8,34.6,0.201641128586726,5.631,0.4,0.071,0.0116,0.9277
2026-07-14,wing_below,6990.0,2026-08-28,45,33.5,34.1,33.8,0.203501494478571,5.5588,0.6,0.1079,0.0178,0.9264
2026-07-15,short_above,7125.0,2026-08-07,23,21.0,21.2,21.1,0.192521714898867,3.8735,0.2,0.0516,0.0095,0.9457
2026-07-15,short_below,7100.0,2026-08-07,23,19.3,19.6,19.45,0.196044404943489,3.656,0.3,0.0821,0.0154,0.9423
2026-07-15,wing_above,6925.0,2026-08-07,23,11.4,11.6,11.5,0.222112113259837,2.449,0.2,0.0817,0.0174,0.9191
2026-07-15,wing_below,6900.0,2026-08-07,23,10.6,10.8,10.7,0.226040883318684,2.3174,0.2,0.0863,0.0187,0.9158
2026-07-15,short_above,7275.0,2026-08-21,37,57.4,57.8,57.6,0.169548571185906,7.5453,0.4,0.053,0.0069,0.9656
2026-07-15,short_below,7270.0,2026-08-21,37,56.7,57.1,56.9,0.170157198975644,7.4893,0.4,0.0534,0.007,0.9649
2026-07-15,wing_above,7075.0,2026-08-21,37,33.8,34.1,33.95,0.194136352751172,5.5197,0.3,0.0544,0.0088,0.939
2026-07-15,wing_below,7070.0,2026-08-21,37,33.4,33.8,33.6,0.194668868603851,5.4796,0.4,0.073,0.0119,0.9384
2026-07-15,short_above,7295.0,2026-08-21,37,61.0,61.4,61.2,0.167116897094061,7.7544,0.4,0.0516,0.0065,0.9682
2026-07-15,short_below,7280.0,2026-08-21,37,58.5,59.0,58.75,0.168940235150222,7.5957,0.5,0.0658,0.0085,0.9662
2026-07-15,wing_above,7090.0,2026-08-21,37,35.2,35.6,35.4,0.192274312798099,5.6593,0.4,0.0707,0.0113,0.941
2026-07-15,short_below,7220.0,2026-08-21,37,49.9,50.3,50.1,0.176260589404491,6.9714,0.4,0.0574,0.008,0.9583
2026-07-15,short_above,7125.0,2026-08-07,23,19.8,20.0,19.9,0.192185073422307,3.7523,0.2,0.0533,0.0101,0.9446
2026-07-15,short_below,7100.0,2026-08-07,23,18.3,18.5,18.4,0.195754456136246,3.5393,0.2,0.0565,0.0109,0.9413
2026-07-15,wing_above,6925.0,2026-08-07,23,10.9,11.1,11.0,0.222181589338964,2.3681,0.2,0.0845,0.0182,0.9181
2026-07-15,wing_below,6900.0,2026-08-07,23,10.2,10.4,10.3,0.226120080396576,2.2415,0.2,0.0892,0.0194,0.9146
2026-07-15,short_above,7275.0,2026-08-21,37,55.0,55.4,55.2,0.169220515112056,7.4222,0.4,0.0539,0.0072,0.9643
2026-07-15,short_below,7270.0,2026-08-21,37,54.1,54.5,54.3,0.169836096833478,7.3652,0.4,0.0543,0.0074,0.9637
2026-07-15,wing_above,7075.0,2026-08-21,37,32.4,32.7,32.55,0.194738167717702,5.4007,0.3,0.0555,0.0092,0.9378
2026-07-15,wing_below,7070.0,2026-08-21,37,31.9,32.2,32.05,0.194600244741768,5.3502,0.3,0.0561,0.0094,0.9372
2026-07-15,short_above,7295.0,2026-08-21,37,57.9,58.3,58.1,0.166759746396363,7.6292,0.4,0.0524,0.0069,0.967
2026-07-15,short_below,7280.0,2026-08-21,37,55.6,56.0,55.8,0.168605086532182,7.4691,0.4,0.0536,0.0072,0.965
2026-07-15,wing_above,7090.0,2026-08-21,37,33.5,33.9,33.7,0.192107370492297,5.5389,0.4,0.0722,0.0119,0.9398
2026-07-15,wing_below,7085.0,2026-08-21,37,33.1,33.5,33.3,0.192998110731291,5.4925,0.4,0.0728,0.012,0.9391
2026-07-15,short_above,7225.0,2026-08-21,37,47.8,48.1,47.95,0.175382993931171,6.8897,0.3,0.0435,0.0063,0.9577
2026-07-15,short_below,7220.0,2026-08-21,37,47.1,47.5,47.3,0.176000049123484,6.8305,0.4,0.0586,0.0085,0.957
2026-07-15,wing_above,7020.0,2026-08-21,37,28.1,28.7,28.4,0.20085993747845,4.9117,0.6,0.1222,0.0211,0.9305
2026-07-15,wing_below,7010.0,2026-08-21,37,27.4,27.7,27.55,0.202100486255755,4.8281,0.3,0.0621,0.0109,0.9292
2026-07-15,short_above,7280.0,2026-08-21,37,55.4,55.7,55.55,0.169211150465086,7.4691,0.3,0.0402,0.0054,0.965
2026-07-15,short_below,7275.0,2026-08-21,37,54.5,54.9,54.7,0.169761338380464,7.4222,0.4,0.0539,0.0073,0.9643
2026-07-15,wing_above,6985.0,2026-08-21,37,25.7,26.0,25.85,0.20527180385621,4.6248,0.3,0.0649,0.0116,0.9259
2026-07-15,wing_below,6980.0,2026-08-21,37,25.4,25.7,25.55,0.205795149994474,4.5744,0.3,0.0656,0.0117,0.9252
2026-07-15,short_above,7330.0,2026-08-21,37,63.5,63.9,63.7,0.162460233243309,8.0012,0.4,0.05,0.0063,0.9716
2026-07-15,short_below,7325.0,2026-08-21,37,62.7,63.1,62.9,0.163073814660761,7.948,0.4,0.0503,0.0064,0.971
2026-07-15,wing_above,7065.0,2026-08-21,37,31.3,31.6,31.45,0.195224334648385,5.3039,0.3,0.0566,0.0095,0.9365
2026-07-15,wing_below,7060.0,2026-08-21,37,30.9,31.2,31.05,0.195848801020942,5.2591,0.3,0.057,0.0097,0.9358
2026-07-15,short_below,7310.0,2026-08-28,44,71.0,71.5,71.25,0.166255476185089,8.7034,0.5,0.0574,0.007,0.969
2026-07-15,wing_above,7050.0,2026-08-28,44,38.1,38.4,38.25,0.196331232971562,6.0782,0.3,0.0494,0.0078,0.9345
2026-07-15,wing_below,7025.0,2026-08-28,44,36.1,36.5,36.3,0.199238522290737,5.8516,0.4,0.0684,0.011,0.9312
2026-07-15,short_above,7290.0,2026-08-28,44,67.5,68.0,67.75,0.168737821732944,8.4869,0.5,0.0589,0.0074,0.966
2026-07-15,short_below,7280.0,2026-08-28,44,65.9,66.3,66.1,0.169893246551592,8.3925,0.4,0.0477,0.0061,0.9647
2026-07-15,wing_above,7000.0,2026-08-28,44,34.2,34.5,34.35,0.202115834270652,5.6317,0.3,0.0533,0.0087,0.9276
2026-07-15,wing_below,6990.0,2026-08-28,44,33.4,33.9,33.65,0.203281550779032,5.5331,0.5,0.0904,0.0149,0.9263
2026-07-15,short_above,7125.0,2026-08-07,23,19.7,19.9,19.8,0.193366251311714,3.7185,0.2,0.0538,0.0101,0.9439
2026-07-15,short_below,7100.0,2026-08-07,23,18.1,18.4,18.25,0.196966991723907,3.5086,0.3,0.0855,0.0164,0.9406
2026-07-15,wing_above,6925.0,2026-08-07,23,10.8,11.0,10.9,0.22343718378971,2.3509,0.2,0.0851,0.0183,0.9174
2026-07-15,wing_below,6900.0,2026-08-07,23,10.1,10.3,10.2,0.227411850174404,2.2252,0.2,0.0899,0.0196,0.9141
2026-07-15,short_above,7295.0,2026-08-21,37,57.9,58.3,58.1,0.167705993567273,7.6029,0.4,0.0526,0.0069,0.9664
2026-07-15,short_below,7280.0,2026-08-21,37,55.6,55.9,55.75,0.169211150465086,7.4293,0.3,0.0404,0.0054,0.9644
2026-07-15,wing_above,7090.0,2026-08-21,37,33.6,33.9,33.75,0.192998347328226,5.5018,0.3,0.0545,0.0089,0.9392
2026-07-15,wing_below,7085.0,2026-08-21,37,33.1,33.5,33.3,0.192998110731291,5.4558,0.4,0.0733,0.012,0.9386
2026-07-15,short_above,7225.0,2026-08-21,37,47.9,48.2,48.05,0.176270952906392,6.8538,0.3,0.0438,0.0062,0.9571
2026-07-15,short_below,7220.0,2026-08-21,37,47.3,47.6,47.45,0.176885744721698,6.8012,0.3,0.0441,0.0063,0.9565
2026-07-15,wing_above,7020.0,2026-08-21,37,28.3,28.6,28.45,0.201789592805011,4.894,0.3,0.0613,0.0105,0.93
2026-07-15,wing_below,7010.0,2026-08-21,37,27.6,27.9,27.75,0.203053873331249,4.8014,0.3,0.0625,0.0108,0.9286
2026-07-15,short_above,7280.0,2026-08-21,37,55.7,56.1,55.9,0.169211150465086,7.4293,0.4,0.0538,0.0072,0.9644
2026-07-15,short_below,7275.0,2026-08-21,37,55.2,55.5,55.35,0.170300662784237,7.3853,0.3,0.0406,0.0054,0.964
2026-07-15,wing_above,6985.0,2026-08-21,37,26.1,26.4,26.25,0.206247088634085,4.6044,0.3,0.0652,0.0114,0.9256
2026-07-15,wing_below,6980.0,2026-08-21,37,25.7,26.1,25.9,0.206878441030428,4.5782,0.4,0.0874,0.0154,0.9249
2026-07-15,short_above,7330.0,2026-08-21,37,64.2,64.6,64.4,0.163543665214907,7.9598,0.4,0.0503,0.0062,0.9713
2026-07-15,short_below,7325.0,2026-08-21,37,63.3,63.7,63.5,0.164158985420944,7.9211,0.4,0.0505,0.0063,0.9706
2026-07-15,wing_above,7065.0,2026-08-21,37,31.7,32.0,31.85,0.196219957339886,5.2725,0.3,0.0569,0.0094,0.9362
2026-07-15,wing_below,7060.0,2026-08-21,37,31.3,31.7,31.5,0.196843116022569,5.2386,0.4,0.0764,0.0127,0.9355
2026-07-15,short_above,7320.0,2026-08-28,44,73.6,74.0,73.8,0.166316822129404,8.7984,0.4,0.0455,0.0054,0.9699
2026-07-15,short_below,7310.0,2026-08-28,44,71.7,72.1,71.9,0.167476312828587,8.6812,0.4,0.0461,0.0056,0.9686
2026-07-15,wing_above,7050.0,2026-08-28,44,38.8,39.1,38.95,0.197715049603978,6.0713,0.3,0.0494,0.0077,0.9342
2026-07-15,wing_below,7025.0,2026-08-28,44,36.7,37.0,36.85,0.200633108778117,5.8462,0.3,0.0513,0.0081,0.9309
2026-07-15,short_above,7290.0,2026-08-28,44,68.4,68.9,68.65,0.169799394822765,8.4902,0.5,0.0589,0.0073,0.966
2026-07-15,short_below,7280.0,2026-08-28,44,66.7,67.1,66.9,0.170962526530231,8.3719,0.4,0.0478,0.006,0.9646
2026-07-15,wing_above,7000.0,2026-08-28,44,34.8,35.0,34.9,0.203560978586637,5.6278,0.2,0.0355,0.0057,0.9275
2026-07-15,wing_below,6990.0,2026-08-28,44,33.8,34.3,34.05,0.204735380025373,5.5612,0.5,0.0899,0.0147,0.9262
2026-07-15,short_above,7125.0,2026-08-07,23,19.6,19.8,19.7,0.192604457691288,3.7079,0.2,0.0539,0.0102,0.944
2026-07-15,short_below,7100.0,2026-08-07,23,18.0,18.3,18.15,0.196203998512002,3.4975,0.3,0.0858,0.0165,0.9407
2026-07-15,wing_above,6925.0,2026-08-07,23,10.7,11.0,10.85,0.222127579145313,2.3393,0.3,0.1282,0.0276,0.9175
2026-07-15,wing_below,6900.0,2026-08-07,23,10.0,10.3,10.15,0.226726889871632,2.2141,0.3,0.1355,0.0296,0.9142
2026-07-15,short_above,7275.0,2026-08-21,37,54.6,54.9,54.75,0.169715437348409,7.3788,0.3,0.0407,0.0055,0.9638
2026-07-15,short_below,7270.0,2026-08-21,37,53.7,54.3,54.0,0.170326351534818,7.3245,0.6,0.0819,0.0111,0.9632
2026-07-15,wing_above,7075.0,2026-08-21,37,32.1,32.3,32.2,0.194414539176976,5.3624,0.2,0.0373,0.0062,0.9373
2026-07-15,wing_below,7070.0,2026-08-21,37,31.6,31.9,31.75,0.195040733656179,5.3133,0.3,0.0565,0.0094,0.9367
2026-07-15,short_above,7295.0,2026-08-21,37,57.4,57.7,57.55,0.167272869806574,7.5824,0.3,0.0396,0.0052,0.9665
2026-07-15,short_below,7280.0,2026-08-21,37,55.0,55.3,55.15,0.169104654775708,7.4288,0.3,0.0404,0.0054,0.9645
2026-07-15,wing_above,7090.0,2026-08-21,37,33.3,33.6,33.45,0.1925388631707,5.5012,0.3,0.0545,0.009,0.9393
2026-07-15,short_above,7225.0,2026-08-21,37,47.5,47.8,47.65,0.175834651823089,6.839,0.3,0.0439,0.0063,0.9572
2026-07-15,short_below,7220.0,2026-08-21,37,46.8,47.1,46.95,0.176448187268243,6.7863,0.3,0.0442,0.0064,0.9566
2026-07-15,wing_above,7020.0,2026-08-21,37,28.0,28.3,28.15,0.201331312515382,4.8758,0.3,0.0615,0.0107,0.9301
2026-07-15,wing_below,7010.0,2026-08-21,37,27.3,27.6,27.45,0.202596188571636,4.7982,0.3,0.0625,0.0109,0.9287
2026-07-15,short_above,7280.0,2026-08-21,37,55.1,55.5,55.3,0.169211150465086,7.4288,0.4,0.0538,0.0072,0.9645
2026-07-15,short_below,7275.0,2026-08-21,37,54.4,54.7,54.55,0.169761338380464,7.3788,0.3,0.0407,0.0055,0.9638
2026-07-15,wing_above,6985.0,2026-08-21,37,25.8,26.1,25.95,0.205715871335092,4.5909,0.3,0.0653,0.0116,0.9254
2026-07-15,wing_below,6980.0,2026-08-21,37,25.5,25.8,25.65,0.206352661917817,4.5522,0.3,0.0659,0.0117,0.9247
2026-07-15,short_above,7330.0,2026-08-21,37,63.3,63.6,63.45,0.1629323407216,7.9629,0.3,0.0377,0.0047,0.971
2026-07-15,short_below,7325.0,2026-08-21,37,62.5,62.8,62.65,0.163544244470731,7.9078,0.3,0.0379,0.0048,0.9704
2026-07-15,wing_above,7065.0,2026-08-21,37,31.3,31.6,31.45,0.195415478731324,5.2641,0.3,0.057,0.0095,0.9359
2026-07-15,wing_below,7060.0,2026-08-21,37,30.9,31.2,31.05,0.19624876383653,5.2205,0.3,0.0575,0.0097,0.9353
2026-07-15,short_above,7320.0,2026-08-28,44,73.0,73.4,73.2,0.165866277581134,8.7828,0.4,0.0455,0.0055,0.9697
2026-07-15,short_below,7310.0,2026-08-28,44,71.0,71.5,71.25,0.167033630806137,8.672,0.5,0.0577,0.007,0.9684
2026-07-15,wing_above,7050.0,2026-08-28,44,38.3,38.6,38.45,0.197141486271231,6.0546,0.3,0.0495,0.0078,0.934
2026-07-15,wing_below,7025.0,2026-08-28,44,36.3,36.6,36.45,0.200033138965313,5.8286,0.3,0.0515,0.0082,0.9306
2026-07-15,short_above,7290.0,2026-08-28,44,67.7,68.2,67.95,0.169368288413137,8.473,0.5,0.059,0.0074,0.9657
2026-07-15,short_below,7280.0,2026-08-28,44,65.9,66.4,66.15,0.170535127749797,8.3621,0.5,0.0598,0.0076,0.9644
2026-07-15,wing_above,7000.0,2026-08-28,44,34.4,34.6,34.5,0.202935557331245,5.6093,0.2,0.0357,0.0058,0.9273
2026-07-15,wing_below,6990.0,2026-08-28,44,33.6,34.0,33.8,0.204100252739178,5.5322,0.4,0.0723,0.0118,0.926
2026-07-15,short_above,7125.0,2026-08-07,23,19.6,20.0,19.8,0.192918148845157,3.6899,0.4,0.1084,0.0202,0.9439
2026-07-15,short_below,7100.0,2026-08-07,23,18.1,18.4,18.25,0.196535596902471,3.4807,0.3,0.0862,0.0164,0.9406
2026-07-15,wing_above,6925.0,2026-08-07,23,10.8,11.0,10.9,0.223213370319827,2.3314,0.2,0.0858,0.0183,0.9174
2026-07-15,wing_below,6900.0,2026-08-07,23,10.0,10.3,10.15,0.227220960680026,2.207,0.3,0.1359,0.0296,0.9141
2026-07-15,short_above,7275.0,2026-08-21,37,54.5,54.8,54.65,0.170016724181971,7.3586,0.3,0.0408,0.0055,0.9638
2026-07-15,short_below,7270.0,2026-08-21,37,53.8,54.2,54.0,0.170636881227225,7.3309,0.4,0.0546,0.0074,0.9631
2026-07-15,wing_above,7075.0,2026-08-21,37,32.2,32.5,32.35,0.194939524864706,5.3492,0.3,0.0561,0.0093,0.9373
2026-07-15,wing_below,7070.0,2026-08-21,37,31.8,32.1,31.95,0.195570685263603,5.3184,0.3,0.0564,0.0094,0.9368
2026-07-15,short_above,7295.0,2026-08-21,37,57.5,57.9,57.7,0.167493531912476,7.5681,0.4,0.0529,0.0069,0.9666
2026-07-15,short_below,7280.0,2026-08-21,37,55.2,55.6,55.4,0.169346345052134,7.4235,0.4,0.0539,0.0072,0.9646
2026-07-15,wing_above,7090.0,2026-08-21,37,33.5,33.8,33.65,0.192122916693057,5.4892,0.3,0.0547,0.0089,0.9394
2026-07-15,short_above,7225.0,2026-08-21,37,47.6,47.9,47.75,0.174139703714039,6.8284,0.3,0.0439,0.0063,0.9573
2026-07-15,short_below,7220.0,2026-08-21,37,46.9,47.3,47.1,0.176783035172905,6.7873,0.4,0.0589,0.0085,0.9566
2026-07-15,wing_above,7020.0,2026-08-21,37,28.2,28.5,28.35,0.20190645131414,4.8862,0.3,0.0614,0.0106,0.9301
2026-07-15,wing_below,7010.0,2026-08-21,37,27.5,27.8,27.65,0.203179536798291,4.8061,0.3,0.0624,0.0108,0.9288
2026-07-15,short_above,7280.0,2026-08-21,37,55.4,55.8,55.6,0.169211150465086,7.4235,0.4,0.0539,0.0072,0.9646
2026-07-15,short_below,7275.0,2026-08-21,37,54.7,55.1,54.9,0.169761338380464,7.3586,0.4,0.0544,0.0073,0.9639
2026-07-15,wing_above,6985.0,2026-08-21,37,26.0,26.3,26.15,0.206372315931113,4.5971,0.3,0.0653,0.0115,0.9255
2026-07-15,wing_below,6980.0,2026-08-21,37,25.7,26.0,25.85,0.207012719352018,4.5639,0.3,0.0657,0.0116,0.9248
2026-07-15,short_above,7330.0,2026-08-21,37,63.7,64.0,63.85,0.163175055012101,7.9706,0.3,0.0376,0.0047,0.9712
2026-07-15,short_below,7325.0,2026-08-21,37,62.8,63.2,63.0,0.164576614303762,7.9171,0.4,0.0505,0.0063,0.9706
2026-07-15,wing_above,7065.0,2026-08-21,37,31.6,31.9,31.75,0.196202250503594,5.268,0.3,0.0569,0.0094,0.9361
2026-07-15,wing_below,7060.0,2026-08-21,37,31.1,31.5,31.3,0.196834231091867,5.2295,0.4,0.0765,0.0128,0.9354
2026-07-15,short_below,7310.0,2026-08-28,44,71.0,71.6,71.3,0.166962196060552,8.6605,0.6,0.0693,0.0084,0.9686
2026-07-15,wing_above,7050.0,2026-08-28,44,38.3,38.7,38.5,0.197405520895962,6.054,0.4,0.0661,0.0104,0.9341
2026-07-15,wing_below,7025.0,2026-08-28,44,36.3,36.7,36.5,0.200336792897161,5.8294,0.4,0.0686,0.011,0.9308
2026-07-15,short_above,7290.0,2026-08-28,44,67.5,68.0,67.75,0.169306188656689,8.4571,0.5,0.0591,0.0074,0.9659
2026-07-15,short_below,7280.0,2026-08-28,44,65.8,66.3,66.05,0.170479062919335,8.3505,0.5,0.0599,0.0076,0.9646
2026-07-15,wing_above,7000.0,2026-08-28,44,34.3,34.7,34.5,0.203276627508066,5.6115,0.4,0.0713,0.0116,0.9275
2026-07-15,wing_below,6990.0,2026-08-28,44,33.6,34.0,33.8,0.204455582293251,5.535,0.4,0.0723,0.0118,0.9262
2026-07-15,short_above,7125.0,2026-08-07,23,20.0,20.3,20.15,0.193192721212127,3.7167,0.3,0.0807,0.0149,0.9443
2026-07-15,short_below,7100.0,2026-08-07,23,18.4,18.7,18.55,0.196854418391291,3.5079,0.3,0.0855,0.0162,0.941
2026-07-15,wing_above,6925.0,2026-08-07,23,11.1,11.3,11.2,0.223928607363441,2.3617,0.2,0.0847,0.0179,0.9178
2026-07-15,wing_below,6900.0,2026-08-07,23,10.4,10.7,10.55,0.228003241448712,2.2377,0.3,0.1341,0.0284,0.9145
2026-07-15,short_above,7275.0,2026-08-21,37,55.6,55.9,55.75,0.170182035266239,7.3136,0.3,0.041,0.0054,0.9642
2026-07-15,short_below,7270.0,2026-08-21,37,54.8,55.2,55.0,0.170775092064487,7.2618,0.4,0.0551,0.0073,0.9636
2026-07-15,short_above,7125.0,2026-08-07,23,17.0,17.2,17.1,0.192957956664736,3.4229,0.2,0.0584,0.0117,0.9424
2026-07-15,short_below,7100.0,2026-08-07,23,15.7,15.9,15.8,0.197054323572764,3.2248,0.2,0.062,0.0127,0.9391
2026-07-15,wing_above,6925.0,2026-08-07,23,9.4,9.7,9.55,0.224600009765335,2.1544,0.3,0.1392,0.0314,0.9159
2026-07-15,wing_below,6900.0,2026-08-07,23,8.8,9.1,8.95,0.228749821516009,2.0399,0.3,0.1471,0.0335,0.9126
2026-07-15,short_above,7275.0,2026-08-21,37,49.8,50.1,49.95,0.169302824772045,7.0986,0.3,0.0423,0.006,0.9622
2026-07-15,short_below,7270.0,2026-08-21,37,49.1,49.5,49.3,0.169931280303441,7.0118,0.4,0.057,0.0081,0.9616
2026-07-15,wing_above,7075.0,2026-08-21,37,29.4,29.7,29.55,0.194700078585417,5.1071,0.3,0.0587,0.0102,0.9358
2026-07-15,wing_below,7070.0,2026-08-21,37,29.0,29.4,29.2,0.195342747209465,5.0473,0.4,0.0792,0.0137,0.9351
2026-07-15,short_above,7295.0,2026-08-21,37,52.9,53.3,53.1,0.166792214083622,7.2983,0.4,0.0548,0.0075,0.9649
2026-07-15,short_below,7280.0,2026-08-21,37,50.8,51.2,51.0,0.169398157141039,7.133,0.4,0.0561,0.0078,0.9629
2026-07-15,wing_above,7090.0,2026-08-21,37,30.6,31.0,30.8,0.192774842832237,5.2409,0.4,0.0763,0.013,0.9378
2026-07-15,wing_below,7085.0,2026-08-21,37,30.3,30.6,30.45,0.193416135709726,5.1913,0.3,0.0578,0.0099,0.9371
2026-07-15,short_above,7225.0,2026-08-21,37,43.7,44.1,43.9,0.175601877626145,6.5609,0.4,0.061,0.0091,0.9556
2026-07-15,short_below,7220.0,2026-08-21,37,43.1,43.5,43.3,0.176233578277842,6.5085,0.4,0.0615,0.0092,0.955
2026-07-15,wing_above,7020.0,2026-08-21,37,25.7,26.1,25.9,0.201797279595875,4.638,0.4,0.0862,0.0154,0.9285
2026-07-15,wing_below,7010.0,2026-08-21,37,25.1,25.4,25.25,0.203094769698568,4.5579,0.3,0.0658,0.0119,0.9272
2026-07-15,wing_above,6985.0,2026-08-21,37,23.7,24.0,23.85,0.206349076843391,4.3635,0.3,0.0688,0.0126,0.9239
2026-07-15,wing_below,6980.0,2026-08-21,37,23.5,23.8,23.65,0.20700183189816,4.3256,0.3,0.0694,0.0127,0.9232
2026-07-15,short_above,7330.0,2026-08-21,37,58.6,59.1,58.85,0.162389717141274,7.6895,0.5,0.065,0.0085,0.9697
2026-07-15,short_below,7325.0,2026-08-21,37,58.0,58.3,58.15,0.163014314388627,7.6356,0.3,0.0393,0.0052,0.969
2026-07-15,wing_above,7065.0,2026-08-21,37,28.9,29.2,29.05,0.19589806029707,5.0151,0.3,0.0598,0.0103,0.9346
2026-07-15,wing_below,7060.0,2026-08-21,37,28.5,28.8,28.65,0.196540266291157,4.9711,0.3,0.0603,0.0105,0.934
2026-07-15,short_above,7320.0,2026-08-28,44,68.4,68.9,68.65,0.165554346603082,8.5359,0.5,0.0586,0.0073,0.9683
2026-07-15,short_below,7310.0,2026-08-28,44,66.7,67.2,66.95,0.16673724011258,8.4202,0.5,0.0594,0.0075,0.967
2026-07-15,wing_above,7050.0,2026-08-28,44,36.0,36.3,36.15,0.19759485725805,5.816,0.3,0.0516,0.0083,0.9326
2026-07-15,wing_below,7025.0,2026-08-28,44,34.0,34.4,34.2,0.200585717734116,5.5959,0.4,0.0715,0.0117,0.9293
2026-07-15,short_above,7290.0,2026-08-28,44,63.7,64.2,63.95,0.169104970391412,8.2321,0.5,0.0607,0.0078,0.9644
2026-07-15,short_below,7280.0,2026-08-28,44,62.0,62.6,62.3,0.170289464643994,8.1168,0.6,0.0739,0.0096,0.9631
2026-07-15,wing_above,7000.0,2026-08-28,44,32.4,32.7,32.55,0.203585408056171,5.4081,0.3,0.0555,0.0092,0.926
2026-07-15,wing_below,6990.0,2026-08-28,44,31.4,32.0,31.7,0.204788050287466,5.3248,0.6,0.1127,0.0189,0.9247
2026-07-15,wing_above,7050.0,2026-08-28,44,36.2,36.5,36.35,0.197511609402034,5.816,0.3,0.0516,0.0083,0.9326
2026-07-16,short_above,7125.0,2026-08-07,22,17.2,17.4,17.3,0.19081516052539,3.4421,0.2,0.0581,0.0116,0.9433
2026-07-16,short_below,7100.0,2026-08-07,22,15.8,16.0,15.9,0.194566620120635,3.2402,0.2,0.0617,0.0126,0.94
2026-07-16,wing_above,6925.0,2026-08-07,22,9.4,9.6,9.5,0.222042555479213,2.1456,0.2,0.0932,0.0211,0.9168
2026-07-16,wing_below,6900.0,2026-08-07,22,8.8,9.0,8.9,0.226136283542284,2.0284,0.2,0.0986,0.0225,0.9135
2026-07-16,short_above,7275.0,2026-08-21,36,51.1,51.5,51.3,0.168398213787137,7.1615,0.4,0.0559,0.0078,0.9632
2026-07-16,short_below,7270.0,2026-08-21,36,50.2,50.5,50.35,0.170642261643382,7.1208,0.3,0.0421,0.006,0.9625
2026-07-16,wing_above,7075.0,2026-08-21,36,29.9,30.2,30.05,0.19372023869427,5.1533,0.3,0.0582,0.01,0.9367
2026-07-16,wing_below,7070.0,2026-08-21,36,29.5,29.8,29.65,0.194359275079733,5.1068,0.3,0.0587,0.0101,0.936
2026-07-16,short_above,7295.0,2026-08-21,36,53.7,54.1,53.9,0.165886406485909,7.3755,0.4,0.0542,0.0074,0.9658
2026-07-16,short_below,7280.0,2026-08-21,36,51.6,51.9,51.75,0.16776977057406,7.2133,0.3,0.0416,0.0058,0.9638
2026-07-16,wing_above,7090.0,2026-08-21,36,30.9,31.2,31.05,0.191805503159747,5.2887,0.3,0.0567,0.0097,0.9387
2026-07-16,wing_below,7085.0,2026-08-21,36,30.6,30.9,30.75,0.192443362496258,5.234,0.3,0.0573,0.0098,0.938
2026-07-16,short_above,7225.0,2026-08-21,36,44.3,44.6,44.45,0.174695987706967,6.6197,0.3,0.0453,0.0067,0.9565
2026-07-16,short_below,7220.0,2026-08-21,36,43.8,44.2,44.0,0.175326798788038,6.567,0.4,0.0609,0.0091,0.9559
2026-07-16,wing_above,7020.0,2026-08-21,36,26.1,26.3,26.2,0.20182256087233,4.6767,0.2,0.0428,0.0076,0.9294
2026-07-16,wing_below,7010.0,2026-08-21,36,25.4,25.7,25.55,0.202063211223186,4.5955,0.3,0.0653,0.0117,0.9281
2026-07-16,short_above,7280.0,2026-08-21,36,51.9,52.4,52.15,0.169398157141039,7.2133,0.5,0.0693,0.0096,0.9638
2026-07-16,short_below,7275.0,2026-08-21,36,51.4,51.7,51.55,0.170047188841985,7.1615,0.3,0.0419,0.0058,0.9633
2026-07-16,wing_above,6985.0,2026-08-21,36,24.1,24.4,24.25,0.204985330469038,4.4133,0.3,0.068,0.0124,0.9249
2026-07-16,wing_below,6980.0,2026-08-21,36,23.7,24.0,23.85,0.205631335407579,4.3598,0.3,0.0688,0.0126,0.9242
2026-07-16,short_above,7330.0,2026-08-21,36,59.8,60.2,60.0,0.161340138219676,7.7505,0.4,0.0516,0.0067,0.9706
2026-07-16,short_below,7325.0,2026-08-21,36,59.1,59.4,59.25,0.161959254557022,7.6966,0.3,0.039,0.0051,0.9699
2026-07-16,wing_above,7065.0,2026-08-21,36,29.3,29.6,29.45,0.194717550729618,5.0588,0.3,0.0593,0.0102,0.9355
2026-07-16,wing_below,7060.0,2026-08-21,36,28.9,29.3,29.1,0.195356117677853,5.0234,0.4,0.0796,0.0137,0.9348
2026-07-16,short_above,7320.0,2026-08-28,43,70.2,70.7,70.45,0.166024136075046,8.603,0.5,0.0581,0.0071,0.9692
2026-07-16,short_below,7310.0,2026-08-28,43,68.5,69.4,68.95,0.166063743554061,8.4814,0.9,0.1061,0.0131,0.9679
2026-07-16,wing_above,7050.0,2026-08-28,43,36.8,37.2,37.0,0.196871636012967,5.8678,0.4,0.0682,0.0108,0.9335
2026-07-16,wing_below,7025.0,2026-08-28,43,34.9,35.2,35.05,0.199838693465413,5.6456,0.3,0.0531,0.0086,0.9302
2026-07-16,short_above,7290.0,2026-08-28,43,65.4,65.9,65.65,0.168445140308748,8.2696,0.5,0.0605,0.0076,0.9653
2026-07-16,short_below,7280.0,2026-08-28,43,63.7,64.2,63.95,0.169634612616197,8.2235,0.5,0.0608,0.0078,0.964
2026-07-16,wing_above,7000.0,2026-08-28,43,33.1,33.4,33.25,0.202809989267434,5.4305,0.3,0.0552,0.009,0.9269
2026-07-16,wing_below,6990.0,2026-08-28,43,32.3,32.7,32.5,0.204000070247631,5.3465,0.4,0.0748,0.0123,0.9256
2026-07-16,short_above,7320.0,2026-08-28,43,70.6,71.3,70.95,0.166024136075046,8.603,0.7,0.0814,0.0099,0.9692
2026-07-16,short_below,7310.0,2026-08-28,43,69.0,69.5,69.25,0.167145779146716,8.4814,0.5,0.059,0.0072,0.9679
2026-07-16,wing_above,7050.0,2026-08-28,43,36.9,37.3,37.1,0.197511609402034,5.8678,0.4,0.0682,0.0108,0.9335
2026-07-16,wing_below,7025.0,2026-08-28,43,34.9,35.2,35.05,0.200558269497187,5.6456,0.3,0.0531,0.0086,0.9302
2026-07-16,short_above,7125.0,2026-08-07,22,18.0,18.3,18.15,0.190157027839378,3.5371,0.3,0.0848,0.0165,0.9448
2026-07-16,short_below,7100.0,2026-08-07,22,16.5,16.7,16.6,0.19632476751434,3.3274,0.2,0.0601,0.012,0.9415
2026-07-16,wing_above,6925.0,2026-08-07,22,9.6,9.8,9.7,0.220684808883695,2.1898,0.2,0.0913,0.0206,0.9183
2026-07-16,wing_below,6900.0,2026-08-07,22,9.0,9.2,9.1,0.224723381349022,2.0683,0.2,0.0967,0.022,0.9149
2026-07-16,short_above,7275.0,2026-08-21,36,52.9,53.2,53.05,0.168349684425222,7.2829,0.3,0.0412,0.0057,0.9647
2026-07-16,short_below,7270.0,2026-08-21,36,52.2,52.4,52.3,0.168966850450395,7.2213,0.2,0.0277,0.0038,0.964
2026-07-16,wing_above,7075.0,2026-08-21,36,30.7,31.0,30.85,0.193104961481207,5.2492,0.3,0.0572,0.0097,0.9382
2026-07-16,wing_below,7070.0,2026-08-21,36,30.3,30.6,30.45,0.193731860743421,5.2093,0.3,0.0576,0.0099,0.9375
2026-07-16,short_above,7295.0,2026-08-21,36,55.8,56.1,55.95,0.16588001014596,7.4974,0.3,0.04,0.0054,0.9673
2026-07-16,short_below,7280.0,2026-08-21,36,53.5,53.8,53.65,0.167732412580078,7.3261,0.3,0.0409,0.0056,0.9653
2026-07-16,wing_above,7090.0,2026-08-21,36,31.8,32.1,31.95,0.191228037266187,5.3874,0.3,0.0557,0.0094,0.9401
2026-07-16,wing_below,7085.0,2026-08-21,36,31.4,31.7,31.55,0.191853058763586,5.3128,0.3,0.0565,0.0095,0.9395
2026-07-16,short_above,7225.0,2026-08-21,36,45.7,46.0,45.85,0.174516778446356,6.7056,0.3,0.0447,0.0065,0.958
2026-07-16,short_below,7220.0,2026-08-21,36,45.0,45.3,45.15,0.175133069434979,6.6525,0.3,0.0451,0.0066,0.9574
2026-07-16,wing_above,7020.0,2026-08-21,36,26.6,26.9,26.75,0.200037241687936,4.7322,0.3,0.0634,0.0112,0.9309
2026-07-16,wing_below,7010.0,2026-08-21,36,25.9,26.2,26.05,0.201306561807873,4.6634,0.3,0.0643,0.0115,0.9295
2026-07-16,short_above,7280.0,2026-08-21,36,53.3,53.7,53.5,0.169398157141039,7.3261,0.4,0.0546,0.0075,0.9653
2026-07-16,wing_above,6985.0,2026-08-21,36,24.4,24.7,24.55,0.204574728564769,4.4509,0.3,0.0674,0.0122,0.9258
2026-07-16,wing_below,6980.0,2026-08-21,36,24.1,24.4,24.25,0.205213361439281,4.4092,0.3,0.068,0.0124,0.9251
2026-07-16,short_above,7330.0,2026-08-21,36,61.3,61.6,61.45,0.161440659345284,7.8662,0.3,0.0381,0.0049,0.9715
2026-07-16,short_below,7325.0,2026-08-21,36,60.3,60.6,60.45,0.163463016045012,7.7731,0.3,0.0386,0.005,0.9709
2026-07-16,wing_above,7065.0,2026-08-21,36,29.6,30.0,29.8,0.194433259845419,5.1125,0.4,0.0782,0.0134,0.9364
2026-07-16,wing_below,7060.0,2026-08-21,36,29.3,29.6,29.45,0.195063431544277,5.0998,0.3,0.0588,0.0102,0.9357
2026-07-16,short_above,7320.0,2026-08-28,43,70.7,71.5,71.1,0.16490845429762,8.6604,0.8,0.0924,0.0113,0.9702
2026-07-16,short_below,7310.0,2026-08-28,43,69.0,69.7,69.35,0.166082114591841,8.5615,0.7,0.0818,0.0101,0.9689
2026-07-16,wing_above,7050.0,2026-08-28,43,36.9,37.3,37.1,0.197511609402034,5.9344,0.4,0.0674,0.0108,0.9344
2026-07-16,wing_below,7025.0,2026-08-28,43,34.9,35.2,35.05,0.199240231425383,5.7087,0.3,0.0526,0.0086,0.9311
2026-07-16,short_above,7290.0,2026-08-28,43,65.8,66.3,66.05,0.168426500430585,8.3493,0.5,0.0599,0.0076,0.9662
2026-07-16,short_below,7280.0,2026-08-28,43,64.1,64.6,64.35,0.169597070670021,8.2475,0.5,0.0606,0.0078,0.9649
2026-07-16,wing_above,7000.0,2026-08-28,43,33.0,33.3,33.15,0.202171019866443,5.49,0.3,0.0546,0.009,0.9278
2026-07-16,wing_below,6990.0,2026-08-28,43,32.2,32.6,32.4,0.203347643038594,5.4045,0.4,0.074,0.0123,0.9265
2026-07-16,short_below,7310.0,2026-08-28,43,69.2,69.8,69.5,0.167145779146716,8.5615,0.6,0.0701,0.0086,0.9689
2026-07-16,wing_above,7050.0,2026-08-28,43,37.0,37.3,37.15,0.197511609402034,5.9344,0.3,0.0506,0.0081,0.9344
2026-07-16,short_above,7125.0,2026-08-07,22,15.4,15.6,15.5,0.189703089809719,3.2334,0.2,0.0619,0.0129,0.9416
2026-07-16,short_below,7100.0,2026-08-07,22,14.1,14.3,14.2,0.193380183000222,3.0369,0.2,0.0659,0.0141,0.9383
2026-07-16,wing_above,6925.0,2026-08-07,22,8.3,8.6,8.45,0.220715181702854,1.994,0.3,0.1504,0.0355,0.9151
2026-07-16,wing_below,6900.0,2026-08-07,22,7.8,8.0,7.9,0.224842129186683,1.8849,0.2,0.1061,0.0253,0.9118
2026-07-16,short_above,7275.0,2026-08-21,36,47.2,47.6,47.4,0.168281770926733,6.9474,0.4,0.0576,0.0084,0.9614
2026-07-16,short_below,7270.0,2026-08-21,36,46.6,46.9,46.75,0.168210533217925,6.8927,0.3,0.0435,0.0064,0.9607
2026-07-16,wing_above,7075.0,2026-08-21,36,27.4,27.7,27.55,0.192778912599496,4.9354,0.3,0.0608,0.0109,0.935
2026-07-16,wing_below,7070.0,2026-08-21,36,27.0,27.4,27.2,0.193195822324966,4.8906,0.4,0.0818,0.0147,0.9343
2026-07-16,short_above,7295.0,2026-08-21,36,49.8,50.2,50.0,0.165118050840806,7.1671,0.4,0.0558,0.008,0.964
2026-07-16,short_below,7280.0,2026-08-21,36,47.8,48.1,47.95,0.166973459644723,7.0003,0.3,0.0429,0.0063,0.962
2026-07-16,wing_above,7090.0,2026-08-21,36,28.4,28.7,28.55,0.19066588626933,5.069,0.3,0.0592,0.0105,0.9369
2026-07-16,wing_below,7085.0,2026-08-21,36,28.0,28.3,28.15,0.191297566575203,5.0238,0.3,0.0597,0.0107,0.9363
2026-07-16,short_above,7225.0,2026-08-21,36,40.8,41.1,40.95,0.173783431360648,6.4049,0.3,0.0468,0.0073,0.9548
2026-07-16,short_below,7220.0,2026-08-21,36,40.3,40.6,40.45,0.174403739866201,6.3299,0.3,0.0474,0.0074,0.9541
2026-07-16,wing_above,7020.0,2026-08-21,36,23.8,24.1,23.95,0.199560946075015,4.4552,0.3,0.0673,0.0125,0.9277
2026-07-16,wing_below,7010.0,2026-08-21,36,23.3,23.6,23.45,0.200841563450798,4.3772,0.3,0.0685,0.0128,0.9264
2026-07-16,short_below,7275.0,2026-08-21,36,47.1,47.4,47.25,0.168281770926733,6.9474,0.3,0.0432,0.0063,0.9614
2026-07-16,wing_above,6985.0,2026-08-21,36,21.9,22.2,22.05,0.204055452725397,4.1892,0.3,0.0716,0.0136,0.9231
2026-07-16,wing_below,6980.0,2026-08-21,36,21.6,21.9,21.75,0.204700460748671,4.1459,0.3,0.0724,0.0138,0.9224
2026-07-16,short_above,7330.0,2026-08-21,36,55.1,55.5,55.3,0.160790014102152,7.5431,0.4,0.053,0.0072,0.9687
2026-07-16,short_below,7325.0,2026-08-21,36,54.1,54.4,54.25,0.161408039698922,7.4763,0.3,0.0401,0.0055,0.968
2026-07-16,wing_above,7065.0,2026-08-21,36,26.6,26.8,26.7,0.193829673399918,4.8241,0.2,0.0415,0.0075,0.9336
2026-07-16,wing_below,7060.0,2026-08-21,36,26.2,26.5,26.35,0.194464088735559,4.7916,0.3,0.0626,0.0114,0.933
2026-07-16,short_above,7320.0,2026-08-28,43,64.4,64.8,64.6,0.164169026925843,8.3797,0.4,0.0477,0.0062,0.9673
2026-07-16,short_below,7310.0,2026-08-28,43,62.8,63.2,63.0,0.165186043689713,8.2741,0.4,0.0483,0.0063,0.966
2026-07-16,wing_above,7050.0,2026-08-28,43,33.4,33.7,33.55,0.195567687502025,5.6373,0.3,0.0532,0.0089,0.9314
2026-07-16,wing_below,7025.0,2026-08-28,43,31.6,31.8,31.7,0.198491418123593,5.4172,0.2,0.0369,0.0063,0.9281
2026-07-16,short_above,7290.0,2026-08-28,43,59.6,60.2,59.9,0.167548880905593,8.0584,0.6,0.0745,0.01,0.9632
2026-07-16,short_below,7280.0,2026-08-28,43,58.0,58.5,58.25,0.168728727562073,7.9559,0.5,0.0628,0.0086,0.9618
2026-07-16,wing_above,7000.0,2026-08-28,43,29.8,30.1,29.95,0.201428485396193,5.2047,0.3,0.0576,0.01,0.9248
2026-07-16,wing_below,6990.0,2026-08-28,43,29.1,29.5,29.3,0.202607698176965,5.122,0.4,0.0781,0.0137,0.9235
2026-07-16,short_below,7310.0,2026-08-28,43,62.6,63.0,62.8,0.165422464360599,8.2741,0.4,0.0483,0.0064,0.9658
2026-07-16,wing_above,7050.0,2026-08-28,43,33.3,33.7,33.5,0.195431954876436,5.6373,0.4,0.071,0.0119,0.9314
2026-07-16,short_above,7125.0,2026-08-07,22,15.9,16.1,16.0,0.188753008943881,3.3091,0.2,0.0604,0.0125,0.9428
2026-07-16,short_below,7100.0,2026-08-07,22,14.6,14.9,14.75,0.192357932609732,3.1065,0.3,0.0966,0.0203,0.9395
2026-07-16,wing_above,6925.0,2026-08-07,22,8.5,8.7,8.6,0.219135455313462,2.0227,0.2,0.0989,0.0233,0.9164
2026-07-16,wing_below,6900.0,2026-08-07,22,7.9,8.2,8.05,0.223192388727953,1.9091,0.3,0.1571,0.0373,0.9131
2026-07-16,short_above,7275.0,2026-08-21,36,49.2,49.5,49.35,0.167383269375065,7.0546,0.3,0.0425,0.0061,0.9627
2026-07-16,short_below,7270.0,2026-08-21,36,48.4,48.8,48.6,0.170456749965857,6.9984,0.4,0.0572,0.0082,0.962
2026-07-16,wing_above,7075.0,2026-08-21,36,28.5,28.8,28.65,0.192113451507071,5.0247,0.3,0.0597,0.0105,0.9362
2026-07-16,wing_below,7070.0,2026-08-21,36,28.1,28.4,28.25,0.193357733606974,4.9874,0.3,0.0602,0.0106,0.9356
2026-07-16,short_above,7295.0,2026-08-21,36,52.1,52.4,52.25,0.164931544219692,7.2796,0.3,0.0412,0.0057,0.9653
2026-07-16,short_below,7280.0,2026-08-21,36,50.0,50.4,50.2,0.166770272855697,7.1133,0.4,0.0562,0.008,0.9634
2026-07-16,wing_above,7090.0,2026-08-21,36,29.6,29.9,29.75,0.190233595834234,5.1605,0.3,0.0581,0.0101,0.9382
2026-07-16,wing_below,7085.0,2026-08-21,36,29.2,29.5,29.35,0.190859615807712,5.1197,0.3,0.0586,0.0102,0.9376
2026-07-16,short_above,7225.0,2026-08-21,36,42.7,43.1,42.9,0.173517407425908,6.5107,0.4,0.0614,0.0093,0.9561
2026-07-16,short_below,7220.0,2026-08-21,36,42.1,42.5,42.3,0.174131643634313,6.4572,0.4,0.0619,0.0095,0.9554
2026-07-16,wing_above,7020.0,2026-08-21,36,24.7,25.0,24.85,0.199055306122162,4.5532,0.3,0.0659,0.0121,0.9289
2026-07-16,wing_below,7010.0,2026-08-21,36,24.1,24.4,24.25,0.200326387306751,4.4738,0.3,0.0671,0.0124,0.9276
2026-07-16,short_above,7280.0,2026-08-21,36,49.8,50.1,49.95,0.167698156172995,7.1133,0.3,0.0422,0.006,0.9634
2026-07-16,wing_above,6985.0,2026-08-21,36,22.7,23.0,22.85,0.203517178898414,4.2725,0.3,0.0702,0.0131,0.9243
2026-07-16,wing_below,6980.0,2026-08-21,36,22.4,22.7,22.55,0.204157669237425,4.237,0.3,0.0708,0.0133,0.9237
2026-07-16,short_above,7330.0,2026-08-21,36,57.4,57.9,57.65,0.163102417235394,7.6627,0.5,0.0653,0.0087,0.97
2026-07-16,short_below,7325.0,2026-08-21,36,56.7,57.1,56.9,0.161256541692857,7.6079,0.4,0.0526,0.007,0.9693
2026-07-16,wing_above,7065.0,2026-08-21,36,27.7,28.0,27.85,0.193925981893872,4.9391,0.3,0.0607,0.0108,0.9349
2026-07-16,wing_below,7060.0,2026-08-21,36,27.3,27.6,27.45,0.19399882575882,4.8965,0.3,0.0613,0.0109,0.9342
2026-07-16,short_above,7320.0,2026-08-28,43,66.9,67.4,67.15,0.163965662603326,8.4997,0.5,0.0588,0.0074,0.9687
2026-07-16,short_below,7310.0,2026-08-28,43,65.3,65.8,65.55,0.165147962708927,8.3958,0.5,0.0596,0.0076,0.9673
2026-07-16,wing_above,7050.0,2026-08-28,43,34.7,35.0,34.85,0.195441882562152,5.7553,0.3,0.0521,0.0086,0.9329
2026-07-16,wing_below,7025.0,2026-08-28,43,32.8,33.1,32.95,0.198341346903806,5.5315,0.3,0.0542,0.0091,0.9296
2026-07-16,short_above,7290.0,2026-08-28,43,62.1,62.5,62.3,0.167510550064172,8.1822,0.4,0.0489,0.0064,0.9647
2026-07-16,short_below,7280.0,2026-08-28,43,60.5,60.9,60.7,0.168690334690078,8.0753,0.4,0.0495,0.0066,0.9634
2026-07-16,wing_above,7000.0,2026-08-28,43,31.0,31.3,31.15,0.201252057861186,5.3151,0.3,0.0564,0.0096,0.9263
2026-07-16,wing_below,6990.0,2026-08-28,43,30.1,30.5,30.3,0.202420278057429,5.2307,0.4,0.0765,0.0132,0.925
2026-07-16,short_above,7320.0,2026-08-28,43,66.7,67.2,66.95,0.164342858485537,8.4997,0.5,0.0588,0.0075,0.9687
2026-07-16,wing_above,7050.0,2026-08-28,43,34.6,35.0,34.8,0.195431954876436,5.7553,0.4,0.0695,0.0115,0.9329
2026-07-16,short_above,7125.0,2026-08-07,22,14.5,15.2,14.85,0.188403193243638,3.2019,0.7,0.2186,0.0471,0.9417
2026-07-16,short_below,7100.0,2026-08-07,22,13.5,13.8,13.65,0.191951444207831,3.0055,0.3,0.0998,0.022,0.9382
2026-07-16,wing_above,6925.0,2026-08-07,22,7.9,8.2,8.05,0.219428970975606,1.9626,0.3,0.1529,0.0373,0.9151
2026-07-16,wing_below,6900.0,2026-08-07,22,7.4,7.7,7.55,0.224138822108886,1.8536,0.3,0.1618,0.0397,0.9118
2026-07-16,short_above,7275.0,2026-08-21,36,46.1,46.4,46.25,0.166463551280894,6.9338,0.3,0.0433,0.0065,0.9613
2026-07-16,short_below,7270.0,2026-08-21,36,45.5,45.8,45.65,0.167121478594256,6.8844,0.3,0.0436,0.0066,0.9607
2026-07-16,wing_above,7075.0,2026-08-21,36,26.8,27.1,26.95,0.191609098177496,4.9093,0.3,0.0611,0.0111,0.9349
2026-07-16,wing_below,7070.0,2026-08-21,36,26.4,26.7,26.55,0.192247046143455,4.8167,0.3,0.0623,0.0113,0.9342
2026-07-16,short_above,7295.0,2026-08-21,36,48.6,49.0,48.8,0.163966799431554,7.0936,0.4,0.0564,0.0082,0.964
2026-07-16,short_below,7280.0,2026-08-21,36,46.6,47.0,46.8,0.165839204557911,6.9271,0.4,0.0577,0.0085,0.962
2026-07-16,wing_above,7090.0,2026-08-21,36,27.8,28.1,27.95,0.189698981456041,5.044,0.3,0.0595,0.0107,0.9369
2026-07-16,wing_below,7085.0,2026-08-21,36,27.4,27.7,27.55,0.190335073088697,5.0039,0.3,0.06,0.0109,0.9362
2026-07-16,short_above,7225.0,2026-08-21,36,40.0,40.4,40.2,0.172568219791248,6.324,0.4,0.0633,0.01,0.9547
2026-07-16,short_below,7220.0,2026-08-21,36,39.5,39.8,39.65,0.173335014058946,6.2708,0.3,0.0478,0.0076,0.954
2026-07-16,wing_above,7020.0,2026-08-21,36,23.3,23.6,23.45,0.198662519642909,4.4004,0.3,0.0682,0.0128,0.9276
2026-07-16,wing_below,7010.0,2026-08-21,36,22.7,23.0,22.85,0.199953870625461,4.3212,0.3,0.0694,0.0131,0.9263
2026-07-16,short_above,7280.0,2026-08-21,36,46.8,47.1,46.95,0.165764714447302,6.9271,0.3,0.0433,0.0064,0.962
2026-07-16,short_below,7275.0,2026-08-21,36,46.1,46.4,46.25,0.166487442428214,6.9338,0.3,0.0433,0.0065,0.9613
2026-07-16,wing_above,6985.0,2026-08-21,36,21.4,21.7,21.55,0.20319521118024,4.1578,0.3,0.0722,0.0139,0.923
2026-07-16,wing_below,6980.0,2026-08-21,36,21.1,21.4,21.25,0.203845791857309,4.0936,0.3,0.0733,0.0141,0.9223
2026-07-16,short_above,7330.0,2026-08-21,36,54.0,54.5,54.25,0.159606091318491,7.4965,0.5,0.0667,0.0092,0.9686
2026-07-16,short_below,7325.0,2026-08-21,36,53.3,53.6,53.45,0.160227929764747,7.4407,0.3,0.0403,0.0056,0.9679
2026-07-16,wing_above,7065.0,2026-08-21,36,26.1,26.4,26.25,0.192885627063167,4.7777,0.3,0.0628,0.0114,0.9336
2026-07-16,wing_below,7060.0,2026-08-21,36,25.8,26.1,25.95,0.193524847838518,4.7322,0.3,0.0634,0.0116,0.9329
2026-07-16,short_above,7320.0,2026-08-28,43,63.4,63.9,63.65,0.162687308807943,8.3287,0.5,0.06,0.0079,0.9673
2026-07-16,short_below,7310.0,2026-08-28,43,61.9,62.3,62.1,0.163848338435953,8.2154,0.4,0.0487,0.0064,0.9659
2026-07-16,wing_above,7050.0,2026-08-28,43,32.8,33.2,33.0,0.194671667590667,5.5691,0.4,0.0718,0.0121,0.9316
2026-07-16,wing_below,7025.0,2026-08-28,43,31.0,31.4,31.2,0.197633619234162,5.3502,0.4,0.0748,0.0128,0.928
2026-07-16,short_above,7290.0,2026-08-28,43,58.7,59.2,58.95,0.166600863996093,8.0028,0.5,0.0625,0.0085,0.963
2026-07-16,short_below,7280.0,2026-08-28,43,57.2,57.7,57.45,0.167773023531538,7.8959,0.5,0.0633,0.0087,0.9617
2026-07-16,wing_above,7000.0,2026-08-28,43,29.3,29.6,29.45,0.200613226555387,5.1392,0.3,0.0584,0.0102,0.9247
2026-07-16,wing_below,6990.0,2026-08-28,43,28.6,29.0,28.8,0.201810446594735,5.057,0.4,0.0791,0.0139,0.9234
2026-07-16,short_above,7320.0,2026-08-28,43,63.3,63.8,63.55,0.162664989682925,8.3287,0.5,0.06,0.0079,0.967
2026-07-16,short_below,7310.0,2026-08-28,43,61.7,62.2,61.95,0.165422464360599,8.2154,0.5,0.0609,0.0081,0.9657
2026-07-16,wing_below,7025.0,2026-08-28,43,30.9,31.3,31.1,0.198532279163534,5.3502,0.4,0.0748,0.0129,0.928
2026-07-16,short_above,7125.0,2026-08-07,22,15.0,15.3,15.15,0.189184701710555,3.1431,0.3,0.0954,0.0198,0.941
2026-07-16,short_below,7100.0,2026-08-07,22,13.7,14.0,13.85,0.192870642858351,2.953,0.3,0.1016,0.0217,0.9381
2026-07-16,wing_above,6925.0,2026-08-07,22,8.1,8.4,8.25,0.220513191528263,1.9418,0.3,0.1545,0.0364,0.915
2026-07-16,wing_below,6900.0,2026-08-07,22,7.6,7.9,7.75,0.224648464245222,1.8353,0.3,0.1635,0.0387,0.9117
2026-07-16,short_above,7275.0,2026-08-21,36,46.6,46.9,46.75,0.167535912032926,6.7878,0.3,0.0442,0.0064,0.9612
2026-07-16,short_below,7270.0,2026-08-21,36,45.9,46.3,46.1,0.168151909873627,6.7261,0.4,0.0595,0.0087,0.9605
2026-07-16,wing_above,7075.0,2026-08-21,36,27.1,27.5,27.3,0.192628808484278,4.7988,0.4,0.0834,0.0147,0.9348
2026-07-16,wing_below,7070.0,2026-08-21,36,26.8,27.1,26.95,0.193267904895991,4.7516,0.3,0.0631,0.0111,0.9341
2026-07-16,short_above,7295.0,2026-08-21,36,49.4,49.8,49.6,0.165077263177681,7.0361,0.4,0.0568,0.0081,0.9638
2026-07-16,short_below,7280.0,2026-08-21,36,47.4,47.8,47.6,0.166920462705379,6.84,0.4,0.0585,0.0084,0.9619
2026-07-16,wing_above,7090.0,2026-08-21,36,28.2,28.6,28.4,0.190923599688116,4.9299,0.4,0.0811,0.0141,0.9368
2026-07-16,wing_below,7085.0,2026-08-21,36,27.9,28.2,28.05,0.191352435452323,4.9231,0.3,0.0609,0.0107,0.9361
2026-07-16,short_above,7225.0,2026-08-21,36,40.6,41.0,40.8,0.172568219791248,6.2472,0.4,0.064,0.0098,0.9546
2026-07-16,short_below,7220.0,2026-08-21,36,39.9,41.0,40.45,0.174344308599291,6.1944,1.1,0.1776,0.0272,0.9539
2026-07-16,wing_above,7020.0,2026-08-21,36,23.7,24.0,23.85,0.199694275529715,4.3456,0.3,0.069,0.0126,0.9275
2026-07-16,wing_below,7010.0,2026-08-21,36,23.1,23.4,23.25,0.200987806313005,4.2655,0.3,0.0703,0.0129,0.9262
2026-07-16,short_above,7280.0,2026-08-21,36,47.4,47.8,47.6,0.165764714447302,6.84,0.4,0.0585,0.0084,0.9619
2026-07-16,wing_above,6985.0,2026-08-21,36,21.7,22.1,21.9,0.204234839277664,4.1073,0.4,0.0974,0.0183,0.9229
2026-07-16,wing_below,6980.0,2026-08-21,36,21.5,21.8,21.65,0.204886611948161,4.0706,0.3,0.0737,0.0139,0.9222
2026-07-16,short_above,7330.0,2026-08-21,36,54.6,55.1,54.85,0.160793715248885,7.4326,0.5,0.0673,0.0091,0.9685
2026-07-16,short_below,7325.0,2026-08-21,36,53.8,54.2,54.0,0.161413000015818,7.3767,0.4,0.0542,0.0074,0.9677
2026-07-16,wing_above,7065.0,2026-08-21,36,26.5,26.8,26.65,0.193942768214274,4.7467,0.3,0.0632,0.0113,0.9334
2026-07-16,wing_below,7060.0,2026-08-21,36,26.1,26.5,26.3,0.194584019819031,4.7042,0.4,0.085,0.0152,0.9327
2026-07-16,short_above,7320.0,2026-08-28,43,64.2,64.8,64.5,0.164338190283189,8.2656,0.6,0.0726,0.0093,0.967
2026-07-16,wing_above,7050.0,2026-08-28,43,33.3,33.7,33.5,0.195758593837783,5.5351,0.4,0.0723,0.0119,0.9314
2026-07-16,wing_below,7025.0,2026-08-28,43,31.5,31.9,31.7,0.198701809019804,5.3178,0.4,0.0752,0.0126,0.9281
2026-07-16,short_above,7290.0,2026-08-28,43,59.4,59.9,59.65,0.167836617324637,7.9467,0.5,0.0629,0.0084,0.9631
2026-07-16,short_below,7280.0,2026-08-28,43,57.8,58.4,58.1,0.169001560417742,7.8356,0.6,0.0766,0.0103,0.9618
2026-07-16,wing_above,7000.0,2026-08-28,43,29.7,30.1,29.9,0.201660630149964,5.1081,0.4,0.0783,0.0134,0.9248
2026-07-16,wing_below,6990.0,2026-08-28,43,29.0,29.5,29.25,0.202848927018146,5.0265,0.5,0.0995,0.0171,0.9235
2026-07-16,short_above,7320.0,2026-08-28,43,64.1,64.7,64.4,0.162664989682925,8.2656,0.6,0.0726,0.0093,0.967
2026-07-16,short_below,7310.0,2026-08-28,43,62.5,63.1,62.8,0.165422464360599,8.2154,0.6,0.073,0.0096,0.9657
2026-07-16,wing_above,7050.0,2026-08-28,43,33.2,33.6,33.4,0.195431954876436,5.5351,0.4,0.0723,0.012,0.9314
2026-07-16,short_above,7125.0,2026-08-07,22,14.0,18.3,16.15,0.192475070047981,3.4045,4.3,1.2631,0.2663,0.9444
2026-07-16,short_below,7100.0,2026-08-07,22,15.4,15.9,15.65,0.196280951539579,3.2025,0.5,0.1561,0.0319,0.9411
2026-07-16,wing_above,6925.0,2026-08-07,22,9.0,9.4,9.2,0.224091960466601,2.1074,0.4,0.1898,0.0435,0.9179
2026-07-16,wing_below,6900.0,2026-08-07,22,8.4,8.8,8.6,0.228227287591758,1.9902,0.4,0.201,0.0465,0.9146
2026-07-16,short_above,7275.0,2026-08-21,36,50.7,51.2,50.95,0.168559822979337,7.1294,0.5,0.0701,0.0098,0.9643
2026-07-16,short_below,7270.0,2026-08-21,36,50.0,50.4,50.2,0.169192643423295,7.0755,0.4,0.0565,0.008,0.9636
2026-07-16,wing_above,7075.0,2026-08-21,36,29.4,29.7,29.55,0.193998967182455,5.117,0.3,0.0586,0.0102,0.9378
2026-07-16,wing_below,7070.0,2026-08-21,36,28.9,29.3,29.1,0.194638869922885,5.0695,0.4,0.0789,0.0137,0.9371
2026-07-16,short_above,7295.0,2026-08-21,36,53.7,54.1,53.9,0.166031417754129,7.2981,0.4,0.0548,0.0074,0.9669
2026-07-16,short_below,7280.0,2026-08-21,36,51.2,51.7,51.45,0.167927277775694,7.1357,0.5,0.0701,0.0097,0.965
2026-07-16,wing_above,7090.0,2026-08-21,36,30.4,30.8,30.6,0.192081157185878,5.208,0.4,0.0768,0.0131,0.9398
2026-07-16,wing_below,7085.0,2026-08-21,36,30.1,30.5,30.3,0.192720127613882,5.1625,0.4,0.0775,0.0132,0.9391
2026-07-16,short_above,7225.0,2026-08-21,36,43.8,44.2,44.0,0.174897872726342,6.5463,0.4,0.0611,0.0091,0.9577
2026-07-16,short_below,7220.0,2026-08-21,36,43.2,43.5,43.35,0.175532621817036,6.4935,0.3,0.0462,0.0069,0.957
2026-07-16,wing_above,7020.0,2026-08-21,36,25.4,25.7,25.55,0.201059902293065,4.6011,0.3,0.0652,0.0117,0.9305
2026-07-16,wing_below,7010.0,2026-08-21,36,24.7,25.1,24.9,0.202105797227712,4.5198,0.4,0.0885,0.0161,0.9286
2026-07-16,short_above,7280.0,2026-08-21,36,50.9,51.3,51.1,0.168343966054159,7.1357,0.4,0.0561,0.0078,0.9643
2026-07-16,wing_above,6985.0,2026-08-21,36,23.0,23.5,23.25,0.205329628506907,4.3123,0.5,0.1159,0.0215,0.9252
2026-07-16,wing_below,6980.0,2026-08-21,36,22.9,23.3,23.1,0.205976068783577,4.2839,0.4,0.0934,0.0173,0.9246
2026-07-16,short_above,7330.0,2026-08-21,36,59.2,59.7,59.45,0.161286277397834,7.6759,0.5,0.0651,0.0084,0.9709
2026-07-16,short_below,7325.0,2026-08-21,36,58.2,58.7,58.45,0.161920816472713,7.6222,0.5,0.0656,0.0086,0.9703
2026-07-16,wing_above,7065.0,2026-08-21,36,28.4,28.8,28.6,0.194940273624052,4.9838,0.4,0.0803,0.014,0.9358
2026-07-16,wing_below,7060.0,2026-08-21,36,28.2,28.5,28.35,0.196638086416699,4.9399,0.3,0.0607,0.0106,0.9352
2026-07-16,short_above,7320.0,2026-08-28,43,68.4,69.0,68.7,0.164767969902263,8.5185,0.6,0.0704,0.0087,0.9696
2026-07-16,wing_above,7050.0,2026-08-28,43,35.5,35.8,35.65,0.196529890222856,5.7955,0.3,0.0518,0.0084,0.9339
2026-07-16,wing_below,7025.0,2026-08-28,43,33.5,33.9,33.7,0.198984520471446,5.5727,0.4,0.0718,0.0119,0.9305
2026-07-16,short_above,7290.0,2026-08-28,43,63.4,64.1,63.75,0.168039877958804,8.2061,0.7,0.0853,0.011,0.9656
2026-07-16,short_below,7280.0,2026-08-28,43,62.0,62.5,62.25,0.169519667154135,8.1007,0.5,0.0617,0.008,0.9643
2026-07-16,wing_above,7000.0,2026-08-28,43,31.7,32.0,31.85,0.202465316308818,5.343,0.3,0.0561,0.0094,0.9272
2026-07-16,wing_below,6990.0,2026-08-28,43,30.8,31.2,31.0,0.203660369460798,5.2575,0.4,0.0761,0.0129,0.9259
2026-07-16,wing_above,7050.0,2026-08-28,43,35.1,35.6,35.35,0.195955295442214,5.7955,0.5,0.0863,0.0141,0.9339
2026-07-16,wing_below,7025.0,2026-08-28,43,33.2,33.7,33.45,0.198984520471446,5.5588,0.5,0.0899,0.0149,0.9305
2026-07-16,short_below,7300.0,2026-08-28,43,64.6,65.1,64.85,0.167147053075177,8.304,0.5,0.0602,0.0077,0.967
2026-07-16,wing_above,7050.0,2026-08-28,43,35.2,35.7,35.45,0.196529890222856,5.782,0.5,0.0865,0.0141,0.9339
2026-07-16,short_above,7125.0,2026-08-07,22,14.4,14.6,14.5,0.189956282289249,3.1005,0.2,0.0645,0.0138,0.9418
2026-07-16,short_below,7100.0,2026-08-07,22,13.2,13.4,13.3,0.193744262982758,2.9088,0.2,0.0688,0.015,0.9385
2026-07-16,wing_below,6900.0,2026-08-07,22,7.2,7.4,7.3,0.225869250290545,1.7875,0.2,0.1119,0.0274,0.9121
2026-07-16,short_above,7275.0,2026-08-21,36,45.7,46.0,45.85,0.167648599539322,6.8418,0.3,0.0438,0.0065,0.9616
2026-07-16,short_below,7270.0,2026-08-21,36,45.0,45.4,45.2,0.168271065566321,6.7509,0.4,0.0593,0.0088,0.961
2026-07-16,wing_above,7075.0,2026-08-21,36,26.4,26.7,26.55,0.192830717632988,4.8365,0.3,0.062,0.0113,0.9352
2026-07-16,wing_below,7070.0,2026-08-21,36,26.1,26.4,26.25,0.193470704140581,4.7903,0.3,0.0626,0.0114,0.9345
2026-07-16,short_above,7295.0,2026-08-21,36,48.8,49.2,49.0,0.165159675203743,7.0625,0.4,0.0566,0.0082,0.9643
2026-07-16,short_below,7280.0,2026-08-21,36,47.0,47.3,47.15,0.167026240842239,6.8968,0.3,0.0435,0.0064,0.9623
2026-07-16,wing_above,7090.0,2026-08-21,36,27.8,28.1,27.95,0.190914284645254,4.9557,0.3,0.0605,0.0107,0.9372
2026-07-16,wing_below,7085.0,2026-08-21,36,27.5,27.8,27.65,0.191552513492081,4.9111,0.3,0.0611,0.0108,0.9365
2026-07-16,short_above,7225.0,2026-08-21,36,40.3,40.6,40.45,0.174074032735814,6.2849,0.3,0.0477,0.0074,0.9548
2026-07-16,short_below,7220.0,2026-08-21,36,39.6,40.0,39.8,0.174697605595612,6.2319,0.4,0.0642,0.0101,0.9542
2026-07-16,wing_above,7020.0,2026-08-21,36,23.2,23.5,23.35,0.200098359124835,4.3641,0.3,0.0687,0.0128,0.9277
2026-07-16,wing_below,7010.0,2026-08-21,36,22.7,23.0,22.85,0.201394311723229,4.2853,0.3,0.07,0.0131,0.9264
2026-07-16,short_below,7275.0,2026-08-21,36,46.4,46.7,46.55,0.168911189385045,6.8418,0.3,0.0438,0.0064,0.9614
2026-07-16,wing_above,6985.0,2026-08-21,36,21.4,21.6,21.5,0.204647750425629,4.0777,0.2,0.049,0.0093,0.9231
2026-07-16,wing_below,6980.0,2026-08-21,36,21.1,21.4,21.25,0.205300886259344,4.0574,0.3,0.0739,0.0141,0.9224
2026-07-16,short_above,7330.0,2026-08-21,36,54.6,54.9,54.75,0.161068823927252,7.4359,0.3,0.0403,0.0055,0.9687
2026-07-16,short_below,7325.0,2026-08-21,36,53.7,54.0,53.85,0.161686678111782,7.3805,0.3,0.0406,0.0056,0.968
2026-07-16,wing_above,7065.0,2026-08-21,36,26.1,26.4,26.25,0.194301193943148,4.7503,0.3,0.0632,0.0114,0.9337
2026-07-16,wing_below,7060.0,2026-08-21,36,25.8,26.1,25.95,0.194942691003093,4.7075,0.3,0.0637,0.0116,0.933
2026-07-16,short_above,7320.0,2026-08-28,43,64.2,64.7,64.45,0.164584804108367,8.304,0.5,0.0602,0.0078,0.9674
2026-07-16,short_below,7310.0,2026-08-28,43,62.6,63.1,62.85,0.16615155098323,8.1925,0.5,0.061,0.008,0.9661
2026-07-16,wing_above,7050.0,2026-08-28,43,33.2,33.5,33.35,0.196221336144862,5.5612,0.3,0.0539,0.009,0.9317
2026-07-16,short_above,7290.0,2026-08-28,43,59.5,60.0,59.75,0.168116797098684,7.9967,0.5,0.0625,0.0084,0.9634
2026-07-16,short_below,7280.0,2026-08-28,43,57.8,58.4,58.1,0.169294126843957,7.8711,0.6,0.0762,0.0103,0.9621
2026-07-16,wing_above,7000.0,2026-08-28,43,29.5,29.8,29.65,0.202144116744637,5.1301,0.3,0.0585,0.0101,0.9251
2026-07-16,wing_below,6990.0,2026-08-28,43,28.9,29.3,29.1,0.203337388833711,5.0547,0.4,0.0791,0.0137,0.9238
2026-07-16,short_above,7320.0,2026-08-28,43,64.3,64.8,64.55,0.164947162573165,8.304,0.5,0.0602,0.0077,0.9674
2026-07-16,short_below,7310.0,2026-08-28,43,62.8,63.2,63.0,0.165761903552649,8.1925,0.4,0.0488,0.0063,0.9661
2026-07-16,wing_below,7025.0,2026-08-28,43,31.4,31.8,31.6,0.199174101216545,5.3595,0.4,0.0746,0.0127,0.9284
2026-07-16,short_above,7310.0,2026-08-28,43,62.6,63.1,62.85,0.165761903552649,8.2082,0.5,0.0609,0.008,0.9661
2026-07-16,short_below,7300.0,2026-08-28,43,61.2,61.6,61.4,0.166939311565856,8.1014,0.4,0.0494,0.0065,0.9647
2026-07-16,wing_above,7050.0,2026-08-28,43,33.3,33.7,33.5,0.196221336144862,5.579,0.4,0.0717,0.0119,0.9317
2026-07-16,wing_below,7025.0,2026-08-28,43,31.4,31.8,31.6,0.198984520471446,5.3595,0.4,0.0746,0.0127,0.9284
2026-07-17,short_above,7125.0,2026-08-07,21,15.4,15.6,15.5,0.191140108014594,3.1762,0.2,0.063,0.0129,0.9423
2026-07-17,short_below,7100.0,2026-08-07,21,14.2,14.4,14.3,0.194878905986326,2.9806,0.2,0.0671,0.014,0.9389
2026-07-17,wing_above,6925.0,2026-08-07,21,8.3,8.5,8.4,0.222587091634937,1.9432,0.2,0.1029,0.0238,0.9158
2026-07-17,wing_below,6900.0,2026-08-07,21,7.7,8.0,7.85,0.226761540398623,1.8327,0.3,0.1637,0.0382,0.9125
2026-07-17,short_above,7275.0,2026-08-21,35,48.5,48.8,48.65,0.168608654900539,6.9513,0.3,0.0432,0.0062,0.9621
2026-07-17,short_below,7270.0,2026-08-21,35,47.8,48.2,48.0,0.169243293371483,6.869,0.4,0.0582,0.0083,0.9614
2026-07-17,wing_above,7075.0,2026-08-21,35,28.1,28.4,28.25,0.194086660803411,4.9245,0.3,0.0609,0.0106,0.9356
2026-07-17,wing_below,7070.0,2026-08-21,35,27.7,28.0,27.85,0.194729571995125,4.9102,0.3,0.0611,0.0108,0.935
2026-07-17,short_above,7295.0,2026-08-21,35,50.9,51.3,51.1,0.165683726897451,7.1377,0.4,0.056,0.0078,0.9647
2026-07-17,short_below,7280.0,2026-08-21,35,48.8,49.1,48.95,0.167973955283847,6.9742,0.3,0.043,0.0061,0.9628
2026-07-17,wing_above,7090.0,2026-08-21,35,29.1,29.4,29.25,0.19216043976683,5.0577,0.3,0.0593,0.0103,0.9376
2026-07-17,wing_below,7085.0,2026-08-21,35,28.8,29.1,28.95,0.192802105022019,5.013,0.3,0.0598,0.0104,0.937
2026-07-17,short_above,7225.0,2026-08-21,35,42.0,42.2,42.1,0.174953701191099,6.3837,0.2,0.0313,0.0048,0.9555
2026-07-17,short_below,7220.0,2026-08-21,35,41.5,41.8,41.65,0.17558829562472,6.3522,0.3,0.0472,0.0072,0.9548
2026-07-17,wing_above,7020.0,2026-08-21,35,24.5,24.8,24.65,0.20109681386318,4.4797,0.3,0.067,0.0122,0.9284
2026-07-17,wing_below,7010.0,2026-08-21,35,23.9,24.2,24.05,0.202395686611986,4.4104,0.3,0.068,0.0125,0.9273
2026-07-17,short_above,7280.0,2026-08-21,35,49.1,49.5,49.3,0.168343966054159,6.9742,0.4,0.0574,0.0081,0.963
2026-07-17,short_below,7275.0,2026-08-21,35,48.4,48.8,48.6,0.168911189385045,6.9513,0.4,0.0575,0.0082,0.9624
2026-07-17,wing_above,6985.0,2026-08-21,35,22.5,22.8,22.65,0.205654456620609,4.2168,0.3,0.0711,0.0132,0.924
2026-07-17,wing_below,6980.0,2026-08-21,35,22.2,22.5,22.35,0.206308317950731,4.1692,0.3,0.072,0.0134,0.9234
2026-07-17,short_above,7330.0,2026-08-21,35,56.6,57.2,56.9,0.161536873627118,7.5406,0.6,0.0796,0.0105,0.9697
2026-07-17,short_below,7325.0,2026-08-21,35,55.8,56.1,55.95,0.162171503561414,7.4862,0.3,0.0401,0.0054,0.969
2026-07-17,wing_above,7065.0,2026-08-21,35,27.5,27.8,27.65,0.195280885659598,4.8635,0.3,0.0617,0.0108,0.9346
2026-07-17,wing_below,7060.0,2026-08-21,35,27.2,27.4,27.3,0.195924933227598,4.8212,0.2,0.0415,0.0073,0.9339
2026-07-17,wing_above,7050.0,2026-08-28,42,34.4,34.7,34.55,0.197071375055658,5.6775,0.3,0.0528,0.0087,0.9326
2026-07-17,wing_below,7025.0,2026-08-28,42,32.4,32.8,32.6,0.200051569068547,5.4575,0.4,0.0733,0.0123,0.9293
2026-07-17,short_above,7290.0,2026-08-28,42,61.5,62.0,61.75,0.168039877958804,8.079,0.5,0.0619,0.0081,0.9644
2026-07-17,short_below,7280.0,2026-08-28,42,60.0,60.5,60.25,0.169651477619434,7.97,0.5,0.0627,0.0083,0.963
2026-07-17,wing_above,7000.0,2026-08-28,42,30.8,31.1,30.95,0.203040993383808,5.2448,0.3,0.0572,0.0097,0.926
2026-07-17,wing_below,6990.0,2026-08-28,42,30.1,30.5,30.3,0.204239922840979,5.1675,0.4,0.0774,0.0132,0.9247
2026-07-17,wing_above,7050.0,2026-08-28,42,34.5,34.8,34.65,0.195955295442214,5.6775,0.3,0.0528,0.0087,0.9326
2026-07-17,wing_below,7025.0,2026-08-28,42,32.6,32.9,32.75,0.198984520471446,5.4575,0.3,0.055,0.0092,0.9293
2026-07-17,short_above,7310.0,2026-08-28,42,64.6,65.0,64.8,0.165964414946455,8.2898,0.4,0.0483,0.0062,0.967
2026-07-17,short_below,7300.0,2026-08-28,42,63.1,63.5,63.3,0.167174882391349,8.1846,0.4,0.0489,0.0063,0.9657
2026-07-17,wing_above,7050.0,2026-08-28,42,34.5,34.8,34.65,0.195955295442214,5.6809,0.3,0.0528,0.0087,0.9326
2026-07-17,short_above,7125.0,2026-08-07,21,16.1,16.3,16.2,0.191878438822659,3.2711,0.2,0.0611,0.0123,0.9432
2026-07-17,short_below,7100.0,2026-08-07,21,14.9,15.1,15.0,0.195671947608272,3.0732,0.2,0.0651,0.0133,0.9399
2026-07-17,wing_above,6925.0,2026-08-07,21,8.6,8.9,8.75,0.224344568132061,2.0072,0.3,0.1495,0.0343,0.9168
2026-07-17,wing_below,6900.0,2026-08-07,21,8.1,8.3,8.2,0.227466317665827,1.894,0.2,0.1056,0.0244,0.9134
2026-07-17,short_above,7275.0,2026-08-21,35,49.8,50.1,49.95,0.168911189385045,7.0149,0.3,0.0428,0.006,0.9631
2026-07-17,short_below,7270.0,2026-08-21,35,49.2,49.5,49.35,0.169541137949737,6.9537,0.3,0.0431,0.0061,0.9624
2026-07-17,wing_above,7075.0,2026-08-21,35,29.1,29.4,29.25,0.1944399430682,5.0124,0.3,0.0599,0.0103,0.9366
2026-07-17,wing_below,7070.0,2026-08-21,35,28.7,29.0,28.85,0.195083294722266,4.9795,0.3,0.0602,0.0104,0.936
2026-07-17,short_above,7295.0,2026-08-21,35,52.8,53.2,53.0,0.16636291831465,7.2283,0.4,0.0553,0.0075,0.9657
2026-07-17,short_below,7280.0,2026-08-21,35,50.6,51.0,50.8,0.168269682109031,7.0658,0.4,0.0566,0.0079,0.9638
2026-07-17,wing_above,7090.0,2026-08-21,35,30.2,30.5,30.35,0.19251207716131,5.1467,0.3,0.0583,0.0099,0.9386
2026-07-17,wing_below,7085.0,2026-08-21,35,29.9,30.2,30.05,0.193154347430767,5.1016,0.3,0.0588,0.01,0.9379
2026-07-17,short_above,7225.0,2026-08-21,35,43.9,44.2,44.05,0.175266181277784,6.4772,0.3,0.0463,0.0068,0.9565
2026-07-17,short_below,7220.0,2026-08-21,35,43.2,43.6,43.4,0.175943597798089,6.4246,0.4,0.0623,0.0092,0.956
2026-07-17,wing_above,7020.0,2026-08-21,35,25.6,25.9,25.75,0.201587151942351,4.5457,0.3,0.066,0.0117,0.9295
2026-07-17,wing_below,7010.0,2026-08-21,35,24.9,25.3,25.1,0.202881367667311,4.4698,0.4,0.0895,0.0159,0.9282
2026-07-17,short_above,7280.0,2026-08-21,35,51.2,51.5,51.35,0.168343966054159,7.0658,0.3,0.0425,0.0058,0.9639
2026-07-17,wing_above,6985.0,2026-08-21,35,23.7,24.0,23.85,0.206126495591942,4.2917,0.3,0.0699,0.0126,0.9249
2026-07-17,wing_below,6980.0,2026-08-21,35,23.4,23.7,23.55,0.206777334697702,4.2736,0.3,0.0702,0.0127,0.9242
2026-07-17,short_above,7330.0,2026-08-21,35,59.4,59.7,59.55,0.161889747970228,7.6529,0.3,0.0392,0.005,0.9706
2026-07-17,short_below,7325.0,2026-08-21,35,58.6,58.9,58.75,0.16252991113694,7.5994,0.3,0.0395,0.0051,0.9699
2026-07-17,wing_above,7065.0,2026-08-21,35,28.8,29.1,28.95,0.19578488709626,4.9887,0.3,0.0601,0.0104,0.9355
2026-07-17,wing_below,7060.0,2026-08-21,35,28.4,28.7,28.55,0.196428086500766,4.9437,0.3,0.0607,0.0105,0.9348
2026-07-17,short_above,7320.0,2026-08-28,42,68.9,69.4,69.15,0.165184725190376,8.514,0.5,0.0587,0.0072,0.9692
2026-07-17,short_below,7310.0,2026-08-28,42,67.2,67.6,67.4,0.16615155098323,8.3945,0.4,0.0477,0.0059,0.9679
2026-07-17,wing_above,7050.0,2026-08-28,42,35.8,36.1,35.95,0.19757676734342,5.7917,0.3,0.0518,0.0083,0.9335
2026-07-17,short_below,7280.0,2026-08-28,42,61.9,62.4,62.15,0.170034857591334,8.0822,0.5,0.0619,0.008,0.9639
2026-07-17,wing_above,7000.0,2026-08-28,42,31.8,32.1,31.95,0.203583888333803,5.3561,0.3,0.056,0.0094,0.9269
2026-07-17,wing_below,6990.0,2026-08-28,42,31.1,31.5,31.3,0.204789974558165,5.265,0.4,0.076,0.0128,0.9255
2026-07-17,short_below,7310.0,2026-08-28,42,66.7,67.1,66.9,0.16615155098323,8.3945,0.4,0.0477,0.006,0.9679
2026-07-17,wing_below,7025.0,2026-08-28,42,33.6,33.9,33.75,0.201090797293589,5.5703,0.3,0.0539,0.0089,0.9302
2026-07-17,short_below,7300.0,2026-08-28,42,65.1,65.5,65.3,0.167612096553981,8.2774,0.4,0.0483,0.0061,0.9666
2026-07-17,wing_above,7050.0,2026-08-28,42,35.5,35.8,35.65,0.19757676734342,5.7785,0.3,0.0519,0.0084,0.9335
2026-07-17,wing_below,7025.0,2026-08-28,42,33.6,33.9,33.75,0.201090797293589,5.5574,0.3,0.054,0.0089,0.9302
2026-07-17,short_above,7125.0,2026-08-07,21,18.1,18.3,18.2,0.193938544859757,3.4823,0.2,0.0574,0.011,0.9452
2026-07-17,short_below,7100.0,2026-08-07,21,16.6,16.9,16.75,0.197641505532404,3.2751,0.3,0.0916,0.0179,0.9419
2026-07-17,wing_above,6925.0,2026-08-07,21,9.7,9.9,9.8,0.224830315614927,2.1461,0.2,0.0932,0.0204,0.9187
2026-07-17,wing_below,6900.0,2026-08-07,21,9.1,9.3,9.2,0.228905995178099,2.0252,0.2,0.0988,0.0217,0.9154
2026-07-17,short_above,7275.0,2026-08-21,35,54.1,54.4,54.25,0.170110033765664,7.2283,0.3,0.0415,0.0055,0.9651
2026-07-17,wing_above,7075.0,2026-08-21,35,31.4,31.7,31.55,0.193288400487634,5.2186,0.3,0.0575,0.0095,0.9388
2026-07-17,wing_below,7070.0,2026-08-21,35,31.0,31.3,31.15,0.196306040445477,5.1722,0.3,0.058,0.0096,0.9381
2026-07-17,short_above,7295.0,2026-08-21,35,56.6,57.0,56.8,0.167472418324581,7.4252,0.4,0.0539,0.007,0.968
2026-07-17,short_below,7280.0,2026-08-21,35,54.3,54.7,54.5,0.169370362415648,7.2668,0.4,0.055,0.0073,0.966
2026-07-17,wing_above,7090.0,2026-08-21,35,32.6,32.9,32.75,0.193732817428425,5.355,0.3,0.056,0.0092,0.9408
2026-07-17,short_above,7225.0,2026-08-21,35,46.4,46.8,46.6,0.176432859217999,6.6882,0.4,0.0598,0.0086,0.9587
2026-07-17,short_below,7220.0,2026-08-21,35,45.7,46.0,45.85,0.177073517968464,6.6362,0.3,0.0452,0.0065,0.958
2026-07-17,wing_above,7020.0,2026-08-21,35,27.1,27.4,27.25,0.202763134436172,4.7224,0.3,0.0635,0.011,0.9315
2026-07-17,wing_below,7010.0,2026-08-21,35,26.5,26.8,26.65,0.204059693913656,4.6756,0.3,0.0642,0.0113,0.9302
2026-07-17,wing_above,6985.0,2026-08-21,35,24.8,25.1,24.95,0.207310423289983,4.4338,0.3,0.0677,0.012,0.9268
2026-07-17,wing_below,6980.0,2026-08-21,35,24.6,24.8,24.7,0.207962327339911,4.402,0.2,0.0454,0.0081,0.9262
2026-07-17,short_above,7330.0,2026-08-21,35,62.1,62.5,62.3,0.162915180341433,7.7752,0.4,0.0514,0.0064,0.9726
2026-07-17,short_below,7325.0,2026-08-21,35,61.4,61.8,61.6,0.163562350903676,7.723,0.4,0.0518,0.0065,0.972
2026-07-17,wing_above,7065.0,2026-08-21,35,30.4,30.7,30.55,0.196950096905146,5.1085,0.3,0.0587,0.0098,0.9375
2026-07-17,wing_below,7060.0,2026-08-21,35,30.1,30.4,30.25,0.197594480027223,5.0593,0.3,0.0593,0.0099,0.9368
2026-07-17,wing_above,7050.0,2026-08-28,42,37.7,38.1,37.9,0.19642056014874,5.9149,0.4,0.0676,0.0106,0.9355
2026-07-17,wing_below,7025.0,2026-08-28,42,35.7,36.0,35.85,0.201090797293589,5.6918,0.3,0.0527,0.0084,0.9321
2026-07-17,short_above,7290.0,2026-08-28,42,66.8,67.3,67.05,0.169265315565443,8.2979,0.5,0.0603,0.0075,0.9673
2026-07-17,short_below,7280.0,2026-08-28,42,65.1,65.6,65.35,0.170608389869028,8.1964,0.5,0.061,0.0077,0.966
2026-07-17,wing_above,7000.0,2026-08-28,42,33.8,34.1,33.95,0.204382612023328,5.4755,0.3,0.0548,0.0088,0.9285
2026-07-17,wing_below,6990.0,2026-08-28,42,33.0,33.4,33.2,0.2055845583563,5.3869,0.4,0.0743,0.012,0.9272
2026-07-17,short_below,7310.0,2026-08-28,42,70.2,70.7,70.45,0.166822546460108,8.5037,0.5,0.0588,0.0071,0.9696
2026-07-17,wing_below,7025.0,2026-08-28,42,35.6,35.9,35.75,0.20124469093905,5.6918,0.3,0.0527,0.0084,0.9318
2026-07-17,short_above,7310.0,2026-08-28,42,70.3,70.8,70.55,0.16615155098323,8.5223,0.5,0.0587,0.0071,0.9696
2026-07-17,short_below,7300.0,2026-08-28,42,68.6,69.0,68.8,0.168164013325835,8.4207,0.4,0.0475,0.0058,0.9683
2026-07-17,wing_above,7050.0,2026-08-28,42,37.7,38.1,37.9,0.198383865583754,5.9361,0.4,0.0674,0.0106,0.9351
2026-07-17,wing_below,7025.0,2026-08-28,42,35.7,36.0,35.85,0.201090797293589,5.7127,0.3,0.0525,0.0084,0.9318
2026-07-17,short_above,7125.0,2026-08-07,21,19.7,19.9,19.8,0.194935786163532,3.6007,0.2,0.0555,0.0101,0.9464
2026-07-17,short_below,7100.0,2026-08-07,21,18.1,18.3,18.2,0.198640539970208,3.3899,0.2,0.059,0.011,0.9431
2026-07-17,wing_above,6925.0,2026-08-07,21,10.4,10.6,10.5,0.225767222327209,2.2302,0.2,0.0897,0.019,0.9199
2026-07-17,wing_below,6900.0,2026-08-07,21,9.7,9.9,9.8,0.229826489488712,2.105,0.2,0.095,0.0204,0.9165
2026-07-17,short_above,7275.0,2026-08-21,35,56.3,56.6,56.45,0.170655788167994,7.3229,0.3,0.041,0.0053,0.9663
2026-07-17,short_below,7270.0,2026-08-21,35,55.6,55.8,55.7,0.171217465256864,7.2757,0.2,0.0275,0.0036,0.9657
2026-07-17,wing_above,7075.0,2026-08-21,35,33.0,33.3,33.15,0.196543383879369,5.3327,0.3,0.0563,0.009,0.9398
2026-07-17,wing_below,7070.0,2026-08-21,35,32.6,32.9,32.75,0.197186173830582,5.2876,0.3,0.0567,0.0092,0.9392
2026-07-17,short_above,7295.0,2026-08-21,35,59.4,59.7,59.55,0.168025311968558,7.532,0.3,0.0398,0.005,0.9691
2026-07-17,short_below,7280.0,2026-08-21,35,57.1,57.3,57.2,0.169989397835706,7.3757,0.2,0.0271,0.0035,0.9671
2026-07-17,wing_above,7090.0,2026-08-21,35,34.3,34.6,34.45,0.1946145978761,5.4697,0.3,0.0548,0.0087,0.9419
2026-07-17,wing_below,7085.0,2026-08-21,35,33.8,34.1,33.95,0.195257615472315,5.4237,0.3,0.0553,0.0088,0.9412
2026-07-17,short_above,7225.0,2026-08-21,35,48.8,49.1,48.95,0.177165601423283,6.8021,0.3,0.0441,0.0061,0.9598
2026-07-17,short_below,7220.0,2026-08-21,35,48.0,48.4,48.2,0.177815916606841,6.7496,0.4,0.0593,0.0083,0.9591
2026-07-17,wing_above,7020.0,2026-08-21,35,28.6,28.8,28.7,0.203615631727891,4.8531,0.2,0.0412,0.007,0.9326
2026-07-17,wing_below,7010.0,2026-08-21,35,27.9,28.2,28.05,0.204903036661582,4.779,0.3,0.0628,0.0107,0.9312
2026-07-17,short_above,7280.0,2026-08-21,35,56.7,57.1,56.9,0.170035883592194,7.3757,0.4,0.0542,0.007,0.9671
2026-07-17,wing_above,6985.0,2026-08-21,35,26.2,26.5,26.35,0.208126183456535,4.5635,0.3,0.0657,0.0114,0.9279
2026-07-17,wing_below,6980.0,2026-08-21,35,25.9,26.2,26.05,0.208771817226191,4.5255,0.3,0.0663,0.0115,0.9273
2026-07-17,short_above,7330.0,2026-08-21,35,65.0,65.5,65.25,0.16343121186848,7.891,0.5,0.0634,0.0077,0.9737
2026-07-17,short_below,7325.0,2026-08-21,35,64.6,64.9,64.75,0.164088454822437,7.8401,0.3,0.0383,0.0046,0.9731
2026-07-17,wing_above,7065.0,2026-08-21,35,32.3,32.6,32.45,0.197828927789835,5.2403,0.3,0.0572,0.0092,0.9385
2026-07-17,wing_below,7060.0,2026-08-21,35,31.9,32.2,32.05,0.198471666410962,5.2047,0.3,0.0576,0.0094,0.9379
2026-07-17,short_above,7320.0,2026-08-28,42,75.2,75.6,75.4,0.164947162573165,8.7087,0.4,0.0459,0.0053,0.9724
2026-07-17,wing_above,7050.0,2026-08-28,42,39.5,39.9,39.7,0.198851425497721,6.0417,0.4,0.0662,0.0101,0.9365
2026-07-17,wing_below,7025.0,2026-08-28,42,37.4,37.7,37.55,0.201090797293589,5.8173,0.3,0.0516,0.008,0.9332
2026-07-17,short_above,7290.0,2026-08-28,42,69.8,70.2,70.0,0.169612229954686,8.4201,0.4,0.0475,0.0057,0.9684
2026-07-17,short_below,7280.0,2026-08-28,42,68.1,68.5,68.3,0.170845226962215,8.312,0.4,0.0481,0.0059,0.9671
2026-07-17,wing_above,7000.0,2026-08-28,42,35.4,35.7,35.55,0.204880159124773,5.5994,0.3,0.0536,0.0084,0.9299
2026-07-17,wing_below,6990.0,2026-08-28,42,34.5,34.9,34.7,0.206088381099857,5.5343,0.4,0.0723,0.0115,0.9286
2026-07-17,short_above,7320.0,2026-08-28,42,75.0,75.6,75.3,0.164947162573165,8.7087,0.6,0.0689,0.008,0.9724
2026-07-17,short_below,7310.0,2026-08-28,42,73.1,73.7,73.4,0.16615155098323,8.6137,0.6,0.0697,0.0082,0.9711
2026-07-17,wing_above,7050.0,2026-08-28,42,39.4,39.7,39.55,0.198042318558214,6.0417,0.3,0.0497,0.0076,0.9365
2026-07-17,wing_below,7025.0,2026-08-28,42,37.3,37.6,37.45,0.201090797293589,5.8173,0.3,0.0516,0.008,0.9332
2026-07-17,short_below,7300.0,2026-08-28,42,71.4,71.9,71.65,0.168197361806927,8.5137,0.5,0.0587,0.007,0.9697
2026-07-17,wing_above,7050.0,2026-08-28,42,39.4,39.7,39.55,0.198042318558214,6.0417,0.3,0.0497,0.0076,0.9365
2026-07-17,wing_below,7025.0,2026-08-28,42,37.2,37.5,37.35,0.201090797293589,5.8173,0.3,0.0516,0.008,0.9332
2026-07-17,short_above,7125.0,2026-08-07,21,19.0,20.4,19.7,0.195663710528162,3.663,1.4,0.3822,0.0711,0.9473
2026-07-17,short_below,7100.0,2026-08-07,21,17.9,18.2,18.05,0.199391562769256,3.451,0.3,0.0869,0.0166,0.944
2026-07-17,wing_above,6925.0,2026-08-07,21,10.2,10.5,10.35,0.226764226795923,2.2821,0.3,0.1315,0.029,0.9207
2026-07-17,short_above,7320.0,2026-08-28,42,74.6,75.3,74.95,0.165892956933792,8.7618,0.7,0.0799,0.0093,0.9723
2026-07-17,short_below,7310.0,2026-08-28,42,72.6,73.3,72.95,0.167858700261782,8.6635,0.7,0.0808,0.0096,0.971
2026-07-17,wing_above,7050.0,2026-08-28,42,39.2,39.6,39.4,0.198922540772939,6.1022,0.4,0.0656,0.0102,0.9365
2026-07-17,wing_below,7025.0,2026-08-28,42,36.9,37.4,37.15,0.203109543364119,5.8782,0.5,0.0851,0.0135,0.9332
2026-07-17,short_above,7290.0,2026-08-28,42,69.1,69.8,69.45,0.169626359364143,8.4668,0.7,0.0827,0.0101,0.9684
2026-07-17,wing_above,7000.0,2026-08-28,42,35.1,35.5,35.3,0.20497585158618,5.6078,0.4,0.0713,0.0113,0.9298
2026-07-17,wing_below,6990.0,2026-08-28,42,34.3,34.9,34.6,0.206190057024786,5.5149,0.6,0.1088,0.0173,0.9285
2026-07-17,short_above,7320.0,2026-08-28,42,74.2,74.9,74.55,0.166613402507224,8.7618,0.7,0.0799,0.0094,0.9723
2026-07-17,wing_above,7050.0,2026-08-28,42,39.2,39.6,39.4,0.200049002401605,6.1022,0.4,0.0656,0.0102,0.9365
2026-07-17,wing_below,7025.0,2026-08-28,42,37.1,37.6,37.35,0.203109543364119,5.8255,0.5,0.0858,0.0134,0.9332
2026-07-17,wing_above,7050.0,2026-08-28,42,39.5,39.9,39.7,0.200049002401605,6.0497,0.4,0.0661,0.0101,0.9365
2026-07-17,wing_below,7025.0,2026-08-28,42,37.4,37.8,37.6,0.203109543364119,5.8255,0.4,0.0687,0.0106,0.9332
2026-07-17,short_above,7125.0,2026-08-07,21,19.8,20.1,19.95,0.195308386963935,3.6161,0.3,0.083,0.015,0.9466
2026-07-17,short_below,7100.0,2026-08-07,21,18.2,18.5,18.35,0.199068416116853,3.4062,0.3,0.0881,0.0163,0.9433
2026-07-17,wing_above,6925.0,2026-08-07,21,10.6,10.8,10.7,0.226678433249708,2.2532,0.2,0.0888,0.0187,0.92
2026-07-17,wing_below,6900.0,2026-08-07,21,9.9,10.1,10.0,0.230807867015662,2.1286,0.2,0.094,0.02,0.9167
2026-07-17,short_above,7275.0,2026-08-21,35,56.8,57.2,57.0,0.170649058217837,7.2618,0.4,0.0551,0.007,0.9665
2026-07-17,short_below,7270.0,2026-08-21,35,56.1,56.5,56.3,0.171311195254625,7.2187,0.4,0.0554,0.0071,0.9658
2026-07-17,wing_above,7075.0,2026-08-21,35,33.4,33.8,33.6,0.196882701756213,5.2897,0.4,0.0756,0.0119,0.9399
2026-07-17,wing_below,7070.0,2026-08-21,35,33.0,33.5,33.25,0.197596773585501,5.2492,0.5,0.0953,0.015,0.9393
2026-07-17,short_above,7295.0,2026-08-21,35,60.0,60.5,60.25,0.168074019310471,7.4777,0.5,0.0669,0.0083,0.9692
2026-07-17,short_below,7280.0,2026-08-21,35,57.5,58.1,57.8,0.170072485929605,7.3213,0.6,0.082,0.0104,0.9672
2026-07-17,wing_above,7090.0,2026-08-21,35,34.7,35.2,34.95,0.19499941196864,5.4254,0.5,0.0922,0.0143,0.942
2026-07-17,wing_below,7085.0,2026-08-21,35,34.4,34.8,34.6,0.195648860978365,5.3799,0.4,0.0744,0.0116,0.9413
2026-07-17,short_above,7225.0,2026-08-21,35,49.6,50.0,49.8,0.177356589330722,6.7488,0.4,0.0593,0.008,0.9599
2026-07-17,short_below,7220.0,2026-08-21,35,48.9,49.4,49.15,0.178015506991498,6.6944,0.5,0.0747,0.0102,0.9593
2026-07-17,wing_above,7020.0,2026-08-21,35,29.2,29.6,29.4,0.204666258403683,4.8152,0.4,0.0831,0.0136,0.9327
2026-07-17,wing_below,7010.0,2026-08-21,35,28.4,28.8,28.6,0.206080732853407,4.7383,0.4,0.0844,0.014,0.9314
2026-07-17,short_above,7280.0,2026-08-21,35,57.3,57.8,57.55,0.170035883592194,7.3213,0.5,0.0683,0.0087,0.9672
2026-07-17,wing_above,6985.0,2026-08-21,35,26.7,27.1,26.9,0.208653948828461,4.5387,0.4,0.0881,0.0149,0.928
2026-07-17,wing_below,6980.0,2026-08-21,35,26.4,26.8,26.6,0.209307058614186,4.4995,0.4,0.0889,0.015,0.9274
2026-07-17,short_above,7330.0,2026-08-21,35,66.0,66.6,66.3,0.163392074806221,7.8468,0.6,0.0765,0.009,0.9739
2026-07-17,short_below,7325.0,2026-08-21,35,65.1,65.6,65.35,0.164062397887323,7.7958,0.5,0.0641,0.0077,0.9732
2026-07-17,wing_above,7065.0,2026-08-21,35,32.5,32.9,32.7,0.19824601816042,5.2094,0.4,0.0768,0.0122,0.9387
2026-07-17,wing_below,7060.0,2026-08-21,35,32.1,32.6,32.35,0.198895276316498,5.1634,0.5,0.0968,0.0155,0.938
2026-07-17,short_above,7320.0,2026-08-28,42,75.6,76.3,75.95,0.16622111000516,8.671,0.7,0.0807,0.0092,0.9726
2026-07-17,short_below,7310.0,2026-08-28,42,73.7,74.5,74.1,0.166997621486013,8.5693,0.8,0.0934,0.0108,0.9713
2026-07-17,wing_above,7050.0,2026-08-28,42,39.9,40.3,40.1,0.199303599669719,6.0073,0.4,0.0666,0.01,0.9367
2026-07-17,wing_below,7025.0,2026-08-28,42,37.7,38.1,37.9,0.202355547563088,5.7851,0.4,0.0691,0.0106,0.9334
2026-07-17,short_above,7290.0,2026-08-28,42,70.0,70.8,70.4,0.16952346887589,8.3635,0.8,0.0957,0.0114,0.9686
2026-07-17,short_below,7280.0,2026-08-28,42,68.3,69.0,68.65,0.170785588413943,8.2674,0.7,0.0847,0.0102,0.9673
2026-07-17,wing_above,7000.0,2026-08-28,42,35.7,36.1,35.9,0.205408417289613,5.5695,0.4,0.0718,0.0111,0.9301
2026-07-17,wing_below,6990.0,2026-08-28,42,34.8,35.4,35.1,0.206630638020043,5.4823,0.6,0.1094,0.0171,0.9288
2026-07-17,short_above,7320.0,2026-08-28,42,75.5,76.2,75.85,0.166613402507224,8.671,0.7,0.0807,0.0092,0.9726
2026-07-17,short_below,7310.0,2026-08-28,42,73.7,74.4,74.05,0.167858700261782,8.5693,0.7,0.0817,0.0095,0.9713
2026-07-17,wing_above,7050.0,2026-08-28,42,39.8,40.2,40.0,0.200049002401605,6.0073,0.4,0.0666,0.01,0.9367
2026-07-17,short_above,7310.0,2026-08-28,42,73.6,74.3,73.95,0.166997621486013,8.5693,0.7,0.0817,0.0095,0.9713
2026-07-17,short_below,7300.0,2026-08-28,42,71.9,72.4,72.15,0.168260701416433,8.4692,0.5,0.059,0.0069,0.97
2026-07-17,wing_above,7050.0,2026-08-28,42,39.9,40.3,40.1,0.199303599669719,6.0073,0.4,0.0666,0.01,0.9367
2026-07-17,wing_below,7025.0,2026-08-28,42,37.7,38.1,37.9,0.203109543364119,5.7851,0.4,0.0691,0.0106,0.9334
2026-07-17,short_below,7100.0,2026-08-07,21,26.5,26.9,26.7,0.208497805873357,4.1074,0.4,0.0974,0.015,0.9505
2026-07-17,wing_above,6925.0,2026-08-07,21,15.5,15.9,15.7,0.236048711950218,2.8029,0.4,0.1427,0.0255,0.927
2026-07-17,wing_below,6900.0,2026-08-07,21,14.4,14.8,14.6,0.240120505708558,2.6536,0.4,0.1507,0.0274,0.9231
2026-07-17,short_above,7275.0,2026-08-21,35,74.0,74.8,74.4,0.176490141846669,7.9217,0.8,0.101,0.0108,0.9732
2026-07-17,short_below,7270.0,2026-08-21,35,72.8,73.6,73.2,0.177184757142607,7.8759,0.8,0.1016,0.0109,0.9726
2026-07-17,wing_above,7075.0,2026-08-21,35,44.6,45.1,44.85,0.203456343048133,6.0508,0.5,0.0826,0.0111,0.9465
2026-07-17,wing_below,7070.0,2026-08-21,35,44.2,44.8,44.5,0.204111545314711,6.0053,0.6,0.0999,0.0135,0.9458
2026-07-17,short_above,7295.0,2026-08-21,35,77.8,78.6,78.2,0.173702506474377,8.1035,0.8,0.0987,0.0102,0.9759
2026-07-17,short_below,7280.0,2026-08-21,35,73.8,74.6,74.2,0.175794577998629,7.966,0.8,0.1004,0.0108,0.9739
2026-07-17,wing_above,7090.0,2026-08-21,35,45.2,45.7,45.45,0.201486642928191,6.1808,0.5,0.0809,0.011,0.9485
2026-07-17,wing_below,7085.0,2026-08-21,35,44.5,45.1,44.8,0.202143919628295,6.1346,0.6,0.0978,0.0134,0.9478
2026-07-17,short_above,7225.0,2026-08-21,35,63.0,63.7,63.35,0.183389906010216,7.4601,0.7,0.0938,0.011,0.9665
2026-07-17,short_below,7220.0,2026-08-21,35,61.8,62.4,62.1,0.18407393293565,7.4128,0.6,0.0809,0.0097,0.9659
2026-07-17,wing_above,7020.0,2026-08-21,35,37.6,38.1,37.85,0.210633736070457,5.5498,0.5,0.0901,0.0132,0.9391
2026-07-17,wing_below,7010.0,2026-08-21,35,36.8,37.3,37.05,0.211933352318935,5.4629,0.5,0.0915,0.0135,0.9378
2026-07-17,short_above,7280.0,2026-08-21,35,72.6,73.2,72.9,0.17663061032662,7.966,0.6,0.0753,0.0082,0.9739
2026-07-17,wing_above,6985.0,2026-08-21,35,34.4,35.2,34.8,0.215178798843517,5.2495,0.8,0.1524,0.023,0.9344
2026-07-17,wing_below,6980.0,2026-08-21,35,34.4,34.9,34.65,0.215827561600148,5.2076,0.5,0.096,0.0144,0.9338
2026-07-17,short_above,7330.0,2026-08-21,35,83.2,83.9,83.55,0.16879455975564,8.3998,0.7,0.0833,0.0084,0.9806
2026-07-17,short_below,7325.0,2026-08-21,35,82.0,82.6,82.3,0.169497562694063,8.3585,0.6,0.0718,0.0073,0.9799
2026-07-17,wing_above,7065.0,2026-08-21,35,42.0,42.6,42.3,0.204766112796483,5.9514,0.6,0.1008,0.0142,0.9451
2026-07-17,wing_below,7060.0,2026-08-21,35,41.7,42.2,41.95,0.205420074997734,5.906,0.5,0.0847,0.0119,0.9445
2026-07-17,short_above,7320.0,2026-08-28,42,92.7,93.5,93.1,0.16993717772487,9.1441,0.8,0.0875,0.0086,0.9793
2026-07-17,short_below,7310.0,2026-08-28,42,90.9,91.8,91.35,0.171236324841499,9.1195,0.9,0.0987,0.0099,0.9779
2026-07-17,wing_above,7050.0,2026-08-28,42,50.3,50.9,50.6,0.204712238797593,6.6808,0.6,0.0898,0.0119,0.9431
2026-07-17,wing_below,7025.0,2026-08-28,42,47.9,48.5,48.2,0.207869468918926,6.4579,0.6,0.0929,0.0124,0.9398
2026-07-17,short_above,7290.0,2026-08-28,42,87.0,87.7,87.35,0.173838477275164,8.8996,0.7,0.0787,0.008,0.9748
2026-07-17,wing_above,7000.0,2026-08-28,42,45.7,46.1,45.9,0.211021850594724,6.2394,0.4,0.0641,0.0087,0.936
2026-07-17,wing_below,6990.0,2026-08-28,42,44.4,46.1,45.25,0.212282131786354,6.1533,1.7,0.2763,0.0376,0.9346
2026-07-17,short_above,7320.0,2026-08-28,42,93.4,94.5,93.95,0.170441361515161,9.1441,1.1,0.1203,0.0117,0.9788
2026-07-17,short_below,7310.0,2026-08-28,42,91.2,92.3,91.75,0.171656697513652,9.1195,1.1,0.1206,0.012,0.9774
2026-07-17,short_below,7300.0,2026-08-28,42,88.4,89.2,88.8,0.173025156131531,8.9863,0.8,0.089,0.009,0.9761
2026-07-17,wing_below,7025.0,2026-08-28,42,47.7,48.3,48.0,0.208495619116061,6.4579,0.6,0.0929,0.0125,0.9393
2026-07-17,short_above,7220.0,2026-08-28,42,73.5,74.3,73.9,0.183494463600693,8.2638,0.8,0.0968,0.0108,0.9654
2026-07-17,short_below,7210.0,2026-08-28,42,72.0,72.7,72.35,0.184795037024619,8.1703,0.7,0.0857,0.0097,0.9641
2026-07-17,wing_above,6925.0,2026-08-28,42,38.8,39.2,39.0,0.221118919175852,5.6135,0.4,0.0713,0.0103,0.926
2026-07-17,wing_below,6900.0,2026-08-28,42,36.9,37.2,37.05,0.224263687791509,5.4102,0.3,0.0555,0.0081,0.9226
2026-07-17,short_above,7125.0,2026-08-07,21,28.7,29.0,28.85,0.20469188614045,4.2822,0.3,0.0701,0.0104,0.9532
2026-07-17,short_below,7100.0,2026-08-07,21,26.5,26.8,26.65,0.208540932467587,4.0609,0.3,0.0739,0.0113,0.9498
2026-07-17,wing_above,6925.0,2026-08-07,21,15.6,15.8,15.7,0.236362280499454,2.771,0.2,0.0722,0.0127,0.9264
2026-07-17,wing_below,6900.0,2026-08-07,21,14.5,14.7,14.6,0.240489343270505,2.6242,0.2,0.0762,0.0137,0.9231
2026-07-17,short_above,7275.0,2026-08-21,35,73.4,73.8,73.6,0.176733080652109,7.8977,0.4,0.0506,0.0054,0.9732
2026-07-17,short_below,7270.0,2026-08-21,35,72.9,73.3,73.1,0.177414542782128,7.8519,0.4,0.0509,0.0055,0.9726
2026-07-17,wing_above,7075.0,2026-08-21,35,44.6,44.9,44.75,0.203786033714031,6.0154,0.3,0.0499,0.0067,0.9465
2026-07-17,wing_below,7070.0,2026-08-21,35,43.9,44.3,44.1,0.204455028151905,5.9701,0.4,0.067,0.0091,0.9458
2026-07-17,short_above,7295.0,2026-08-21,35,77.8,78.4,78.1,0.174005322315221,8.0779,0.6,0.0743,0.0077,0.9759
2026-07-17,short_below,7280.0,2026-08-21,35,75.0,75.5,75.25,0.176051426020658,7.9429,0.5,0.0629,0.0066,0.9739
2026-07-17,wing_above,7090.0,2026-08-21,35,46.4,46.9,46.65,0.201776691213758,6.1524,0.5,0.0813,0.0107,0.9485
2026-07-17,wing_below,7085.0,2026-08-21,35,46.0,46.4,46.2,0.202446874196807,6.1066,0.4,0.0655,0.0087,0.9478
2026-07-17,short_above,7225.0,2026-08-21,35,65.7,66.0,65.85,0.183538493091333,7.451,0.3,0.0403,0.0046,0.9665
2026-07-17,short_below,7220.0,2026-08-21,35,64.9,65.4,65.15,0.184504549063275,7.4037,0.5,0.0675,0.0077,0.9659
2026-07-17,wing_above,7020.0,2026-08-21,35,39.4,39.9,39.65,0.211406065200277,5.5525,0.5,0.0901,0.0126,0.9391
2026-07-17,wing_below,7010.0,2026-08-21,35,38.6,39.0,38.8,0.212733805058686,5.4665,0.4,0.0732,0.0103,0.9378
2026-07-17,short_above,7280.0,2026-08-21,35,76.2,76.7,76.45,0.17663061032662,7.9429,0.5,0.0629,0.0065,0.9739
2026-07-17,wing_above,6985.0,2026-08-21,35,36.5,37.0,36.75,0.21605119471825,5.2555,0.5,0.0951,0.0136,0.9345
2026-07-17,wing_below,6980.0,2026-08-21,35,36.1,36.5,36.3,0.216714564926052,5.214,0.4,0.0767,0.011,0.9338
2026-07-17,short_above,7330.0,2026-08-21,35,86.4,87.0,86.7,0.16939320095391,8.3792,0.6,0.0716,0.0069,0.9806
2026-07-17,short_below,7325.0,2026-08-21,35,85.9,86.3,86.1,0.170083385184884,8.3376,0.4,0.048,0.0046,0.9799
2026-07-17,wing_above,7065.0,2026-08-21,35,44.1,44.6,44.35,0.205418692438256,5.95,0.5,0.084,0.0113,0.9452
2026-07-17,wing_below,7060.0,2026-08-21,35,43.8,44.2,44.0,0.2060852908259,5.9051,0.4,0.0677,0.0091,0.9445
2026-07-17,short_above,7320.0,2026-08-28,42,96.8,97.4,97.1,0.171506372934345,9.1881,0.6,0.0653,0.0062,0.9793
2026-07-17,wing_above,7050.0,2026-08-28,42,52.7,53.0,52.85,0.206001219165741,6.7477,0.3,0.0445,0.0057,0.9431
2026-07-17,wing_below,7025.0,2026-08-28,42,50.0,50.3,50.15,0.209133831035702,6.4579,0.3,0.0465,0.006,0.9398
2026-07-17,short_above,7290.0,2026-08-28,42,90.5,91.1,90.8,0.175407306282318,8.9527,0.6,0.067,0.0066,0.9753
2026-07-17,short_below,7280.0,2026-08-28,42,88.7,89.2,88.95,0.176702397917968,8.8663,0.5,0.0564,0.0056,0.9739
2026-07-17,wing_above,7000.0,2026-08-28,42,47.5,47.8,47.65,0.21235069353222,6.3066,0.3,0.0476,0.0063,0.9365
2026-07-17,wing_below,6990.0,2026-08-28,42,46.6,47.0,46.8,0.21361985135066,6.2206,0.4,0.0643,0.0085,0.9351
2026-07-17,short_above,7320.0,2026-08-28,42,97.7,98.3,98.0,0.170441361515161,9.1881,0.6,0.0653,0.0061,0.9793
2026-07-17,short_below,7310.0,2026-08-28,42,95.4,96.0,95.7,0.171656697513652,9.0716,0.6,0.0661,0.0063,0.9779
2026-07-17,wing_above,7050.0,2026-08-28,42,53.0,53.3,53.15,0.205959325394257,6.7477,0.3,0.0445,0.0056,0.9431
2026-07-17,wing_below,7025.0,2026-08-28,42,50.2,50.6,50.4,0.209133831035702,6.525,0.4,0.0613,0.0079,0.9398
2026-07-17,short_below,7300.0,2026-08-28,42,92.9,93.3,93.1,0.174109432750119,9.0842,0.4,0.044,0.0043,0.9766
2026-07-17,wing_below,7025.0,2026-08-28,42,50.3,50.6,50.45,0.209133831035702,6.5839,0.3,0.0456,0.0059,0.9398
2026-07-17,short_above,7220.0,2026-08-28,42,77.4,77.8,77.6,0.184411594216575,8.3805,0.4,0.0477,0.0052,0.9659
2026-07-17,short_below,7210.0,2026-08-28,42,75.1,76.0,75.55,0.185687270007363,8.2885,0.9,0.1086,0.0119,0.9646
2026-07-17,wing_above,6925.0,2026-08-28,42,40.6,41.0,40.8,0.221741342009725,5.7368,0.4,0.0697,0.0098,0.9264
2026-07-17,wing_below,6900.0,2026-08-28,42,38.5,39.0,38.75,0.225035301663196,5.5379,0.5,0.0903,0.0129,0.9231
2026-07-18,short_above,7125.0,2026-08-07,20,24.7,25.1,24.9,0.201388751301999,3.9776,0.4,0.1006,0.0161,0.9507
2026-07-18,short_below,7100.0,2026-08-07,20,22.8,23.1,22.95,0.205282679067319,3.7606,0.3,0.0798,0.0131,0.9473
2026-07-18,wing_above,6925.0,2026-08-07,20,13.2,13.5,13.35,0.233138244525449,2.528,0.3,0.1187,0.0225,0.924
2026-07-18,wing_below,6900.0,2026-08-07,20,12.2,12.5,12.35,0.237230240221569,2.3902,0.3,0.1255,0.0243,0.9207
2026-07-18,short_above,7275.0,2026-08-21,34,66.0,66.4,66.2,0.173955467542079,7.6558,0.4,0.0522,0.006,0.9707
2026-07-18,short_below,7270.0,2026-08-21,34,65.2,65.6,65.4,0.174645178757096,7.6074,0.4,0.0526,0.0061,0.97
2026-07-18,wing_above,7075.0,2026-08-21,34,39.3,39.6,39.45,0.201048691926392,5.7314,0.3,0.0523,0.0076,0.944
2026-07-18,wing_below,7070.0,2026-08-21,34,38.8,39.2,39.0,0.201715661334683,5.6861,0.4,0.0703,0.0103,0.9433
2026-07-18,short_above,7295.0,2026-08-21,34,69.5,70.0,69.75,0.171191517720791,7.8339,0.5,0.0638,0.0072,0.9734
2026-07-18,short_below,7280.0,2026-08-21,34,66.8,67.3,67.05,0.174670373360761,7.7041,0.5,0.0649,0.0075,0.9714
2026-07-18,wing_above,7090.0,2026-08-21,34,41.0,41.4,41.2,0.199683605501292,5.8684,0.4,0.0682,0.0097,0.946
2026-07-18,wing_below,7085.0,2026-08-21,34,40.4,40.8,40.6,0.199713920285176,5.8225,0.4,0.0687,0.0099,0.9453
2026-07-18,short_above,7225.0,2026-08-21,34,57.9,58.3,58.1,0.180824099471936,7.1666,0.4,0.0558,0.0069,0.964
2026-07-18,short_below,7220.0,2026-08-21,34,57.0,57.5,57.25,0.18150721105743,7.1174,0.5,0.0703,0.0087,0.9634
2026-07-18,wing_above,7020.0,2026-08-21,34,34.4,34.8,34.6,0.209046090255244,5.2431,0.4,0.0763,0.0116,0.9367
2026-07-18,wing_below,7010.0,2026-08-21,34,33.6,34.0,33.8,0.209706771548363,5.1582,0.4,0.0775,0.0118,0.9353
2026-07-18,short_above,7280.0,2026-08-21,34,67.0,67.4,67.2,0.174670373360761,7.7041,0.4,0.0519,0.006,0.9714
2026-07-18,short_below,7275.0,2026-08-21,34,66.1,66.5,66.3,0.175378038036366,7.6558,0.4,0.0522,0.006,0.9707
2026-07-18,wing_above,6985.0,2026-08-21,34,31.7,32.1,31.9,0.213035178391542,4.9506,0.4,0.0808,0.0125,0.932
2026-07-18,wing_below,6980.0,2026-08-21,34,31.3,31.7,31.5,0.213701167788627,4.9099,0.4,0.0815,0.0127,0.9313
2026-07-18,short_above,7330.0,2026-08-21,34,76.6,77.1,76.85,0.166341721074388,8.1605,0.5,0.0613,0.0065,0.978
2026-07-18,short_below,7325.0,2026-08-21,34,75.7,76.2,75.95,0.168370047620288,8.1149,0.5,0.0616,0.0066,0.9774
2026-07-18,wing_above,7065.0,2026-08-21,34,38.7,39.0,38.85,0.20238238530081,5.638,0.3,0.0532,0.0077,0.9427
2026-07-18,wing_below,7060.0,2026-08-21,34,38.0,38.4,38.2,0.203775480960099,5.5931,0.4,0.0715,0.0105,0.942
2026-07-18,short_above,7320.0,2026-08-28,41,86.7,87.3,87.0,0.169008653613902,8.9943,0.6,0.0667,0.0069,0.9767
2026-07-18,wing_above,7050.0,2026-08-28,41,46.4,46.8,46.6,0.203405999670504,6.4522,0.4,0.062,0.0086,0.9407
2026-07-18,wing_below,7025.0,2026-08-28,41,40.0,52.1,46.05,0.209133831035702,6.5839,12.1,1.8378,0.2628,0.9373
2026-07-18,short_above,7290.0,2026-08-28,41,78.0,83.2,80.6,0.1730275533524,8.7235,5.2,0.5961,0.0645,0.9727
2026-07-18,short_below,7280.0,2026-08-28,41,80.4,85.5,82.95,0.17431464007359,8.6309,5.1,0.5909,0.0615,0.9713
2026-07-18,wing_above,7000.0,2026-08-28,41,42.4,43.9,43.15,0.209784345602189,6.0126,1.5,0.2495,0.0348,0.934
2026-07-18,wing_below,6990.0,2026-08-28,41,41.9,42.6,42.25,0.211267883942131,5.9272,0.7,0.1181,0.0166,0.9326
2026-07-18,short_above,7320.0,2026-08-28,41,88.8,91.1,89.95,0.170441361515161,8.9943,2.3,0.2557,0.0256,0.9767
2026-07-18,wing_above,7050.0,2026-08-28,41,48.3,48.9,48.6,0.203669792955634,6.4522,0.6,0.093,0.0123,0.9406
2026-07-18,wing_below,7025.0,2026-08-28,41,45.7,46.3,46.0,0.209133831035702,6.5839,0.6,0.0911,0.013,0.9373
2026-07-18,short_below,7300.0,2026-08-28,41,85.9,86.5,86.2,0.171736985264277,8.8151,0.6,0.0681,0.007,0.974
2026-07-18,wing_above,7050.0,2026-08-28,41,48.5,49.1,48.8,0.203669792955634,6.4522,0.6,0.093,0.0123,0.9406
2026-07-18,short_above,7220.0,2026-08-28,41,70.8,71.7,71.25,0.18196324386233,8.1604,0.9,0.1103,0.0126,0.9633
2026-07-18,short_below,7210.0,2026-08-28,41,69.6,70.3,69.95,0.183227090111764,8.0646,0.7,0.0868,0.01,0.962
2026-07-18,wing_above,6925.0,2026-08-28,41,37.3,37.8,37.55,0.219379196099769,5.4884,0.5,0.0911,0.0133,0.924
2026-07-18,wing_below,6900.0,2026-08-28,41,35.5,36.0,35.75,0.22257569901963,5.2928,0.5,0.0945,0.014,0.9206
2026-07-18,short_above,7125.0,2026-08-07,20,25.9,26.2,26.05,0.202468808675479,4.0626,0.3,0.0738,0.0115,0.9513
2026-07-18,short_below,7100.0,2026-08-07,20,23.9,24.2,24.05,0.206387504309533,3.8454,0.3,0.078,0.0125,0.9479
2026-07-18,wing_above,6925.0,2026-08-07,20,13.9,14.1,14.0,0.234638138345448,2.6009,0.2,0.0769,0.0143,0.9245
2026-07-18,wing_below,6900.0,2026-08-07,20,12.9,13.1,13.0,0.247455937129919,2.4606,0.2,0.0813,0.0154,0.9212
2026-07-18,short_above,7275.0,2026-08-21,34,68.1,68.5,68.3,0.175155098325548,7.7249,0.4,0.0518,0.0059,0.9713
2026-07-18,short_below,7270.0,2026-08-21,34,67.1,67.6,67.35,0.175842011138603,7.6772,0.5,0.0651,0.0074,0.9706
2026-07-18,wing_above,7075.0,2026-08-21,34,40.7,41.0,40.85,0.202242072826145,5.8127,0.3,0.0516,0.0073,0.9446
2026-07-18,wing_below,7070.0,2026-08-21,34,40.2,40.6,40.4,0.20291028650453,5.7674,0.4,0.0694,0.0099,0.9439
2026-07-18,short_above,7295.0,2026-08-21,34,71.7,72.2,71.95,0.172403505904862,7.9131,0.5,0.0632,0.0069,0.9739
2026-07-18,short_below,7280.0,2026-08-21,34,68.8,69.2,69.0,0.174467763528771,7.7723,0.4,0.0515,0.0058,0.9719
2026-07-18,wing_above,7090.0,2026-08-21,34,42.1,42.6,42.35,0.200235649853843,5.9498,0.5,0.084,0.0118,0.9466
2026-07-18,wing_below,7085.0,2026-08-21,34,41.5,41.9,41.7,0.200904774171282,5.8902,0.4,0.0679,0.0096,0.9459
2026-07-18,short_above,7225.0,2026-08-21,34,59.5,59.8,59.65,0.182002439790827,7.2288,0.3,0.0415,0.005,0.9646
2026-07-18,short_below,7220.0,2026-08-21,34,58.4,58.8,58.6,0.182684331520058,7.1801,0.4,0.0557,0.0068,0.9639
2026-07-18,wing_above,7020.0,2026-08-21,34,35.3,35.6,35.45,0.209046090255244,5.3141,0.3,0.0565,0.0085,0.9372
2026-07-18,wing_below,7010.0,2026-08-21,34,34.3,34.7,34.5,0.210914916498582,5.2291,0.4,0.0765,0.0116,0.9359
2026-07-18,short_above,7280.0,2026-08-21,34,68.2,68.7,68.45,0.174670373360761,7.7723,0.5,0.0643,0.0073,0.9719
2026-07-18,short_below,7275.0,2026-08-21,34,67.3,67.8,67.55,0.175378038036366,7.7249,0.5,0.0647,0.0074,0.9713
2026-07-18,wing_above,6985.0,2026-08-21,34,32.3,32.7,32.5,0.213983117396923,5.0211,0.4,0.0797,0.0123,0.9322
2026-07-18,wing_below,6980.0,2026-08-21,34,31.9,32.2,32.05,0.214648672158145,4.9803,0.3,0.0602,0.0094,0.9315
2026-07-18,short_above,7330.0,2026-08-21,34,77.8,78.3,78.05,0.167378433200722,8.2202,0.5,0.0608,0.0064,0.9782
2026-07-18,short_below,7325.0,2026-08-21,34,76.6,77.1,76.85,0.16806579088783,8.1758,0.5,0.0612,0.0065,0.9776
2026-07-18,wing_above,7065.0,2026-08-21,34,39.1,39.5,39.3,0.204266466150777,5.7088,0.4,0.0701,0.0102,0.9429
2026-07-18,wing_below,7060.0,2026-08-21,34,38.7,39.0,38.85,0.203775480960099,5.664,0.3,0.053,0.0077,0.9422
2026-07-18,short_above,7320.0,2026-08-28,41,87.8,88.4,88.1,0.16984927381113,9.0374,0.6,0.0664,0.0068,0.9769
2026-07-18,short_below,7310.0,2026-08-28,41,85.5,86.0,85.75,0.171656697513652,9.1661,0.5,0.0545,0.0058,0.9756
2026-07-18,wing_above,7050.0,2026-08-28,41,47.1,47.4,47.25,0.204205857025899,6.5181,0.3,0.046,0.0063,0.9409
2026-07-18,short_above,7290.0,2026-08-28,41,81.2,81.8,81.5,0.173759010458353,8.772,0.6,0.0684,0.0074,0.9729
2026-07-18,short_below,7280.0,2026-08-28,41,75.4,79.8,77.6,0.175055697740478,8.681,4.4,0.5069,0.0567,0.9716
2026-07-18,wing_above,7000.0,2026-08-28,41,41.8,42.2,42.0,0.210523252962637,6.0775,0.4,0.0658,0.0095,0.9342
2026-07-18,wing_below,6990.0,2026-08-28,41,41.0,41.5,41.25,0.211788075905424,5.9918,0.5,0.0834,0.0121,0.9328
2026-07-18,short_above,7320.0,2026-08-28,41,87.0,87.5,87.25,0.170441361515161,9.0374,0.5,0.0553,0.0057,0.9769
2026-07-18,short_below,7310.0,2026-08-28,41,84.8,85.4,85.1,0.171656697513652,8.9503,0.6,0.067,0.0071,0.9756
2026-07-18,wing_above,7050.0,2026-08-28,41,46.7,47.1,46.9,0.203669792955634,6.5181,0.4,0.0614,0.0085,0.9409
2026-07-18,short_below,7300.0,2026-08-28,41,83.1,83.5,83.3,0.172458859966919,8.8618,0.4,0.0451,0.0048,0.9742
2026-07-18,wing_below,7025.0,2026-08-28,41,44.4,44.7,44.55,0.206855665712167,6.3278,0.3,0.0474,0.0067,0.9375
2026-07-18,short_above,7220.0,2026-08-28,41,68.5,69.3,68.9,0.182758324727401,8.0629,0.8,0.0992,0.0116,0.9635
2026-07-18,short_below,7210.0,2026-08-28,41,67.2,67.8,67.5,0.184029919720929,7.9668,0.6,0.0753,0.0089,0.9622
2026-07-18,wing_above,6925.0,2026-08-28,41,35.9,36.3,36.1,0.220018817553983,5.3989,0.4,0.0741,0.0111,0.9242
2026-07-18,wing_below,6900.0,2026-08-28,41,34.3,34.6,34.45,0.223191033024783,5.205,0.3,0.0576,0.0087,0.9208
2026-07-18,short_above,7125.0,2026-08-07,20,28.8,29.2,29.0,0.203851700378843,4.2948,0.4,0.0931,0.0138,0.9537
2026-07-18,short_below,7100.0,2026-08-07,20,26.5,26.8,26.65,0.207260184967201,4.0734,0.3,0.0736,0.0113,0.9504
2026-07-18,wing_above,6925.0,2026-08-07,20,15.3,15.5,15.4,0.235668703892987,2.7754,0.2,0.0721,0.013,0.927
2026-07-18,wing_below,6900.0,2026-08-07,20,14.2,14.4,14.3,0.239559974911549,2.6261,0.2,0.0762,0.014,0.9234
2026-07-18,short_above,7275.0,2026-08-21,34,73.5,73.9,73.7,0.175774797045358,7.916,0.4,0.0505,0.0054,0.9736
2026-07-18,short_below,7270.0,2026-08-21,34,72.4,73.0,72.7,0.176467865933108,7.8703,0.6,0.0762,0.0083,0.9729
2026-07-18,wing_above,7075.0,2026-08-21,34,44.3,44.7,44.5,0.202920598206062,6.0345,0.4,0.0663,0.009,0.9468
2026-07-18,wing_below,7070.0,2026-08-21,34,43.8,44.2,44.0,0.203584344660369,5.989,0.4,0.0668,0.0091,0.9462
2026-07-18,short_above,7295.0,2026-08-21,34,78.1,78.6,78.35,0.172997531889491,8.0955,0.5,0.0618,0.0064,0.9763
2026-07-18,short_below,7280.0,2026-08-21,34,75.0,75.5,75.25,0.175081199520826,7.9614,0.5,0.0628,0.0066,0.9743
2026-07-18,wing_above,7090.0,2026-08-21,34,46.2,46.6,46.4,0.199683605501292,6.172,0.4,0.0648,0.0086,0.9488
2026-07-18,wing_below,7085.0,2026-08-21,34,45.6,46.0,45.8,0.20159155464187,6.126,0.4,0.0653,0.0087,0.9482
2026-07-18,short_above,7225.0,2026-08-21,34,65.0,65.3,65.15,0.182677481604494,7.4517,0.3,0.0403,0.0046,0.9669
2026-07-18,short_below,7220.0,2026-08-21,34,64.2,64.6,64.4,0.183363921265162,7.4042,0.4,0.054,0.0062,0.9662
2026-07-18,wing_above,7020.0,2026-08-21,34,38.7,39.1,38.9,0.210201280454204,5.5414,0.4,0.0722,0.0103,0.9395
2026-07-18,wing_below,7010.0,2026-08-21,34,37.9,38.3,38.1,0.211522001241512,5.4547,0.4,0.0733,0.0105,0.9381
2026-07-18,short_above,7280.0,2026-08-21,34,75.4,75.8,75.6,0.174670373360761,7.9614,0.4,0.0502,0.0053,0.9743
2026-07-18,wing_above,6985.0,2026-08-21,34,35.9,36.3,36.1,0.214823447478202,5.2422,0.4,0.0763,0.0111,0.9348
2026-07-18,wing_below,6980.0,2026-08-21,34,35.5,35.9,35.7,0.215483959258419,5.2004,0.4,0.0769,0.0112,0.9341
2026-07-18,short_above,7330.0,2026-08-21,34,86.2,86.8,86.5,0.168123214091033,8.3953,0.6,0.0715,0.0069,0.981
2026-07-18,short_below,7325.0,2026-08-21,34,85.1,85.5,85.3,0.168820270986246,8.3541,0.4,0.0479,0.0047,0.9803
2026-07-18,wing_above,7065.0,2026-08-21,34,43.6,44.0,43.8,0.20424761649844,5.9421,0.4,0.0673,0.0091,0.9455
2026-07-18,wing_below,7060.0,2026-08-21,34,42.8,43.2,43.0,0.203775480960099,5.8968,0.4,0.0678,0.0093,0.9448
2026-07-18,short_above,7320.0,2026-08-28,41,95.1,95.7,95.4,0.170271362102271,9.2046,0.6,0.0652,0.0063,0.9796
2026-07-18,short_below,7310.0,2026-08-28,41,92.8,93.4,93.1,0.171155503823024,8.9503,0.6,0.067,0.0064,0.9783
2026-07-18,wing_above,7050.0,2026-08-28,41,51.2,51.6,51.4,0.204738519430465,6.7384,0.4,0.0594,0.0078,0.9435
2026-07-18,short_above,7290.0,2026-08-28,41,88.6,89.4,89.0,0.174160973727612,8.9545,0.8,0.0893,0.009,0.9756
2026-07-18,short_below,7280.0,2026-08-28,41,86.7,87.3,87.0,0.175452709633287,8.868,0.6,0.0677,0.0069,0.9743
2026-07-18,wing_above,7000.0,2026-08-28,41,46.1,46.4,46.25,0.211069348628625,6.2943,0.3,0.0477,0.0065,0.9368
2026-07-18,wing_below,6990.0,2026-08-28,41,45.4,45.9,45.65,0.212333452258792,6.2076,0.5,0.0805,0.011,0.9355
2026-07-18,short_above,7320.0,2026-08-28,41,95.7,96.3,96.0,0.168723713713366,9.2046,0.6,0.0652,0.0062,0.9796
2026-07-18,short_below,7310.0,2026-08-28,41,93.5,94.1,93.8,0.171656697513652,9.123,0.6,0.0658,0.0064,0.9783
2026-07-18,wing_above,7050.0,2026-08-28,41,51.7,52.1,51.9,0.203669792955634,6.7384,0.4,0.0594,0.0077,0.9435
2026-07-18,wing_below,7025.0,2026-08-28,41,49.0,49.4,49.2,0.206855665712167,6.2338,0.4,0.0642,0.0081,0.9401
2026-07-18,short_above,7310.0,2026-08-28,41,93.6,94.2,93.9,0.171656697513652,9.123,0.6,0.0658,0.0064,0.9783
2026-07-18,short_below,7300.0,2026-08-28,41,91.5,91.9,91.7,0.173116803295121,9.0396,0.4,0.0442,0.0044,0.9769
2026-07-18,wing_above,7050.0,2026-08-28,41,51.7,52.1,51.9,0.203669792955634,6.7384,0.4,0.0594,0.0077,0.9437
2026-07-18,short_above,7220.0,2026-08-28,41,75.7,76.2,75.95,0.183399640711211,8.3369,0.5,0.06,0.0066,0.9664
2026-07-18,wing_above,6925.0,2026-08-28,41,39.6,40.0,39.8,0.220586398262307,5.6732,0.4,0.0705,0.0101,0.927
2026-07-18,wing_below,6900.0,2026-08-28,41,37.6,37.9,37.75,0.223785350261532,5.4749,0.3,0.0548,0.0079,0.9236
2026-07-18,short_above,7125.0,2026-08-07,20,29.3,29.5,29.4,0.20384117243056,4.2832,0.2,0.0467,0.0068,0.9537
2026-07-18,short_below,7100.0,2026-08-07,20,27.1,27.4,27.25,0.207729271647898,4.0613,0.3,0.0739,0.011,0.9503
2026-07-18,wing_above,6925.0,2026-08-07,20,15.7,16.0,15.85,0.235312075834836,2.7613,0.3,0.1086,0.0189,0.9269
2026-07-18,wing_below,6900.0,2026-08-07,20,14.6,14.8,14.7,0.239538201935458,2.6123,0.2,0.0766,0.0136,0.9236
2026-07-18,short_above,7275.0,2026-08-21,34,74.8,75.2,75.0,0.175980133921027,7.9085,0.4,0.0506,0.0053,0.9738
2026-07-18,short_below,7270.0,2026-08-21,34,73.8,74.2,74.0,0.176591387069275,7.8629,0.4,0.0509,0.0054,0.9731
2026-07-18,wing_above,7075.0,2026-08-21,34,44.9,45.3,45.1,0.203039914425349,6.0245,0.4,0.0664,0.0089,0.947
2026-07-18,wing_below,7070.0,2026-08-21,34,44.4,44.8,44.6,0.203705023413174,5.9789,0.4,0.0669,0.009,0.9463
2026-07-18,short_above,7295.0,2026-08-21,34,78.8,79.4,79.1,0.173127822217486,8.088,0.6,0.0742,0.0076,0.9764
2026-07-18,short_below,7280.0,2026-08-21,34,76.0,76.4,76.2,0.175207416239277,7.9539,0.4,0.0503,0.0052,0.9744
2026-07-18,wing_above,7090.0,2026-08-21,34,46.8,47.2,47.0,0.201041771362776,6.1625,0.4,0.0649,0.0085,0.949
2026-07-18,wing_below,7085.0,2026-08-21,34,46.4,46.8,46.6,0.201708315444208,6.1163,0.4,0.0654,0.0086,0.9483
2026-07-18,short_above,7225.0,2026-08-21,34,66.2,66.6,66.4,0.182790444107395,7.4803,0.4,0.0535,0.006,0.9671
2026-07-18,short_below,7220.0,2026-08-21,34,65.4,65.8,65.6,0.183475963002004,7.4331,0.4,0.0538,0.0061,0.9664
2026-07-18,wing_above,7020.0,2026-08-21,34,39.8,40.4,40.1,0.210337624422747,5.5723,0.6,0.1077,0.015,0.9396
2026-07-18,wing_below,7010.0,2026-08-21,34,38.9,39.3,39.1,0.211989956494841,5.4856,0.4,0.0729,0.0102,0.9388
2026-07-18,short_above,7280.0,2026-08-21,34,76.6,77.1,76.85,0.176601107595741,7.9539,0.5,0.0629,0.0065,0.9749
2026-07-18,wing_above,6985.0,2026-08-21,34,36.6,37.0,36.8,0.215299700191339,5.2728,0.4,0.0759,0.0109,0.9354
2026-07-18,wing_below,6980.0,2026-08-21,34,36.4,36.8,36.6,0.215961767199458,5.2309,0.4,0.0765,0.0109,0.9348
2026-07-18,short_above,7330.0,2026-08-21,34,87.5,88.1,87.8,0.16867499664473,8.4163,0.6,0.0713,0.0068,0.9816
2026-07-18,short_below,7325.0,2026-08-21,34,86.9,87.4,87.15,0.169368086659782,8.3757,0.5,0.0597,0.0057,0.981
2026-07-18,wing_above,7065.0,2026-08-21,34,44.9,45.3,45.1,0.204696200580912,5.9732,0.4,0.067,0.0089,0.9462
2026-07-18,wing_below,7060.0,2026-08-21,34,44.4,44.8,44.6,0.205360709985294,5.9279,0.4,0.0675,0.009,0.9455
2026-07-18,short_above,7320.0,2026-08-28,41,98.2,98.9,98.55,0.170827233256032,9.2252,0.7,0.0759,0.0071,0.9803
2026-07-18,wing_above,7050.0,2026-08-28,41,53.3,53.7,53.5,0.205171648420078,6.7699,0.4,0.0591,0.0075,0.9441
2026-07-18,wing_below,7025.0,2026-08-28,41,50.4,50.8,50.6,0.207842667936234,6.5211,0.4,0.0613,0.0079,0.9408
2026-07-18,short_above,7290.0,2026-08-28,41,91.8,92.3,92.05,0.174675143567041,8.9781,0.5,0.0557,0.0054,0.9763
2026-07-18,short_below,7280.0,2026-08-28,41,89.4,90.0,89.7,0.175950291913786,8.8925,0.6,0.0675,0.0067,0.9749
2026-07-18,wing_above,7000.0,2026-08-28,41,47.6,48.0,47.8,0.211583355724629,6.3239,0.4,0.0633,0.0084,0.9375
2026-07-18,wing_below,6990.0,2026-08-28,41,46.6,47.1,46.85,0.212863538303696,6.2368,0.5,0.0802,0.0107,0.9361
2026-07-18,short_above,7320.0,2026-08-28,41,97.8,98.4,98.1,0.170582481836078,9.2252,0.6,0.065,0.0061,0.9803
2026-07-18,short_below,7310.0,2026-08-28,41,95.5,96.2,95.85,0.171656697513652,9.123,0.7,0.0767,0.0073,0.979
2026-07-18,wing_above,7050.0,2026-08-28,41,52.9,53.4,53.15,0.205855643898922,6.7699,0.5,0.0739,0.0094,0.9441
2026-07-18,short_above,7310.0,2026-08-28,41,95.1,95.7,95.4,0.171525901585311,9.1446,0.6,0.0656,0.0063,0.979
2026-07-18,short_below,7300.0,2026-08-28,41,92.9,93.4,93.15,0.173396340948791,9.0863,0.5,0.055,0.0054,0.9776
2026-07-18,wing_below,7025.0,2026-08-28,41,49.9,50.2,50.05,0.208379227611794,6.58,0.3,0.0456,0.006,0.9408
2026-07-18,short_above,7220.0,2026-08-28,41,77.0,77.6,77.3,0.183544764145779,8.3814,0.6,0.0716,0.0078,0.9669
2026-07-18,short_below,7210.0,2026-08-28,41,75.4,75.9,75.65,0.184805750803328,8.289,0.5,0.0603,0.0066,0.9656
2026-07-18,wing_above,6925.0,2026-08-28,41,40.5,40.9,40.7,0.221163956563698,5.7318,0.4,0.0698,0.0098,0.9274
2026-07-18,wing_below,6900.0,2026-08-28,41,38.5,38.9,38.7,0.223348079287869,5.5325,0.4,0.0723,0.0103,0.9241
2026-07-18,short_above,7125.0,2026-08-07,20,29.5,29.8,29.65,0.202988795962387,4.3586,0.3,0.0688,0.0101,0.9548
2026-07-18,short_below,7100.0,2026-08-07,20,27.1,27.5,27.3,0.206884975614922,4.1342,0.4,0.0968,0.0147,0.9515
2026-07-18,wing_above,6925.0,2026-08-07,20,15.6,15.9,15.75,0.234571651000435,2.8156,0.3,0.1065,0.019,0.928
2026-07-18,wing_below,6900.0,2026-08-07,20,14.5,14.8,14.65,0.238627017079428,2.664,0.3,0.1126,0.0205,0.9247
2026-07-18,short_above,7275.0,2026-08-21,34,75.7,76.1,75.9,0.175468047783178,7.9863,0.4,0.0501,0.0053,0.9749
2026-07-18,short_below,7270.0,2026-08-21,34,74.8,75.4,75.1,0.17615938566436,7.9415,0.6,0.0756,0.008,0.9742
2026-07-18,wing_above,7075.0,2026-08-21,34,45.3,45.7,45.5,0.206902461251111,6.1137,0.4,0.0654,0.0088,0.9481
2026-07-18,wing_below,7070.0,2026-08-21,34,44.8,45.6,45.2,0.203485571506062,6.068,0.8,0.1318,0.0177,0.9474
2026-07-18,short_above,7295.0,2026-08-21,34,79.9,80.4,80.15,0.172702225156546,8.1621,0.5,0.0613,0.0062,0.9776
2026-07-18,short_below,7280.0,2026-08-21,34,76.6,77.2,76.9,0.174776633761349,8.0308,0.6,0.0747,0.0078,0.9756
2026-07-18,wing_above,7090.0,2026-08-21,34,46.9,47.4,47.15,0.200790929915583,6.2517,0.5,0.08,0.0106,0.9501
2026-07-18,wing_below,7085.0,2026-08-21,34,46.2,46.6,46.4,0.201465310808524,6.2056,0.4,0.0645,0.0086,0.9494
2026-07-18,short_above,7225.0,2026-08-21,34,65.8,66.3,66.05,0.182372828681367,7.4926,0.5,0.0667,0.0076,0.9682
2026-07-18,short_below,7220.0,2026-08-21,34,64.9,65.4,65.15,0.183061701457242,7.4454,0.5,0.0672,0.0077,0.9675
2026-07-18,wing_above,7020.0,2026-08-21,34,39.3,39.7,39.5,0.210195146330072,5.588,0.4,0.0716,0.0101,0.9407
2026-07-18,wing_below,7010.0,2026-08-21,34,38.4,38.8,38.6,0.211533928314611,5.5014,0.4,0.0727,0.0104,0.9394
2026-07-18,wing_above,6985.0,2026-08-21,34,36.4,36.8,36.6,0.214878579525,5.289,0.4,0.0756,0.0109,0.936
2026-07-18,wing_below,6980.0,2026-08-21,34,35.8,36.2,36.0,0.21554728747507,5.2473,0.4,0.0762,0.0111,0.9354
2026-07-18,short_above,7330.0,2026-08-21,34,87.1,87.6,87.35,0.16786378677418,8.4266,0.5,0.0593,0.0057,0.9823
2026-07-18,short_below,7325.0,2026-08-21,34,85.7,86.2,85.95,0.169753626407091,8.3862,0.5,0.0596,0.0058,0.9816
2026-07-18,wing_above,7065.0,2026-08-21,34,43.9,44.4,44.15,0.203988641321574,5.988,0.5,0.0835,0.0113,0.9468
2026-07-18,wing_below,7060.0,2026-08-21,34,43.2,43.8,43.5,0.204830210984474,5.9428,0.6,0.101,0.0138,0.9461
2026-07-18,short_above,7320.0,2026-08-28,41,96.4,97.2,96.8,0.170308961707428,9.237,0.8,0.0866,0.0083,0.9809
2026-07-18,short_below,7310.0,2026-08-28,41,94.0,94.7,94.35,0.171525901585311,9.168,0.7,0.0764,0.0074,0.9796
2026-07-18,wing_above,7050.0,2026-08-28,41,51.7,52.0,51.85,0.204686178526807,6.7839,0.3,0.0442,0.0058,0.9448
2026-07-18,wing_below,7025.0,2026-08-28,41,49.0,49.3,49.15,0.209071946623808,6.58,0.3,0.0456,0.0061,0.9414
2026-07-18,short_above,7290.0,2026-08-28,41,89.7,90.3,90.0,0.17422663697329,8.9915,0.6,0.0667,0.0067,0.9769
2026-07-18,short_below,7280.0,2026-08-28,41,87.6,88.2,87.9,0.1753131303467,8.9062,0.6,0.0674,0.0068,0.975
2026-07-18,wing_above,7000.0,2026-08-28,41,46.4,46.8,46.6,0.210847116196889,6.336,0.4,0.0631,0.0086,0.9375
2026-07-18,wing_below,6990.0,2026-08-28,41,45.2,45.7,45.45,0.212117466685024,6.2485,0.5,0.08,0.011,0.9361
2026-07-18,short_above,7320.0,2026-08-28,41,95.8,96.4,96.1,0.170582481836078,9.237,0.6,0.065,0.0062,0.9803
2026-07-18,wing_below,7025.0,2026-08-28,41,48.9,49.3,49.1,0.209071946623808,6.58,0.4,0.0608,0.0081,0.9408
2026-07-18,short_above,7310.0,2026-08-28,41,93.6,94.2,93.9,0.171436187035329,9.157,0.6,0.0655,0.0064,0.979
2026-07-18,short_below,7300.0,2026-08-28,41,91.4,91.9,91.65,0.172731744821545,9.0751,0.5,0.0551,0.0055,0.9776
2026-07-18,wing_above,7050.0,2026-08-28,41,51.7,51.9,51.8,0.204497716349659,6.7839,0.2,0.0295,0.0039,0.9442
2026-07-18,short_above,7220.0,2026-08-28,41,75.8,76.4,76.1,0.182980478812645,8.3701,0.6,0.0717,0.0079,0.9669
2026-07-18,short_below,7210.0,2026-08-28,41,74.0,74.7,74.35,0.184249147778607,8.2335,0.7,0.085,0.0094,0.9656
2026-07-18,wing_above,6925.0,2026-08-28,41,39.6,39.9,39.75,0.220380192241133,5.6634,0.3,0.053,0.0075,0.9274
2026-07-18,wing_below,6900.0,2026-08-28,41,37.6,37.9,37.75,0.223564189155159,5.4646,0.3,0.0549,0.0079,0.9241
2026-07-18,short_above,7125.0,2026-08-07,20,32.4,32.7,32.55,0.204502180456591,4.5126,0.3,0.0665,0.0092,0.9566
2026-07-18,short_below,7100.0,2026-08-07,20,30.0,30.4,30.2,0.206686332663333,4.2881,0.4,0.0933,0.0132,0.9532
2026-07-18,wing_above,6925.0,2026-08-07,20,17.3,17.6,17.45,0.236424901826439,2.9489,0.3,0.1017,0.0172,0.9297
2026-07-18,wing_below,6900.0,2026-08-07,20,16.1,16.4,16.25,0.240502031719521,2.7928,0.3,0.1074,0.0185,0.9264
2026-07-18,short_above,7275.0,2026-08-21,34,80.9,81.4,81.15,0.176191540051871,8.0452,0.5,0.0621,0.0062,0.9767
2026-07-18,short_below,7270.0,2026-08-21,34,79.8,80.4,80.1,0.177282343469744,8.0012,0.6,0.075,0.0075,0.976
2026-07-18,wing_above,7075.0,2026-08-21,34,48.6,49.1,48.85,0.203690520710737,6.1868,0.5,0.0808,0.0102,0.9499
2026-07-18,wing_below,7070.0,2026-08-21,34,48.2,48.8,48.5,0.204357330957847,6.1412,0.6,0.0977,0.0124,0.9492
2026-07-18,short_above,7295.0,2026-08-21,34,85.4,86.2,85.8,0.173636198622541,8.2176,0.8,0.0974,0.0093,0.9794
2026-07-18,short_below,7280.0,2026-08-21,34,82.2,82.8,82.5,0.175740355335436,8.0889,0.6,0.0742,0.0073,0.9774
2026-07-18,wing_above,7090.0,2026-08-21,34,50.8,51.4,51.1,0.201687563890417,6.3246,0.6,0.0949,0.0117,0.9519
2026-07-18,wing_below,7085.0,2026-08-21,34,50.4,50.9,50.65,0.202355661824367,6.2785,0.5,0.0796,0.0099,0.9512
2026-07-18,short_above,7225.0,2026-08-21,34,71.6,72.2,71.9,0.183386384113103,7.592,0.6,0.079,0.0083,0.97
2026-07-18,short_below,7220.0,2026-08-21,34,70.8,71.3,71.05,0.184075670909883,7.5455,0.5,0.0663,0.007,0.9694
2026-07-18,wing_above,7020.0,2026-08-21,34,42.9,43.4,43.15,0.211008318424952,5.6948,0.5,0.0878,0.0116,0.9425
2026-07-18,wing_below,7010.0,2026-08-21,34,41.9,42.4,42.15,0.21233595864716,5.6079,0.5,0.0892,0.0119,0.9412
2026-07-18,short_above,7280.0,2026-08-21,34,82.6,83.2,82.9,0.174655241610439,8.0889,0.6,0.0742,0.0072,0.9774
2026-07-18,wing_above,6985.0,2026-08-21,34,39.5,40.0,39.75,0.215653585381698,5.4284,0.5,0.0921,0.0126,0.9378
2026-07-18,wing_below,6980.0,2026-08-21,34,39.1,39.5,39.3,0.216170860436919,5.3862,0.4,0.0743,0.0102,0.9372
2026-07-18,short_above,7330.0,2026-08-21,34,94.2,94.8,94.5,0.168701145957582,8.5203,0.6,0.0704,0.0063,0.9841
2026-07-18,short_below,7325.0,2026-08-21,34,92.8,93.4,93.1,0.169408018009358,8.4822,0.6,0.0707,0.0064,0.9835
2026-07-18,wing_above,7065.0,2026-08-21,34,47.9,48.4,48.15,0.203988641321574,6.1325,0.5,0.0815,0.0104,0.9486
2026-07-18,wing_below,7060.0,2026-08-21,34,47.3,47.8,47.55,0.20568983345072,6.0871,0.5,0.0821,0.0105,0.9479
2026-07-18,short_above,7320.0,2026-08-28,41,103.7,104.5,104.1,0.17091331774198,9.3252,0.8,0.0858,0.0077,0.9828
2026-07-18,short_below,7310.0,2026-08-28,41,101.4,102.2,101.8,0.171525901585311,9.157,0.8,0.0874,0.0079,0.9815
2026-07-18,wing_above,7050.0,2026-08-28,41,56.1,56.6,56.35,0.205364107123954,6.9226,0.5,0.0722,0.0089,0.9465
2026-07-18,wing_below,7025.0,2026-08-28,41,53.2,53.6,53.4,0.207671765146121,6.5579,0.4,0.061,0.0075,0.9434
2026-07-18,short_above,7290.0,2026-08-28,41,96.7,97.4,97.05,0.174352492622969,9.0896,0.7,0.077,0.0072,0.979
2026-07-18,short_below,7280.0,2026-08-28,41,94.4,95.1,94.75,0.175644838895481,9.0073,0.7,0.0777,0.0074,0.9777
2026-07-18,wing_above,7000.0,2026-08-28,41,50.3,50.8,50.55,0.206944524422447,6.4775,0.5,0.0772,0.0099,0.94
2026-07-18,wing_below,6990.0,2026-08-28,41,49.2,49.8,49.5,0.212986731193728,6.3904,0.6,0.0939,0.0121,0.9387
2026-07-18,short_above,7320.0,2026-08-28,41,103.7,104.5,104.1,0.171257372231835,9.3252,0.8,0.0858,0.0077,0.983
2026-07-18,short_below,7310.0,2026-08-28,41,101.3,102.1,101.7,0.171525901585311,9.2487,0.8,0.0865,0.0079,0.9817
2026-07-18,wing_above,7050.0,2026-08-28,41,56.1,56.6,56.35,0.20547833867448,6.9226,0.5,0.0722,0.0089,0.9468
2026-07-18,wing_below,7025.0,2026-08-28,41,53.1,53.6,53.35,0.208820833887391,6.6982,0.5,0.0746,0.0094,0.9434
2026-07-18,short_below,7300.0,2026-08-28,41,98.7,99.3,99.0,0.173063174683405,9.1702,0.6,0.0654,0.0061,0.9803
2026-07-18,wing_above,7050.0,2026-08-28,41,55.9,56.4,56.15,0.20547833867448,6.9226,0.5,0.0722,0.0089,0.9468
2026-07-18,wing_below,7025.0,2026-08-28,41,53.0,53.5,53.25,0.208820833887391,6.6982,0.5,0.0746,0.0094,0.9434
2026-07-18,short_above,7220.0,2026-08-28,41,81.8,82.6,82.2,0.183445884095626,8.4851,0.8,0.0943,0.0097,0.9696
2026-07-18,short_below,7210.0,2026-08-28,41,79.9,80.6,80.25,0.18474956022491,8.3946,0.7,0.0834,0.0087,0.9682
2026-07-18,wing_above,6925.0,2026-08-28,41,42.7,43.2,42.95,0.22123635257688,5.8425,0.5,0.0856,0.0116,0.93
2026-07-18,wing_below,6900.0,2026-08-28,41,40.6,41.0,40.8,0.224412484946417,5.641,0.4,0.0709,0.0098,0.9266
2026-07-20,short_above,7125.0,2026-08-07,18,24.3,24.6,24.45,0.210159506751792,3.7305,0.3,0.0804,0.0123,0.9521
2026-07-20,short_below,7100.0,2026-08-07,18,22.3,22.6,22.45,0.214260305853017,3.5206,0.3,0.0852,0.0134,0.9488
2026-07-20,wing_above,6925.0,2026-08-07,18,12.8,13.1,12.95,0.244199070487578,2.3351,0.3,0.1285,0.0232,0.9254
2026-07-20,wing_below,6900.0,2026-08-07,18,11.9,12.2,12.05,0.248678550472707,2.2046,0.3,0.1361,0.0249,0.9221
2026-07-20,short_above,7275.0,2026-08-21,32,67.0,67.4,67.2,0.177737260777309,7.4364,0.4,0.0538,0.006,0.9722
2026-07-20,short_below,7270.0,2026-08-21,32,65.8,66.4,66.1,0.178466740310341,7.39,0.6,0.0812,0.0091,0.9715
2026-07-20,wing_above,7075.0,2026-08-21,32,39.6,40.0,39.8,0.206436135543434,5.5705,0.4,0.0718,0.0101,0.9455
2026-07-20,wing_below,7070.0,2026-08-21,32,39.0,39.5,39.25,0.207138983110283,5.5263,0.5,0.0905,0.0127,0.9448
2026-07-20,short_above,7295.0,2026-08-21,32,70.0,70.6,70.3,0.174715739509647,7.6198,0.6,0.0787,0.0085,0.9749
2026-07-20,short_below,7280.0,2026-08-21,32,67.2,67.8,67.5,0.177007429148494,7.4826,0.6,0.0802,0.0089,0.9729
2026-07-20,wing_above,7090.0,2026-08-21,32,40.9,41.4,41.15,0.203948819063886,5.7043,0.5,0.0877,0.0122,0.9475
2026-07-20,wing_below,7085.0,2026-08-21,32,40.5,40.9,40.7,0.202903925057253,5.6595,0.4,0.0707,0.0098,0.9466
2026-07-20,short_above,7225.0,2026-08-21,32,58.1,58.5,58.3,0.184531930070553,6.9214,0.4,0.0578,0.0069,0.9653
2026-07-20,short_below,7220.0,2026-08-21,32,57.4,57.8,57.6,0.185257085582042,6.8736,0.4,0.0582,0.0069,0.9646
2026-07-20,wing_above,7020.0,2026-08-21,32,34.6,35.0,34.8,0.213856787445847,5.0542,0.4,0.0791,0.0115,0.9379
2026-07-20,wing_below,7010.0,2026-08-21,32,33.8,34.2,34.0,0.215265442332529,4.9717,0.4,0.0805,0.0118,0.9366
2026-07-20,short_above,7280.0,2026-08-21,32,67.8,68.4,68.1,0.176359369740848,7.4826,0.6,0.0802,0.0088,0.9726
2026-07-20,short_below,7275.0,2026-08-21,32,66.9,67.3,67.1,0.17756540828649,7.4364,0.4,0.0538,0.006,0.972
2026-07-20,wing_above,6985.0,2026-08-21,32,31.8,32.2,32.0,0.218782587847944,4.7699,0.4,0.0839,0.0125,0.9332
2026-07-20,wing_below,6980.0,2026-08-21,32,31.4,31.7,31.55,0.219485462707226,4.7304,0.3,0.0634,0.0095,0.9326
2026-07-20,short_above,7330.0,2026-08-21,32,77.2,77.8,77.5,0.169289960149336,7.8948,0.6,0.076,0.0077,0.9793
2026-07-20,short_below,7325.0,2026-08-21,32,76.0,76.4,76.2,0.17001434297118,7.8512,0.4,0.0509,0.0052,0.9787
2026-07-20,wing_above,7065.0,2026-08-21,32,38.4,38.8,38.6,0.207498648343362,5.4376,0.4,0.0736,0.0104,0.9439
2026-07-20,wing_below,7060.0,2026-08-21,32,38.0,38.4,38.2,0.208206959632003,5.3941,0.4,0.0742,0.0105,0.9433
2026-07-20,short_above,7320.0,2026-08-28,39,87.6,88.3,87.95,0.171447088375632,8.7437,0.7,0.0801,0.008,0.978
2026-07-20,short_below,7310.0,2026-08-28,39,85.0,85.8,85.4,0.172810910418538,8.6582,0.8,0.0924,0.0094,0.9767
2026-07-20,wing_above,7050.0,2026-08-28,39,46.7,47.4,47.05,0.207282436698671,6.2603,0.7,0.1118,0.0149,0.9419
2026-07-20,wing_below,7025.0,2026-08-28,39,44.3,44.7,44.5,0.210522625913777,6.0403,0.4,0.0662,0.009,0.9386
2026-07-20,short_above,7290.0,2026-08-28,39,81.9,82.6,82.25,0.175529831608055,8.483,0.7,0.0825,0.0085,0.974
2026-07-20,short_below,7280.0,2026-08-28,39,80.2,80.8,80.5,0.176884588118998,8.3935,0.6,0.0715,0.0075,0.9726
2026-07-20,wing_above,7000.0,2026-08-28,39,42.3,42.6,42.45,0.213758700026312,5.8254,0.3,0.0515,0.0071,0.9352
2026-07-20,wing_below,6990.0,2026-08-28,39,41.4,42.0,41.7,0.215052928629839,5.7409,0.6,0.1045,0.0144,0.9339
2026-07-20,short_above,7320.0,2026-08-28,39,88.8,89.5,89.15,0.169892231821971,8.7437,0.7,0.0801,0.0079,0.978
2026-07-20,wing_above,7050.0,2026-08-28,39,47.3,47.7,47.5,0.207200670893791,6.2603,0.4,0.0639,0.0084,0.9419
2026-07-20,wing_below,7025.0,2026-08-28,39,44.8,45.1,44.95,0.210389311132733,6.0954,0.3,0.0492,0.0067,0.9386
2026-07-20,short_below,7300.0,2026-08-28,39,84.8,85.2,85.0,0.174171893413698,8.6179,0.4,0.0464,0.0047,0.9753
2026-07-20,wing_above,7050.0,2026-08-28,39,47.4,47.8,47.6,0.207200670893791,6.3159,0.4,0.0633,0.0084,0.9419
2026-07-20,wing_below,7025.0,2026-08-28,39,44.9,45.2,45.05,0.210389311132733,6.0954,0.3,0.0492,0.0067,0.9386
2026-07-20,short_above,7220.0,2026-08-28,39,69.5,70.1,69.8,0.184945457019556,7.8927,0.6,0.076,0.0086,0.9646
2026-07-20,short_below,7210.0,2026-08-28,39,68.0,68.5,68.25,0.18627827384387,7.7991,0.5,0.0641,0.0073,0.9633
2026-07-20,wing_above,6925.0,2026-08-28,39,35.9,36.3,36.1,0.223485560076706,5.2659,0.4,0.076,0.0111,0.9252
2026-07-20,wing_below,6900.0,2026-08-28,39,34.2,34.5,34.35,0.226747703090959,5.0734,0.3,0.0591,0.0087,0.9219
2026-07-20,short_above,7225.0,2026-08-31,42,72.7,73.2,72.95,0.181027036224083,8.2852,0.5,0.0603,0.0069,0.9653
2026-07-20,short_below,7220.0,2026-08-31,42,71.8,72.3,72.05,0.181660937204729,8.2377,0.5,0.0607,0.0069,0.9651
2026-07-20,wing_above,6920.0,2026-08-31,42,37.2,37.7,37.45,0.219719179870866,5.519,0.5,0.0906,0.0134,0.925
2026-07-20,wing_below,6915.0,2026-08-31,42,36.7,37.2,36.95,0.220352996141386,5.4794,0.5,0.0913,0.0135,0.9244
2026-07-20,short_above,7125.0,2026-08-07,18,26.0,26.3,26.15,0.208682143119505,3.878,0.3,0.0774,0.0115,0.9546
2026-07-20,short_below,7100.0,2026-08-07,18,24.0,24.2,24.1,0.212799380249029,3.663,0.2,0.0546,0.0083,0.9513
2026-07-20,wing_above,6925.0,2026-08-07,18,13.8,14.0,13.9,0.242952547399041,2.4455,0.2,0.0818,0.0144,0.9278
2026-07-20,wing_below,6900.0,2026-08-07,18,12.8,13.0,12.9,0.247434876399638,2.3033,0.2,0.0868,0.0155,0.9245
2026-07-20,short_above,7275.0,2026-08-21,32,71.3,71.6,71.45,0.176757163928183,7.5838,0.3,0.0396,0.0042,0.9747
2026-07-20,short_below,7270.0,2026-08-21,32,70.2,70.6,70.4,0.177481476639748,7.5385,0.4,0.0531,0.0057,0.974
2026-07-20,wing_above,7075.0,2026-08-21,32,42.3,42.5,42.4,0.205262440258707,5.721,0.2,0.035,0.0047,0.9479
2026-07-20,wing_below,7070.0,2026-08-21,32,41.7,42.0,41.85,0.205961706255055,5.6761,0.3,0.0529,0.0072,0.9472
2026-07-20,short_above,7295.0,2026-08-21,32,75.3,75.7,75.5,0.173856079472722,7.7616,0.4,0.0515,0.0053,0.9774
2026-07-20,short_below,7280.0,2026-08-21,32,72.2,72.6,72.4,0.176032450315603,7.6287,0.4,0.0524,0.0055,0.9754
2026-07-20,wing_above,7090.0,2026-08-21,32,43.5,43.8,43.65,0.203161421848616,5.8566,0.3,0.0512,0.0069,0.9499
2026-07-20,short_above,7225.0,2026-08-21,32,61.7,62.1,61.9,0.184150794420913,7.1095,0.4,0.0563,0.0065,0.9678
2026-07-20,short_below,7220.0,2026-08-21,32,60.9,61.3,61.1,0.184352698208364,7.0624,0.4,0.0566,0.0065,0.9671
2026-07-20,wing_above,7020.0,2026-08-21,32,36.3,36.7,36.5,0.213178814701519,5.2269,0.4,0.0765,0.011,0.9403
2026-07-20,wing_below,7010.0,2026-08-21,32,35.5,36.0,35.75,0.214574332156917,5.1423,0.5,0.0972,0.014,0.939
2026-07-20,short_above,7280.0,2026-08-21,32,71.8,72.2,72.0,0.176359369740848,7.6287,0.4,0.0524,0.0056,0.9752
2026-07-20,short_below,7275.0,2026-08-21,32,71.0,71.4,71.2,0.17756540828649,7.5838,0.4,0.0527,0.0056,0.9745
2026-07-20,wing_above,6985.0,2026-08-21,32,33.4,33.8,33.6,0.218061465048762,4.9352,0.4,0.081,0.0119,0.9357
2026-07-20,wing_below,6980.0,2026-08-21,32,33.0,33.4,33.2,0.218758868616,4.8946,0.4,0.0817,0.012,0.935
2026-07-20,short_above,7330.0,2026-08-21,32,81.8,82.2,82.0,0.168915459667217,8.0474,0.4,0.0497,0.0049,0.9819
2026-07-20,short_below,7325.0,2026-08-21,32,80.6,81.0,80.8,0.169644600910697,8.0066,0.4,0.05,0.005,0.9812
2026-07-20,wing_above,7065.0,2026-08-21,32,40.7,41.0,40.85,0.20688583321283,5.6189,0.3,0.0534,0.0073,0.9464
2026-07-20,wing_below,7060.0,2026-08-21,32,40.0,40.4,40.2,0.207467949756847,5.5745,0.4,0.0718,0.01,0.9457
2026-07-20,short_above,7320.0,2026-08-28,39,91.6,92.2,91.9,0.169892231821971,8.8892,0.6,0.0675,0.0065,0.9805
2026-07-20,short_below,7310.0,2026-08-28,39,89.7,90.2,89.95,0.172810910418538,8.7036,0.5,0.0574,0.0056,0.9792
2026-07-20,wing_above,7050.0,2026-08-28,39,48.7,49.0,48.85,0.206653341972401,6.4448,0.3,0.0465,0.0061,0.9444
2026-07-20,short_above,7290.0,2026-08-28,39,85.7,86.2,85.95,0.174945027539084,8.622,0.5,0.058,0.0058,0.9765
2026-07-20,short_below,7280.0,2026-08-28,39,83.4,84.0,83.7,0.176299290373897,8.5558,0.6,0.0701,0.0072,0.9752
2026-07-20,wing_above,7000.0,2026-08-28,39,43.6,44.0,43.8,0.213115372559366,6.0052,0.4,0.0666,0.0091,0.9377
2026-07-20,wing_below,6990.0,2026-08-28,39,42.8,43.2,43.0,0.214406210868802,5.885,0.4,0.068,0.0093,0.9363
2026-07-20,short_above,7310.0,2026-08-28,39,89.6,90.2,89.9,0.172227708953741,8.7983,0.6,0.0682,0.0067,0.9792
2026-07-20,short_below,7300.0,2026-08-28,39,87.5,88.0,87.75,0.173587760056627,8.7153,0.5,0.0574,0.0057,0.9778
2026-07-20,wing_above,7050.0,2026-08-28,39,48.6,49.0,48.8,0.206653341972401,6.4292,0.4,0.0622,0.0082,0.9444
2026-07-20,wing_below,7025.0,2026-08-28,39,45.8,46.2,46.0,0.210389311132733,6.0954,0.4,0.0656,0.0087,0.941
2026-07-20,short_above,7220.0,2026-08-28,39,71.7,72.1,71.9,0.184356477222908,8.0048,0.4,0.05,0.0056,0.9671
2026-07-20,short_below,7210.0,2026-08-28,39,70.1,70.6,70.35,0.185688004172125,7.8877,0.5,0.0634,0.0071,0.9658
2026-07-20,wing_above,6925.0,2026-08-28,39,36.9,37.2,37.05,0.222811967152862,5.3673,0.3,0.0559,0.0081,0.9276
2026-07-20,wing_below,6900.0,2026-08-28,39,34.8,35.1,34.95,0.226062612516896,5.1717,0.3,0.058,0.0086,0.9243
2026-07-20,short_above,7225.0,2026-08-31,42,74.6,75.2,74.9,0.180028980424956,8.3968,0.6,0.0715,0.008,0.9673
2026-07-20,short_below,7220.0,2026-08-31,42,74.0,74.5,74.25,0.180660983901604,8.3498,0.5,0.0599,0.0067,0.9666
2026-07-20,wing_above,6920.0,2026-08-31,42,38.2,38.6,38.4,0.218802315696124,5.6237,0.4,0.0711,0.0104,0.9265
2026-07-20,wing_below,6915.0,2026-08-31,42,37.9,38.3,38.1,0.219418656576276,5.5835,0.4,0.0716,0.0105,0.9258
2026-07-21,short_above,7125.0,2026-08-07,17,21.5,21.8,21.65,0.204139538548602,3.5422,0.3,0.0847,0.0139,0.9517
2026-07-21,short_below,7100.0,2026-08-07,17,19.7,19.9,19.8,0.208212521862134,3.3313,0.2,0.06,0.0101,0.9484
2026-07-21,wing_above,6925.0,2026-08-07,17,11.1,11.3,11.2,0.237999508549547,2.1731,0.2,0.092,0.0179,0.925
2026-07-21,wing_below,6900.0,2026-08-07,17,10.3,10.5,10.4,0.249242561536581,2.0385,0.2,0.0981,0.0192,0.9217
2026-07-21,short_above,7275.0,2026-08-21,31,62.9,63.3,63.1,0.173626516926363,7.3203,0.4,0.0546,0.0063,0.9718
2026-07-21,short_below,7270.0,2026-08-21,31,61.9,62.2,62.05,0.174335707410814,7.2716,0.3,0.0413,0.0048,0.9711
2026-07-21,wing_above,7075.0,2026-08-21,31,36.5,36.8,36.65,0.20177434904541,5.3945,0.3,0.0556,0.0082,0.945
2026-07-21,wing_below,7070.0,2026-08-21,31,36.1,36.4,36.25,0.202471226392709,5.3497,0.3,0.0561,0.0083,0.9444
2026-07-21,short_above,7295.0,2026-08-21,31,66.4,66.8,66.6,0.170786830334838,7.5128,0.4,0.0532,0.006,0.9744
2026-07-21,short_below,7280.0,2026-08-21,31,63.6,64.0,63.8,0.17291703566259,7.3639,0.4,0.0543,0.0063,0.9724
2026-07-21,wing_above,7090.0,2026-08-21,31,38.0,38.4,38.2,0.199681833318154,5.5274,0.4,0.0724,0.0105,0.947
2026-07-21,wing_below,7085.0,2026-08-21,31,37.5,37.9,37.7,0.200858224759606,5.4849,0.4,0.0729,0.0106,0.9464
2026-07-21,short_above,7225.0,2026-08-21,31,54.7,55.0,54.85,0.180706511385118,6.8243,0.3,0.044,0.0055,0.9651
2026-07-21,short_below,7220.0,2026-08-21,31,53.8,54.2,54.0,0.181413170682897,6.7749,0.4,0.059,0.0074,0.9644
2026-07-21,wing_above,7020.0,2026-08-21,31,31.7,32.0,31.85,0.20942779890725,4.9129,0.3,0.0611,0.0094,0.9377
2026-07-21,wing_below,7010.0,2026-08-21,31,30.9,31.2,31.05,0.210817656649101,4.8294,0.3,0.0621,0.0097,0.9364
2026-07-21,short_below,7275.0,2026-08-21,31,62.7,63.1,62.9,0.1738687456182,7.3203,0.4,0.0546,0.0064,0.9718
2026-07-21,wing_above,6985.0,2026-08-21,31,29.1,29.4,29.25,0.215877609682586,4.6257,0.3,0.0649,0.0103,0.933
2026-07-21,wing_below,6980.0,2026-08-21,31,28.7,29.0,28.85,0.214857248530951,4.5859,0.3,0.0654,0.0104,0.9323
2026-07-21,short_above,7330.0,2026-08-21,31,73.5,73.9,73.7,0.165675514009994,7.8333,0.4,0.0511,0.0054,0.979
2026-07-21,short_below,7325.0,2026-08-21,31,72.2,72.6,72.4,0.166385551989845,7.788,0.4,0.0514,0.0055,0.9784
2026-07-21,wing_above,7065.0,2026-08-21,31,35.6,35.8,35.7,0.202997800963744,5.3021,0.2,0.0377,0.0056,0.9436
2026-07-21,wing_below,7060.0,2026-08-21,31,35.1,35.3,35.2,0.203695133194887,5.2578,0.2,0.038,0.0057,0.943
2026-07-21,short_above,7320.0,2026-08-28,38,83.3,83.8,83.55,0.168169119489311,8.6901,0.5,0.0575,0.006,0.9777
2026-07-21,short_below,7310.0,2026-08-28,38,81.2,81.7,81.45,0.172866485574158,8.7983,0.5,0.0568,0.0061,0.9764
2026-07-21,wing_above,7050.0,2026-08-28,38,43.5,43.8,43.65,0.203491668245102,6.1389,0.3,0.0489,0.0069,0.9416
2026-07-21,short_above,7290.0,2026-08-28,38,77.2,77.7,77.45,0.172083678973556,8.417,0.5,0.0594,0.0065,0.9737
2026-07-21,short_below,7280.0,2026-08-28,38,75.4,75.9,75.65,0.173412066379293,8.3253,0.5,0.0601,0.0066,0.9724
2026-07-21,wing_above,7000.0,2026-08-28,38,38.8,39.2,39.0,0.211460914324541,5.6982,0.4,0.0702,0.0103,0.935
2026-07-21,wing_below,6990.0,2026-08-28,38,38.0,38.4,38.2,0.211287271087018,5.6037,0.4,0.0714,0.0105,0.9336
2026-07-21,short_above,7320.0,2026-08-28,38,83.3,83.8,83.55,0.168169119489311,8.6901,0.5,0.0575,0.006,0.9777
2026-07-21,short_below,7310.0,2026-08-28,38,81.2,81.7,81.45,0.172866485574158,8.7983,0.5,0.0568,0.0061,0.9764
2026-07-21,wing_above,7050.0,2026-08-28,38,43.5,43.8,43.65,0.205117632017452,6.1389,0.3,0.0489,0.0069,0.9416
2026-07-21,wing_below,7025.0,2026-08-28,38,41.1,41.4,41.25,0.210389311132733,6.2069,0.3,0.0483,0.0073,0.9383
2026-07-21,short_above,7310.0,2026-08-28,38,81.3,81.8,81.55,0.169296577558538,8.5845,0.5,0.0582,0.0061,0.9764
2026-07-21,short_below,7300.0,2026-08-28,38,79.5,79.9,79.7,0.170752167277693,8.494,0.4,0.0471,0.005,0.975
2026-07-21,wing_below,7025.0,2026-08-28,38,41.2,41.6,41.4,0.208144970109257,5.9011,0.4,0.0678,0.0097,0.9383
2026-07-21,short_above,7220.0,2026-08-28,38,65.2,65.7,65.45,0.181321556325283,7.7358,0.5,0.0646,0.0076,0.9643
2026-07-21,short_below,7210.0,2026-08-28,38,63.7,64.1,63.9,0.182631505797823,7.6384,0.4,0.0524,0.0063,0.963
2026-07-21,wing_above,6925.0,2026-08-28,38,33.2,33.5,33.35,0.219737180315804,5.0721,0.3,0.0591,0.009,0.9249
2026-07-21,wing_below,6900.0,2026-08-28,38,31.5,31.8,31.65,0.223000600292925,4.8807,0.3,0.0615,0.0095,0.9216
2026-07-21,short_above,7225.0,2026-08-31,41,68.9,69.2,69.05,0.177257506922325,8.1309,0.3,0.0369,0.0043,0.965
2026-07-21,short_below,7220.0,2026-08-31,41,68.2,68.8,68.5,0.177877034289489,8.0815,0.6,0.0742,0.0088,0.9643
2026-07-21,wing_above,6920.0,2026-08-31,41,34.8,35.3,35.05,0.215721087232098,5.3199,0.5,0.094,0.0143,0.9243
2026-07-21,wing_below,6915.0,2026-08-31,41,34.6,34.9,34.75,0.216365451894904,5.2806,0.3,0.0568,0.0086,0.9236
2026-07-21,short_above,7125.0,2026-08-07,17,23.0,23.2,23.1,0.204688434521062,3.6706,0.2,0.0545,0.0087,0.9533
2026-07-21,short_below,7100.0,2026-08-07,17,21.0,21.2,21.1,0.208783699229084,3.4566,0.2,0.0579,0.0095,0.95
2026-07-21,wing_above,6925.0,2026-08-07,17,11.7,11.9,11.8,0.238670694732429,2.2513,0.2,0.0888,0.0169,0.9265
2026-07-21,wing_below,6900.0,2026-08-07,17,10.8,11.0,10.9,0.243109187327801,2.1283,0.2,0.094,0.0183,0.9232
2026-07-21,short_above,7275.0,2026-08-21,31,65.9,66.4,66.15,0.174100356507626,7.4319,0.5,0.0673,0.0076,0.9734
2026-07-21,short_below,7270.0,2026-08-21,31,64.9,65.4,65.15,0.174806442658276,7.3843,0.5,0.0677,0.0077,0.9727
2026-07-21,wing_above,7075.0,2026-08-21,31,38.4,38.7,38.55,0.202153791790728,5.526,0.3,0.0543,0.0078,0.9466
2026-07-21,wing_below,7070.0,2026-08-21,31,38.0,38.4,38.2,0.202849776983486,5.4808,0.4,0.073,0.0105,0.9459
2026-07-21,short_above,7295.0,2026-08-21,31,69.8,70.3,70.05,0.171274348489303,7.6194,0.5,0.0656,0.0071,0.976
2026-07-21,short_below,7280.0,2026-08-21,31,66.7,67.2,66.95,0.173394087915665,7.4791,0.5,0.0669,0.0075,0.974
2026-07-21,wing_above,7090.0,2026-08-21,31,39.7,40.1,39.9,0.200064250355789,5.6392,0.4,0.0709,0.01,0.9486
2026-07-21,wing_below,7085.0,2026-08-21,31,39.1,39.5,39.3,0.200640095096727,5.5934,0.4,0.0715,0.0102,0.9476
2026-07-21,short_above,7225.0,2026-08-21,31,57.1,57.5,57.3,0.180988696859733,6.9482,0.4,0.0576,0.007,0.9664
2026-07-21,short_below,7220.0,2026-08-21,31,56.4,56.8,56.6,0.181694111789056,6.8994,0.4,0.058,0.0071,0.9657
2026-07-21,wing_above,7020.0,2026-08-21,31,33.2,33.6,33.4,0.209680653167196,5.0201,0.4,0.0797,0.012,0.9389
2026-07-21,wing_below,7010.0,2026-08-21,31,32.5,32.9,32.7,0.211069270848298,4.9358,0.4,0.081,0.0122,0.9376
2026-07-21,short_above,7280.0,2026-08-21,31,66.6,67.2,66.9,0.172428115563396,7.4791,0.6,0.0802,0.009,0.9737
2026-07-21,short_below,7275.0,2026-08-21,31,65.7,66.2,65.95,0.1738687456182,7.4319,0.5,0.0673,0.0076,0.973
2026-07-21,wing_above,6985.0,2026-08-21,31,30.4,30.8,30.6,0.2145415403374,4.7297,0.4,0.0846,0.0131,0.9343
2026-07-21,wing_below,6980.0,2026-08-21,31,30.0,30.4,30.2,0.215236379979814,4.6894,0.4,0.0853,0.0132,0.9336
2026-07-21,short_below,7325.0,2026-08-21,31,75.7,76.1,75.9,0.166872389317431,7.8706,0.4,0.0508,0.0053,0.9797
2026-07-21,wing_above,7065.0,2026-08-21,31,37.4,37.8,37.6,0.203426076268625,5.4126,0.4,0.0739,0.0106,0.945
2026-07-21,wing_below,7060.0,2026-08-21,31,36.9,37.3,37.1,0.202839279587076,5.368,0.4,0.0745,0.0108,0.9443
2026-07-21,short_above,7320.0,2026-08-28,38,87.0,87.6,87.3,0.168381315203208,8.7729,0.6,0.0684,0.0069,0.9791
2026-07-21,short_below,7310.0,2026-08-28,38,84.7,85.2,84.95,0.169296577558538,8.5845,0.5,0.0582,0.0059,0.9777
2026-07-21,wing_above,7050.0,2026-08-28,38,45.3,45.6,45.45,0.203633273665104,6.2459,0.3,0.048,0.0066,0.943
2026-07-21,short_above,7290.0,2026-08-28,38,80.7,81.3,81.0,0.172329264087252,8.5108,0.6,0.0705,0.0074,0.9751
2026-07-21,short_below,7280.0,2026-08-28,38,78.8,79.4,79.1,0.173640336283043,8.4107,0.6,0.0713,0.0076,0.9737
2026-07-21,wing_above,7000.0,2026-08-28,38,40.6,40.9,40.75,0.210124357163234,5.8092,0.3,0.0516,0.0074,0.9363
2026-07-21,wing_below,6990.0,2026-08-28,38,39.7,40.2,39.95,0.211422196638261,5.7248,0.5,0.0873,0.0125,0.9349
2026-07-21,short_above,7320.0,2026-08-28,38,87.3,87.9,87.6,0.168169119489311,8.7729,0.6,0.0684,0.0068,0.9791
2026-07-21,short_below,7310.0,2026-08-28,38,85.3,86.0,85.65,0.169296577558538,8.6776,0.7,0.0807,0.0082,0.9777
2026-07-21,wing_above,7050.0,2026-08-28,38,45.7,46.0,45.85,0.202855633779675,6.2459,0.3,0.048,0.0065,0.943
2026-07-21,short_below,7300.0,2026-08-28,38,83.5,84.0,83.75,0.1710158711318,8.6144,0.5,0.058,0.006,0.9764
2026-07-21,wing_above,7050.0,2026-08-28,38,45.9,46.2,46.05,0.202855633779675,6.2508,0.3,0.048,0.0065,0.943
2026-07-21,wing_below,7025.0,2026-08-28,38,43.3,43.6,43.45,0.208144970109257,5.9011,0.3,0.0508,0.0069,0.9396
2026-07-21,short_above,7220.0,2026-08-28,38,68.5,69.0,68.75,0.181475013358086,7.8781,0.5,0.0635,0.0073,0.9657
2026-07-21,short_below,7210.0,2026-08-28,38,67.1,67.6,67.35,0.182778439372385,7.7893,0.5,0.0642,0.0074,0.9644
2026-07-21,wing_above,6925.0,2026-08-28,38,35.0,35.3,35.15,0.21988119708596,5.1899,0.3,0.0578,0.0085,0.9262
2026-07-21,wing_below,6900.0,2026-08-28,38,33.1,33.4,33.25,0.223107716090834,4.9962,0.3,0.06,0.009,0.9233
2026-07-21,short_above,7225.0,2026-08-31,41,72.2,72.7,72.45,0.177786513352327,8.2753,0.5,0.0604,0.0069,0.9668
2026-07-21,short_below,7220.0,2026-08-31,41,71.7,72.2,71.95,0.178402449386117,8.2267,0.5,0.0608,0.0069,0.9662
2026-07-21,wing_above,6920.0,2026-08-31,41,36.4,36.8,36.6,0.21564122332245,5.4391,0.4,0.0735,0.0109,0.926
2026-07-21,wing_below,6915.0,2026-08-31,41,36.0,36.4,36.2,0.216521000234521,5.3994,0.4,0.0741,0.011,0.9253
2026-07-21,short_above,7125.0,2026-08-07,17,23.2,23.4,23.3,0.204615590479325,3.7022,0.2,0.054,0.0086,0.9537
2026-07-21,short_below,7100.0,2026-08-07,17,21.1,21.2,21.15,0.208654354212671,3.4864,0.1,0.0287,0.0047,0.9504
2026-07-21,wing_above,6925.0,2026-08-07,17,11.7,12.0,11.85,0.238213058898709,2.2626,0.3,0.1326,0.0253,0.9269
2026-07-21,wing_below,6900.0,2026-08-07,17,10.9,11.1,11.0,0.244187284579435,2.1443,0.2,0.0933,0.0182,0.9236
2026-07-21,short_above,7275.0,2026-08-21,31,66.5,66.8,66.65,0.1738687456182,7.4731,0.3,0.0401,0.0045,0.9738
2026-07-21,short_below,7270.0,2026-08-21,31,65.4,65.8,65.6,0.174846967464576,7.426,0.4,0.0539,0.0061,0.9731
2026-07-21,wing_above,7075.0,2026-08-21,31,38.6,38.9,38.75,0.202108316330553,5.5637,0.3,0.0539,0.0077,0.947
2026-07-21,wing_below,7070.0,2026-08-21,31,38.2,38.5,38.35,0.202798158956393,5.5184,0.3,0.0544,0.0078,0.9463
2026-07-21,short_above,7295.0,2026-08-21,31,70.3,70.6,70.45,0.171290262937838,7.6587,0.3,0.0392,0.0043,0.9765
2026-07-21,short_below,7280.0,2026-08-21,31,67.4,67.8,67.6,0.173425065678458,7.52,0.4,0.0532,0.0059,0.9745
2026-07-21,wing_above,7090.0,2026-08-21,31,40.0,40.4,40.2,0.200038259205219,5.6714,0.4,0.0705,0.01,0.949
2026-07-21,wing_below,7085.0,2026-08-21,31,39.4,39.8,39.6,0.2007789389159,5.655,0.4,0.0707,0.0101,0.9484
2026-07-21,short_above,7225.0,2026-08-21,31,57.7,58.0,57.85,0.181224757041347,6.9937,0.3,0.0429,0.0052,0.9671
2026-07-21,short_below,7220.0,2026-08-21,31,56.8,57.1,56.95,0.18193053259933,6.9451,0.3,0.0432,0.0053,0.9664
2026-07-21,wing_above,7020.0,2026-08-21,31,33.3,33.6,33.45,0.209698450842807,5.0489,0.3,0.0594,0.009,0.9396
2026-07-21,wing_below,7010.0,2026-08-21,31,32.5,32.8,32.65,0.211079883494298,4.9641,0.3,0.0604,0.0092,0.9383
2026-07-21,short_above,7280.0,2026-08-21,31,67.1,67.4,67.25,0.174229206585666,7.52,0.3,0.0399,0.0045,0.9745
2026-07-21,wing_above,6985.0,2026-08-21,31,30.4,30.7,30.55,0.214536700680428,4.7569,0.3,0.0631,0.0098,0.935
2026-07-21,wing_below,6980.0,2026-08-21,31,30.0,30.3,30.15,0.215228695310776,4.7163,0.3,0.0636,0.01,0.9343
2026-07-21,short_above,7330.0,2026-08-21,31,77.1,77.5,77.3,0.166304144817301,7.9403,0.4,0.0504,0.0052,0.9811
2026-07-21,short_below,7325.0,2026-08-21,31,75.9,76.3,76.1,0.167016546663721,7.8971,0.4,0.0507,0.0053,0.9805
2026-07-21,wing_below,7060.0,2026-08-21,31,36.3,36.6,36.45,0.205020739355771,5.3987,0.3,0.0556,0.0082,0.945
2026-07-21,short_above,7320.0,2026-08-28,38,86.6,87.2,86.9,0.168414287088307,8.7641,0.6,0.0685,0.0069,0.9798
2026-07-21,short_below,7310.0,2026-08-28,38,84.4,84.9,84.65,0.169699938388387,8.6776,0.5,0.0576,0.0059,0.9785
2026-07-21,wing_above,7050.0,2026-08-28,38,44.9,45.3,45.1,0.203694985629836,6.2767,0.4,0.0637,0.0089,0.9437
2026-07-21,short_above,7290.0,2026-08-28,38,80.2,80.7,80.45,0.17180095944133,8.4973,0.5,0.0588,0.0062,0.9751
2026-07-21,short_below,7280.0,2026-08-28,38,78.2,78.7,78.45,0.173111859958313,8.4373,0.5,0.0593,0.0064,0.9737
2026-07-21,wing_above,7000.0,2026-08-28,38,40.1,40.4,40.25,0.209258492256241,5.8355,0.3,0.0514,0.0075,0.9363
2026-07-21,wing_below,6990.0,2026-08-28,38,39.2,39.6,39.4,0.210541461769527,5.6894,0.4,0.0703,0.0102,0.935
2026-07-21,short_above,7320.0,2026-08-28,38,86.6,87.2,86.9,0.168169119489311,8.7641,0.6,0.0685,0.0069,0.9791
2026-07-21,wing_above,7050.0,2026-08-28,38,44.9,45.4,45.15,0.202855633779675,6.2767,0.5,0.0797,0.0111,0.943
2026-07-21,wing_below,7025.0,2026-08-28,38,42.4,42.8,42.6,0.206042496943447,6.0274,0.4,0.0664,0.0094,0.9396
2026-07-21,short_below,7300.0,2026-08-28,38,82.3,82.7,82.5,0.170487748287516,8.616,0.4,0.0464,0.0048,0.9764
2026-07-21,wing_above,7050.0,2026-08-28,38,44.9,45.3,45.1,0.202855633779675,6.224,0.4,0.0643,0.0089,0.943
2026-07-21,wing_below,7025.0,2026-08-28,38,42.4,42.7,42.55,0.206042496943447,5.9988,0.3,0.05,0.0071,0.9396
2026-07-21,short_above,7220.0,2026-08-28,38,67.3,67.8,67.55,0.180936086889629,7.8429,0.5,0.0638,0.0074,0.9657
2026-07-21,short_below,7210.0,2026-08-28,38,65.6,66.1,65.85,0.182234655964859,7.7457,0.5,0.0646,0.0076,0.9644
2026-07-21,wing_above,6925.0,2026-08-28,38,33.9,34.2,34.05,0.218928871405913,5.1566,0.3,0.0582,0.0088,0.9263
2026-07-21,wing_below,6900.0,2026-08-28,38,32.2,32.6,32.4,0.222186239925531,4.9623,0.4,0.0806,0.0123,0.9229
2026-07-21,short_above,7225.0,2026-08-31,41,71.2,71.8,71.5,0.177189891556037,8.2438,0.6,0.0728,0.0084,0.9664
2026-07-21,short_below,7220.0,2026-08-31,41,70.3,70.8,70.55,0.17781962253303,8.1953,0.5,0.061,0.0071,0.9657
2026-07-21,wing_above,6920.0,2026-08-31,41,35.4,35.9,35.65,0.215169032205191,5.4133,0.5,0.0924,0.014,0.9256
2026-07-21,wing_below,6915.0,2026-08-31,41,35.2,35.5,35.35,0.215800605973129,5.373,0.3,0.0558,0.0085,0.9249
2026-07-21,short_above,7125.0,2026-08-07,17,26.2,26.5,26.35,0.205786036489188,3.9063,0.3,0.0768,0.0114,0.9562
2026-07-21,short_below,7100.0,2026-08-07,17,23.9,24.2,24.05,0.209813387535554,3.6854,0.3,0.0814,0.0125,0.9528
2026-07-21,wing_above,6925.0,2026-08-07,17,13.1,13.3,13.2,0.238780057430975,2.4064,0.2,0.0831,0.0152,0.9293
2026-07-21,wing_below,6900.0,2026-08-07,17,12.1,12.4,12.25,0.24308787000744,2.274,0.3,0.1319,0.0245,0.926
2026-07-21,short_above,7275.0,2026-08-21,31,73.1,73.5,73.3,0.175469610248981,7.6399,0.4,0.0524,0.0055,0.9763
2026-07-21,short_below,7270.0,2026-08-21,31,72.0,72.4,72.2,0.175747136278363,7.595,0.4,0.0527,0.0055,0.9756
2026-07-21,wing_above,7075.0,2026-08-21,31,42.5,42.7,42.6,0.203238693634405,5.767,0.2,0.0347,0.0047,0.9495
2026-07-21,wing_below,7070.0,2026-08-21,31,41.8,42.1,41.95,0.201564889730677,5.7212,0.3,0.0524,0.0072,0.9488
2026-07-21,short_above,7295.0,2026-08-21,31,76.8,77.2,77.0,0.172272835081943,7.8157,0.4,0.0512,0.0052,0.9787
2026-07-21,short_below,7280.0,2026-08-21,31,73.7,74.0,73.85,0.174411409149553,7.6845,0.3,0.039,0.0041,0.9767
2026-07-21,wing_above,7090.0,2026-08-21,31,43.9,44.3,44.1,0.200874854455466,5.9052,0.4,0.0677,0.0091,0.9512
2026-07-21,wing_below,7085.0,2026-08-21,31,43.2,43.6,43.4,0.201557212212496,5.859,0.4,0.0683,0.0092,0.9505
2026-07-21,short_above,7225.0,2026-08-21,31,63.1,63.4,63.25,0.18219323776032,7.1788,0.3,0.0418,0.0047,0.9693
2026-07-21,short_below,7220.0,2026-08-21,31,62.2,62.6,62.4,0.182895605755815,7.1315,0.4,0.0561,0.0064,0.9687
2026-07-21,wing_above,7020.0,2026-08-21,31,36.4,36.7,36.55,0.210396337052299,5.2556,0.3,0.0571,0.0082,0.9418
2026-07-21,wing_below,7010.0,2026-08-21,31,35.4,35.8,35.6,0.211753815128263,5.169,0.4,0.0774,0.0112,0.9405
2026-07-21,short_below,7275.0,2026-08-21,31,71.8,72.1,71.95,0.175848344062684,7.6399,0.3,0.0393,0.0042,0.976
2026-07-21,wing_above,6985.0,2026-08-21,31,33.1,33.4,33.25,0.21514904926823,4.9567,0.3,0.0605,0.009,0.9371
2026-07-21,wing_below,6980.0,2026-08-21,31,32.7,33.0,32.85,0.215828657374741,4.915,0.3,0.061,0.0091,0.9365
2026-07-21,short_above,7330.0,2026-08-21,31,83.6,84.0,83.8,0.167263571526482,8.0851,0.4,0.0495,0.0048,0.9834
2026-07-21,short_below,7325.0,2026-08-21,31,82.5,82.8,82.65,0.167980385807785,8.0451,0.3,0.0373,0.0036,0.9827
2026-07-21,wing_above,7065.0,2026-08-21,31,40.6,40.9,40.75,0.204282178842569,5.6569,0.3,0.053,0.0074,0.9479
2026-07-21,wing_below,7060.0,2026-08-21,31,40.2,40.5,40.35,0.204962462838681,5.6115,0.3,0.0535,0.0074,0.9472
2026-07-21,short_above,7320.0,2026-08-28,38,94.1,94.5,94.3,0.16911247719373,8.9434,0.4,0.0447,0.0042,0.9821
2026-07-21,short_below,7310.0,2026-08-28,38,91.7,92.2,91.95,0.169172166015582,8.7031,0.5,0.0575,0.0054,0.9807
2026-07-21,wing_above,7050.0,2026-08-28,38,49.1,49.5,49.3,0.204524060219638,6.4894,0.4,0.0616,0.0081,0.9458
2026-07-21,wing_below,7025.0,2026-08-28,38,46.2,46.6,46.4,0.206042496943447,5.9988,0.4,0.0667,0.0086,0.9425
2026-07-21,short_above,7290.0,2026-08-28,38,87.2,87.7,87.45,0.173042828095053,8.6805,0.5,0.0576,0.0057,0.978
2026-07-21,short_below,7280.0,2026-08-28,38,85.1,85.5,85.3,0.174356681364207,8.5969,0.4,0.0465,0.0047,0.9767
2026-07-21,wing_above,7000.0,2026-08-28,38,43.8,44.1,43.95,0.210931103857825,6.0423,0.3,0.0497,0.0068,0.9391
2026-07-21,wing_below,6990.0,2026-08-28,38,42.7,43.1,42.9,0.212210396722923,5.9347,0.4,0.0674,0.0093,0.9378
2026-07-21,short_below,7310.0,2026-08-28,38,91.7,92.2,91.95,0.169296577558538,8.8479,0.5,0.0565,0.0054,0.9807
2026-07-21,wing_above,7050.0,2026-08-28,38,49.0,49.4,49.2,0.202855633779675,6.4894,0.4,0.0616,0.0081,0.9458
2026-07-21,short_above,7310.0,2026-08-28,38,91.7,92.1,91.9,0.169296577558538,8.8479,0.4,0.0452,0.0044,0.9807
2026-07-21,short_below,7300.0,2026-08-28,38,89.4,89.8,89.6,0.171731006402609,8.766,0.4,0.0456,0.0045,0.9794
2026-07-21,wing_above,7050.0,2026-08-28,38,49.0,49.3,49.15,0.202855633779675,6.4658,0.3,0.0464,0.0061,0.9458
2026-07-21,short_above,7220.0,2026-08-28,38,73.3,73.8,73.55,0.182280962802348,8.0583,0.5,0.062,0.0068,0.9687
2026-07-21,short_below,7210.0,2026-08-28,38,71.6,72.0,71.8,0.183554235271856,7.9635,0.4,0.0502,0.0056,0.9673
2026-07-21,wing_above,6925.0,2026-08-28,38,37.0,37.4,37.2,0.220127542169149,5.387,0.4,0.0743,0.0108,0.9287
2026-07-21,wing_below,6900.0,2026-08-28,38,35.1,35.4,35.25,0.223355209083954,5.1881,0.3,0.0578,0.0085,0.9253
2026-07-21,short_above,7225.0,2026-08-31,41,77.1,77.6,77.35,0.178347798974487,8.4465,0.5,0.0592,0.0065,0.9689
2026-07-21,short_below,7220.0,2026-08-31,41,76.2,76.6,76.4,0.178970881598957,8.3996,0.4,0.0476,0.0052,0.9682
2026-07-21,wing_above,6920.0,2026-08-31,41,38.7,39.0,38.85,0.216343179975822,5.6413,0.3,0.0532,0.0077,0.928
2026-07-21,wing_below,6915.0,2026-08-31,41,38.4,38.8,38.6,0.216987311779178,5.6005,0.4,0.0714,0.0104,0.9273
2026-07-21,short_above,7125.0,2026-08-07,17,27.7,28.1,27.9,0.206525975824226,4.0064,0.4,0.0998,0.0143,0.9569
2026-07-21,short_below,7100.0,2026-08-07,17,25.5,25.7,25.6,0.210484403315557,3.7827,0.2,0.0529,0.0078,0.9535
2026-07-21,wing_below,6900.0,2026-08-07,17,13.0,13.2,13.1,0.244089840376558,2.3473,0.2,0.0852,0.0153,0.9266
2026-07-21,short_above,7320.0,2026-08-28,38,98.5,99.2,98.85,0.169772666754449,9.008,0.7,0.0777,0.0071,0.9835
2026-07-21,short_below,7310.0,2026-08-28,38,96.4,97.0,96.7,0.169296577558538,8.8479,0.6,0.0678,0.0062,0.9822
2026-07-21,wing_above,7050.0,2026-08-28,38,51.7,52.1,51.9,0.204863712980675,6.5953,0.4,0.0606,0.0077,0.9473
2026-07-21,wing_below,7025.0,2026-08-28,38,48.9,49.2,49.05,0.207730996551831,6.2403,0.3,0.0481,0.0061,0.9439
2026-07-21,short_below,7300.0,2026-08-28,38,93.8,94.3,94.05,0.172451893962672,8.8545,0.5,0.0565,0.0053,0.9808
2026-07-21,wing_below,7025.0,2026-08-28,38,48.7,49.1,48.9,0.20804147830873,6.3769,0.4,0.0627,0.0082,0.9439
2026-07-21,short_above,7220.0,2026-08-28,38,76.8,77.5,77.15,0.183034514751119,8.1702,0.7,0.0857,0.0091,0.9701
2026-07-21,short_below,7210.0,2026-08-28,38,75.2,75.7,75.45,0.184340576094431,8.0928,0.5,0.0618,0.0066,0.9687
2026-07-21,wing_above,6925.0,2026-08-28,38,38.9,39.3,39.1,0.220825463482396,5.517,0.4,0.0725,0.0102,0.9305
2026-07-21,wing_below,6900.0,2026-08-28,38,36.8,37.2,37.0,0.224054572094878,5.316,0.4,0.0752,0.0108,0.9271
2026-07-21,short_above,7225.0,2026-08-31,41,80.5,81.0,80.75,0.179224047839934,8.5792,0.5,0.0583,0.0062,0.9708
2026-07-21,short_below,7220.0,2026-08-31,41,79.6,80.7,80.15,0.179857112124993,8.5337,1.1,0.1289,0.0137,0.9701
2026-07-21,wing_above,6920.0,2026-08-31,41,40.6,41.1,40.85,0.217077256818138,5.7818,0.5,0.0865,0.0122,0.9298
2026-07-21,wing_below,6915.0,2026-08-31,41,40.3,40.7,40.5,0.217727520507462,5.7409,0.4,0.0697,0.0099,0.9291
2026-07-21,short_above,7125.0,2026-08-07,17,28.6,29.0,28.8,0.208262638935953,4.0288,0.4,0.0993,0.0139,0.9573
2026-07-21,short_below,7100.0,2026-08-07,17,26.1,26.4,26.25,0.212308645431995,3.8079,0.3,0.0788,0.0114,0.954
2026-07-21,wing_above,6925.0,2026-08-07,17,14.4,14.7,14.55,0.241210561425851,2.522,0.3,0.119,0.0206,0.9305
2026-07-21,wing_below,6900.0,2026-08-07,17,13.3,13.6,13.45,0.244182561774529,2.3734,0.3,0.1264,0.0223,0.9271
2026-07-21,short_above,7275.0,2026-08-21,31,76.8,77.3,77.05,0.173761172182538,7.6669,0.5,0.0652,0.0065,0.9775
2026-07-21,short_below,7270.0,2026-08-21,31,75.6,76.2,75.9,0.177138711236087,7.6227,0.6,0.0787,0.0079,0.9768
2026-07-21,wing_above,7075.0,2026-08-21,31,45.0,45.5,45.25,0.204480501715726,5.809,0.5,0.0861,0.011,0.9506
2026-07-21,wing_below,7070.0,2026-08-21,31,44.4,44.9,44.65,0.205393848260252,5.7636,0.5,0.0868,0.0112,0.95
2026-07-21,short_above,7295.0,2026-08-21,31,81.2,81.7,81.45,0.173662630635272,7.8397,0.5,0.0638,0.0061,0.9802
2026-07-21,short_below,7280.0,2026-08-21,31,78.0,78.6,78.3,0.17583027082606,7.7107,0.6,0.0778,0.0077,0.9782
2026-07-21,wing_above,7090.0,2026-08-21,31,46.9,47.4,47.15,0.202644488638138,5.9462,0.5,0.0841,0.0106,0.9527
2026-07-21,short_above,7225.0,2026-08-21,31,67.2,67.6,67.4,0.183723450117683,7.2123,0.4,0.0555,0.0059,0.9708
2026-07-21,short_below,7220.0,2026-08-21,31,66.1,66.7,66.4,0.184436143210441,7.1656,0.6,0.0837,0.009,0.9701
2026-07-21,wing_above,7020.0,2026-08-21,31,39.1,39.6,39.35,0.210923513807093,5.3365,0.5,0.0937,0.0127,0.9433
2026-07-21,wing_below,7010.0,2026-08-21,31,38.1,38.6,38.35,0.213589042350855,5.2501,0.5,0.0952,0.013,0.9419
2026-07-21,short_below,7275.0,2026-08-21,31,77.0,77.5,77.25,0.175848344062684,7.6669,0.5,0.0652,0.0065,0.9775
2026-07-21,wing_above,6985.0,2026-08-21,31,35.8,36.3,36.05,0.216991492321649,5.0381,0.5,0.0992,0.0139,0.9386
2026-07-21,wing_below,6980.0,2026-08-21,31,35.4,35.8,35.6,0.216895916748035,4.9965,0.4,0.0801,0.0112,0.9379
2026-07-21,short_above,7330.0,2026-08-21,31,89.5,90.1,89.8,0.168587094927248,8.1332,0.6,0.0738,0.0067,0.9849
2026-07-21,short_below,7325.0,2026-08-21,31,88.5,88.9,88.7,0.169313331694193,8.0948,0.4,0.0494,0.0045,0.9843
2026-07-21,wing_above,7065.0,2026-08-21,31,43.8,44.3,44.05,0.206079495026363,5.7357,0.5,0.0872,0.0114,0.9493
2026-07-21,wing_below,7060.0,2026-08-21,31,43.2,43.7,43.45,0.201760864562109,5.6906,0.5,0.0879,0.0115,0.9486
2026-07-21,short_above,7320.0,2026-08-28,38,99.5,100.1,99.8,0.170541339186185,8.9737,0.6,0.0669,0.006,0.9836
2026-07-21,wing_above,7050.0,2026-08-28,38,52.4,52.7,52.55,0.205821318071594,6.554,0.3,0.0458,0.0057,0.9473
2026-07-21,short_above,7290.0,2026-08-28,38,92.4,93.1,92.75,0.174573765275061,8.7335,0.7,0.0802,0.0075,0.9795
2026-07-21,wing_above,7000.0,2026-08-28,38,46.7,47.1,46.9,0.21226638155592,6.1086,0.4,0.0655,0.0085,0.9407
2026-07-21,wing_below,6990.0,2026-08-28,38,45.5,46.1,45.8,0.213550152600414,6.0198,0.6,0.0997,0.0131,0.9393
2026-07-21,short_below,7310.0,2026-08-28,38,97.0,97.7,97.35,0.171079698063872,8.9324,0.7,0.0784,0.0072,0.9823
2026-07-21,wing_below,7025.0,2026-08-28,38,49.4,49.7,49.55,0.208268066432811,6.3769,0.3,0.047,0.0061,0.944
2026-07-21,short_above,7310.0,2026-08-28,38,96.9,97.6,97.25,0.171079698063872,8.897,0.7,0.0787,0.0072,0.9823
2026-07-21,short_below,7300.0,2026-08-28,38,94.8,95.3,95.05,0.173198726996371,8.8181,0.5,0.0567,0.0053,0.981
2026-07-21,wing_above,7050.0,2026-08-28,38,52.3,52.7,52.5,0.205847551227193,6.554,0.4,0.061,0.0076,0.9474
2026-07-21,wing_below,7025.0,2026-08-28,38,49.4,49.8,49.6,0.208268066432811,6.3292,0.4,0.0632,0.0081,0.944
2026-07-21,short_above,7220.0,2026-08-28,38,77.8,78.5,78.15,0.183822284031655,8.129,0.7,0.0861,0.009,0.9702
2026-07-21,short_below,7210.0,2026-08-28,38,75.9,76.6,76.25,0.185134419558687,8.036,0.7,0.0871,0.0092,0.9689
2026-07-21,wing_above,6925.0,2026-08-28,38,39.6,40.0,39.8,0.220164153489501,5.4739,0.4,0.0731,0.0101,0.9306
2026-07-21,wing_below,6900.0,2026-08-28,38,37.6,37.9,37.75,0.225150796637776,5.2747,0.3,0.0569,0.0079,0.9272
2026-07-21,short_above,7225.0,2026-08-31,41,81.5,82.2,81.85,0.179781741454288,8.4814,0.7,0.0825,0.0086,0.9709
2026-07-21,short_below,7220.0,2026-08-31,41,80.4,81.1,80.75,0.180408683156333,8.4351,0.7,0.083,0.0087,0.9702
2026-07-21,wing_above,6920.0,2026-08-31,41,40.9,41.5,41.2,0.218300921855651,5.6991,0.6,0.1053,0.0146,0.9299
2026-07-21,wing_below,6915.0,2026-08-31,41,40.5,41.0,40.75,0.218939333850977,5.6584,0.5,0.0884,0.0123,0.9293
2026-07-21,short_above,7125.0,2026-08-07,17,20.5,20.7,20.6,0.203687460458381,3.4498,0.2,0.058,0.0097,0.9527
2026-07-21,short_below,7100.0,2026-08-07,17,18.7,18.9,18.8,0.207698958295218,3.236,0.2,0.0618,0.0106,0.9494
2026-07-21,wing_above,6925.0,2026-08-07,17,10.1,10.4,10.25,0.237413668717683,2.0612,0.3,0.1455,0.0293,0.926
2026-07-21,wing_below,6900.0,2026-08-07,17,9.4,9.6,9.5,0.241882982309728,1.9357,0.2,0.1033,0.0211,0.9226
2026-07-21,short_above,7275.0,2026-08-21,31,62.4,62.7,62.55,0.173434215071768,7.279,0.3,0.0412,0.0048,0.9727
2026-07-21,short_below,7270.0,2026-08-21,31,61.0,61.4,61.2,0.174125594634535,7.2306,0.4,0.0553,0.0065,0.9721
2026-07-21,wing_above,7075.0,2026-08-21,31,35.1,35.5,35.3,0.200920728269268,5.3392,0.4,0.0749,0.0113,0.946
2026-07-21,wing_below,7070.0,2026-08-21,31,34.8,35.1,34.95,0.201606890819161,5.2181,0.3,0.0575,0.0086,0.9453
2026-07-21,short_above,7295.0,2026-08-21,31,65.8,66.2,66.0,0.170662656732243,7.4049,0.4,0.054,0.0061,0.9754
2026-07-21,short_below,7280.0,2026-08-21,31,63.0,63.4,63.2,0.172742275370257,7.26,0.4,0.0551,0.0063,0.9734
2026-07-21,wing_above,7090.0,2026-08-21,31,36.8,37.2,37.0,0.198862966471867,5.4008,0.4,0.0741,0.0108,0.948
2026-07-21,wing_below,7085.0,2026-08-21,31,36.4,36.8,36.6,0.198719081120603,5.4308,0.4,0.0737,0.0109,0.9473
2026-07-21,short_above,7225.0,2026-08-21,31,54.0,54.4,54.2,0.180330618989779,6.715,0.4,0.0596,0.0074,0.9661
2026-07-21,short_below,7220.0,2026-08-21,31,53.3,53.6,53.45,0.181018797025765,6.665,0.3,0.045,0.0056,0.9654
2026-07-21,wing_above,7020.0,2026-08-21,31,30.6,30.9,30.75,0.208479749598935,4.7805,0.3,0.0628,0.0098,0.9387
2026-07-21,wing_below,7010.0,2026-08-21,31,29.8,30.2,30.0,0.209857853434666,4.6965,0.4,0.0852,0.0133,0.9373
2026-07-21,short_above,7280.0,2026-08-21,31,63.2,63.8,63.5,0.172418723300684,7.26,0.6,0.0826,0.0094,0.9734
2026-07-21,short_below,7275.0,2026-08-21,31,62.4,62.8,62.6,0.173131380231422,7.279,0.4,0.055,0.0064,0.9727
2026-07-21,wing_above,6985.0,2026-08-21,31,28.0,28.3,28.15,0.213310599002461,4.4918,0.3,0.0668,0.0107,0.934
2026-07-21,wing_below,6980.0,2026-08-21,31,27.6,27.9,27.75,0.214002629649818,4.4518,0.3,0.0674,0.0108,0.9333
2026-07-21,short_above,7330.0,2026-08-21,31,72.8,73.2,73.0,0.165785125740696,7.7313,0.4,0.0517,0.0055,0.9801
2026-07-21,short_below,7325.0,2026-08-21,31,72.1,72.6,72.35,0.166232860362527,7.6859,0.5,0.0651,0.0069,0.9794
2026-07-21,wing_above,7065.0,2026-08-21,31,34.6,34.9,34.75,0.202093845195702,5.173,0.3,0.058,0.0086,0.9442
2026-07-21,wing_below,7060.0,2026-08-21,31,34.2,34.6,34.4,0.202782287680347,5.1283,0.4,0.078,0.0116,0.9435
2026-07-21,short_above,7320.0,2026-08-28,38,83.6,84.1,83.85,0.167923555711549,8.5967,0.5,0.0582,0.006,0.9783
2026-07-21,wing_above,7050.0,2026-08-28,38,42.6,43.0,42.8,0.202396466254335,6.0246,0.4,0.0664,0.0093,0.9422
2026-07-21,short_above,7290.0,2026-08-28,38,77.6,78.2,77.9,0.171916597667011,8.3484,0.6,0.0719,0.0077,0.9743
2026-07-21,short_below,7280.0,2026-08-28,38,75.7,76.2,75.95,0.173238687930336,8.2562,0.5,0.0606,0.0066,0.9729
2026-07-21,wing_above,7000.0,2026-08-28,38,38.0,38.4,38.2,0.208631819007762,5.5955,0.4,0.0715,0.0105,0.9355
2026-07-21,wing_below,6990.0,2026-08-28,38,37.3,37.9,37.6,0.209886039462584,5.5087,0.6,0.1089,0.016,0.9342
2026-07-21,short_above,7320.0,2026-08-28,38,84.2,84.8,84.5,0.167852139751033,8.5967,0.6,0.0698,0.0071,0.9783
2026-07-21,short_below,7310.0,2026-08-28,38,82.0,82.5,82.25,0.168977330711457,8.5289,0.5,0.0586,0.0061,0.9769
2026-07-21,wing_below,7025.0,2026-08-28,38,40.5,40.8,40.65,0.205507902172816,5.8169,0.3,0.0516,0.0074,0.9389
2026-07-21,short_below,7300.0,2026-08-28,38,79.6,80.1,79.85,0.170545239603683,8.4394,0.5,0.0592,0.0063,0.9756
2026-07-21,wing_above,7050.0,2026-08-28,38,42.8,43.2,43.0,0.202396466254335,6.0442,0.4,0.0662,0.0093,0.9422
2026-07-21,short_above,7220.0,2026-08-28,38,65.2,65.6,65.4,0.181059667497867,7.6834,0.4,0.0521,0.0061,0.9649
2026-07-21,short_below,7210.0,2026-08-28,38,63.5,64.0,63.75,0.182343927972762,7.5859,0.5,0.0659,0.0078,0.9636
2026-07-21,wing_above,6925.0,2026-08-28,38,32.2,32.4,32.3,0.218123639698085,4.9712,0.2,0.0402,0.0062,0.9255
2026-07-21,wing_below,6900.0,2026-08-28,38,30.5,30.7,30.6,0.221337728640497,4.7773,0.2,0.0419,0.0065,0.9222
2026-07-21,short_above,7225.0,2026-08-31,41,68.6,69.1,68.85,0.177262871058858,8.0892,0.5,0.0618,0.0073,0.9656
2026-07-21,short_below,7220.0,2026-08-31,41,67.8,68.3,68.05,0.17787705195376,8.0582,0.5,0.062,0.0073,0.9649
2026-07-21,wing_above,6920.0,2026-08-31,41,33.7,34.2,33.95,0.214760158863582,5.2533,0.5,0.0952,0.0147,0.9248
2026-07-21,wing_below,6915.0,2026-08-31,41,33.4,33.8,33.6,0.215768555483183,5.218,0.4,0.0767,0.0119,0.9242
2026-07-21,short_above,7230.0,2026-08-31,41,69.6,70.1,69.85,0.176798252295494,8.1423,0.5,0.0614,0.0072,0.9665
2026-07-21,wing_above,6930.0,2026-08-31,41,34.7,35.1,34.9,0.213836648740385,5.3345,0.4,0.075,0.0115,0.9264
2026-07-21,short_above,7125.0,2026-08-07,17,18.3,18.6,18.45,0.20198017243806,3.2268,0.3,0.093,0.0163,0.9511
2026-07-21,short_below,7100.0,2026-08-07,17,16.6,16.8,16.7,0.205870497757845,3.0192,0.2,0.0662,0.012,0.9476
2026-07-21,wing_above,6925.0,2026-08-07,17,9.0,9.2,9.1,0.235693920577222,1.9002,0.2,0.1053,0.022,0.9243
2026-07-21,wing_below,6900.0,2026-08-07,17,8.4,8.6,8.5,0.240184851346781,1.7827,0.2,0.1122,0.0235,0.9209
2026-07-21,short_above,7275.0,2026-08-21,31,58.4,58.7,58.55,0.17209831859771,7.0844,0.3,0.0423,0.0051,0.971
2026-07-21,short_below,7270.0,2026-08-21,31,57.6,57.9,57.75,0.1727935039003,7.0342,0.3,0.0426,0.0052,0.9703
2026-07-21,wing_above,7075.0,2026-08-21,31,33.1,33.4,33.25,0.199576739968063,5.1165,0.3,0.0586,0.009,0.9443
2026-07-21,wing_below,7070.0,2026-08-21,31,32.6,33.0,32.8,0.200258810631364,5.0448,0.4,0.0793,0.0122,0.9436
2026-07-21,short_above,7295.0,2026-08-21,31,61.8,62.5,62.15,0.170359617074088,7.2561,0.7,0.0965,0.0113,0.9737
2026-07-21,short_below,7280.0,2026-08-21,31,59.2,59.7,59.45,0.172418723300684,7.1064,0.5,0.0704,0.0084,0.9717
2026-07-21,wing_above,7090.0,2026-08-21,31,34.4,34.7,34.55,0.197530430242353,5.2269,0.3,0.0574,0.0087,0.9463
2026-07-21,short_above,7225.0,2026-08-21,31,50.6,50.9,50.75,0.180030694053014,6.5489,0.3,0.0458,0.0059,0.9643
2026-07-21,short_below,7220.0,2026-08-21,31,49.8,50.2,50.0,0.179717157695525,6.4981,0.4,0.0616,0.008,0.9636
2026-07-21,wing_above,7020.0,2026-08-21,31,28.4,28.8,28.6,0.20708512099262,4.6103,0.4,0.0868,0.014,0.937
2026-07-21,wing_below,7010.0,2026-08-21,31,27.7,28.0,27.85,0.208453079259999,4.5271,0.3,0.0663,0.0108,0.9356
2026-07-21,short_above,7280.0,2026-08-21,31,59.2,59.5,59.35,0.172418723300684,7.1064,0.3,0.0422,0.0051,0.9717
2026-07-21,short_below,7275.0,2026-08-21,31,58.3,58.7,58.5,0.173131380231422,7.0844,0.4,0.0565,0.0068,0.971
2026-07-21,wing_above,6985.0,2026-08-21,31,25.8,26.3,26.05,0.211879979193077,4.3248,0.5,0.1156,0.0192,0.9323
2026-07-21,wing_below,6980.0,2026-08-21,31,25.5,26.0,25.75,0.212566819059805,4.2853,0.5,0.1167,0.0194,0.9316
2026-07-21,short_above,7330.0,2026-08-21,31,68.6,69.0,68.8,0.164426877570588,7.5965,0.4,0.0527,0.0058,0.9783
2026-07-21,short_below,7325.0,2026-08-21,31,67.8,68.2,68.0,0.165125553898348,7.5489,0.4,0.053,0.0059,0.9777
2026-07-21,wing_above,7065.0,2026-08-21,31,32.3,32.7,32.5,0.200940904297117,5.0,0.4,0.08,0.0123,0.943
2026-07-21,wing_below,7060.0,2026-08-21,31,32.0,32.3,32.15,0.201623045684348,4.9555,0.3,0.0605,0.0093,0.9423
2026-07-21,short_above,7320.0,2026-08-28,38,79.7,80.2,79.95,0.1668703979117,8.4709,0.5,0.059,0.0063,0.977
2026-07-21,short_below,7310.0,2026-08-28,38,77.4,78.0,77.7,0.169258621259418,8.5289,0.6,0.0703,0.0077,0.9757
2026-07-21,wing_above,7050.0,2026-08-28,38,40.2,40.5,40.35,0.202591753717906,5.8546,0.3,0.0512,0.0074,0.941
2026-07-21,wing_below,7025.0,2026-08-28,38,38.0,38.3,38.15,0.205507902172816,5.8169,0.3,0.0516,0.0079,0.9376
2026-07-21,short_above,7290.0,2026-08-28,38,73.6,74.0,73.8,0.170823036004779,8.1897,0.4,0.0488,0.0054,0.973
2026-07-21,short_below,7280.0,2026-08-28,38,71.8,72.3,72.05,0.172133927162752,8.0937,0.5,0.0618,0.0069,0.9717
2026-07-21,wing_above,7000.0,2026-08-28,38,36.0,36.3,36.15,0.207652622773067,5.4105,0.3,0.0554,0.0083,0.9343
2026-07-21,wing_below,6990.0,2026-08-28,38,35.2,35.6,35.4,0.2089085244491,5.3733,0.4,0.0744,0.0113,0.933
2026-07-21,short_below,7310.0,2026-08-28,38,78.2,78.6,78.4,0.168977330711457,8.3785,0.4,0.0477,0.0051,0.9757
2026-07-21,wing_above,7050.0,2026-08-28,38,40.7,41.0,40.85,0.202591753717906,5.8546,0.3,0.0512,0.0073,0.941
2026-07-21,wing_below,7025.0,2026-08-28,38,38.3,38.8,38.55,0.205827713691171,5.6293,0.5,0.0888,0.013,0.9377
2026-07-21,short_below,7300.0,2026-08-28,38,76.4,76.8,76.6,0.169645735016445,8.3303,0.4,0.048,0.0052,0.9744
2026-07-21,wing_below,7025.0,2026-08-28,38,38.4,38.7,38.55,0.205827713691171,5.6795,0.3,0.0528,0.0078,0.9377
2026-07-21,short_above,7220.0,2026-08-28,38,61.9,62.4,62.15,0.180059619271185,7.5554,0.5,0.0662,0.008,0.9637
2026-07-21,short_below,7210.0,2026-08-28,38,60.5,60.9,60.7,0.181339379358101,7.4563,0.4,0.0536,0.0066,0.9623
2026-07-21,wing_above,6925.0,2026-08-28,38,30.5,30.8,30.65,0.218344227470865,4.8405,0.3,0.062,0.0098,0.9243
2026-07-21,wing_below,6900.0,2026-08-28,38,28.8,29.1,28.95,0.220350949503124,4.6487,0.3,0.0645,0.0104,0.921
2026-07-21,short_above,7225.0,2026-08-31,41,65.6,65.9,65.75,0.176208071397109,7.96,0.3,0.0377,0.0046,0.9643
2026-07-21,short_below,7220.0,2026-08-31,41,64.7,65.2,64.95,0.176815022705419,7.9274,0.5,0.0631,0.0077,0.9637
2026-07-21,wing_above,6920.0,2026-08-31,41,32.1,32.4,32.25,0.213709788521908,5.1296,0.3,0.0585,0.0093,0.9236
2026-07-21,wing_below,6915.0,2026-08-31,41,31.7,32.1,31.9,0.214331380040834,5.0394,0.4,0.0794,0.0125,0.923
2026-07-21,short_above,7230.0,2026-08-31,41,66.4,67.1,66.75,0.175599946853193,8.0307,0.7,0.0872,0.0105,0.965
2026-07-21,wing_above,6930.0,2026-08-31,41,32.8,33.1,32.95,0.212471150321705,5.1874,0.3,0.0578,0.0091,0.925
2026-07-22,short_above,7125.0,2026-08-07,16,17.3,17.5,17.4,0.201640966223546,3.1224,0.2,0.0641,0.0115,0.9498
2026-07-22,short_below,7100.0,2026-08-07,16,15.7,15.9,15.8,0.205716882848211,2.9193,0.2,0.0685,0.0127,0.9465
2026-07-22,wing_above,6925.0,2026-08-07,16,8.6,8.8,8.7,0.235939507475756,1.8364,0.2,0.1089,0.023,0.9231
2026-07-22,wing_below,6900.0,2026-08-07,16,7.9,8.1,8.0,0.240465350721244,1.7235,0.2,0.116,0.025,0.92
2026-07-22,short_above,7275.0,2026-08-21,30,56.5,56.9,56.7,0.172153142973007,6.9872,0.4,0.0572,0.0071,0.97
2026-07-22,short_below,7270.0,2026-08-21,30,55.6,56.1,55.85,0.172842093021182,6.9364,0.5,0.0721,0.009,0.9694
2026-07-22,wing_above,7075.0,2026-08-21,30,32.1,32.3,32.2,0.199621825030196,5.0206,0.2,0.0398,0.0062,0.9434
2026-07-22,wing_below,7070.0,2026-08-21,30,31.6,31.9,31.75,0.20031056205706,4.9759,0.3,0.0603,0.0094,0.9427
2026-07-22,short_above,7295.0,2026-08-21,30,59.9,60.3,60.1,0.169394194712994,7.1893,0.4,0.0556,0.0067,0.9727
2026-07-22,short_below,7280.0,2026-08-21,30,57.1,57.5,57.3,0.171463881085256,7.0347,0.4,0.0569,0.007,0.9707
2026-07-22,wing_above,7090.0,2026-08-21,30,33.1,33.4,33.25,0.197557174666244,5.153,0.3,0.0582,0.009,0.9454
2026-07-22,wing_below,7085.0,2026-08-21,30,32.7,33.0,32.85,0.198719081120603,5.111,0.3,0.0587,0.0091,0.9447
2026-07-22,short_above,7225.0,2026-08-21,30,48.5,48.8,48.65,0.179029308446177,6.4728,0.3,0.0463,0.0062,0.9634
2026-07-22,short_below,7220.0,2026-08-21,30,47.8,48.1,47.95,0.18008460499514,6.4218,0.3,0.0467,0.0063,0.9627
2026-07-22,wing_above,7020.0,2026-08-21,30,27.4,27.7,27.55,0.207216127081653,4.5433,0.3,0.066,0.0109,0.936
2026-07-22,wing_below,7010.0,2026-08-21,30,26.7,27.0,26.85,0.208602113611945,4.4612,0.3,0.0672,0.0112,0.9347
2026-07-22,short_above,7280.0,2026-08-21,30,56.9,57.3,57.1,0.172418723300684,7.0347,0.4,0.0569,0.007,0.9707
2026-07-22,short_below,7275.0,2026-08-21,30,56.0,56.3,56.15,0.173131380231422,6.9872,0.3,0.0429,0.0053,0.97
2026-07-22,wing_above,6985.0,2026-08-21,30,25.0,25.3,25.15,0.211740019422736,4.2619,0.3,0.0704,0.0119,0.9314
2026-07-22,wing_below,6980.0,2026-08-21,30,24.7,25.0,24.85,0.212772754208554,4.223,0.3,0.071,0.0121,0.9307
2026-07-22,short_above,7330.0,2026-08-21,30,65.9,66.2,66.05,0.164551291905324,7.5318,0.3,0.0398,0.0045,0.9774
2026-07-22,short_below,7325.0,2026-08-21,30,65.0,65.3,65.15,0.165244675724816,7.4834,0.3,0.0401,0.0046,0.9767
2026-07-22,wing_above,7065.0,2026-08-21,30,30.9,31.1,31.0,0.201439309014259,4.9283,0.2,0.0406,0.0065,0.942
2026-07-22,wing_below,7060.0,2026-08-21,30,30.4,30.7,30.55,0.201688901504884,4.8842,0.3,0.0614,0.0098,0.9414
2026-07-22,short_above,7320.0,2026-08-28,37,76.2,76.7,76.45,0.167167936725105,8.3921,0.5,0.0596,0.0065,0.976
2026-07-22,short_below,7310.0,2026-08-28,37,74.3,74.7,74.5,0.168323173541034,8.423,0.4,0.0475,0.0054,0.9747
2026-07-22,wing_above,7050.0,2026-08-28,37,38.7,39.0,38.85,0.201581167172705,5.7898,0.3,0.0518,0.0077,0.94
2026-07-22,short_above,7290.0,2026-08-28,37,70.5,71.0,70.75,0.171113847903012,8.128,0.5,0.0615,0.0071,0.972
2026-07-22,short_below,7280.0,2026-08-28,37,68.7,69.2,68.95,0.172420521766722,8.0111,0.5,0.0624,0.0073,0.9707
2026-07-22,wing_above,7000.0,2026-08-28,37,34.4,34.7,34.55,0.207903102481883,5.3493,0.3,0.0561,0.0087,0.9334
2026-07-22,wing_below,6990.0,2026-08-28,37,33.5,33.9,33.7,0.209175107050413,5.251,0.4,0.0762,0.0119,0.932
2026-07-22,short_below,7310.0,2026-08-28,37,74.3,74.8,74.55,0.168977330711457,8.3189,0.5,0.0601,0.0067,0.9747
2026-07-22,wing_above,7050.0,2026-08-28,37,38.7,39.0,38.85,0.202591753717906,5.7898,0.3,0.0518,0.0077,0.94
2026-07-22,short_below,7300.0,2026-08-28,37,72.4,72.8,72.6,0.169726309784182,8.2051,0.4,0.0488,0.0055,0.973
2026-07-22,wing_above,7050.0,2026-08-28,37,38.7,39.0,38.85,0.202591753717906,5.7702,0.3,0.052,0.0077,0.9397
2026-07-22,wing_below,7025.0,2026-08-28,37,36.4,36.8,36.6,0.205827713691171,5.6795,0.4,0.0704,0.0109,0.9364
2026-07-22,short_above,7220.0,2026-08-28,37,58.8,59.2,59.0,0.180090462066357,7.4157,0.4,0.0539,0.0068,0.9624
2026-07-22,short_below,7210.0,2026-08-28,37,57.3,57.7,57.5,0.181370147472221,7.3154,0.4,0.0547,0.007,0.9611
2026-07-22,wing_above,6925.0,2026-08-28,37,29.0,29.3,29.15,0.217549933804039,4.7246,0.3,0.0635,0.0103,0.9231
2026-07-22,wing_below,6900.0,2026-08-28,37,27.4,27.7,27.55,0.22079818753963,4.5372,0.3,0.0661,0.0109,0.9197
2026-07-22,short_above,7225.0,2026-08-31,40,62.3,62.6,62.45,0.176216590900845,7.8199,0.3,0.0384,0.0048,0.963
2026-07-22,short_below,7220.0,2026-08-31,40,61.4,61.8,61.6,0.176823873264267,7.7643,0.4,0.0515,0.0065,0.9624
2026-07-22,wing_above,6920.0,2026-08-31,40,30.4,30.8,30.6,0.21407735502,4.9807,0.4,0.0803,0.0131,0.9224
2026-07-22,wing_below,6915.0,2026-08-31,40,30.1,30.4,30.25,0.21471977281416,4.9476,0.3,0.0606,0.0099,0.9217
2026-07-22,short_above,7230.0,2026-08-31,40,62.9,63.2,63.05,0.175608633191626,7.8681,0.3,0.0381,0.0048,0.9637
2026-07-22,short_below,7225.0,2026-08-31,40,62.1,62.5,62.3,0.176923182122689,7.8199,0.4,0.0512,0.0064,0.963
2026-07-22,wing_above,6930.0,2026-08-31,40,31.1,31.4,31.25,0.213450106212748,5.0663,0.3,0.0592,0.0096,0.9237
2026-07-22,short_above,7125.0,2026-08-07,16,15.9,16.2,16.05,0.201622218135311,2.9796,0.3,0.1007,0.0187,0.9484
2026-07-22,short_below,7100.0,2026-08-07,16,14.5,14.7,14.6,0.205691901201485,2.7821,0.2,0.0719,0.0137,0.945
2026-07-22,wing_above,6925.0,2026-08-07,16,7.9,8.1,8.0,0.235795558367342,1.7377,0.2,0.1151,0.025,0.9218
2026-07-22,wing_below,6900.0,2026-08-07,16,7.3,7.5,7.4,0.240335221417812,1.63,0.2,0.1227,0.027,0.9184
2026-07-22,short_above,7275.0,2026-08-21,30,53.6,53.9,53.75,0.17249098011373,6.8475,0.3,0.0438,0.0056,0.9683
2026-07-22,short_below,7270.0,2026-08-21,30,52.8,53.1,52.95,0.173180690659028,6.796,0.3,0.0441,0.0057,0.9677
2026-07-22,wing_above,7075.0,2026-08-21,30,30.3,30.6,30.45,0.199938683431047,4.8851,0.3,0.0614,0.0099,0.9417
2026-07-22,wing_below,7070.0,2026-08-21,30,29.9,30.2,30.05,0.200576405206975,4.8409,0.3,0.062,0.01,0.9411
2026-07-22,short_above,7295.0,2026-08-21,30,56.9,57.2,57.05,0.169692813955076,7.0481,0.3,0.0426,0.0053,0.971
2026-07-22,short_below,7280.0,2026-08-21,30,54.4,54.7,54.55,0.171762964731387,6.8941,0.3,0.0435,0.0055,0.969
2026-07-22,wing_above,7090.0,2026-08-21,30,31.6,31.9,31.75,0.19783488136857,5.0138,0.3,0.0598,0.0094,0.9437
2026-07-22,wing_below,7085.0,2026-08-21,30,31.2,31.4,31.3,0.198719081120603,4.9743,0.2,0.0402,0.0064,0.9431
2026-07-22,short_above,7225.0,2026-08-21,30,46.3,46.6,46.45,0.1793275831361,6.3273,0.3,0.0474,0.0065,0.9617
2026-07-22,short_below,7220.0,2026-08-21,30,45.6,46.0,45.8,0.180014105695406,6.2761,0.4,0.0637,0.0087,0.961
2026-07-22,wing_above,7020.0,2026-08-21,30,26.2,26.4,26.3,0.207445666550886,4.412,0.2,0.0453,0.0076,0.9344
2026-07-22,wing_below,7010.0,2026-08-21,30,25.5,25.8,25.65,0.208823849147249,4.3312,0.3,0.0693,0.0117,0.9331
2026-07-22,short_above,7280.0,2026-08-21,30,54.1,54.6,54.35,0.172418723300684,6.8941,0.5,0.0725,0.0092,0.969
2026-07-22,short_below,7275.0,2026-08-21,30,53.6,53.9,53.75,0.173131380231422,6.8475,0.3,0.0438,0.0056,0.9683
2026-07-22,wing_above,6985.0,2026-08-21,30,23.9,24.2,24.05,0.212278476920867,4.1351,0.3,0.0726,0.0125,0.9297
2026-07-22,wing_below,6980.0,2026-08-21,30,23.6,23.9,23.75,0.212971209159555,4.0969,0.3,0.0732,0.0126,0.9291
2026-07-22,short_above,7330.0,2026-08-21,30,63.3,63.6,63.45,0.164845625099474,7.4015,0.3,0.0405,0.0047,0.9757
2026-07-22,short_below,7325.0,2026-08-21,30,62.3,62.7,62.5,0.165539510543399,7.3517,0.4,0.0544,0.0064,0.975
2026-07-22,wing_above,7065.0,2026-08-21,30,29.6,29.9,29.75,0.201262156145914,4.7917,0.3,0.0626,0.0101,0.9404
2026-07-22,wing_below,7060.0,2026-08-21,30,29.3,29.5,29.4,0.201948100076032,4.7482,0.2,0.0421,0.0068,0.9397
2026-07-22,short_above,7320.0,2026-08-28,37,74.0,74.5,74.25,0.167852139751033,8.2971,0.5,0.0603,0.0067,0.9743
2026-07-22,short_below,7310.0,2026-08-28,37,72.1,72.5,72.3,0.168416155153593,8.3005,0.4,0.0482,0.0055,0.973
2026-07-22,wing_above,7050.0,2026-08-28,37,37.5,37.8,37.65,0.201920754100466,5.6569,0.3,0.053,0.008,0.9384
2026-07-22,short_above,7290.0,2026-08-28,37,68.3,68.8,68.55,0.171535621107089,8.0061,0.5,0.0625,0.0073,0.9703
2026-07-22,short_below,7280.0,2026-08-28,37,66.5,67.0,66.75,0.172834718741425,7.906,0.5,0.0632,0.0075,0.969
2026-07-22,wing_above,7000.0,2026-08-28,37,33.3,33.6,33.45,0.208226025932379,5.2212,0.3,0.0575,0.009,0.9317
2026-07-22,wing_below,6990.0,2026-08-28,37,32.5,32.9,32.7,0.209495257492278,5.1411,0.4,0.0778,0.0122,0.9304
2026-07-22,short_below,7310.0,2026-08-28,37,71.9,72.4,72.15,0.168977330711457,8.1956,0.5,0.061,0.0069,0.973
2026-07-22,wing_above,7050.0,2026-08-28,37,37.4,37.7,37.55,0.202591753717906,5.6569,0.3,0.053,0.008,0.9384
2026-07-22,short_above,7310.0,2026-08-28,37,72.0,72.4,72.2,0.168977330711457,8.2003,0.4,0.0488,0.0055,0.973
2026-07-22,short_below,7300.0,2026-08-28,37,70.1,70.5,70.3,0.170232805816573,8.1033,0.4,0.0494,0.0057,0.9717
2026-07-22,wing_above,7050.0,2026-08-28,37,37.5,37.8,37.65,0.202591753717906,5.6621,0.3,0.053,0.008,0.9384
2026-07-22,wing_below,7025.0,2026-08-28,37,35.3,35.6,35.45,0.205827713691171,5.5472,0.3,0.0541,0.0085,0.9351
2026-07-22,short_above,7220.0,2026-08-28,37,57.0,57.4,57.2,0.180668912170119,7.3057,0.4,0.0548,0.007,0.9611
2026-07-22,short_below,7210.0,2026-08-28,37,55.6,56.0,55.8,0.181939957036216,7.2051,0.4,0.0555,0.0072,0.9597
2026-07-22,wing_above,6925.0,2026-08-28,37,28.1,28.4,28.25,0.217931938855745,4.6267,0.3,0.0648,0.0106,0.9218
2026-07-22,wing_below,6900.0,2026-08-28,37,26.6,26.9,26.75,0.221175729553389,4.4419,0.3,0.0675,0.0112,0.9185
2026-07-22,short_above,7225.0,2026-08-31,40,60.4,60.8,60.6,0.176561864560717,7.7067,0.4,0.0519,0.0066,0.9617
2026-07-22,short_below,7220.0,2026-08-31,40,59.7,60.1,59.9,0.177178744332852,7.6596,0.4,0.0522,0.0067,0.9611
2026-07-22,wing_above,6920.0,2026-08-31,40,29.6,29.9,29.75,0.214582793697215,4.8904,0.3,0.0613,0.0101,0.9211
2026-07-22,wing_below,6915.0,2026-08-31,40,29.3,29.6,29.45,0.215224254432674,4.8648,0.3,0.0617,0.0102,0.9205
2026-07-22,short_above,7230.0,2026-08-31,40,61.2,61.6,61.4,0.17594584410576,7.7658,0.4,0.0515,0.0065,0.9624
2026-07-22,short_below,7225.0,2026-08-31,40,60.5,60.8,60.65,0.176923182122689,7.7067,0.3,0.0389,0.0049,0.9617
2026-07-22,wing_above,6930.0,2026-08-31,40,30.3,30.6,30.45,0.213301236698837,4.9675,0.3,0.0604,0.0099,0.9225
2026-07-22,short_above,7125.0,2026-08-07,16,15.7,16.0,15.85,0.200690068985719,2.9652,0.3,0.1012,0.0189,0.9486
2026-07-22,short_below,7100.0,2026-08-07,16,14.3,14.6,14.45,0.204785244192023,2.7682,0.3,0.1084,0.0208,0.9452
2026-07-22,wing_above,6925.0,2026-08-07,16,7.8,8.0,7.9,0.235115065816223,1.7314,0.2,0.1155,0.0253,0.9219
2026-07-22,wing_below,6900.0,2026-08-07,16,7.2,7.4,7.3,0.239690292457128,1.6245,0.2,0.1231,0.0274,0.9186
2026-07-22,short_above,7275.0,2026-08-21,30,53.2,53.5,53.35,0.171435663435661,6.8428,0.3,0.0438,0.0056,0.9685
2026-07-22,short_below,7270.0,2026-08-21,30,52.2,52.4,52.3,0.173272547636196,6.7911,0.2,0.0295,0.0038,0.9679
2026-07-22,wing_above,7075.0,2026-08-21,30,30.0,30.2,30.1,0.199039963561773,4.8749,0.2,0.041,0.0066,0.9419
2026-07-22,wing_below,7070.0,2026-08-21,30,29.6,29.9,29.75,0.199729249369371,4.8307,0.3,0.0621,0.0101,0.9412
2026-07-22,short_above,7295.0,2026-08-21,30,56.4,56.6,56.5,0.168665330187275,7.049,0.2,0.0284,0.0035,0.9712
2026-07-22,short_below,7280.0,2026-08-21,30,53.9,54.2,54.05,0.170743815448097,6.8836,0.3,0.0436,0.0056,0.9692
2026-07-22,wing_above,7090.0,2026-08-21,30,31.3,31.5,31.4,0.196972376920226,4.9981,0.2,0.04,0.0064,0.9439
2026-07-22,wing_below,7085.0,2026-08-21,30,30.9,31.1,31.0,0.198719081120603,4.9642,0.2,0.0403,0.0065,0.9432
2026-07-22,short_above,7225.0,2026-08-21,30,45.9,46.1,46.0,0.178342108540838,6.3142,0.2,0.0317,0.0043,0.9619
2026-07-22,short_below,7220.0,2026-08-21,30,45.2,45.5,45.35,0.179032555315878,6.2629,0.3,0.0479,0.0066,0.9612
2026-07-22,wing_above,7020.0,2026-08-21,30,25.9,26.2,26.05,0.207520462244583,4.3959,0.3,0.0682,0.0115,0.9346
2026-07-22,wing_below,7010.0,2026-08-21,30,25.3,25.5,25.4,0.208014831756587,4.3151,0.2,0.0463,0.0079,0.9333
2026-07-22,short_above,7280.0,2026-08-21,30,53.9,54.1,54.0,0.172418723300684,6.8836,0.2,0.0291,0.0037,0.9692
2026-07-22,wing_above,6985.0,2026-08-21,30,23.7,23.9,23.8,0.211432423166038,4.119,0.2,0.0486,0.0084,0.9298
2026-07-22,wing_below,6980.0,2026-08-21,30,23.3,23.6,23.45,0.212128567296685,4.0808,0.3,0.0735,0.0128,0.9291
2026-07-22,short_above,7330.0,2026-08-21,30,62.5,62.8,62.65,0.163706672292968,7.3937,0.3,0.0406,0.0048,0.9757
2026-07-22,short_below,7325.0,2026-08-21,30,61.5,61.8,61.65,0.166115838213871,7.3437,0.3,0.0409,0.0049,0.9751
2026-07-22,wing_above,7065.0,2026-08-21,30,29.2,29.5,29.35,0.201439309014259,4.7758,0.3,0.0628,0.0102,0.9405
2026-07-22,wing_below,7060.0,2026-08-21,30,28.8,29.0,28.9,0.201714402403342,4.7323,0.2,0.0423,0.0069,0.9398
2026-07-22,short_above,7320.0,2026-08-28,37,73.0,73.4,73.2,0.166479877527025,8.2854,0.4,0.0483,0.0055,0.9744
2026-07-22,short_below,7310.0,2026-08-28,37,71.0,71.4,71.2,0.168977330711457,8.2003,0.4,0.0488,0.0056,0.9731
2026-07-22,wing_above,7050.0,2026-08-28,37,36.9,37.2,37.05,0.20117433132979,5.645,0.3,0.0531,0.0081,0.9385
2026-07-22,wing_below,7025.0,2026-08-28,37,34.8,35.1,34.95,0.205827713691171,5.4406,0.3,0.0551,0.0086,0.9351
2026-07-22,short_above,7290.0,2026-08-28,37,67.3,67.7,67.5,0.170415877601988,7.9871,0.4,0.0501,0.0059,0.9704
2026-07-22,short_below,7280.0,2026-08-28,37,65.7,66.0,65.85,0.171725788850712,7.8901,0.3,0.038,0.0046,0.9691
2026-07-22,wing_above,7000.0,2026-08-28,37,32.8,33.1,32.95,0.207534111449112,5.2097,0.3,0.0576,0.0091,0.9318
2026-07-22,wing_below,6990.0,2026-08-28,37,32.1,32.3,32.2,0.208812431572727,5.126,0.2,0.039,0.0062,0.9305
2026-07-22,short_above,7320.0,2026-08-28,37,73.1,73.5,73.3,0.167852139751033,8.2854,0.4,0.0483,0.0055,0.9744
2026-07-22,short_below,7310.0,2026-08-28,37,71.2,71.6,71.4,0.167792475080386,8.187,0.4,0.0489,0.0056,0.9731
2026-07-22,short_below,7300.0,2026-08-28,37,69.4,69.7,69.55,0.169104623370563,8.0894,0.3,0.0371,0.0043,0.9717
2026-07-22,wing_above,7050.0,2026-08-28,37,37.0,37.3,37.15,0.20117433132979,5.6447,0.3,0.0531,0.0081,0.9385
2026-07-22,wing_below,7025.0,2026-08-28,37,34.8,35.2,35.0,0.204348365664894,5.4236,0.4,0.0738,0.0114,0.9351
2026-07-22,short_below,7210.0,2026-08-28,37,55.0,55.3,55.15,0.180826253349237,7.195,0.3,0.0417,0.0054,0.9598
2026-07-22,short_above,7125.0,2026-08-07,16,16.1,16.3,16.2,0.201401464986013,3.0055,0.2,0.0665,0.0123,0.9489
2026-07-22,short_below,7100.0,2026-08-07,16,14.6,14.8,14.7,0.205574452868202,2.8085,0.2,0.0712,0.0136,0.9456
2026-07-22,wing_above,6925.0,2026-08-07,16,8.0,8.2,8.1,0.236306545670244,1.7641,0.2,0.1134,0.0247,0.9223
2026-07-22,wing_below,6900.0,2026-08-07,16,7.4,7.6,7.5,0.240893278318256,1.6554,0.2,0.1208,0.0267,0.9189
2026-07-22,short_above,7275.0,2026-08-21,30,53.4,53.7,53.55,0.17124191970341,6.8658,0.3,0.0437,0.0056,0.9689
2026-07-22,short_below,7270.0,2026-08-21,30,52.7,53.0,52.85,0.171934808600753,6.8141,0.3,0.044,0.0057,0.9682
2026-07-22,wing_above,7075.0,2026-08-21,30,30.1,30.4,30.25,0.199720446922973,4.893,0.3,0.0613,0.0099,0.9422
2026-07-22,wing_below,7070.0,2026-08-21,30,29.7,30.0,29.85,0.199474799906882,4.8486,0.3,0.0619,0.0101,0.9416
2026-07-22,short_above,7295.0,2026-08-21,30,56.7,56.9,56.8,0.168464192892352,7.0716,0.2,0.0283,0.0035,0.9715
2026-07-22,short_below,7280.0,2026-08-21,30,54.2,54.5,54.35,0.170681115847456,6.9174,0.3,0.0434,0.0055,0.9695
2026-07-22,wing_above,7090.0,2026-08-21,30,31.4,31.7,31.55,0.196724708712777,5.0281,0.3,0.0597,0.0095,0.9442
2026-07-22,short_above,7225.0,2026-08-21,30,46.2,46.4,46.3,0.178152567439617,6.3489,0.2,0.0315,0.0043,0.9622
2026-07-22,short_below,7220.0,2026-08-21,30,45.6,45.9,45.75,0.178842143265411,6.2877,0.3,0.0477,0.0066,0.9616
2026-07-22,wing_above,7020.0,2026-08-21,30,26.1,26.4,26.25,0.207520462244583,4.4137,0.3,0.068,0.0114,0.9349
2026-07-22,wing_below,7010.0,2026-08-21,30,25.5,25.7,25.6,0.207751373197923,4.3326,0.2,0.0462,0.0078,0.9336
2026-07-22,short_above,7280.0,2026-08-21,30,54.5,54.8,54.65,0.170681115847456,6.9174,0.3,0.0434,0.0055,0.9695
2026-07-22,short_below,7275.0,2026-08-21,30,53.7,54.0,53.85,0.17137992006485,6.8658,0.3,0.0437,0.0056,0.9689
2026-07-22,wing_above,6985.0,2026-08-21,30,23.9,24.2,24.05,0.211219880392099,4.1356,0.3,0.0725,0.0125,0.9303
2026-07-22,wing_below,6980.0,2026-08-21,30,23.6,23.8,23.7,0.211940037397211,4.0972,0.2,0.0488,0.0084,0.9296
2026-07-22,short_above,7330.0,2026-08-21,30,63.2,63.6,63.4,0.163715808768878,7.4161,0.4,0.0539,0.0063,0.9762
2026-07-22,short_below,7325.0,2026-08-21,30,62.5,62.7,62.6,0.16421376253751,7.3664,0.2,0.0272,0.0032,0.9755
2026-07-22,wing_above,7065.0,2026-08-21,30,29.5,29.8,29.65,0.200217304288781,4.7954,0.3,0.0626,0.0101,0.9409
2026-07-22,wing_below,7060.0,2026-08-21,30,29.2,29.4,29.3,0.200904357355612,4.7517,0.2,0.0421,0.0068,0.9402
2026-07-22,short_above,7320.0,2026-08-28,37,73.9,74.3,74.1,0.166293042080445,8.3052,0.4,0.0482,0.0054,0.9749
2026-07-22,short_below,7310.0,2026-08-28,37,72.0,72.4,72.2,0.167792475080386,8.1871,0.4,0.0489,0.0055,0.9735
2026-07-22,wing_above,7050.0,2026-08-28,37,37.4,37.7,37.55,0.200944848287253,5.669,0.3,0.0529,0.008,0.9389
2026-07-22,short_above,7290.0,2026-08-28,37,68.4,68.8,68.6,0.17021657414181,8.0116,0.4,0.0499,0.0058,0.9709
2026-07-22,short_below,7280.0,2026-08-28,37,66.6,67.0,66.8,0.17151708721424,7.914,0.4,0.0505,0.006,0.9695
2026-07-22,wing_above,7000.0,2026-08-28,37,33.3,33.6,33.45,0.207330721639016,5.2325,0.3,0.0573,0.009,0.9322
2026-07-22,short_above,7320.0,2026-08-28,37,74.1,74.4,74.25,0.167852139751033,8.3052,0.3,0.0361,0.004,0.9749
2026-07-22,wing_above,7050.0,2026-08-28,37,37.4,37.8,37.6,0.202591753717906,5.669,0.4,0.0706,0.0106,0.9389
2026-07-22,wing_below,7025.0,2026-08-28,37,35.3,35.6,35.45,0.205827713691171,5.4236,0.3,0.0553,0.0085,0.9356
2026-07-22,short_above,7310.0,2026-08-28,37,72.1,72.5,72.3,0.167604544508385,8.2095,0.4,0.0487,0.0055,0.9735
2026-07-22,short_below,7300.0,2026-08-28,37,70.3,70.6,70.45,0.168912403634938,8.13,0.3,0.0369,0.0043,0.9722
2026-07-22,wing_above,7050.0,2026-08-28,37,37.5,37.8,37.65,0.202591753717906,5.669,0.3,0.0529,0.008,0.9389
2026-07-22,wing_below,7025.0,2026-08-28,37,35.3,35.6,35.45,0.205827713691171,5.4629,0.3,0.0549,0.0085,0.9356
2026-07-22,short_above,7220.0,2026-08-28,37,57.0,57.4,57.2,0.179253296764163,7.3304,0.4,0.0546,0.007,0.9615
2026-07-22,short_below,7210.0,2026-08-28,37,55.7,56.0,55.85,0.180534128762033,7.224,0.3,0.0415,0.0054,0.9602
2026-07-22,wing_above,6925.0,2026-08-28,37,28.1,28.3,28.2,0.216983496446205,4.6455,0.2,0.0431,0.0071,0.9223
2026-07-22,wing_below,6900.0,2026-08-28,37,26.6,26.8,26.7,0.220233704156282,4.4595,0.2,0.0448,0.0075,0.9189
2026-07-22,short_above,7225.0,2026-08-31,40,60.4,60.7,60.55,0.175436089565708,7.737,0.3,0.0388,0.005,0.9622
2026-07-22,short_below,7220.0,2026-08-31,40,59.8,60.0,59.9,0.17605548585042,7.6803,0.2,0.026,0.0033,0.9615
2026-07-22,wing_above,6920.0,2026-08-31,40,29.5,29.8,29.65,0.213742195154955,4.9142,0.3,0.061,0.0101,0.9216
2026-07-22,wing_below,6915.0,2026-08-31,40,29.2,29.5,29.35,0.214378427655122,4.8766,0.3,0.0615,0.0102,0.9209
2026-07-22,short_above,7230.0,2026-08-31,40,61.2,61.5,61.35,0.174837396542546,7.7867,0.3,0.0385,0.0049,0.9629
2026-07-22,wing_above,6930.0,2026-08-31,40,30.2,30.4,30.3,0.212227240371844,4.9938,0.2,0.04,0.0066,0.9231
2026-07-22,short_above,7125.0,2026-08-07,16,15.5,15.8,15.65,0.199873694822268,2.9526,0.3,0.1016,0.0192,0.9487
2026-07-22,short_below,7100.0,2026-08-07,16,14.1,14.3,14.2,0.203943452806513,2.7541,0.2,0.0726,0.0141,0.9454
2026-07-22,wing_above,6925.0,2026-08-07,16,7.7,7.9,7.8,0.234185263802511,1.7106,0.2,0.1169,0.0256,0.9221
2026-07-22,wing_below,6900.0,2026-08-07,16,7.1,7.3,7.2,0.238769256744561,1.6039,0.2,0.1247,0.0278,0.9187
2026-07-22,short_above,7275.0,2026-08-21,30,53.2,53.5,53.35,0.170568271185361,6.836,0.3,0.0439,0.0056,0.9687
2026-07-22,short_below,7270.0,2026-08-21,30,52.5,52.8,52.65,0.171259564683388,6.7839,0.3,0.0442,0.0057,0.968
2026-07-22,wing_above,7075.0,2026-08-21,30,29.9,30.2,30.05,0.198149290313214,4.8535,0.3,0.0618,0.01,0.942
2026-07-22,wing_below,7070.0,2026-08-21,30,29.5,29.8,29.65,0.19865202383189,4.809,0.3,0.0624,0.0101,0.9414
2026-07-22,short_above,7295.0,2026-08-21,30,56.8,57.2,57.0,0.167796761556428,7.0432,0.4,0.0568,0.007,0.9713
2026-07-22,short_below,7280.0,2026-08-21,30,54.1,54.4,54.25,0.169876393041486,6.8879,0.3,0.0436,0.0055,0.9693
2026-07-22,wing_above,7090.0,2026-08-21,30,31.3,31.6,31.45,0.195916227751267,5.0119,0.3,0.0599,0.0095,0.944
2026-07-22,wing_below,7085.0,2026-08-21,30,30.9,31.2,31.05,0.196657908870319,4.9434,0.3,0.0607,0.0097,0.9434
2026-07-22,short_above,7225.0,2026-08-21,30,46.2,46.5,46.35,0.17745944722249,6.34,0.3,0.0473,0.0065,0.962
2026-07-22,short_below,7220.0,2026-08-21,30,45.4,45.7,45.55,0.178146132189579,6.2884,0.3,0.0477,0.0066,0.9613
2026-07-22,wing_above,7020.0,2026-08-21,30,25.9,26.1,26.0,0.205517761126991,4.4037,0.2,0.0454,0.0077,0.9347
2026-07-22,wing_below,7010.0,2026-08-21,30,25.3,25.5,25.4,0.206897131611513,4.3222,0.2,0.0463,0.0079,0.9334
2026-07-22,short_above,7280.0,2026-08-21,30,54.3,54.6,54.45,0.170681115847456,6.8879,0.3,0.0436,0.0055,0.9693
2026-07-22,wing_above,6985.0,2026-08-21,30,23.6,23.9,23.75,0.211740019422736,4.1245,0.3,0.0727,0.0126,0.9303
2026-07-22,wing_below,6980.0,2026-08-21,30,23.3,23.6,23.45,0.211274781678361,4.086,0.3,0.0734,0.0128,0.9297
2026-07-22,short_above,7330.0,2026-08-21,30,62.9,63.2,63.05,0.16316391877511,7.4206,0.3,0.0404,0.0048,0.9763
2026-07-22,short_below,7325.0,2026-08-21,30,62.0,62.4,62.2,0.163861223674391,7.3708,0.4,0.0543,0.0064,0.9756
2026-07-22,wing_above,7065.0,2026-08-21,30,29.1,29.3,29.2,0.199584243816711,4.7873,0.2,0.0418,0.0068,0.941
2026-07-22,wing_below,7060.0,2026-08-21,30,28.6,28.8,28.7,0.200268313552711,4.7434,0.2,0.0422,0.007,0.9403
2026-07-22,short_above,7320.0,2026-08-28,37,73.2,73.6,73.4,0.166077688642904,8.3073,0.4,0.0482,0.0054,0.9749
2026-07-22,short_below,7310.0,2026-08-28,37,71.2,71.7,71.45,0.168977330711457,8.227,0.5,0.0608,0.007,0.9736
2026-07-22,wing_above,7050.0,2026-08-28,37,36.8,37.2,37.0,0.200433944434846,5.6617,0.4,0.0707,0.0108,0.939
2026-07-22,wing_below,7025.0,2026-08-28,37,34.7,35.1,34.9,0.205827713691171,5.4629,0.4,0.0732,0.0115,0.9357
2026-07-22,short_above,7290.0,2026-08-28,37,67.6,68.1,67.85,0.169867990298166,8.0157,0.5,0.0624,0.0074,0.9709
2026-07-22,short_below,7280.0,2026-08-28,37,65.9,66.3,66.1,0.171281529272243,7.915,0.4,0.0505,0.0061,0.9696
2026-07-22,wing_above,7000.0,2026-08-28,37,32.7,33.0,32.85,0.207205304926076,5.2225,0.3,0.0574,0.0091,0.9323
2026-07-22,wing_below,6990.0,2026-08-28,37,32.0,32.3,32.15,0.207985232557886,5.1212,0.3,0.0586,0.0093,0.931
2026-07-22,short_above,7320.0,2026-08-28,37,73.3,73.7,73.5,0.166170797777832,8.3073,0.4,0.0482,0.0054,0.9749
2026-07-22,wing_above,7050.0,2026-08-28,37,36.8,37.1,36.95,0.20055737569577,5.6617,0.3,0.053,0.0081,0.939
2026-07-22,wing_below,7025.0,2026-08-28,37,34.6,34.9,34.75,0.203701993966591,5.4387,0.3,0.0552,0.0086,0.9357
2026-07-22,short_above,7310.0,2026-08-28,37,71.2,71.6,71.4,0.167383062770819,8.2151,0.4,0.0487,0.0056,0.9736
2026-07-22,short_below,7300.0,2026-08-28,37,69.3,69.7,69.5,0.168169126832874,8.0902,0.4,0.0494,0.0058,0.9723
2026-07-22,wing_below,7025.0,2026-08-28,37,34.6,34.9,34.75,0.203701993966591,5.4387,0.3,0.0552,0.0086,0.9357
2026-07-22,short_above,7220.0,2026-08-28,37,56.2,56.6,56.4,0.179003929159358,7.2858,0.4,0.0549,0.0071,0.9616
2026-07-22,short_below,7210.0,2026-08-28,37,54.7,55.1,54.9,0.180174963798043,7.1994,0.4,0.0556,0.0073,0.9603
2026-07-22,wing_above,6925.0,2026-08-28,37,27.4,27.7,27.55,0.216275985421688,4.5898,0.3,0.0654,0.0109,0.9223
2026-07-22,wing_below,6900.0,2026-08-28,37,25.9,26.2,26.05,0.219874296377232,4.404,0.3,0.0681,0.0115,0.919
2026-07-22,short_above,7225.0,2026-08-31,40,59.4,59.8,59.6,0.174906937169704,7.6868,0.4,0.052,0.0067,0.9623
2026-07-22,short_below,7220.0,2026-08-31,40,58.6,59.0,58.8,0.175531842140683,7.631,0.4,0.0524,0.0068,0.9616
2026-07-22,wing_above,6920.0,2026-08-31,40,28.8,29.1,28.95,0.212856184579282,4.8522,0.3,0.0618,0.0104,0.9217
2026-07-22,wing_below,6915.0,2026-08-31,40,28.5,28.8,28.65,0.213496954407692,4.8155,0.3,0.0623,0.0105,0.921
2026-07-22,short_above,7230.0,2026-08-31,40,60.1,60.5,60.3,0.174283410053233,7.7378,0.4,0.0517,0.0066,0.963
2026-07-22,short_below,7225.0,2026-08-31,40,59.4,59.8,59.6,0.175104010815844,7.6868,0.4,0.052,0.0067,0.9623
2026-07-22,wing_above,6930.0,2026-08-31,40,29.4,29.7,29.55,0.211577091475502,4.9311,0.3,0.0608,0.0102,0.923
2026-07-22,short_above,7125.0,2026-08-07,16,15.9,16.1,16.0,0.199954868854961,2.9723,0.2,0.0673,0.0125,0.9491
2026-07-22,short_below,7100.0,2026-08-07,16,14.4,14.7,14.55,0.204036911884928,2.7729,0.3,0.1082,0.0206,0.9458
2026-07-22,wing_above,6925.0,2026-08-07,16,7.8,8.1,7.95,0.234387350666622,1.7223,0.3,0.1742,0.0377,0.9225
2026-07-22,wing_below,6900.0,2026-08-07,16,7.3,7.5,7.4,0.23898136984009,1.6143,0.2,0.1239,0.027,0.9192
2026-07-22,short_above,7275.0,2026-08-21,30,54.3,54.6,54.45,0.171188252464836,6.8029,0.3,0.0441,0.0055,0.9691
2026-07-22,short_below,7270.0,2026-08-21,30,53.5,53.8,53.65,0.171877619872176,6.7508,0.3,0.0444,0.0056,0.9685
2026-07-22,wing_above,7075.0,2026-08-21,30,30.5,30.8,30.65,0.198525759078878,4.8246,0.3,0.0622,0.0098,0.9425
2026-07-22,wing_below,7070.0,2026-08-21,30,30.2,30.4,30.3,0.199209542303254,4.7803,0.2,0.0418,0.0066,0.9418
2026-07-22,short_above,7295.0,2026-08-21,30,57.7,58.0,57.85,0.168423776712243,7.0105,0.3,0.0428,0.0052,0.9718
2026-07-22,short_below,7280.0,2026-08-28,37,67.2,67.6,67.4,0.171616839268244,7.8547,0.4,0.0509,0.0059,0.9698
2026-07-22,wing_above,7000.0,2026-08-28,37,33.4,33.7,33.55,0.206951330901592,5.1585,0.3,0.0582,0.0089,0.9325
2026-07-22,wing_below,6990.0,2026-08-28,37,32.5,32.9,32.7,0.208214625730564,5.0819,0.4,0.0787,0.0122,0.9312
2026-07-22,short_above,7320.0,2026-08-28,37,74.6,75.0,74.8,0.166373081400547,8.2557,0.4,0.0485,0.0053,0.9751
2026-07-22,wing_above,7050.0,2026-08-28,37,37.5,37.9,37.7,0.200673751178567,5.6019,0.4,0.0714,0.0106,0.9391
2026-07-22,short_below,7300.0,2026-08-28,37,70.8,71.1,70.95,0.168990539997424,8.0605,0.3,0.0372,0.0042,0.9726
2026-07-22,wing_below,7025.0,2026-08-28,37,35.3,35.7,35.5,0.203701993966591,5.4088,0.4,0.074,0.0113,0.9359
2026-07-22,short_above,7220.0,2026-08-28,37,57.5,57.9,57.7,0.179250789963929,7.2555,0.4,0.0551,0.0069,0.9619
2026-07-22,short_below,7210.0,2026-08-28,37,56.0,56.4,56.2,0.18051476753352,7.1526,0.4,0.0559,0.0071,0.9606
2026-07-22,wing_below,6900.0,2026-08-28,37,26.6,26.9,26.75,0.219692067437332,4.3792,0.3,0.0685,0.0112,0.9193
2026-07-22,short_above,7225.0,2026-08-31,40,60.9,61.3,61.1,0.175413404242132,7.6202,0.4,0.0525,0.0065,0.9626
2026-07-22,short_below,7220.0,2026-08-31,40,60.2,60.5,60.35,0.176017203882493,7.5741,0.3,0.0396,0.005,0.9619
2026-07-22,wing_above,6920.0,2026-08-31,40,29.6,29.9,29.75,0.212887671249094,4.7901,0.3,0.0626,0.0101,0.9219
2026-07-22,wing_below,6915.0,2026-08-31,40,29.4,29.7,29.55,0.213512516274802,4.7585,0.3,0.063,0.0102,0.9213
2026-07-22,short_above,7230.0,2026-08-31,40,61.8,62.2,62.0,0.174808351445179,7.6798,0.4,0.0521,0.0065,0.9632
2026-07-22,short_below,7225.0,2026-08-31,40,61.0,61.4,61.2,0.175104010815844,7.6202,0.4,0.0525,0.0065,0.9626
2026-07-22,wing_above,6930.0,2026-08-31,40,30.3,30.7,30.5,0.211641652472542,4.8677,0.4,0.0822,0.0131,0.9233
2026-07-22,wing_below,6920.0,2026-08-31,40,29.7,30.0,29.85,0.212951043296099,4.7901,0.3,0.0626,0.0101,0.9219
2026-07-22,short_above,7125.0,2026-08-07,16,14.7,14.9,14.8,0.201590638142458,2.8072,0.2,0.0712,0.0135,0.9486
2026-07-22,short_below,7100.0,2026-08-07,16,13.3,13.6,13.45,0.20584878590908,2.6143,0.3,0.1148,0.0223,0.9452
2026-07-22,wing_above,6925.0,2026-08-07,16,7.2,7.5,7.35,0.237092512268525,1.6041,0.3,0.187,0.0408,0.9219
2026-07-22,wing_below,6900.0,2026-08-07,16,6.7,6.9,6.8,0.241751590743808,1.5008,0.2,0.1333,0.0294,0.9186
2026-07-22,short_above,7275.0,2026-08-21,30,51.8,52.2,52.0,0.171086210382779,6.7138,0.4,0.0596,0.0077,0.9685
2026-07-22,short_below,7270.0,2026-08-21,30,50.9,51.3,51.1,0.171789585890241,6.6618,0.4,0.06,0.0078,0.9679
2026-07-22,wing_above,7075.0,2026-08-21,30,28.9,29.2,29.05,0.199010067259604,4.7426,0.3,0.0633,0.0103,0.9419
2026-07-22,wing_below,7070.0,2026-08-21,30,28.6,28.9,28.75,0.199705920047186,4.6986,0.3,0.0638,0.0104,0.9412
2026-07-22,short_above,7295.0,2026-08-21,30,55.0,55.4,55.2,0.170817670563931,6.9174,0.4,0.0578,0.0072,0.9712
2026-07-22,short_below,7280.0,2026-08-21,30,52.4,52.9,52.65,0.170382482220543,6.7657,0.5,0.0739,0.0095,0.9692
2026-07-22,wing_above,7090.0,2026-08-21,30,30.1,30.4,30.25,0.196923422236034,4.8768,0.3,0.0615,0.0099,0.9439
2026-07-22,wing_below,7085.0,2026-08-21,30,29.7,30.0,29.85,0.197573844630645,4.8317,0.3,0.0621,0.0101,0.9432
2026-07-22,short_above,7225.0,2026-08-21,30,44.3,44.6,44.45,0.178105639266337,6.1898,0.3,0.0485,0.0067,0.9619
2026-07-22,short_below,7220.0,2026-08-21,30,43.6,43.9,43.75,0.178805924324937,6.1383,0.3,0.0489,0.0069,0.9612
2026-07-22,wing_above,7020.0,2026-08-21,30,24.8,25.1,24.95,0.206679973574913,4.2762,0.3,0.0702,0.012,0.9346
2026-07-22,short_below,7275.0,2026-08-21,30,51.4,52.6,52.0,0.171509779424494,6.7138,1.2,0.1787,0.0231,0.9685
2026-07-22,wing_above,6985.0,2026-08-21,30,22.5,22.8,22.65,0.21158901169649,4.0019,0.3,0.075,0.0132,0.9299
2026-07-22,wing_below,6980.0,2026-08-21,30,22.2,22.5,22.35,0.21229284308937,3.9641,0.3,0.0757,0.0134,0.9293
2026-07-22,short_above,7330.0,2026-08-21,30,60.5,60.9,60.7,0.163263878370591,7.2553,0.4,0.0551,0.0066,0.9758
2026-07-22,short_below,7325.0,2026-08-21,30,59.6,60.0,59.8,0.163976178397281,7.2029,0.4,0.0555,0.0067,0.9748
2026-07-22,wing_above,7065.0,2026-08-21,30,27.9,28.2,28.05,0.200470556088579,4.6535,0.3,0.0645,0.0107,0.9402
2026-07-22,wing_below,7060.0,2026-08-21,30,27.5,27.8,27.65,0.201165116294915,4.6103,0.3,0.0651,0.0108,0.9396
2026-07-22,short_above,7320.0,2026-08-28,37,71.2,71.8,71.5,0.166304715334362,8.1781,0.6,0.0734,0.0084,0.9742
2026-07-22,short_below,7310.0,2026-08-28,37,69.5,69.9,69.7,0.167624003428038,8.0811,0.4,0.0495,0.0057,0.9728
2026-07-22,wing_above,7050.0,2026-08-28,37,35.8,36.1,35.95,0.201048131507691,5.5306,0.3,0.0542,0.0083,0.9382
2026-07-22,wing_below,7025.0,2026-08-28,37,33.8,34.1,33.95,0.204239387146497,5.3098,0.3,0.0565,0.0088,0.9349
2026-07-22,short_above,7290.0,2026-08-28,37,65.9,66.4,66.15,0.17156433017653,7.884,0.5,0.0634,0.0076,0.9702
2026-07-22,short_below,7280.0,2026-08-28,37,64.3,64.8,64.55,0.171561684803866,7.7842,0.5,0.0642,0.0077,0.9688
2026-07-22,wing_above,7000.0,2026-08-28,37,31.8,32.1,31.95,0.207444211101623,5.0964,0.3,0.0589,0.0094,0.9316
2026-07-22,wing_below,6990.0,2026-08-28,37,31.1,31.5,31.3,0.208730667618463,4.9982,0.4,0.08,0.0128,0.9302
2026-07-22,short_above,7320.0,2026-08-28,37,71.6,72.1,71.85,0.16755613853844,8.1781,0.5,0.0611,0.007,0.9742
2026-07-22,wing_above,7050.0,2026-08-28,37,35.9,36.2,36.05,0.202479991638162,5.5306,0.3,0.0542,0.0083,0.9382
2026-07-22,wing_below,7025.0,2026-08-28,37,33.8,34.1,33.95,0.205734417214136,5.3098,0.3,0.0565,0.0088,0.9349
2026-07-22,short_below,7300.0,2026-08-28,37,68.0,68.4,68.2,0.16893988666143,7.9864,0.4,0.0501,0.0059,0.9715
2026-07-22,wing_above,7050.0,2026-08-28,37,36.0,36.3,36.15,0.202479991638162,5.5346,0.3,0.0542,0.0083,0.9382
2026-07-22,wing_below,7025.0,2026-08-28,37,33.8,34.1,33.95,0.205734417214136,5.3139,0.3,0.0565,0.0088,0.9349
2026-07-22,short_above,7220.0,2026-08-28,37,54.9,55.3,55.1,0.179353965436202,7.1814,0.4,0.0557,0.0073,0.9608
2026-07-22,short_below,7210.0,2026-08-28,37,53.5,53.9,53.7,0.180642995418468,7.0801,0.4,0.0565,0.0074,0.9595
2026-07-22,wing_above,6925.0,2026-08-28,37,26.8,27.1,26.95,0.217166602427782,4.5048,0.3,0.0666,0.0111,0.9216
2026-07-22,wing_below,6900.0,2026-08-28,37,25.3,25.6,25.45,0.220448239575972,4.3215,0.3,0.0694,0.0118,0.9183
2026-07-22,short_above,7225.0,2026-08-31,40,58.1,58.5,58.3,0.176945948290091,7.595,0.4,0.0527,0.0069,0.9615
2026-07-22,short_below,7220.0,2026-08-31,40,57.4,57.9,57.65,0.176277655929659,7.5364,0.5,0.0663,0.0087,0.9608
2026-07-22,wing_above,6920.0,2026-08-31,40,28.2,28.5,28.35,0.213843951718744,4.7761,0.3,0.0628,0.0106,0.9209
2026-07-22,wing_below,6915.0,2026-08-31,40,27.8,28.2,28.0,0.215633055773348,4.7328,0.4,0.0845,0.0143,0.9203
2026-07-22,short_above,7230.0,2026-08-31,40,59.0,59.4,59.2,0.175021550264058,7.639,0.4,0.0524,0.0068,0.9622
2026-07-22,short_below,7225.0,2026-08-31,40,58.2,58.6,58.4,0.176945948290091,7.595,0.4,0.0527,0.0068,0.9615
2026-07-22,wing_above,6930.0,2026-08-31,40,28.8,29.2,29.0,0.212589853401767,4.854,0.4,0.0824,0.0138,0.9223
2026-07-22,wing_below,6920.0,2026-08-31,40,28.2,28.5,28.35,0.215083873438456,4.7761,0.3,0.0628,0.0106,0.9209
2026-07-22,short_above,7275.0,2026-09-04,44,73.9,74.3,74.1,0.171776439160979,8.6361,0.4,0.0463,0.0054,0.9682
2026-07-22,short_below,7250.0,2026-09-04,44,69.5,69.9,69.7,0.174888982567973,8.39,0.4,0.0477,0.0057,0.9648
2026-07-22,wing_above,6975.0,2026-09-04,44,37.5,37.9,37.7,0.208452498932566,5.7719,0.4,0.0693,0.0106,0.9284
2026-07-22,wing_below,6950.0,2026-09-04,44,35.6,35.9,35.75,0.211481543229062,5.5626,0.3,0.0539,0.0084,0.925
2026-07-23,short_above,7125.0,2026-08-07,15,13.4,13.6,13.5,0.20202390426969,2.6755,0.2,0.0748,0.0148,0.947
2026-07-23,short_below,7100.0,2026-08-07,15,12.2,12.4,12.3,0.206245318512848,2.4901,0.2,0.0803,0.0163,0.9437
2026-07-23,wing_above,6925.0,2026-08-07,15,6.6,6.8,6.7,0.237458050265499,1.522,0.2,0.1314,0.0299,0.9204
2026-07-23,wing_below,6900.0,2026-08-07,15,6.1,6.3,6.2,0.242982191383489,1.4351,0.2,0.1394,0.0323,0.9171
2026-07-23,short_above,7275.0,2026-08-21,29,49.2,49.5,49.35,0.171746448490349,6.5648,0.3,0.0457,0.0061,0.967
2026-07-23,short_below,7270.0,2026-08-21,29,48.4,48.7,48.55,0.172452990428538,6.5126,0.3,0.0461,0.0062,0.9663
2026-07-23,wing_above,7075.0,2026-08-21,29,27.5,27.7,27.6,0.199539800839228,4.6117,0.2,0.0434,0.0072,0.9404
2026-07-23,wing_below,7070.0,2026-08-21,29,27.1,27.3,27.2,0.200325764561264,4.5685,0.2,0.0438,0.0074,0.9397
2026-07-23,short_above,7295.0,2026-08-21,29,52.0,52.3,52.15,0.168911247750178,6.7655,0.3,0.0443,0.0058,0.9696
2026-07-23,short_below,7280.0,2026-08-21,29,49.6,49.9,49.75,0.171039024061588,6.6169,0.3,0.0453,0.006,0.9676
2026-07-23,wing_above,7090.0,2026-08-21,29,28.5,28.8,28.65,0.197546558321949,4.7187,0.3,0.0636,0.0105,0.9424
2026-07-23,wing_below,7085.0,2026-08-21,29,28.2,28.4,28.3,0.197573844630645,4.6991,0.2,0.0426,0.0071,0.9417
2026-07-23,short_above,7225.0,2026-08-21,29,42.1,42.4,42.25,0.178776981881082,6.022,0.3,0.0498,0.0071,0.9603
2026-07-23,short_below,7220.0,2026-08-21,29,41.6,41.8,41.7,0.179476300403708,5.9706,0.2,0.0335,0.0048,0.9596
2026-07-23,wing_above,7020.0,2026-08-21,29,23.7,23.9,23.8,0.207298530316431,4.1318,0.2,0.0484,0.0084,0.9331
2026-07-23,wing_below,7010.0,2026-08-21,29,23.0,23.3,23.15,0.208699268381145,4.0535,0.3,0.074,0.013,0.9317
2026-07-23,short_above,7280.0,2026-08-21,29,49.7,49.9,49.8,0.170800012929051,6.6169,0.2,0.0302,0.004,0.9676
2026-07-23,wing_above,6985.0,2026-08-21,29,21.6,21.8,21.7,0.212213339211341,3.864,0.2,0.0518,0.0092,0.9284
2026-07-23,wing_below,6980.0,2026-08-21,29,21.3,21.5,21.4,0.211761490042097,3.8272,0.2,0.0523,0.0093,0.9277
2026-07-23,short_above,7330.0,2026-08-21,29,57.8,58.1,57.95,0.163914608359944,7.1147,0.3,0.0422,0.0052,0.9743
2026-07-23,short_below,7325.0,2026-08-21,29,56.9,57.2,57.05,0.164630922147602,7.0765,0.3,0.0424,0.0053,0.9736
2026-07-23,wing_above,7065.0,2026-08-21,29,26.7,27.0,26.85,0.200312282937501,4.5013,0.3,0.0666,0.0112,0.939
2026-07-23,wing_below,7060.0,2026-08-21,29,26.4,26.6,26.5,0.201717024561979,4.4589,0.2,0.0449,0.0075,0.9384
2026-07-23,short_above,7320.0,2026-08-28,36,68.7,69.1,68.9,0.167025059533893,8.032,0.4,0.0498,0.0058,0.9729
2026-07-23,short_below,7310.0,2026-08-28,36,66.9,67.3,67.1,0.167624003428038,8.0845,0.4,0.0495,0.006,0.9716
2026-07-23,wing_above,7050.0,2026-08-28,36,34.6,34.9,34.75,0.202120346597729,5.3923,0.3,0.0556,0.0086,0.937
2026-07-23,short_above,7290.0,2026-08-28,36,63.3,63.7,63.5,0.171546149828313,7.7331,0.4,0.0517,0.0063,0.9689
2026-07-23,short_below,7280.0,2026-08-28,36,61.7,62.1,61.9,0.172380724284758,7.6323,0.4,0.0524,0.0065,0.9675
2026-07-23,wing_above,7000.0,2026-08-28,36,30.7,31.0,30.85,0.209118089277413,4.9653,0.3,0.0604,0.0097,0.9303
2026-07-23,wing_below,6990.0,2026-08-28,36,29.9,30.3,30.1,0.209809843274085,4.8872,0.4,0.0818,0.0133,0.929
2026-07-23,short_above,7320.0,2026-08-28,36,68.6,68.9,68.75,0.16755613853844,8.032,0.3,0.0374,0.0044,0.9728
2026-07-23,short_below,7310.0,2026-08-28,36,66.7,67.1,66.9,0.167208746019495,7.9331,0.4,0.0504,0.006,0.9715
2026-07-23,wing_below,7025.0,2026-08-28,36,32.5,32.9,32.7,0.205734417214136,5.3139,0.4,0.0753,0.0122,0.9336
2026-07-23,short_above,7310.0,2026-08-28,36,66.9,67.3,67.1,0.167208746019495,7.9436,0.4,0.0504,0.006,0.9715
2026-07-23,short_below,7300.0,2026-08-28,36,65.2,65.6,65.4,0.170195713530819,7.8441,0.4,0.051,0.0061,0.9702
2026-07-23,wing_above,7050.0,2026-08-28,36,34.6,34.9,34.75,0.202120346597729,5.4046,0.3,0.0555,0.0086,0.937
2026-07-23,short_above,7220.0,2026-08-28,36,52.9,53.2,53.05,0.180813986092061,7.0353,0.3,0.0426,0.0057,0.9595
2026-07-23,short_below,7210.0,2026-08-28,36,51.5,51.9,51.7,0.181574199584527,6.9342,0.4,0.0577,0.0077,0.9582
2026-07-23,wing_above,6925.0,2026-08-28,36,25.9,26.2,26.05,0.218668346415927,4.3919,0.3,0.0683,0.0115,0.9203
2026-07-23,wing_below,6900.0,2026-08-28,36,24.5,24.8,24.65,0.221492948552033,4.2119,0.3,0.0712,0.0122,0.917
2026-07-23,short_above,7225.0,2026-08-31,39,56.2,56.5,56.35,0.176403649352036,7.4457,0.3,0.0403,0.0053,0.9602
2026-07-23,short_below,7220.0,2026-08-31,39,55.5,55.8,55.65,0.177031827182794,7.4032,0.3,0.0405,0.0054,0.9595
2026-07-23,wing_above,6920.0,2026-08-31,39,27.4,27.7,27.55,0.215083873438456,4.6544,0.3,0.0645,0.0109,0.9197
2026-07-23,wing_below,6915.0,2026-08-31,39,27.2,27.4,27.3,0.215259657850751,4.6288,0.2,0.0432,0.0073,0.919
2026-07-23,short_above,7230.0,2026-08-31,39,57.2,57.5,57.35,0.175774325066666,7.5192,0.3,0.0399,0.0052,0.9609
2026-07-23,short_below,7225.0,2026-08-31,39,56.4,56.8,56.6,0.176945948290091,7.4457,0.4,0.0537,0.0071,0.9602
2026-07-23,wing_above,6930.0,2026-08-31,39,28.1,28.3,28.2,0.213989911847878,4.7368,0.2,0.0422,0.0071,0.921
2026-07-23,wing_below,6920.0,2026-08-31,39,27.4,27.7,27.55,0.214614156799725,4.6544,0.3,0.0645,0.0109,0.9197
2026-07-23,short_above,7275.0,2026-09-04,43,71.7,72.2,71.95,0.172644123325405,8.5077,0.5,0.0588,0.0069,0.9669
2026-07-23,short_below,7250.0,2026-09-04,43,67.5,67.8,67.65,0.175774366998426,8.2589,0.3,0.0363,0.0044,0.9635
2026-07-23,wing_above,6975.0,2026-09-04,43,36.4,36.7,36.55,0.20924082971041,5.6482,0.3,0.0531,0.0082,0.927
2026-07-23,wing_below,6950.0,2026-09-04,43,34.6,34.9,34.75,0.212272771022045,5.4418,0.3,0.0551,0.0086,0.9237
2026-07-23,short_above,7125.0,2026-08-07,15,14.5,14.7,14.6,0.201731618408559,2.7858,0.2,0.0718,0.0137,0.9487
2026-07-23,short_below,7100.0,2026-08-07,15,13.1,13.3,13.2,0.205961024984237,2.5942,0.2,0.0771,0.0152,0.9454
2026-07-23,wing_above,6925.0,2026-08-07,15,7.0,7.2,7.1,0.237360092159779,1.5958,0.2,0.1253,0.0282,0.9221
2026-07-23,wing_below,6900.0,2026-08-07,15,6.5,6.7,6.6,0.24208621521659,1.4977,0.2,0.1335,0.0303,0.9187
2026-07-23,short_above,7275.0,2026-08-21,29,51.6,51.9,51.75,0.171596402924811,6.7011,0.3,0.0448,0.0058,0.9687
2026-07-23,short_below,7270.0,2026-08-21,29,50.8,51.1,50.95,0.172309259184619,6.6495,0.3,0.0451,0.0059,0.968
2026-07-23,wing_above,7075.0,2026-08-21,29,29.0,29.3,29.15,0.19973511720779,4.7426,0.3,0.0633,0.0103,0.942
2026-07-23,wing_below,7070.0,2026-08-21,29,28.6,28.8,28.7,0.200434784539304,4.6988,0.2,0.0426,0.007,0.9414
2026-07-23,short_above,7295.0,2026-08-21,29,54.8,55.1,54.95,0.168701733938041,6.8943,0.3,0.0435,0.0055,0.9712
2026-07-23,short_below,7280.0,2026-08-21,29,52.3,52.6,52.45,0.170850129854363,6.7357,0.3,0.0445,0.0057,0.9692
2026-07-23,wing_above,7090.0,2026-08-21,29,30.2,30.4,30.3,0.196925574666319,4.8595,0.2,0.0412,0.0066,0.9439
2026-07-23,wing_below,7085.0,2026-08-21,29,29.8,30.0,29.9,0.197573844630645,4.8312,0.2,0.0414,0.0067,0.9433
2026-07-23,short_above,7225.0,2026-08-21,29,44.3,44.6,44.45,0.178671855431373,6.1682,0.3,0.0486,0.0067,0.9619
2026-07-23,short_below,7220.0,2026-08-21,29,43.7,43.9,43.8,0.179378870025941,6.117,0.2,0.0327,0.0046,0.9613
2026-07-23,wing_above,7020.0,2026-08-21,29,24.9,25.1,25.0,0.207451961081113,4.2643,0.2,0.0469,0.008,0.9346
2026-07-23,wing_below,7010.0,2026-08-21,29,24.3,24.5,24.4,0.209935564252534,4.1847,0.2,0.0478,0.0082,0.9333
2026-07-23,short_above,7280.0,2026-08-21,29,52.2,52.6,52.4,0.170800012929051,6.7357,0.4,0.0594,0.0076,0.9692
2026-07-23,wing_above,6985.0,2026-08-21,29,22.8,23.0,22.9,0.212398553454699,3.9916,0.2,0.0501,0.0087,0.93
2026-07-23,wing_below,6980.0,2026-08-21,29,22.5,22.7,22.6,0.214253644927077,3.9541,0.2,0.0506,0.0088,0.9293
2026-07-23,short_above,7330.0,2026-08-21,29,60.8,61.2,61.0,0.163661495114045,7.2587,0.4,0.0551,0.0066,0.9759
2026-07-23,short_below,7325.0,2026-08-21,29,59.8,60.1,59.95,0.165390179768967,7.1995,0.3,0.0417,0.005,0.9752
2026-07-23,wing_above,7065.0,2026-08-21,29,28.2,28.4,28.3,0.20112772223049,4.6395,0.2,0.0431,0.0071,0.9406
2026-07-23,wing_below,7060.0,2026-08-21,29,27.9,28.1,28.0,0.20100868750469,4.5964,0.2,0.0435,0.0071,0.9399
2026-07-23,short_above,7320.0,2026-08-28,36,71.9,72.3,72.1,0.166835464889242,8.1577,0.4,0.049,0.0055,0.9746
2026-07-23,wing_above,7050.0,2026-08-28,36,36.3,36.6,36.45,0.202192702177185,5.5327,0.3,0.0542,0.0082,0.9386
2026-07-23,short_above,7290.0,2026-08-28,36,66.5,66.8,66.65,0.170846265518329,7.865,0.3,0.0381,0.0045,0.9706
2026-07-23,short_below,7280.0,2026-08-28,36,64.9,65.3,65.1,0.172176267180304,7.7658,0.4,0.0515,0.0061,0.9692
2026-07-23,wing_above,7000.0,2026-08-28,36,32.3,32.6,32.45,0.208631068150671,5.101,0.3,0.0588,0.0092,0.932
2026-07-23,wing_below,6990.0,2026-08-28,36,31.6,31.9,31.75,0.209920962998104,5.0129,0.3,0.0598,0.0094,0.9306
2026-07-23,short_above,7320.0,2026-08-28,36,72.2,72.6,72.4,0.16755613853844,8.1577,0.4,0.049,0.0055,0.9746
2026-07-23,short_below,7310.0,2026-08-28,36,70.5,70.8,70.65,0.167208746019495,7.9817,0.3,0.0376,0.0042,0.9732
2026-07-23,wing_above,7050.0,2026-08-28,36,36.5,36.8,36.65,0.202479991638162,5.5327,0.3,0.0542,0.0082,0.9386
2026-07-23,short_below,7300.0,2026-08-28,36,68.5,68.9,68.7,0.168585934417581,7.9895,0.4,0.0501,0.0058,0.972
2026-07-23,wing_above,7050.0,2026-08-28,36,36.4,36.7,36.55,0.202479991638162,5.5327,0.3,0.0542,0.0082,0.9387
2026-07-23,wing_below,7025.0,2026-08-28,36,34.4,34.6,34.5,0.205734417214136,5.3374,0.2,0.0375,0.0058,0.9354
2026-07-23,short_above,7220.0,2026-08-28,36,55.7,56.0,55.85,0.180224755107154,7.1929,0.3,0.0417,0.0054,0.9614
2026-07-23,short_below,7210.0,2026-08-28,36,54.3,54.6,54.45,0.181534786390812,7.0926,0.3,0.0423,0.0055,0.96
2026-07-23,wing_above,6925.0,2026-08-28,36,27.3,27.6,27.45,0.218365231185282,4.5304,0.3,0.0662,0.0109,0.9221
2026-07-23,wing_below,6900.0,2026-08-28,36,25.8,26.0,25.9,0.221668227577355,4.3475,0.2,0.046,0.0077,0.9188
2026-07-23,short_above,7225.0,2026-08-31,39,59.0,59.4,59.2,0.17641185707528,7.6058,0.4,0.0526,0.0068,0.962
2026-07-23,short_below,7220.0,2026-08-31,39,58.2,58.6,58.4,0.177045769226302,7.5519,0.4,0.053,0.0068,0.9614
2026-07-23,wing_above,6920.0,2026-08-31,39,28.7,29.1,28.9,0.214749109343609,4.7919,0.4,0.0835,0.0138,0.9214
2026-07-23,wing_below,6915.0,2026-08-31,39,28.4,28.7,28.55,0.215392249808818,4.7555,0.3,0.0631,0.0105,0.9208
2026-07-23,short_above,7230.0,2026-08-31,39,59.7,60.1,59.9,0.175776780389013,7.6513,0.4,0.0523,0.0067,0.9627
2026-07-23,wing_above,6930.0,2026-08-31,39,29.3,29.7,29.5,0.213464475044581,4.8718,0.4,0.0821,0.0136,0.9228
2026-07-23,wing_below,6920.0,2026-08-31,39,28.7,29.0,28.85,0.215083873438456,4.7919,0.3,0.0626,0.0104,0.9214
2026-07-23,short_above,7275.0,2026-09-04,43,74.7,75.1,74.9,0.172528354540165,8.6424,0.4,0.0463,0.0053,0.9687
2026-07-23,short_below,7250.0,2026-09-04,43,70.4,70.8,70.6,0.175647986205159,8.4012,0.4,0.0476,0.0057,0.9654
2026-07-23,wing_above,6975.0,2026-09-04,43,38.1,38.4,38.25,0.209395211787849,5.7995,0.3,0.0517,0.0078,0.9287
2026-07-23,wing_below,6950.0,2026-09-04,43,36.2,36.5,36.35,0.212452695739578,5.5909,0.3,0.0537,0.0083,0.9254
2026-07-23,short_above,7125.0,2026-08-07,15,14.1,14.4,14.25,0.200429422906163,2.752,0.3,0.109,0.0211,0.9486
2026-07-23,short_below,7100.0,2026-08-07,15,12.8,13.0,12.9,0.204613784007251,2.5597,0.2,0.0781,0.0155,0.9453
2026-07-23,wing_above,6925.0,2026-08-07,15,6.8,7.0,6.9,0.235748791263727,1.5674,0.2,0.1276,0.029,0.922
2026-07-23,wing_below,6900.0,2026-08-07,15,6.3,6.4,6.35,0.240437646076909,1.4645,0.1,0.0683,0.0157,0.9187
2026-07-23,short_above,7275.0,2026-08-21,29,51.6,51.9,51.75,0.171032479137907,6.6879,0.3,0.0449,0.0058,0.9686
2026-07-23,short_below,7270.0,2026-08-21,29,50.8,51.2,51.0,0.171744620648102,6.6361,0.4,0.0603,0.0078,0.9679
2026-07-23,wing_above,7075.0,2026-08-21,29,28.9,29.2,29.05,0.199186887341028,4.7247,0.3,0.0635,0.0103,0.942
2026-07-23,wing_below,7070.0,2026-08-21,29,28.5,28.7,28.6,0.199680500853943,4.6809,0.2,0.0427,0.007,0.9415
2026-07-23,short_above,7295.0,2026-08-21,29,54.7,55.0,54.85,0.168010649864018,6.9079,0.3,0.0434,0.0055,0.9715
2026-07-23,short_below,7280.0,2026-08-21,29,52.4,52.6,52.5,0.170160174134532,6.7397,0.2,0.0297,0.0038,0.9695
2026-07-23,wing_above,7090.0,2026-08-21,29,30.2,30.4,30.3,0.196907381490897,4.8581,0.2,0.0412,0.0066,0.9442
2026-07-23,wing_below,7085.0,2026-08-21,29,29.7,29.9,29.8,0.197604711670572,4.8133,0.2,0.0416,0.0067,0.9435
2026-07-23,short_above,7225.0,2026-08-21,29,44.4,44.7,44.55,0.177986006276525,6.1769,0.3,0.0486,0.0067,0.9622
2026-07-23,short_below,7220.0,2026-08-21,29,43.8,44.0,43.9,0.178693224068069,6.1256,0.2,0.0326,0.0046,0.9615
2026-07-23,wing_above,7020.0,2026-08-21,29,24.9,25.1,25.0,0.206685437130888,4.2633,0.2,0.0469,0.008,0.9349
2026-07-23,wing_below,7010.0,2026-08-21,29,24.2,24.4,24.3,0.208087639790378,4.1832,0.2,0.0478,0.0082,0.9335
2026-07-23,short_above,7280.0,2026-08-21,29,52.3,52.6,52.45,0.170800012929051,6.7397,0.3,0.0445,0.0057,0.9695
2026-07-23,wing_below,6980.0,2026-08-21,29,22.4,22.6,22.5,0.214253644927077,3.951,0.2,0.0506,0.0089,0.9295
2026-07-23,short_above,7330.0,2026-08-21,29,61.0,61.4,61.2,0.162965319332237,7.257,0.4,0.0551,0.0065,0.9761
2026-07-23,short_below,7325.0,2026-08-21,29,60.1,60.4,60.25,0.163688836061476,7.2131,0.3,0.0416,0.005,0.9755
2026-07-23,wing_above,7065.0,2026-08-21,29,28.2,28.4,28.3,0.200394749106661,4.641,0.2,0.0431,0.0071,0.9408
2026-07-23,wing_below,7060.0,2026-08-21,29,27.7,28.0,27.85,0.201092599104866,4.5977,0.3,0.0653,0.0108,0.9402
2026-07-23,short_above,7320.0,2026-08-28,36,71.9,72.3,72.1,0.166053873519675,8.1663,0.4,0.049,0.0055,0.9748
2026-07-23,short_below,7310.0,2026-08-28,36,69.8,70.2,70.0,0.168270107182464,8.0865,0.4,0.0495,0.0057,0.9735
2026-07-23,wing_above,7050.0,2026-08-28,36,36.1,36.4,36.25,0.201564876359574,5.5365,0.3,0.0542,0.0083,0.9388
2026-07-23,wing_below,7025.0,2026-08-28,36,34.0,34.3,34.15,0.205734417214136,5.3374,0.3,0.0562,0.0088,0.9355
2026-07-23,short_above,7290.0,2026-08-28,36,66.3,66.7,66.5,0.170116972311738,7.8739,0.4,0.0508,0.006,0.9708
2026-07-23,short_below,7280.0,2026-08-28,36,64.7,65.0,64.85,0.171468634135548,7.7749,0.3,0.0386,0.0046,0.9695
2026-07-23,wing_above,7000.0,2026-08-28,36,32.2,32.4,32.3,0.207998573956711,5.1032,0.2,0.0392,0.0062,0.9322
2026-07-23,wing_below,6990.0,2026-08-28,36,31.5,31.8,31.65,0.209290561640797,5.0194,0.3,0.0598,0.0095,0.9309
2026-07-23,short_above,7320.0,2026-08-28,36,72.1,72.5,72.3,0.16755613853844,8.1663,0.4,0.049,0.0055,0.9748
2026-07-23,short_below,7310.0,2026-08-28,36,70.2,70.6,70.4,0.167208746019495,8.0698,0.4,0.0496,0.0057,0.9735
2026-07-23,wing_below,7025.0,2026-08-28,36,34.1,34.4,34.25,0.205734417214136,5.3163,0.3,0.0564,0.0088,0.9355
2026-07-23,short_below,7300.0,2026-08-28,36,68.4,69.2,68.8,0.16876356435997,7.9795,0.8,0.1003,0.0116,0.9721
2026-07-23,wing_above,7050.0,2026-08-28,36,36.5,36.8,36.65,0.201564876359574,5.5365,0.3,0.0542,0.0082,0.9388
2026-07-23,wing_below,7025.0,2026-08-28,36,34.3,34.7,34.5,0.205734417214136,5.3163,0.4,0.0752,0.0116,0.9355
2026-07-23,short_above,7220.0,2026-08-28,36,55.7,56.0,55.85,0.179614102849311,7.1815,0.3,0.0418,0.0054,0.9616
2026-07-23,short_below,7210.0,2026-08-28,36,54.2,54.6,54.4,0.180932083194783,7.0811,0.4,0.0565,0.0074,0.9603
2026-07-23,wing_above,6925.0,2026-08-28,36,27.2,27.5,27.35,0.217756159303659,4.5148,0.3,0.0664,0.011,0.9223
2026-07-23,wing_below,6900.0,2026-08-28,36,25.8,26.0,25.9,0.221020288372514,4.3314,0.2,0.0462,0.0077,0.919
2026-07-23,short_above,7225.0,2026-08-31,39,59.2,59.5,59.35,0.17577983120173,7.5926,0.3,0.0395,0.0051,0.9622
2026-07-23,short_below,7220.0,2026-08-31,39,58.3,58.7,58.5,0.176414513205848,7.5664,0.4,0.0529,0.0068,0.9616
2026-07-23,wing_above,6920.0,2026-08-31,39,28.8,29.1,28.95,0.214571959639246,4.81,0.3,0.0624,0.0104,0.9216
2026-07-23,wing_below,6915.0,2026-08-31,39,28.5,28.7,28.6,0.215633055773348,4.7696,0.2,0.0419,0.007,0.921
2026-07-23,short_above,7230.0,2026-08-31,39,59.8,60.1,59.95,0.175144692034896,7.6665,0.3,0.0391,0.005,0.9629
2026-07-23,wing_above,6930.0,2026-08-31,39,29.4,29.7,29.55,0.213310796604157,4.8891,0.3,0.0614,0.0102,0.923
2026-07-23,short_above,7275.0,2026-09-04,43,74.8,75.2,75.0,0.171911341924927,8.6555,0.4,0.0462,0.0053,0.9689
2026-07-23,short_below,7250.0,2026-09-04,43,70.5,70.9,70.7,0.175069919739793,8.3915,0.4,0.0477,0.0057,0.9656
2026-07-23,wing_above,6975.0,2026-09-04,43,38.1,38.4,38.25,0.208814033212268,5.7876,0.3,0.0518,0.0078,0.929
2026-07-23,wing_below,6950.0,2026-09-04,43,36.2,36.5,36.35,0.211871153442747,5.5787,0.3,0.0538,0.0083,0.9256
2026-07-23,short_above,7125.0,2026-08-07,15,14.5,14.7,14.6,0.199376556227022,2.8012,0.2,0.0714,0.0137,0.9496
2026-07-23,short_below,7100.0,2026-08-07,15,13.1,13.4,13.25,0.203500249180248,2.6045,0.3,0.1152,0.0226,0.9463
2026-07-23,wing_above,6925.0,2026-08-07,15,6.8,7.1,6.95,0.234112407358787,1.5777,0.3,0.1901,0.0432,0.923
2026-07-23,wing_below,6900.0,2026-08-07,15,6.3,6.5,6.4,0.238731280363598,1.4786,0.2,0.1353,0.0313,0.9196
2026-07-23,short_above,7275.0,2026-08-21,29,52.8,53.0,52.9,0.17026433361503,6.7506,0.2,0.0296,0.0038,0.9696
2026-07-23,short_below,7270.0,2026-08-21,29,52.0,52.3,52.15,0.170978741518721,6.699,0.3,0.0448,0.0058,0.969
2026-07-23,wing_above,7075.0,2026-08-21,29,29.5,29.8,29.65,0.198246759987582,4.78,0.3,0.0628,0.0101,0.943
2026-07-23,wing_below,7070.0,2026-08-21,29,29.2,29.4,29.3,0.198941444181783,4.7357,0.2,0.0422,0.0068,0.9423
2026-07-23,short_above,7295.0,2026-08-21,29,56.2,56.6,56.4,0.167395840966246,6.9707,0.4,0.0574,0.0071,0.9723
2026-07-23,short_below,7280.0,2026-08-21,29,53.8,54.1,53.95,0.169548810087363,6.8022,0.3,0.0441,0.0056,0.9703
2026-07-23,wing_above,7090.0,2026-08-21,29,30.8,31.1,30.95,0.196163849854788,4.9306,0.3,0.0608,0.0097,0.945
2026-07-23,wing_below,7085.0,2026-08-21,29,30.3,30.6,30.45,0.196907421446738,4.8694,0.3,0.0616,0.0099,0.9443
2026-07-23,short_above,7225.0,2026-08-21,29,45.4,45.7,45.55,0.177357907013874,6.2563,0.3,0.048,0.0066,0.963
2026-07-23,short_below,7220.0,2026-08-21,29,44.7,45.0,44.85,0.178061442453674,6.2048,0.3,0.0483,0.0067,0.9623
2026-07-23,wing_above,7020.0,2026-08-21,29,25.4,25.6,25.5,0.205905887093161,4.3237,0.2,0.0463,0.0078,0.9356
2026-07-23,wing_below,7010.0,2026-08-21,29,24.7,24.9,24.8,0.20730413536063,4.2424,0.2,0.0471,0.0081,0.9343
2026-07-23,wing_above,6985.0,2026-08-21,29,23.1,23.3,23.2,0.210810665938561,4.0452,0.2,0.0494,0.0086,0.931
2026-07-23,wing_below,6980.0,2026-08-21,29,22.7,23.0,22.85,0.211514104409571,4.0068,0.3,0.0749,0.0131,0.9303
2026-07-23,short_above,7330.0,2026-08-21,29,62.3,62.6,62.45,0.162341111016764,7.3036,0.3,0.0411,0.0048,0.9769
2026-07-23,short_below,7325.0,2026-08-21,29,61.3,61.6,61.45,0.163033395280825,7.2736,0.3,0.0412,0.0049,0.9764
2026-07-23,wing_above,7065.0,2026-08-21,29,28.6,28.9,28.75,0.199724165843282,4.7064,0.3,0.0637,0.0104,0.9418
2026-07-23,wing_below,7060.0,2026-08-21,29,28.3,28.5,28.4,0.20042317892846,4.6626,0.2,0.0429,0.007,0.9411
2026-07-23,short_above,7320.0,2026-08-28,36,73.3,73.7,73.5,0.165345680720193,8.2341,0.4,0.0486,0.0054,0.9758
2026-07-23,wing_above,7050.0,2026-08-28,36,36.8,37.1,36.95,0.20093430282833,5.6019,0.3,0.0536,0.0081,0.9398
2026-07-23,wing_below,7025.0,2026-08-28,36,34.6,34.9,34.75,0.205734417214136,5.3238,0.3,0.0564,0.0086,0.9364
2026-07-23,short_above,7290.0,2026-08-28,36,67.6,68.0,67.8,0.169379618714342,7.9449,0.4,0.0503,0.0059,0.9718
2026-07-23,short_below,7280.0,2026-08-28,36,65.8,66.1,65.95,0.171009638652292,7.8465,0.3,0.0382,0.0045,0.9704
2026-07-23,wing_above,7000.0,2026-08-28,36,32.6,32.8,32.7,0.207380289197325,5.1652,0.2,0.0387,0.0061,0.9331
2026-07-23,wing_below,6990.0,2026-08-28,36,31.8,32.1,31.95,0.20867316213365,5.0669,0.3,0.0592,0.0094,0.9318
2026-07-23,short_above,7320.0,2026-08-28,36,72.9,73.3,73.1,0.165803246647926,8.2341,0.4,0.0486,0.0055,0.9758
2026-07-23,wing_below,7025.0,2026-08-28,36,34.4,34.7,34.55,0.204039542632557,5.3801,0.3,0.0558,0.0087,0.9364
2026-07-23,short_above,7310.0,2026-08-28,36,70.8,71.2,71.0,0.165468315872961,8.0769,0.4,0.0495,0.0056,0.9744
2026-07-23,short_below,7300.0,2026-08-28,36,68.9,69.2,69.05,0.168036774107483,8.0424,0.3,0.0373,0.0043,0.9731
2026-07-23,wing_below,7025.0,2026-08-28,36,34.4,34.7,34.55,0.204039542632557,5.3801,0.3,0.0558,0.0087,0.9364
2026-07-23,short_above,7220.0,2026-08-28,36,55.9,56.3,56.1,0.178732435456296,7.2117,0.4,0.0555,0.0071,0.9624
2026-07-23,short_below,7210.0,2026-08-28,36,54.6,55.0,54.8,0.18010953904167,7.1111,0.4,0.0562,0.0073,0.9611
2026-07-23,wing_above,6925.0,2026-08-28,36,27.3,27.6,27.45,0.217136133474015,4.5363,0.3,0.0661,0.0109,0.9231
2026-07-23,wing_below,6900.0,2026-08-28,36,25.8,26.1,25.95,0.220425074355351,4.3516,0.3,0.0689,0.0116,0.9198
2026-07-23,short_above,7225.0,2026-08-31,39,59.3,59.7,59.5,0.175138005050713,7.6294,0.4,0.0524,0.0067,0.9631
2026-07-23,short_below,7220.0,2026-08-31,39,58.6,59.0,58.8,0.175781145694186,7.5787,0.4,0.0528,0.0068,0.9624
2026-07-23,wing_above,6920.0,2026-08-31,39,28.9,29.2,29.05,0.21379896154063,4.8096,0.3,0.0624,0.0103,0.9224
2026-07-23,wing_below,6915.0,2026-08-31,39,28.5,28.8,28.65,0.214450473025038,4.7723,0.3,0.0629,0.0105,0.9218
2026-07-23,short_above,7230.0,2026-08-31,39,60.2,60.6,60.4,0.174494232306688,7.6881,0.4,0.052,0.0066,0.9638
2026-07-23,wing_above,6930.0,2026-08-31,39,29.5,29.8,29.65,0.21253516742391,4.8934,0.3,0.0613,0.0101,0.9238
2026-07-23,wing_below,6920.0,2026-08-31,39,28.9,29.2,29.05,0.21379896154063,4.8096,0.3,0.0624,0.0103,0.9224
2026-07-23,short_above,7275.0,2026-09-04,43,75.3,75.8,75.55,0.171245591168234,8.6711,0.5,0.0577,0.0066,0.9698
2026-07-23,short_below,7250.0,2026-09-04,43,70.8,71.2,71.0,0.172816580164528,8.4209,0.4,0.0475,0.0056,0.9664
2026-07-23,wing_above,6975.0,2026-09-04,43,38.2,38.5,38.35,0.208217355120359,5.8084,0.3,0.0516,0.0078,0.9298
2026-07-23,wing_below,6950.0,2026-09-04,43,36.2,36.5,36.35,0.21129403124605,5.599,0.3,0.0536,0.0083,0.9264
2026-07-23,short_above,7125.0,2026-08-07,15,14.8,15.1,14.95,0.199268590965942,2.8024,0.3,0.1071,0.0201,0.9501
2026-07-23,short_below,7100.0,2026-08-07,15,13.4,13.7,13.55,0.20341505687404,2.6056,0.3,0.1151,0.0221,0.9468
2026-07-23,short_above,7150.0,2026-09-04,43,79.5,80.2,79.85,0.193034701582392,8.3821,0.7,0.0835,0.0088,0.9641
2026-07-23,short_below,7125.0,2026-09-04,43,75.1,75.9,75.5,0.196232872178708,8.1265,0.8,0.0984,0.0106,0.9608
2026-07-23,wing_above,6850.0,2026-09-04,43,42.1,42.6,42.35,0.230247442689114,5.7371,0.5,0.0872,0.0118,0.9237
2026-07-23,wing_below,6800.0,2026-09-04,43,38.3,38.8,38.55,0.236446014411069,5.3537,0.5,0.0934,0.013,0.9169
2026-07-23,short_above,7175.0,2026-09-04,43,84.0,84.6,84.3,0.189809110417884,8.5689,0.6,0.07,0.0071,0.9675
2026-07-23,short_below,7150.0,2026-09-04,43,79.7,80.4,80.05,0.193489492224136,8.3493,0.7,0.0838,0.0087,0.9641
2026-07-23,wing_above,6850.0,2026-09-04,43,42.3,42.8,42.55,0.231314595516502,5.7371,0.5,0.0872,0.0118,0.9237
2026-07-23,wing_below,6800.0,2026-09-04,43,38.3,38.9,38.6,0.237537825879086,5.3537,0.6,0.1121,0.0155,0.9169
2026-07-23,short_above,7125.0,2026-08-07,15,30.1,30.4,30.25,0.214269788789088,3.9028,0.3,0.0769,0.0099,0.962
2026-07-23,short_below,7100.0,2026-08-07,15,27.2,27.5,27.35,0.21840472916104,3.6812,0.3,0.0815,0.011,0.9587
2026-07-23,wing_above,6925.0,2026-08-07,15,14.3,14.5,14.4,0.248602701937019,2.3731,0.2,0.0843,0.0139,0.935
2026-07-23,wing_below,6900.0,2026-08-07,15,13.2,13.4,13.3,0.25296974864362,2.2358,0.2,0.0895,0.015,0.9315
2026-07-23,short_above,7275.0,2026-08-21,29,84.5,84.8,84.65,0.179092449126415,7.6336,0.3,0.0393,0.0035,0.9821
2026-07-23,short_below,7270.0,2026-08-21,29,83.5,84.0,83.75,0.179856003628976,7.5955,0.5,0.0658,0.006,0.9815
2026-07-23,wing_above,7075.0,2026-08-21,29,49.0,49.3,49.15,0.208469957079934,5.8909,0.3,0.0509,0.0061,0.9551
2026-07-23,wing_below,7070.0,2026-08-21,29,47.9,48.4,48.15,0.208764518921574,5.8459,0.5,0.0855,0.0104,0.9545
2026-07-23,short_above,7295.0,2026-08-21,29,88.8,89.2,89.0,0.176026267931324,7.7797,0.4,0.0514,0.0045,0.9848
2026-07-23,short_below,7280.0,2026-08-21,29,85.6,86.2,85.9,0.178327643456106,7.6711,0.6,0.0782,0.007,0.9828
2026-07-23,wing_above,7090.0,2026-08-21,29,51.0,51.4,51.2,0.206234674907136,6.0262,0.4,0.0664,0.0078,0.9572
2026-07-23,wing_below,7085.0,2026-08-21,29,50.4,50.8,50.6,0.20632862285895,5.9957,0.4,0.0667,0.0079,0.9565
2026-07-23,short_above,7225.0,2026-08-21,29,73.9,74.2,74.05,0.186664792443437,7.2429,0.3,0.0414,0.0041,0.9754
2026-07-23,short_below,7220.0,2026-08-21,29,72.4,73.1,72.75,0.187413737235376,7.2006,0.7,0.0972,0.0096,0.9747
2026-07-23,wing_above,7020.0,2026-08-21,29,42.3,42.6,42.45,0.216202630868655,5.4179,0.3,0.0554,0.0071,0.9477
2026-07-23,wing_below,7010.0,2026-08-21,29,41.2,41.6,41.4,0.215808752486386,5.3312,0.4,0.075,0.0097,0.9464
2026-07-23,short_above,7280.0,2026-08-21,29,85.8,86.4,86.1,0.177336347449883,7.6711,0.6,0.0782,0.007,0.9828
2026-07-23,short_below,7275.0,2026-08-21,29,84.6,85.0,84.8,0.178812954254426,7.6336,0.4,0.0524,0.0047,0.9821
2026-07-23,wing_above,6985.0,2026-08-21,29,38.6,39.0,38.8,0.221092917025507,5.1176,0.4,0.0782,0.0103,0.943
2026-07-23,wing_below,6980.0,2026-08-21,29,38.2,38.5,38.35,0.225126809561162,5.0755,0.3,0.0591,0.0078,0.9423
2026-07-23,short_above,7330.0,2026-08-21,29,98.6,99.0,98.8,0.170314425961432,8.0088,0.4,0.0499,0.004,0.9896
2026-07-23,short_below,7325.0,2026-08-21,29,97.3,97.7,97.5,0.171397997129752,7.9845,0.4,0.0501,0.0041,0.9889
2026-07-23,wing_above,7065.0,2026-08-21,29,48.0,48.4,48.2,0.209882624293949,5.8158,0.4,0.0688,0.0083,0.9538
2026-07-23,wing_below,7060.0,2026-08-21,29,47.6,47.9,47.75,0.210587645288611,5.7711,0.3,0.052,0.0063,0.9531
2026-07-23,short_above,7320.0,2026-08-28,36,110.5,111.0,110.75,0.172718502288636,8.8954,0.5,0.0562,0.0045,0.9882
2026-07-23,short_below,7310.0,2026-08-28,36,107.8,108.4,108.1,0.17415348708946,8.8343,0.6,0.0679,0.0056,0.9869
2026-07-23,wing_above,7050.0,2026-08-28,36,57.8,58.2,58.0,0.209866130083302,6.6859,0.4,0.0598,0.0069,0.9518
2026-07-23,wing_below,7025.0,2026-08-28,36,54.7,55.0,54.85,0.213133963706693,6.4639,0.3,0.0464,0.0055,0.9484
2026-07-23,short_above,7290.0,2026-08-28,36,103.4,104.0,103.7,0.177198021222442,8.7036,0.6,0.0689,0.0058,0.9842
2026-07-23,short_below,7280.0,2026-08-28,36,101.0,101.8,101.4,0.17844373385606,8.6342,0.8,0.0927,0.0079,0.9828
2026-07-23,wing_above,7000.0,2026-08-28,36,52.0,52.4,52.2,0.216388996379622,6.2443,0.4,0.0641,0.0077,0.945
2026-07-23,wing_below,6990.0,2026-08-28,36,51.0,51.6,51.3,0.217688799305029,6.1574,0.6,0.0974,0.0117,0.9437
2026-07-23,short_above,7320.0,2026-08-28,36,111.8,112.6,112.2,0.17173471443235,8.8954,0.8,0.0899,0.0071,0.9882
2026-07-23,short_below,7310.0,2026-08-28,36,109.0,109.6,109.3,0.173170329648128,8.8343,0.6,0.0679,0.0055,0.9869
2026-07-23,wing_above,7050.0,2026-08-28,36,58.3,58.8,58.55,0.208416851132464,6.6859,0.5,0.0748,0.0085,0.9518
2026-07-23,short_above,7310.0,2026-08-28,36,109.3,109.8,109.55,0.173170329648128,8.8343,0.5,0.0566,0.0046,0.9869
2026-07-23,short_below,7300.0,2026-08-28,36,106.2,106.8,106.5,0.176148711001496,8.7973,0.6,0.0682,0.0056,0.9862
2026-07-23,wing_below,7025.0,2026-08-28,36,55.1,55.5,55.3,0.213815529529751,6.4639,0.4,0.0619,0.0072,0.9491
2026-07-23,short_above,7220.0,2026-08-28,36,87.5,88.0,87.75,0.187532562444595,8.2145,0.5,0.0609,0.0057,0.9754
2026-07-23,short_below,7210.0,2026-08-28,36,85.5,86.0,85.75,0.188927279604443,8.1336,0.5,0.0615,0.0058,0.9741
2026-07-23,wing_above,6925.0,2026-08-28,36,43.9,44.3,44.1,0.227011330076402,5.6678,0.4,0.0706,0.0091,0.9356
2026-07-23,wing_below,6900.0,2026-08-28,36,41.5,41.9,41.7,0.230310246759181,5.4656,0.4,0.0732,0.0096,0.9322
2026-07-23,short_above,7225.0,2026-08-31,39,91.4,91.9,91.65,0.183327190383809,8.622,0.5,0.058,0.0055,0.9761
2026-07-23,short_below,7220.0,2026-08-31,39,90.1,90.6,90.35,0.184010242937884,8.5844,0.5,0.0582,0.0055,0.9754
2026-07-23,wing_above,6920.0,2026-08-31,39,45.5,45.9,45.7,0.222887920562213,5.9535,0.4,0.0672,0.0088,0.9349
2026-07-23,wing_below,6915.0,2026-08-31,39,45.2,45.6,45.4,0.223528012982084,5.8778,0.4,0.0681,0.0088,0.9342
2026-07-23,short_above,7230.0,2026-08-31,39,92.5,93.0,92.75,0.182642894560751,8.662,0.5,0.0577,0.0054,0.9768
2026-07-23,short_below,7225.0,2026-08-31,39,91.3,91.8,91.55,0.182805055121685,8.622,0.5,0.058,0.0055,0.9761
2026-07-23,wing_above,6930.0,2026-08-31,39,46.4,46.8,46.6,0.221609689609094,6.0374,0.4,0.0663,0.0086,0.9362
2026-07-23,short_above,7275.0,2026-09-04,43,111.1,111.6,111.35,0.176982634020542,9.4829,0.5,0.0527,0.0045,0.9828
2026-07-23,short_below,7250.0,2026-09-04,43,105.2,105.7,105.45,0.181945314622134,9.3056,0.5,0.0537,0.0047,0.9795
2026-07-23,wing_above,6975.0,2026-09-04,43,58.5,58.9,58.7,0.216909044057576,6.9606,0.4,0.0575,0.0068,0.9423
2026-07-23,wing_below,6950.0,2026-09-04,43,55.5,55.9,55.7,0.220025887010891,6.7455,0.4,0.0593,0.0072,0.9389
2026-07-23,short_above,7150.0,2026-09-04,43,84.8,85.2,85.0,0.194982974257667,8.4996,0.4,0.0471,0.0047,0.966
2026-07-23,wing_above,6850.0,2026-09-04,43,45.2,45.6,45.4,0.2325489459014,5.9247,0.4,0.0675,0.0088,0.9254
2026-07-24,short_above,7125.0,2026-08-07,14,31.6,31.9,31.75,0.216381932009491,3.9842,0.3,0.0753,0.0094,0.9627
2026-07-24,short_below,7100.0,2026-08-07,14,28.8,29.1,28.95,0.220600635821022,3.7649,0.3,0.0797,0.0104,0.9594
2026-07-24,wing_above,6925.0,2026-08-07,14,15.3,15.5,15.4,0.251285087212374,2.4616,0.2,0.0812,0.013,0.9357
2026-07-24,wing_below,6900.0,2026-08-07,14,14.1,14.3,14.2,0.255624496595416,2.3173,0.2,0.0863,0.0141,0.9322
2026-07-24,short_above,7275.0,2026-08-21,28,86.3,86.7,86.5,0.181419977052443,7.6709,0.4,0.0521,0.0046,0.9828
2026-07-24,short_below,7270.0,2026-08-21,28,85.2,85.8,85.5,0.180451297813708,7.6338,0.6,0.0786,0.007,0.9822
2026-07-24,wing_above,7075.0,2026-08-21,28,50.2,50.6,50.4,0.208827745517359,5.9474,0.4,0.0673,0.0079,0.9558
2026-07-24,wing_below,7070.0,2026-08-21,28,49.4,49.8,49.6,0.209573799832705,5.9026,0.4,0.0678,0.0081,0.9551
2026-07-24,short_above,7295.0,2026-08-21,28,91.5,92.0,91.75,0.176641990173811,7.8156,0.5,0.064,0.0054,0.9855
2026-07-24,short_below,7280.0,2026-08-21,28,88.0,88.6,88.3,0.17893159125773,7.7074,0.6,0.0778,0.0068,0.9835
2026-07-24,wing_above,7090.0,2026-08-21,28,52.4,52.8,52.6,0.206757861699239,6.0938,0.4,0.0656,0.0076,0.9578
2026-07-24,wing_below,7085.0,2026-08-21,28,51.7,52.2,51.95,0.208719451467411,6.0373,0.5,0.0828,0.0096,0.9572
2026-07-24,short_above,7225.0,2026-08-21,28,75.9,76.3,76.1,0.18721620291913,7.2863,0.4,0.0549,0.0053,0.9761
2026-07-24,short_below,7220.0,2026-08-21,28,74.6,75.1,74.85,0.187959975828745,7.2447,0.5,0.069,0.0067,0.9754
2026-07-24,wing_above,7020.0,2026-08-21,28,43.2,43.6,43.4,0.216564515168021,5.4709,0.4,0.0731,0.0092,0.9484
2026-07-24,wing_below,7010.0,2026-08-21,28,42.0,42.4,42.2,0.21795747324281,5.384,0.4,0.0743,0.0095,0.947
2026-07-24,short_above,7280.0,2026-08-21,28,87.6,88.0,87.8,0.179171556150727,7.7074,0.4,0.0519,0.0046,0.9835
2026-07-24,wing_above,6985.0,2026-08-21,28,39.1,39.5,39.3,0.221437357386632,5.1699,0.4,0.0774,0.0102,0.9437
2026-07-24,wing_below,6980.0,2026-08-21,28,38.6,39.0,38.8,0.222133303209204,5.1277,0.4,0.078,0.0103,0.943
2026-07-24,short_above,7330.0,2026-08-21,28,100.4,101.0,100.7,0.171259700824974,8.0327,0.6,0.0747,0.006,0.9903
2026-07-24,short_below,7325.0,2026-08-21,28,99.3,99.8,99.55,0.172031478404189,8.0049,0.5,0.0625,0.005,0.9896
2026-07-24,wing_above,7065.0,2026-08-21,28,48.7,49.1,48.9,0.210275656021483,5.8691,0.4,0.0682,0.0082,0.9545
2026-07-24,wing_below,7060.0,2026-08-21,28,48.0,48.4,48.2,0.21086680646881,5.8244,0.4,0.0687,0.0083,0.9538
2026-07-24,short_above,7320.0,2026-08-28,35,112.4,113.0,112.7,0.17345201223555,8.9193,0.6,0.0673,0.0053,0.9889
2026-07-24,wing_above,7050.0,2026-08-28,35,58.6,59.0,58.8,0.210099776326279,6.7369,0.4,0.0594,0.0068,0.9524
2026-07-24,wing_below,7025.0,2026-08-28,35,55.3,55.7,55.5,0.213042597194159,6.5189,0.4,0.0614,0.0072,0.9491
2026-07-24,short_above,7290.0,2026-08-28,35,104.6,105.0,104.8,0.177691377390919,8.7342,0.4,0.0458,0.0038,0.9849
2026-07-24,short_below,7280.0,2026-08-28,35,102.2,102.8,102.5,0.179094544598076,8.6669,0.6,0.0692,0.0059,0.9835
2026-07-24,wing_above,7000.0,2026-08-28,35,52.4,52.7,52.55,0.216673017055003,6.2969,0.3,0.0476,0.0057,0.9457
2026-07-24,wing_below,6990.0,2026-08-28,35,51.1,51.6,51.35,0.217985123642664,6.2102,0.5,0.0805,0.0097,0.9443
2026-07-24,short_above,7320.0,2026-08-28,35,113.1,113.6,113.35,0.173883112453296,8.9193,0.5,0.0561,0.0044,0.9889
2026-07-24,short_below,7310.0,2026-08-28,35,110.0,110.8,110.4,0.173170329648128,8.8594,0.8,0.0903,0.0072,0.9876
2026-07-24,wing_above,7050.0,2026-08-28,35,58.8,59.1,58.95,0.210996089565831,6.7369,0.3,0.0445,0.0051,0.9524
2026-07-24,short_above,7310.0,2026-08-28,35,109.9,110.5,110.2,0.175297997028449,8.8606,0.6,0.0677,0.0054,0.9876
2026-07-24,short_below,7300.0,2026-08-28,35,107.2,107.7,107.45,0.176380379764936,8.8073,0.5,0.0568,0.0047,0.9865
2026-07-24,wing_below,7025.0,2026-08-28,35,55.3,55.6,55.45,0.213389442366835,6.5298,0.3,0.0459,0.0054,0.9493
2026-07-24,short_above,7220.0,2026-08-28,35,87.6,88.2,87.9,0.187982403289369,8.2293,0.6,0.0729,0.0068,0.9757
2026-07-24,short_below,7210.0,2026-08-28,35,85.6,86.1,85.85,0.189640771943358,8.1486,0.5,0.0614,0.0058,0.9743
2026-07-24,wing_above,6925.0,2026-08-28,35,43.8,44.2,44.0,0.227568594972486,5.6778,0.4,0.0705,0.0091,0.9358
2026-07-24,wing_below,6900.0,2026-08-28,35,41.4,41.7,41.55,0.229954798513854,5.4757,0.3,0.0548,0.0072,0.9324
2026-07-24,short_above,7225.0,2026-08-31,38,91.9,92.4,92.15,0.183345887376274,8.6362,0.5,0.0579,0.0054,0.9763
2026-07-24,short_below,7220.0,2026-08-31,38,90.6,91.2,90.9,0.184017224131563,8.5902,0.6,0.0698,0.0066,0.9757
2026-07-24,wing_above,6920.0,2026-08-31,38,45.4,45.9,45.65,0.222644416004045,5.9663,0.5,0.0838,0.011,0.9351
2026-07-24,wing_below,6915.0,2026-08-31,38,44.9,45.4,45.15,0.223276009168177,5.914,0.5,0.0845,0.0111,0.9345
2026-07-24,short_above,7230.0,2026-08-31,38,92.6,93.2,92.9,0.182673309734362,8.6597,0.6,0.0693,0.0065,0.977
2026-07-24,wing_above,6930.0,2026-08-31,38,46.4,46.8,46.6,0.221381561015034,6.0506,0.4,0.0661,0.0086,0.9365
2026-07-24,wing_below,6920.0,2026-08-31,38,45.0,45.4,45.2,0.223330207615459,5.9663,0.4,0.067,0.0088,0.9351
2026-07-24,short_above,7275.0,2026-09-04,42,110.6,111.2,110.9,0.178641732539476,9.4943,0.6,0.0632,0.0054,0.9831
2026-07-24,short_below,7250.0,2026-09-04,42,104.8,105.4,105.1,0.181931719074036,9.3185,0.6,0.0644,0.0057,0.9797
2026-07-24,wing_above,6975.0,2026-09-04,42,57.8,58.2,58.0,0.21672482584078,6.9768,0.4,0.0573,0.0069,0.9426
2026-07-24,wing_below,6950.0,2026-09-04,42,54.8,55.2,55.0,0.219807902456173,6.7607,0.4,0.0592,0.0073,0.9392
2026-07-24,short_above,7150.0,2026-09-04,42,83.9,84.4,84.15,0.195567717843292,8.5156,0.5,0.0587,0.0059,0.9662
2026-07-24,short_below,7125.0,2026-09-04,42,79.5,80.0,79.75,0.198014287355291,8.2994,0.5,0.0602,0.0063,0.9628
2026-07-24,wing_above,6850.0,2026-09-04,42,44.5,44.9,44.7,0.232116808172318,5.9319,0.4,0.0674,0.0089,0.9257
2026-07-24,wing_below,6800.0,2026-09-04,42,40.4,40.7,40.55,0.238306970585812,5.5443,0.3,0.0541,0.0074,0.9189
2026-07-24,short_above,7125.0,2026-08-07,14,30.3,30.7,30.5,0.215417655296167,3.8766,0.4,0.1032,0.0131,0.9617
2026-07-24,short_below,7100.0,2026-08-07,14,27.4,27.7,27.55,0.219694033149141,3.6584,0.3,0.082,0.0109,0.9583
2026-07-24,wing_above,6925.0,2026-08-07,14,14.6,14.9,14.75,0.250233767727559,2.3776,0.3,0.1262,0.0203,0.9347
2026-07-24,wing_below,6900.0,2026-08-07,14,13.5,13.7,13.6,0.253180489989781,2.2282,0.2,0.0898,0.0147,0.9313
2026-07-24,short_below,7270.0,2026-08-21,28,82.9,83.3,83.1,0.180216177448933,7.565,0.4,0.0529,0.0048,0.9812
2026-07-24,wing_below,7070.0,2026-08-21,28,47.7,48.1,47.9,0.209528575497292,5.8122,0.4,0.0688,0.0084,0.9542
2026-07-24,short_above,7295.0,2026-08-21,28,88.4,88.8,88.6,0.17639769258357,7.7584,0.4,0.0516,0.0045,0.9846
2026-07-24,short_below,7280.0,2026-08-21,28,84.6,85.0,84.8,0.178691711097252,7.6412,0.4,0.0523,0.0047,0.9826
2026-07-24,wing_above,7090.0,2026-08-21,28,50.3,50.8,50.55,0.206696322174619,5.9923,0.5,0.0834,0.0099,0.9569
2026-07-24,short_above,7225.0,2026-08-21,28,72.2,72.6,72.4,0.187015985336873,7.1932,0.4,0.0556,0.0055,0.9752
2026-07-24,short_below,7220.0,2026-08-21,28,71.2,71.6,71.4,0.187764606764466,7.1506,0.4,0.0559,0.0056,0.9745
2026-07-24,wing_above,7020.0,2026-08-21,28,41.5,41.9,41.7,0.21655598116586,5.3642,0.4,0.0746,0.0096,0.9475
2026-07-24,wing_below,7010.0,2026-08-21,28,40.3,40.7,40.5,0.217968343714541,5.2777,0.4,0.0758,0.0099,0.9459
2026-07-24,short_above,7280.0,2026-08-21,28,83.8,84.2,84.0,0.179456087304905,7.6412,0.4,0.0523,0.0048,0.9823
2026-07-24,short_below,7275.0,2026-08-21,28,82.6,83.0,82.8,0.179372608890443,7.599,0.4,0.0526,0.0048,0.9817
2026-07-24,wing_above,6985.0,2026-08-21,28,37.8,38.2,38.0,0.221494845336476,5.0648,0.4,0.079,0.0105,0.9425
2026-07-24,wing_below,6980.0,2026-08-21,28,37.4,37.7,37.55,0.222199766520795,5.0228,0.3,0.0597,0.008,0.9419
2026-07-24,short_above,7330.0,2026-08-21,28,96.5,96.9,96.7,0.171061053582029,7.9878,0.4,0.0501,0.0041,0.9891
2026-07-24,short_below,7325.0,2026-08-21,28,95.2,95.5,95.35,0.171819254482136,7.9575,0.3,0.0377,0.0031,0.9884
2026-07-24,wing_above,7065.0,2026-08-21,28,46.9,47.3,47.1,0.210175723567941,5.7613,0.4,0.0694,0.0085,0.9533
2026-07-24,wing_below,7060.0,2026-08-21,28,46.4,46.8,46.6,0.210887220289674,5.7167,0.4,0.07,0.0086,0.9526
2026-07-24,short_above,7320.0,2026-08-28,35,108.7,109.1,108.9,0.173363801031537,8.8637,0.4,0.0451,0.0037,0.9877
2026-07-24,short_below,7310.0,2026-08-28,35,106.0,106.4,106.2,0.175297997028449,8.8684,0.4,0.0451,0.0038,0.9864
2026-07-24,wing_above,7050.0,2026-08-28,35,56.8,57.2,57.0,0.210432182192601,6.6412,0.4,0.0602,0.007,0.9513
2026-07-24,wing_below,7025.0,2026-08-28,35,53.6,54.0,53.8,0.213174805013711,6.5298,0.4,0.0613,0.0074,0.9479
2026-07-24,short_above,7290.0,2026-08-28,35,100.7,101.2,100.95,0.177695033807825,8.6681,0.5,0.0577,0.005,0.9837
2026-07-24,short_below,7280.0,2026-08-28,35,98.4,99.0,98.7,0.179131457639031,8.5976,0.6,0.0698,0.0061,0.9823
2026-07-24,wing_above,7000.0,2026-08-28,35,50.8,51.2,51.0,0.216963933032007,6.2023,0.4,0.0645,0.0078,0.9446
2026-07-24,wing_below,6990.0,2026-08-28,35,49.5,50.0,49.75,0.217911407200463,6.1158,0.5,0.0818,0.0101,0.9432
2026-07-24,short_above,7320.0,2026-08-28,35,108.6,109.1,108.85,0.173811922471674,8.8637,0.5,0.0564,0.0046,0.9877
2026-07-24,short_below,7310.0,2026-08-28,35,105.8,106.4,106.1,0.175164506265726,8.8014,0.6,0.0682,0.0057,0.9864
2026-07-24,wing_above,7050.0,2026-08-28,35,56.8,57.2,57.0,0.208791523110872,6.6412,0.4,0.0602,0.007,0.9513
2026-07-24,short_below,7300.0,2026-08-28,35,103.5,103.9,103.7,0.176254518398402,8.7361,0.4,0.0458,0.0039,0.985
2026-07-24,wing_above,7050.0,2026-08-28,35,56.8,57.2,57.0,0.208791523110872,6.6412,0.4,0.0602,0.007,0.9513
2026-07-24,wing_below,7025.0,2026-08-28,35,53.4,53.8,53.6,0.213696359513831,6.4205,0.4,0.0623,0.0075,0.9479
2026-07-24,short_above,7220.0,2026-08-28,35,84.4,85.0,84.7,0.187633239559298,8.1104,0.6,0.074,0.0071,0.9742
2026-07-24,short_below,7210.0,2026-08-28,35,82.6,83.1,82.85,0.189026681386946,8.0272,0.5,0.0623,0.006,0.9729
2026-07-24,wing_above,6925.0,2026-08-28,35,42.6,42.9,42.75,0.226830553934184,5.5404,0.3,0.0541,0.007,0.9344
2026-07-24,wing_below,6900.0,2026-08-28,35,40.2,40.6,40.4,0.230146002005172,5.3401,0.4,0.0749,0.0099,0.9311
2026-07-24,short_above,7225.0,2026-08-31,38,88.9,89.4,89.15,0.183408918046031,8.5194,0.5,0.0587,0.0056,0.9749
2026-07-24,short_below,7220.0,2026-08-31,38,87.8,88.3,88.05,0.184091400480414,8.4891,0.5,0.0589,0.0057,0.9742
2026-07-24,wing_above,6920.0,2026-08-31,38,44.4,44.8,44.6,0.223179726469351,5.8443,0.4,0.0684,0.009,0.9338
2026-07-24,short_above,7230.0,2026-08-31,38,90.8,91.4,91.1,0.182872921664815,8.5692,0.6,0.07,0.0066,0.9754
2026-07-24,short_below,7225.0,2026-08-31,38,90.1,90.6,90.35,0.182727160318927,8.5194,0.5,0.0587,0.0055,0.9747
2026-07-24,wing_above,6930.0,2026-08-31,38,46.0,46.4,46.2,0.22208744119473,5.9188,0.4,0.0676,0.0087,0.9349
2026-07-24,wing_below,6920.0,2026-08-31,38,44.9,45.4,45.15,0.220970890244315,5.8443,0.5,0.0856,0.0111,0.9336
2026-07-24,short_above,7275.0,2026-09-04,42,109.9,110.2,110.05,0.178835263060287,9.4015,0.3,0.0319,0.0027,0.9815
2026-07-24,short_below,7250.0,2026-09-04,42,103.9,104.3,104.1,0.182155503744053,9.2168,0.4,0.0434,0.0038,0.9781
2026-07-24,wing_above,6975.0,2026-09-04,42,57.6,58.0,57.8,0.217426410872381,6.8453,0.4,0.0584,0.0069,0.941
2026-07-24,wing_below,6950.0,2026-09-04,42,54.8,55.1,54.95,0.220563314104259,6.6311,0.3,0.0452,0.0055,0.9376
2026-07-24,short_above,7150.0,2026-09-04,42,83.5,83.9,83.7,0.195206915554786,8.3911,0.4,0.0477,0.0048,0.9646
2026-07-24,short_below,7125.0,2026-09-04,42,79.1,79.5,79.3,0.198272941900432,8.1717,0.4,0.0489,0.005,0.9612
2026-07-24,wing_above,6850.0,2026-09-04,42,44.7,45.0,44.85,0.233056924336463,5.8146,0.3,0.0516,0.0067,0.9241
2026-07-24,wing_below,6800.0,2026-09-04,42,40.5,40.8,40.65,0.239301937630435,5.4342,0.3,0.0552,0.0074,0.9174
2026-07-24,short_above,7125.0,2026-08-07,14,32.3,32.6,32.45,0.214896397921758,4.0095,0.3,0.0748,0.0092,0.9633
2026-07-24,short_below,7100.0,2026-08-07,14,29.3,29.6,29.45,0.219125609374809,3.7886,0.3,0.0792,0.0102,0.9599
2026-07-24,wing_above,6925.0,2026-08-07,14,15.3,15.6,15.45,0.24908766221693,2.4553,0.3,0.1222,0.0194,0.9362
2026-07-24,wing_below,6900.0,2026-08-07,14,14.1,14.3,14.2,0.253559992346106,2.3112,0.2,0.0865,0.0141,0.9328
2026-07-24,short_above,7275.0,2026-08-21,28,88.7,89.2,88.95,0.179752312248795,7.7021,0.5,0.0649,0.0056,0.9835
2026-07-24,short_below,7270.0,2026-08-21,28,87.2,87.7,87.45,0.180509091036438,7.6661,0.5,0.0652,0.0057,0.9829
2026-07-24,wing_above,7075.0,2026-08-21,28,51.1,51.4,51.25,0.208802551256265,5.9963,0.3,0.05,0.0059,0.9565
2026-07-24,wing_below,7070.0,2026-08-21,28,50.5,50.9,50.7,0.208764518921574,5.9513,0.4,0.0672,0.0079,0.9558
2026-07-24,short_above,7295.0,2026-08-21,28,93.4,93.9,93.65,0.17671169532858,7.8408,0.5,0.0638,0.0053,0.9862
2026-07-24,short_below,7280.0,2026-08-21,28,89.6,90.0,89.8,0.179456087304905,7.7375,0.4,0.0517,0.0045,0.9843
2026-07-24,wing_above,7090.0,2026-08-21,28,53.2,53.6,53.4,0.206638989943984,6.1314,0.4,0.0652,0.0075,0.9586
2026-07-24,short_above,7225.0,2026-08-21,28,76.8,77.2,77.0,0.187244074867462,7.3171,0.4,0.0547,0.0052,0.9769
2026-07-24,short_below,7220.0,2026-08-21,28,75.6,76.2,75.9,0.187980434270677,7.2673,0.6,0.0826,0.0079,0.9762
2026-07-24,wing_above,7020.0,2026-08-21,28,44.0,44.3,44.15,0.215444798349671,5.4961,0.3,0.0546,0.0068,0.9492
2026-07-24,wing_below,7010.0,2026-08-21,28,42.8,43.2,43.0,0.217795414739429,5.4089,0.4,0.074,0.0093,0.9478
2026-07-24,short_above,7280.0,2026-08-21,28,89.6,90.2,89.9,0.179456087304905,7.7375,0.6,0.0775,0.0067,0.9843
2026-07-24,wing_above,6985.0,2026-08-21,28,40.3,40.6,40.45,0.221263936991476,5.194,0.3,0.0578,0.0074,0.9445
2026-07-24,wing_below,6980.0,2026-08-21,28,39.7,40.1,39.9,0.221957604068064,5.1516,0.4,0.0776,0.01,0.9438
2026-07-24,short_above,7330.0,2026-08-21,28,103.2,103.8,103.5,0.171470604909042,8.0498,0.6,0.0745,0.0058,0.9911
2026-07-24,short_below,7325.0,2026-08-21,28,101.8,102.3,102.05,0.172232673616828,8.0227,0.5,0.0623,0.0049,0.9904
2026-07-24,wing_above,7065.0,2026-08-21,28,50.0,50.4,50.2,0.210141225483934,5.8951,0.4,0.0679,0.008,0.9553
2026-07-24,wing_below,7060.0,2026-08-21,28,49.4,49.8,49.6,0.210599710297452,5.8503,0.4,0.0684,0.0081,0.9546
2026-07-24,short_above,7320.0,2026-08-28,35,115.1,115.8,115.45,0.173811922471674,8.9279,0.7,0.0784,0.0061,0.9897
2026-07-24,wing_above,7050.0,2026-08-28,35,60.1,60.5,60.3,0.210551339863447,6.7734,0.4,0.0591,0.0066,0.9532
2026-07-24,wing_below,7025.0,2026-08-28,35,56.6,57.0,56.8,0.213696359513831,6.4205,0.4,0.0623,0.007,0.9499
2026-07-24,short_above,7290.0,2026-08-28,35,106.8,107.4,107.1,0.177637521615245,8.7474,0.6,0.0686,0.0056,0.9857
2026-07-24,short_below,7280.0,2026-08-28,35,104.3,104.8,104.55,0.179065005962728,8.6815,0.5,0.0576,0.0048,0.9843
2026-07-24,wing_above,7000.0,2026-08-28,35,53.5,53.8,53.65,0.21708620972971,6.3336,0.3,0.0474,0.0056,0.9465
2026-07-24,wing_below,6990.0,2026-08-28,35,52.2,52.7,52.45,0.218390187494906,6.2468,0.5,0.08,0.0095,0.9451
2026-07-24,short_above,7320.0,2026-08-28,35,115.2,115.8,115.5,0.173811922471674,8.9279,0.6,0.0672,0.0052,0.9897
2026-07-24,short_below,7310.0,2026-08-28,35,112.4,113.0,112.7,0.175164506265726,8.8014,0.6,0.0682,0.0053,0.9884
2026-07-24,wing_above,7050.0,2026-08-28,35,60.2,60.6,60.4,0.21119557125151,6.7734,0.4,0.0591,0.0066,0.9532
2026-07-24,short_below,7300.0,2026-08-28,35,109.9,110.4,110.15,0.176210731942797,8.8106,0.5,0.0567,0.0045,0.987
2026-07-24,wing_below,7025.0,2026-08-28,35,56.8,57.2,57.0,0.213823048393547,6.5525,0.4,0.061,0.007,0.9499
2026-07-24,short_above,7220.0,2026-08-28,35,90.2,90.8,90.5,0.187593684758688,8.2396,0.6,0.0728,0.0066,0.9762
2026-07-24,short_below,7210.0,2026-08-28,35,88.2,88.8,88.5,0.189418948677647,8.1835,0.6,0.0733,0.0068,0.9749
2026-07-24,wing_above,6925.0,2026-08-28,35,45.3,45.6,45.45,0.22686999081407,5.7255,0.3,0.0524,0.0066,0.9363
2026-07-24,wing_below,6900.0,2026-08-28,35,42.8,43.1,42.95,0.230141461075845,5.5216,0.3,0.0543,0.007,0.933
2026-07-24,short_above,7225.0,2026-08-31,38,94.6,95.1,94.85,0.183698180014471,8.6714,0.5,0.0577,0.0053,0.9772
2026-07-24,short_below,7220.0,2026-08-31,38,93.4,93.9,93.65,0.184376603924596,8.6407,0.5,0.0579,0.0053,0.9766
2026-07-24,wing_above,6920.0,2026-08-31,38,46.9,47.4,47.15,0.223086937623674,6.0235,0.5,0.083,0.0106,0.936
2026-07-24,wing_below,6915.0,2026-08-31,38,46.4,46.9,46.65,0.223730417713122,5.977,0.5,0.0837,0.0107,0.9353
2026-07-24,short_above,7230.0,2026-08-31,38,95.4,96.0,95.7,0.183018164429162,8.7185,0.6,0.0688,0.0063,0.9779
2026-07-24,wing_above,6930.0,2026-08-31,38,48.0,48.4,48.2,0.221801532791957,6.1055,0.4,0.0655,0.0083,0.9373
2026-07-24,short_above,7275.0,2026-09-04,42,114.5,114.9,114.7,0.178645425120074,9.5171,0.4,0.042,0.0035,0.984
2026-07-24,short_below,7250.0,2026-09-04,42,108.5,109.0,108.75,0.181984952818041,9.3453,0.5,0.0535,0.0046,0.9806
2026-07-24,wing_above,6975.0,2026-09-04,42,60.1,60.4,60.25,0.217047352246743,7.0253,0.3,0.0427,0.005,0.9434
2026-07-24,wing_below,6950.0,2026-09-04,42,56.9,57.2,57.05,0.220111642709821,6.8095,0.3,0.0441,0.0053,0.94
2026-07-24,short_above,7150.0,2026-09-04,42,86.8,87.2,87.0,0.195138321923934,8.5549,0.4,0.0468,0.0046,0.9671
2026-07-24,short_below,7125.0,2026-09-04,42,82.5,82.9,82.7,0.198353433839371,8.3411,0.4,0.048,0.0048,0.9637
2026-07-24,wing_above,6850.0,2026-09-04,42,46.4,46.8,46.6,0.232458044933061,5.9814,0.4,0.0669,0.0086,0.9265
2026-07-24,wing_below,6800.0,2026-09-04,42,42.1,42.4,42.25,0.237837728750589,5.5939,0.3,0.0536,0.0071,0.9197
2026-07-24,short_above,7125.0,2026-08-07,14,31.0,31.4,31.2,0.212720597205035,3.9926,0.4,0.1002,0.0128,0.9639
2026-07-24,short_below,7100.0,2026-08-07,14,28.2,28.5,28.35,0.216866788139604,3.7684,0.3,0.0796,0.0106,0.9606
2026-07-24,wing_above,6925.0,2026-08-07,14,14.6,14.9,14.75,0.246899125976061,2.4403,0.3,0.1229,0.0203,0.9369
2026-07-24,wing_below,6900.0,2026-08-07,14,13.4,13.7,13.55,0.251400933304779,2.2845,0.3,0.1313,0.0221,0.9335
2026-07-24,short_above,7275.0,2026-08-21,28,87.2,87.6,87.4,0.178420022473306,7.7038,0.4,0.0519,0.0046,0.9842
2026-07-24,short_below,7270.0,2026-08-21,28,85.6,86.1,85.85,0.179180415169871,7.6678,0.5,0.0652,0.0058,0.9836
2026-07-24,wing_above,7075.0,2026-08-21,28,49.9,50.3,50.1,0.208293882768412,5.9886,0.4,0.0668,0.008,0.9572
2026-07-24,wing_below,7070.0,2026-08-21,28,49.2,49.6,49.4,0.207962307006633,5.9434,0.4,0.0673,0.0081,0.9565
2026-07-24,short_above,7295.0,2026-08-21,28,91.4,91.8,91.6,0.175109449511837,7.84,0.4,0.051,0.0044,0.9865
2026-07-24,short_below,7280.0,2026-08-21,28,87.4,87.8,87.6,0.177404735827679,7.7392,0.4,0.0517,0.0046,0.9844
2026-07-24,wing_above,7090.0,2026-08-21,28,51.7,52.3,52.0,0.205166802183181,6.1247,0.6,0.098,0.0115,0.9588
2026-07-24,wing_below,7085.0,2026-08-21,28,51.2,51.5,51.35,0.205867198776623,6.0793,0.3,0.0493,0.0058,0.9581
2026-07-24,short_above,7225.0,2026-08-21,28,75.4,75.8,75.6,0.185699597297737,7.3178,0.4,0.0547,0.0053,0.977
2026-07-24,short_below,7220.0,2026-08-21,28,74.2,74.6,74.4,0.186443195314654,7.2766,0.4,0.055,0.0054,0.9763
2026-07-24,wing_above,7020.0,2026-08-21,28,42.8,43.2,43.0,0.214896652489456,5.4962,0.4,0.0728,0.0093,0.9493
2026-07-24,wing_below,7010.0,2026-08-21,28,41.8,42.1,41.95,0.216277726759863,5.378,0.3,0.0558,0.0072,0.9479
2026-07-24,short_above,7280.0,2026-08-21,28,87.8,88.4,88.1,0.177655068483748,7.7392,0.6,0.0775,0.0068,0.9844
2026-07-24,wing_above,6985.0,2026-08-21,28,39.1,39.4,39.25,0.220036518220968,5.1616,0.3,0.0581,0.0076,0.9446
2026-07-24,wing_below,6980.0,2026-08-21,28,38.5,38.9,38.7,0.220933754114926,5.1189,0.4,0.0781,0.0103,0.9439
2026-07-24,short_above,7330.0,2026-08-21,28,101.0,101.6,101.3,0.169711611272791,8.0324,0.6,0.0747,0.0059,0.9912
2026-07-24,short_below,7325.0,2026-08-21,28,99.5,100.0,99.75,0.170485731958573,8.0045,0.5,0.0625,0.005,0.9905
2026-07-24,wing_above,7065.0,2026-08-21,28,48.3,48.7,48.5,0.208658828404358,5.868,0.4,0.0682,0.0082,0.9554
2026-07-24,wing_below,7060.0,2026-08-21,28,47.8,48.1,47.95,0.210492943018517,5.8229,0.3,0.0515,0.0063,0.9547
2026-07-24,short_above,7320.0,2026-08-28,35,112.4,112.9,112.65,0.172070209567115,8.9209,0.5,0.056,0.0044,0.9899
2026-07-24,short_below,7310.0,2026-08-28,35,109.9,110.4,110.15,0.17478459225162,8.8709,0.5,0.0564,0.0045,0.9885
2026-07-24,wing_above,7050.0,2026-08-28,35,58.3,58.7,58.5,0.208924722703409,6.7421,0.4,0.0593,0.0068,0.9533
2026-07-24,wing_below,7025.0,2026-08-28,35,55.0,55.4,55.2,0.213136511207072,6.5525,0.4,0.061,0.0072,0.95
2026-07-24,short_above,7290.0,2026-08-28,35,104.6,105.1,104.85,0.17621213816037,8.7387,0.5,0.0572,0.0048,0.9858
2026-07-24,short_below,7280.0,2026-08-28,35,102.1,102.6,102.35,0.177543877897912,8.6721,0.5,0.0577,0.0049,0.9844
2026-07-24,wing_above,7000.0,2026-08-28,35,52.0,52.4,52.2,0.215436953998797,6.3,0.4,0.0635,0.0077,0.9466
2026-07-24,wing_below,6990.0,2026-08-28,35,50.8,51.2,51.0,0.216755081938112,6.2129,0.4,0.0644,0.0078,0.9452
2026-07-24,wing_above,7050.0,2026-08-28,35,58.4,58.8,58.6,0.208924722703409,6.7421,0.4,0.0593,0.0068,0.9533
2026-07-24,wing_below,7025.0,2026-08-28,35,55.0,55.4,55.2,0.212143123880714,6.5199,0.4,0.0614,0.0072,0.95
2026-07-24,short_above,7310.0,2026-08-28,35,109.9,110.5,110.2,0.173356016353434,8.8634,0.6,0.0677,0.0054,0.9885
2026-07-24,short_below,7300.0,2026-08-28,35,107.3,107.8,107.55,0.174786045028111,8.8026,0.5,0.0568,0.0046,0.9871
2026-07-24,wing_below,7025.0,2026-08-28,35,55.0,55.4,55.2,0.213136511207072,6.5199,0.4,0.0614,0.0072,0.95
2026-07-24,short_above,7220.0,2026-08-28,35,87.9,88.7,88.3,0.186047579841491,8.2248,0.8,0.0973,0.0091,0.9763
2026-07-24,short_below,7210.0,2026-08-28,35,85.7,86.2,85.95,0.187193861870092,8.1439,0.5,0.0614,0.0058,0.9749
2026-07-24,wing_above,6925.0,2026-08-28,35,43.6,44.0,43.8,0.225260459280461,5.6622,0.4,0.0706,0.0091,0.9364
2026-07-24,wing_below,6900.0,2026-08-28,35,41.2,41.6,41.4,0.228547517730296,5.4585,0.4,0.0733,0.0097,0.933
2026-07-24,short_above,7225.0,2026-08-31,38,92.2,92.7,92.45,0.181856722518955,8.6335,0.5,0.0579,0.0054,0.9769
2026-07-24,short_below,7220.0,2026-08-31,38,91.2,91.6,91.4,0.182718215524587,8.595,0.4,0.0465,0.0044,0.9763
2026-07-24,wing_above,6920.0,2026-08-31,38,45.5,45.9,45.7,0.221243413699523,5.9532,0.4,0.0672,0.0088,0.9357
2026-07-24,wing_below,6915.0,2026-08-31,38,45.1,45.4,45.25,0.221874025234691,5.9105,0.3,0.0508,0.0066,0.935
2026-07-24,short_above,7230.0,2026-08-31,38,93.3,93.8,93.55,0.181181137455544,8.6752,0.5,0.0576,0.0053,0.9776
2026-07-24,short_below,7225.0,2026-08-31,38,92.2,92.7,92.45,0.182727160318927,8.6335,0.5,0.0579,0.0054,0.9769
2026-07-24,wing_above,6930.0,2026-08-31,38,46.6,47.0,46.8,0.21910582887458,6.0365,0.4,0.0663,0.0085,0.9371
2026-07-24,wing_below,6920.0,2026-08-31,38,45.6,45.9,45.75,0.223192764244766,5.9532,0.3,0.0504,0.0066,0.9357
2026-07-24,short_above,7275.0,2026-09-04,42,112.4,112.8,112.6,0.177173652834262,9.4938,0.4,0.0421,0.0036,0.9837
2026-07-24,short_below,7250.0,2026-09-04,42,106.3,106.8,106.55,0.180446288341411,9.3174,0.5,0.0537,0.0047,0.9803
2026-07-24,wing_above,6975.0,2026-09-04,42,58.4,58.8,58.6,0.215476947843363,6.9685,0.4,0.0574,0.0068,0.9431
2026-07-24,wing_below,6950.0,2026-09-04,42,55.4,55.7,55.55,0.218567975009825,6.7514,0.3,0.0444,0.0054,0.9398
2026-07-24,short_above,7150.0,2026-09-04,42,85.0,85.4,85.2,0.193398655984066,8.5124,0.4,0.047,0.0047,0.9668
2026-07-24,short_below,7125.0,2026-09-04,42,80.5,80.9,80.7,0.198272941900432,8.2955,0.4,0.0482,0.005,0.9634
2026-07-24,wing_above,6850.0,2026-09-04,42,45.1,45.5,45.3,0.230878717085571,5.9183,0.4,0.0676,0.0088,0.9262
2026-07-24,wing_below,6800.0,2026-09-04,42,40.8,41.2,41.0,0.23705128682733,5.5284,0.4,0.0724,0.0098,0.9195
2026-07-24,short_above,7125.0,2026-08-07,14,30.2,30.7,30.45,0.211533579353606,4.0,0.5,0.125,0.0164,0.9641
2026-07-24,short_below,7100.0,2026-08-07,14,27.1,27.7,27.4,0.215709822988584,3.7746,0.6,0.159,0.0219,0.9607
2026-07-24,wing_above,6925.0,2026-08-07,14,14.0,14.4,14.2,0.246180062554237,2.4625,0.4,0.1624,0.0282,0.937
2026-07-24,wing_below,6900.0,2026-08-07,14,12.8,13.1,12.95,0.250754288708413,2.2881,0.3,0.1311,0.0232,0.9337
2026-07-24,short_above,7275.0,2026-08-21,28,85.6,86.1,85.85,0.176817947540973,7.7107,0.5,0.0648,0.0058,0.9844
2026-07-24,short_below,7270.0,2026-08-21,28,84.0,84.6,84.3,0.17756477238951,7.6746,0.6,0.0782,0.0071,0.9837
2026-07-24,wing_above,7075.0,2026-08-21,28,48.3,48.7,48.5,0.205774220295198,5.9873,0.4,0.0668,0.0082,0.9573
2026-07-24,wing_below,7070.0,2026-08-21,28,47.5,48.0,47.75,0.206476328726181,5.9418,0.5,0.0841,0.0105,0.9567
2026-07-24,short_above,7295.0,2026-08-21,28,89.4,89.9,89.65,0.173818687471912,7.8007,0.5,0.0641,0.0056,0.9871
2026-07-24,short_below,7280.0,2026-08-21,28,85.6,86.2,85.9,0.176069919598158,7.7461,0.6,0.0775,0.007,0.9851
2026-07-24,wing_above,7090.0,2026-08-21,28,49.9,50.3,50.1,0.203662924735314,6.1241,0.4,0.0653,0.008,0.9594
2026-07-24,wing_below,7085.0,2026-08-21,28,49.1,49.6,49.35,0.204172753160054,6.0784,0.5,0.0823,0.0101,0.9587
2026-07-24,short_above,7225.0,2026-08-21,28,72.9,73.3,73.1,0.18423185852785,7.3235,0.4,0.0546,0.0055,0.9776
2026-07-24,short_below,7220.0,2026-08-21,28,71.8,72.4,72.1,0.184966633885597,7.1987,0.6,0.0833,0.0083,0.977
2026-07-24,wing_above,7020.0,2026-08-21,28,41.1,41.6,41.35,0.213462268986356,5.3923,0.5,0.0927,0.0121,0.9499
2026-07-24,wing_below,7010.0,2026-08-21,28,40.2,40.6,40.4,0.214854143766581,5.3043,0.4,0.0754,0.0099,0.9485
2026-07-24,short_above,7280.0,2026-08-21,28,85.7,86.1,85.9,0.175780094041645,7.7461,0.4,0.0516,0.0047,0.9851
2026-07-24,wing_above,6985.0,2026-08-21,28,37.5,37.9,37.7,0.218330871070057,5.0879,0.4,0.0786,0.0106,0.9452
2026-07-24,wing_below,6980.0,2026-08-21,28,36.9,37.3,37.1,0.225126809561162,5.0452,0.4,0.0793,0.0108,0.9445
2026-07-24,short_above,7330.0,2026-08-21,28,98.8,99.3,99.05,0.16852610848132,8.0239,0.5,0.0623,0.005,0.9918
2026-07-24,short_below,7325.0,2026-08-21,28,97.1,97.6,97.35,0.169285378618715,7.9957,0.5,0.0625,0.0051,0.9912
2026-07-24,wing_above,7065.0,2026-08-21,28,46.5,47.0,46.75,0.207177671035832,5.7958,0.5,0.0863,0.0107,0.956
2026-07-24,wing_below,7060.0,2026-08-21,28,46.0,46.4,46.2,0.207243053964611,5.7505,0.4,0.0696,0.0087,0.9553
2026-07-24,short_above,7320.0,2026-08-28,35,109.8,110.5,110.15,0.170480588954864,8.8943,0.7,0.0787,0.0064,0.9893
2026-07-24,short_below,7310.0,2026-08-28,35,106.8,107.4,107.1,0.173260654748619,8.8634,0.6,0.0677,0.0056,0.988
2026-07-24,wing_above,7050.0,2026-08-28,35,56.2,56.7,56.45,0.20680535170881,6.6759,0.5,0.0749,0.0089,0.9528
2026-07-24,wing_below,7025.0,2026-08-28,35,52.9,53.3,53.1,0.213136511207072,6.5199,0.4,0.0614,0.0075,0.9495
2026-07-24,short_above,7290.0,2026-08-28,35,101.5,102.2,101.85,0.174661231439221,8.7059,0.7,0.0804,0.0069,0.9853
2026-07-24,short_below,7280.0,2026-08-28,35,98.8,99.5,99.15,0.176055224123499,8.6374,0.7,0.081,0.0071,0.9839
2026-07-24,wing_above,7000.0,2026-08-28,35,49.9,50.3,50.1,0.213410033655861,6.2297,0.4,0.0642,0.008,0.9461
2026-07-24,wing_below,6990.0,2026-08-28,35,48.8,49.3,49.05,0.21446030141083,6.1418,0.5,0.0814,0.0102,0.9447
2026-07-24,short_above,7320.0,2026-08-28,35,109.4,110.2,109.8,0.170113951425403,8.8943,0.8,0.0899,0.0073,0.9893
2026-07-24,wing_above,7050.0,2026-08-28,35,56.2,56.6,56.4,0.206758113358754,6.6759,0.4,0.0599,0.0071,0.9528
2026-07-24,short_above,7310.0,2026-08-28,35,106.7,107.3,107.0,0.173260654748619,8.8347,0.6,0.0679,0.0056,0.988
2026-07-24,short_below,7300.0,2026-08-28,35,104.1,104.6,104.35,0.173267219856823,8.7718,0.5,0.057,0.0048,0.9866
2026-07-24,wing_above,7050.0,2026-08-28,35,56.3,56.6,56.45,0.206758113358754,6.6759,0.3,0.0449,0.0053,0.9528
2026-07-24,short_above,7220.0,2026-08-28,35,85.1,85.6,85.35,0.184380692791025,8.1656,0.5,0.0612,0.0059,0.9758
2026-07-24,short_below,7210.0,2026-08-28,35,83.0,83.5,83.25,0.185754089526166,8.0826,0.5,0.0619,0.006,0.9745
2026-07-24,wing_above,6925.0,2026-08-28,35,41.8,42.2,42.0,0.222804353397054,5.5521,0.4,0.072,0.0095,0.936
2026-07-24,wing_below,6900.0,2026-08-28,35,39.4,39.9,39.65,0.22604191413583,5.3463,0.5,0.0935,0.0126,0.9326
2026-07-24,short_above,7225.0,2026-08-31,38,89.2,89.8,89.5,0.180454628575476,8.5763,0.6,0.07,0.0067,0.9765
2026-07-24,short_below,7220.0,2026-08-31,38,88.3,88.8,88.55,0.18112148666107,8.5374,0.5,0.0586,0.0056,0.9758
2026-07-24,wing_above,6920.0,2026-08-31,38,43.6,44.0,43.8,0.219471177252939,5.8538,0.4,0.0683,0.0091,0.9353
2026-07-24,wing_below,6915.0,2026-08-31,38,43.1,43.5,43.3,0.220102470876317,5.8095,0.4,0.0689,0.0092,0.9346
2026-07-24,short_above,7230.0,2026-08-31,38,90.0,90.8,90.4,0.179786310431105,8.6199,0.8,0.0928,0.0088,0.9772
2026-07-24,short_below,7225.0,2026-08-31,38,88.9,89.4,89.15,0.180683319634752,8.5763,0.5,0.0583,0.0056,0.9765
2026-07-24,wing_above,6930.0,2026-08-31,38,44.3,44.7,44.5,0.218208932157442,5.9378,0.4,0.0674,0.009,0.9366
2026-07-24,wing_below,6920.0,2026-08-31,38,43.3,43.7,43.5,0.220839503024591,5.8538,0.4,0.0683,0.0092,0.9353
2026-07-24,short_above,7275.0,2026-09-04,42,108.6,109.0,108.8,0.175978144584442,9.4471,0.4,0.0423,0.0037,0.9833
2026-07-24,short_below,7250.0,2026-09-04,42,102.5,103.0,102.75,0.179226496234581,9.2669,0.5,0.054,0.0049,0.9799
2026-07-24,wing_above,6975.0,2026-09-04,42,55.8,56.2,56.0,0.21377377118631,6.8735,0.4,0.0582,0.0071,0.9427
2026-07-24,wing_below,6950.0,2026-09-04,42,52.9,53.3,53.1,0.216838652282491,6.6545,0.4,0.0601,0.0075,0.9393
2026-07-24,short_above,7150.0,2026-09-04,42,81.7,82.1,81.9,0.192005673335497,8.4413,0.4,0.0474,0.0049,0.9664
2026-07-24,short_below,7125.0,2026-09-04,42,77.2,77.6,77.4,0.196155708783456,8.22,0.4,0.0487,0.0052,0.963
2026-07-24,wing_above,6850.0,2026-09-04,42,43.0,43.3,43.15,0.229097137911334,5.8179,0.3,0.0516,0.007,0.9258
2026-07-24,wing_below,6800.0,2026-09-04,42,38.8,39.2,39.0,0.235278905163504,5.4288,0.4,0.0737,0.0103,0.9191
2026-07-24,short_above,7125.0,2026-08-07,14,26.4,26.8,26.6,0.209319288054559,3.7211,0.4,0.1075,0.015,0.9609
2026-07-24,short_below,7100.0,2026-08-07,14,23.9,24.2,24.05,0.213488967615934,3.4973,0.3,0.0858,0.0125,0.9576
2026-07-24,wing_above,6925.0,2026-08-07,14,12.2,12.5,12.35,0.244113523117168,2.2169,0.3,0.1353,0.0243,0.934
2026-07-24,wing_below,6900.0,2026-08-07,14,11.2,11.5,11.35,0.248724688302181,2.0763,0.3,0.1445,0.0264,0.9306
2026-07-24,short_above,7275.0,2026-08-21,28,78.4,78.9,78.65,0.178284030714292,7.4877,0.5,0.0668,0.0064,0.9812
2026-07-24,short_below,7270.0,2026-08-21,28,77.3,77.9,77.6,0.176325192430625,7.4465,0.6,0.0806,0.0077,0.9805
2026-07-24,wing_above,7075.0,2026-08-21,28,44.2,44.7,44.45,0.203969537415077,5.6608,0.5,0.0883,0.0112,0.954
2026-07-24,wing_below,7070.0,2026-08-21,28,43.6,44.1,43.85,0.204663895600571,5.6148,0.5,0.089,0.0114,0.9534
2026-07-24,short_above,7295.0,2026-08-21,28,83.1,83.6,83.35,0.169954591894287,7.6431,0.5,0.0654,0.006,0.9837
2026-07-24,short_below,7280.0,2026-08-21,28,79.4,80.0,79.7,0.17461344401772,7.5283,0.6,0.0797,0.0075,0.9817
2026-07-24,wing_above,7090.0,2026-08-21,28,46.0,46.5,46.25,0.201883193946426,5.7996,0.5,0.0862,0.0108,0.9561
2026-07-24,wing_below,7085.0,2026-08-21,28,45.3,45.8,45.55,0.202579238567086,5.7532,0.5,0.0869,0.011,0.9554
2026-07-24,short_above,7225.0,2026-08-21,28,67.9,68.4,68.15,0.182706122393881,7.0563,0.5,0.0709,0.0073,0.9743
2026-07-24,short_below,7220.0,2026-08-21,28,66.9,67.4,67.15,0.183433066928688,7.0113,0.5,0.0713,0.0074,0.9736
2026-07-24,wing_above,7020.0,2026-08-21,28,38.0,38.5,38.25,0.211591242319512,5.1645,0.5,0.0968,0.0131,0.9466
2026-07-24,wing_below,7010.0,2026-08-21,28,37.1,37.5,37.3,0.212975981053197,5.0769,0.4,0.0788,0.0107,0.9453
2026-07-24,short_below,7275.0,2026-08-21,28,78.8,79.3,79.05,0.176981619770454,7.4877,0.5,0.0668,0.0063,0.981
2026-07-24,wing_above,6985.0,2026-08-21,28,34.7,35.2,34.95,0.216442010604191,4.8619,0.5,0.1028,0.0143,0.9419
2026-07-24,wing_below,6980.0,2026-08-21,28,34.3,34.7,34.5,0.217136336714276,4.8196,0.4,0.083,0.0116,0.9412
2026-07-24,short_above,7330.0,2026-08-21,28,92.4,93.0,92.7,0.167107846594303,7.8824,0.6,0.0761,0.0065,0.9884
2026-07-24,short_below,7325.0,2026-08-21,28,91.2,91.7,91.45,0.167864129775444,7.8481,0.5,0.0637,0.0055,0.9877
2026-07-24,wing_above,7065.0,2026-08-21,28,43.2,43.7,43.45,0.205357796731363,5.5511,0.5,0.0901,0.0115,0.9527
2026-07-24,wing_below,7060.0,2026-08-21,28,42.7,43.2,42.95,0.206051294277785,5.5053,0.5,0.0908,0.0116,0.952
2026-07-24,short_above,7320.0,2026-08-28,35,103.5,104.2,103.85,0.16964268655933,8.769,0.7,0.0798,0.0067,0.9871
2026-07-24,wing_above,7050.0,2026-08-28,35,52.6,53.1,52.85,0.206084995599473,6.4267,0.5,0.0778,0.0095,0.9507
2026-07-24,wing_below,7025.0,2026-08-28,35,49.5,50.0,49.75,0.209994690051058,6.4515,0.5,0.0775,0.0101,0.9473
2026-07-24,short_above,7290.0,2026-08-28,35,95.6,96.3,95.95,0.173899438367735,8.5548,0.7,0.0818,0.0073,0.983
2026-07-24,short_below,7280.0,2026-08-28,35,93.1,93.8,93.45,0.175390042689361,8.4785,0.7,0.0826,0.0075,0.9817
2026-07-24,wing_above,7000.0,2026-08-28,35,46.6,47.0,46.8,0.212496681023457,5.9763,0.4,0.0669,0.0085,0.944
2026-07-24,wing_below,6990.0,2026-08-28,35,45.3,45.8,45.55,0.213782229132319,5.8881,0.5,0.0849,0.011,0.9426
2026-07-24,short_above,7320.0,2026-08-28,35,102.9,103.7,103.3,0.16957882167814,8.769,0.8,0.0912,0.0077,0.9871
2026-07-24,short_below,7310.0,2026-08-28,35,100.3,101.0,100.65,0.173260654748619,8.8347,0.7,0.0792,0.007,0.9858
2026-07-24,short_above,7310.0,2026-08-28,35,100.2,100.9,100.55,0.171013907620623,8.7003,0.7,0.0805,0.007,0.9858
2026-07-24,short_below,7300.0,2026-08-28,35,97.7,98.3,98.0,0.172620282330644,8.6288,0.6,0.0695,0.0061,0.9844
2026-07-24,wing_below,7025.0,2026-08-28,35,49.3,49.7,49.5,0.20895224882258,6.1997,0.4,0.0645,0.0081,0.9473
2026-07-24,short_above,7220.0,2026-08-28,35,79.6,80.2,79.9,0.183614706938278,7.9818,0.6,0.0752,0.0075,0.9736
2026-07-24,short_below,7210.0,2026-08-28,35,77.6,78.2,77.9,0.184972108410683,7.8942,0.6,0.076,0.0077,0.9723
2026-07-24,wing_above,6925.0,2026-08-28,35,38.8,39.3,39.05,0.222162212433318,5.334,0.5,0.0937,0.0128,0.9339
2026-07-24,wing_below,6900.0,2026-08-28,35,36.7,37.1,36.9,0.225404360085056,5.1308,0.4,0.078,0.0108,0.9305
2026-07-24,short_above,7225.0,2026-08-31,38,83.7,84.3,84.0,0.179273418983893,8.3594,0.6,0.0718,0.0071,0.9743
2026-07-24,short_below,7220.0,2026-08-31,38,82.7,83.3,83.0,0.180089934140035,8.3031,0.6,0.0723,0.0072,0.9736
2026-07-24,wing_above,6920.0,2026-08-31,38,40.6,41.1,40.85,0.218092174951869,5.5531,0.5,0.09,0.0122,0.9332
2026-07-24,wing_below,6915.0,2026-08-31,38,40.0,40.5,40.25,0.218717366942211,5.5047,0.5,0.0908,0.0124,0.9325
2026-07-24,short_above,7230.0,2026-08-31,38,84.6,85.2,84.9,0.178606545926854,8.3833,0.6,0.0716,0.0071,0.975
2026-07-24,wing_above,6930.0,2026-08-31,38,41.5,42.0,41.75,0.216842896816309,5.6383,0.5,0.0887,0.012,0.9345
2026-07-24,wing_below,6920.0,2026-08-31,38,40.5,41.0,40.75,0.218027135148687,5.5531,0.5,0.09,0.0123,0.9332
2026-07-24,short_above,7275.0,2026-09-04,42,102.7,103.3,103.0,0.174973140000745,9.2862,0.6,0.0646,0.0058,0.9811
2026-07-24,short_below,7250.0,2026-09-04,42,96.8,97.3,97.05,0.178270974828946,9.0796,0.5,0.0551,0.0052,0.9777
2026-07-24,wing_above,6975.0,2026-09-04,42,52.4,52.8,52.6,0.212698264388181,6.6143,0.4,0.0605,0.0076,0.9406
2026-07-24,wing_below,6950.0,2026-09-04,42,49.6,50.0,49.8,0.215761724796203,6.3959,0.4,0.0625,0.008,0.937
2026-07-24,short_above,7150.0,2026-09-04,42,76.8,77.5,77.15,0.19092005457745,8.2073,0.7,0.0853,0.0091,0.964
2026-07-24,short_below,7125.0,2026-09-04,42,72.7,73.4,73.05,0.194088611354124,7.9787,0.7,0.0877,0.0096,0.9606
2026-07-24,wing_above,6850.0,2026-09-04,42,40.3,40.7,40.5,0.228003260189479,5.5679,0.4,0.0718,0.0099,0.9236
2026-07-24,wing_below,6800.0,2026-09-04,42,36.4,36.8,36.6,0.234156145187901,5.186,0.4,0.0771,0.0109,0.9168
2026-07-24,short_above,7125.0,2026-08-07,14,27.1,27.5,27.3,0.207929824211479,3.6588,0.4,0.1093,0.0147,0.9626
2026-07-24,short_below,7100.0,2026-08-07,14,24.3,24.6,24.45,0.21213270585058,3.4322,0.3,0.0874,0.0123,0.9592
2026-07-24,wing_above,6925.0,2026-08-07,14,12.3,12.5,12.4,0.243043327066302,2.1391,0.2,0.0935,0.0161,0.9356
2026-07-24,wing_below,6900.0,2026-08-07,14,11.2,11.5,11.35,0.246751178515599,1.9985,0.3,0.1501,0.0264,0.9322
2026-07-24,short_above,7275.0,2026-08-21,28,82.6,83.0,82.8,0.174057734692027,7.511,0.4,0.0533,0.0048,0.9828
2026-07-24,short_below,7270.0,2026-08-21,28,81.4,81.8,81.6,0.176424932013068,7.4722,0.4,0.0535,0.0049,0.9822
2026-07-24,wing_above,7075.0,2026-08-21,28,46.2,46.5,46.35,0.203804558702159,5.7195,0.3,0.0525,0.0065,0.9558
2026-07-24,wing_below,7070.0,2026-08-21,28,45.0,45.6,45.3,0.204505573026071,5.6733,0.6,0.1058,0.0132,0.9551
2026-07-24,short_above,7295.0,2026-08-21,28,86.8,87.2,87.0,0.171592382903431,7.6598,0.4,0.0522,0.0046,0.9855
2026-07-24,short_below,7280.0,2026-08-21,28,83.1,83.6,83.35,0.173885443082997,7.5493,0.5,0.0662,0.006,0.9835
2026-07-24,wing_above,7090.0,2026-08-21,28,47.4,48.0,47.7,0.201695916875565,5.8585,0.6,0.1024,0.0126,0.9578
2026-07-24,short_above,7225.0,2026-08-21,28,70.0,70.4,70.2,0.183221090571413,7.0974,0.4,0.0564,0.0057,0.9761
2026-07-24,short_below,7220.0,2026-08-21,28,69.0,69.6,69.3,0.182919854099303,7.0538,0.6,0.0851,0.0087,0.9754
2026-07-24,wing_above,7020.0,2026-08-21,28,38.9,39.4,39.15,0.211477611976399,5.2179,0.5,0.0958,0.0128,0.9484
2026-07-24,wing_below,7010.0,2026-08-21,28,37.4,38.0,37.7,0.211624929654485,5.1292,0.6,0.117,0.0159,0.947
2026-07-24,short_above,7280.0,2026-08-21,28,81.0,81.8,81.4,0.17322222339569,7.5493,0.8,0.106,0.0098,0.9835
2026-07-24,short_below,7275.0,2026-08-21,28,80.0,80.4,80.2,0.174057734692027,7.511,0.4,0.0533,0.005,0.9828
2026-07-24,wing_above,6985.0,2026-08-21,28,35.0,35.3,35.15,0.216336037542637,4.9113,0.3,0.0611,0.0085,0.9437
2026-07-24,wing_below,6980.0,2026-08-21,28,34.5,34.8,34.65,0.217029915055773,4.8684,0.3,0.0616,0.0087,0.943
2026-07-24,short_above,7330.0,2026-08-21,28,94.2,94.8,94.5,0.16549657227498,7.8885,0.6,0.0761,0.0063,0.9903
2026-07-24,short_below,7325.0,2026-08-21,28,92.8,93.3,93.05,0.167000762231992,7.8585,0.5,0.0636,0.0054,0.9896
2026-07-24,wing_above,7065.0,2026-08-21,28,43.4,43.9,43.65,0.205141378782137,5.6257,0.5,0.0889,0.0115,0.9541
2026-07-24,wing_below,7060.0,2026-08-21,28,42.8,43.3,43.05,0.205835919615257,5.5797,0.5,0.0896,0.0116,0.9534
2026-07-24,short_above,7320.0,2026-08-28,35,105.0,105.6,105.3,0.168582583297602,8.784,0.6,0.0683,0.0057,0.9885
2026-07-24,short_below,7310.0,2026-08-28,35,102.6,103.2,102.9,0.170019580680235,8.7223,0.6,0.0688,0.0058,0.9871
2026-07-24,wing_above,7050.0,2026-08-28,35,52.8,53.3,53.05,0.205301077373612,6.5144,0.5,0.0768,0.0094,0.952
2026-07-24,wing_below,7025.0,2026-08-28,35,49.7,50.1,49.9,0.20852849453618,6.2864,0.4,0.0636,0.008,0.9487
2026-07-24,short_above,7290.0,2026-08-28,35,97.0,97.6,97.3,0.172880590239176,8.5895,0.6,0.0699,0.0062,0.9844
2026-07-24,short_below,7280.0,2026-08-28,35,94.6,95.2,94.9,0.174303497867514,8.5188,0.6,0.0704,0.0063,0.9831
2026-07-24,wing_above,7000.0,2026-08-28,35,47.0,47.3,47.15,0.211750719352398,6.0614,0.3,0.0495,0.0064,0.9453
2026-07-24,wing_below,6990.0,2026-08-28,35,46.0,46.4,46.2,0.212592696241885,5.9724,0.4,0.067,0.0087,0.9439
2026-07-24,short_above,7320.0,2026-08-28,35,105.7,106.2,105.95,0.169562610566275,8.784,0.5,0.0569,0.0047,0.9885
2026-07-24,short_below,7310.0,2026-08-28,35,102.6,103.2,102.9,0.170795566555564,8.7223,0.6,0.0688,0.0058,0.9871
2026-07-24,wing_above,7050.0,2026-08-28,35,53.1,53.5,53.3,0.205388797939466,6.5144,0.4,0.0614,0.0075,0.952
2026-07-24,wing_below,7025.0,2026-08-28,35,50.0,50.4,50.2,0.208036061175339,6.2864,0.4,0.0636,0.008,0.9487
2026-07-24,short_below,7300.0,2026-08-28,35,100.4,100.9,100.65,0.171452444172545,8.6478,0.5,0.0578,0.005,0.9858
2026-07-24,wing_above,7050.0,2026-08-28,35,53.4,53.7,53.55,0.205388797939466,6.5144,0.3,0.0461,0.0056,0.952
2026-07-24,wing_below,7025.0,2026-08-28,35,50.2,50.5,50.35,0.208036061175339,6.2864,0.3,0.0477,0.006,0.9487
2026-07-24,short_above,7220.0,2026-08-28,35,81.6,82.2,81.9,0.182709919095738,8.0345,0.6,0.0747,0.0073,0.975
2026-07-24,short_below,7210.0,2026-08-28,35,79.4,79.9,79.65,0.18408701785799,7.9495,0.5,0.0629,0.0063,0.9736
2026-07-24,wing_above,6925.0,2026-08-28,35,39.4,39.8,39.6,0.221442661692075,5.3946,0.4,0.0741,0.0101,0.9351
2026-07-24,wing_below,6900.0,2026-08-28,35,37.1,37.4,37.25,0.224696395679747,5.1889,0.3,0.0578,0.0081,0.9318
2026-07-24,short_above,7225.0,2026-08-31,38,85.8,86.3,86.05,0.178716714621033,8.4501,0.5,0.0592,0.0058,0.9757
2026-07-24,short_below,7220.0,2026-08-31,38,84.9,85.4,85.15,0.17938154660854,8.3989,0.5,0.0595,0.0059,0.975
2026-07-24,wing_above,6920.0,2026-08-31,38,41.2,41.6,41.4,0.218108638505599,5.6926,0.4,0.0703,0.0097,0.9345
2026-07-24,wing_below,6915.0,2026-08-31,38,40.6,41.2,40.9,0.218745468673974,5.6532,0.6,0.1061,0.0147,0.9338
2026-07-24,wing_above,6930.0,2026-08-31,38,41.8,42.3,42.05,0.216835149403769,5.784,0.5,0.0864,0.0119,0.9358
2026-07-24,wing_below,6920.0,2026-08-31,38,40.7,41.1,40.9,0.219181116197396,5.6926,0.4,0.0703,0.0098,0.9345
2026-07-24,short_above,7275.0,2026-09-04,42,104.0,104.6,104.3,0.173611674046443,9.3371,0.6,0.0643,0.0058,0.9821
2026-07-24,short_below,7250.0,2026-09-04,42,98.4,98.8,98.6,0.176915106876541,9.1506,0.4,0.0437,0.0041,0.9788
2026-07-24,wing_above,6975.0,2026-09-04,42,52.6,53.0,52.8,0.211717615015553,6.7194,0.4,0.0595,0.0076,0.9416
2026-07-24,wing_below,6950.0,2026-09-04,42,49.7,50.1,49.9,0.214775760460545,6.4634,0.4,0.0619,0.008,0.9383
2026-07-24,short_above,7150.0,2026-09-04,42,77.6,78.0,77.8,0.189914924621551,8.2774,0.4,0.0483,0.0051,0.9653
2026-07-24,short_below,7125.0,2026-09-04,42,73.2,73.5,73.35,0.193098413434349,8.0514,0.3,0.0373,0.0041,0.9619
2026-07-24,wing_above,6850.0,2026-09-04,42,40.2,40.6,40.4,0.227053592632516,5.6245,0.4,0.0711,0.0099,0.9248
2026-07-24,wing_below,6800.0,2026-09-04,42,36.4,36.7,36.55,0.233275377930528,5.2372,0.3,0.0573,0.0082,0.918
2026-07-24,short_below,7100.0,2026-09-04,42,69.8,70.1,69.95,0.196254536334806,7.8229,0.3,0.0383,0.0043,0.9585
2026-07-24,wing_above,6850.0,2026-09-04,42,40.6,40.9,40.75,0.22904603387163,5.6245,0.3,0.0533,0.0074,0.9248
2026-07-24,short_above,7125.0,2026-08-07,14,20.4,20.6,20.5,0.201759608245222,3.2525,0.2,0.0615,0.0098,0.9593
2026-07-24,short_below,7100.0,2026-08-07,14,18.2,18.5,18.35,0.205935576181615,3.0291,0.3,0.099,0.0163,0.9559
2026-07-24,wing_above,6925.0,2026-08-07,14,8.9,9.1,9.0,0.237093443927252,1.8211,0.2,0.1098,0.0222,0.9324
2026-07-24,wing_below,6900.0,2026-08-07,14,8.2,8.4,8.3,0.241845299503101,1.6963,0.2,0.1179,0.0241,0.929
2026-07-24,short_above,7275.0,2026-08-21,28,70.2,70.6,70.4,0.170968263611175,7.2518,0.4,0.0552,0.0057,0.9795
2026-07-24,short_below,7270.0,2026-08-21,28,69.2,69.8,69.5,0.171709621131833,7.2073,0.6,0.0832,0.0086,0.9788
2026-07-24,wing_above,7075.0,2026-08-21,28,38.5,38.8,38.65,0.199511022451438,5.3368,0.3,0.0562,0.0078,0.9526
2026-07-24,wing_below,7070.0,2026-08-21,28,37.8,38.2,38.0,0.20022270072606,5.2898,0.4,0.0756,0.0105,0.9519
2026-07-24,short_above,7295.0,2026-08-21,28,74.4,75.0,74.7,0.167962570570969,7.4249,0.6,0.0808,0.008,0.9821
2026-07-24,short_below,7280.0,2026-08-21,28,70.4,70.9,70.65,0.170193251327839,7.312,0.5,0.0684,0.0071,0.9801
2026-07-24,wing_above,7090.0,2026-08-21,28,39.8,40.2,40.0,0.197440266781058,5.4995,0.4,0.0727,0.01,0.9545
2026-07-24,wing_below,7085.0,2026-08-21,28,39.1,39.5,39.3,0.199041616814766,5.4313,0.4,0.0736,0.0102,0.9538
2026-07-24,short_above,7225.0,2026-08-21,28,59.5,59.9,59.7,0.178269629850253,6.8078,0.4,0.0588,0.0067,0.9727
2026-07-24,short_below,7220.0,2026-08-21,28,58.6,59.1,58.85,0.178995554154829,6.7601,0.5,0.074,0.0085,0.972
2026-07-24,wing_above,7020.0,2026-08-21,28,32.5,32.8,32.65,0.207154883870706,4.8536,0.3,0.0618,0.0092,0.9451
2026-07-24,wing_below,7010.0,2026-08-21,28,31.4,31.8,31.6,0.208540636005835,4.7652,0.4,0.0839,0.0127,0.9437
2026-07-24,short_below,7275.0,2026-08-21,28,68.5,68.8,68.65,0.172209486949552,7.2518,0.3,0.0414,0.0044,0.9794
2026-07-24,wing_above,6985.0,2026-08-21,28,29.0,29.4,29.2,0.212009389408111,4.5493,0.4,0.0879,0.0137,0.9404
2026-07-24,wing_below,6980.0,2026-08-21,28,28.7,29.1,28.9,0.212704315440701,4.5069,0.4,0.0888,0.0138,0.9397
2026-07-24,short_above,7330.0,2026-08-21,28,81.6,82.1,81.85,0.162717783129734,7.7162,0.5,0.0648,0.0061,0.9868
2026-07-24,short_below,7325.0,2026-08-21,28,80.4,80.8,80.6,0.163470032213469,7.6791,0.4,0.0521,0.005,0.9861
2026-07-24,wing_above,7065.0,2026-08-21,28,36.8,37.2,37.0,0.200917064940862,5.2639,0.4,0.076,0.0108,0.9511
2026-07-24,wing_below,7060.0,2026-08-21,28,36.2,36.6,36.4,0.201611033044648,5.2174,0.4,0.0767,0.011,0.9505
2026-07-24,short_above,7320.0,2026-08-28,35,93.3,94.0,93.65,0.165997759237616,8.6173,0.7,0.0812,0.0075,0.9855
2026-07-24,short_below,7310.0,2026-08-28,35,90.8,91.4,91.1,0.170019580680235,8.7223,0.6,0.0688,0.0066,0.9841
2026-07-24,wing_above,7050.0,2026-08-28,35,46.0,46.3,46.15,0.202959124471046,6.1676,0.3,0.0486,0.0065,0.9491
2026-07-24,wing_below,7025.0,2026-08-28,35,43.3,43.6,43.45,0.208036061175339,6.2688,0.3,0.0479,0.0069,0.9458
2026-07-24,short_above,7290.0,2026-08-28,35,86.2,87.0,86.6,0.170183353269927,8.389,0.8,0.0954,0.0092,0.9814
2026-07-24,short_below,7280.0,2026-08-28,35,84.1,84.6,84.35,0.171569739881775,8.308,0.5,0.0602,0.0059,0.9801
2026-07-24,wing_above,7000.0,2026-08-28,35,40.7,41.1,40.9,0.207983118279015,5.6935,0.4,0.0703,0.0098,0.9424
2026-07-24,wing_below,6990.0,2026-08-28,35,39.7,40.2,39.95,0.2092571866822,5.6039,0.5,0.0892,0.0125,0.941
2026-07-24,short_above,7320.0,2026-08-28,35,93.4,94.1,93.75,0.165658504558539,8.6173,0.7,0.0812,0.0075,0.9855
2026-07-24,wing_above,7050.0,2026-08-28,35,46.2,46.6,46.4,0.202959124471046,6.1676,0.4,0.0649,0.0086,0.9491
2026-07-24,wing_below,7025.0,2026-08-28,35,43.3,43.7,43.5,0.205900657335849,5.9352,0.4,0.0674,0.0092,0.9458
2026-07-24,short_above,7310.0,2026-08-28,35,91.2,91.8,91.5,0.167396606006584,8.5344,0.6,0.0703,0.0066,0.9841
2026-07-24,short_below,7300.0,2026-08-28,35,89.0,89.6,89.3,0.168538647412262,8.4577,0.6,0.0709,0.0067,0.9828
2026-07-24,wing_below,7025.0,2026-08-28,35,43.5,43.9,43.7,0.205900657335849,5.921,0.4,0.0676,0.0092,0.9458
2026-07-24,short_above,7220.0,2026-08-28,35,72.0,72.8,72.4,0.179517484708664,7.7716,0.8,0.1029,0.011,0.9718
2026-07-24,short_below,7210.0,2026-08-28,35,70.4,70.9,70.65,0.180853320526094,7.6793,0.5,0.0651,0.0071,0.9704
2026-07-24,wing_above,6925.0,2026-08-28,35,34.1,34.4,34.25,0.217526581587841,5.0456,0.3,0.0595,0.0088,0.9321
2026-07-24,wing_below,6900.0,2026-08-28,35,32.3,32.5,32.4,0.220761224958176,4.8427,0.2,0.0413,0.0062,0.9287
2026-07-24,short_above,7225.0,2026-08-31,38,76.7,77.2,76.95,0.175700440859323,8.1909,0.5,0.061,0.0065,0.9725
2026-07-24,short_below,7220.0,2026-08-31,38,75.6,76.2,75.9,0.176352428610242,8.1576,0.6,0.0736,0.0079,0.9718
2026-07-24,wing_above,6920.0,2026-08-31,38,36.1,36.5,36.3,0.21460538564649,5.3497,0.4,0.0748,0.011,0.9314
2026-07-24,wing_below,6915.0,2026-08-31,38,35.7,36.2,35.95,0.215010256551981,5.2979,0.5,0.0944,0.0139,0.9307
2026-07-24,short_above,7230.0,2026-08-31,38,77.6,78.1,77.85,0.175047393732458,8.2486,0.5,0.0606,0.0064,0.9731
2026-07-24,wing_above,6930.0,2026-08-31,38,37.2,37.6,37.4,0.213123213833954,5.4319,0.4,0.0736,0.0107,0.9328
2026-07-24,wing_below,6920.0,2026-08-31,38,36.3,36.7,36.5,0.21460538564649,5.3497,0.4,0.0748,0.011,0.9314
2026-07-24,short_above,7275.0,2026-09-04,42,95.6,96.1,95.85,0.172871080618372,9.1323,0.5,0.0548,0.0052,0.9792
2026-07-24,short_below,7250.0,2026-09-04,42,89.9,90.3,90.1,0.174613614676369,8.9243,0.4,0.0448,0.0044,0.9758
2026-07-24,wing_above,6975.0,2026-09-04,42,47.6,48.2,47.9,0.209395276673805,6.3842,0.6,0.094,0.0125,0.9388
2026-07-24,wing_below,6950.0,2026-09-04,42,45.0,45.6,45.3,0.211733692713129,6.1623,0.6,0.0974,0.0132,0.9354
2026-07-24,short_above,7150.0,2026-09-04,42,70.8,71.4,71.1,0.187301561848152,8.018,0.6,0.0748,0.0084,0.9624
2026-07-24,short_below,7125.0,2026-09-04,42,66.9,67.5,67.2,0.190408297587465,7.7955,0.6,0.077,0.0089,0.959
2026-07-24,wing_above,6850.0,2026-09-04,42,36.3,36.9,36.6,0.223999790415366,5.3394,0.6,0.1124,0.0164,0.922
2026-07-24,wing_below,6800.0,2026-09-04,42,32.7,33.2,32.95,0.232776113098737,4.9592,0.5,0.1008,0.0152,0.9153
2026-07-24,short_above,7125.0,2026-09-04,42,66.9,67.5,67.2,0.19185676224784,7.7955,0.6,0.077,0.0089,0.959
2026-07-24,short_below,7100.0,2026-09-04,42,63.0,63.5,63.25,0.193491521372945,7.5582,0.5,0.0662,0.0079,0.9556
2026-07-24,wing_above,6850.0,2026-09-04,42,36.2,36.7,36.45,0.224213164237409,5.3394,0.5,0.0936,0.0137,0.922
2026-07-24,wing_below,6800.0,2026-09-04,42,32.7,33.2,32.95,0.232776113098737,4.9592,0.5,0.1008,0.0152,0.9153
2026-07-25,short_above,7125.0,2026-08-07,13,16.1,16.3,16.2,0.19779620915776,2.902,0.2,0.0689,0.0123,0.9559
2026-07-25,short_below,7100.0,2026-08-07,13,14.3,14.5,14.4,0.201950343872796,2.6883,0.2,0.0744,0.0139,0.9525
2026-07-25,wing_above,6925.0,2026-08-07,13,7.0,7.2,7.1,0.233169131410179,1.5736,0.2,0.1271,0.0282,0.929
2026-07-25,wing_below,6900.0,2026-08-07,13,6.4,6.6,6.5,0.237798182102143,1.4624,0.2,0.1368,0.0308,0.9257
2026-07-25,short_above,7275.0,2026-08-21,27,61.2,61.6,61.4,0.16916851351463,6.9962,0.4,0.0572,0.0065,0.976
2026-07-25,short_below,7270.0,2026-08-21,27,60.3,60.6,60.45,0.169874892404404,6.9476,0.3,0.0432,0.005,0.9753
2026-07-25,wing_above,7075.0,2026-08-21,27,33.1,33.4,33.25,0.197040883209711,5.0082,0.3,0.0599,0.009,0.9491
2026-07-25,wing_below,7070.0,2026-08-21,27,32.8,33.1,32.95,0.197734841371878,4.9615,0.3,0.0605,0.0091,0.9485
2026-07-25,short_above,7295.0,2026-08-21,27,65.4,65.9,65.65,0.165834901162286,7.197,0.5,0.0695,0.0076,0.9787
2026-07-25,short_below,7280.0,2026-08-21,27,62.7,63.0,62.85,0.168460971999407,7.0437,0.3,0.0426,0.0048,0.9766
2026-07-25,wing_above,7090.0,2026-08-21,27,34.8,35.1,34.95,0.194959432091091,5.151,0.3,0.0582,0.0086,0.9512
2026-07-25,wing_below,7085.0,2026-08-21,27,34.2,34.6,34.4,0.196617373918757,5.1023,0.4,0.0784,0.0116,0.9505
2026-07-25,short_above,7225.0,2026-08-21,27,52.8,53.1,52.95,0.175677781431613,6.4986,0.3,0.0462,0.0057,0.9693
2026-07-25,short_below,7220.0,2026-08-21,27,51.8,52.3,52.05,0.17688897421965,6.4447,0.5,0.0776,0.0096,0.9686
2026-07-25,wing_above,7020.0,2026-08-21,27,28.4,28.7,28.55,0.204683103430755,4.5132,0.3,0.0665,0.0105,0.9418
2026-07-25,wing_below,7010.0,2026-08-21,27,27.6,27.8,27.7,0.206940039309649,4.4404,0.2,0.045,0.0072,0.9404
2026-07-25,short_below,7275.0,2026-08-21,27,61.8,62.2,62.0,0.168652419755075,6.9962,0.4,0.0572,0.0065,0.976
2026-07-25,wing_above,6985.0,2026-08-21,27,25.8,26.0,25.9,0.210519608012149,4.2299,0.2,0.0473,0.0077,0.9371
2026-07-25,wing_below,6980.0,2026-08-21,27,25.5,26.9,26.2,0.211190590074351,4.1888,1.4,0.3342,0.0534,0.9364
2026-07-25,short_above,7330.0,2026-08-21,27,73.9,74.2,74.05,0.161307053708624,7.503,0.3,0.04,0.0041,0.9834
2026-07-25,short_below,7325.0,2026-08-21,27,72.7,73.0,72.85,0.162030062987723,7.4598,0.3,0.0402,0.0041,0.9827
2026-07-25,wing_above,7065.0,2026-08-21,27,32.5,32.8,32.65,0.198428898861536,4.9507,0.3,0.0606,0.0092,0.9478
2026-07-25,wing_below,7060.0,2026-08-21,27,32.0,32.3,32.15,0.199123073738754,4.9045,0.3,0.0612,0.0093,0.9471
2026-07-25,short_above,7320.0,2026-08-28,34,85.0,85.4,85.2,0.164392587130781,8.4227,0.4,0.0475,0.0047,0.982
2026-07-25,short_below,7310.0,2026-08-28,34,82.9,83.4,83.15,0.167118764886332,8.5344,0.5,0.0586,0.006,0.9807
2026-07-25,wing_above,7050.0,2026-08-28,34,41.7,42.0,41.85,0.199844900868352,5.8425,0.3,0.0513,0.0072,0.9458
2026-07-25,short_above,7290.0,2026-08-28,34,78.6,79.2,78.9,0.168528249597309,8.1687,0.6,0.0735,0.0076,0.978
2026-07-25,short_below,7280.0,2026-08-28,34,76.4,76.9,76.65,0.16989422792304,8.0745,0.5,0.0619,0.0065,0.9766
2026-07-25,wing_above,7000.0,2026-08-28,34,36.6,36.8,36.7,0.20617412773113,5.3984,0.2,0.037,0.0054,0.9391
2026-07-25,wing_below,6990.0,2026-08-28,34,35.5,35.9,35.7,0.207443675717955,5.3098,0.4,0.0753,0.0112,0.9377
2026-07-25,short_above,7320.0,2026-08-28,34,85.1,85.6,85.35,0.163922256277934,8.4227,0.5,0.0594,0.0059,0.982
2026-07-25,short_below,7310.0,2026-08-28,34,82.6,83.2,82.9,0.165274697231815,8.3416,0.6,0.0719,0.0072,0.9812
2026-07-25,wing_above,7050.0,2026-08-28,34,41.5,41.8,41.65,0.200562499699579,5.8425,0.3,0.0513,0.0072,0.9463
2026-07-25,wing_below,7025.0,2026-08-28,34,38.9,39.1,39.0,0.205900657335849,5.6246,0.2,0.0356,0.0051,0.9429
2026-07-25,short_above,7310.0,2026-08-28,34,82.6,83.0,82.8,0.165274697231815,8.3416,0.4,0.048,0.0048,0.9812
2026-07-25,short_below,7300.0,2026-08-28,34,80.4,80.8,80.6,0.170002894510995,8.2562,0.4,0.0484,0.005,0.9798
2026-07-25,wing_below,7025.0,2026-08-28,34,38.8,39.1,38.95,0.203036459268455,5.6246,0.3,0.0533,0.0077,0.9429
2026-07-25,short_above,7220.0,2026-08-28,34,64.6,65.1,64.85,0.178148463808311,7.5222,0.5,0.0665,0.0077,0.9691
2026-07-25,short_below,7210.0,2026-08-28,34,63.1,63.5,63.3,0.179472647438623,7.4251,0.4,0.0539,0.0063,0.9677
2026-07-25,wing_above,6925.0,2026-08-28,34,30.4,30.6,30.5,0.216045624312053,4.7616,0.2,0.042,0.0066,0.9295
2026-07-25,wing_below,6900.0,2026-08-28,34,28.6,28.9,28.75,0.219303015466834,4.5643,0.3,0.0657,0.0104,0.9261
2026-07-25,short_above,7225.0,2026-08-31,37,68.8,69.2,69.0,0.174371839953068,7.9475,0.4,0.0503,0.0058,0.9697
2026-07-25,short_below,7220.0,2026-08-31,37,67.8,68.2,68.0,0.175017498393007,7.887,0.4,0.0507,0.0059,0.9691
2026-07-25,wing_above,6920.0,2026-08-31,37,32.1,32.4,32.25,0.212625594645259,5.0547,0.3,0.0594,0.0093,0.9288
2026-07-25,wing_below,6915.0,2026-08-31,37,31.7,32.0,31.85,0.212930364266564,5.0107,0.3,0.0599,0.0094,0.9281
2026-07-25,short_above,7230.0,2026-08-31,37,69.7,70.0,69.85,0.173724915748974,7.9842,0.3,0.0376,0.0043,0.9704
2026-07-25,short_below,7225.0,2026-08-31,37,68.8,69.2,69.0,0.173636368963207,7.9475,0.4,0.0503,0.0058,0.9697
2026-07-25,wing_above,6930.0,2026-08-31,37,32.9,33.2,33.05,0.211375491848201,5.135,0.3,0.0584,0.0091,0.9302
2026-07-25,wing_below,6920.0,2026-08-31,37,32.1,32.4,32.25,0.212152053515029,5.0547,0.3,0.0594,0.0093,0.9288
2026-07-25,short_above,7275.0,2026-09-04,41,86.6,86.9,86.75,0.170256945001968,8.9229,0.3,0.0336,0.0035,0.9765
2026-07-25,short_below,7250.0,2026-09-04,41,81.5,81.9,81.7,0.173480398666429,8.6986,0.4,0.046,0.0049,0.9731
2026-07-25,wing_above,6975.0,2026-09-04,41,42.9,43.2,43.05,0.207348183253114,6.0933,0.3,0.0492,0.007,0.9362
2026-07-25,wing_below,6950.0,2026-09-04,41,40.6,40.9,40.75,0.210381102647894,5.8735,0.3,0.0511,0.0074,0.9328
2026-07-25,short_above,7150.0,2026-09-04,41,64.3,64.6,64.45,0.186081632056229,7.7469,0.3,0.0387,0.0047,0.9597
2026-07-25,short_below,7125.0,2026-09-04,41,60.5,60.8,60.65,0.189160961012638,7.5021,0.3,0.04,0.0049,0.9563
2026-07-25,wing_above,6850.0,2026-09-04,41,32.7,33.0,32.85,0.224213164237409,5.0566,0.3,0.0593,0.0091,0.9194
2026-07-25,wing_below,6800.0,2026-09-04,41,29.4,29.7,29.55,0.22894953483455,4.688,0.3,0.064,0.0102,0.9127
2026-07-25,short_below,7100.0,2026-09-04,41,57.1,57.4,57.25,0.192217923167711,7.2596,0.3,0.0413,0.0052,0.953
2026-07-25,wing_above,6850.0,2026-09-04,41,32.7,33.0,32.85,0.224213164237409,5.0566,0.3,0.0593,0.0091,0.9194
2026-07-25,short_above,7125.0,2026-08-07,13,18.3,18.6,18.45,0.199490624952289,3.0801,0.3,0.0974,0.0163,0.9575
2026-07-25,short_below,7100.0,2026-08-07,13,16.3,16.5,16.4,0.203712719606032,2.8608,0.2,0.0699,0.0122,0.9542
2026-07-25,wing_above,6925.0,2026-08-07,13,8.0,8.2,8.1,0.235222784029029,1.6866,0.2,0.1186,0.0247,0.9306
2026-07-25,wing_below,6900.0,2026-08-07,13,7.3,7.5,7.4,0.240045702684905,1.5696,0.2,0.1274,0.027,0.9275
2026-07-25,short_above,7275.0,2026-08-21,27,66.0,66.3,66.15,0.169883423603013,7.1205,0.3,0.0421,0.0045,0.9779
2026-07-25,short_below,7270.0,2026-08-21,27,64.8,65.2,65.0,0.17061409474452,7.0738,0.4,0.0565,0.0062,0.9772
2026-07-25,wing_above,7075.0,2026-08-21,27,36.1,36.3,36.2,0.198379318897105,5.1875,0.2,0.0386,0.0055,0.951
2026-07-25,wing_below,7070.0,2026-08-21,27,35.6,35.9,35.75,0.19907967981973,5.1408,0.3,0.0584,0.0084,0.9503
2026-07-25,short_above,7295.0,2026-08-21,27,70.4,70.8,70.6,0.166951289638484,7.3157,0.4,0.0547,0.0057,0.9806
2026-07-25,short_below,7280.0,2026-08-21,27,67.4,67.8,67.6,0.169151782836862,7.1712,0.4,0.0558,0.0059,0.9786
2026-07-25,wing_above,7090.0,2026-08-21,27,37.9,38.2,38.05,0.195920449476233,5.3298,0.3,0.0563,0.0079,0.953
2026-07-25,short_above,7225.0,2026-08-21,27,56.8,57.2,57.0,0.177142676370972,6.6431,0.4,0.0602,0.007,0.9712
2026-07-25,short_below,7220.0,2026-08-21,27,55.8,56.2,56.0,0.177981461877168,6.6074,0.4,0.0605,0.0071,0.9705
2026-07-25,wing_above,7020.0,2026-08-21,27,30.9,31.2,31.05,0.206084209299782,4.6812,0.3,0.0641,0.0097,0.9436
2026-07-25,wing_below,7010.0,2026-08-21,27,30.0,30.3,30.15,0.207487342019852,4.613,0.3,0.065,0.01,0.9423
2026-07-25,short_above,7280.0,2026-08-21,27,67.4,67.8,67.6,0.169673289345672,7.1712,0.4,0.0558,0.0059,0.9786
2026-07-25,wing_above,6985.0,2026-08-21,27,28.0,28.3,28.15,0.211002432106853,4.4002,0.3,0.0682,0.0107,0.9389
2026-07-25,wing_below,6980.0,2026-08-21,27,27.6,27.9,27.75,0.21170702568011,4.3585,0.3,0.0688,0.0108,0.9382
2026-07-25,short_below,7325.0,2026-08-21,27,77.8,78.2,78.0,0.162526361556978,7.5696,0.4,0.0528,0.0051,0.9846
2026-07-25,wing_above,7065.0,2026-08-21,27,35.4,35.6,35.5,0.199779943386116,5.1191,0.2,0.0391,0.0056,0.9497
2026-07-25,wing_below,7060.0,2026-08-21,27,34.9,35.2,35.05,0.200480147034393,5.0728,0.3,0.0591,0.0086,0.949
2026-07-25,short_above,7320.0,2026-08-28,34,90.6,91.0,90.8,0.164739899601022,8.5233,0.4,0.0469,0.0044,0.9839
2026-07-25,short_below,7310.0,2026-08-28,34,88.3,88.7,88.5,0.165274697231815,8.3416,0.4,0.048,0.0045,0.9826
2026-07-25,wing_above,7050.0,2026-08-28,34,44.7,45.0,44.85,0.200878818977605,6.0032,0.3,0.05,0.0067,0.9476
2026-07-25,wing_below,7025.0,2026-08-28,34,42.1,42.3,42.2,0.203036459268455,5.6228,0.2,0.0356,0.0047,0.9443
2026-07-25,short_above,7290.0,2026-08-28,34,83.9,84.3,84.1,0.168923510120256,8.281,0.4,0.0483,0.0048,0.9799
2026-07-25,short_below,7280.0,2026-08-28,34,81.3,82.2,81.75,0.170316007053486,8.1916,0.9,0.1099,0.011,0.9786
2026-07-25,wing_above,7000.0,2026-08-28,34,39.5,39.8,39.65,0.207971567753075,5.5654,0.3,0.0539,0.0076,0.9409
2026-07-25,wing_below,6990.0,2026-08-28,34,38.6,38.9,38.75,0.208616048434621,5.4767,0.3,0.0548,0.0077,0.9396
2026-07-25,short_above,7320.0,2026-08-28,34,91.1,91.5,91.3,0.163922256277934,8.5233,0.4,0.0469,0.0044,0.9839
2026-07-25,wing_above,7050.0,2026-08-28,34,45.0,45.2,45.1,0.200562499699579,6.0032,0.2,0.0333,0.0044,0.9476
2026-07-25,wing_below,7025.0,2026-08-28,34,42.2,42.4,42.3,0.203036459268455,5.7912,0.2,0.0345,0.0047,0.9443
2026-07-25,short_below,7300.0,2026-08-28,34,86.0,86.4,86.2,0.166601132331465,8.3916,0.4,0.0477,0.0046,0.9818
2026-07-25,wing_above,7050.0,2026-08-28,34,44.8,45.0,44.9,0.200562499699579,6.048,0.2,0.0331,0.0045,0.9482
2026-07-25,wing_below,7025.0,2026-08-28,34,41.9,42.2,42.05,0.203036459268455,5.8306,0.3,0.0515,0.0071,0.9448
2026-07-25,short_above,7220.0,2026-08-28,34,69.2,69.7,69.45,0.178692052361811,7.653,0.5,0.0653,0.0072,0.971
2026-07-25,short_below,7210.0,2026-08-28,34,67.4,67.7,67.55,0.17864482586806,7.5587,0.3,0.0397,0.0044,0.9697
2026-07-25,wing_above,6925.0,2026-08-28,34,32.7,33.0,32.85,0.217301488579601,4.9635,0.3,0.0604,0.0091,0.9314
2026-07-25,wing_below,6900.0,2026-08-28,34,30.8,31.0,30.9,0.22059114873011,4.7632,0.2,0.042,0.0065,0.928
2026-07-25,short_above,7225.0,2026-08-31,37,73.1,73.4,73.25,0.173636368963207,8.0778,0.3,0.0371,0.0041,0.9717
2026-07-25,short_below,7220.0,2026-08-31,37,72.2,72.6,72.4,0.175504680607993,8.0391,0.4,0.0498,0.0055,0.971
2026-07-25,wing_above,6920.0,2026-08-31,37,34.6,34.8,34.7,0.213941100339572,5.2459,0.2,0.0381,0.0058,0.9307
2026-07-25,wing_below,6915.0,2026-08-31,37,34.2,34.6,34.4,0.214573277085153,5.2017,0.4,0.0769,0.0116,0.93
2026-07-25,short_above,7230.0,2026-08-31,37,74.4,74.8,74.6,0.1741864148964,8.1518,0.4,0.0491,0.0054,0.9724
2026-07-25,short_below,7225.0,2026-08-31,37,73.5,73.7,73.6,0.173636368963207,8.0866,0.2,0.0247,0.0027,0.9717
2026-07-25,wing_above,6930.0,2026-08-31,37,35.5,35.8,35.65,0.212677664899757,5.3444,0.3,0.0561,0.0084,0.932
2026-07-25,wing_below,6920.0,2026-08-31,37,34.7,35.0,34.85,0.212152053515029,5.2459,0.3,0.0572,0.0086,0.9307
2026-07-25,short_above,7275.0,2026-09-04,41,91.9,92.1,92.0,0.170594947279673,9.05,0.2,0.0221,0.0022,0.9784
2026-07-25,short_below,7250.0,2026-09-04,41,86.7,86.9,86.8,0.173854265667935,8.8355,0.2,0.0226,0.0023,0.9751
2026-07-25,wing_above,6975.0,2026-09-04,41,46.0,46.3,46.15,0.20853498114521,6.3026,0.3,0.0476,0.0065,0.9381
2026-07-25,wing_below,6950.0,2026-09-04,41,43.6,43.8,43.7,0.211631982850947,6.0829,0.2,0.0329,0.0046,0.9347
2026-07-25,short_above,7150.0,2026-09-04,41,68.4,68.6,68.5,0.186676673405626,7.9114,0.2,0.0253,0.0029,0.9616
2026-07-25,short_below,7125.0,2026-09-04,41,64.6,64.8,64.7,0.189833147483895,7.6839,0.2,0.026,0.0031,0.9583
2026-07-25,wing_above,6850.0,2026-09-04,41,35.1,35.3,35.2,0.224070241404979,5.2589,0.2,0.038,0.0057,0.9213
2026-07-25,wing_below,6800.0,2026-09-04,41,31.7,31.9,31.8,0.229941442950644,4.8745,0.2,0.041,0.0063,0.9146
2026-07-25,short_above,7125.0,2026-09-04,41,64.2,64.4,64.3,0.189759033744674,7.6839,0.2,0.026,0.0031,0.9583
2026-07-25,short_below,7100.0,2026-09-04,41,60.7,61.0,60.85,0.192974750640468,7.4458,0.3,0.0403,0.0049,0.9549
2026-07-25,wing_below,6800.0,2026-09-04,41,31.7,32.0,31.85,0.229941442950644,4.8745,0.3,0.0615,0.0094,0.9146
2026-07-25,short_above,7125.0,2026-08-07,13,19.2,19.4,19.3,0.201155950477422,3.1509,0.2,0.0635,0.0104,0.9583
2026-07-25,short_below,7100.0,2026-08-07,13,17.1,17.4,17.25,0.205441370071736,2.9316,0.3,0.1023,0.0174,0.9549
2026-07-25,wing_above,6925.0,2026-08-07,13,8.5,8.7,8.6,0.237093519320471,1.7503,0.2,0.1143,0.0233,0.9314
2026-07-25,wing_below,6900.0,2026-08-07,13,7.8,8.0,7.9,0.24191962335053,1.6302,0.2,0.1227,0.0253,0.928
2026-07-25,short_above,7275.0,2026-08-21,27,67.6,67.9,67.75,0.170807242555506,7.1766,0.3,0.0418,0.0044,0.9785
2026-07-25,short_below,7270.0,2026-08-21,27,66.7,67.0,66.85,0.171536546046299,7.131,0.3,0.0421,0.0045,0.9778
2026-07-25,wing_above,7075.0,2026-08-21,27,37.0,37.3,37.15,0.199142284355567,5.2597,0.3,0.057,0.0081,0.9516
2026-07-25,wing_below,7070.0,2026-08-21,27,36.5,36.8,36.65,0.199838207887865,5.2129,0.3,0.0575,0.0082,0.9509
2026-07-25,short_above,7295.0,2026-08-21,27,72.0,72.3,72.15,0.167875270340171,7.3594,0.3,0.0408,0.0042,0.9812
2026-07-25,short_below,7280.0,2026-08-21,27,68.8,69.2,69.0,0.170076439430336,7.2217,0.4,0.0554,0.0058,0.9792
2026-07-25,wing_above,7090.0,2026-08-21,27,38.8,39.0,38.9,0.198035283268437,5.3907,0.2,0.0371,0.0051,0.9536
2026-07-25,wing_below,7085.0,2026-08-21,27,38.1,38.4,38.25,0.197750105511153,5.3541,0.3,0.056,0.0078,0.9529
2026-07-25,short_above,7225.0,2026-08-21,27,58.0,58.2,58.1,0.178032383875612,6.7144,0.2,0.0298,0.0034,0.9718
2026-07-25,short_below,7220.0,2026-08-21,27,57.0,57.4,57.2,0.178747277439989,6.6622,0.4,0.06,0.007,0.9711
2026-07-25,wing_above,7020.0,2026-08-21,27,31.5,31.8,31.65,0.206803042702634,4.7512,0.3,0.0631,0.0095,0.9442
2026-07-25,wing_below,7010.0,2026-08-21,27,30.7,30.9,30.8,0.208199390120472,4.6567,0.2,0.0429,0.0065,0.9428
2026-07-25,short_above,7280.0,2026-08-21,27,68.4,68.8,68.6,0.169673289345672,7.2217,0.4,0.0554,0.0058,0.9792
2026-07-25,wing_above,6985.0,2026-08-21,27,28.5,28.7,28.6,0.211698472016962,4.443,0.2,0.045,0.007,0.9395
2026-07-25,wing_below,6980.0,2026-08-21,27,28.0,28.4,28.2,0.212399911857797,4.4012,0.4,0.0909,0.0142,0.9388
2026-07-25,short_above,7330.0,2026-08-21,27,79.7,80.0,79.85,0.162531245593913,7.6474,0.3,0.0392,0.0038,0.9859
2026-07-25,short_below,7325.0,2026-08-21,27,78.4,78.8,78.6,0.163277977334282,7.6087,0.4,0.0526,0.0051,0.9852
2026-07-25,wing_above,7065.0,2026-08-21,27,35.7,36.0,35.85,0.201487780659107,5.1662,0.3,0.0581,0.0084,0.9502
2026-07-25,wing_below,7060.0,2026-08-21,27,35.1,35.4,35.25,0.2011956437619,5.1198,0.3,0.0586,0.0085,0.9495
2026-07-25,short_above,7320.0,2026-08-28,34,90.6,91.2,90.9,0.165409733513326,8.5454,0.6,0.0702,0.0066,0.9845
2026-07-25,short_below,7310.0,2026-08-28,34,88.6,89.0,88.8,0.165274697231815,8.4712,0.4,0.0472,0.0045,0.9832
2026-07-25,wing_above,7050.0,2026-08-28,34,44.9,45.2,45.05,0.201645931614971,6.0758,0.3,0.0494,0.0067,0.9482
2026-07-25,wing_below,7025.0,2026-08-28,34,42.3,42.6,42.45,0.203036459268455,5.8306,0.3,0.0515,0.0071,0.9448
2026-07-25,short_above,7290.0,2026-08-28,34,84.0,84.6,84.3,0.169623314685809,8.3082,0.6,0.0722,0.0071,0.9805
2026-07-25,short_below,7280.0,2026-08-28,34,81.9,82.4,82.15,0.1710252343201,8.2246,0.5,0.0608,0.0061,0.9791
2026-07-25,wing_above,7000.0,2026-08-28,34,39.7,40.0,39.85,0.208090650619865,5.6125,0.3,0.0535,0.0075,0.9415
2026-07-25,wing_below,6990.0,2026-08-28,34,38.8,39.1,38.95,0.209811051021793,5.5238,0.3,0.0543,0.0077,0.9401
2026-07-25,short_below,7310.0,2026-08-28,34,88.8,89.4,89.1,0.166954092187335,8.4688,0.6,0.0708,0.0067,0.9832
2026-07-25,wing_above,7050.0,2026-08-28,34,45.2,45.5,45.35,0.202601988212749,6.0758,0.3,0.0494,0.0066,0.9482
2026-07-25,short_below,7300.0,2026-08-28,34,86.7,87.1,86.9,0.168219525883605,8.3897,0.4,0.0477,0.0046,0.9818
2026-07-25,wing_below,7025.0,2026-08-28,34,42.5,42.8,42.65,0.204863665000513,5.8381,0.3,0.0514,0.007,0.9448
2026-07-25,short_above,7220.0,2026-08-28,34,70.2,70.6,70.4,0.179343579140318,7.6813,0.4,0.0521,0.0057,0.9711
2026-07-25,short_below,7210.0,2026-08-28,34,68.4,68.7,68.55,0.180706547960269,7.5879,0.3,0.0395,0.0044,0.9697
2026-07-25,wing_above,6925.0,2026-08-28,34,33.3,33.6,33.45,0.217859713550837,4.9776,0.3,0.0603,0.009,0.9314
2026-07-25,wing_below,6900.0,2026-08-28,34,31.4,31.7,31.55,0.221151351588112,4.7774,0.3,0.0628,0.0095,0.928
2026-07-25,short_above,7225.0,2026-08-31,37,74.4,74.8,74.6,0.175571101172851,8.1051,0.4,0.0494,0.0054,0.9717
2026-07-25,short_below,7220.0,2026-08-31,37,73.4,73.8,73.6,0.176229908398099,8.0535,0.4,0.0497,0.0054,0.9711
2026-07-25,wing_above,6920.0,2026-08-31,37,35.3,35.6,35.45,0.214326069140418,5.2503,0.3,0.0571,0.0085,0.9307
2026-07-25,wing_below,6915.0,2026-08-31,37,34.9,35.2,35.05,0.214958286069562,5.236,0.3,0.0573,0.0086,0.93
2026-07-25,short_above,7230.0,2026-08-31,37,75.7,76.0,75.85,0.174911057043746,8.1468,0.3,0.0368,0.004,0.9724
2026-07-25,short_below,7225.0,2026-08-31,37,74.8,75.1,74.95,0.175487673353722,8.1051,0.3,0.037,0.004,0.9717
2026-07-25,wing_above,6930.0,2026-08-31,37,36.3,36.6,36.45,0.21306388539332,5.3542,0.3,0.056,0.0082,0.9321
2026-07-25,wing_below,6920.0,2026-08-31,37,35.4,35.8,35.6,0.214677763437392,5.2503,0.4,0.0762,0.0112,0.9307
2026-07-25,short_above,7275.0,2026-09-04,41,93.5,93.9,93.7,0.170959695265114,9.0783,0.4,0.0441,0.0043,0.9785
2026-07-25,short_below,7250.0,2026-09-04,41,88.0,88.3,88.15,0.174586746766339,8.8674,0.3,0.0338,0.0034,0.9751
2026-07-25,wing_above,6975.0,2026-09-04,41,46.8,47.1,46.95,0.209162007335367,6.3189,0.3,0.0475,0.0064,0.9381
2026-07-25,wing_below,6950.0,2026-09-04,41,44.3,44.6,44.45,0.212237103683761,6.099,0.3,0.0492,0.0067,0.9348
2026-07-25,short_above,7150.0,2026-09-04,41,69.4,69.8,69.6,0.187322441125714,7.9536,0.4,0.0503,0.0057,0.962
2026-07-25,short_below,7125.0,2026-09-04,41,65.4,65.8,65.6,0.199534247015956,7.7298,0.4,0.0517,0.0061,0.9586
2026-07-25,wing_above,6850.0,2026-09-04,41,35.8,36.1,35.95,0.224496755897189,5.274,0.3,0.0569,0.0083,0.9216
2026-07-25,wing_below,6800.0,2026-09-04,41,32.2,32.5,32.35,0.229941442950644,4.8982,0.3,0.0612,0.0093,0.9149
2026-07-25,short_above,7125.0,2026-09-04,41,65.4,65.8,65.6,0.189759033744674,7.7298,0.4,0.0517,0.0061,0.9586
2026-07-25,short_below,7100.0,2026-09-04,41,61.7,62.1,61.9,0.193650339648178,7.4927,0.4,0.0534,0.0065,0.9553
2026-07-25,wing_above,6850.0,2026-09-04,41,35.7,36.0,35.85,0.224213164237409,5.274,0.3,0.0569,0.0084,0.9216
2026-07-25,wing_below,6800.0,2026-09-04,41,32.2,32.5,32.35,0.229941442950644,4.8982,0.3,0.0612,0.0093,0.9149
2026-07-25,short_above,7125.0,2026-08-07,13,23.6,23.9,23.75,0.204384213314221,3.4982,0.3,0.0858,0.0126,0.9619
2026-07-25,short_below,7100.0,2026-08-07,13,21.2,21.4,21.3,0.208640442988022,3.2716,0.2,0.0611,0.0094,0.9585
2026-07-25,wing_above,6925.0,2026-08-07,13,10.5,10.8,10.65,0.240287429736388,2.0055,0.3,0.1496,0.0282,0.9349
2026-07-25,wing_below,6900.0,2026-08-07,13,9.7,9.9,9.8,0.245111330265293,1.8722,0.2,0.1068,0.0204,0.9315
2026-07-25,short_above,7275.0,2026-08-21,27,76.7,77.1,76.9,0.172046779178373,7.4139,0.4,0.054,0.0052,0.9821
2026-07-25,short_below,7270.0,2026-08-21,27,75.4,75.8,75.6,0.172804101801528,7.373,0.4,0.0543,0.0053,0.9814
2026-07-25,wing_above,7075.0,2026-08-21,27,42.7,43.0,42.85,0.201250240560325,5.5744,0.3,0.0538,0.007,0.9551
2026-07-25,wing_below,7070.0,2026-08-21,27,42.2,42.5,42.35,0.2019575498433,5.5278,0.3,0.0543,0.0071,0.9544
2026-07-25,short_above,7295.0,2026-08-21,27,82.0,82.5,82.25,0.16900610883832,7.5675,0.5,0.0661,0.0061,0.9848
2026-07-25,short_below,7280.0,2026-08-21,27,78.4,78.9,78.65,0.171288270252533,7.4542,0.5,0.0671,0.0064,0.9828
2026-07-25,wing_above,7090.0,2026-08-21,27,44.8,45.1,44.95,0.198627159011755,5.7187,0.3,0.0525,0.0067,0.9571
2026-07-25,short_above,7225.0,2026-08-21,27,66.6,67.0,66.8,0.17493350157063,6.9818,0.4,0.0573,0.006,0.9754
2026-07-25,short_below,7220.0,2026-08-21,27,65.7,66.0,65.85,0.180302159241875,6.9429,0.3,0.0432,0.0046,0.9747
2026-07-25,wing_above,7020.0,2026-08-21,27,36.6,37.0,36.8,0.209010081182152,5.073,0.4,0.0788,0.0109,0.9477
2026-07-25,wing_below,7010.0,2026-08-21,27,35.6,35.9,35.75,0.210418628914391,4.9885,0.3,0.0601,0.0084,0.9463
2026-07-25,short_above,7280.0,2026-08-21,27,78.0,78.4,78.2,0.171655557175742,7.4542,0.4,0.0537,0.0051,0.9828
2026-07-25,short_below,7275.0,2026-08-21,27,76.9,77.4,77.15,0.172219901287463,7.4139,0.5,0.0674,0.0065,0.9821
2026-07-25,wing_above,6985.0,2026-08-21,27,33.1,33.4,33.25,0.21394135319551,4.771,0.3,0.0629,0.009,0.943
2026-07-25,wing_below,6980.0,2026-08-21,27,32.6,32.9,32.75,0.214646423072152,4.7283,0.3,0.0634,0.0092,0.9423
2026-07-25,short_above,7330.0,2026-08-21,27,90.2,90.6,90.4,0.163647309983259,7.8188,0.4,0.0512,0.0044,0.9895
2026-07-25,short_below,7325.0,2026-08-21,27,88.9,89.2,89.05,0.164415516262604,7.7866,0.3,0.0385,0.0034,0.9889
2026-07-25,wing_above,7065.0,2026-08-21,27,41.3,41.6,41.45,0.202664332597219,5.4814,0.3,0.0547,0.0072,0.9538
2026-07-25,wing_below,7060.0,2026-08-21,27,40.7,41.1,40.9,0.203370640266262,5.4351,0.4,0.0736,0.0098,0.9531
2026-07-25,short_above,7320.0,2026-08-28,34,101.7,102.2,101.95,0.166595731874972,8.7191,0.5,0.0573,0.0049,0.9882
2026-07-25,short_below,7310.0,2026-08-28,34,99.1,99.6,99.35,0.166814745651897,8.4688,0.5,0.059,0.005,0.9868
2026-07-25,wing_above,7050.0,2026-08-28,34,50.9,51.4,51.15,0.203170329543953,6.3785,0.5,0.0784,0.0098,0.9517
2026-07-25,wing_below,7025.0,2026-08-28,34,47.7,48.2,47.95,0.205289643514689,5.8381,0.5,0.0856,0.0104,0.9484
2026-07-25,short_above,7290.0,2026-08-28,34,93.4,93.9,93.65,0.170892374648168,8.514,0.5,0.0587,0.0053,0.9841
2026-07-25,short_below,7280.0,2026-08-28,34,91.0,91.6,91.3,0.172312214473237,8.44,0.6,0.0711,0.0066,0.9828
2026-07-25,wing_above,7000.0,2026-08-28,34,44.7,45.0,44.85,0.20967844331722,5.9267,0.3,0.0506,0.0067,0.945
2026-07-25,wing_below,6990.0,2026-08-28,34,43.3,43.7,43.5,0.210984424663567,5.8375,0.4,0.0685,0.0092,0.9436
2026-07-25,short_below,7310.0,2026-08-28,34,97.2,97.8,97.5,0.168782962886211,8.6538,0.6,0.0693,0.0062,0.9868
2026-07-25,wing_above,7050.0,2026-08-28,34,50.0,50.4,50.2,0.20470535921152,6.3785,0.4,0.0627,0.008,0.9517
2026-07-25,short_above,7310.0,2026-08-28,34,97.4,98.5,97.95,0.168782962886211,8.6538,1.1,0.1271,0.0112,0.9866
2026-07-25,short_below,7300.0,2026-08-28,34,95.2,95.8,95.5,0.169421030837201,8.5854,0.6,0.0699,0.0063,0.9852
2026-07-25,wing_above,7050.0,2026-08-28,34,50.2,50.6,50.4,0.20470535921152,6.3439,0.4,0.0631,0.0079,0.9515
2026-07-25,wing_below,7025.0,2026-08-28,34,47.3,47.7,47.5,0.206442451627799,6.1527,0.4,0.065,0.0084,0.9481
2026-07-25,short_above,7220.0,2026-08-28,34,77.4,78.0,77.7,0.180617125495863,7.9446,0.6,0.0755,0.0077,0.9744
2026-07-25,short_below,7210.0,2026-08-28,34,75.5,76.0,75.75,0.181989177053594,7.8571,0.5,0.0636,0.0066,0.9731
2026-07-25,wing_above,6925.0,2026-08-28,34,37.2,37.6,37.4,0.219446544455626,5.2417,0.4,0.0763,0.0107,0.9346
2026-07-25,wing_below,6900.0,2026-08-28,34,35.1,35.4,35.25,0.222741088849136,5.0375,0.3,0.0596,0.0085,0.9312
2026-07-25,short_above,7225.0,2026-08-31,37,81.9,82.3,82.1,0.177476108483755,8.364,0.4,0.0478,0.0049,0.9751
2026-07-25,short_below,7220.0,2026-08-31,37,80.8,81.4,81.1,0.177309710184804,8.3151,0.6,0.0722,0.0074,0.9744
2026-07-25,wing_above,6920.0,2026-08-31,37,39.1,39.5,39.3,0.216065412488452,5.5652,0.4,0.0719,0.0102,0.9339
2026-07-25,wing_below,6915.0,2026-08-31,37,38.8,39.1,38.95,0.216701044130182,5.4989,0.3,0.0546,0.0077,0.9332
2026-07-25,short_above,7230.0,2026-08-31,37,83.0,83.5,83.25,0.175973916793173,8.3873,0.5,0.0596,0.006,0.9758
2026-07-25,short_below,7225.0,2026-08-31,37,82.6,83.1,82.85,0.177476108483755,8.364,0.5,0.0598,0.006,0.9751
2026-07-25,wing_above,6930.0,2026-08-31,37,40.4,40.7,40.55,0.2147946811091,5.6292,0.3,0.0533,0.0074,0.9353
2026-07-25,wing_below,6920.0,2026-08-31,37,39.5,39.9,39.7,0.216994225404631,5.5652,0.4,0.0719,0.0101,0.9339
2026-07-25,short_above,7275.0,2026-09-04,41,101.8,102.4,102.1,0.172826520019187,9.2562,0.6,0.0648,0.0059,0.9818
2026-07-25,short_below,7250.0,2026-09-04,41,96.0,96.6,96.3,0.175547121532922,9.0627,0.6,0.0662,0.0062,0.9785
2026-07-25,wing_above,6975.0,2026-09-04,41,51.6,52.0,51.8,0.21148719646437,6.5855,0.4,0.0607,0.0077,0.9413
2026-07-25,wing_below,6950.0,2026-09-04,41,48.8,49.2,49.0,0.213679832550981,6.3646,0.4,0.0628,0.0082,0.938
2026-07-25,short_above,7150.0,2026-09-04,41,76.3,76.7,76.5,0.188649760573684,8.1982,0.4,0.0488,0.0052,0.965
2026-07-25,short_below,7125.0,2026-09-04,41,72.0,72.5,72.25,0.191849366136462,7.9778,0.5,0.0627,0.0069,0.9616
2026-07-25,wing_above,6850.0,2026-09-04,41,39.6,40.1,39.85,0.226034172662405,5.5277,0.5,0.0905,0.0125,0.9245
2026-07-25,wing_below,6800.0,2026-09-04,41,35.9,36.2,36.05,0.232290200111274,5.1426,0.3,0.0583,0.0083,0.9177
2026-07-25,short_above,7125.0,2026-09-04,41,72.2,72.8,72.5,0.191913576915283,7.9778,0.6,0.0752,0.0083,0.9616
2026-07-25,short_below,7100.0,2026-09-04,41,68.3,68.8,68.55,0.195701760285637,7.7471,0.5,0.0645,0.0073,0.9582
2026-07-25,wing_above,6850.0,2026-09-04,41,39.6,40.0,39.8,0.226673555352825,5.5277,0.4,0.0724,0.0101,0.9245
2026-07-25,wing_below,6800.0,2026-09-04,41,35.8,36.2,36.0,0.232670236130516,5.1426,0.4,0.0778,0.0111,0.9177
2026-07-25,short_above,7125.0,2026-08-07,13,23.4,23.8,23.6,0.203361955653576,3.4668,0.4,0.1154,0.0169,0.9619
2026-07-25,short_below,7100.0,2026-08-07,13,20.8,21.0,20.9,0.207546745009186,3.238,0.2,0.0618,0.0096,0.9585
2026-07-25,wing_above,6925.0,2026-08-07,13,10.3,10.5,10.4,0.238763581603745,1.9773,0.2,0.1011,0.0192,0.9349
2026-07-25,wing_below,6900.0,2026-08-07,13,9.4,9.6,9.5,0.244330211213799,1.8438,0.2,0.1085,0.0211,0.9315
2026-07-25,short_above,7275.0,2026-08-21,27,77.4,77.9,77.65,0.172928892487021,7.4216,0.5,0.0674,0.0064,0.9821
2026-07-25,short_below,7270.0,2026-08-21,27,76.3,76.8,76.55,0.173670017705396,7.3811,0.5,0.0677,0.0065,0.9815
2026-07-25,wing_above,7075.0,2026-08-21,27,43.0,43.2,43.1,0.201758429027291,5.5946,0.2,0.0357,0.0046,0.9551
2026-07-25,wing_below,7070.0,2026-08-21,27,42.4,42.7,42.55,0.202460519085387,5.548,0.3,0.0541,0.0071,0.9545
2026-07-25,short_above,7295.0,2026-08-21,27,82.5,83.0,82.75,0.169957227760375,7.5902,0.5,0.0659,0.006,0.9848
2026-07-25,short_below,7280.0,2026-08-21,27,78.8,79.2,79.0,0.171655557175742,7.4616,0.4,0.0536,0.0051,0.9828
2026-07-25,wing_above,7090.0,2026-08-21,27,44.9,45.2,45.05,0.199649022096517,5.717,0.3,0.0525,0.0067,0.9572
2026-07-25,wing_below,7085.0,2026-08-21,27,44.2,44.6,44.4,0.200352720540552,5.6882,0.4,0.0703,0.009,0.9565
2026-07-25,short_below,7220.0,2026-08-21,27,66.4,66.8,66.6,0.181875209834145,6.9423,0.4,0.0576,0.006,0.9747
2026-07-25,wing_above,7020.0,2026-08-21,27,36.8,37.1,36.95,0.209462891287934,5.0966,0.3,0.0589,0.0081,0.9477
2026-07-25,wing_below,7010.0,2026-08-21,27,35.8,36.2,36.0,0.211510353751734,5.0061,0.4,0.0799,0.0111,0.9464
2026-07-25,short_above,7280.0,2026-08-21,27,79.4,79.8,79.6,0.171655557175742,7.4616,0.4,0.0536,0.005,0.9828
2026-07-25,short_below,7275.0,2026-08-21,27,78.2,78.5,78.35,0.173973015989049,7.4216,0.3,0.0404,0.0038,0.9821
2026-07-25,wing_above,6985.0,2026-08-21,27,33.4,33.7,33.55,0.214359026937503,4.7881,0.3,0.0627,0.0089,0.943
2026-07-25,short_above,7330.0,2026-08-21,27,92.0,92.6,92.3,0.164732790682353,7.8279,0.6,0.0766,0.0065,0.9896
2026-07-25,short_below,7325.0,2026-08-21,27,90.7,91.2,90.95,0.164697990968543,7.7964,0.5,0.0641,0.0055,0.9889
2026-07-25,wing_below,7060.0,2026-08-21,27,41.2,41.6,41.4,0.203863369923631,5.473,0.4,0.0731,0.0097,0.9531
2026-07-25,short_above,7320.0,2026-08-28,34,103.1,103.6,103.35,0.167491187216316,8.7263,0.5,0.0573,0.0048,0.9885
2026-07-25,short_below,7310.0,2026-08-28,34,100.6,101.1,100.85,0.168782962886211,8.6538,0.5,0.0578,0.005,0.9872
2026-07-25,wing_above,7050.0,2026-08-28,34,51.4,51.7,51.55,0.20345861669244,6.403,0.3,0.0469,0.0058,0.9521
2026-07-25,short_above,7290.0,2026-08-28,34,95.1,95.5,95.3,0.172168620607027,8.5247,0.4,0.0469,0.0042,0.9845
2026-07-25,short_below,7280.0,2026-08-28,34,92.6,93.2,92.9,0.173104331815445,8.4517,0.6,0.071,0.0065,0.9831
2026-07-25,wing_above,7000.0,2026-08-28,34,45.2,45.6,45.4,0.209895994191573,5.9458,0.4,0.0673,0.0088,0.9453
2026-07-25,wing_below,6990.0,2026-08-28,34,44.1,44.5,44.3,0.211191146359472,5.8565,0.4,0.0683,0.009,0.944
2026-07-25,short_above,7320.0,2026-08-28,34,102.7,103.2,102.95,0.167430905443315,8.7263,0.5,0.0573,0.0049,0.9885
2026-07-25,wing_above,7050.0,2026-08-28,34,51.2,51.6,51.4,0.20470535921152,6.403,0.4,0.0625,0.0078,0.9521
2026-07-25,wing_below,7025.0,2026-08-28,34,48.1,48.4,48.25,0.207652906657155,6.1527,0.3,0.0488,0.0062,0.9487
2026-07-25,short_above,7310.0,2026-08-28,34,99.9,100.4,100.15,0.168782962886211,8.6622,0.5,0.0577,0.005,0.9872
2026-07-25,short_below,7300.0,2026-08-28,34,97.5,97.8,97.65,0.170310514707439,8.5895,0.3,0.0349,0.0031,0.9858
2026-07-25,wing_below,7025.0,2026-08-28,34,48.1,48.5,48.3,0.207652906657155,6.1602,0.4,0.0649,0.0083,0.9487
2026-07-25,short_above,7220.0,2026-08-28,34,79.2,79.8,79.5,0.181319991615096,7.9574,0.6,0.0754,0.0075,0.975
2026-07-25,short_below,7210.0,2026-08-28,34,77.3,77.7,77.5,0.18266415618266,7.8703,0.4,0.0508,0.0052,0.9737
2026-07-25,wing_above,6925.0,2026-08-28,34,37.8,38.1,37.95,0.219692577290044,5.2844,0.3,0.0568,0.0079,0.9352
2026-07-25,wing_below,6900.0,2026-08-28,34,35.6,35.9,35.75,0.224449563222515,5.0799,0.3,0.0591,0.0084,0.9318
2026-07-25,short_above,7225.0,2026-08-31,37,83.4,83.8,83.6,0.177524144519885,8.3776,0.4,0.0477,0.0048,0.9757
2026-07-25,short_below,7220.0,2026-08-31,37,82.2,82.6,82.4,0.178189279687803,8.3307,0.4,0.048,0.0049,0.975
2026-07-25,wing_above,6920.0,2026-08-31,37,39.5,39.9,39.7,0.21622103305169,5.5886,0.4,0.0716,0.0101,0.9345
2026-07-25,wing_below,6915.0,2026-08-31,37,38.9,39.3,39.1,0.216850417359499,5.5274,0.4,0.0724,0.0102,0.9338
2026-07-25,short_above,7230.0,2026-08-31,37,84.0,84.5,84.25,0.176857349110919,8.4167,0.5,0.0594,0.0059,0.9764
2026-07-25,short_below,7225.0,2026-08-31,37,82.8,83.2,83.0,0.177476108483755,8.3776,0.4,0.0477,0.0048,0.9757
2026-07-25,wing_above,6930.0,2026-08-31,37,40.3,40.6,40.45,0.214964010934251,5.6708,0.3,0.0529,0.0074,0.9359
2026-07-25,short_above,7275.0,2026-09-04,41,102.2,102.9,102.55,0.173087939421473,9.2807,0.7,0.0754,0.0068,0.9825
2026-07-25,short_below,7250.0,2026-09-04,41,96.3,96.8,96.55,0.176389449667445,9.0905,0.5,0.055,0.0052,0.9791
2026-07-25,wing_above,6975.0,2026-09-04,41,51.5,51.8,51.65,0.21148719646437,6.6303,0.3,0.0452,0.0058,0.9419
2026-07-25,wing_below,6950.0,2026-09-04,41,48.7,49.1,48.9,0.213423885460555,6.4085,0.4,0.0624,0.0082,0.9386
2026-07-25,short_above,7150.0,2026-09-04,41,76.4,76.9,76.65,0.187313761519346,8.2342,0.5,0.0607,0.0065,0.9656
2026-07-25,short_below,7125.0,2026-09-04,41,72.1,72.5,72.3,0.192410891150954,8.0026,0.4,0.05,0.0055,0.9622
2026-07-25,wing_above,6850.0,2026-09-04,41,39.5,39.8,39.65,0.22618987549036,5.5682,0.3,0.0539,0.0076,0.9251
2026-07-25,wing_below,6800.0,2026-09-04,41,35.6,35.9,35.75,0.232448805089122,5.1566,0.3,0.0582,0.0084,0.9183
2026-07-25,short_above,7125.0,2026-09-04,41,72.0,72.5,72.25,0.191913576915283,8.0026,0.5,0.0625,0.0069,0.9622
2026-07-25,short_below,7100.0,2026-09-04,41,68.0,68.4,68.2,0.195002836232485,7.7721,0.4,0.0515,0.0059,0.9588
2026-07-25,wing_below,6800.0,2026-09-04,41,35.5,35.8,35.65,0.232670236130516,5.1566,0.3,0.0582,0.0084,0.9179
2026-07-25,short_above,7125.0,2026-08-07,13,22.9,23.2,23.05,0.202222082360796,3.4431,0.3,0.0871,0.013,0.9619
2026-07-25,short_below,7100.0,2026-08-07,13,20.6,20.8,20.7,0.206380872930459,3.2162,0.2,0.0622,0.0097,0.9586
2026-07-25,wing_above,6925.0,2026-08-07,13,10.0,10.3,10.15,0.237685178075339,1.9493,0.3,0.1539,0.0296,0.9349
2026-07-25,wing_below,6900.0,2026-08-07,13,9.1,9.4,9.25,0.242498832707201,1.8169,0.3,0.1651,0.0324,0.9316
2026-07-25,short_above,7275.0,2026-08-21,27,76.8,77.2,77.0,0.172164232322435,7.3647,0.4,0.0543,0.0052,0.9821
2026-07-25,short_below,7270.0,2026-08-21,27,75.7,76.1,75.9,0.172903663341454,7.3217,0.4,0.0546,0.0053,0.9814
2026-07-25,wing_above,7075.0,2026-08-21,27,42.4,42.8,42.6,0.200946754715893,5.4987,0.4,0.0727,0.0094,0.9551
2026-07-25,wing_below,7070.0,2026-08-21,27,41.8,42.1,41.95,0.201652051952484,5.4545,0.3,0.055,0.0072,0.9544
2026-07-25,short_above,7295.0,2026-08-21,27,81.6,82.1,81.85,0.169193000579474,7.5223,0.5,0.0665,0.0061,0.9848
2026-07-25,short_below,7280.0,2026-08-21,27,78.1,78.5,78.3,0.171423471434881,7.3961,0.4,0.0541,0.0051,0.9827
2026-07-25,wing_above,7090.0,2026-08-21,27,44.4,44.7,44.55,0.198828373401192,5.641,0.3,0.0532,0.0067,0.9571
2026-07-25,wing_below,7085.0,2026-08-21,27,43.6,44.1,43.85,0.20074610964536,5.5925,0.5,0.0894,0.0114,0.9564
2026-07-25,short_above,7225.0,2026-08-21,27,66.3,66.8,66.55,0.179502056824048,6.9249,0.5,0.0722,0.0075,0.9753
2026-07-25,short_below,7220.0,2026-08-21,27,65.4,65.8,65.6,0.180229318233347,6.8779,0.4,0.0582,0.0061,0.9746
2026-07-25,wing_above,7020.0,2026-08-21,27,36.3,36.7,36.5,0.208688684845085,4.9979,0.4,0.08,0.011,0.9476
2026-07-25,wing_below,7010.0,2026-08-21,27,35.3,35.7,35.5,0.210094028085016,4.91,0.4,0.0815,0.0113,0.9463
2026-07-25,short_above,7280.0,2026-08-21,27,78.2,78.7,78.45,0.171655557175742,7.3961,0.5,0.0676,0.0064,0.9827
2026-07-25,wing_above,6985.0,2026-08-21,27,32.9,33.3,33.1,0.213608021776601,4.7017,0.4,0.0851,0.0121,0.9429
2026-07-25,wing_below,6980.0,2026-08-21,27,32.5,32.8,32.65,0.214311239775365,4.6504,0.3,0.0645,0.0092,0.9422
2026-07-25,short_above,7330.0,2026-08-21,27,90.9,91.4,91.15,0.163937992602763,7.7788,0.5,0.0643,0.0055,0.9895
2026-07-25,short_below,7325.0,2026-08-21,27,89.6,90.0,89.8,0.164693243546941,7.7451,0.4,0.0516,0.0045,0.9888
2026-07-25,wing_above,7065.0,2026-08-21,27,41.2,41.6,41.4,0.202356971922242,5.4111,0.4,0.0739,0.0097,0.9537
2026-07-25,wing_below,7060.0,2026-08-21,27,40.5,40.9,40.7,0.203061538738348,5.3592,0.4,0.0746,0.0098,0.953
2026-07-25,short_above,7320.0,2026-08-28,34,101.9,102.6,102.25,0.166322883527346,8.6702,0.7,0.0807,0.0068,0.9881
2026-07-25,short_below,7310.0,2026-08-28,34,99.2,99.7,99.45,0.168782962886211,8.6573,0.5,0.0578,0.005,0.9868
2026-07-25,wing_above,7050.0,2026-08-28,34,50.7,51.2,50.95,0.202939432871999,6.294,0.5,0.0794,0.0098,0.9517
2026-07-25,short_above,7290.0,2026-08-28,34,94.1,94.7,94.4,0.171006752111427,8.4565,0.6,0.071,0.0064,0.9842
2026-07-25,short_below,7280.0,2026-08-28,34,91.8,92.4,92.1,0.172415299463591,8.3798,0.6,0.0716,0.0065,0.9828
2026-07-25,wing_above,7000.0,2026-08-28,34,44.9,45.3,45.1,0.209408422409007,5.8447,0.4,0.0684,0.0089,0.945
2026-07-25,wing_below,6990.0,2026-08-28,34,43.6,44.1,43.85,0.210708184211451,5.7466,0.5,0.087,0.0114,0.9437
2026-07-25,short_above,7320.0,2026-08-28,34,101.6,102.2,101.9,0.166322883527346,8.6702,0.6,0.0692,0.0059,0.9882
2026-07-25,wing_above,7050.0,2026-08-28,34,50.6,51.0,50.8,0.20257060191523,6.294,0.4,0.0636,0.0079,0.9518
2026-07-25,short_above,7310.0,2026-08-28,34,98.6,99.2,98.9,0.168167749807956,8.5991,0.6,0.0698,0.0061,0.9869
2026-07-25,short_below,7300.0,2026-08-28,34,96.0,96.5,96.25,0.169590768340243,8.5247,0.5,0.0587,0.0052,0.9855
2026-07-25,wing_above,7050.0,2026-08-28,34,50.4,50.8,50.6,0.20257060191523,6.2887,0.4,0.0636,0.0079,0.9518
2026-07-25,wing_below,7025.0,2026-08-28,34,47.3,47.7,47.5,0.207652906657155,6.1602,0.4,0.0649,0.0084,0.9484
2026-07-25,short_above,7220.0,2026-08-28,34,77.7,78.3,78.0,0.180696321863813,7.8744,0.6,0.0762,0.0077,0.9747
2026-07-25,short_below,7210.0,2026-08-28,34,75.7,76.3,76.0,0.182047435861467,7.7978,0.6,0.0769,0.0079,0.9734
2026-07-25,wing_above,6925.0,2026-08-28,34,37.0,37.4,37.2,0.21621668467809,5.1659,0.4,0.0774,0.0108,0.9349
2026-07-25,wing_below,6900.0,2026-08-28,34,34.9,35.2,35.05,0.222527160902038,4.9825,0.3,0.0602,0.0086,0.9315
2026-07-25,short_above,7225.0,2026-08-31,37,82.1,82.6,82.35,0.176828307719509,8.2421,0.5,0.0607,0.0061,0.9754
2026-07-25,short_below,7220.0,2026-08-31,37,81.1,81.6,81.35,0.177500935403723,8.2137,0.5,0.0609,0.0061,0.9747
2026-07-25,wing_above,6920.0,2026-08-31,37,39.0,39.4,39.2,0.215681540851457,5.445,0.4,0.0735,0.0102,0.9342
2026-07-25,wing_below,6915.0,2026-08-31,37,38.5,39.0,38.75,0.216314056318644,5.387,0.5,0.0928,0.0129,0.9335
2026-07-25,short_above,7230.0,2026-08-31,37,83.3,83.8,83.55,0.176153871777849,8.3914,0.5,0.0596,0.006,0.9761
2026-07-25,short_below,7225.0,2026-08-31,37,82.3,82.8,82.55,0.177476108483755,8.2421,0.5,0.0607,0.0061,0.9754
2026-07-25,wing_above,6930.0,2026-08-31,37,40.0,40.4,40.2,0.215649817265356,5.5264,0.4,0.0724,0.01,0.9353
2026-07-25,wing_below,6920.0,2026-08-31,37,39.0,39.4,39.2,0.216994225404631,5.445,0.4,0.0735,0.0102,0.9339
2026-07-25,short_above,7275.0,2026-09-04,41,101.6,102.2,101.9,0.172329012785913,9.2046,0.6,0.0652,0.0059,0.9819
2026-07-25,short_below,7250.0,2026-09-04,41,95.7,96.3,96.0,0.175630260908656,8.992,0.6,0.0667,0.0062,0.9785
2026-07-25,wing_above,6975.0,2026-09-04,41,51.0,51.5,51.25,0.210119237149501,6.4972,0.5,0.077,0.0098,0.9414
2026-07-25,wing_below,6950.0,2026-09-04,41,48.3,48.7,48.5,0.213185018481173,6.2683,0.4,0.0638,0.0082,0.938
2026-07-25,short_above,7150.0,2026-09-04,41,75.7,76.2,75.95,0.188515089871429,8.1083,0.5,0.0617,0.0066,0.965
2026-07-25,short_below,7125.0,2026-09-04,41,71.5,72.0,71.75,0.191655346262079,7.8761,0.5,0.0635,0.007,0.9616
2026-07-25,wing_above,6850.0,2026-09-04,41,39.0,39.4,39.2,0.225576540395223,5.4446,0.4,0.0735,0.0102,0.9245
2026-07-25,wing_below,6800.0,2026-09-04,41,35.2,35.6,35.4,0.231879606059599,5.0546,0.4,0.0791,0.0113,0.9178
2026-07-25,short_above,7125.0,2026-09-04,41,71.4,71.9,71.65,0.191413081409133,7.8761,0.5,0.0635,0.007,0.9616
2026-07-25,short_below,7100.0,2026-09-04,41,67.4,67.9,67.65,0.194768730260433,7.6423,0.5,0.0654,0.0074,0.9582
2026-07-25,wing_below,6800.0,2026-09-04,41,35.2,35.6,35.4,0.23193314550328,5.0546,0.4,0.0791,0.0113,0.9178
2026-07-27,short_above,7275.0,2026-08-21,25,62.0,64.8,63.4,0.176446998669765,6.7127,2.8,0.4171,0.0442,0.9771
2026-07-27,short_below,7270.0,2026-08-21,25,63.2,63.9,63.55,0.177209756355426,6.6672,0.7,0.105,0.011,0.9764
2026-07-27,wing_above,7075.0,2026-08-21,25,35.3,35.7,35.5,0.206598918403864,4.833,0.4,0.0828,0.0113,0.9502
2026-07-27,wing_below,7070.0,2026-08-21,25,35.1,35.5,35.3,0.207345913666981,4.7884,0.4,0.0835,0.0113,0.9496
2026-07-27,short_above,7295.0,2026-08-21,25,69.7,70.2,69.95,0.173385664562187,6.8905,0.5,0.0726,0.0071,0.9798
2026-07-27,short_below,7280.0,2026-08-21,25,66.6,67.2,66.9,0.176692272100107,6.7578,0.6,0.0888,0.009,0.9778
2026-07-27,wing_above,7090.0,2026-08-21,25,37.4,37.9,37.65,0.205567870551313,4.968,0.5,0.1006,0.0133,0.9531
2026-07-27,wing_below,7085.0,2026-08-21,25,36.9,37.3,37.1,0.206319742045811,4.9228,0.4,0.0813,0.0108,0.9525
2026-07-27,short_above,7225.0,2026-08-21,25,56.4,56.8,56.6,0.185121319961401,6.3282,0.4,0.0632,0.0071,0.9713
2026-07-27,short_below,7220.0,2026-08-21,25,55.2,55.6,55.4,0.185883568979746,6.2813,0.4,0.0637,0.0072,0.9706
2026-07-27,wing_above,7020.0,2026-08-21,25,29.9,30.5,30.2,0.216063012475514,4.4537,0.6,0.1347,0.0199,0.9437
2026-07-27,wing_below,7010.0,2026-08-21,25,29.1,29.4,29.25,0.217558782493364,4.3707,0.3,0.0686,0.0103,0.9424
2026-07-27,wing_above,6985.0,2026-08-21,25,26.8,27.2,27.0,0.221298699272988,4.1682,0.4,0.096,0.0148,0.939
2026-07-27,wing_below,6980.0,2026-08-21,25,26.3,26.8,26.55,0.222047130053728,4.1286,0.5,0.1211,0.0188,0.9384
2026-07-27,short_above,7330.0,2026-08-21,25,75.6,76.1,75.85,0.167779002424526,7.2361,0.5,0.0691,0.0066,0.9854
2026-07-27,short_below,7325.0,2026-08-21,25,74.3,74.8,74.55,0.169696978447728,7.1984,0.5,0.0695,0.0067,0.9847
2026-07-27,wing_above,7065.0,2026-08-21,25,33.4,33.8,33.6,0.20914764008891,4.8405,0.4,0.0826,0.0119,0.9498
2026-07-27,wing_below,7060.0,2026-08-21,25,32.7,33.2,32.95,0.207891604673293,4.7965,0.5,0.1042,0.0152,0.9491
2026-07-27,short_above,7320.0,2026-08-28,32,86.9,87.8,87.35,0.170723470218086,8.183,0.9,0.11,0.0103,0.9841
2026-07-27,short_below,7310.0,2026-08-28,32,85.2,85.8,85.5,0.172207566397757,8.1082,0.6,0.074,0.007,0.9827
2026-07-27,wing_above,7050.0,2026-08-28,32,43.4,43.9,43.65,0.208603951367061,5.7783,0.5,0.0865,0.0115,0.9478
2026-07-27,wing_below,7025.0,2026-08-28,32,40.8,41.3,41.05,0.210242222272481,5.5555,0.5,0.09,0.0122,0.9444
2026-07-27,short_above,7290.0,2026-08-28,32,81.8,82.4,82.1,0.175158299313659,7.9515,0.6,0.0755,0.0073,0.98
2026-07-27,short_below,7280.0,2026-08-28,32,80.0,80.6,80.3,0.17662396053245,7.8699,0.6,0.0762,0.0075,0.9787
2026-07-27,wing_above,7000.0,2026-08-28,32,38.6,39.0,38.8,0.213641415875707,5.3378,0.4,0.0749,0.0103,0.941
2026-07-27,wing_below,6990.0,2026-08-28,32,37.6,38.0,37.8,0.216673795116044,5.2522,0.4,0.0762,0.0106,0.9397
2026-07-27,short_below,7310.0,2026-08-28,32,85.9,86.6,86.25,0.171148281002599,8.1082,0.7,0.0863,0.0081,0.9827
2026-07-27,short_above,7310.0,2026-08-28,32,86.2,86.8,86.5,0.171148281002599,8.1021,0.6,0.0741,0.0069,0.9827
2026-07-27,short_below,7300.0,2026-08-28,32,83.8,84.3,84.05,0.173356139917167,8.0246,0.5,0.0623,0.0059,0.9813
2026-07-27,wing_above,7050.0,2026-08-28,32,43.3,43.7,43.5,0.207111211924817,5.7696,0.4,0.0693,0.0092,0.9477
2026-07-27,short_above,7220.0,2026-08-28,32,67.4,68.0,67.7,0.184951133011813,7.3403,0.6,0.0817,0.0089,0.9706
2026-07-27,short_below,7210.0,2026-08-28,32,65.8,66.4,66.1,0.186365922503026,7.2494,0.6,0.0828,0.0091,0.9692
2026-07-27,wing_above,6925.0,2026-08-28,32,32.0,32.3,32.15,0.225254989173446,4.7123,0.3,0.0637,0.0093,0.9309
2026-07-27,wing_below,6900.0,2026-08-28,32,30.2,30.5,30.35,0.228684535120545,4.5201,0.3,0.0664,0.0099,0.9275
2026-07-27,short_above,7225.0,2026-08-31,35,72.0,72.3,72.15,0.180141504977181,7.769,0.3,0.0386,0.0042,0.9712
2026-07-27,short_below,7220.0,2026-08-31,35,70.8,71.3,71.05,0.180837109879875,7.7234,0.5,0.0647,0.007,0.9706
2026-07-27,wing_above,6920.0,2026-08-31,35,33.8,34.1,33.95,0.220675093607128,5.0061,0.3,0.0599,0.0088,0.9302
2026-07-27,wing_below,6915.0,2026-08-31,35,33.4,33.8,33.6,0.220373776383689,4.966,0.4,0.0805,0.0119,0.9296
2026-07-27,short_above,7230.0,2026-08-31,35,72.9,73.4,73.15,0.179444414130552,7.8144,0.5,0.064,0.0068,0.9719
2026-07-27,wing_above,6930.0,2026-08-31,35,34.5,34.9,34.7,0.219356677575183,5.0869,0.4,0.0786,0.0115,0.9316
2026-07-27,wing_below,6920.0,2026-08-31,35,33.7,34.1,33.9,0.219794355351155,5.0061,0.4,0.0799,0.0118,0.9302
2026-07-27,short_above,7275.0,2026-09-04,39,89.9,90.4,90.15,0.175272878864734,8.7359,0.5,0.0572,0.0055,0.9779
2026-07-27,short_below,7250.0,2026-09-04,39,84.7,85.0,84.85,0.178627356502947,8.5276,0.3,0.0352,0.0035,0.9746
2026-07-27,wing_above,6975.0,2026-09-04,39,44.5,44.8,44.65,0.214606469729592,6.0453,0.3,0.0496,0.0067,0.9376
2026-07-27,wing_below,6950.0,2026-09-04,39,41.7,42.1,41.9,0.217862031319115,5.7841,0.4,0.0692,0.0095,0.9343
2026-07-27,short_above,7150.0,2026-09-04,39,65.9,66.3,66.1,0.191830681209103,7.582,0.4,0.0528,0.0061,0.9611
2026-07-27,short_below,7125.0,2026-09-04,39,62.0,62.4,62.2,0.195096652973518,7.349,0.4,0.0544,0.0064,0.9578
2026-07-27,wing_above,6850.0,2026-09-04,39,33.6,33.9,33.75,0.230968277641502,4.9956,0.3,0.0601,0.0089,0.9208
2026-07-27,wing_below,6800.0,2026-09-04,39,30.4,30.7,30.55,0.237583926441381,4.6374,0.3,0.0647,0.0098,0.9141
2026-07-27,short_below,7100.0,2026-09-04,39,58.5,58.9,58.7,0.198355418161714,7.1166,0.4,0.0562,0.0068,0.9544
2026-07-27,wing_above,6850.0,2026-09-04,39,33.7,34.0,33.85,0.230117151428696,4.9956,0.3,0.0601,0.0089,0.9208
2026-07-27,wing_below,6800.0,2026-09-04,39,30.3,30.7,30.5,0.237599419456364,4.6374,0.4,0.0863,0.0131,0.9141
2026-07-27,short_above,7200.0,2026-09-11,46,82.3,82.9,82.6,0.181593077257276,8.8686,0.6,0.0677,0.0073,0.9679
2026-07-27,short_below,7150.0,2026-09-11,46,73.7,74.3,74.0,0.187793162248175,8.4061,0.6,0.0714,0.0081,0.9611
2026-07-27,wing_above,6850.0,2026-09-11,46,39.4,39.9,39.65,0.22441568110469,5.7335,0.5,0.0872,0.0126,0.9205
2026-07-27,wing_below,6800.0,2026-09-11,46,36.0,36.4,36.2,0.230182572416937,5.3512,0.4,0.0747,0.011,0.9138
2026-07-27,short_above,7275.0,2026-08-21,25,65.9,72.7,69.3,0.17612523892224,6.9228,6.8,0.9823,0.0981,0.9806
2026-07-27,short_below,7270.0,2026-08-21,25,69.4,70.1,69.75,0.176892148805172,6.8809,0.7,0.1017,0.01,0.9799
2026-07-27,wing_above,7075.0,2026-08-21,25,38.2,38.6,38.4,0.206369797805717,5.0928,0.4,0.0785,0.0104,0.9537
2026-07-27,wing_below,7070.0,2026-08-21,25,37.6,38.0,37.8,0.207116198575661,5.0478,0.4,0.0792,0.0106,0.953
2026-07-27,short_above,7295.0,2026-08-21,25,74.4,74.8,74.6,0.173049800542825,7.0852,0.4,0.0565,0.0054,0.9833
2026-07-27,short_below,7280.0,2026-08-21,25,70.6,71.2,70.9,0.175357617855912,6.9643,0.6,0.0862,0.0085,0.9813
2026-07-27,wing_above,7090.0,2026-08-21,25,39.4,39.8,39.6,0.204128490346333,5.2289,0.4,0.0765,0.0101,0.9557
2026-07-27,wing_below,7085.0,2026-08-21,25,38.6,39.0,38.8,0.204688802242911,5.1834,0.4,0.0772,0.0103,0.955
2026-07-27,short_above,7225.0,2026-08-21,25,59.3,59.7,59.5,0.183767338564728,6.4844,0.4,0.0617,0.0067,0.9739
2026-07-27,short_below,7220.0,2026-08-21,25,58.1,58.6,58.35,0.184528416721152,6.385,0.5,0.0783,0.0086,0.9732
2026-07-27,wing_above,7020.0,2026-08-21,25,31.8,32.1,31.95,0.214566577188983,4.5456,0.3,0.066,0.0094,0.9462
2026-07-27,wing_below,7010.0,2026-08-21,25,30.7,31.1,30.9,0.216055105705366,4.4611,0.4,0.0897,0.0129,0.9449
2026-07-27,short_below,7275.0,2026-08-21,25,69.6,70.2,69.9,0.176358134104335,6.9228,0.6,0.0867,0.0086,0.9806
2026-07-27,wing_above,6985.0,2026-08-21,25,29.1,29.5,29.3,0.21977750546993,4.2548,0.4,0.094,0.0137,0.9415
2026-07-27,wing_below,6980.0,2026-08-21,25,28.8,29.2,29.0,0.220522485474548,4.2144,0.4,0.0949,0.0138,0.9409
2026-07-27,short_above,7330.0,2026-08-21,25,82.9,83.4,83.15,0.167622096287509,7.3242,0.5,0.0683,0.006,0.988
2026-07-27,short_below,7325.0,2026-08-21,25,81.9,82.2,82.05,0.168402397824256,7.2891,0.3,0.0412,0.0037,0.9874
2026-07-27,wing_above,7065.0,2026-08-21,25,36.5,37.0,36.75,0.207862280473147,4.9387,0.5,0.1012,0.0136,0.9523
2026-07-27,wing_below,7060.0,2026-08-21,25,35.9,36.2,36.05,0.208766358115025,4.894,0.3,0.0613,0.0083,0.9515
2026-07-27,short_above,7320.0,2026-08-28,32,93.6,94.2,93.9,0.169366802890649,8.2554,0.6,0.0727,0.0064,0.9866
2026-07-27,wing_above,7050.0,2026-08-28,32,45.9,46.3,46.1,0.207420186052819,5.8777,0.4,0.0681,0.0087,0.9502
2026-07-27,wing_below,7025.0,2026-08-28,32,43.3,43.7,43.5,0.211686195731829,5.5469,0.4,0.0721,0.0092,0.9468
2026-07-27,short_above,7290.0,2026-08-28,32,86.4,87.0,86.7,0.173794531254018,8.0339,0.6,0.0747,0.0069,0.9825
2026-07-27,short_below,7280.0,2026-08-28,32,83.8,84.3,84.05,0.175255691935961,7.9551,0.5,0.0629,0.0059,0.9812
2026-07-27,wing_above,7000.0,2026-08-28,32,40.5,40.8,40.65,0.214169651812771,5.4329,0.3,0.0552,0.0074,0.9434
2026-07-27,wing_below,6990.0,2026-08-28,32,39.3,39.8,39.55,0.215517726386006,5.3464,0.5,0.0935,0.0126,0.9421
2026-07-27,short_above,7320.0,2026-08-28,32,93.5,94.0,93.75,0.169028877021673,8.2554,0.5,0.0606,0.0053,0.9866
2026-07-27,short_below,7310.0,2026-08-28,32,90.6,91.2,90.9,0.171148281002599,8.1021,0.6,0.0741,0.0066,0.9852
2026-07-27,wing_above,7050.0,2026-08-28,32,45.8,46.2,46.0,0.20918784699757,5.8777,0.4,0.0681,0.0087,0.9502
2026-07-27,short_above,7310.0,2026-08-28,32,90.8,91.4,91.1,0.170474274606023,8.1843,0.6,0.0733,0.0066,0.9852
2026-07-27,short_below,7300.0,2026-08-28,32,88.4,89.0,88.7,0.172325947938247,8.1102,0.6,0.074,0.0068,0.9839
2026-07-27,wing_below,7025.0,2026-08-28,32,43.0,43.4,43.2,0.210798840272275,5.6552,0.4,0.0707,0.0093,0.9468
2026-07-27,short_above,7220.0,2026-08-28,32,71.2,71.8,71.5,0.183879865402448,7.4445,0.6,0.0806,0.0084,0.9731
2026-07-27,short_below,7210.0,2026-08-28,32,69.6,70.1,69.85,0.185296954586337,7.3548,0.5,0.068,0.0072,0.9717
2026-07-27,wing_above,6925.0,2026-08-28,32,33.8,34.0,33.9,0.224319889411957,4.8096,0.2,0.0416,0.0059,0.9333
2026-07-27,wing_below,6900.0,2026-08-28,32,31.7,32.0,31.85,0.227739563322435,4.614,0.3,0.065,0.0094,0.93
2026-07-27,short_above,7225.0,2026-08-31,35,75.7,76.1,75.9,0.179273768451999,7.8768,0.4,0.0508,0.0053,0.9738
2026-07-27,short_below,7220.0,2026-08-31,35,74.7,75.2,74.95,0.1799733809049,7.8321,0.5,0.0638,0.0067,0.9731
2026-07-27,wing_above,6920.0,2026-08-31,35,35.4,35.8,35.6,0.219914932609197,5.108,0.4,0.0783,0.0112,0.9327
2026-07-27,wing_below,6915.0,2026-08-31,35,35.0,35.4,35.2,0.220573610250534,5.0673,0.4,0.0789,0.0114,0.932
2026-07-27,short_above,7230.0,2026-08-31,35,76.6,77.1,76.85,0.178572660230358,7.9212,0.5,0.0631,0.0065,0.9744
2026-07-27,short_below,7225.0,2026-08-31,35,75.9,76.4,76.15,0.17907413359529,7.8768,0.5,0.0635,0.0066,0.9738
2026-07-27,wing_above,6930.0,2026-08-31,35,36.4,36.7,36.55,0.218599615048587,5.1902,0.3,0.0578,0.0082,0.934
2026-07-27,short_above,7275.0,2026-09-04,39,94.1,94.6,94.35,0.174904403793351,8.8255,0.5,0.0567,0.0053,0.9805
2026-07-27,short_below,7250.0,2026-09-04,39,88.4,88.9,88.65,0.177505167483855,8.6228,0.5,0.058,0.0056,0.9771
2026-07-27,wing_above,6975.0,2026-09-04,39,46.7,47.0,46.85,0.213755353055104,6.1491,0.3,0.0488,0.0064,0.9401
2026-07-27,wing_below,6950.0,2026-09-04,39,44.0,44.4,44.2,0.217006212986634,5.935,0.4,0.0674,0.009,0.9367
2026-07-27,short_above,7150.0,2026-09-04,39,69.3,69.7,69.5,0.190804922039098,7.7357,0.4,0.0517,0.0058,0.9637
2026-07-27,short_below,7125.0,2026-09-04,39,65.8,66.1,65.95,0.193994216887817,7.5051,0.3,0.04,0.0045,0.96
2026-07-27,wing_above,6850.0,2026-09-04,39,35.8,36.1,35.95,0.229875357814534,5.1442,0.3,0.0583,0.0083,0.923
2026-07-27,wing_below,6800.0,2026-09-04,39,32.3,32.6,32.45,0.236453899897397,4.7767,0.3,0.0628,0.0092,0.9163
2026-07-27,short_below,7100.0,2026-09-04,39,62.3,62.8,62.55,0.197257696354434,7.29,0.5,0.0686,0.008,0.9567
2026-07-27,wing_above,6850.0,2026-09-04,39,35.8,36.1,35.95,0.229817278404969,5.1442,0.3,0.0583,0.0083,0.923
2026-07-27,short_above,7200.0,2026-09-11,46,87.6,88.2,87.9,0.180502095104049,9.0253,0.6,0.0665,0.0068,0.9702
2026-07-27,short_below,7150.0,2026-09-11,46,78.5,79.0,78.75,0.186701299339859,8.5715,0.5,0.0583,0.0063,0.9634
2026-07-27,wing_above,6850.0,2026-09-11,46,42.1,42.6,42.35,0.222871883796133,5.8778,0.5,0.0851,0.0118,0.923
2026-07-27,wing_below,6800.0,2026-09-11,46,38.3,38.7,38.5,0.228975047728028,5.4869,0.4,0.0729,0.0104,0.9163
2026-07-28,short_above,7275.0,2026-08-21,24,76.2,76.6,76.4,0.177475036429618,7.0777,0.4,0.0565,0.0052,0.9836
2026-07-28,short_below,7270.0,2026-08-21,24,75.0,75.4,75.2,0.178234870858249,7.039,0.4,0.0568,0.0053,0.9829
2026-07-28,wing_above,7075.0,2026-08-21,24,41.4,41.7,41.55,0.207530219637347,5.2981,0.3,0.0566,0.0072,0.9565
2026-07-28,wing_below,7070.0,2026-08-21,24,40.7,41.0,40.85,0.208276300657276,5.2529,0.3,0.0571,0.0073,0.9559
2026-07-28,short_above,7295.0,2026-08-21,24,80.5,81.0,80.75,0.173907493617645,7.2256,0.5,0.0692,0.0062,0.9863
2026-07-28,short_below,7280.0,2026-08-21,24,76.8,77.3,77.05,0.176208884358987,7.1158,0.5,0.0703,0.0065,0.9837
2026-07-28,wing_above,7090.0,2026-08-21,24,43.0,43.3,43.15,0.204951798274769,5.3968,0.3,0.0556,0.007,0.958
2026-07-28,wing_below,7085.0,2026-08-21,24,42.4,42.8,42.6,0.205697020458625,5.3511,0.4,0.0748,0.0094,0.9573
2026-07-28,short_above,7225.0,2026-08-21,24,65.2,65.7,65.45,0.184609797472975,6.6342,0.5,0.0754,0.0076,0.9762
2026-07-28,short_below,7220.0,2026-08-21,24,64.6,65.0,64.8,0.185370563512009,6.5902,0.4,0.0607,0.0062,0.9756
2026-07-28,wing_above,7020.0,2026-08-21,24,35.4,35.7,35.55,0.215105714512102,4.7721,0.3,0.0629,0.0084,0.9485
2026-07-28,wing_below,7010.0,2026-08-21,24,34.5,34.8,34.65,0.216821506251366,4.6862,0.3,0.064,0.0087,0.9472
2026-07-28,short_above,7280.0,2026-08-21,24,78.0,78.4,78.2,0.177280787482102,7.1158,0.4,0.0562,0.0051,0.9837
2026-07-28,short_below,7275.0,2026-08-21,24,77.0,77.4,77.2,0.178127048651131,7.0777,0.4,0.0565,0.0052,0.983
2026-07-28,wing_above,6985.0,2026-08-21,24,32.2,32.6,32.4,0.220517788694216,4.4755,0.4,0.0894,0.0123,0.9438
2026-07-28,wing_below,6980.0,2026-08-21,24,31.7,32.1,31.9,0.221257167409293,4.4342,0.4,0.0902,0.0125,0.9431
2026-07-28,short_above,7330.0,2026-08-21,24,91.2,91.6,91.4,0.168511092899923,7.4475,0.4,0.0537,0.0044,0.9904
2026-07-28,short_below,7325.0,2026-08-21,24,89.8,90.2,90.0,0.169285128290552,7.4179,0.4,0.0539,0.0044,0.9897
2026-07-28,wing_above,7065.0,2026-08-21,24,40.7,41.0,40.85,0.20867259959157,5.1697,0.3,0.058,0.0073,0.9546
2026-07-28,wing_below,7060.0,2026-08-21,24,40.0,40.4,40.2,0.209415254318596,5.1248,0.4,0.0781,0.01,0.9539
2026-07-28,short_above,7320.0,2026-08-28,31,101.4,102.2,101.8,0.16980724613814,8.3772,0.8,0.0955,0.0079,0.9891
2026-07-28,short_below,7310.0,2026-08-28,31,99.0,99.6,99.3,0.170474274606023,8.1841,0.6,0.0733,0.006,0.9877
2026-07-28,wing_above,7050.0,2026-08-28,31,50.0,50.4,50.2,0.207872756032339,6.1016,0.4,0.0656,0.008,0.9526
2026-07-28,wing_below,7025.0,2026-08-28,31,46.9,47.3,47.1,0.212486469762061,5.6552,0.4,0.0707,0.0085,0.9492
2026-07-28,short_above,7290.0,2026-08-28,31,94.0,94.6,94.3,0.17423832479031,8.1804,0.6,0.0733,0.0064,0.985
2026-07-28,short_below,7280.0,2026-08-28,31,91.7,92.2,91.95,0.175707030017326,8.1089,0.5,0.0617,0.0054,0.9837
2026-07-28,wing_above,7000.0,2026-08-28,31,44.2,44.6,44.4,0.214606984629884,5.6552,0.4,0.0707,0.009,0.9458
2026-07-28,wing_below,6990.0,2026-08-28,31,43.1,43.5,43.3,0.215953497562061,5.5679,0.4,0.0718,0.0092,0.9445
2026-07-28,short_above,7320.0,2026-08-28,31,102.0,102.6,102.3,0.171280105880069,8.3772,0.6,0.0716,0.0059,0.9891
2026-07-28,wing_above,7050.0,2026-08-28,31,50.1,50.5,50.3,0.208951739981429,6.1016,0.4,0.0656,0.008,0.9526
2026-07-28,wing_below,7025.0,2026-08-28,31,47.2,47.5,47.35,0.212313744909129,5.8766,0.3,0.0511,0.0063,0.9492
2026-07-28,short_above,7310.0,2026-08-28,31,99.4,100.0,99.7,0.171287757796663,8.3148,0.6,0.0722,0.006,0.9877
2026-07-28,short_below,7300.0,2026-08-28,31,96.9,97.4,97.15,0.17276502132443,8.2635,0.5,0.0605,0.0051,0.9864
2026-07-28,wing_above,7050.0,2026-08-28,31,50.0,50.4,50.2,0.208951739981429,6.1016,0.4,0.0656,0.008,0.9526
2026-07-28,short_above,7220.0,2026-08-28,31,78.0,78.6,78.3,0.184397077200745,7.6536,0.6,0.0784,0.0077,0.9756
2026-07-28,short_below,7210.0,2026-08-28,31,76.4,76.8,76.6,0.18582252980261,7.5689,0.4,0.0528,0.0052,0.9742
2026-07-28,wing_above,6925.0,2026-08-28,31,36.9,37.2,37.05,0.22469242249333,5.0436,0.3,0.0595,0.0081,0.9359
2026-07-28,wing_below,6900.0,2026-08-28,31,34.7,35.0,34.85,0.230166791540639,4.8433,0.3,0.0619,0.0086,0.9325
2026-07-28,short_above,7225.0,2026-08-31,34,82.5,83.0,82.75,0.181194539494593,8.0843,0.5,0.0618,0.006,0.9764
2026-07-28,short_below,7220.0,2026-08-31,34,81.2,81.8,81.5,0.180580363229969,8.0421,0.6,0.0746,0.0074,0.9757
2026-07-28,wing_above,6920.0,2026-08-31,34,38.7,39.1,38.9,0.220344615329011,5.3483,0.4,0.0748,0.0103,0.9352
2026-07-28,wing_below,6915.0,2026-08-31,34,38.2,38.6,38.4,0.221001440026576,5.3068,0.4,0.0754,0.0104,0.9345
2026-07-28,short_above,7230.0,2026-08-31,34,83.0,83.6,83.3,0.179197099335483,8.1261,0.6,0.0738,0.0072,0.9771
2026-07-28,wing_above,6930.0,2026-08-31,34,39.5,39.9,39.7,0.21903292619401,5.4322,0.4,0.0736,0.0101,0.9365
2026-07-28,wing_below,6920.0,2026-08-31,34,38.6,39.0,38.8,0.222284020086209,5.3483,0.4,0.0748,0.0103,0.9352
2026-07-28,short_above,7275.0,2026-09-04,38,102.0,102.5,102.25,0.174600329529043,8.9902,0.5,0.0556,0.0049,0.9832
2026-07-28,short_below,7250.0,2026-09-04,38,96.0,96.4,96.2,0.177982283982669,8.8047,0.4,0.0454,0.0042,0.9798
2026-07-28,wing_above,6975.0,2026-09-04,38,50.6,50.9,50.75,0.213854515930051,6.3856,0.3,0.047,0.0059,0.9426
2026-07-28,wing_below,6950.0,2026-09-04,38,47.9,48.3,48.1,0.217128095792608,6.1694,0.4,0.0648,0.0083,0.9392
2026-07-28,short_above,7150.0,2026-09-04,38,75.8,76.2,76.0,0.191648619596101,7.9625,0.4,0.0502,0.0053,0.9663
2026-07-28,short_below,7125.0,2026-09-04,38,71.7,72.1,71.9,0.194416930068511,7.7323,0.4,0.0517,0.0056,0.9629
2026-07-28,wing_above,6850.0,2026-09-04,38,38.8,39.2,39.0,0.230266994952883,5.3496,0.4,0.0748,0.0103,0.9257
2026-07-28,wing_below,6800.0,2026-09-04,38,35.0,35.3,35.15,0.237157965342967,4.9745,0.3,0.0603,0.0085,0.919
2026-07-28,short_above,7125.0,2026-09-04,38,71.3,71.8,71.55,0.194873685583978,7.7323,0.5,0.0647,0.007,0.9629
2026-07-28,short_below,7100.0,2026-09-04,38,67.6,68.0,67.8,0.197642446078178,7.5046,0.4,0.0533,0.0059,0.9595
2026-07-28,wing_above,6850.0,2026-09-04,38,38.7,39.1,38.9,0.229817278404969,5.3496,0.4,0.0748,0.0103,0.9257
2026-07-28,wing_below,6800.0,2026-09-04,38,34.8,35.1,34.95,0.237157965342967,4.9745,0.3,0.0603,0.0086,0.919
2026-07-28,short_above,7200.0,2026-09-11,45,93.8,94.2,94.0,0.180769788735582,9.2085,0.4,0.0434,0.0043,0.973
2026-07-28,short_below,7150.0,2026-09-11,45,83.9,84.4,84.15,0.186947087531962,8.7715,0.5,0.057,0.0059,0.9663
2026-07-28,wing_above,6850.0,2026-09-11,45,44.8,45.3,45.05,0.223929855287613,6.1087,0.5,0.0819,0.0111,0.9257
2026-07-28,wing_below,6800.0,2026-09-11,45,40.6,41.1,40.85,0.230102662724824,5.7133,0.5,0.0875,0.0122,0.919
2026-07-28,short_above,7275.0,2026-08-21,24,79.2,79.8,79.5,0.177842294187743,7.109,0.6,0.0844,0.0075,0.9839
2026-07-28,short_below,7270.0,2026-08-21,24,78.2,78.6,78.4,0.178599485071342,7.0712,0.4,0.0566,0.0051,0.9833
2026-07-28,wing_above,7075.0,2026-08-21,24,43.2,43.6,43.4,0.207697106994636,5.3645,0.4,0.0746,0.0092,0.9569
2026-07-28,wing_below,7070.0,2026-08-21,24,42.6,42.9,42.75,0.208435331757734,5.3192,0.3,0.0564,0.007,0.9562
2026-07-28,short_above,7295.0,2026-08-21,24,84.6,85.2,84.9,0.174804236531266,7.2528,0.6,0.0827,0.0071,0.9866
2026-07-28,short_below,7280.0,2026-08-21,24,80.9,81.4,81.15,0.177084228187039,7.1461,0.5,0.07,0.0062,0.9846
2026-07-28,wing_above,7090.0,2026-08-21,24,45.3,45.7,45.5,0.205480687910421,5.5011,0.4,0.0727,0.0088,0.9589
2026-07-28,wing_below,7085.0,2026-08-21,24,44.6,45.0,44.8,0.206219793969509,5.4554,0.4,0.0733,0.0089,0.9582
2026-07-28,short_above,7225.0,2026-08-21,24,68.4,68.8,68.6,0.185381327473004,6.7052,0.4,0.0597,0.0058,0.9772
2026-07-28,short_below,7220.0,2026-08-21,24,67.3,67.7,67.5,0.186575625504008,6.6622,0.4,0.06,0.0059,0.9765
2026-07-28,wing_above,7020.0,2026-08-21,24,36.9,37.2,37.05,0.215232749879568,4.8716,0.3,0.0616,0.0081,0.9495
2026-07-28,wing_below,7010.0,2026-08-21,24,35.7,36.0,35.85,0.21721847018932,4.7851,0.3,0.0627,0.0084,0.9482
2026-07-28,short_above,7280.0,2026-08-21,24,80.5,81.0,80.75,0.177280787482102,7.1461,0.5,0.07,0.0062,0.9848
2026-07-28,short_below,7275.0,2026-08-21,24,78.7,79.3,79.0,0.178305291025586,7.109,0.6,0.0844,0.0076,0.9841
2026-07-28,wing_above,6985.0,2026-08-21,24,32.8,33.1,32.95,0.220909539418874,4.5728,0.3,0.0656,0.0091,0.9449
2026-07-28,wing_below,6980.0,2026-08-21,24,32.4,32.7,32.55,0.221649210810338,4.5311,0.3,0.0662,0.0092,0.9442
2026-07-28,short_below,7325.0,2026-08-21,24,92.1,92.6,92.35,0.170055181221072,7.4423,0.5,0.0672,0.0054,0.9908
2026-07-28,wing_above,7065.0,2026-08-21,24,41.5,41.8,41.65,0.209127988726826,5.2707,0.3,0.0569,0.0072,0.9557
2026-07-28,wing_below,7060.0,2026-08-21,24,41.0,41.3,41.15,0.207175657676925,5.2256,0.3,0.0574,0.0073,0.955
2026-07-28,short_above,7320.0,2026-08-28,31,104.4,105.0,104.7,0.17071810673911,8.4145,0.6,0.0713,0.0057,0.9902
2026-07-28,wing_above,7050.0,2026-08-28,31,51.4,51.8,51.6,0.208399023482819,6.2008,0.4,0.0645,0.0078,0.9536
2026-07-28,wing_below,7025.0,2026-08-28,31,48.2,48.7,48.45,0.211241646289853,5.9007,0.5,0.0847,0.0103,0.9503
2026-07-28,short_above,7290.0,2026-08-28,31,96.7,97.2,96.95,0.175114626935947,8.2286,0.5,0.0608,0.0052,0.9861
2026-07-28,short_below,7280.0,2026-08-28,31,94.2,94.8,94.5,0.176570696330103,8.1603,0.6,0.0735,0.0063,0.9848
2026-07-28,wing_above,7000.0,2026-08-28,31,45.3,45.7,45.5,0.215065557016734,5.7535,0.4,0.0695,0.0088,0.9469
2026-07-28,wing_below,7025.0,2026-08-28,31,48.5,48.9,48.7,0.212313744909129,5.9756,0.4,0.0669,0.0082,0.9503
2026-07-28,short_above,7310.0,2026-08-28,31,102.8,103.4,103.1,0.172756031115067,8.3282,0.6,0.072,0.0058,0.9888
2026-07-28,short_below,7300.0,2026-08-28,31,100.4,101.0,100.7,0.173653462757304,8.2939,0.6,0.0723,0.006,0.9875
2026-07-28,wing_above,7050.0,2026-08-28,31,52.0,52.4,52.2,0.208399023482819,6.2094,0.4,0.0644,0.0077,0.9536
2026-07-28,wing_below,7025.0,2026-08-28,31,48.8,49.2,49.0,0.212313744909129,5.9842,0.4,0.0668,0.0082,0.9503
2026-07-28,short_above,7220.0,2026-08-28,31,81.2,81.7,81.45,0.185179431015131,7.7264,0.5,0.0647,0.0061,0.9766
2026-07-28,short_below,7210.0,2026-08-28,31,79.2,79.7,79.45,0.185054721034798,7.644,0.5,0.0654,0.0063,0.9753
2026-07-28,wing_above,6925.0,2026-08-28,31,38.1,38.6,38.35,0.225137317041684,5.1232,0.5,0.0976,0.013,0.9367
2026-07-28,short_above,7225.0,2026-08-31,34,85.6,86.2,85.9,0.180425182180864,8.1552,0.6,0.0736,0.007,0.9776
2026-07-28,short_below,7220.0,2026-08-31,34,84.6,85.1,84.85,0.181117959987497,8.1143,0.5,0.0616,0.0059,0.9769
2026-07-28,wing_above,6920.0,2026-08-31,34,40.2,40.6,40.4,0.220684046438933,5.4273,0.4,0.0737,0.0099,0.9363
2026-07-28,wing_below,6915.0,2026-08-31,34,39.7,40.1,39.9,0.221335337152956,5.3854,0.4,0.0743,0.01,0.9357
2026-07-28,short_above,7230.0,2026-08-31,34,87.0,87.4,87.2,0.179730950677753,8.1957,0.4,0.0488,0.0046,0.9783
2026-07-28,short_below,7225.0,2026-08-31,34,86.0,86.5,86.25,0.17899406137388,8.1552,0.5,0.0613,0.0058,0.9776
2026-07-28,wing_above,6930.0,2026-08-31,34,41.3,41.8,41.55,0.219517229603467,5.5117,0.5,0.0907,0.012,0.9377
2026-07-28,wing_below,6920.0,2026-08-31,34,40.3,40.7,40.5,0.219938939638807,5.4273,0.4,0.0737,0.0099,0.9363
2026-07-28,short_above,7275.0,2026-09-04,38,106.0,106.6,106.3,0.175281930679297,9.0445,0.6,0.0663,0.0056,0.9844
2026-07-28,short_below,7250.0,2026-09-04,38,97.8,100.2,99.0,0.178653792015493,8.866,2.4,0.2707,0.0242,0.981
2026-07-28,wing_below,6950.0,2026-09-04,38,49.9,50.4,50.15,0.217730858066825,6.274,0.5,0.0797,0.01,0.9404
2026-07-28,short_above,7150.0,2026-09-04,38,79.3,79.8,79.55,0.191648619596101,8.055,0.5,0.0621,0.0063,0.9674
2026-07-28,short_below,7125.0,2026-09-04,38,74.9,75.5,75.2,0.195071135460126,7.8336,0.6,0.0766,0.008,0.9641
2026-07-28,wing_above,6850.0,2026-09-04,38,40.6,41.1,40.85,0.230733626904662,5.452,0.5,0.0917,0.0122,0.9269
2026-07-28,wing_below,6800.0,2026-09-04,38,36.6,37.1,36.85,0.237286581018067,5.0723,0.5,0.0986,0.0136,0.9201
2026-07-28,short_below,7100.0,2026-09-04,38,71.0,71.5,71.25,0.198305896976008,7.6092,0.5,0.0657,0.007,0.9607
2026-07-28,wing_below,6800.0,2026-09-04,38,36.6,37.1,36.85,0.237157965342967,5.0723,0.5,0.0986,0.0136,0.9201
2026-07-28,short_above,7200.0,2026-09-11,45,98.8,99.4,99.1,0.181424147854015,9.2946,0.6,0.0646,0.0061,0.9742
2026-07-28,short_below,7150.0,2026-09-11,45,88.5,89.2,88.85,0.187632212840657,8.8689,0.7,0.0789,0.0079,0.9674
2026-07-28,wing_above,6850.0,2026-09-11,45,47.2,47.7,47.45,0.224112710219557,6.2079,0.5,0.0805,0.0105,0.9269
2026-07-28,wing_below,6800.0,2026-09-11,45,42.9,43.4,43.15,0.230223700751117,5.808,0.5,0.0861,0.0116,0.9201
2026-07-28,short_above,7275.0,2026-08-21,24,75.0,75.4,75.2,0.176224937929812,7.0343,0.4,0.0569,0.0053,0.983
2026-07-28,short_below,7270.0,2026-08-21,24,73.3,74.0,73.65,0.177177362135462,6.9945,0.7,0.1001,0.0095,0.9823
2026-07-28,wing_above,7075.0,2026-08-21,24,40.4,40.7,40.55,0.206391220291898,5.2312,0.3,0.0573,0.0074,0.956
2026-07-28,wing_below,7070.0,2026-08-21,24,38.6,40.2,39.4,0.206827857056243,5.1856,1.6,0.3085,0.0406,0.9553
2026-07-28,short_above,7295.0,2026-08-21,24,80.0,80.4,80.2,0.173189556408349,7.1863,0.4,0.0557,0.005,0.9857
2026-07-28,short_below,7280.0,2026-08-21,24,76.2,76.8,76.5,0.175466911456265,7.0733,0.6,0.0848,0.0078,0.9837
2026-07-28,wing_above,7090.0,2026-08-21,24,42.4,42.7,42.55,0.203884222169177,5.3688,0.3,0.0559,0.0071,0.958
2026-07-28,wing_below,7085.0,2026-08-21,24,41.6,42.0,41.8,0.204620573659659,5.3228,0.4,0.0751,0.0096,0.9573
2026-07-28,short_above,7225.0,2026-08-21,24,64.3,64.5,64.4,0.183781946934007,6.6135,0.2,0.0302,0.0031,0.9762
2026-07-28,short_below,7220.0,2026-08-21,24,63.1,63.4,63.25,0.184535143076071,6.5691,0.3,0.0457,0.0047,0.9755
2026-07-28,wing_above,7020.0,2026-08-21,24,34.3,34.6,34.45,0.214177726582658,4.7294,0.3,0.0634,0.0087,0.9485
2026-07-28,wing_below,7010.0,2026-08-21,24,33.4,33.7,33.55,0.215648536445622,4.643,0.3,0.0646,0.0089,0.9472
2026-07-28,short_above,7280.0,2026-08-21,24,76.3,76.8,76.55,0.177280787482102,7.0733,0.5,0.0707,0.0065,0.9837
2026-07-28,short_below,7275.0,2026-08-21,24,75.5,75.9,75.7,0.176375310774626,7.0343,0.4,0.0569,0.0053,0.983
2026-07-28,wing_above,6985.0,2026-08-21,24,31.2,31.6,31.4,0.219330566563291,4.4315,0.4,0.0903,0.0127,0.9438
2026-07-28,wing_below,6980.0,2026-08-21,24,30.8,31.2,31.0,0.220068145392646,4.39,0.4,0.0911,0.0129,0.9431
2026-07-28,short_below,7325.0,2026-08-21,24,88.5,88.9,88.7,0.168654442473414,7.3922,0.4,0.0541,0.0045,0.9897
2026-07-28,wing_above,7065.0,2026-08-21,24,39.6,40.0,39.8,0.207646735631391,5.1296,0.4,0.078,0.0101,0.9547
2026-07-28,wing_below,7060.0,2026-08-21,24,39.1,39.5,39.3,0.208385817632732,5.0843,0.4,0.0787,0.0102,0.954
2026-07-28,short_above,7320.0,2026-08-28,31,100.7,101.2,100.95,0.169243170016107,8.3669,0.5,0.0598,0.005,0.9891
2026-07-28,short_below,7310.0,2026-08-28,31,97.8,98.4,98.1,0.170673858552782,8.3559,0.6,0.0718,0.0061,0.9878
2026-07-28,wing_above,7050.0,2026-08-28,31,49.0,49.3,49.15,0.206823913550381,6.0651,0.3,0.0495,0.0061,0.9526
2026-07-28,short_above,7290.0,2026-08-28,31,92.6,93.1,92.85,0.173302469857137,8.1691,0.5,0.0612,0.0054,0.9851
2026-07-28,short_below,7280.0,2026-08-28,31,89.8,90.4,90.1,0.17476057687886,8.0971,0.6,0.0741,0.0067,0.9837
2026-07-28,wing_above,7000.0,2026-08-28,31,43.1,43.5,43.3,0.213444983739322,5.6163,0.4,0.0712,0.0092,0.9459
2026-07-28,wing_below,6990.0,2026-08-28,31,42.1,42.5,42.3,0.215563700150572,5.5285,0.4,0.0724,0.0095,0.9445
2026-07-28,wing_above,7050.0,2026-08-28,31,48.8,49.2,49.0,0.206823913550381,6.0651,0.4,0.066,0.0082,0.9526
2026-07-28,wing_below,7025.0,2026-08-28,31,45.8,46.1,45.95,0.212313744909129,5.9842,0.3,0.0501,0.0065,0.9493
2026-07-28,short_above,7310.0,2026-08-28,31,97.1,97.8,97.45,0.170373201659487,8.3043,0.7,0.0843,0.0072,0.9878
2026-07-28,short_below,7300.0,2026-08-28,31,94.6,95.0,94.8,0.171839812348056,8.2382,0.4,0.0486,0.0042,0.9864
2026-07-28,wing_above,7050.0,2026-08-28,31,48.7,49.0,48.85,0.206823913550381,6.0651,0.3,0.0495,0.0061,0.9526
2026-07-28,short_above,7220.0,2026-08-28,31,76.5,77.0,76.75,0.183389703829668,7.6183,0.5,0.0656,0.0065,0.9756
2026-07-28,short_below,7210.0,2026-08-28,31,74.5,75.0,74.75,0.184805608592081,7.5274,0.5,0.0664,0.0067,0.9743
2026-07-28,wing_above,6925.0,2026-08-28,31,35.7,36.0,35.85,0.224128006797755,4.9845,0.3,0.0602,0.0084,0.9357
2026-07-28,wing_below,6900.0,2026-08-28,31,33.7,33.9,33.8,0.226986009560212,4.7842,0.2,0.0418,0.0059,0.9324
2026-07-28,short_above,7225.0,2026-08-31,34,80.7,81.2,80.95,0.178761723159869,8.045,0.5,0.0622,0.0062,0.9763
2026-07-28,short_below,7220.0,2026-08-31,34,79.8,80.3,80.05,0.17944954538709,8.0022,0.5,0.0625,0.0062,0.9756
2026-07-28,wing_above,6920.0,2026-08-31,34,37.8,38.2,38.0,0.219180751492283,5.2878,0.4,0.0756,0.0105,0.9351
2026-07-28,wing_below,6915.0,2026-08-31,34,37.5,38.0,37.75,0.219836440103056,5.2462,0.5,0.0953,0.0132,0.9344
2026-07-28,short_above,7230.0,2026-08-31,34,82.4,83.0,82.7,0.178072610820711,8.0874,0.6,0.0742,0.0073,0.977
2026-07-28,short_below,7225.0,2026-08-31,34,81.3,81.7,81.5,0.179020793487267,8.045,0.4,0.0497,0.0049,0.9763
2026-07-28,wing_above,6930.0,2026-08-31,34,38.8,39.2,39.0,0.217871182030225,5.3717,0.4,0.0745,0.0103,0.9364
2026-07-28,wing_below,6920.0,2026-08-31,34,38.0,38.4,38.2,0.219938939638807,5.2878,0.4,0.0756,0.0105,0.9351
2026-07-28,short_above,7275.0,2026-09-04,38,100.9,101.3,101.1,0.173505685004,8.9578,0.4,0.0447,0.004,0.983
2026-07-28,short_below,7250.0,2026-09-04,38,95.0,95.4,95.2,0.177042975570981,8.7687,0.4,0.0456,0.0042,0.9797
2026-07-28,wing_above,6975.0,2026-09-04,38,49.8,50.1,49.95,0.212978219209644,6.3257,0.3,0.0474,0.006,0.9426
2026-07-28,wing_below,6950.0,2026-09-04,38,47.0,47.3,47.15,0.217414217486154,6.1072,0.3,0.0491,0.0064,0.9392
2026-07-28,short_above,7150.0,2026-09-04,38,74.4,74.7,74.55,0.190282499698093,7.9245,0.3,0.0379,0.004,0.9662
2026-07-28,wing_above,6850.0,2026-09-04,38,37.8,38.1,37.95,0.229174700936865,5.3011,0.3,0.0566,0.0079,0.9257
2026-07-28,wing_below,6800.0,2026-09-04,38,34.1,34.4,34.25,0.235736108867552,4.925,0.3,0.0609,0.0088,0.9189
2026-07-28,short_above,7125.0,2026-09-04,38,70.3,70.6,70.45,0.194873685583978,7.6977,0.3,0.039,0.0043,0.9628
2026-07-28,short_below,7100.0,2026-09-04,38,66.3,66.6,66.45,0.196795330976921,7.4689,0.3,0.0402,0.0045,0.9594
2026-07-28,wing_above,6850.0,2026-09-04,38,37.9,38.2,38.05,0.229817278404969,5.3011,0.3,0.0566,0.0079,0.9257
2026-07-28,short_above,7200.0,2026-09-11,45,92.7,93.4,93.05,0.180152035715405,9.1845,0.7,0.0762,0.0075,0.973
2026-07-28,short_below,7150.0,2026-09-11,45,83.1,83.6,83.35,0.186302827224177,8.7441,0.5,0.0572,0.006,0.9662
2026-07-28,wing_above,6850.0,2026-09-11,45,44.2,44.7,44.45,0.22441568110469,6.0675,0.5,0.0824,0.0112,0.9257
2026-07-28,wing_below,6800.0,2026-09-11,45,40.1,40.6,40.35,0.229247653780801,5.6712,0.5,0.0882,0.0124,0.9189
2026-07-28,short_above,7275.0,2026-08-21,24,70.7,71.2,70.95,0.176010052275053,6.9317,0.5,0.0721,0.007,0.9812
2026-07-28,short_below,7270.0,2026-08-21,24,69.8,70.3,70.05,0.176764452757831,6.89,0.5,0.0726,0.0071,0.9805
2026-07-28,wing_above,7075.0,2026-08-21,24,38.1,38.4,38.25,0.205779560365754,5.0995,0.3,0.0588,0.0078,0.9542
2026-07-28,wing_below,7070.0,2026-08-21,24,37.5,38.0,37.75,0.206513273374184,5.0539,0.5,0.0989,0.0132,0.9535
2026-07-28,short_above,7295.0,2026-08-21,24,75.6,76.2,75.9,0.172986429237793,7.0927,0.6,0.0846,0.0079,0.9839
2026-07-28,short_below,7280.0,2026-08-21,24,72.3,72.8,72.55,0.17525510303926,6.9729,0.5,0.0717,0.0069,0.9819
2026-07-28,wing_above,7090.0,2026-08-21,24,40.0,40.4,40.2,0.204893764974364,5.2374,0.4,0.0764,0.01,0.9562
2026-07-28,wing_below,7085.0,2026-08-21,24,39.5,39.9,39.7,0.205647446430174,5.1913,0.4,0.0771,0.0101,0.9556
2026-07-28,short_above,7225.0,2026-08-21,24,61.1,61.6,61.35,0.183532922900287,6.4937,0.5,0.077,0.0081,0.9744
2026-07-28,short_below,7220.0,2026-08-21,24,60.1,60.6,60.35,0.1842826726822,6.4479,0.5,0.0775,0.0083,0.9738
2026-07-28,wing_above,7020.0,2026-08-21,24,32.5,32.9,32.7,0.213839887255947,4.6086,0.4,0.0868,0.0122,0.9468
2026-07-28,wing_below,7010.0,2026-08-21,24,31.6,31.9,31.75,0.215304840735931,4.5227,0.3,0.0663,0.0094,0.9454
2026-07-28,short_below,7275.0,2026-08-21,24,71.2,71.6,71.4,0.176375310774626,6.9317,0.4,0.0577,0.0056,0.9812
2026-07-28,wing_above,6985.0,2026-08-21,24,29.2,29.6,29.4,0.218970781094424,4.3127,0.4,0.0927,0.0136,0.9421
2026-07-28,wing_below,6980.0,2026-08-21,24,28.9,29.3,29.1,0.222541323146069,4.2716,0.4,0.0936,0.0137,0.9414
2026-07-28,short_above,7330.0,2026-08-21,24,84.9,85.4,85.15,0.167659467091001,7.3453,0.5,0.0681,0.0059,0.9886
2026-07-28,short_below,7325.0,2026-08-21,24,83.7,84.2,83.95,0.170055181221072,7.3118,0.5,0.0684,0.006,0.9879
2026-07-28,wing_above,7065.0,2026-08-21,24,37.2,37.6,37.4,0.207579451675359,5.0075,0.4,0.0799,0.0107,0.9529
2026-07-28,wing_below,7060.0,2026-08-21,24,36.6,37.0,36.8,0.207979851032543,4.9622,0.4,0.0806,0.0109,0.9522
2026-07-28,short_above,7320.0,2026-08-28,31,96.4,97.0,96.7,0.168899518241977,8.2935,0.6,0.0723,0.0062,0.9873
2026-07-28,short_below,7310.0,2026-08-28,31,93.7,94.4,94.05,0.170638608450055,8.3043,0.7,0.0843,0.0074,0.9859
2026-07-28,wing_above,7050.0,2026-08-28,31,46.8,47.2,47.0,0.206823913550381,5.9468,0.4,0.0673,0.0085,0.9508
2026-07-28,short_above,7290.0,2026-08-28,31,88.9,89.4,89.15,0.173399744492993,8.0818,0.5,0.0619,0.0056,0.9832
2026-07-28,short_below,7280.0,2026-08-28,31,86.3,87.0,86.65,0.174762261222907,8.0057,0.7,0.0874,0.0081,0.9819
2026-07-28,wing_above,7000.0,2026-08-28,31,41.1,41.5,41.3,0.213222495540597,5.4978,0.4,0.0728,0.0097,0.9441
2026-07-28,wing_below,6990.0,2026-08-28,31,40.1,40.6,40.35,0.214559781277953,5.4103,0.5,0.0924,0.0124,0.9428
2026-07-28,short_above,7320.0,2026-08-28,31,96.5,97.2,96.85,0.169243170016107,8.2935,0.7,0.0844,0.0072,0.9873
2026-07-28,short_below,7310.0,2026-08-28,31,93.8,94.4,94.1,0.170372488114578,8.2259,0.6,0.0729,0.0064,0.9859
2026-07-28,wing_above,7050.0,2026-08-28,31,46.9,47.3,47.1,0.206823913550381,5.9468,0.4,0.0673,0.0085,0.951
2026-07-28,wing_below,7025.0,2026-08-28,31,43.9,44.3,44.1,0.210189485618722,5.8442,0.4,0.0684,0.0091,0.9477
2026-07-28,short_above,7310.0,2026-08-28,31,93.6,94.2,93.9,0.170638608450055,8.2259,0.6,0.0729,0.0064,0.9861
2026-07-28,short_below,7300.0,2026-08-28,31,91.2,91.7,91.45,0.171905065785463,8.1552,0.5,0.0613,0.0055,0.9848
2026-07-28,wing_above,7050.0,2026-08-28,31,46.7,47.1,46.9,0.206823913550381,5.9468,0.4,0.0673,0.0085,0.951
2026-07-28,wing_below,7025.0,2026-08-28,31,43.8,44.2,44.0,0.210189485618722,5.7202,0.4,0.0699,0.0091,0.9477
2026-07-28,short_above,7220.0,2026-08-28,31,73.2,73.8,73.5,0.183410192752673,7.5074,0.6,0.0799,0.0082,0.974
2026-07-28,short_below,7210.0,2026-08-28,31,71.3,71.8,71.55,0.184816952012318,7.4191,0.5,0.0674,0.007,0.9726
2026-07-28,wing_above,6925.0,2026-08-28,31,34.1,34.4,34.25,0.223388919713231,4.8664,0.3,0.0616,0.0088,0.9342
2026-07-28,wing_below,6900.0,2026-08-28,31,32.0,32.4,32.2,0.226813652632039,4.6685,0.4,0.0857,0.0124,0.9308
2026-07-28,short_above,7225.0,2026-08-31,34,77.2,77.7,77.45,0.178880818323725,7.9399,0.5,0.063,0.0065,0.9747
2026-07-28,short_below,7220.0,2026-08-31,34,76.0,76.6,76.3,0.179563374683967,7.8979,0.6,0.076,0.0079,0.974
2026-07-28,wing_above,6920.0,2026-08-31,34,35.7,36.1,35.9,0.218885222640934,5.165,0.4,0.0774,0.0111,0.9335
2026-07-28,wing_below,6915.0,2026-08-31,34,35.3,35.7,35.5,0.220327582628401,5.1238,0.4,0.0781,0.0113,0.9328
2026-07-28,short_above,7230.0,2026-08-31,34,78.0,78.5,78.25,0.178431833018582,7.9858,0.5,0.0626,0.0064,0.9753
2026-07-28,short_below,7225.0,2026-08-31,34,77.0,77.5,77.25,0.179020793487267,7.9399,0.5,0.063,0.0065,0.9747
2026-07-28,wing_above,6930.0,2026-08-31,34,36.6,37.0,36.8,0.217569921741766,5.2481,0.4,0.0762,0.0109,0.9349
2026-07-28,wing_below,6920.0,2026-08-31,34,35.7,36.0,35.85,0.219938939638807,5.165,0.3,0.0581,0.0084,0.9335
2026-07-28,short_above,7275.0,2026-09-04,38,95.7,96.2,95.95,0.173644219718703,8.8741,0.5,0.0563,0.0052,0.9814
2026-07-28,short_below,7250.0,2026-09-04,38,90.0,90.5,90.25,0.177040540044712,8.6771,0.5,0.0576,0.0055,0.978
2026-07-28,wing_above,6975.0,2026-09-04,38,47.1,47.4,47.25,0.212805703378614,6.2095,0.3,0.0483,0.0063,0.9409
2026-07-28,wing_below,6950.0,2026-09-04,38,44.5,44.9,44.7,0.216010439851322,5.9926,0.4,0.0667,0.0089,0.9376
2026-07-28,short_below,7125.0,2026-09-04,38,66.5,67.0,66.75,0.193569712817367,7.5773,0.5,0.066,0.0075,0.9612
2026-07-28,wing_above,6850.0,2026-09-04,38,35.8,36.1,35.95,0.228926900645221,5.1601,0.3,0.0581,0.0083,0.9241
2026-07-28,wing_below,6800.0,2026-09-04,38,32.2,32.5,32.35,0.23546992979501,4.7889,0.3,0.0626,0.0093,0.9173
2026-07-28,short_below,7100.0,2026-09-04,38,62.8,63.2,63.0,0.196796776114408,7.3271,0.4,0.0546,0.0063,0.9578
2026-07-28,wing_above,6850.0,2026-09-04,38,35.8,36.2,36.0,0.229817278404969,5.1601,0.4,0.0775,0.0111,0.9241
2026-07-28,wing_below,6800.0,2026-09-04,38,32.3,32.7,32.5,0.237157965342967,4.7889,0.4,0.0835,0.0123,0.9173
2026-07-28,short_below,7150.0,2026-09-11,45,79.1,79.8,79.45,0.185997374840579,8.6084,0.7,0.0813,0.0088,0.9642
2026-07-28,wing_below,6800.0,2026-09-11,45,38.1,38.6,38.35,0.228433075567867,5.5268,0.5,0.0905,0.013,0.917
2026-07-28,short_above,7125.0,2026-08-07,10,19.0,19.4,19.2,0.214869487569118,2.8178,0.4,0.142,0.0208,0.9614
2026-07-28,short_below,7100.0,2026-08-07,10,16.6,16.9,16.75,0.219112544802589,2.5901,0.3,0.1158,0.0179,0.958
2026-07-28,wing_above,6925.0,2026-08-07,10,7.3,7.5,7.4,0.251469896322419,1.4554,0.2,0.1374,0.027,0.9344
2026-07-28,wing_below,6900.0,2026-08-07,10,6.6,6.8,6.7,0.256474865442026,1.3423,0.2,0.149,0.0299,0.931
2026-07-28,short_above,7275.0,2026-08-21,24,71.4,72.0,71.7,0.17568689225848,6.9247,0.6,0.0866,0.0084,0.9816
2026-07-28,short_below,7270.0,2026-08-21,24,70.2,70.8,70.5,0.176429447268723,6.8827,0.6,0.0872,0.0085,0.9809
2026-07-28,wing_above,7075.0,2026-08-21,24,38.0,38.4,38.2,0.204875562125099,5.0543,0.4,0.0791,0.0105,0.9546
2026-07-28,wing_below,7070.0,2026-08-21,24,37.4,37.7,37.55,0.206831625165657,5.0085,0.3,0.0599,0.008,0.9539
2026-07-28,short_above,7295.0,2026-08-21,24,76.0,76.4,76.2,0.172698832093625,7.0864,0.4,0.0564,0.0052,0.9843
2026-07-28,short_below,7280.0,2026-08-21,24,72.5,72.9,72.7,0.174942710271644,6.9661,0.4,0.0574,0.0055,0.9823
2026-07-28,wing_below,7085.0,2026-08-21,24,39.2,39.5,39.35,0.203546765944036,5.1672,0.3,0.0581,0.0076,0.956
2026-07-28,short_above,7225.0,2026-08-21,24,60.7,61.1,60.9,0.183186909683435,6.4954,0.4,0.0616,0.0066,0.9749
2026-07-28,short_below,7220.0,2026-08-21,24,59.6,60.0,59.8,0.183919385332091,6.4494,0.4,0.062,0.0067,0.9742
2026-07-28,wing_above,7020.0,2026-08-21,24,32.0,32.3,32.15,0.212993589943745,4.5826,0.3,0.0655,0.0093,0.9473
2026-07-28,wing_below,7010.0,2026-08-21,24,31.1,31.4,31.25,0.214451731735038,4.4964,0.3,0.0667,0.0096,0.9459
2026-07-28,short_above,7280.0,2026-08-21,24,72.2,72.6,72.4,0.175447303592932,6.9661,0.4,0.0574,0.0055,0.9823
2026-07-28,short_below,7275.0,2026-08-21,24,71.0,71.4,71.2,0.176375310774626,6.9247,0.4,0.0578,0.0056,0.9817
2026-07-28,wing_above,6985.0,2026-08-21,24,28.9,29.2,29.05,0.218106284468539,4.2861,0.3,0.07,0.0103,0.9425
2026-07-28,wing_below,6980.0,2026-08-21,24,28.5,28.8,28.65,0.218839059339528,4.2449,0.3,0.0707,0.0105,0.9419
2026-07-28,short_above,7330.0,2026-08-21,24,84.3,84.7,84.5,0.167519043383012,7.3468,0.4,0.0544,0.0047,0.9891
2026-07-28,short_below,7325.0,2026-08-21,24,82.8,83.2,83.0,0.168314977071563,7.3136,0.4,0.0547,0.0048,0.9884
2026-07-28,wing_above,7065.0,2026-08-21,24,36.4,36.7,36.55,0.206449531816694,4.9832,0.3,0.0602,0.0082,0.9533
2026-07-28,short_above,7320.0,2026-08-28,31,94.8,95.4,95.1,0.168695466678999,8.2926,0.6,0.0724,0.0063,0.9877
2026-07-28,short_below,7310.0,2026-08-28,31,92.0,92.6,92.3,0.170638608450055,8.2259,0.6,0.0729,0.0065,0.9864
2026-07-28,wing_above,7050.0,2026-08-28,31,45.4,45.7,45.55,0.205429463091915,5.9173,0.3,0.0507,0.0066,0.9513
2026-07-28,short_above,7290.0,2026-08-28,31,87.0,87.5,87.25,0.172996124015989,8.0808,0.5,0.0619,0.0057,0.9837
2026-07-28,short_below,7280.0,2026-08-28,31,84.8,85.4,85.1,0.174414675552579,8.0045,0.6,0.075,0.0071,0.9823
2026-07-28,wing_above,7000.0,2026-08-28,31,39.9,40.2,40.05,0.212031039130312,5.4445,0.3,0.0551,0.0075,0.9446
2026-07-28,wing_below,6990.0,2026-08-28,31,38.9,39.2,39.05,0.213360088237107,5.3566,0.3,0.056,0.0077,0.9432
2026-07-28,short_above,7320.0,2026-08-28,31,94.7,95.2,94.95,0.169243170016107,8.2926,0.5,0.0603,0.0053,0.9877
2026-07-28,short_below,7300.0,2026-08-28,31,89.5,90.0,89.75,0.171570031473507,8.1345,0.5,0.0615,0.0056,0.985
2026-07-28,wing_above,7050.0,2026-08-28,31,45.3,45.6,45.45,0.205429463091915,5.8967,0.3,0.0509,0.0066,0.9513
2026-07-28,wing_below,7025.0,2026-08-28,31,42.5,42.9,42.7,0.210189485618722,5.721,0.4,0.0699,0.0094,0.9479
2026-07-28,short_above,7220.0,2026-08-28,31,71.8,72.3,72.05,0.182325827183755,7.4769,0.5,0.0669,0.0069,0.9742
2026-07-28,short_below,7210.0,2026-08-28,31,70.0,70.5,70.25,0.183701929950497,7.3872,0.5,0.0677,0.0071,0.9729
2026-07-28,wing_above,6925.0,2026-08-28,31,33.2,33.5,33.35,0.221710233770284,4.8095,0.3,0.0624,0.009,0.9344
2026-07-28,wing_below,6900.0,2026-08-28,31,31.2,31.5,31.35,0.225126068559501,4.6114,0.3,0.0651,0.0096,0.9311
2026-07-28,short_above,7225.0,2026-08-31,34,76.2,76.7,76.45,0.177572111710715,7.91,0.5,0.0632,0.0065,0.9745
2026-07-28,short_below,7220.0,2026-08-31,34,75.2,75.7,75.45,0.178247389195816,7.8654,0.5,0.0636,0.0066,0.9738
2026-07-28,wing_above,6920.0,2026-08-31,34,34.9,35.3,35.1,0.217224564713405,5.1098,0.4,0.0783,0.0114,0.9334
2026-07-28,wing_below,6915.0,2026-08-31,34,34.6,34.9,34.75,0.217880913996786,5.0685,0.3,0.0592,0.0086,0.9327
2026-07-28,short_above,7230.0,2026-08-31,34,77.4,77.8,77.6,0.178431833018582,7.9544,0.4,0.0503,0.0052,0.9752
2026-07-28,short_below,7225.0,2026-08-31,34,76.3,76.8,76.55,0.179020793487267,7.91,0.5,0.0632,0.0065,0.9745
2026-07-28,wing_above,6930.0,2026-08-31,34,35.9,36.2,36.05,0.217131827185668,5.1931,0.3,0.0578,0.0083,0.9347
2026-07-28,wing_below,6920.0,2026-08-31,34,35.0,35.3,35.15,0.217718966558257,5.1098,0.3,0.0587,0.0085,0.9334
2026-07-28,short_above,7275.0,2026-09-04,38,95.4,95.9,95.65,0.172976316328768,8.8512,0.5,0.0565,0.0052,0.9813
2026-07-28,short_below,7250.0,2026-09-04,38,89.7,90.2,89.95,0.176850716674688,8.6517,0.5,0.0578,0.0056,0.9779
2026-07-28,wing_above,6975.0,2026-09-04,38,46.6,47.0,46.8,0.211223910350699,6.1587,0.4,0.0649,0.0085,0.9408
2026-07-28,wing_below,6950.0,2026-09-04,38,44.1,44.5,44.3,0.214364612094907,5.9353,0.4,0.0674,0.009,0.9374
2026-07-28,short_above,7150.0,2026-09-04,38,70.5,70.9,70.7,0.189538478340546,7.774,0.4,0.0515,0.0057,0.9644
2026-07-28,short_below,7125.0,2026-09-04,38,66.3,66.7,66.5,0.197747213189951,7.5408,0.4,0.053,0.006,0.961
2026-07-28,wing_above,6850.0,2026-09-04,38,35.3,35.7,35.5,0.227132683014437,5.1146,0.4,0.0782,0.0113,0.9239
2026-07-28,wing_below,6800.0,2026-09-04,38,31.8,32.2,32.0,0.233674007887858,4.7425,0.4,0.0843,0.0125,0.9172
2026-07-28,short_above,7125.0,2026-09-04,38,66.4,66.8,66.6,0.192732415662879,7.5408,0.4,0.053,0.006,0.961
2026-07-28,short_below,7100.0,2026-09-04,38,62.5,63.0,62.75,0.195580856266974,7.3062,0.5,0.0684,0.008,0.9577
2026-07-28,wing_above,6850.0,2026-09-04,38,35.3,35.7,35.5,0.227426805648621,5.1146,0.4,0.0782,0.0113,0.9239
2026-07-28,short_above,7200.0,2026-09-11,45,88.2,88.9,88.55,0.179147237784861,9.0503,0.7,0.0773,0.0079,0.9711
2026-07-28,short_below,7150.0,2026-09-11,45,79.0,79.5,79.25,0.185211020868634,8.5948,0.5,0.0582,0.0063,0.9644
2026-07-28,wing_above,6850.0,2026-09-11,45,41.6,42.0,41.8,0.22119669137258,5.8783,0.4,0.068,0.0096,0.9239
2026-07-28,wing_below,6800.0,2026-09-11,45,37.6,38.0,37.8,0.22733627059901,5.4851,0.4,0.0729,0.0106,0.9172
2026-07-28,short_above,7275.0,2026-08-21,24,69.6,70.0,69.8,0.17445366997292,6.8528,0.4,0.0584,0.0057,0.9813
2026-07-28,short_below,7270.0,2026-08-21,24,68.5,68.9,68.7,0.175190839739656,6.8092,0.4,0.0587,0.0058,0.9807
2026-07-28,wing_above,7075.0,2026-08-21,24,36.9,37.2,37.05,0.203540110453336,4.963,0.3,0.0604,0.0081,0.9544
2026-07-28,wing_below,7070.0,2026-08-21,24,36.3,36.6,36.45,0.204266312464317,4.9169,0.3,0.061,0.0082,0.9537
2026-07-28,short_above,7295.0,2026-08-21,24,74.2,74.6,74.4,0.17149167258642,7.022,0.4,0.057,0.0054,0.984
2026-07-28,short_below,7280.0,2026-08-21,24,70.7,71.1,70.9,0.173715295290386,6.8965,0.4,0.058,0.0056,0.982
2026-07-28,wing_above,7090.0,2026-08-21,24,38.7,39.0,38.85,0.20136352230083,5.1024,0.3,0.0588,0.0077,0.9564
2026-07-28,wing_below,7085.0,2026-08-21,24,38.1,38.5,38.3,0.202088742497197,5.0557,0.4,0.0791,0.0104,0.9557
2026-07-28,short_above,7225.0,2026-08-21,24,59.7,60.0,59.85,0.1817845527394,6.3986,0.3,0.0469,0.005,0.9746
2026-07-28,short_below,7220.0,2026-08-21,24,58.7,59.1,58.9,0.182513607830333,6.3514,0.4,0.063,0.0068,0.9739
2026-07-28,wing_above,7020.0,2026-08-21,24,31.4,31.7,31.55,0.211553683674438,4.471,0.3,0.0671,0.0095,0.9469
2026-07-28,wing_below,7010.0,2026-08-21,24,30.5,30.8,30.65,0.213018095122311,4.3852,0.3,0.0684,0.0098,0.9456
2026-07-28,short_below,7275.0,2026-08-21,24,70.3,70.7,70.5,0.176375310774626,6.8528,0.4,0.0584,0.0057,0.9813
2026-07-28,wing_above,6985.0,2026-08-21,24,28.3,28.6,28.45,0.216755055457928,4.1761,0.3,0.0718,0.0105,0.9424
2026-07-28,wing_below,6980.0,2026-08-21,24,27.9,28.2,28.05,0.217492451253076,4.1522,0.3,0.0723,0.0107,0.9418
2026-07-28,short_above,7330.0,2026-08-21,24,83.7,84.1,83.9,0.16624331151323,7.289,0.4,0.0549,0.0048,0.989
2026-07-28,short_below,7325.0,2026-08-21,24,82.3,82.7,82.5,0.16700728050953,7.2535,0.4,0.0551,0.0048,0.9883
2026-07-28,wing_above,7065.0,2026-08-21,24,35.8,36.3,36.05,0.205048447282514,4.8888,0.5,0.1023,0.0139,0.9532
2026-07-28,wing_below,7060.0,2026-08-21,24,35.4,35.7,35.55,0.205776185449395,4.8433,0.3,0.0619,0.0084,0.9525
2026-07-28,short_above,7320.0,2026-08-28,31,94.7,95.2,94.95,0.167662737091408,8.2291,0.5,0.0608,0.0053,0.9876
2026-07-28,short_below,7310.0,2026-08-28,31,92.1,92.6,92.35,0.170638608450055,8.2063,0.5,0.0609,0.0054,0.9863
2026-07-28,wing_above,7050.0,2026-08-28,31,45.3,45.6,45.45,0.204469503021354,5.8191,0.3,0.0516,0.0066,0.9512
2026-07-28,wing_below,7025.0,2026-08-28,31,42.4,42.7,42.55,0.210189485618722,5.6682,0.3,0.0529,0.0071,0.9478
2026-07-28,short_above,7290.0,2026-08-28,31,87.0,87.6,87.3,0.171993820096068,8.0138,0.6,0.0749,0.0069,0.9836
2026-07-28,short_below,7280.0,2026-08-28,31,84.7,85.2,84.95,0.173328774781638,7.9343,0.5,0.063,0.0059,0.9822
2026-07-28,wing_above,7000.0,2026-08-28,31,39.7,40.1,39.9,0.211057907985917,5.3659,0.4,0.0745,0.01,0.9445
2026-07-28,wing_below,6990.0,2026-08-28,31,38.7,39.0,38.85,0.212382527575323,5.2779,0.3,0.0568,0.0077,0.9431
2026-07-28,wing_above,7050.0,2026-08-28,31,45.3,45.6,45.45,0.204692748073362,5.8191,0.3,0.0516,0.0066,0.9512
2026-07-28,short_above,7310.0,2026-08-28,31,92.1,92.7,92.4,0.169114585865042,8.1652,0.6,0.0735,0.0065,0.9863
2026-07-28,short_below,7300.0,2026-08-28,31,89.6,90.1,89.85,0.170558414368019,8.0909,0.5,0.0618,0.0056,0.9849
2026-07-28,wing_above,7050.0,2026-08-28,31,45.3,45.7,45.5,0.204692748073362,5.8191,0.4,0.0687,0.0088,0.9512
2026-07-28,short_above,7220.0,2026-08-28,31,72.3,72.8,72.55,0.181801409499857,7.4169,0.5,0.0674,0.0069,0.9741
2026-07-28,short_below,7210.0,2026-08-28,31,70.3,70.8,70.55,0.182783145614641,7.3256,0.5,0.0683,0.0071,0.9729
2026-07-28,wing_above,6925.0,2026-08-28,31,33.2,33.5,33.35,0.221058227332789,4.7314,0.3,0.0634,0.009,0.9344
2026-07-28,wing_below,6900.0,2026-08-28,31,31.3,31.5,31.4,0.22450865065772,4.5526,0.2,0.0439,0.0064,0.931
2026-07-28,short_above,7225.0,2026-08-31,34,76.6,77.1,76.85,0.177086465529798,7.8149,0.5,0.064,0.0065,0.9749
2026-07-28,short_below,7220.0,2026-08-31,34,75.6,76.1,75.85,0.177758036947881,7.7689,0.5,0.0644,0.0066,0.9742
2026-07-28,wing_above,6920.0,2026-08-31,34,34.9,35.4,35.15,0.216620769585545,5.005,0.5,0.0999,0.0142,0.9337
2026-07-28,wing_below,6915.0,2026-08-31,34,34.6,35.0,34.8,0.217277054997887,4.9639,0.4,0.0806,0.0115,0.9331
2026-07-28,short_above,7230.0,2026-08-31,34,77.7,78.2,77.95,0.17641332947256,7.8605,0.5,0.0636,0.0064,0.9756
2026-07-28,short_below,7225.0,2026-08-31,34,76.6,77.1,76.85,0.177225687730053,7.8149,0.5,0.064,0.0065,0.9749
2026-07-28,wing_above,6930.0,2026-08-31,34,35.8,36.2,36.0,0.215311472814228,5.0878,0.4,0.0786,0.0111,0.9351
2026-07-28,wing_below,6920.0,2026-08-31,34,35.0,35.4,35.2,0.217718966558257,5.005,0.4,0.0799,0.0114,0.9337
2026-07-28,short_above,7275.0,2026-09-04,38,95.7,96.3,96.0,0.172331055925224,8.8131,0.6,0.0681,0.0062,0.9816
2026-07-28,short_below,7250.0,2026-09-04,38,90.0,90.5,90.25,0.175669440862734,8.6092,0.5,0.0581,0.0055,0.9783
2026-07-28,wing_above,6975.0,2026-09-04,38,46.4,46.9,46.65,0.210605808384815,6.0816,0.5,0.0822,0.0107,0.9412
2026-07-28,wing_below,6950.0,2026-09-04,38,43.8,44.2,44.0,0.213756614590005,5.8626,0.4,0.0682,0.0091,0.9378
2026-07-28,short_above,7150.0,2026-09-04,38,70.1,70.6,70.35,0.188674650892262,7.709,0.5,0.0649,0.0071,0.9648
2026-07-28,short_below,7125.0,2026-09-04,38,65.9,66.4,66.15,0.19184348493102,7.4735,0.5,0.0669,0.0076,0.9614
2026-07-28,wing_above,6850.0,2026-09-04,38,35.0,35.4,35.2,0.226607052023489,5.0468,0.4,0.0793,0.0114,0.9243
2026-07-28,wing_below,6800.0,2026-09-04,38,31.6,31.9,31.75,0.233203015098889,4.6784,0.3,0.0641,0.0094,0.9175
2026-07-28,short_above,7125.0,2026-09-04,38,65.9,66.4,66.15,0.192732415662879,7.4735,0.5,0.0669,0.0076,0.9614
2026-07-28,short_below,7100.0,2026-09-04,38,62.1,62.5,62.3,0.194988362037311,7.237,0.4,0.0553,0.0064,0.958
2026-07-28,short_above,7200.0,2026-09-11,45,87.6,88.2,87.9,0.178835229128717,8.9434,0.6,0.0671,0.0068,0.9715
2026-07-28,short_below,7150.0,2026-09-11,45,78.2,78.8,78.5,0.184878181248673,8.4782,0.6,0.0708,0.0076,0.9647
2026-07-28,wing_above,6850.0,2026-09-11,45,41.1,41.5,41.3,0.22060595673442,5.736,0.4,0.0697,0.0097,0.9243
2026-07-28,wing_below,6800.0,2026-09-11,45,37.2,37.6,37.4,0.226709415670453,5.3461,0.4,0.0748,0.0107,0.9175
2026-07-28,short_above,7275.0,2026-08-21,24,76.0,76.9,76.45,0.176811654106123,6.9892,0.9,0.1288,0.0118,0.9848
2026-07-28,short_below,7270.0,2026-08-21,24,73.8,74.2,74.0,0.177570819636376,6.9513,0.4,0.0575,0.0054,0.9842
2026-07-28,wing_above,7075.0,2026-08-21,24,40.0,40.7,40.35,0.206798920132446,5.237,0.7,0.1337,0.0173,0.9578
2026-07-28,wing_below,7070.0,2026-08-21,24,39.9,40.8,40.35,0.207538438823403,5.1914,0.9,0.1734,0.0223,0.9571
2026-07-28,short_above,7295.0,2026-08-21,24,81.0,81.6,81.3,0.173770779814392,7.1187,0.6,0.0843,0.0074,0.9875
2026-07-28,short_below,7280.0,2026-08-21,24,76.8,77.3,77.05,0.175132721381914,7.009,0.5,0.0713,0.0065,0.9855
2026-07-28,wing_above,7090.0,2026-08-21,24,42.1,42.5,42.3,0.203835252379743,5.3747,0.4,0.0744,0.0095,0.9598
2026-07-28,wing_below,7085.0,2026-08-21,24,41.4,41.8,41.6,0.204578718269218,5.3287,0.4,0.0751,0.0096,0.9583
2026-07-28,short_above,7225.0,2026-08-21,24,64.4,64.8,64.6,0.184386002280998,6.5481,0.4,0.0611,0.0062,0.9772
2026-07-28,short_below,7220.0,2026-08-21,24,62.8,63.4,63.1,0.184308265940581,6.506,0.6,0.0922,0.0095,0.9765
2026-07-28,wing_above,7020.0,2026-08-21,24,33.4,33.8,33.6,0.214210403598298,4.6754,0.4,0.0856,0.0119,0.9495
2026-07-28,wing_below,7010.0,2026-08-21,24,32.1,32.8,32.45,0.215688866689533,4.5886,0.7,0.1526,0.0216,0.9481
2026-07-28,short_above,7280.0,2026-08-21,24,75.5,76.0,75.75,0.176148117359214,7.009,0.5,0.0713,0.0066,0.9846
2026-07-28,short_below,7275.0,2026-08-21,24,74.1,74.5,74.3,0.175653332274674,6.9892,0.4,0.0572,0.0054,0.984
2026-07-28,wing_above,6985.0,2026-08-21,24,29.8,30.2,30.0,0.219385422338954,4.376,0.4,0.0914,0.0133,0.9447
2026-07-28,wing_below,6980.0,2026-08-21,24,29.6,29.9,29.75,0.220125160201985,4.3343,0.3,0.0692,0.0101,0.9441
2026-07-28,short_above,7330.0,2026-08-21,24,89.0,89.6,89.3,0.167396012976117,7.341,0.6,0.0817,0.0067,0.9914
2026-07-28,short_below,7325.0,2026-08-21,24,87.8,88.2,88.0,0.166596029363368,7.3129,0.4,0.0547,0.0045,0.9907
2026-07-28,wing_above,7065.0,2026-08-21,24,38.2,38.6,38.4,0.207548258914711,5.0769,0.4,0.0788,0.0104,0.9556
2026-07-28,wing_below,7060.0,2026-08-21,24,37.6,38.0,37.8,0.208289655065696,5.0315,0.4,0.0795,0.0106,0.9549
2026-07-28,short_above,7320.0,2026-08-28,31,99.0,100.1,99.55,0.168716129918785,8.2997,1.1,0.1325,0.011,0.9901
2026-07-28,wing_above,7050.0,2026-08-28,31,47.7,48.2,47.95,0.205801371763182,6.0116,0.5,0.0832,0.0104,0.9535
2026-07-28,wing_below,7025.0,2026-08-28,31,44.7,45.1,44.9,0.20961811900197,5.5376,0.4,0.0722,0.0089,0.9502
2026-07-28,short_above,7290.0,2026-08-28,31,91.4,92.0,91.7,0.173023446376867,8.1024,0.6,0.0741,0.0065,0.986
2026-07-28,short_below,7280.0,2026-08-28,31,88.8,91.0,89.9,0.174445279801447,8.0324,2.2,0.2739,0.0245,0.9846
2026-07-28,wing_above,7000.0,2026-08-28,31,41.7,42.2,41.95,0.212586418647201,5.5609,0.5,0.0899,0.0119,0.9468
2026-07-28,wing_below,6990.0,2026-08-28,31,40.8,41.2,41.0,0.213951887852422,5.4729,0.4,0.0731,0.0098,0.9454
2026-07-28,short_below,7310.0,2026-08-28,31,97.6,98.4,98.0,0.170152511975145,8.0835,0.8,0.099,0.0082,0.9887
2026-07-28,wing_above,7050.0,2026-08-28,31,48.2,48.6,48.4,0.206834160943512,6.0116,0.4,0.0665,0.0083,0.9535
2026-07-28,wing_below,7025.0,2026-08-28,31,45.2,45.6,45.4,0.210222217743424,5.7842,0.4,0.0692,0.0088,0.9502
2026-07-28,short_above,7310.0,2026-08-28,31,98.2,98.7,98.45,0.16954548933206,8.2329,0.5,0.0607,0.0051,0.9887
2026-07-28,short_below,7300.0,2026-08-28,31,94.7,95.3,95.0,0.171594456433141,8.1617,0.6,0.0735,0.0063,0.9873
2026-07-28,wing_above,7050.0,2026-08-28,31,47.7,48.1,47.9,0.206834160943512,6.0116,0.4,0.0665,0.0084,0.9535
2026-07-28,short_above,7220.0,2026-08-28,31,76.2,76.9,76.55,0.182826070043427,7.5336,0.7,0.0929,0.0091,0.9765
2026-07-28,short_below,7210.0,2026-08-28,31,74.2,74.6,74.4,0.183962173984051,7.4473,0.4,0.0537,0.0054,0.9752
2026-07-28,wing_above,6925.0,2026-08-28,31,34.9,35.2,35.05,0.222781821253275,4.8906,0.3,0.0613,0.0086,0.9362
2026-07-28,wing_below,6900.0,2026-08-28,31,32.9,33.2,33.05,0.22628568315544,4.6911,0.3,0.064,0.0091,0.9328
2026-07-28,short_above,7225.0,2026-08-31,34,80.8,81.2,81.0,0.177906889774279,7.9691,0.4,0.0502,0.0049,0.9767
2026-07-28,short_below,7220.0,2026-08-31,34,79.7,80.2,79.95,0.17858923450665,7.9369,0.5,0.063,0.0063,0.9761
2026-07-28,wing_above,6920.0,2026-08-31,34,36.8,37.2,37.0,0.218099821684307,5.1988,0.4,0.0769,0.0108,0.9355
2026-07-28,wing_below,6915.0,2026-08-31,34,36.1,36.5,36.3,0.218763488244449,5.1535,0.4,0.0776,0.011,0.9348
2026-07-28,short_above,7230.0,2026-08-31,34,80.8,81.4,81.1,0.177223239186339,8.0204,0.6,0.0748,0.0074,0.9774
2026-07-28,short_below,7225.0,2026-08-31,34,79.6,80.1,79.85,0.178877478623115,7.9691,0.5,0.0627,0.0063,0.9767
2026-07-28,wing_above,6930.0,2026-08-31,34,37.2,37.6,37.4,0.216775497208124,5.2792,0.4,0.0758,0.0107,0.9369
2026-07-28,wing_below,6920.0,2026-08-31,34,36.1,36.6,36.35,0.218563453929933,5.1988,0.5,0.0962,0.0138,0.9355
2026-07-28,short_above,7275.0,2026-09-04,38,98.9,99.4,99.15,0.172952875469443,8.8856,0.5,0.0563,0.005,0.9835
2026-07-28,short_below,7250.0,2026-09-04,38,92.9,93.4,93.15,0.176253003709924,8.6987,0.5,0.0575,0.0054,0.9801
2026-07-28,wing_above,6975.0,2026-09-04,38,47.9,48.3,48.1,0.212059919041363,6.254,0.4,0.064,0.0083,0.943
2026-07-28,wing_below,6950.0,2026-09-04,38,45.2,45.6,45.4,0.215240641429802,6.0348,0.4,0.0663,0.0088,0.9396
2026-07-28,short_above,7150.0,2026-09-04,38,72.4,72.8,72.6,0.18945588824526,7.8491,0.4,0.051,0.0055,0.9666
2026-07-28,short_below,7125.0,2026-09-04,38,68.1,68.6,68.35,0.192743559570661,7.6221,0.5,0.0656,0.0073,0.9632
2026-07-28,wing_above,6850.0,2026-09-04,38,36.2,36.6,36.4,0.228074973640651,5.2087,0.4,0.0768,0.011,0.9261
2026-07-28,wing_below,6800.0,2026-09-04,38,32.5,32.8,32.65,0.234609915982175,4.7894,0.3,0.0626,0.0092,0.9193
2026-07-28,short_above,7125.0,2026-09-04,38,68.2,68.6,68.4,0.193706607520382,7.6221,0.4,0.0525,0.0058,0.9632
2026-07-28,short_below,7100.0,2026-09-04,38,64.3,64.8,64.55,0.196013396806558,7.3515,0.5,0.068,0.0077,0.9599
2026-07-28,wing_above,6850.0,2026-09-04,38,36.4,36.7,36.55,0.229266514898449,5.2087,0.3,0.0576,0.0082,0.9261
2026-07-28,short_above,7200.0,2026-09-11,45,91.1,92.9,92.0,0.179199907866367,9.0821,1.8,0.1982,0.0196,0.9734
2026-07-28,short_below,7150.0,2026-09-11,45,81.5,82.0,81.75,0.185303799245917,8.6366,0.5,0.0579,0.0061,0.9666
2026-07-28,wing_above,6850.0,2026-09-11,45,42.8,43.2,43.0,0.221429230202489,5.9243,0.4,0.0675,0.0093,0.9261
2026-07-28,wing_below,6800.0,2026-09-11,45,38.6,39.0,38.8,0.227574847835215,5.5272,0.4,0.0724,0.0103,0.9193
2026-07-28,short_above,7125.0,2026-09-11,45,77.0,77.6,77.3,0.189184063895434,8.4186,0.6,0.0713,0.0078,0.9632
2026-07-28,short_below,7100.0,2026-09-11,45,72.9,73.4,73.15,0.191353745769136,8.1735,0.5,0.0612,0.0068,0.9599
2026-07-28,wing_above,6800.0,2026-09-11,45,38.7,39.1,38.9,0.228913531164821,5.5272,0.4,0.0724,0.0103,0.9193
2026-07-28,wing_below,6750.0,2026-09-11,45,35.1,35.5,35.3,0.234175550930637,5.1539,0.4,0.0776,0.0113,0.9125
2026-07-28,short_above,7275.0,2026-08-21,24,67.7,68.1,67.9,0.17274273392141,6.7717,0.4,0.0591,0.0059,0.9818
2026-07-28,short_below,7270.0,2026-08-21,24,66.4,66.9,66.65,0.173467501984657,6.728,0.5,0.0743,0.0075,0.9811
2026-07-28,wing_above,7075.0,2026-08-21,24,35.1,35.3,35.2,0.201505012346495,4.8738,0.2,0.041,0.0057,0.9548
2026-07-28,wing_below,7070.0,2026-08-21,24,34.4,34.8,34.6,0.202222761975546,4.8271,0.4,0.0829,0.0116,0.9541
2026-07-28,short_above,7295.0,2026-08-21,24,72.2,72.6,72.4,0.169826091505479,6.9386,0.4,0.0576,0.0055,0.9845
2026-07-28,short_below,7280.0,2026-08-21,24,68.4,68.9,68.65,0.173952463170615,6.8148,0.5,0.0734,0.0073,0.9825
2026-07-28,wing_above,7090.0,2026-08-21,24,36.5,36.8,36.65,0.199352971821559,5.0151,0.3,0.0598,0.0082,0.9568
2026-07-28,short_above,7225.0,2026-08-21,24,56.7,57.0,56.85,0.179955001519261,6.3246,0.3,0.0474,0.0053,0.9751
2026-07-28,short_below,7220.0,2026-08-21,24,55.6,56.1,55.85,0.180674342005906,6.2782,0.5,0.0796,0.009,0.9744
2026-07-28,wing_above,7020.0,2026-08-21,24,29.1,29.4,29.25,0.20942437408714,4.3748,0.3,0.0686,0.0103,0.9474
2026-07-28,wing_below,7010.0,2026-08-21,24,28.3,28.6,28.45,0.210872379736692,4.2801,0.3,0.0701,0.0105,0.9461
2026-07-28,short_above,7280.0,2026-08-21,24,68.0,68.4,68.2,0.172016855243457,6.8148,0.4,0.0587,0.0059,0.9825
2026-07-28,wing_above,6985.0,2026-08-21,24,26.2,26.5,26.35,0.214507403357294,4.0681,0.3,0.0737,0.0114,0.9427
2026-07-28,wing_below,6980.0,2026-08-21,24,25.8,26.1,25.95,0.215237218766407,4.0266,0.3,0.0745,0.0116,0.942
2026-07-28,short_above,7330.0,2026-08-21,24,80.2,80.6,80.4,0.164612581809618,7.2098,0.4,0.0555,0.005,0.9892
2026-07-28,short_below,7325.0,2026-08-21,24,78.8,79.2,79.0,0.165368501450797,7.1753,0.4,0.0557,0.0051,0.9886
2026-07-28,wing_above,7065.0,2026-08-21,24,33.3,33.6,33.45,0.202940799050192,4.7738,0.3,0.0628,0.009,0.9535
2026-07-28,wing_below,7060.0,2026-08-21,24,32.7,33.1,32.9,0.201568554508325,4.7276,0.4,0.0846,0.0122,0.9528
2026-07-28,short_above,7320.0,2026-08-28,31,91.4,91.9,91.65,0.165964695794923,8.1742,0.5,0.0612,0.0055,0.9879
2026-07-28,short_below,7310.0,2026-08-28,31,88.8,89.4,89.1,0.16954548933206,8.2258,0.6,0.0729,0.0067,0.9865
2026-07-28,wing_above,7050.0,2026-08-28,31,42.7,43.0,42.85,0.202737204687348,5.7405,0.3,0.0523,0.007,0.9514
2026-07-28,short_above,7290.0,2026-08-28,31,83.8,84.4,84.1,0.169711769333647,7.951,0.6,0.0755,0.0071,0.9838
2026-07-28,short_below,7280.0,2026-08-28,31,81.6,82.2,81.9,0.171059765030808,7.8719,0.6,0.0762,0.0073,0.9825
2026-07-28,wing_above,7000.0,2026-08-28,31,37.3,37.7,37.5,0.209581722037384,5.2884,0.4,0.0756,0.0107,0.9447
2026-07-28,wing_below,6990.0,2026-08-28,31,36.4,36.8,36.6,0.210642045269669,5.2008,0.4,0.0769,0.0109,0.9434
2026-07-28,short_below,7310.0,2026-08-28,31,89.6,90.2,89.9,0.167491485249871,8.1008,0.6,0.0741,0.0067,0.986
2026-07-28,short_below,7300.0,2026-08-28,31,87.2,87.7,87.45,0.168819202924376,8.0097,0.5,0.0624,0.0057,0.9847
2026-07-28,wing_below,7025.0,2026-08-28,31,40.4,40.8,40.6,0.205878364288113,5.4931,0.4,0.0728,0.0099,0.9476
2026-07-28,short_above,7220.0,2026-08-28,31,69.2,69.7,69.45,0.179726053993592,7.3392,0.5,0.0681,0.0072,0.9739
2026-07-28,short_below,7210.0,2026-08-28,31,67.2,67.8,67.5,0.181072487858333,7.2469,0.6,0.0828,0.0089,0.9725
2026-07-28,wing_above,6925.0,2026-08-28,31,31.1,31.4,31.25,0.21958940746602,4.6359,0.3,0.0647,0.0096,0.9341
2026-07-28,wing_below,6900.0,2026-08-28,31,29.2,29.5,29.35,0.223066330027147,4.439,0.3,0.0676,0.0102,0.9307
2026-07-28,short_below,7220.0,2026-08-31,34,72.2,72.8,72.5,0.175929839176937,7.7289,0.6,0.0776,0.0083,0.9739
2026-07-28,wing_above,6920.0,2026-08-31,34,32.9,33.3,33.1,0.214980769886006,4.9335,0.4,0.0811,0.0121,0.9334
2026-07-28,wing_below,6915.0,2026-08-31,34,32.5,32.8,32.65,0.215641048759407,4.8915,0.3,0.0613,0.0092,0.9327
2026-07-28,short_above,7230.0,2026-08-31,34,74.4,74.8,74.6,0.174599575741568,7.8251,0.4,0.0511,0.0054,0.9752
2026-07-28,short_below,7225.0,2026-08-31,34,73.4,73.9,73.65,0.175265238532818,7.7808,0.5,0.0643,0.0068,0.9745
2026-07-28,wing_above,6930.0,2026-08-31,34,33.8,34.2,34.0,0.213662801418744,5.0162,0.4,0.0797,0.0118,0.9348
2026-07-28,wing_below,6920.0,2026-08-31,34,33.0,33.4,33.2,0.216085725875802,4.9335,0.4,0.0811,0.012,0.9334
2026-07-28,short_above,7275.0,2026-09-04,38,92.9,93.4,93.15,0.170996706848019,8.7536,0.5,0.0571,0.0054,0.9813
2026-07-28,short_below,7250.0,2026-09-04,38,87.1,87.6,87.35,0.174277636680781,8.5406,0.5,0.0585,0.0057,0.9779
2026-07-28,wing_above,6975.0,2026-09-04,38,44.2,44.6,44.4,0.209142348346489,5.9952,0.4,0.0667,0.009,0.9408
2026-07-28,wing_below,6950.0,2026-09-04,38,41.8,42.2,42.0,0.212326825335485,5.7753,0.4,0.0693,0.0095,0.9374
2026-07-28,short_above,7150.0,2026-09-04,38,67.9,68.3,68.1,0.187121159511828,7.635,0.4,0.0524,0.0059,0.9644
2026-07-28,short_below,7125.0,2026-09-04,38,64.0,64.4,64.2,0.189500621490715,7.3972,0.4,0.0541,0.0062,0.9611
2026-07-28,wing_above,6850.0,2026-09-04,38,33.6,33.9,33.75,0.225302521551644,4.9687,0.3,0.0604,0.0089,0.9244
2026-07-28,wing_below,6800.0,2026-09-04,38,30.2,30.5,30.35,0.233354690547593,4.5995,0.3,0.0652,0.0099,0.9177
2026-07-28,short_below,7100.0,2026-09-04,38,60.1,60.5,60.3,0.193648979401558,7.1706,0.4,0.0558,0.0066,0.9581
2026-07-28,wing_below,6800.0,2026-09-04,38,30.1,30.4,30.25,0.233354690547593,4.5995,0.3,0.0652,0.0099,0.9177
2026-07-28,short_above,7200.0,2026-09-11,45,85.7,86.2,85.95,0.177413905455485,8.944,0.5,0.0559,0.0058,0.9716
2026-07-28,short_below,7150.0,2026-09-11,45,76.6,77.0,76.8,0.183445502965907,8.4811,0.4,0.0472,0.0052,0.9649
2026-07-28,wing_above,6850.0,2026-09-11,45,39.8,40.1,39.95,0.219340489490433,5.7374,0.3,0.0523,0.0075,0.9244
2026-07-28,wing_below,6800.0,2026-09-11,45,35.9,36.3,36.1,0.225468465606925,5.3429,0.4,0.0749,0.0111,0.9177
2026-07-28,short_above,7125.0,2026-09-11,45,72.5,72.9,72.7,0.186440239818127,8.2723,0.4,0.0484,0.0055,0.9615
2026-07-28,short_below,7100.0,2026-09-11,45,68.5,68.9,68.7,0.189424662160318,8.0048,0.4,0.05,0.0058,0.9581
2026-07-28,wing_above,6800.0,2026-09-11,45,36.0,36.3,36.15,0.226416464368174,5.3429,0.3,0.0561,0.0083,0.9177
2026-07-28,wing_below,6750.0,2026-09-11,45,32.6,32.9,32.75,0.231752146986029,4.9729,0.3,0.0603,0.0092,0.9109
2026-07-29,short_above,7275.0,2026-08-21,23,57.1,57.6,57.35,0.172138977376772,6.454,0.5,0.0775,0.0087,0.977
2026-07-29,short_below,7270.0,2026-08-21,23,56.2,56.6,56.4,0.172875259223344,6.4056,0.4,0.0624,0.0071,0.9764
2026-07-29,wing_above,7075.0,2026-08-21,23,29.5,29.8,29.65,0.201529470420567,4.4935,0.3,0.0668,0.0101,0.9502
2026-07-29,wing_below,7070.0,2026-08-21,23,29.2,29.5,29.35,0.202264457424647,4.4482,0.3,0.0674,0.0102,0.9495
2026-07-29,short_above,7295.0,2026-08-21,23,61.8,62.2,62.0,0.169192277625775,6.6435,0.4,0.0602,0.0065,0.9797
2026-07-29,short_below,7280.0,2026-08-21,23,58.6,59.0,58.8,0.170840257421646,6.502,0.4,0.0615,0.0068,0.9777
2026-07-29,wing_above,7090.0,2026-08-21,23,31.2,31.5,31.35,0.198914568411794,4.6313,0.3,0.0648,0.0096,0.9522
2026-07-29,wing_below,7085.0,2026-08-21,23,30.6,31.0,30.8,0.200060183529526,4.5851,0.4,0.0872,0.013,0.9515
2026-07-29,short_above,7225.0,2026-08-21,23,48.6,49.0,48.8,0.18334373290577,5.9736,0.4,0.067,0.0082,0.9703
2026-07-29,short_below,7220.0,2026-08-21,23,47.9,48.2,48.05,0.1802083398323,5.9095,0.3,0.0508,0.0062,0.9697
2026-07-29,wing_above,7020.0,2026-08-21,23,25.0,25.3,25.15,0.209634320939555,4.0132,0.3,0.0748,0.0119,0.9428
2026-07-29,wing_below,7010.0,2026-08-21,23,24.2,24.5,24.35,0.211114371764191,3.9303,0.3,0.0763,0.0123,0.9415
2026-07-29,short_below,7275.0,2026-08-21,23,57.1,57.5,57.3,0.171900822303798,6.454,0.4,0.062,0.007,0.977
2026-07-29,wing_above,6985.0,2026-08-21,23,22.2,22.5,22.35,0.214826789479928,3.7284,0.3,0.0805,0.0134,0.9381
2026-07-29,wing_below,6980.0,2026-08-21,23,21.9,22.2,22.05,0.215571661351049,3.6894,0.3,0.0813,0.0136,0.9374
2026-07-29,short_above,7330.0,2026-08-21,23,68.9,69.3,69.1,0.164013838280851,6.9657,0.4,0.0574,0.0058,0.9844
2026-07-29,short_below,7325.0,2026-08-21,23,67.4,67.8,67.6,0.164756832458219,6.9235,0.4,0.0578,0.0059,0.9838
2026-07-29,wing_above,7065.0,2026-08-21,23,28.4,28.7,28.55,0.202999712989626,4.4021,0.3,0.0681,0.0105,0.9488
2026-07-29,wing_below,7060.0,2026-08-21,23,28.0,28.3,28.15,0.203735267626528,4.3574,0.3,0.0688,0.0107,0.9482
2026-07-29,short_above,7320.0,2026-08-28,30,80.3,80.7,80.5,0.166155794091444,7.9178,0.4,0.0505,0.005,0.9831
2026-07-29,short_below,7310.0,2026-08-28,30,78.0,78.5,78.25,0.167491485249871,8.084,0.5,0.0619,0.0064,0.9817
2026-07-29,wing_above,7050.0,2026-08-28,30,37.5,37.8,37.65,0.202677675253447,5.372,0.3,0.0558,0.008,0.9468
2026-07-29,wing_below,7025.0,2026-08-28,30,35.0,35.3,35.15,0.205758852286643,5.4931,0.3,0.0546,0.0085,0.9435
2026-07-29,short_above,7290.0,2026-08-28,30,73.7,74.1,73.9,0.170186608982603,7.6853,0.4,0.052,0.0054,0.9791
2026-07-29,short_below,7280.0,2026-08-28,30,71.4,72.0,71.7,0.171565817171452,7.5963,0.6,0.079,0.0084,0.9775
2026-07-29,wing_above,7000.0,2026-08-28,30,32.7,33.0,32.85,0.209483503048147,4.929,0.3,0.0609,0.0091,0.9399
2026-07-29,wing_below,6990.0,2026-08-28,30,31.9,32.3,32.1,0.210380475380682,4.8437,0.4,0.0826,0.0125,0.9386
2026-07-29,short_above,7320.0,2026-08-28,30,80.5,81.0,80.75,0.165964752897197,7.9178,0.5,0.0631,0.0062,0.9829
2026-07-29,short_below,7310.0,2026-08-28,30,78.3,78.8,78.55,0.167491485249871,7.8563,0.5,0.0636,0.0064,0.9815
2026-07-29,wing_above,7050.0,2026-08-28,30,37.6,37.9,37.75,0.202214211129582,5.372,0.3,0.0558,0.0079,0.9466
2026-07-29,wing_below,7025.0,2026-08-28,30,35.2,35.5,35.35,0.206087827254971,5.147,0.3,0.0583,0.0085,0.9433
2026-07-29,short_below,7300.0,2026-08-28,30,76.1,76.4,76.25,0.168801951041222,7.7531,0.3,0.0387,0.0039,0.9802
2026-07-29,wing_above,7050.0,2026-08-28,30,37.5,37.8,37.65,0.202214211129582,5.372,0.3,0.0558,0.008,0.9466
2026-07-29,wing_below,7025.0,2026-08-28,30,35.0,35.3,35.15,0.205758852286643,5.147,0.3,0.0583,0.0085,0.9433
2026-07-29,short_above,7220.0,2026-08-28,30,60.2,60.6,60.4,0.179734387715034,7.0154,0.4,0.057,0.0066,0.9695
2026-07-29,short_below,7210.0,2026-08-28,30,58.5,59.0,58.75,0.181081377059597,6.9177,0.5,0.0723,0.0085,0.9681
2026-07-29,wing_above,6925.0,2026-08-28,30,27.0,27.3,27.15,0.219889696018547,4.3193,0.3,0.0695,0.011,0.9298
2026-07-29,wing_below,6900.0,2026-08-28,30,25.5,25.7,25.6,0.223392559918252,4.1285,0.2,0.0484,0.0078,0.9265
2026-07-29,short_above,7225.0,2026-08-31,33,64.2,64.6,64.4,0.175513062430479,7.4585,0.4,0.0536,0.0062,0.9701
2026-07-29,short_below,7220.0,2026-08-31,33,63.3,63.7,63.5,0.176175456088401,7.4097,0.4,0.054,0.0063,0.9695
2026-07-29,wing_above,6920.0,2026-08-31,33,28.8,29.2,29.0,0.215310960360353,4.6051,0.4,0.0869,0.0138,0.9292
2026-07-29,wing_below,6915.0,2026-08-31,33,28.5,28.8,28.65,0.216799411255487,4.5675,0.3,0.0657,0.0105,0.9285
2026-07-29,short_above,7230.0,2026-08-31,33,65.2,65.6,65.4,0.174849807274473,7.5105,0.4,0.0533,0.0061,0.9708
2026-07-29,short_below,7225.0,2026-08-31,33,64.5,64.9,64.7,0.174922807520787,7.4585,0.4,0.0536,0.0062,0.9701
2026-07-29,wing_above,6930.0,2026-08-31,33,29.6,29.9,29.75,0.213992044793459,4.6875,0.3,0.064,0.0101,0.9305
2026-07-29,wing_below,6920.0,2026-08-31,33,28.8,29.1,28.95,0.216085725875802,4.6051,0.3,0.0651,0.0104,0.9292
2026-07-29,short_above,7275.0,2026-09-04,37,82.1,82.5,82.3,0.171065601801557,8.4815,0.4,0.0472,0.0049,0.9768
2026-07-29,short_below,7250.0,2026-09-04,37,77.0,77.4,77.2,0.174353218495534,8.2496,0.4,0.0485,0.0052,0.9735
2026-07-29,wing_above,6975.0,2026-09-04,37,39.2,39.5,39.35,0.208618662226532,5.6574,0.3,0.053,0.0076,0.9366
2026-07-29,wing_below,6950.0,2026-09-04,37,36.9,37.3,37.1,0.212613565440094,5.4421,0.4,0.0735,0.0108,0.9332
2026-07-29,short_above,7150.0,2026-09-04,37,59.7,60.1,59.9,0.187281716696543,7.2958,0.4,0.0548,0.0067,0.9601
2026-07-29,short_below,7125.0,2026-09-04,37,56.2,56.5,56.35,0.190471976372648,7.0531,0.3,0.0425,0.0053,0.9567
2026-07-29,wing_above,6850.0,2026-09-04,37,29.6,29.9,29.75,0.225466439289674,4.6475,0.3,0.0646,0.0101,0.9198
2026-07-29,wing_below,6800.0,2026-09-04,37,26.6,26.9,26.75,0.232023093704768,4.292,0.3,0.0699,0.0112,0.9131
2026-07-29,short_above,7125.0,2026-09-04,37,56.3,56.7,56.5,0.189500621490715,7.0531,0.4,0.0567,0.0071,0.9567
2026-07-29,short_below,7100.0,2026-09-04,37,53.2,53.5,53.35,0.192670036537862,6.8117,0.3,0.044,0.0056,0.9533
2026-07-29,wing_above,6850.0,2026-09-04,37,29.8,30.1,29.95,0.226801830261972,4.6475,0.3,0.0646,0.01,0.9198
2026-07-29,wing_below,6800.0,2026-09-04,37,26.7,27.0,26.85,0.233354690547593,4.292,0.3,0.0699,0.0112,0.9131
2026-07-29,short_above,7200.0,2026-09-11,44,76.7,77.1,76.9,0.177505311300423,8.6225,0.4,0.0464,0.0052,0.9669
2026-07-29,short_below,7150.0,2026-09-11,44,68.2,68.6,68.4,0.183496820025639,8.1519,0.4,0.0491,0.0058,0.9602
2026-07-29,wing_above,6850.0,2026-09-11,44,35.5,35.8,35.65,0.219688866043203,5.4268,0.3,0.0553,0.0084,0.9199
2026-07-29,wing_below,6800.0,2026-09-11,44,32.1,32.4,32.25,0.229783718849711,5.0453,0.3,0.0595,0.0093,0.9132
2026-07-29,short_above,7125.0,2026-09-11,44,64.5,64.9,64.7,0.186492760786731,7.9137,0.4,0.0505,0.0062,0.9568
2026-07-29,short_below,7100.0,2026-09-11,44,60.9,61.3,61.1,0.189493225678573,7.6637,0.4,0.0522,0.0065,0.9535
2026-07-29,wing_above,6800.0,2026-09-11,44,32.2,32.4,32.3,0.226416464368174,5.0453,0.2,0.0396,0.0062,0.9132
2026-07-29,wing_below,6750.0,2026-09-11,44,29.1,29.4,29.25,0.231752146986029,4.689,0.3,0.064,0.0103,0.9065
2026-07-29,short_above,7275.0,2026-08-21,23,56.4,56.8,56.6,0.172693847825375,6.412,0.4,0.0624,0.0071,0.9764
2026-07-29,short_below,7270.0,2026-08-21,23,55.7,56.1,55.9,0.173435189475016,6.3635,0.4,0.0629,0.0072,0.9758
2026-07-29,wing_above,7075.0,2026-08-21,23,29.2,29.5,29.35,0.200323063195363,4.4573,0.3,0.0673,0.0102,0.9496
2026-07-29,wing_below,7070.0,2026-08-21,23,28.5,28.9,28.7,0.202797146022833,4.4121,0.4,0.0907,0.0139,0.9489
2026-07-29,short_above,7295.0,2026-08-21,23,60.1,60.5,60.3,0.169727612725398,6.6028,0.4,0.0606,0.0066,0.9791
2026-07-29,short_below,7280.0,2026-08-21,23,57.0,57.4,57.2,0.171952421285719,6.4603,0.4,0.0619,0.007,0.9771
2026-07-29,wing_above,7090.0,2026-08-21,23,30.3,30.7,30.5,0.199880681249659,4.5948,0.4,0.0871,0.0131,0.9516
2026-07-29,wing_below,7085.0,2026-08-21,23,29.8,30.2,30.0,0.199616224219133,4.5487,0.4,0.0879,0.0133,0.9509
2026-07-29,short_above,7225.0,2026-08-21,23,47.3,47.7,47.5,0.180097479442607,5.9096,0.4,0.0677,0.0084,0.9697
2026-07-29,short_below,7220.0,2026-08-21,23,46.5,46.8,46.65,0.180835861133729,5.8665,0.3,0.0511,0.0064,0.9691
2026-07-29,wing_above,7020.0,2026-08-21,23,24.3,24.6,24.45,0.210104905298806,3.9781,0.3,0.0754,0.0123,0.9422
2026-07-29,wing_below,7010.0,2026-08-21,23,23.6,23.9,23.75,0.211572019210402,3.8954,0.3,0.077,0.0126,0.9409
2026-07-29,short_below,7275.0,2026-08-21,23,55.9,56.3,56.1,0.171900822303798,6.412,0.4,0.0624,0.0071,0.9764
2026-07-29,wing_above,6985.0,2026-08-21,23,21.8,22.1,21.95,0.215252190518694,3.6838,0.3,0.0814,0.0137,0.9375
2026-07-29,wing_below,6980.0,2026-08-21,23,21.5,21.8,21.65,0.215990690066106,3.6449,0.3,0.0823,0.0139,0.9368
2026-07-29,short_above,7330.0,2026-08-21,23,67.5,67.9,67.7,0.164524530051101,6.9119,0.4,0.0579,0.0059,0.9838
2026-07-29,short_below,7325.0,2026-08-21,23,66.3,66.7,66.5,0.166596029363368,6.8687,0.4,0.0582,0.006,0.9832
2026-07-29,wing_above,7065.0,2026-08-21,23,27.9,28.3,28.1,0.203526541823704,4.3548,0.4,0.0919,0.0142,0.9483
2026-07-29,wing_below,7060.0,2026-08-21,23,27.5,27.9,27.7,0.204262238885536,4.3103,0.4,0.0928,0.0144,0.9475
2026-07-29,short_above,7320.0,2026-08-28,30,79.2,79.8,79.5,0.166544968907702,7.8863,0.6,0.0761,0.0075,0.9824
2026-07-29,short_below,7310.0,2026-08-28,30,76.9,77.4,77.15,0.167411923141272,7.8346,0.5,0.0638,0.0065,0.9811
2026-07-29,wing_above,7050.0,2026-08-28,30,36.9,37.3,37.1,0.203134538847213,5.3285,0.4,0.0751,0.0108,0.9462
2026-07-29,short_above,7290.0,2026-08-28,30,72.6,73.1,72.85,0.169711769333647,7.6313,0.5,0.0655,0.0069,0.9784
2026-07-29,short_below,7280.0,2026-08-28,30,70.4,70.9,70.65,0.172116036121498,7.5412,0.5,0.0663,0.0071,0.977
2026-07-29,wing_above,7000.0,2026-08-28,30,32.3,32.6,32.45,0.209924314195039,4.8843,0.3,0.0614,0.0092,0.9395
2026-07-29,wing_below,6990.0,2026-08-28,30,31.4,31.8,31.6,0.211289832921832,4.7989,0.4,0.0834,0.0127,0.9381
2026-07-29,short_above,7320.0,2026-08-28,30,79.0,79.5,79.25,0.165964752897197,7.8863,0.5,0.0634,0.0063,0.9824
2026-07-29,short_below,7310.0,2026-08-28,30,76.8,77.3,77.05,0.167491485249871,7.8057,0.5,0.0641,0.0065,0.9811
2026-07-29,wing_above,7050.0,2026-08-28,30,36.8,37.2,37.0,0.202214211129582,5.3285,0.4,0.0751,0.0108,0.9462
2026-07-29,wing_below,7025.0,2026-08-28,30,34.4,34.8,34.6,0.205758852286643,5.103,0.4,0.0784,0.0116,0.9428
2026-07-29,short_above,7310.0,2026-08-28,30,76.7,77.1,76.9,0.167491485249871,7.8057,0.4,0.0512,0.0052,0.9811
2026-07-29,short_below,7300.0,2026-08-28,30,74.5,75.0,74.75,0.16934356515032,7.707,0.5,0.0649,0.0067,0.9797
2026-07-29,wing_below,7025.0,2026-08-28,30,34.5,34.9,34.7,0.205758852286643,5.103,0.4,0.0784,0.0115,0.9428
2026-07-29,short_above,7220.0,2026-08-28,30,59.2,59.7,59.45,0.179474822254818,6.9701,0.5,0.0717,0.0084,0.969
2026-07-29,short_below,7210.0,2026-08-28,30,57.7,58.2,57.95,0.181647497780223,6.8609,0.5,0.0729,0.0086,0.9676
2026-07-29,wing_above,6925.0,2026-08-28,30,26.7,27.1,26.9,0.22023358829072,4.2677,0.4,0.0937,0.0149,0.9294
2026-07-29,wing_below,6900.0,2026-08-28,30,25.1,25.4,25.25,0.223707019624807,4.0806,0.3,0.0735,0.0119,0.926
2026-07-29,short_above,7225.0,2026-08-31,33,63.5,63.9,63.7,0.175857602497373,7.4042,0.4,0.054,0.0063,0.9697
2026-07-29,short_below,7220.0,2026-08-31,33,62.7,63.1,62.9,0.176529809688519,7.3528,0.4,0.0544,0.0064,0.969
2026-07-29,wing_above,6920.0,2026-08-31,33,28.5,28.8,28.65,0.215758550317177,4.5694,0.3,0.0657,0.0105,0.9287
2026-07-29,wing_below,6915.0,2026-08-31,33,28.2,28.5,28.35,0.216420159975307,4.5221,0.3,0.0663,0.0106,0.9281
2026-07-29,short_above,7230.0,2026-08-31,33,64.6,65.0,64.8,0.175184242296069,7.4505,0.4,0.0537,0.0062,0.9703
2026-07-29,short_below,7225.0,2026-08-31,33,63.8,64.2,64.0,0.174922807520787,7.4042,0.4,0.054,0.0063,0.9697
2026-07-29,wing_above,6930.0,2026-08-31,33,29.4,29.7,29.55,0.214438295123212,4.6412,0.3,0.0646,0.0102,0.9301
2026-07-29,wing_below,6920.0,2026-08-31,33,28.6,28.9,28.75,0.216085725875802,4.5694,0.3,0.0657,0.0104,0.9287
2026-07-29,short_above,7275.0,2026-09-04,37,81.4,81.9,81.65,0.171367110850802,8.4329,0.5,0.0593,0.0061,0.9764
2026-07-29,short_below,7250.0,2026-09-04,37,76.4,76.9,76.65,0.174869006174324,8.1997,0.5,0.061,0.0065,0.973
2026-07-29,wing_above,6975.0,2026-09-04,37,38.9,39.4,39.15,0.210067508082976,5.6135,0.5,0.0891,0.0128,0.9363
2026-07-29,wing_below,6950.0,2026-09-04,37,36.9,37.3,37.1,0.211801872690619,5.3995,0.4,0.0741,0.0108,0.9329
2026-07-29,short_above,7150.0,2026-09-04,37,59.7,60.1,59.9,0.186019543138419,7.2446,0.4,0.0552,0.0067,0.9598
2026-07-29,short_below,7125.0,2026-09-04,37,56.1,56.6,56.35,0.191115796223184,7.019,0.5,0.0712,0.0089,0.9564
2026-07-29,wing_above,6850.0,2026-09-04,37,29.5,29.9,29.7,0.226001672672048,4.6093,0.4,0.0868,0.0135,0.9195
2026-07-29,wing_below,6800.0,2026-09-04,37,26.6,26.9,26.75,0.232523522876765,4.2557,0.3,0.0705,0.0112,0.9128
2026-07-29,short_below,7100.0,2026-09-04,37,52.9,53.4,53.15,0.194303126991596,6.762,0.5,0.0739,0.0094,0.9531
2026-07-29,wing_above,6850.0,2026-09-04,37,29.7,30.0,29.85,0.226801830261972,4.6093,0.3,0.0651,0.0101,0.9195
2026-07-29,wing_below,6800.0,2026-09-04,37,26.7,27.0,26.85,0.233354690547593,4.2557,0.3,0.0705,0.0112,0.9128
2026-07-29,short_above,7200.0,2026-09-11,44,76.4,76.9,76.65,0.178038280249497,8.6178,0.5,0.058,0.0065,0.9665
2026-07-29,short_below,7150.0,2026-09-11,44,67.9,68.4,68.15,0.184100967951815,8.0974,0.5,0.0617,0.0073,0.9598
2026-07-29,wing_below,6800.0,2026-09-11,44,31.9,32.3,32.1,0.226267275315427,5.0331,0.4,0.0795,0.0125,0.9128
2026-07-29,short_above,7125.0,2026-09-11,44,64.2,64.7,64.45,0.187119435683984,7.8856,0.5,0.0634,0.0078,0.9564
2026-07-29,short_below,7100.0,2026-09-11,44,60.6,60.9,60.75,0.190131428172205,7.6426,0.3,0.0393,0.0049,0.9531
2026-07-29,wing_below,6750.0,2026-09-11,44,29.0,29.4,29.2,0.232417617869801,4.6774,0.4,0.0855,0.0137,0.9061
2026-07-29,short_above,7275.0,2026-08-21,23,61.0,61.4,61.2,0.173861395612039,6.5556,0.4,0.061,0.0065,0.9785
2026-07-29,short_below,7270.0,2026-08-21,23,60.0,60.4,60.2,0.174618792493711,6.5093,0.4,0.0615,0.0066,0.9778
2026-07-29,wing_above,7075.0,2026-08-21,23,31.9,32.1,32.0,0.203717051916596,4.6338,0.2,0.0432,0.0063,0.9516
2026-07-29,wing_below,7070.0,2026-08-21,23,31.4,31.7,31.55,0.204456079147256,4.5885,0.3,0.0654,0.0095,0.9509
2026-07-29,short_above,7295.0,2026-08-21,23,65.4,65.8,65.6,0.170825026667683,6.7362,0.4,0.0594,0.0061,0.9812
2026-07-29,short_below,7280.0,2026-08-21,23,62.0,62.3,62.15,0.170840257421646,6.6014,0.3,0.0454,0.0048,0.9792
2026-07-29,wing_above,7090.0,2026-08-21,23,33.3,33.6,33.45,0.201127213812611,4.7714,0.3,0.0629,0.009,0.9536
2026-07-29,wing_below,7085.0,2026-08-21,23,32.7,33.0,32.85,0.201622682033729,4.7252,0.3,0.0635,0.0091,0.953
2026-07-29,short_above,7225.0,2026-08-21,23,51.6,51.9,51.75,0.181400243848867,6.0724,0.3,0.0494,0.0058,0.9718
2026-07-29,short_below,7220.0,2026-08-21,23,50.4,50.9,50.65,0.182150354111869,6.0304,0.5,0.0829,0.0099,0.9711
2026-07-29,wing_above,7020.0,2026-08-21,23,26.6,26.9,26.75,0.211850939445603,4.1515,0.3,0.0723,0.0112,0.9442
2026-07-29,wing_below,7010.0,2026-08-21,23,25.8,26.1,25.95,0.213332910732357,4.0678,0.3,0.0737,0.0116,0.9429
2026-07-29,short_above,7280.0,2026-08-21,23,61.1,61.7,61.4,0.172016855243457,6.6014,0.6,0.0909,0.0098,0.9792
2026-07-29,short_below,7275.0,2026-08-21,23,60.2,60.6,60.4,0.173960745540091,6.5556,0.4,0.061,0.0066,0.9785
2026-07-29,wing_above,6985.0,2026-08-21,23,23.7,24.1,23.9,0.216529090652163,3.8647,0.4,0.1035,0.0167,0.9395
2026-07-29,short_above,7330.0,2026-08-21,23,72.4,72.9,72.65,0.165620858612473,7.0246,0.5,0.0712,0.0069,0.9856
2026-07-29,wing_above,7065.0,2026-08-21,23,30.4,30.7,30.55,0.204757939000779,4.4979,0.3,0.0667,0.0098,0.95
2026-07-29,wing_below,7060.0,2026-08-21,23,30.0,30.2,30.1,0.205488741408854,4.4531,0.2,0.0449,0.0066,0.9493
2026-07-29,short_above,7320.0,2026-08-28,30,84.4,84.8,84.6,0.167397467845838,7.9799,0.4,0.0501,0.0047,0.9843
2026-07-29,short_below,7310.0,2026-08-28,30,81.9,82.3,82.1,0.167491485249871,7.7937,0.4,0.0513,0.0049,0.983
2026-07-29,wing_above,7050.0,2026-08-28,30,39.6,39.9,39.75,0.204490691417113,5.4721,0.3,0.0548,0.0075,0.948
2026-07-29,short_above,7290.0,2026-08-28,30,77.4,77.8,77.6,0.171686614345954,7.7378,0.4,0.0517,0.0052,0.9803
2026-07-29,short_below,7280.0,2026-08-28,30,75.2,75.8,75.5,0.173104812159413,7.6519,0.6,0.0784,0.0079,0.9789
2026-07-29,wing_above,7000.0,2026-08-28,30,35.0,35.3,35.15,0.211234806895673,5.0269,0.3,0.0597,0.0085,0.9413
2026-07-29,wing_below,6990.0,2026-08-28,30,34.1,34.4,34.25,0.212592379880017,4.941,0.3,0.0607,0.0088,0.9399
2026-07-29,short_above,7320.0,2026-08-28,30,84.6,85.1,84.85,0.165964752897197,7.9799,0.5,0.0627,0.0059,0.9843
2026-07-29,wing_below,7025.0,2026-08-28,30,37.3,37.6,37.45,0.205758852286643,5.103,0.3,0.0588,0.008,0.9446
2026-07-29,short_above,7310.0,2026-08-28,30,82.0,82.6,82.3,0.168832979250872,7.9033,0.6,0.0759,0.0073,0.983
2026-07-29,short_below,7300.0,2026-08-28,30,79.8,80.3,80.05,0.170262688849113,7.8217,0.5,0.0639,0.0062,0.9816
2026-07-29,wing_above,7050.0,2026-08-28,30,39.9,40.2,40.05,0.204516445091427,5.4721,0.3,0.0548,0.0075,0.948
2026-07-29,wing_below,7025.0,2026-08-28,30,37.4,37.7,37.55,0.207949925263538,5.2463,0.3,0.0572,0.008,0.9446
2026-07-29,short_above,7220.0,2026-08-28,30,63.9,64.2,64.05,0.181498340082199,7.117,0.3,0.0422,0.0047,0.9708
2026-07-29,short_below,7210.0,2026-08-28,30,62.2,62.7,62.45,0.182878766567328,7.0223,0.5,0.0712,0.008,0.9695
2026-07-29,wing_above,6925.0,2026-08-28,30,29.1,29.4,29.25,0.221506102503576,4.4336,0.3,0.0677,0.0103,0.9312
2026-07-29,wing_below,6900.0,2026-08-28,30,27.3,27.6,27.45,0.224978828922363,4.2428,0.3,0.0707,0.0109,0.9278
2026-07-29,short_above,7225.0,2026-08-31,33,68.0,68.4,68.2,0.176825322629486,7.5582,0.4,0.0529,0.0059,0.9717
2026-07-29,short_below,7220.0,2026-08-31,33,66.8,67.2,67.0,0.177465633418403,7.5225,0.4,0.0532,0.006,0.971
2026-07-29,wing_above,6920.0,2026-08-31,33,30.6,30.9,30.75,0.217275535195979,4.7277,0.3,0.0635,0.0098,0.9307
2026-07-29,wing_below,6915.0,2026-08-31,33,30.2,30.5,30.35,0.217938483543681,4.6922,0.3,0.0639,0.0099,0.93
2026-07-29,short_above,7230.0,2026-08-31,33,68.5,68.9,68.7,0.176457323567562,7.6182,0.4,0.0525,0.0058,0.9724
2026-07-29,short_below,7225.0,2026-08-31,33,67.6,68.0,67.8,0.176811339469264,7.5582,0.4,0.0529,0.0059,0.9717
2026-07-29,wing_above,6930.0,2026-08-31,33,31.4,31.7,31.55,0.215952576095165,4.8133,0.3,0.0623,0.0095,0.932
2026-07-29,short_above,7275.0,2026-09-04,37,85.8,86.3,86.05,0.17235603510993,8.5624,0.5,0.0584,0.0058,0.9784
2026-07-29,short_below,7250.0,2026-09-04,37,80.6,81.0,80.8,0.175688970871147,8.3344,0.4,0.048,0.005,0.9751
2026-07-29,wing_above,6975.0,2026-09-04,37,41.5,41.8,41.65,0.211371899116723,5.7836,0.3,0.0519,0.0072,0.9381
2026-07-29,wing_below,6950.0,2026-09-04,37,39.2,39.6,39.4,0.214558285420476,5.5688,0.4,0.0718,0.0102,0.9347
2026-07-29,short_above,7150.0,2026-09-04,37,63.2,63.6,63.4,0.188849433549068,7.4034,0.4,0.054,0.0063,0.9616
2026-07-29,short_below,7125.0,2026-09-04,37,59.7,60.0,59.85,0.192105108599132,7.1899,0.3,0.0417,0.005,0.9583
2026-07-29,wing_above,6850.0,2026-09-04,37,31.5,31.8,31.65,0.227404826772778,4.7713,0.3,0.0629,0.0095,0.9213
2026-07-29,wing_below,6800.0,2026-09-04,37,28.3,28.6,28.45,0.233938998330581,4.4121,0.3,0.068,0.0105,0.9146
2026-07-29,short_above,7125.0,2026-09-04,37,59.6,59.9,59.75,0.191523862390544,7.1899,0.3,0.0417,0.005,0.9583
2026-07-29,short_below,7100.0,2026-09-04,37,56.1,56.5,56.3,0.195347617530126,6.9609,0.4,0.0575,0.0071,0.9549
2026-07-29,short_below,7150.0,2026-09-11,44,71.1,71.5,71.3,0.184753332427849,8.2688,0.4,0.0484,0.0056,0.9616
2026-07-29,wing_above,6850.0,2026-09-11,44,37.2,37.6,37.4,0.221028271038086,5.5558,0.4,0.072,0.0107,0.9213
2026-07-29,wing_below,6800.0,2026-09-11,44,33.6,33.9,33.75,0.229783718849711,5.1713,0.3,0.058,0.0089,0.9146
2026-07-29,short_above,7125.0,2026-09-11,44,67.2,67.5,67.35,0.1877982276051,8.019,0.3,0.0374,0.0045,0.9583
2026-07-29,short_below,7100.0,2026-09-11,44,63.4,63.8,63.6,0.190827787197129,7.7882,0.4,0.0514,0.0063,0.9549
2026-07-29,wing_above,6800.0,2026-09-11,44,33.7,34.0,33.85,0.226416464368174,5.1713,0.3,0.058,0.0089,0.9146
2026-07-29,wing_below,6750.0,2026-09-11,44,30.5,30.8,30.65,0.233355509207309,4.8111,0.3,0.0624,0.0098,0.9078
2026-07-29,short_above,7275.0,2026-08-21,23,59.6,59.9,59.75,0.17351570280557,6.5076,0.3,0.0461,0.005,0.978
2026-07-29,short_below,7270.0,2026-08-21,23,58.5,58.8,58.65,0.174250901549125,6.4649,0.3,0.0464,0.0051,0.9773
2026-07-29,wing_above,7075.0,2026-08-21,23,30.7,31.0,30.85,0.202637670315855,4.5704,0.3,0.0656,0.0097,0.9511
2026-07-29,wing_below,7070.0,2026-08-21,23,30.2,30.5,30.35,0.20336645320689,4.5248,0.3,0.0663,0.0099,0.9504
2026-07-29,short_above,7295.0,2026-08-21,23,63.4,63.8,63.6,0.1705662045692,6.696,0.4,0.0597,0.0063,0.9807
2026-07-29,short_below,7280.0,2026-08-21,23,60.2,60.6,60.4,0.172779701746521,6.5587,0.4,0.061,0.0066,0.9787
2026-07-29,wing_above,7090.0,2026-08-21,23,32.2,32.4,32.3,0.200454519558354,4.7088,0.2,0.0425,0.0062,0.9531
2026-07-29,wing_below,7085.0,2026-08-21,23,31.7,32.0,31.85,0.201622682033729,4.6624,0.3,0.0643,0.0094,0.9525
2026-07-29,short_above,7225.0,2026-08-21,23,50.2,50.5,50.35,0.180837935204233,6.019,0.3,0.0498,0.006,0.9713
2026-07-29,short_below,7220.0,2026-08-21,23,49.2,49.5,49.35,0.181567159262374,5.9782,0.3,0.0502,0.0061,0.9706
2026-07-29,wing_above,7020.0,2026-08-21,23,25.5,25.8,25.65,0.210694017070569,4.0866,0.3,0.0734,0.0117,0.9437
2026-07-29,wing_below,7010.0,2026-08-21,23,24.8,25.0,24.9,0.212169831410355,4.003,0.2,0.05,0.008,0.9424
2026-07-29,short_above,7280.0,2026-08-21,23,59.8,60.2,60.0,0.173871204140023,6.5587,0.4,0.061,0.0067,0.9784
2026-07-29,wing_above,6985.0,2026-08-21,23,23.0,23.3,23.15,0.215870308657958,3.8003,0.3,0.0789,0.013,0.9387
2026-07-29,wing_below,6980.0,2026-08-21,23,22.8,23.0,22.9,0.217104456188038,3.7609,0.2,0.0532,0.0087,0.9381
2026-07-29,short_above,7330.0,2026-08-21,23,71.4,71.7,71.55,0.165367870737057,6.9889,0.3,0.0429,0.0042,0.9851
2026-07-29,short_below,7325.0,2026-08-21,23,70.4,70.7,70.55,0.167048539490709,6.9482,0.3,0.0432,0.0043,0.9844
2026-07-29,wing_above,7065.0,2026-08-21,23,29.7,30.0,29.85,0.204124343311468,4.456,0.3,0.0673,0.0101,0.9495
2026-07-29,wing_below,7060.0,2026-08-21,23,29.3,29.5,29.4,0.204853755594601,4.4111,0.2,0.0453,0.0068,0.9488
2026-07-29,short_above,7320.0,2026-08-28,30,83.2,83.6,83.4,0.167197272003755,7.9677,0.4,0.0502,0.0048,0.9837
2026-07-29,short_below,7310.0,2026-08-28,30,80.8,81.2,81.0,0.167491485249871,7.9033,0.4,0.0506,0.0049,0.9824
2026-07-29,wing_above,7050.0,2026-08-28,30,38.8,39.1,38.95,0.203743905383929,5.428,0.3,0.0553,0.0077,0.9475
2026-07-29,short_above,7290.0,2026-08-28,30,76.2,76.7,76.45,0.171428900565631,7.7142,0.5,0.0648,0.0065,0.9797
2026-07-29,short_below,7280.0,2026-08-28,30,74.0,74.5,74.25,0.172870949069325,7.6273,0.5,0.0656,0.0067,0.9784
2026-07-29,wing_above,7000.0,2026-08-28,30,34.0,34.3,34.15,0.210440541548548,4.9813,0.3,0.0602,0.0088,0.9407
2026-07-29,wing_below,6990.0,2026-08-28,30,33.1,33.5,33.3,0.211791530422127,4.8952,0.4,0.0817,0.012,0.9394
2026-07-29,short_above,7320.0,2026-08-28,30,83.3,83.7,83.5,0.167779761641473,7.9677,0.4,0.0502,0.0048,0.9837
2026-07-29,short_below,7310.0,2026-08-28,30,80.9,81.3,81.1,0.169264128665687,7.8815,0.4,0.0508,0.0049,0.9824
2026-07-29,wing_above,7050.0,2026-08-28,30,39.0,39.3,39.15,0.204516445091427,5.428,0.3,0.0553,0.0077,0.9475
2026-07-29,short_below,7300.0,2026-08-28,30,78.7,79.1,78.9,0.170023981270889,7.791,0.4,0.0513,0.0051,0.9811
2026-07-29,short_above,7220.0,2026-08-28,30,62.6,62.9,62.75,0.181103097687635,7.0628,0.3,0.0425,0.0048,0.9703
2026-07-29,short_below,7210.0,2026-08-28,30,61.0,61.4,61.2,0.182461751718203,6.9668,0.4,0.0574,0.0065,0.969
2026-07-29,wing_above,6925.0,2026-08-28,30,28.1,28.4,28.25,0.220675543027403,4.3651,0.3,0.0687,0.0106,0.9307
2026-07-29,wing_below,6900.0,2026-08-28,30,26.4,26.7,26.55,0.224139792531537,4.1752,0.3,0.0719,0.0113,0.9273
2026-07-29,short_above,7225.0,2026-08-31,33,66.6,66.9,66.75,0.176520479084525,7.5058,0.3,0.04,0.0045,0.971
2026-07-29,short_below,7220.0,2026-08-31,33,65.7,66.0,65.85,0.17718572514758,7.4564,0.3,0.0402,0.0046,0.9703
2026-07-29,wing_above,6920.0,2026-08-31,33,29.8,30.1,29.95,0.216201835923794,4.6636,0.3,0.0643,0.01,0.93
2026-07-29,wing_below,6915.0,2026-08-31,33,29.5,29.8,29.65,0.216862457574361,4.6249,0.3,0.0649,0.0101,0.9293
2026-07-29,short_above,7230.0,2026-08-31,33,67.3,67.7,67.5,0.176263625058616,7.563,0.4,0.0529,0.0059,0.9717
2026-07-29,short_below,7225.0,2026-08-31,33,66.4,66.7,66.55,0.176811339469264,7.5058,0.3,0.04,0.0045,0.971
2026-07-29,wing_above,6930.0,2026-08-31,33,30.6,30.9,30.75,0.215345806763684,4.7456,0.3,0.0632,0.0098,0.9314
2026-07-29,wing_below,6920.0,2026-08-31,33,29.8,30.1,29.95,0.216085725875802,4.6636,0.3,0.0643,0.01,0.9301
2026-07-29,short_above,7275.0,2026-09-04,37,84.5,85.0,84.75,0.172274842203432,8.5135,0.5,0.0587,0.0059,0.9778
2026-07-29,short_below,7250.0,2026-09-04,37,79.4,79.9,79.65,0.175607728632819,8.2932,0.5,0.0603,0.0063,0.9744
2026-07-29,wing_above,6975.0,2026-09-04,37,40.4,40.8,40.6,0.210737566234009,5.7179,0.4,0.07,0.0099,0.9375
2026-07-29,wing_below,6950.0,2026-09-04,37,38.2,38.5,38.35,0.214003340704121,5.5022,0.3,0.0545,0.0078,0.9341
2026-07-29,short_above,7150.0,2026-09-04,37,61.7,62.1,61.9,0.188650992345383,7.3526,0.4,0.0544,0.0065,0.961
2026-07-29,short_below,7125.0,2026-09-04,37,58.1,58.4,58.25,0.191842785308698,7.1177,0.3,0.0421,0.0052,0.9576
2026-07-29,wing_above,6850.0,2026-09-04,37,30.6,30.9,30.75,0.226720314424794,4.705,0.3,0.0638,0.0098,0.9207
2026-07-29,wing_below,6800.0,2026-09-04,37,27.5,27.7,27.6,0.233271981262254,4.3478,0.2,0.046,0.0072,0.914
2026-07-29,short_above,7125.0,2026-09-04,37,58.1,58.5,58.3,0.191523862390544,7.1177,0.4,0.0562,0.0069,0.9576
2026-07-29,short_below,7100.0,2026-09-04,37,54.7,55.1,54.9,0.195013311150415,6.8715,0.4,0.0582,0.0073,0.9543
2026-07-29,wing_above,6850.0,2026-09-04,37,30.6,30.9,30.75,0.226801830261972,4.705,0.3,0.0638,0.0098,0.9207
2026-07-29,short_above,7200.0,2026-09-11,44,78.7,79.2,78.95,0.178575109589547,8.6691,0.5,0.0577,0.0063,0.9677
2026-07-29,short_below,7150.0,2026-09-11,44,70.0,70.4,70.2,0.184612907076145,8.1936,0.4,0.0488,0.0057,0.961
2026-07-29,wing_above,6850.0,2026-09-11,44,36.4,36.8,36.6,0.220584316793937,5.4715,0.4,0.0731,0.0109,0.9207
2026-07-29,wing_below,6800.0,2026-09-11,44,32.9,33.2,33.05,0.226691509028707,5.0906,0.3,0.0589,0.0091,0.914
2026-07-29,short_above,7125.0,2026-09-11,44,66.1,66.5,66.3,0.186094437107254,7.9559,0.4,0.0503,0.006,0.9576
2026-07-29,short_below,7100.0,2026-09-11,44,62.5,62.9,62.7,0.190606799629745,7.7141,0.4,0.0519,0.0064,0.9543
2026-07-29,wing_below,6750.0,2026-09-11,44,29.8,30.0,29.9,0.232855394302759,4.7341,0.2,0.0422,0.0067,0.9072
2026-07-29,short_above,7125.0,2026-08-07,9,12.1,12.7,12.4,0.210415690663997,2.2013,0.6,0.2726,0.0484,0.9579
2026-07-29,short_below,7100.0,2026-08-07,9,10.7,11.0,10.85,0.214595212609811,2.0008,0.3,0.1499,0.0276,0.9545
2026-07-29,wing_above,6925.0,2026-08-07,9,4.3,4.5,4.4,0.248357476284854,1.0284,0.2,0.1945,0.0455,0.931
2026-07-29,wing_below,6900.0,2026-08-07,9,3.8,4.0,3.9,0.252705598975401,0.9418,0.2,0.2124,0.0513,0.9276
2026-07-29,short_above,7275.0,2026-08-21,23,60.3,60.7,60.5,0.173623131465785,6.4931,0.4,0.0616,0.0066,0.978
2026-07-29,short_below,7270.0,2026-08-21,23,59.4,59.8,59.6,0.17435476121661,6.4458,0.4,0.0621,0.0067,0.9774
2026-07-29,wing_above,7075.0,2026-08-21,23,31.2,31.5,31.35,0.202620501749335,4.5537,0.3,0.0659,0.0096,0.9511
2026-07-29,short_above,7295.0,2026-08-21,23,64.4,64.7,64.55,0.170689899680984,6.678,0.3,0.0449,0.0046,0.9807
2026-07-29,short_below,7280.0,2026-08-21,23,61.0,61.4,61.2,0.173871204140023,6.54,0.4,0.0612,0.0065,0.9787
2026-07-29,wing_above,7090.0,2026-08-21,23,32.4,32.7,32.55,0.20030524294568,4.6926,0.3,0.0639,0.0092,0.9532
2026-07-29,wing_below,7085.0,2026-08-21,23,31.8,32.1,31.95,0.201622682033729,4.646,0.3,0.0646,0.0094,0.9525
2026-07-29,short_above,7225.0,2026-08-21,23,50.6,51.0,50.8,0.18090622171172,6.0615,0.4,0.066,0.0079,0.9713
2026-07-29,short_below,7220.0,2026-08-21,23,49.8,50.2,50.0,0.181630056499776,5.9574,0.4,0.0671,0.008,0.9706
2026-07-29,wing_above,7020.0,2026-08-21,23,25.8,26.1,25.95,0.210444307395503,4.1023,0.3,0.0731,0.0116,0.9438
2026-07-29,wing_below,7010.0,2026-08-21,23,25.1,25.4,25.25,0.211907054306058,4.0181,0.3,0.0747,0.0119,0.9424
2026-07-29,wing_above,6985.0,2026-08-21,23,23.3,23.6,23.45,0.216461475132351,3.8139,0.3,0.0787,0.0128,0.939
2026-07-29,wing_below,6980.0,2026-08-21,23,22.9,23.3,23.1,0.216322499673048,3.7742,0.4,0.106,0.0173,0.9384
2026-07-29,short_above,7330.0,2026-08-21,23,72.6,73.0,72.8,0.165444752877071,7.0188,0.4,0.057,0.0055,0.9858
2026-07-29,wing_above,7065.0,2026-08-21,23,29.7,30.0,29.85,0.203587862127533,4.4979,0.3,0.0667,0.0101,0.9502
2026-07-29,wing_below,7060.0,2026-08-21,23,29.3,29.6,29.45,0.204306705074207,4.4526,0.3,0.0674,0.0102,0.9495
2026-07-29,short_above,7320.0,2026-08-28,30,84.3,84.7,84.5,0.167215905721302,7.984,0.4,0.0501,0.0047,0.9845
2026-07-29,wing_above,7050.0,2026-08-28,30,39.2,39.5,39.35,0.20362165697451,5.4746,0.3,0.0548,0.0076,0.9482
2026-07-29,short_above,7290.0,2026-08-28,30,77.2,77.6,77.4,0.171457536652519,7.7305,0.4,0.0517,0.0052,0.9804
2026-07-29,short_below,7280.0,2026-08-28,30,75.2,75.5,75.35,0.172870949069325,7.6443,0.3,0.0392,0.004,0.9791
2026-07-29,wing_above,7000.0,2026-08-28,30,34.4,34.6,34.5,0.210259088175283,5.0246,0.2,0.0398,0.0058,0.9414
2026-07-29,wing_below,6990.0,2026-08-28,30,33.5,33.8,33.65,0.211446777567,4.9378,0.3,0.0608,0.0089,0.9401
2026-07-29,short_below,7310.0,2026-08-28,30,82.2,82.6,82.4,0.169264128665687,7.8815,0.4,0.0508,0.0049,0.9831
2026-07-29,wing_above,7050.0,2026-08-28,30,39.4,39.7,39.55,0.204516445091427,5.4746,0.3,0.0548,0.0076,0.9482
2026-07-29,wing_below,7025.0,2026-08-28,30,36.9,37.2,37.05,0.207949925263538,5.2463,0.3,0.0572,0.0081,0.9448
2026-07-29,short_above,7310.0,2026-08-28,30,82.4,82.9,82.65,0.169264128665687,7.8961,0.5,0.0633,0.006,0.9831
2026-07-29,wing_below,7025.0,2026-08-28,30,37.0,37.3,37.15,0.206929991831981,5.2389,0.3,0.0573,0.0081,0.9448
2026-07-29,short_above,7220.0,2026-08-28,30,63.8,64.3,64.05,0.181111895431001,7.1018,0.5,0.0704,0.0078,0.971
2026-07-29,short_below,7210.0,2026-08-28,30,61.9,62.3,62.1,0.182463693640931,7.0063,0.4,0.0571,0.0064,0.9697
2026-07-29,wing_above,6925.0,2026-08-28,30,28.5,28.8,28.65,0.220406897531514,4.3959,0.3,0.0682,0.0105,0.9314
2026-07-29,wing_below,6900.0,2026-08-28,30,26.8,27.1,26.95,0.223849216691545,4.2042,0.3,0.0714,0.0111,0.928
2026-07-29,short_above,7225.0,2026-08-31,33,67.6,68.0,67.8,0.17669551915298,7.5463,0.4,0.053,0.0059,0.972
2026-07-29,short_below,7220.0,2026-08-31,33,66.4,66.8,66.6,0.177362415737352,7.4954,0.4,0.0534,0.006,0.9713
2026-07-29,wing_below,6915.0,2026-08-31,33,29.8,30.1,29.95,0.216789407315064,4.6544,0.3,0.0645,0.01,0.9303
2026-07-29,short_above,7230.0,2026-08-31,33,68.5,69.0,68.75,0.176027167046125,7.5935,0.5,0.0658,0.0073,0.9727
2026-07-29,short_below,7225.0,2026-08-31,33,67.5,67.8,67.65,0.176811339469264,7.5463,0.3,0.0398,0.0044,0.972
2026-07-29,wing_above,6930.0,2026-08-31,33,30.8,31.1,30.95,0.214821747347859,4.776,0.3,0.0628,0.0097,0.9323
2026-07-29,wing_below,6920.0,2026-08-31,33,30.1,30.4,30.25,0.216085725875802,4.7022,0.3,0.0638,0.0099,0.931
2026-07-29,short_above,7275.0,2026-09-04,37,85.6,86.0,85.8,0.17206423803033,8.5523,0.4,0.0468,0.0047,0.9787
2026-07-29,short_below,7250.0,2026-09-04,37,80.3,80.7,80.5,0.175353996699411,8.3327,0.4,0.048,0.005,0.9754
2026-07-29,wing_above,6975.0,2026-09-04,37,40.7,41.1,40.9,0.210176911949909,5.7587,0.4,0.0695,0.0098,0.9384
2026-07-29,wing_below,6950.0,2026-09-04,37,38.4,38.8,38.6,0.213333884357044,5.5419,0.4,0.0722,0.0104,0.935
2026-07-29,short_above,7150.0,2026-09-04,37,62.3,62.6,62.45,0.188026549716104,7.3972,0.3,0.0406,0.0048,0.9619
2026-07-29,short_below,7125.0,2026-09-04,37,58.6,59.0,58.8,0.191374141904893,7.1573,0.4,0.0559,0.0068,0.9586
2026-07-29,wing_above,6850.0,2026-09-04,37,30.7,31.0,30.85,0.226160325363983,4.7392,0.3,0.0633,0.0097,0.9216
2026-07-29,wing_below,6800.0,2026-09-04,37,27.5,27.9,27.7,0.232715825252738,4.3791,0.4,0.0913,0.0144,0.9148
2026-07-29,short_below,7100.0,2026-09-04,37,55.2,55.6,55.4,0.19451490425294,6.9161,0.4,0.0578,0.0072,0.9552
2026-07-29,wing_above,6850.0,2026-09-04,37,30.7,31.1,30.9,0.226801830261972,4.7392,0.4,0.0844,0.0129,0.9216
2026-07-29,short_above,7200.0,2026-09-11,44,79.4,79.8,79.6,0.178266251300143,8.713,0.4,0.0459,0.005,0.9686
2026-07-29,short_below,7150.0,2026-09-11,44,70.6,71.0,70.8,0.184281463500463,8.2342,0.4,0.0486,0.0056,0.9619
2026-07-29,wing_above,6850.0,2026-09-11,44,36.6,37.0,36.8,0.220118050084858,5.5033,0.4,0.0727,0.0109,0.9216
2026-07-29,wing_below,6800.0,2026-09-11,44,33.1,33.4,33.25,0.226205849684937,5.1177,0.3,0.0586,0.009,0.9148
2026-07-29,short_above,7125.0,2026-09-11,44,66.4,67.0,66.7,0.187276293660693,7.9975,0.6,0.075,0.009,0.9586
2026-07-29,short_below,7100.0,2026-09-11,44,62.7,63.2,62.95,0.190263736446092,7.7485,0.5,0.0645,0.0079,0.9552
2026-07-29,wing_below,6750.0,2026-09-11,44,29.9,30.2,30.05,0.232353595696139,4.7572,0.3,0.0631,0.01,0.9081
2026-07-29,short_above,7275.0,2026-08-21,23,62.5,62.9,62.7,0.173843558296468,6.5457,0.4,0.0611,0.0064,0.9795
2026-07-29,short_below,7270.0,2026-08-21,23,61.2,61.7,61.45,0.174581717534387,6.4993,0.5,0.0769,0.0081,0.9788
2026-07-29,wing_above,7075.0,2026-08-21,23,32.2,32.6,32.4,0.203180466944275,4.6092,0.4,0.0868,0.0123,0.9525
2026-07-29,wing_below,7070.0,2026-08-21,23,31.8,32.1,31.95,0.203911500518725,4.5636,0.3,0.0657,0.0094,0.9519
2026-07-29,short_above,7295.0,2026-08-21,23,66.7,67.1,66.9,0.170895434162522,6.727,0.4,0.0595,0.006,0.9822
2026-07-29,short_below,7280.0,2026-08-21,23,63.4,63.8,63.6,0.173242896557821,6.5842,0.4,0.0608,0.0063,0.9801
2026-07-29,wing_above,7090.0,2026-08-21,23,33.7,34.1,33.9,0.200715797685783,4.7475,0.4,0.0843,0.0118,0.9545
2026-07-29,wing_below,7085.0,2026-08-21,23,33.2,33.6,33.4,0.201443593469857,4.7011,0.4,0.0851,0.012,0.9538
2026-07-29,short_above,7225.0,2026-08-21,23,52.6,53.0,52.8,0.181185896746324,6.0678,0.4,0.0659,0.0076,0.9727
2026-07-29,short_below,7220.0,2026-08-21,23,51.7,52.2,51.95,0.181907694023463,6.0074,0.5,0.0832,0.0096,0.972
2026-07-29,wing_below,7010.0,2026-08-21,23,26.1,26.4,26.25,0.212461713391031,4.0405,0.3,0.0742,0.0114,0.9437
2026-07-29,short_below,7275.0,2026-08-21,23,61.9,62.3,62.1,0.173960745540091,6.5457,0.4,0.0611,0.0064,0.9794
2026-07-29,wing_above,6985.0,2026-08-21,23,24.1,24.4,24.25,0.216183432884202,3.8366,0.3,0.0782,0.0124,0.9404
2026-07-29,wing_below,6980.0,2026-08-21,23,23.7,24.1,23.9,0.216930878659411,3.7969,0.4,0.1054,0.0167,0.9397
2026-07-29,short_above,7330.0,2026-08-21,23,74.3,74.8,74.55,0.165903693451807,7.014,0.5,0.0713,0.0067,0.9868
2026-07-29,short_below,7325.0,2026-08-21,23,73.1,73.6,73.35,0.166650828696564,6.9742,0.5,0.0717,0.0068,0.9861
2026-07-29,wing_above,7065.0,2026-08-21,23,30.9,31.2,31.05,0.204362134615394,4.4931,0.3,0.0668,0.0097,0.9511
2026-07-29,wing_below,7060.0,2026-08-21,23,30.3,30.7,30.5,0.205093786099897,4.4482,0.4,0.0899,0.0131,0.9505
2026-07-29,short_above,7320.0,2026-08-28,30,85.6,86.4,86.0,0.167419338527072,7.9774,0.8,0.1003,0.0093,0.9855
2026-07-29,wing_above,7050.0,2026-08-28,30,40.0,40.4,40.2,0.203641404448796,5.4544,0.4,0.0733,0.01,0.9488
2026-07-29,short_above,7290.0,2026-08-28,30,78.8,79.3,79.05,0.171391908750043,7.7327,0.5,0.0647,0.0063,0.9811
2026-07-29,short_below,7280.0,2026-08-28,30,76.9,77.4,77.15,0.172801859388495,7.6466,0.5,0.0654,0.0065,0.9797
2026-07-29,wing_above,7000.0,2026-08-28,30,35.1,35.5,35.3,0.210322547835187,5.0091,0.4,0.0799,0.0113,0.942
2026-07-29,wing_below,6990.0,2026-08-28,30,34.2,34.6,34.4,0.211671755972722,4.9233,0.4,0.0812,0.0116,0.9407
2026-07-29,short_below,7310.0,2026-08-28,30,83.6,84.2,83.9,0.169264128665687,7.8961,0.6,0.076,0.0072,0.9838
2026-07-29,wing_below,7025.0,2026-08-28,30,37.5,37.9,37.7,0.207949925263538,5.2285,0.4,0.0765,0.0106,0.9454
2026-07-29,short_above,7310.0,2026-08-28,30,83.4,84.0,83.7,0.169264128665687,7.8854,0.6,0.0761,0.0072,0.9838
2026-07-29,short_below,7300.0,2026-08-28,30,81.1,81.6,81.35,0.169973720070669,7.8034,0.5,0.0641,0.0061,0.9824
2026-07-29,wing_below,7025.0,2026-08-28,30,37.4,37.8,37.6,0.207949925263538,5.2285,0.4,0.0765,0.0106,0.9454
2026-07-29,short_above,7220.0,2026-08-28,30,64.4,64.9,64.65,0.181088028669564,7.0839,0.5,0.0706,0.0077,0.9716
2026-07-29,short_below,7210.0,2026-08-28,30,62.6,63.1,62.85,0.182442102649344,6.9882,0.5,0.0715,0.008,0.9703
2026-07-29,wing_above,6925.0,2026-08-28,30,28.8,29.2,29.0,0.220561967658761,4.3714,0.4,0.0915,0.0138,0.9319
2026-07-29,wing_below,6900.0,2026-08-28,30,27.0,27.4,27.2,0.224037823890346,4.1813,0.4,0.0957,0.0147,0.9286
2026-07-29,short_above,7225.0,2026-08-31,33,68.3,68.8,68.55,0.176254912701231,7.4724,0.5,0.0669,0.0073,0.9723
2026-07-29,short_below,7220.0,2026-08-31,33,67.2,67.7,67.45,0.176924653923108,7.4224,0.5,0.0674,0.0074,0.9716
2026-07-29,wing_above,6920.0,2026-08-31,33,30.4,30.8,30.6,0.215968263822956,4.6348,0.4,0.0863,0.0131,0.9313
2026-07-29,wing_below,6915.0,2026-08-31,33,30.0,30.4,30.2,0.21657030560185,4.5863,0.4,0.0872,0.0132,0.9305
2026-07-29,short_above,7230.0,2026-08-31,33,69.0,69.6,69.3,0.175761349410337,7.5258,0.6,0.0797,0.0087,0.9729
2026-07-29,wing_above,6930.0,2026-08-31,33,31.1,31.5,31.3,0.214585609187176,4.7066,0.4,0.085,0.0128,0.9325
2026-07-29,wing_below,6920.0,2026-08-31,33,30.4,30.8,30.6,0.216085725875802,4.6348,0.4,0.0863,0.0131,0.9312
2026-07-29,short_above,7275.0,2026-09-04,37,86.3,86.9,86.6,0.171957256660768,8.5036,0.6,0.0706,0.0069,0.979
2026-07-29,short_below,7250.0,2026-09-04,37,80.9,81.5,81.2,0.175252399506616,8.2887,0.6,0.0724,0.0074,0.9756
2026-07-29,wing_above,6975.0,2026-09-04,37,41.1,41.5,41.3,0.210129931451018,5.7032,0.4,0.0701,0.0097,0.9386
2026-07-29,wing_below,6950.0,2026-09-04,37,38.7,39.1,38.9,0.213287619813771,5.4868,0.4,0.0729,0.0103,0.9352
2026-07-29,short_above,7150.0,2026-09-04,37,62.7,63.2,62.95,0.188026549716104,7.3451,0.5,0.0681,0.0079,0.9621
2026-07-29,short_below,7125.0,2026-09-04,37,58.9,59.4,59.15,0.191328765154409,7.0988,0.5,0.0704,0.0085,0.9588
2026-07-29,wing_above,6850.0,2026-09-04,37,30.9,31.3,31.1,0.226128341223983,4.688,0.4,0.0853,0.0129,0.9218
2026-07-29,wing_below,6800.0,2026-09-04,37,27.8,28.2,28.0,0.232684764212996,4.3306,0.4,0.0924,0.0143,0.915
2026-07-29,short_below,7100.0,2026-09-04,37,55.5,56.0,55.75,0.194475525840598,6.8618,0.5,0.0729,0.009,0.9554
2026-07-29,wing_above,6850.0,2026-09-04,37,31.0,31.3,31.15,0.226801830261972,4.688,0.3,0.064,0.0096,0.9218
2026-07-29,short_above,7200.0,2026-09-11,44,79.5,80.1,79.8,0.178108427539257,8.6053,0.6,0.0697,0.0075,0.9689
2026-07-29,short_below,7150.0,2026-09-11,44,70.7,71.3,71.0,0.184169232745834,8.1204,0.6,0.0739,0.0085,0.9621
2026-07-29,wing_above,6850.0,2026-09-11,44,36.7,37.1,36.9,0.220027836443692,5.3797,0.4,0.0744,0.0108,0.9218
2026-07-29,wing_below,6800.0,2026-09-11,44,33.1,33.5,33.3,0.226147070776325,5.0003,0.4,0.08,0.012,0.915
2026-07-29,short_above,7125.0,2026-09-11,44,66.7,67.2,66.95,0.187172960753074,7.8743,0.5,0.0635,0.0075,0.9588
2026-07-29,short_below,7100.0,2026-09-11,44,62.9,63.4,63.15,0.190122819930623,7.6262,0.5,0.0656,0.0079,0.9554
2026-07-29,wing_below,6750.0,2026-09-11,44,30.0,30.4,30.2,0.232303710907801,4.6467,0.4,0.0861,0.0132,0.9082
2026-07-29,short_above,7275.0,2026-08-21,23,73.0,73.6,73.3,0.178006423684747,6.7847,0.6,0.0884,0.0082,0.9835
2026-07-29,short_below,7270.0,2026-08-21,23,71.6,72.2,71.9,0.1787699133473,6.7456,0.6,0.0889,0.0083,0.9829
2026-07-29,wing_above,7075.0,2026-08-21,23,37.7,38.1,37.9,0.208022604872432,5.0091,0.4,0.0799,0.0106,0.9565
2026-07-29,wing_below,7070.0,2026-08-21,23,37.2,37.7,37.45,0.208758412875124,4.9635,0.5,0.1007,0.0134,0.9558
2026-07-29,short_above,7295.0,2026-08-21,23,75.7,77.8,76.75,0.174950692429404,6.9238,2.1,0.3033,0.0274,0.9863
2026-07-29,short_below,7280.0,2026-08-21,23,73.8,74.5,74.15,0.177242734344143,6.8169,0.7,0.1027,0.0094,0.9842
2026-07-29,wing_above,7090.0,2026-08-21,23,39.7,40.5,40.1,0.205812853889153,5.1467,0.8,0.1554,0.02,0.9585
2026-07-29,wing_below,7085.0,2026-08-21,23,39.1,39.4,39.25,0.206549870121675,5.1007,0.3,0.0588,0.0076,0.9579
2026-07-29,short_above,7225.0,2026-08-21,23,61.6,62.0,61.8,0.185625004851762,6.3874,0.4,0.0626,0.0065,0.9768
2026-07-29,short_below,7220.0,2026-08-21,23,60.4,60.9,60.65,0.186383937925635,6.3436,0.5,0.0788,0.0082,0.9761
2026-07-29,wing_above,7020.0,2026-08-21,23,31.9,32.4,32.15,0.216276919660783,4.5179,0.5,0.1107,0.0156,0.9491
2026-07-29,wing_below,7010.0,2026-08-21,23,31.0,31.4,31.2,0.217576605188373,4.4315,0.4,0.0903,0.0128,0.9477
2026-07-29,short_above,7280.0,2026-08-21,23,74.5,75.1,74.8,0.176747157803164,6.8169,0.6,0.088,0.008,0.9842
2026-07-29,short_below,7275.0,2026-08-21,23,73.5,74.0,73.75,0.178845225135629,6.7847,0.5,0.0737,0.0068,0.9835
2026-07-29,wing_above,6985.0,2026-08-21,23,29.1,29.4,29.25,0.221255993230275,4.1729,0.3,0.0719,0.0103,0.9443
2026-07-29,wing_below,6980.0,2026-08-21,23,28.4,28.8,28.6,0.221993029038086,4.1317,0.4,0.0968,0.014,0.9437
2026-07-29,short_above,7330.0,2026-08-21,23,87.0,87.6,87.3,0.169594214811725,7.1503,0.6,0.0839,0.0069,0.991
2026-07-29,short_below,7325.0,2026-08-21,23,85.8,86.2,86.0,0.170360753001586,7.1203,0.4,0.0562,0.0047,0.9903
2026-07-29,wing_above,7065.0,2026-08-21,23,36.8,37.2,37.0,0.209493908035085,4.8688,0.4,0.0822,0.0108,0.9552
2026-07-29,wing_below,7060.0,2026-08-21,23,36.1,36.3,36.2,0.210229135491743,4.8236,0.2,0.0415,0.0055,0.9545
2026-07-29,short_above,7320.0,2026-08-28,30,98.2,99.0,98.6,0.170857933136684,8.1301,0.8,0.0984,0.0081,0.9896
2026-07-29,short_below,7310.0,2026-08-28,30,95.9,96.7,96.3,0.172318630398039,8.0654,0.8,0.0992,0.0083,0.9883
2026-07-29,wing_above,7050.0,2026-08-28,30,46.7,47.1,46.9,0.208100173732863,5.838,0.4,0.0685,0.0085,0.9531
2026-07-29,wing_below,7025.0,2026-08-28,30,43.7,44.1,43.9,0.211442782167653,5.6113,0.4,0.0713,0.0091,0.9498
2026-07-29,short_above,7290.0,2026-08-28,30,90.8,91.3,91.05,0.174907677183891,7.9359,0.5,0.063,0.0055,0.9856
2026-07-29,short_below,7280.0,2026-08-28,30,88.2,89.0,88.6,0.176362590900841,7.8647,0.8,0.1017,0.009,0.9838
2026-07-29,wing_above,7000.0,2026-08-28,30,41.1,41.4,41.25,0.214498314092891,5.389,0.3,0.0557,0.0073,0.946
2026-07-29,wing_below,6990.0,2026-08-28,30,40.1,40.8,40.45,0.215841557006409,5.3014,0.7,0.132,0.0173,0.9446
2026-07-29,short_above,7320.0,2026-08-28,30,98.8,99.6,99.2,0.17049895246723,8.1312,0.8,0.0984,0.0081,0.9892
2026-07-29,short_below,7310.0,2026-08-28,30,96.6,97.2,96.9,0.172584893504366,8.0654,0.6,0.0744,0.0062,0.9879
2026-07-29,wing_above,7050.0,2026-08-28,30,47.4,47.7,47.55,0.207831068499653,5.838,0.3,0.0514,0.0063,0.9528
2026-07-29,wing_below,7025.0,2026-08-28,30,44.2,44.8,44.5,0.211156033154779,5.6113,0.6,0.1069,0.0135,0.9494
2026-07-29,short_above,7310.0,2026-08-28,30,96.8,97.4,97.1,0.171975317994516,8.0676,0.6,0.0744,0.0062,0.9879
2026-07-29,short_below,7300.0,2026-08-28,30,93.6,94.2,93.9,0.173445088851276,8.0073,0.6,0.0749,0.0064,0.9865
2026-07-29,wing_above,7050.0,2026-08-28,30,46.6,47.0,46.8,0.207831068499653,5.8463,0.4,0.0684,0.0085,0.9528
2026-07-29,wing_below,7025.0,2026-08-28,30,43.4,43.9,43.65,0.212002192959358,5.6113,0.5,0.0891,0.0115,0.9494
2026-07-29,short_above,7220.0,2026-08-28,30,74.6,75.2,74.9,0.184914813914494,7.3964,0.6,0.0811,0.008,0.9757
2026-07-29,short_below,7210.0,2026-08-28,30,72.4,73.2,72.8,0.186309799306116,7.3107,0.8,0.1094,0.011,0.9744
2026-07-29,wing_above,6925.0,2026-08-28,30,33.6,34.0,33.8,0.22468318419221,4.7605,0.4,0.084,0.0118,0.9359
2026-07-29,wing_below,6900.0,2026-08-28,30,31.6,31.9,31.75,0.228140649630009,4.5619,0.3,0.0658,0.0094,0.9325
2026-07-29,short_above,7225.0,2026-08-31,33,79.2,79.8,79.5,0.17970026731092,7.8357,0.6,0.0766,0.0075,0.9764
2026-07-29,short_below,7220.0,2026-08-31,33,78.2,78.8,78.5,0.180388267120795,7.7726,0.6,0.0772,0.0076,0.9757
2026-07-29,wing_above,6920.0,2026-08-31,33,35.5,36.0,35.75,0.219971411929737,5.0715,0.5,0.0986,0.014,0.9352
2026-07-29,wing_below,6915.0,2026-08-31,33,35.3,35.6,35.45,0.220631830679612,5.03,0.3,0.0596,0.0085,0.9345
2026-07-29,short_above,7230.0,2026-08-31,33,79.6,80.3,79.95,0.179010939004498,7.8629,0.7,0.089,0.0088,0.9771
2026-07-29,short_below,7225.0,2026-08-31,33,78.8,79.2,79.0,0.180465498224232,7.8357,0.4,0.051,0.0051,0.9764
2026-07-29,wing_above,6930.0,2026-08-31,33,36.3,36.7,36.5,0.21865350834994,5.1551,0.4,0.0776,0.011,0.9365
2026-07-29,wing_below,6920.0,2026-08-31,33,35.5,35.9,35.7,0.218686518263618,5.0715,0.4,0.0789,0.0112,0.9352
2026-07-29,short_above,7275.0,2026-09-04,37,98.6,99.2,98.9,0.174850869708117,8.7625,0.6,0.0685,0.0061,0.9832
2026-07-29,short_below,7250.0,2026-09-04,37,92.7,93.1,92.9,0.178239430152233,8.5762,0.4,0.0466,0.0043,0.9798
2026-07-29,wing_above,6975.0,2026-09-04,37,47.6,48.0,47.8,0.214136200981623,6.1404,0.4,0.0651,0.0084,0.9426
2026-07-29,wing_below,6950.0,2026-09-04,37,44.8,45.2,45.0,0.21585141338291,5.9234,0.4,0.0675,0.0089,0.9392
2026-07-29,short_above,7150.0,2026-09-04,37,72.3,72.7,72.5,0.191485665466814,7.7275,0.4,0.0518,0.0055,0.9663
2026-07-29,short_below,7125.0,2026-09-04,37,68.2,68.9,68.55,0.194661253203158,7.5007,0.7,0.0933,0.0102,0.9628
2026-07-29,wing_above,6850.0,2026-09-04,37,35.9,36.3,36.1,0.229960399159545,5.1004,0.4,0.0784,0.0111,0.9256
2026-07-29,wing_below,6800.0,2026-09-04,37,32.2,32.5,32.35,0.236539869420918,4.7259,0.3,0.0635,0.0093,0.9188
2026-07-29,short_above,7125.0,2026-09-04,37,67.9,68.4,68.15,0.194661253203158,7.5049,0.5,0.0666,0.0073,0.9628
2026-07-29,short_below,7100.0,2026-09-04,37,64.0,64.3,64.15,0.197874037595007,7.2755,0.3,0.0412,0.0047,0.9594
2026-07-29,wing_above,6850.0,2026-09-04,37,35.6,35.9,35.75,0.228919475698904,5.1004,0.3,0.0588,0.0084,0.9256
2026-07-29,wing_below,6800.0,2026-09-04,37,31.6,32.1,31.85,0.235360876666004,4.7259,0.5,0.1058,0.0157,0.9188
2026-07-29,short_above,7200.0,2026-09-11,44,90.1,90.8,90.45,0.181122268809859,9.0099,0.7,0.0777,0.0077,0.9729
2026-07-29,short_below,7150.0,2026-09-11,44,80.7,81.5,81.1,0.18727558092316,8.5714,0.8,0.0933,0.0099,0.9661
2026-07-29,wing_above,6850.0,2026-09-11,44,42.0,42.5,42.25,0.223624475291207,5.8838,0.5,0.085,0.0118,0.9256
2026-07-29,wing_below,6800.0,2026-09-11,44,38.1,38.5,38.3,0.229763159465597,5.4875,0.4,0.0729,0.0104,0.9188
2026-07-29,short_above,7125.0,2026-09-11,44,76.0,76.8,76.4,0.190334649329091,8.3192,0.8,0.0962,0.0105,0.9628
2026-07-29,short_below,7100.0,2026-09-11,44,72.1,72.6,72.35,0.193382296656083,8.0941,0.5,0.0618,0.0069,0.9594
2026-07-29,wing_above,6800.0,2026-09-11,44,37.8,38.3,38.05,0.229763159465597,5.4875,0.5,0.0911,0.0131,0.9188
2026-07-29,wing_below,6750.0,2026-09-11,44,34.3,34.6,34.45,0.235960510300492,5.114,0.3,0.0587,0.0087,0.9121
2026-07-29,short_above,7275.0,2026-08-21,23,83.2,83.6,83.4,0.1788808112976,6.9619,0.4,0.0575,0.0048,0.9869
2026-07-29,short_below,7270.0,2026-08-21,23,81.3,82.0,81.65,0.179644740639107,6.9281,0.7,0.101,0.0086,0.9862
2026-07-29,wing_above,7075.0,2026-08-21,23,43.6,44.0,43.8,0.209068990171985,5.2758,0.4,0.0758,0.0091,0.9598
2026-07-29,wing_below,7070.0,2026-08-21,23,42.9,43.4,43.15,0.20981714826276,5.2306,0.5,0.0956,0.0116,0.9591
2026-07-29,short_above,7295.0,2026-08-21,23,87.8,88.4,88.1,0.17516957178724,7.0915,0.6,0.0846,0.0068,0.9896
2026-07-29,wing_above,7090.0,2026-08-21,23,45.5,46.0,45.75,0.206822713449832,5.4118,0.5,0.0924,0.0109,0.9618
2026-07-30,short_above,7275.0,2026-08-21,22,86.1,86.5,86.3,0.178845225135629,7.0248,0.4,0.0569,0.0046,0.9886
2026-07-30,short_below,7270.0,2026-08-21,22,84.3,85.2,84.75,0.179026072686738,6.9935,0.9,0.1287,0.0106,0.988
2026-07-30,wing_above,7075.0,2026-08-21,22,45.1,45.4,45.25,0.208283110396245,5.3633,0.3,0.0559,0.0066,0.9615
2026-07-30,wing_below,7070.0,2026-08-21,22,44.0,44.5,44.25,0.209002992173315,5.3176,0.5,0.094,0.0113,0.9608
2026-07-30,short_above,7295.0,2026-08-21,22,91.2,91.8,91.5,0.175973832481578,7.1454,0.6,0.084,0.0066,0.9914
2026-07-30,short_below,7280.0,2026-08-21,22,87.1,87.5,87.3,0.178231795838373,7.0551,0.4,0.0567,0.0046,0.9893
2026-07-30,wing_above,7090.0,2026-08-21,22,47.1,47.5,47.3,0.206121855286381,5.5005,0.4,0.0727,0.0085,0.9635
2026-07-30,wing_below,7085.0,2026-08-21,22,46.4,46.9,46.65,0.206842590156948,5.4547,0.5,0.0917,0.0107,0.9628
2026-07-30,short_above,7225.0,2026-08-21,22,73.5,73.9,73.7,0.186417381193258,6.6785,0.4,0.0599,0.0054,0.9819
2026-07-30,short_below,7220.0,2026-08-21,22,72.2,72.7,72.45,0.187156708639475,6.6367,0.5,0.0753,0.0069,0.9812
2026-07-30,wing_above,7020.0,2026-08-21,22,38.2,38.6,38.4,0.216199525868047,4.8664,0.4,0.0822,0.0104,0.954
2026-07-30,wing_below,7010.0,2026-08-21,22,37.2,37.6,37.4,0.216961000414739,4.7779,0.4,0.0837,0.0107,0.9526
2026-07-30,short_above,7280.0,2026-08-21,22,88.8,89.2,89.0,0.177764846932141,7.0551,0.4,0.0567,0.0045,0.989
2026-07-30,wing_above,6985.0,2026-08-21,22,34.5,34.9,34.7,0.22055690740503,4.5601,0.4,0.0877,0.0115,0.9489
2026-07-30,wing_below,6980.0,2026-08-21,22,33.9,34.3,34.1,0.221277746201982,4.5172,0.4,0.0886,0.0117,0.9482
2026-07-30,short_above,7330.0,2026-08-21,22,104.3,104.7,104.5,0.170186810771496,7.2908,0.4,0.0549,0.0038,0.9957
2026-07-30,short_below,7325.0,2026-08-21,22,102.5,103.0,102.75,0.170957496456016,7.2718,0.5,0.0688,0.0049,0.9951
2026-07-30,wing_above,7065.0,2026-08-21,22,44.6,45.0,44.8,0.209076406066672,5.2675,0.4,0.0759,0.0089,0.9597
2026-07-30,wing_below,7060.0,2026-08-21,22,44.1,44.4,44.25,0.209792832543607,5.2218,0.3,0.0575,0.0068,0.9591
2026-07-30,short_above,7320.0,2026-08-28,29,116.8,117.5,117.15,0.17130956961561,8.2897,0.7,0.0844,0.006,0.9944
2026-07-30,wing_above,7050.0,2026-08-28,29,55.7,56.0,55.85,0.208388109906281,6.2388,0.3,0.0481,0.0054,0.9577
2026-07-30,short_above,7290.0,2026-08-28,29,106.8,107.7,107.25,0.175613606553943,8.1512,0.9,0.1104,0.0084,0.9903
2026-07-30,short_below,7280.0,2026-08-28,29,104.0,104.6,104.3,0.177038032226927,8.0966,0.6,0.0741,0.0058,0.989
2026-07-30,wing_above,7000.0,2026-08-28,29,48.6,49.0,48.8,0.215011870080107,5.789,0.4,0.0691,0.0082,0.9509
2026-07-30,wing_below,6990.0,2026-08-28,29,47.4,48.0,47.7,0.216342093785588,5.7002,0.6,0.1053,0.0126,0.9496
2026-07-30,short_below,7300.0,2026-08-28,29,110.8,111.3,111.05,0.174183980126954,8.2021,0.5,0.061,0.0045,0.9917
2026-07-30,wing_above,7050.0,2026-08-28,29,56.1,56.4,56.25,0.208388109906281,6.2388,0.3,0.0481,0.0053,0.9577
2026-07-30,short_above,7220.0,2026-08-28,29,88.8,89.4,89.1,0.185473003982422,7.6967,0.6,0.078,0.0067,0.9808
2026-07-30,short_below,7210.0,2026-08-28,29,86.4,87.0,86.7,0.186859878366182,7.6212,0.6,0.0787,0.0069,0.9794
2026-07-30,wing_above,6925.0,2026-08-28,29,40.2,40.5,40.35,0.225064121092678,5.1393,0.3,0.0584,0.0074,0.9407
2026-07-30,wing_below,6900.0,2026-08-28,29,37.8,38.1,37.95,0.228459344686,4.9329,0.3,0.0608,0.0079,0.9373
2026-07-30,short_above,7225.0,2026-08-31,32,94.1,94.7,94.4,0.180527741820214,8.1342,0.6,0.0738,0.0064,0.9815
2026-07-30,short_below,7220.0,2026-08-31,32,92.8,93.5,93.15,0.181102771422619,8.1315,0.7,0.0861,0.0075,0.9808
2026-07-30,wing_above,6920.0,2026-08-31,32,42.5,43.0,42.75,0.221413829266557,5.5052,0.5,0.0908,0.0117,0.9401
2026-07-30,wing_below,6915.0,2026-08-31,32,42.0,42.5,42.25,0.220970132642949,5.4622,0.5,0.0915,0.0118,0.9394
2026-07-30,short_above,7230.0,2026-08-31,32,95.2,95.8,95.5,0.180375301997932,8.1993,0.6,0.0732,0.0063,0.983
2026-07-30,wing_above,6930.0,2026-08-31,32,43.7,44.1,43.9,0.219604187483313,5.5918,0.4,0.0715,0.0091,0.9422
2026-07-30,short_above,7275.0,2026-09-04,36,116.2,116.7,116.45,0.175967931887429,9.0019,0.5,0.0555,0.0043,0.9892
2026-07-30,short_below,7250.0,2026-09-04,36,109.3,109.8,109.55,0.179406983885172,8.8535,0.5,0.0565,0.0046,0.9858
2026-07-30,wing_above,6975.0,2026-09-04,36,56.5,56.9,56.7,0.215069266707715,6.574,0.4,0.0608,0.0071,0.9484
2026-07-30,wing_below,6950.0,2026-09-04,36,53.4,53.8,53.6,0.218571891955299,6.3539,0.4,0.063,0.0075,0.945
2026-07-30,short_above,7150.0,2026-09-04,36,85.9,86.4,86.15,0.192900089206458,8.1112,0.5,0.0616,0.0058,0.9722
2026-07-30,short_below,7125.0,2026-09-04,36,80.8,81.3,81.05,0.196187905139477,7.901,0.5,0.0633,0.0062,0.9688
2026-07-30,wing_above,6850.0,2026-09-04,36,42.6,43.0,42.8,0.231306957986342,5.5099,0.4,0.0726,0.0093,0.9314
2026-07-30,wing_below,6800.0,2026-09-04,36,38.2,38.5,38.35,0.237759321468384,5.1178,0.3,0.0586,0.0078,0.9246
2026-07-30,short_below,7100.0,2026-09-04,36,76.1,76.5,76.3,0.199442805515906,7.6852,0.4,0.052,0.0052,0.9654
2026-07-30,short_below,7150.0,2026-09-11,43,94.7,95.1,94.9,0.188428147100696,8.9407,0.4,0.0447,0.0042,0.9722
2026-07-30,wing_above,6850.0,2026-09-11,43,49.5,49.8,49.65,0.224803657241452,6.3224,0.3,0.0475,0.006,0.9314
2026-07-30,wing_below,6800.0,2026-09-11,43,44.6,44.9,44.75,0.230888509923081,5.9136,0.3,0.0507,0.0067,0.9246
2026-07-30,short_above,7125.0,2026-09-11,43,89.2,89.8,89.5,0.191476526402268,8.7408,0.6,0.0686,0.0067,0.9688
2026-07-30,short_below,7100.0,2026-09-11,43,84.6,85.1,84.85,0.194522230965305,8.5226,0.5,0.0587,0.0059,0.9654
2026-07-30,wing_below,6750.0,2026-09-11,43,40.4,40.8,40.6,0.237017671430951,5.5242,0.4,0.0724,0.0099,0.9178
2026-07-30,short_above,7275.0,2026-08-21,22,82.0,84.1,83.05,0.178534119745406,6.955,2.1,0.3019,0.0253,0.9874
2026-07-30,short_below,7270.0,2026-08-21,22,80.5,81.4,80.95,0.17928775067731,6.9213,0.9,0.13,0.0111,0.9868
2026-07-30,wing_above,7075.0,2026-08-21,22,43.0,43.4,43.2,0.208415876809636,5.248,0.4,0.0762,0.0093,0.9603
2026-07-30,wing_below,7070.0,2026-08-21,22,42.4,42.9,42.65,0.208942901930276,5.2023,0.5,0.0961,0.0117,0.9596
2026-07-30,short_above,7295.0,2026-08-21,22,87.4,88.0,87.7,0.175092462177643,7.0866,0.6,0.0847,0.0068,0.9902
2026-07-30,short_below,7280.0,2026-08-21,22,83.4,83.9,83.65,0.177543472427328,6.9878,0.5,0.0716,0.006,0.9881
2026-07-30,wing_above,7090.0,2026-08-21,22,45.0,45.4,45.2,0.206150157112349,5.3853,0.4,0.0743,0.0088,0.9617
2026-07-30,wing_below,7085.0,2026-08-21,22,44.4,44.9,44.65,0.206263689997508,5.3395,0.5,0.0936,0.0112,0.961
2026-07-30,short_above,7225.0,2026-08-21,22,70.1,70.5,70.3,0.185597568786618,6.5832,0.4,0.0608,0.0057,0.98
2026-07-30,short_below,7220.0,2026-08-21,22,69.0,69.5,69.25,0.186608819902002,6.5436,0.5,0.0764,0.0072,0.9793
2026-07-30,wing_above,7020.0,2026-08-21,22,36.4,36.9,36.65,0.215792347139814,4.7531,0.5,0.1052,0.0136,0.9522
2026-07-30,wing_below,7010.0,2026-08-21,22,35.3,35.7,35.5,0.217960321452628,4.6653,0.4,0.0857,0.0113,0.9509
2026-07-30,short_below,7275.0,2026-08-21,22,82.1,82.6,82.35,0.178845225135629,6.955,0.5,0.0719,0.0061,0.9868
2026-07-30,wing_above,6985.0,2026-08-21,22,32.5,32.9,32.7,0.220934087866697,4.4496,0.4,0.0899,0.0122,0.9475
2026-07-30,wing_below,6980.0,2026-08-21,22,32.1,32.4,32.25,0.222460495844144,4.4071,0.3,0.0681,0.0093,0.9468
2026-07-30,short_above,7330.0,2026-08-21,22,98.6,99.1,98.85,0.169704424270034,7.2564,0.5,0.0689,0.0051,0.9943
2026-07-30,short_below,7325.0,2026-08-21,22,97.2,97.8,97.5,0.170482191658398,7.2346,0.6,0.0829,0.0062,0.9936
2026-07-30,wing_below,7060.0,2026-08-21,22,41.1,41.5,41.3,0.209928936534324,5.0995,0.4,0.0784,0.0097,0.9576
2026-07-30,short_above,7320.0,2026-08-28,29,110.0,110.6,110.3,0.17114562715372,8.2444,0.6,0.0728,0.0054,0.9929
2026-07-30,short_below,7310.0,2026-08-28,29,106.8,107.6,107.2,0.172584893504366,8.1963,0.8,0.0976,0.0075,0.9915
2026-07-30,wing_above,7050.0,2026-08-28,29,52.2,52.6,52.4,0.208123374260421,6.114,0.4,0.0654,0.0076,0.9563
2026-07-30,short_above,7290.0,2026-08-28,29,100.8,101.3,101.05,0.175469615531375,8.084,0.5,0.0619,0.0049,0.9888
2026-07-30,short_below,7280.0,2026-08-28,29,97.9,98.6,98.25,0.176895188669162,8.0238,0.7,0.0872,0.0071,0.9875
2026-07-30,wing_above,7000.0,2026-08-28,29,45.7,46.1,45.9,0.214842326193032,5.6644,0.4,0.0706,0.0087,0.9495
2026-07-30,wing_below,6990.0,2026-08-28,29,44.7,45.2,44.95,0.216683857252617,5.576,0.5,0.0897,0.0111,0.9481
2026-07-30,short_above,7320.0,2026-08-28,29,109.8,110.6,110.2,0.171161777291806,8.2444,0.8,0.097,0.0073,0.9929
2026-07-30,short_above,7310.0,2026-08-28,29,107.0,107.6,107.3,0.172594513828318,8.1963,0.6,0.0732,0.0056,0.9915
2026-07-30,short_below,7300.0,2026-08-28,29,103.8,104.3,104.05,0.174035971461174,8.144,0.5,0.0614,0.0048,0.9902
2026-07-30,wing_below,7025.0,2026-08-28,29,48.6,49.1,48.85,0.21147538101522,5.8878,0.5,0.0849,0.0102,0.9529
2026-07-30,short_above,7220.0,2026-08-28,29,83.0,83.6,83.3,0.185283540670514,7.6052,0.6,0.0789,0.0072,0.9793
2026-07-30,short_below,7210.0,2026-08-28,29,80.6,81.3,80.95,0.186652038256513,7.5263,0.7,0.093,0.0086,0.9779
2026-07-30,wing_above,6925.0,2026-08-28,29,37.4,37.8,37.6,0.225378891763854,5.0204,0.4,0.0797,0.0106,0.9392
2026-07-30,wing_below,6900.0,2026-08-28,29,35.1,35.4,35.25,0.228847090401539,4.8167,0.3,0.0623,0.0085,0.9359
2026-07-30,short_above,7225.0,2026-08-31,32,87.2,87.8,87.5,0.180101606222504,8.0432,0.6,0.0746,0.0069,0.9799
2026-07-30,short_below,7220.0,2026-08-31,32,85.9,86.4,86.15,0.181102771422619,7.9955,0.5,0.0625,0.0058,0.9793
2026-07-30,wing_above,6920.0,2026-08-31,32,39.4,40.0,39.7,0.220302068233136,5.3348,0.6,0.1125,0.0151,0.9386
2026-07-30,wing_below,6915.0,2026-08-31,32,38.8,39.3,39.05,0.222139122365459,5.2924,0.5,0.0945,0.0128,0.9379
2026-07-30,short_above,7230.0,2026-08-31,32,88.6,89.1,88.85,0.179416220657583,8.0732,0.5,0.0619,0.0056,0.9806
2026-07-30,wing_above,6930.0,2026-08-31,32,40.4,40.9,40.65,0.218990613361882,5.3983,0.5,0.0926,0.0123,0.9399
2026-07-30,short_above,7275.0,2026-09-04,36,108.5,109.1,108.8,0.175231280920394,8.9011,0.6,0.0674,0.0055,0.9867
2026-07-30,wing_above,6975.0,2026-09-04,36,52.7,53.1,52.9,0.214217854598436,6.3763,0.4,0.0627,0.0076,0.946
2026-07-30,wing_below,6950.0,2026-09-04,36,49.7,50.2,49.95,0.217389912136927,6.1564,0.5,0.0812,0.01,0.9426
2026-07-30,short_above,7150.0,2026-09-04,36,80.3,80.8,80.55,0.191910314070578,7.9442,0.5,0.0629,0.0062,0.9698
2026-07-30,short_below,7125.0,2026-09-04,36,75.3,75.8,75.55,0.194669102574164,7.7258,0.5,0.0647,0.0066,0.9664
2026-07-30,wing_above,6850.0,2026-09-04,36,39.6,40.0,39.8,0.230259531859359,5.3224,0.4,0.0752,0.0101,0.9291
2026-07-30,wing_below,6800.0,2026-09-04,36,35.5,35.9,35.7,0.236843275084615,4.939,0.4,0.081,0.0112,0.9223
2026-07-30,short_below,7100.0,2026-09-04,36,70.8,71.3,71.05,0.198365094707358,7.5031,0.5,0.0666,0.007,0.963
2026-07-30,wing_below,6800.0,2026-09-04,36,35.5,35.9,35.7,0.237938956060759,4.939,0.4,0.081,0.0112,0.9223
2026-07-30,short_above,7200.0,2026-09-11,43,99.5,100.1,99.8,0.181636607236502,9.1945,0.6,0.0653,0.006,0.9765
2026-07-30,short_below,7150.0,2026-09-11,43,88.9,89.4,89.15,0.188140360655547,8.7809,0.5,0.0569,0.0056,0.9698
2026-07-30,wing_above,6850.0,2026-09-11,43,46.3,46.7,46.5,0.22399655789138,6.1146,0.4,0.0654,0.0086,0.9291
2026-07-30,wing_below,6800.0,2026-09-11,43,41.9,42.3,42.1,0.230109665792785,5.7105,0.4,0.07,0.0095,0.9223
2026-07-30,short_above,7125.0,2026-09-11,43,84.0,84.6,84.3,0.19091267864252,8.5699,0.6,0.07,0.0071,0.9664
2026-07-30,wing_below,6750.0,2026-09-11,43,37.8,38.3,38.05,0.236247982388851,5.3305,0.5,0.0938,0.0131,0.9154
2026-07-30,short_above,7275.0,2026-08-21,22,58.0,87.6,72.8,0.177058857947627,6.7595,29.6,4.379,0.4066,0.9851
2026-07-30,short_below,7270.0,2026-08-21,22,57.0,80.7,68.85,0.177801082949894,6.6457,23.7,3.5662,0.3442,0.9844
2026-07-30,short_above,7295.0,2026-08-21,22,70.6,87.1,78.85,0.174083489634372,6.8445,16.5,2.4107,0.2093,0.9878
2026-07-30,short_below,7280.0,2026-08-21,22,68.1,72.7,70.4,0.176316066075523,6.7273,4.6,0.6838,0.0653,0.9857
2026-07-30,wing_above,7090.0,2026-08-21,22,35.8,39.4,37.6,0.204489363370349,5.0329,3.6,0.7153,0.0957,0.96
2026-07-30,wing_below,7010.0,2026-08-21,22,27.2,28.1,27.65,0.216440340392032,4.1957,0.9,0.2145,0.0325,0.9492
2026-07-30,short_above,7280.0,2026-08-21,22,67.5,68.4,67.95,0.176316066075523,6.7273,0.9,0.1338,0.0132,0.9857
2026-07-30,wing_above,6985.0,2026-08-21,22,25.0,26.2,25.6,0.220195157311559,3.9878,1.2,0.3009,0.0469,0.9458
2026-07-30,short_above,7330.0,2026-08-21,22,77.7,79.3,78.5,0.168837962254847,7.0554,1.6,0.2268,0.0204,0.9925
2026-07-30,short_below,7325.0,2026-08-21,22,75.3,77.2,76.25,0.16959129781677,7.0218,1.9,0.2706,0.0249,0.9918
2026-07-30,short_above,7275.0,2026-08-21,22,53.7,54.3,54.0,0.168524223898207,6.2865,0.6,0.0954,0.0111,0.9772
2026-07-30,short_below,7270.0,2026-08-21,22,52.5,53.3,52.9,0.169263170820281,6.2366,0.8,0.1283,0.0151,0.9768
2026-07-30,wing_above,7075.0,2026-08-21,22,26.6,26.9,26.75,0.197948382711781,4.2681,0.3,0.0703,0.0112,0.9506
2026-07-30,wing_below,7070.0,2026-08-21,22,25.9,26.6,26.25,0.196790424547641,4.2218,0.7,0.1658,0.0267,0.9499
2026-07-30,short_above,7295.0,2026-08-21,22,57.6,58.2,57.9,0.166102130843842,6.4818,0.6,0.0926,0.0104,0.9801
2026-07-30,short_below,7280.0,2026-08-21,22,54.3,55.2,54.75,0.168225560908967,6.3446,0.9,0.1419,0.0164,0.9781
2026-07-30,wing_above,7090.0,2026-08-21,22,27.7,28.3,28.0,0.195749909524901,4.385,0.6,0.1368,0.0214,0.9526
2026-07-30,wing_below,7085.0,2026-08-21,22,27.3,27.8,27.55,0.194737733980143,4.3382,0.5,0.1153,0.0181,0.9519
2026-07-30,short_above,7225.0,2026-08-21,22,44.8,45.6,45.2,0.176083579864731,5.7725,0.8,0.1386,0.0177,0.9707
2026-07-30,short_below,7220.0,2026-08-21,22,44.7,45.3,45.0,0.176804305209731,5.7204,0.6,0.1049,0.0133,0.9701
2026-07-30,wing_above,7020.0,2026-08-21,22,22.1,22.6,22.35,0.206045928304406,3.7618,0.5,0.1329,0.0224,0.9432
2026-07-30,wing_above,6985.0,2026-08-21,22,19.8,20.3,20.05,0.220076428171137,3.4784,0.5,0.1437,0.0249,0.9385
2026-07-30,short_above,7330.0,2026-08-21,22,67.3,68.1,67.7,0.161147549150523,6.8048,0.8,0.1176,0.0118,0.9848
2026-07-30,short_below,7325.0,2026-08-21,22,66.3,67.2,66.75,0.160776018316481,6.7617,0.9,0.1331,0.0135,0.9842
2026-07-30,wing_above,7065.0,2026-08-21,22,26.3,26.8,26.55,0.19941576000331,4.1542,0.5,0.1204,0.0188,0.9492
2026-07-30,wing_below,7060.0,2026-08-21,22,25.9,26.4,26.15,0.200150084401546,4.1091,0.5,0.1217,0.0191,0.9486
2026-07-30,short_above,7320.0,2026-08-28,29,80.1,81.0,80.55,0.163470161668369,7.7754,0.9,0.1157,0.0112,0.9835
2026-07-30,wing_above,7050.0,2026-08-28,29,35.9,36.3,36.1,0.20008229250539,5.1676,0.4,0.0774,0.0111,0.9472
2026-07-30,short_above,7290.0,2026-08-28,29,73.1,73.8,73.45,0.1676055288888,7.5141,0.7,0.0932,0.0095,0.9795
2026-07-30,short_below,7280.0,2026-08-28,29,70.9,71.7,71.3,0.168974072928266,7.4226,0.8,0.1078,0.0112,0.9781
2026-07-30,wing_above,7000.0,2026-08-28,29,31.2,31.6,31.4,0.206924753112117,4.7784,0.4,0.0837,0.0127,0.9405
2026-07-30,wing_below,6990.0,2026-08-28,29,30.4,31.0,30.7,0.208542346370313,4.6922,0.6,0.1279,0.0195,0.9392
2026-07-30,short_below,7310.0,2026-08-28,29,77.4,78.3,77.85,0.164853845823481,7.6908,0.9,0.117,0.0116,0.9826
2026-07-30,short_above,7310.0,2026-08-28,29,76.5,77.7,77.1,0.165850666424466,7.6908,1.2,0.156,0.0156,0.9826
2026-07-30,short_below,7300.0,2026-08-28,29,74.2,74.8,74.5,0.167226545603194,7.6338,0.6,0.0786,0.0081,0.9813
2026-07-30,wing_above,7050.0,2026-08-28,29,34.9,35.4,35.15,0.200357683638162,5.2273,0.5,0.0957,0.0142,0.9477
2026-07-30,wing_below,7025.0,2026-08-28,29,32.6,33.0,32.8,0.203744331062575,4.9993,0.4,0.08,0.0122,0.9443
2026-07-30,short_above,7220.0,2026-08-28,29,57.3,58.0,57.65,0.177946761910501,6.8886,0.7,0.1016,0.0121,0.9705
2026-07-30,short_below,7210.0,2026-08-28,29,55.4,56.1,55.75,0.179260655114285,6.7867,0.7,0.1031,0.0126,0.9692
2026-07-30,wing_above,6925.0,2026-08-28,29,24.4,24.8,24.6,0.217620513985265,4.1721,0.4,0.0959,0.0163,0.9309
2026-07-30,wing_below,6900.0,2026-08-28,29,22.9,23.2,23.05,0.221165563026134,3.9297,0.3,0.0763,0.013,0.9275
2026-07-30,short_above,7225.0,2026-08-31,32,60.7,61.4,61.05,0.173354038579845,7.2674,0.7,0.0963,0.0115,0.9712
2026-07-30,short_below,7220.0,2026-08-31,32,59.5,60.1,59.8,0.174011156225941,7.2172,0.6,0.0831,0.01,0.9705
2026-07-30,wing_above,6920.0,2026-08-31,32,26.0,26.6,26.3,0.213426715236539,4.4552,0.6,0.1347,0.0228,0.9302
2026-07-30,wing_below,6915.0,2026-08-31,32,25.5,26.0,25.75,0.214099445506194,4.4408,0.5,0.1126,0.0194,0.9295
2026-07-30,short_above,7230.0,2026-08-31,32,60.9,61.8,61.35,0.172696131811588,7.3173,0.9,0.123,0.0147,0.9719
2026-07-30,short_below,7225.0,2026-08-31,32,60.3,60.9,60.6,0.173519244846639,7.2674,0.6,0.0826,0.0099,0.9712
2026-07-30,wing_above,6930.0,2026-08-31,32,26.5,27.0,26.75,0.212083586731015,4.5609,0.5,0.1096,0.0187,0.9316
2026-07-30,short_above,7275.0,2026-09-04,36,79.0,79.5,79.25,0.169731301296773,8.3353,0.5,0.06,0.0063,0.9779
2026-07-30,short_below,7250.0,2026-09-04,36,73.8,74.5,74.15,0.173007542280207,8.0869,0.7,0.0866,0.0094,0.9746
2026-07-30,wing_above,6975.0,2026-09-04,36,36.8,37.3,37.05,0.206757068682369,5.4417,0.5,0.0919,0.0135,0.9376
2026-07-30,wing_below,6950.0,2026-09-04,36,34.6,35.1,34.85,0.210997604308684,5.2266,0.5,0.0957,0.0143,0.9342
2026-07-30,short_below,7125.0,2026-09-04,36,53.6,54.2,53.9,0.188958642904268,6.8513,0.6,0.0876,0.0111,0.9578
2026-07-30,wing_above,6850.0,2026-09-04,36,27.6,27.9,27.75,0.223963505143191,4.4735,0.3,0.0671,0.0108,0.9208
2026-07-30,wing_below,6800.0,2026-09-04,36,24.9,25.2,25.05,0.230583072116891,4.1212,0.3,0.0728,0.012,0.9141
2026-07-30,short_above,7125.0,2026-09-04,36,54.0,54.6,54.3,0.18793758094387,6.8513,0.6,0.0876,0.011,0.9578
2026-07-30,short_below,7100.0,2026-09-04,36,50.7,51.2,50.95,0.192092458674268,6.6059,0.5,0.0757,0.0098,0.9544
2026-07-30,wing_above,6850.0,2026-09-04,36,27.9,28.3,28.1,0.222963021262515,4.4735,0.4,0.0894,0.0142,0.9208
2026-07-30,short_above,7200.0,2026-09-11,43,74.8,75.4,75.1,0.175935778380907,8.4554,0.6,0.071,0.008,0.9671
2026-07-30,short_below,7150.0,2026-09-11,43,66.6,67.1,66.85,0.182662580216119,7.9647,0.5,0.0628,0.0075,0.9604
2026-07-30,wing_above,6850.0,2026-09-11,43,33.9,34.4,34.15,0.218511040520299,5.2669,0.5,0.0949,0.0146,0.9201
2026-07-30,wing_below,6800.0,2026-09-11,43,30.7,32.4,31.55,0.224875754985337,4.8879,1.7,0.3478,0.0539,0.9134
2026-07-30,short_above,7125.0,2026-09-11,43,62.8,63.4,63.1,0.185624561236721,7.7173,0.6,0.0777,0.0095,0.9571
2026-07-30,short_below,7100.0,2026-09-11,43,59.3,59.8,59.55,0.188575279930666,7.4703,0.5,0.0669,0.0084,0.9537
2026-07-30,wing_below,6750.0,2026-09-11,43,28.0,28.4,28.2,0.230937246405775,4.5353,0.4,0.0882,0.0142,0.9067
2026-07-30,short_above,7125.0,2026-08-07,8,26.6,27.9,27.25,0.216315839204403,3.1315,1.3,0.4151,0.0477,0.9719
2026-07-30,short_below,7100.0,2026-08-07,8,23.9,24.8,24.35,0.220304971960508,2.8972,0.9,0.3106,0.037,0.9685
2026-07-30,wing_above,6925.0,2026-08-07,8,9.0,9.7,9.35,0.251450987700753,1.5515,0.7,0.4512,0.0749,0.9446
2026-07-30,wing_below,6900.0,2026-08-07,8,7.8,8.3,8.05,0.256413703815951,1.4158,0.5,0.3532,0.0621,0.9412
2026-07-30,short_above,7275.0,2026-08-21,22,100.8,101.7,101.25,0.17707107936239,7.1544,0.9,0.1258,0.0089,0.9923
2026-07-30,short_below,7270.0,2026-08-21,22,98.4,99.3,98.85,0.177810282308849,7.131,0.9,0.1262,0.0091,0.9916
2026-07-30,wing_above,7075.0,2026-08-21,22,52.7,53.4,53.05,0.205544600779667,5.6665,0.7,0.1235,0.0132,0.965
2026-07-30,wing_below,7070.0,2026-08-21,22,50.1,52.3,51.2,0.20707384729703,5.6215,2.2,0.3914,0.043,0.9644
2026-07-30,short_above,7295.0,2026-08-21,22,105.3,106.5,105.9,0.174109444842194,7.2351,1.2,0.1659,0.0113,0.9951
2026-07-30,short_below,7280.0,2026-08-21,22,100.8,101.9,101.35,0.176331440040454,7.1765,1.1,0.1533,0.0109,0.993
2026-07-30,wing_above,7090.0,2026-08-21,22,54.8,55.5,55.15,0.204176167605452,5.8008,0.7,0.1207,0.0127,0.9671
2026-07-30,wing_below,7085.0,2026-08-21,22,54.3,55.0,54.65,0.204900944734856,5.7561,0.7,0.1216,0.0128,0.9664
2026-07-30,short_above,7225.0,2026-08-21,22,85.8,86.5,86.15,0.184448007930621,6.8763,0.7,0.1018,0.0081,0.9855
2026-07-30,short_below,7220.0,2026-08-21,22,84.6,85.8,85.2,0.185184063760376,6.843,1.2,0.1754,0.0141,0.9848
2026-07-30,wing_above,7020.0,2026-08-21,22,44.6,45.2,44.9,0.214311247113195,5.1717,0.6,0.116,0.0134,0.9575
2026-07-30,short_above,7280.0,2026-08-21,22,101.1,102.4,101.75,0.176885813829376,7.1765,1.3,0.1811,0.0128,0.993
2026-07-30,wing_above,6985.0,2026-08-21,22,39.3,39.9,39.6,0.218764076112078,4.8612,0.6,0.1234,0.0152,0.9528
2026-07-30,wing_below,6980.0,2026-08-21,22,38.6,39.3,38.95,0.220111858136737,4.8174,0.7,0.1453,0.018,0.9521
2026-07-30,short_above,7275.0,2026-08-21,22,111.4,112.5,111.95,0.177487925737321,7.2223,1.1,0.1523,0.0098,0.9958
2026-07-30,short_below,7270.0,2026-08-21,22,109.2,110.3,109.75,0.178239366267652,7.2054,1.1,0.1527,0.01,0.9951
2026-07-30,wing_above,7075.0,2026-08-21,22,58.6,59.3,58.95,0.206839760146324,5.7945,0.7,0.1208,0.0119,0.9684
2026-07-30,wing_below,7070.0,2026-08-21,22,57.6,58.5,58.05,0.207561107854222,5.7504,0.9,0.1565,0.0155,0.9677
2026-07-30,short_above,7295.0,2026-08-21,22,118.5,119.7,119.1,0.17446851132816,7.2753,1.2,0.1649,0.0101,0.9985
2026-07-30,short_below,7280.0,2026-08-21,22,112.2,113.4,112.8,0.177430225689784,7.2378,1.2,0.1658,0.0106,0.9965
2026-07-30,wing_above,7090.0,2026-08-21,22,61.8,62.7,62.25,0.205070364677018,5.9262,0.9,0.1519,0.0145,0.9713
2026-07-30,wing_below,7085.0,2026-08-21,22,60.9,61.8,61.35,0.206035238696505,5.9544,0.9,0.1511,0.0147,0.9707
2026-07-30,short_above,7225.0,2026-08-21,22,94.8,95.9,95.35,0.185563424183803,6.9896,1.1,0.1574,0.0115,0.9898
2026-07-30,short_below,7220.0,2026-08-21,22,93.3,94.4,93.85,0.186293816613507,6.9608,1.1,0.158,0.0117,0.9892
2026-07-30,short_above,7275.0,2026-08-21,22,62.5,62.9,62.7,0.168875178079158,6.475,0.4,0.0618,0.0064,0.9817
2026-07-30,short_below,7270.0,2026-08-21,22,61.4,62.0,61.7,0.169612552801296,6.4301,0.6,0.0933,0.0097,0.9811
2026-07-30,wing_above,7075.0,2026-08-21,22,30.8,31.1,30.95,0.197784479171455,4.5129,0.3,0.0665,0.0097,0.9548
2026-07-30,wing_below,7070.0,2026-08-21,22,30.1,30.6,30.35,0.198515238110683,4.4656,0.5,0.112,0.0165,0.9541
2026-07-30,short_above,7295.0,2026-08-21,22,67.0,67.6,67.3,0.165881345409683,6.6474,0.6,0.0903,0.0089,0.9844
2026-07-30,short_below,7280.0,2026-08-21,22,63.8,64.2,64.0,0.16813386013901,6.5192,0.4,0.0614,0.0063,0.9824
2026-07-30,wing_above,7090.0,2026-08-21,22,32.3,32.7,32.5,0.195599099665976,4.6565,0.4,0.0859,0.0123,0.9568
2026-07-30,wing_below,7085.0,2026-08-21,22,31.4,31.9,31.65,0.196326478296613,4.6084,0.5,0.1085,0.0158,0.9561
2026-07-30,short_above,7225.0,2026-08-21,22,51.7,52.2,51.95,0.17613952126573,6.0111,0.5,0.0832,0.0096,0.975
2026-07-30,wing_above,7020.0,2026-08-21,22,25.2,25.6,25.4,0.205901112895947,4.01,0.4,0.0998,0.0157,0.9473
2026-07-30,wing_below,7010.0,2026-08-21,22,24.4,24.6,24.5,0.207397850825569,3.9183,0.2,0.051,0.0082,0.946
2026-07-30,short_below,7275.0,2026-08-21,22,62.0,62.4,62.2,0.1685544367025,6.475,0.4,0.0618,0.0064,0.9817
2026-07-30,wing_above,6985.0,2026-08-21,22,22.1,22.3,22.2,0.211171699046506,3.7082,0.2,0.0539,0.009,0.9426
2026-07-30,wing_below,6980.0,2026-08-21,22,21.7,21.9,21.8,0.211932129967283,3.6674,0.2,0.0545,0.0092,0.9419
2026-07-30,short_above,7330.0,2026-08-21,22,73.5,75.0,74.25,0.160409357347037,6.9203,1.5,0.2168,0.0202,0.9892
2026-07-30,short_below,7325.0,2026-08-21,22,72.8,73.2,73.0,0.161211430230707,6.8607,0.4,0.0583,0.0055,0.9885
2026-07-30,wing_above,7065.0,2026-08-21,22,28.6,29.0,28.8,0.199247255187528,4.4139,0.4,0.0906,0.0139,0.9534
2026-07-30,wing_below,7060.0,2026-08-21,22,28.0,28.4,28.2,0.199980590837728,4.3671,0.4,0.0916,0.0142,0.9527
2026-07-30,short_above,7320.0,2026-08-28,29,87.4,88.0,87.7,0.162954432182185,7.9053,0.6,0.0759,0.0068,0.9878
2026-07-30,short_below,7310.0,2026-08-28,29,84.5,85.0,84.75,0.164376330723481,7.8341,0.5,0.0638,0.0059,0.9862
2026-07-30,wing_above,7050.0,2026-08-28,29,38.7,39.0,38.85,0.199533670441322,5.4547,0.3,0.055,0.0077,0.9511
2026-07-30,wing_below,7025.0,2026-08-28,29,36.0,36.3,36.15,0.202888783576154,5.2222,0.3,0.0574,0.0083,0.9477
2026-07-30,short_above,7290.0,2026-08-28,29,80.2,80.7,80.45,0.16827200214242,7.6816,0.5,0.0651,0.0062,0.9835
2026-07-30,short_below,7280.0,2026-08-28,29,78.1,79.0,78.55,0.16860410732003,7.6009,0.9,0.1184,0.0115,0.9821
2026-07-30,wing_above,7000.0,2026-08-28,29,33.9,34.3,34.1,0.206269821726472,4.996,0.4,0.0801,0.0117,0.9443
2026-07-30,wing_below,6990.0,2026-08-28,29,33.0,33.8,33.4,0.20763022622542,4.9074,0.8,0.163,0.024,0.943
2026-07-30,short_below,7310.0,2026-08-28,29,85.5,86.0,85.75,0.165613425338456,7.8341,0.5,0.0638,0.0058,0.9862
2026-07-30,wing_above,7050.0,2026-08-28,29,39.1,39.4,39.25,0.200673516089821,5.4547,0.3,0.055,0.0076,0.9511
2026-07-30,wing_below,7025.0,2026-08-28,29,36.4,36.8,36.6,0.203952215173475,5.2222,0.4,0.0766,0.0109,0.9477
2026-07-30,short_above,7310.0,2026-08-28,29,85.4,86.0,85.7,0.165613425338456,7.8341,0.6,0.0766,0.007,0.9862
2026-07-30,short_below,7300.0,2026-08-28,29,83.2,83.7,83.45,0.166070602910022,7.7595,0.5,0.0644,0.006,0.9848
2026-07-30,wing_above,7050.0,2026-08-28,29,39.2,39.5,39.35,0.200673516089821,5.4268,0.3,0.0553,0.0076,0.9511
2026-07-30,short_above,7220.0,2026-08-28,29,64.6,65.2,64.9,0.176871404914675,7.0693,0.6,0.0849,0.0092,0.974
2026-07-30,short_below,7210.0,2026-08-28,29,62.6,63.2,62.9,0.178226039034975,6.9749,0.6,0.086,0.0095,0.9727
2026-07-30,wing_above,6925.0,2026-08-28,29,27.3,27.6,27.45,0.216592381982992,4.326,0.3,0.0693,0.0109,0.9342
2026-07-30,wing_below,6900.0,2026-08-28,29,25.5,25.8,25.65,0.220095527502261,4.1292,0.3,0.0727,0.0117,0.9308
2026-07-30,short_above,7225.0,2026-08-31,32,68.6,69.0,68.8,0.172653197144329,7.5145,0.4,0.0532,0.0058,0.9747
2026-07-30,short_below,7220.0,2026-08-31,32,67.2,67.8,67.5,0.172870732612753,7.4672,0.6,0.0804,0.0089,0.974
2026-07-30,wing_above,6920.0,2026-08-31,32,28.9,29.3,29.1,0.211907715757084,4.6334,0.4,0.0863,0.0137,0.9335
2026-07-30,wing_below,6915.0,2026-08-31,32,28.5,28.9,28.7,0.212573691021457,4.592,0.4,0.0871,0.0139,0.9329
2026-07-30,short_above,7230.0,2026-08-31,32,69.0,69.6,69.3,0.171543019033849,7.5614,0.6,0.0794,0.0087,0.9754
2026-07-30,short_below,7225.0,2026-08-31,32,68.5,69.0,68.75,0.172653197144329,7.5145,0.5,0.0665,0.0073,0.9747
2026-07-30,wing_above,6930.0,2026-08-31,32,29.7,30.1,29.9,0.210962178179562,4.7172,0.4,0.0848,0.0134,0.9349
2026-07-30,wing_below,6920.0,2026-08-31,32,28.9,29.3,29.1,0.211511021426707,4.6334,0.4,0.0863,0.0137,0.9335
2026-07-30,short_above,7275.0,2026-09-04,36,88.6,89.1,88.85,0.168507994970049,8.5122,0.5,0.0587,0.0056,0.9814
2026-07-30,short_below,7250.0,2026-09-04,36,83.1,83.6,83.35,0.171868368002074,8.3049,0.5,0.0602,0.006,0.9779
2026-07-30,wing_above,6975.0,2026-09-04,36,41.1,41.4,41.25,0.207158106649601,5.7471,0.3,0.0522,0.0073,0.9408
2026-07-30,wing_below,6950.0,2026-09-04,36,38.5,38.9,38.7,0.210326961899507,5.5247,0.4,0.0724,0.0103,0.9374
2026-07-30,short_above,7150.0,2026-09-04,36,63.9,64.2,64.05,0.185010844555672,7.4085,0.3,0.0405,0.0047,0.9644
2026-07-30,short_below,7125.0,2026-09-04,36,59.7,60.1,59.9,0.188217723908508,7.1675,0.4,0.0558,0.0067,0.961
2026-07-30,wing_above,6850.0,2026-09-04,36,30.4,30.7,30.55,0.223217931496136,4.6979,0.3,0.0639,0.0098,0.924
2026-07-30,wing_below,6800.0,2026-09-04,36,27.0,27.4,27.2,0.229818245427864,4.3279,0.4,0.0924,0.0147,0.9172
2026-07-30,short_below,7100.0,2026-09-04,36,56.1,56.6,56.35,0.19139936549955,6.9255,0.5,0.0722,0.0089,0.9577
2026-07-30,short_above,7200.0,2026-09-11,43,82.7,83.2,82.95,0.175494651706427,8.7417,0.5,0.0572,0.006,0.9712
2026-07-30,short_below,7150.0,2026-09-11,43,73.6,74.0,73.8,0.181672179195547,8.2745,0.4,0.0483,0.0054,0.9644
2026-07-30,wing_above,6850.0,2026-09-11,43,37.1,37.5,37.3,0.218054799539002,5.5116,0.4,0.0726,0.0107,0.924
2026-07-30,wing_below,6800.0,2026-09-11,43,33.5,34.0,33.75,0.224212127682291,5.1171,0.5,0.0977,0.0148,0.9172
2026-07-30,short_above,7125.0,2026-09-11,43,69.6,70.1,69.85,0.184737248451921,8.0349,0.5,0.0622,0.0072,0.961
2026-07-30,short_below,7100.0,2026-09-11,43,65.4,65.9,65.65,0.187787051114156,7.7935,0.5,0.0642,0.0076,0.9577
2026-07-30,wing_above,6800.0,2026-09-11,43,33.6,34.0,33.8,0.225865026307073,5.1171,0.4,0.0782,0.0118,0.9172
2026-07-30,wing_below,6750.0,2026-09-11,43,30.3,30.8,30.55,0.230436607980035,4.7483,0.5,0.1053,0.0164,0.9105
2026-07-30,short_above,7150.0,2026-09-11,43,73.7,74.2,73.95,0.181565636943685,8.2745,0.5,0.0604,0.0068,0.9644
2026-07-30,wing_above,6850.0,2026-09-11,43,37.5,37.9,37.7,0.218187343582908,5.5116,0.4,0.0726,0.0106,0.924
2026-07-30,wing_below,6800.0,2026-09-11,43,33.8,34.2,34.0,0.225865026307073,5.1171,0.4,0.0782,0.0118,0.9172
2026-07-30,short_above,7275.0,2026-08-21,22,70.9,71.7,71.3,0.170394012873042,6.6706,0.8,0.1199,0.0112,0.9845
2026-07-30,wing_above,7075.0,2026-08-21,22,35.9,36.3,36.1,0.19992178606143,4.7634,0.4,0.084,0.0111,0.9574
2026-07-30,wing_below,7070.0,2026-08-21,22,35.3,35.6,35.45,0.199590371522286,4.7161,0.3,0.0636,0.0085,0.9568
2026-07-30,short_above,7295.0,2026-08-21,22,77.0,77.6,77.3,0.167382644554895,6.8209,0.6,0.088,0.0078,0.9872
2026-07-30,short_below,7280.0,2026-08-21,22,73.4,74.0,73.7,0.169646040433174,6.7096,0.6,0.0894,0.0081,0.9852
2026-07-30,wing_above,7090.0,2026-08-21,22,37.8,38.3,38.05,0.197995254528304,4.9067,0.5,0.1019,0.0131,0.9595
2026-07-30,wing_below,7085.0,2026-08-21,22,37.4,37.8,37.6,0.198440079884768,4.8587,0.4,0.0823,0.0106,0.9588
2026-07-30,short_above,7225.0,2026-08-21,22,60.5,60.9,60.7,0.176267943614967,6.2416,0.4,0.0641,0.0066,0.9777
2026-07-30,short_below,7220.0,2026-08-21,22,59.7,60.2,59.95,0.178514317140109,6.1956,0.5,0.0807,0.0083,0.9771
2026-07-30,wing_above,7020.0,2026-08-21,22,30.4,30.7,30.55,0.208092042026469,4.2565,0.3,0.0705,0.0098,0.95
2026-07-30,wing_below,7010.0,2026-08-21,22,29.4,29.8,29.6,0.209583114209702,4.2656,0.4,0.0938,0.0135,0.9486
2026-07-30,wing_above,6985.0,2026-08-21,22,27.3,27.7,27.5,0.213321653688127,4.048,0.4,0.0988,0.0145,0.9453
2026-07-30,wing_below,6980.0,2026-08-21,22,26.8,27.2,27.0,0.214071502243757,4.0054,0.4,0.0999,0.0148,0.9446
2026-07-30,short_above,7330.0,2026-08-21,22,88.6,89.2,88.9,0.16194798602914,7.0805,0.6,0.0847,0.0067,0.992
2026-07-30,short_below,7325.0,2026-08-21,22,87.3,87.8,87.55,0.162739522261466,7.0553,0.5,0.0709,0.0057,0.9913
2026-07-30,wing_above,7065.0,2026-08-21,22,35.4,35.8,35.6,0.201509825462184,4.7696,0.4,0.0839,0.0112,0.9561
2026-07-31,short_above,7275.0,2026-08-21,21,66.6,67.0,66.8,0.168966883915314,6.5609,0.4,0.061,0.006,0.9834
2026-07-31,short_below,7270.0,2026-08-21,21,65.6,66.2,65.9,0.169720266158842,6.5211,0.6,0.092,0.0091,0.9827
2026-07-31,wing_above,7075.0,2026-08-21,21,33.2,33.4,33.3,0.19865728846136,4.6504,0.2,0.043,0.006,0.9564
2026-07-31,wing_below,7070.0,2026-08-21,21,32.6,33.0,32.8,0.199397473868228,4.603,0.4,0.0869,0.0122,0.9557
2026-07-31,short_above,7295.0,2026-08-21,21,71.4,72.0,71.7,0.16593275826484,6.7237,0.6,0.0892,0.0084,0.9861
2026-07-31,short_below,7280.0,2026-08-21,21,68.0,68.6,68.3,0.169630740831716,6.6358,0.6,0.0904,0.0088,0.9841
2026-07-31,wing_above,7090.0,2026-08-21,21,34.8,35.3,35.05,0.196437695430683,4.7942,0.5,0.1043,0.0143,0.9584
2026-07-31,wing_below,7085.0,2026-08-21,21,34.4,34.8,34.6,0.197177428697362,4.746,0.4,0.0843,0.0116,0.9577
2026-07-31,short_above,7225.0,2026-08-21,21,56.2,56.5,56.35,0.17645661344261,6.1453,0.3,0.0488,0.0053,0.9766
2026-07-31,short_below,7220.0,2026-08-21,21,55.2,55.7,55.45,0.177201792128307,6.0979,0.5,0.082,0.009,0.976
2026-07-31,wing_above,7020.0,2026-08-21,21,27.7,28.0,27.85,0.208655000196826,4.1439,0.3,0.0724,0.0108,0.9489
2026-07-31,wing_below,7010.0,2026-08-21,21,26.7,27.1,26.9,0.209565659487141,4.0558,0.4,0.0986,0.0149,0.9476
2026-07-31,short_below,7275.0,2026-08-21,21,67.1,67.6,67.35,0.170340528623858,6.5609,0.5,0.0762,0.0074,0.9834
2026-07-31,wing_above,6985.0,2026-08-21,21,24.5,24.9,24.7,0.212027643859338,3.842,0.4,0.1041,0.0162,0.9442
2026-07-31,short_above,7330.0,2026-08-21,21,81.0,81.6,81.3,0.160630347596033,6.9934,0.6,0.0858,0.0074,0.9913
2026-07-31,short_below,7325.0,2026-08-21,21,79.6,80.0,79.8,0.161429185911199,6.9627,0.4,0.0574,0.005,0.9906
2026-07-31,wing_above,7065.0,2026-08-21,21,31.8,32.3,32.05,0.201509825462184,4.5853,0.5,0.109,0.0156,0.9555
2026-07-31,wing_below,7060.0,2026-08-21,21,31.4,31.7,31.55,0.200911209845448,4.5382,0.3,0.0661,0.0095,0.9548
2026-07-31,short_above,7320.0,2026-08-28,28,94.3,95.0,94.65,0.163891923417205,7.9995,0.7,0.0875,0.0074,0.99
2026-07-31,wing_above,7050.0,2026-08-28,28,42.6,42.9,42.75,0.200983939168147,5.6161,0.3,0.0534,0.007,0.9534
2026-07-31,wing_below,7025.0,2026-08-28,28,39.5,40.3,39.9,0.202888783576154,5.1926,0.8,0.1541,0.0201,0.9501
2026-07-31,short_above,7290.0,2026-08-28,28,86.2,86.8,86.5,0.168194715940876,7.8001,0.6,0.0769,0.0069,0.9859
2026-07-31,short_below,7280.0,2026-08-28,28,83.6,84.2,83.9,0.169618438260739,7.7265,0.6,0.0777,0.0072,0.9845
2026-07-31,wing_above,7000.0,2026-08-28,28,36.8,37.1,36.95,0.207753854879016,5.1538,0.3,0.0582,0.0081,0.9467
2026-07-31,wing_below,6990.0,2026-08-28,28,35.5,35.9,35.7,0.209119275030665,5.0641,0.4,0.079,0.0112,0.9453
2026-07-31,short_above,7320.0,2026-08-28,28,93.5,94.2,93.85,0.164078715523797,7.9995,0.7,0.0875,0.0075,0.99
2026-07-31,wing_above,7050.0,2026-08-28,28,42.2,42.5,42.35,0.200885645746988,5.6161,0.3,0.0534,0.0071,0.9534
2026-07-31,short_above,7310.0,2026-08-28,28,90.6,91.4,91.0,0.165601673928997,7.9369,0.8,0.1008,0.0088,0.9886
2026-07-31,short_below,7300.0,2026-08-28,28,88.1,88.6,88.35,0.167667644153048,7.8703,0.5,0.0635,0.0057,0.9873
2026-07-31,wing_below,7025.0,2026-08-28,28,39.0,39.3,39.15,0.20418885236245,5.3823,0.3,0.0557,0.0077,0.9501
2026-07-31,short_above,7220.0,2026-08-28,28,68.8,69.6,69.2,0.179297201446703,7.2295,0.8,0.1107,0.0116,0.9764
2026-07-31,short_below,7210.0,2026-08-28,28,66.8,67.4,67.1,0.179405780081859,7.1397,0.6,0.084,0.0089,0.9751
2026-07-31,wing_above,6925.0,2026-08-28,28,29.5,29.8,29.65,0.218106155613484,4.4807,0.3,0.067,0.0101,0.9365
2026-07-31,wing_below,6900.0,2026-08-28,28,27.6,27.9,27.75,0.221616268859806,4.2811,0.3,0.0701,0.0108,0.9332
2026-07-31,short_above,7225.0,2026-08-31,31,73.6,74.1,73.85,0.173406668806706,7.6836,0.5,0.0651,0.0068,0.9771
2026-07-31,short_below,7220.0,2026-08-31,31,72.0,72.6,72.3,0.174083085371392,7.616,0.6,0.0788,0.0083,0.9764
2026-07-31,wing_above,6920.0,2026-08-31,31,31.1,31.5,31.3,0.213341516049494,4.7742,0.4,0.0838,0.0128,0.9359
2026-07-31,wing_below,6915.0,2026-08-31,31,30.7,31.1,30.9,0.214949130494286,4.7498,0.4,0.0842,0.0129,0.9352
2026-07-31,short_above,7230.0,2026-08-31,31,73.7,74.2,73.95,0.172469135440569,7.732,0.5,0.0647,0.0068,0.9778
2026-07-31,wing_above,6930.0,2026-08-31,31,31.8,32.2,32.0,0.211720905490196,4.8767,0.4,0.082,0.0125,0.9372
2026-07-31,wing_below,6920.0,2026-08-31,31,31.0,31.4,31.2,0.213649299537472,4.7742,0.4,0.0838,0.0128,0.9352
2026-07-31,short_above,7275.0,2026-09-04,35,93.0,93.5,93.25,0.169008507594261,8.5949,0.5,0.0582,0.0054,0.9832
2026-07-31,short_below,7250.0,2026-09-04,35,87.0,87.5,87.25,0.172398106869942,8.3981,0.5,0.0595,0.0057,0.9798
2026-07-31,wing_above,6975.0,2026-09-04,35,43.1,43.4,43.25,0.208115809280653,5.8998,0.3,0.0508,0.0069,0.9426
2026-07-31,wing_below,6950.0,2026-09-04,35,40.6,40.9,40.75,0.211313785816274,5.677,0.3,0.0528,0.0074,0.9392
2026-07-31,short_above,7150.0,2026-09-04,35,67.2,67.6,67.4,0.185691375335983,7.5423,0.4,0.053,0.0059,0.9663
2026-07-31,short_below,7125.0,2026-09-04,35,63.0,63.4,63.2,0.188941000271271,7.3069,0.4,0.0547,0.0063,0.9629
2026-07-31,wing_above,6850.0,2026-09-04,35,32.1,32.4,32.25,0.224282952834,4.8458,0.3,0.0619,0.0093,0.9257
2026-07-31,wing_below,6800.0,2026-09-04,35,28.7,29.0,28.85,0.231836273335447,4.4707,0.3,0.0671,0.0104,0.919
2026-07-31,short_below,7100.0,2026-09-04,35,59.3,59.7,59.5,0.192165714548717,7.0512,0.4,0.0567,0.0067,0.9595
2026-07-31,wing_above,6850.0,2026-09-04,35,32.2,32.5,32.35,0.226280247931913,4.8458,0.3,0.0619,0.0093,0.9257
2026-07-31,wing_below,6800.0,2026-09-04,35,28.7,29.0,28.85,0.231836273335447,4.4707,0.3,0.0671,0.0104,0.919
2026-07-31,short_above,7200.0,2026-09-11,42,86.1,86.5,86.3,0.176135910256464,8.8457,0.4,0.0452,0.0046,0.973
2026-07-31,short_below,7150.0,2026-09-11,42,76.0,76.5,76.25,0.183576252190947,8.3913,0.5,0.0596,0.0066,0.9663
2026-07-31,wing_above,6850.0,2026-09-11,42,38.6,39.0,38.8,0.219038303217122,5.6453,0.4,0.0709,0.0103,0.9257
2026-07-31,wing_below,6800.0,2026-09-11,42,34.6,35.0,34.8,0.225210258480489,5.2471,0.4,0.0762,0.0115,0.919
2026-07-31,short_above,7125.0,2026-09-11,42,71.0,71.5,71.25,0.18548381343656,8.1568,0.5,0.0613,0.007,0.9629
2026-07-31,short_below,7100.0,2026-09-11,42,67.1,67.6,67.35,0.188568577039512,7.9196,0.5,0.0631,0.0074,0.9595
2026-07-31,wing_above,6800.0,2026-09-11,42,34.6,34.9,34.75,0.225865026307073,5.2471,0.3,0.0572,0.0086,0.919
2026-07-31,wing_below,6750.0,2026-09-11,42,31.2,31.5,31.35,0.231445346186836,4.8738,0.3,0.0616,0.0096,0.9122
2026-07-31,short_above,7150.0,2026-09-11,42,75.4,75.9,75.65,0.183576252190947,8.3913,0.5,0.0596,0.0066,0.9663
2026-07-31,short_above,7275.0,2026-08-21,21,58.4,59.1,58.75,0.167417835731319,6.3934,0.7,0.1095,0.0119,0.9812
2026-07-31,short_below,7270.0,2026-08-21,21,57.0,57.7,57.35,0.168154248631297,6.3442,0.7,0.1103,0.0122,0.9806
2026-07-31,wing_above,7075.0,2026-08-21,21,28.2,28.7,28.45,0.196812364260211,4.4008,0.5,0.1136,0.0176,0.9543
2026-07-31,wing_below,7070.0,2026-08-21,21,27.7,28.0,27.85,0.197551497066955,4.3533,0.3,0.0689,0.0108,0.9536
2026-07-31,short_above,7295.0,2026-08-21,21,62.2,62.6,62.4,0.164453014341513,6.5724,0.4,0.0609,0.0064,0.9839
2026-07-31,short_below,7280.0,2026-08-21,21,58.6,59.2,58.9,0.166679833068031,6.3944,0.6,0.0938,0.0102,0.9819
2026-07-31,wing_above,7090.0,2026-08-21,21,29.4,29.8,29.6,0.194597518205766,4.545,0.4,0.088,0.0135,0.9563
2026-07-31,wing_below,7085.0,2026-08-21,21,28.8,29.1,28.95,0.195335413323384,4.4966,0.3,0.0667,0.0104,0.9556
2026-07-31,short_above,7225.0,2026-08-21,21,47.7,48.1,47.9,0.176507931801895,5.8757,0.4,0.0681,0.0084,0.9745
2026-07-31,short_below,7220.0,2026-08-21,21,46.8,47.2,47.0,0.177377902187197,5.825,0.4,0.0687,0.0085,0.9738
2026-07-31,wing_above,7020.0,2026-08-21,21,23.1,23.4,23.25,0.204978402769775,3.8976,0.3,0.077,0.0129,0.9469
2026-07-31,wing_below,7010.0,2026-08-21,21,22.2,22.5,22.35,0.206474227138642,3.811,0.3,0.0787,0.0134,0.9455
2026-07-31,short_above,7280.0,2026-08-21,21,58.2,58.6,58.4,0.167892486007151,6.3944,0.4,0.0626,0.0068,0.9819
2026-07-31,short_below,7275.0,2026-08-21,21,55.7,57.3,56.5,0.168490481089346,6.3934,1.6,0.2503,0.0283,0.9812
2026-07-31,wing_above,6985.0,2026-08-21,21,20.2,20.5,20.35,0.210233651142811,3.6014,0.3,0.0833,0.0147,0.9421
2026-07-31,wing_below,6980.0,2026-08-21,21,19.9,20.2,20.05,0.210989238757484,3.5607,0.3,0.0843,0.015,0.9415
2026-07-31,short_above,7330.0,2026-08-21,21,69.5,70.1,69.8,0.159133628486596,6.8199,0.6,0.088,0.0086,0.9887
2026-07-31,short_below,7325.0,2026-08-21,21,68.3,68.8,68.55,0.160897656645781,6.7815,0.5,0.0737,0.0073,0.988
2026-07-31,wing_above,7065.0,2026-08-21,21,26.6,27.0,26.8,0.198291125578174,4.2131,0.4,0.0949,0.0149,0.9529
2026-07-31,wing_below,7060.0,2026-08-21,21,26.2,26.5,26.35,0.199031296894958,4.1669,0.3,0.072,0.0114,0.9522
2026-07-31,short_above,7320.0,2026-08-28,28,82.9,83.4,83.15,0.162946463307755,7.8487,0.5,0.0637,0.006,0.9873
2026-07-31,short_below,7310.0,2026-08-28,28,80.3,80.8,80.55,0.165601673928997,7.9369,0.5,0.063,0.0062,0.986
2026-07-31,wing_above,7050.0,2026-08-28,28,36.5,36.9,36.7,0.199481791484792,5.2605,0.4,0.076,0.0109,0.9509
2026-07-31,wing_below,7025.0,2026-08-28,28,34.0,34.3,34.15,0.20418885236245,5.3823,0.3,0.0557,0.0088,0.9475
2026-07-31,short_above,7290.0,2026-08-28,28,75.6,76.2,75.9,0.167073842100699,7.6155,0.6,0.0788,0.0079,0.9833
2026-07-31,short_below,7280.0,2026-08-28,28,73.4,73.8,73.6,0.168441028788673,7.4925,0.4,0.0534,0.0054,0.9819
2026-07-31,wing_above,7000.0,2026-08-28,28,31.7,32.0,31.85,0.20764626982681,4.8037,0.3,0.0625,0.0094,0.9442
2026-07-31,short_above,7320.0,2026-08-28,28,83.0,83.5,83.25,0.164078715523797,7.8487,0.5,0.0637,0.006,0.9873
2026-07-31,wing_below,7025.0,2026-08-28,28,34.0,34.3,34.15,0.20418885236245,5.0286,0.3,0.0597,0.0088,0.9465
2026-07-31,short_above,7310.0,2026-08-28,28,80.3,80.8,80.55,0.164326896336858,7.7402,0.5,0.0646,0.0062,0.985
2026-07-31,short_below,7300.0,2026-08-28,28,77.8,78.3,78.05,0.165282930684701,7.6605,0.5,0.0653,0.0064,0.9836
2026-07-31,wing_below,7025.0,2026-08-28,28,33.8,34.0,33.9,0.20418885236245,5.0286,0.2,0.0398,0.0059,0.9465
2026-07-31,short_above,7220.0,2026-08-28,28,60.3,60.6,60.45,0.176150740422542,6.9386,0.3,0.0432,0.005,0.9728
2026-07-31,short_below,7210.0,2026-08-28,28,58.4,58.8,58.6,0.177499652772948,6.8414,0.4,0.0585,0.0068,0.9715
2026-07-31,wing_above,6925.0,2026-08-28,28,25.4,25.8,25.6,0.216413286559671,4.1759,0.4,0.0958,0.0156,0.9331
2026-07-31,wing_below,6900.0,2026-08-28,28,23.8,24.1,23.95,0.219946154020735,3.9635,0.3,0.0757,0.0125,0.9297
2026-07-31,short_above,7225.0,2026-08-31,31,64.5,64.9,64.7,0.171577222865082,7.3978,0.4,0.0541,0.0062,0.9735
2026-07-31,short_below,7220.0,2026-08-31,31,63.4,63.8,63.6,0.172240504921129,7.3489,0.4,0.0544,0.0063,0.9728
2026-07-31,wing_above,6920.0,2026-08-31,31,27.2,27.6,27.4,0.213649299537472,4.471,0.4,0.0895,0.0146,0.9324
2026-07-31,wing_below,6915.0,2026-08-31,31,26.9,27.3,27.1,0.212162880583913,4.4125,0.4,0.0907,0.0148,0.9317
2026-07-31,short_above,7230.0,2026-08-31,31,65.3,65.7,65.5,0.170913054291543,7.435,0.4,0.0538,0.0061,0.9742
2026-07-31,short_below,7225.0,2026-08-31,31,64.3,64.8,64.55,0.172900531948825,7.3978,0.5,0.0676,0.0077,0.9735
2026-07-31,wing_above,6930.0,2026-08-31,31,27.9,28.3,28.1,0.210154641716952,4.535,0.4,0.0882,0.0142,0.9337
2026-07-31,wing_below,6920.0,2026-08-31,31,27.3,27.6,27.45,0.213649299537472,4.471,0.3,0.0671,0.0109,0.9324
2026-07-31,short_above,7275.0,2026-09-04,35,83.7,84.2,83.95,0.167932334514262,8.3863,0.5,0.0596,0.006,0.9802
2026-07-31,short_below,7250.0,2026-09-04,35,78.3,78.8,78.55,0.171240005549239,8.1678,0.5,0.0612,0.0064,0.9769
2026-07-31,wing_above,6975.0,2026-09-04,35,38.4,38.7,38.55,0.206495685422399,5.5566,0.3,0.054,0.0078,0.9398
2026-07-31,wing_below,6950.0,2026-09-04,35,36.0,36.4,36.2,0.209699174894719,5.3367,0.4,0.075,0.011,0.9364
2026-07-31,short_above,7150.0,2026-09-04,35,59.9,60.3,60.1,0.185219241349373,7.226,0.4,0.0554,0.0067,0.9634
2026-07-31,short_below,7125.0,2026-09-04,35,56.0,56.4,56.2,0.188066895288749,6.9804,0.4,0.0573,0.0071,0.96
2026-07-31,wing_above,6850.0,2026-09-04,35,28.4,28.7,28.55,0.222713779747857,4.5266,0.3,0.0663,0.0105,0.923
2026-07-31,wing_below,6800.0,2026-09-04,35,25.5,25.7,25.6,0.229355928266331,4.1653,0.2,0.048,0.0078,0.9162
2026-07-31,short_above,7125.0,2026-09-04,35,56.3,56.7,56.5,0.188821673432453,6.9804,0.4,0.0573,0.0071,0.96
2026-07-31,short_below,7100.0,2026-09-04,35,52.8,53.2,53.0,0.190621958056829,6.7352,0.4,0.0594,0.0075,0.9567
2026-07-31,wing_below,6800.0,2026-09-04,35,25.5,25.8,25.65,0.231836273335447,4.1653,0.3,0.072,0.0117,0.9162
2026-07-31,short_above,7200.0,2026-09-11,42,78.2,78.6,78.4,0.175313568937538,8.5865,0.4,0.0466,0.0051,0.9701
2026-07-31,short_below,7150.0,2026-09-11,42,69.3,69.7,69.5,0.181714088807182,8.1062,0.4,0.0493,0.0058,0.9634
2026-07-31,wing_above,6850.0,2026-09-11,42,35.0,35.3,35.15,0.217643327660009,5.339,0.3,0.0562,0.0085,0.923
2026-07-31,wing_below,6800.0,2026-09-11,42,31.6,31.9,31.75,0.224119037236583,4.9692,0.3,0.0604,0.0094,0.9162
2026-07-31,short_above,7125.0,2026-09-11,42,65.3,65.7,65.5,0.185063145187249,7.8726,0.4,0.0508,0.0061,0.9599
2026-07-31,short_below,7100.0,2026-09-11,42,61.6,62.0,61.8,0.190679344790048,7.6281,0.4,0.0524,0.0065,0.9565
2026-07-31,wing_above,6800.0,2026-09-11,42,31.6,32.0,31.8,0.225865026307073,4.9692,0.4,0.0805,0.0126,0.9161
2026-07-31,wing_below,6750.0,2026-09-11,42,28.6,28.9,28.75,0.230381126700983,4.608,0.3,0.0651,0.0104,0.9094
2026-07-31,short_above,7150.0,2026-09-11,42,69.3,69.8,69.55,0.181714088807182,8.1062,0.5,0.0617,0.0072,0.9633
2026-07-31,short_below,7125.0,2026-09-11,42,65.3,65.7,65.5,0.185063145187249,7.8726,0.4,0.0508,0.0061,0.9599
2026-07-31,wing_below,6800.0,2026-09-11,42,31.6,31.9,31.75,0.225865026307073,4.9692,0.3,0.0604,0.0094,0.9161
2026-07-31,short_above,7275.0,2026-08-21,21,56.4,56.8,56.6,0.166944685978544,6.3004,0.4,0.0635,0.0071,0.9801
2026-07-31,short_below,7270.0,2026-08-21,21,55.2,55.6,55.4,0.167679619233827,6.2523,0.4,0.064,0.0072,0.9794
2026-07-31,wing_above,7075.0,2026-08-21,21,27.2,27.5,27.35,0.196175159139891,4.2878,0.3,0.07,0.011,0.9532
2026-07-31,wing_below,7070.0,2026-08-21,21,26.6,26.9,26.75,0.196915319443446,4.2408,0.3,0.0707,0.0112,0.9525
2026-07-31,short_above,7295.0,2026-08-21,21,60.1,60.4,60.25,0.163974994693423,6.4868,0.3,0.0462,0.005,0.9828
2026-07-31,short_below,7280.0,2026-08-21,21,56.8,57.2,57.0,0.165997895239333,6.3479,0.4,0.063,0.007,0.9807
2026-07-31,wing_above,7090.0,2026-08-21,21,28.5,28.8,28.65,0.193836326957147,4.4306,0.3,0.0677,0.0105,0.9551
2026-07-31,wing_below,7085.0,2026-08-21,21,28.0,28.3,28.15,0.194575053135973,4.3827,0.3,0.0685,0.0107,0.9544
2026-07-31,short_above,7225.0,2026-08-21,21,46.4,46.7,46.55,0.174061254461304,5.8034,0.3,0.0517,0.0064,0.9732
2026-07-31,short_below,7220.0,2026-08-21,21,45.5,45.8,45.65,0.174791512216917,5.7519,0.3,0.0522,0.0066,0.9726
2026-07-31,wing_above,7020.0,2026-08-21,21,22.4,22.7,22.55,0.206304614285358,3.792,0.3,0.0791,0.0133,0.9456
2026-07-31,wing_below,7010.0,2026-08-21,21,21.7,22.0,21.85,0.205801663747854,3.7069,0.3,0.0809,0.0137,0.9443
2026-07-31,short_above,7280.0,2026-08-21,21,56.7,57.1,56.9,0.166205378104579,6.3479,0.4,0.063,0.007,0.9807
2026-07-31,short_below,7275.0,2026-08-21,21,55.7,56.0,55.85,0.166697677152337,6.3004,0.3,0.0476,0.0054,0.98
2026-07-31,wing_above,6985.0,2026-08-21,21,19.9,20.2,20.05,0.209616917357949,3.5016,0.3,0.0857,0.015,0.9409
2026-07-31,wing_below,6980.0,2026-08-21,21,19.6,19.8,19.7,0.211776503000026,3.4618,0.2,0.0578,0.0102,0.9402
2026-07-31,short_above,7330.0,2026-08-21,21,68.3,68.7,68.5,0.158472532861394,6.7637,0.4,0.0591,0.0058,0.9874
2026-07-31,short_below,7325.0,2026-08-21,21,67.1,67.4,67.25,0.15915567882306,6.7233,0.3,0.0446,0.0045,0.9867
2026-07-31,wing_above,7065.0,2026-08-21,21,26.2,26.5,26.35,0.199419720027473,4.1577,0.3,0.0722,0.0114,0.9517
2026-07-31,wing_below,7060.0,2026-08-21,21,25.7,26.0,25.85,0.200133008395355,4.1117,0.3,0.073,0.0116,0.951
2026-07-31,short_above,7320.0,2026-08-28,28,82.1,82.5,82.3,0.162634139407937,7.8046,0.4,0.0513,0.0049,0.986
2026-07-31,wing_above,7050.0,2026-08-28,28,36.2,36.5,36.35,0.199343741333908,5.2202,0.3,0.0575,0.0083,0.9497
2026-07-31,wing_below,7025.0,2026-08-28,28,33.6,33.9,33.75,0.202529699873255,5.0286,0.3,0.0597,0.0089,0.9463
2026-07-31,short_above,7290.0,2026-08-28,28,74.7,75.1,74.9,0.167519914223076,7.5389,0.4,0.0531,0.0053,0.982
2026-07-31,short_below,7280.0,2026-08-28,28,72.3,72.6,72.45,0.168301646093407,7.4525,0.3,0.0403,0.0041,0.9807
2026-07-31,wing_above,7000.0,2026-08-28,28,31.3,31.5,31.4,0.206088898656327,4.7629,0.2,0.042,0.0064,0.9429
2026-07-31,wing_below,6990.0,2026-08-28,28,30.3,30.6,30.45,0.207451162741022,4.675,0.3,0.0642,0.0099,0.9416
2026-07-31,short_below,7310.0,2026-08-28,28,79.2,79.6,79.4,0.163934762993857,7.7402,0.4,0.0517,0.005,0.9847
2026-07-31,wing_above,7050.0,2026-08-28,28,36.0,36.3,36.15,0.200885645746988,5.2202,0.3,0.0575,0.0083,0.9497
2026-07-31,short_above,7310.0,2026-08-28,28,79.2,79.5,79.35,0.163934762993857,7.7039,0.3,0.0389,0.0038,0.9847
2026-07-31,short_below,7300.0,2026-08-28,28,76.8,77.1,76.95,0.166627090139818,7.6228,0.3,0.0394,0.0039,0.9834
2026-07-31,wing_below,7025.0,2026-08-28,28,33.5,33.7,33.6,0.20270312530578,4.988,0.2,0.0401,0.006,0.9463
2026-07-31,short_above,7220.0,2026-08-28,28,59.8,60.0,59.9,0.176660503715265,6.8948,0.2,0.029,0.0033,0.9726
2026-07-31,short_below,7210.0,2026-08-28,28,57.9,58.3,58.1,0.177795831997792,6.7973,0.4,0.0588,0.0069,0.9712
2026-07-31,wing_above,6925.0,2026-08-28,28,25.3,25.5,25.4,0.216549086409303,4.1359,0.2,0.0484,0.0079,0.9326
2026-07-31,wing_below,6900.0,2026-08-28,28,23.7,24.0,23.85,0.220102781862512,3.9439,0.3,0.0761,0.0126,0.9292
2026-07-31,short_above,7225.0,2026-08-31,31,63.9,64.3,64.1,0.171575344606322,7.3477,0.4,0.0544,0.0062,0.973
2026-07-31,short_below,7220.0,2026-08-31,31,63.1,63.4,63.25,0.172232701109194,7.2989,0.3,0.0411,0.0047,0.9723
2026-07-31,wing_above,6920.0,2026-08-31,31,27.1,27.4,27.25,0.211620611874407,4.4402,0.3,0.0676,0.011,0.9319
2026-07-31,wing_below,6915.0,2026-08-31,31,26.7,27.0,26.85,0.212734428864145,4.39,0.3,0.0683,0.0112,0.9312
2026-07-31,short_above,7230.0,2026-08-31,31,64.9,65.3,65.1,0.170917143742353,7.3887,0.4,0.0541,0.0061,0.9736
2026-07-31,wing_above,6930.0,2026-08-31,31,27.7,28.1,27.9,0.211161907677156,4.5116,0.4,0.0887,0.0143,0.9332
2026-07-31,wing_below,6920.0,2026-08-31,31,27.0,27.3,27.15,0.213649299537472,4.4402,0.3,0.0676,0.011,0.9319
2026-07-31,short_above,7275.0,2026-09-04,35,83.2,83.7,83.45,0.1688014103037,8.3776,0.5,0.0597,0.006,0.9797
2026-07-31,short_below,7250.0,2026-09-04,35,77.8,78.2,78.0,0.171309484640421,8.1586,0.4,0.049,0.0051,0.9763
2026-07-31,wing_above,6975.0,2026-09-04,35,38.1,38.4,38.25,0.20668067297322,5.5345,0.3,0.0542,0.0078,0.9393
2026-07-31,wing_below,6950.0,2026-09-04,35,35.8,36.1,35.95,0.209888846106646,5.3152,0.3,0.0564,0.0083,0.9359
2026-07-31,short_above,7150.0,2026-09-04,35,59.7,60.0,59.85,0.184360187262448,7.2015,0.3,0.0417,0.005,0.9629
2026-07-31,short_below,7125.0,2026-09-04,35,55.9,56.2,56.05,0.187570999056788,6.956,0.3,0.0431,0.0054,0.9595
2026-07-31,wing_below,6800.0,2026-09-04,35,25.2,25.5,25.35,0.229605573578418,4.1486,0.3,0.0723,0.0118,0.9157
2026-07-31,short_below,7100.0,2026-09-04,35,52.2,52.5,52.35,0.190765904358098,6.711,0.3,0.0447,0.0057,0.9561
2026-07-31,wing_above,6850.0,2026-09-04,35,28.2,28.5,28.35,0.223953515934834,4.508,0.3,0.0665,0.0106,0.9225
2026-07-31,wing_below,6800.0,2026-09-04,35,25.2,25.4,25.3,0.231836273335447,4.1486,0.2,0.0482,0.0079,0.9157
2026-07-31,short_above,7200.0,2026-09-11,42,77.1,77.5,77.3,0.175273678979556,8.5621,0.4,0.0467,0.0052,0.9696
2026-07-31,short_below,7150.0,2026-09-11,42,68.3,68.7,68.5,0.181714088807182,8.0807,0.4,0.0495,0.0058,0.9629
2026-07-31,wing_above,6850.0,2026-09-11,42,34.5,34.8,34.65,0.217700149682757,5.3161,0.3,0.0564,0.0087,0.9225
2026-07-31,wing_below,6800.0,2026-09-11,42,31.1,31.4,31.25,0.225865026307073,4.9211,0.3,0.061,0.0096,0.9157
2026-07-31,short_above,7125.0,2026-09-11,42,64.4,64.8,64.6,0.184437403800904,7.8265,0.4,0.0511,0.0062,0.9595
2026-07-31,short_below,7100.0,2026-09-11,42,60.7,61.1,60.9,0.187464425150136,7.581,0.4,0.0528,0.0066,0.9561
2026-07-31,wing_above,6800.0,2026-09-11,42,31.1,31.4,31.25,0.225865026307073,4.9211,0.3,0.061,0.0096,0.9157
2026-07-31,wing_below,6750.0,2026-09-11,42,28.1,28.4,28.25,0.230146658045312,4.5617,0.3,0.0658,0.0106,0.909
2026-07-31,short_above,7150.0,2026-09-11,42,68.5,68.8,68.65,0.181714088807182,8.0807,0.3,0.0371,0.0044,0.9629
2026-07-31,short_below,7125.0,2026-09-11,42,64.5,64.8,64.65,0.185063145187249,7.8265,0.3,0.0383,0.0046,0.9595
2026-07-31,short_above,7275.0,2026-08-21,21,52.7,53.1,52.9,0.165218237241885,6.194,0.4,0.0646,0.0076,0.979
2026-07-31,short_below,7270.0,2026-08-21,21,51.7,52.0,51.85,0.165949049061143,6.1441,0.3,0.0488,0.0058,0.9783
2026-07-31,wing_above,7075.0,2026-08-21,21,25.2,25.5,25.35,0.194324535523431,4.1322,0.3,0.0726,0.0118,0.9521
2026-07-31,wing_below,7070.0,2026-08-21,21,24.8,25.1,24.95,0.195242062408335,4.0855,0.3,0.0734,0.012,0.9514
2026-07-31,short_above,7295.0,2026-08-21,21,56.7,57.1,56.9,0.162518678239937,6.3889,0.4,0.0626,0.007,0.9817
2026-07-31,short_below,7280.0,2026-08-21,21,53.6,54.0,53.8,0.164485951995644,6.2436,0.4,0.0641,0.0074,0.9797
2026-07-31,wing_above,7090.0,2026-08-21,21,26.6,26.9,26.75,0.192107549102759,4.2745,0.3,0.0702,0.0112,0.9541
2026-07-31,wing_below,7085.0,2026-08-21,21,25.9,26.3,26.1,0.194368971903794,4.2266,0.4,0.0946,0.0153,0.9535
2026-07-31,short_above,7225.0,2026-08-21,21,43.2,43.6,43.4,0.174535060877778,5.6581,0.4,0.0707,0.0092,0.9723
2026-07-31,short_below,7220.0,2026-08-21,21,42.5,42.9,42.7,0.173205075329034,5.6052,0.4,0.0714,0.0094,0.9716
2026-07-31,wing_above,7020.0,2026-08-21,21,20.7,21.0,20.85,0.202557850476652,3.6416,0.3,0.0824,0.0144,0.9447
2026-07-31,wing_below,7010.0,2026-08-21,21,20.0,20.3,20.15,0.204073478759725,3.558,0.3,0.0843,0.0149,0.9434
2026-07-31,short_above,7280.0,2026-08-21,21,53.4,53.8,53.6,0.164414676179955,6.2436,0.4,0.0641,0.0075,0.9797
2026-07-31,short_below,7275.0,2026-08-21,21,52.3,52.6,52.45,0.166697677152337,6.194,0.3,0.0484,0.0057,0.979
2026-07-31,wing_above,6985.0,2026-08-21,21,18.5,18.8,18.65,0.207888234374974,3.3565,0.3,0.0894,0.0161,0.94
2026-07-31,wing_below,6980.0,2026-08-21,21,18.1,18.4,18.25,0.208655600108095,3.3175,0.3,0.0904,0.0164,0.9393
2026-07-31,short_above,7330.0,2026-08-21,21,64.6,65.0,64.8,0.15704040417789,6.6805,0.4,0.0599,0.0062,0.9864
2026-07-31,short_below,7325.0,2026-08-21,21,63.4,63.7,63.55,0.157798496335766,6.6374,0.3,0.0452,0.0047,0.9857
2026-07-31,wing_above,7065.0,2026-08-21,21,24.2,24.5,24.35,0.195808971840834,4.0164,0.3,0.0747,0.0123,0.9508
2026-07-31,wing_below,7060.0,2026-08-21,21,23.6,23.9,23.75,0.196811504229461,3.9707,0.3,0.0756,0.0126,0.9499
2026-07-31,short_above,7320.0,2026-08-28,28,77.9,78.4,78.15,0.161639765881462,7.7187,0.5,0.0648,0.0064,0.9849
2026-07-31,short_below,7310.0,2026-08-28,28,75.5,75.8,75.65,0.163934762993857,7.7039,0.3,0.0389,0.004,0.9835
2026-07-31,wing_above,7050.0,2026-08-28,28,34.0,34.3,34.15,0.198233232161528,5.093,0.3,0.0589,0.0088,0.9485
2026-07-31,wing_below,7025.0,2026-08-28,28,31.6,31.9,31.75,0.20418885236245,4.988,0.3,0.0601,0.0094,0.9452
2026-07-31,short_above,7290.0,2026-08-28,28,70.8,71.2,71.0,0.165871309844592,7.4651,0.4,0.0536,0.0056,0.9808
2026-07-31,short_below,7280.0,2026-08-28,28,68.6,69.0,68.8,0.167276357491046,7.3755,0.4,0.0542,0.0058,0.9795
2026-07-31,wing_above,7000.0,2026-08-28,28,29.4,29.7,29.55,0.204975308762538,4.6369,0.3,0.0647,0.0102,0.9418
2026-07-31,wing_below,6990.0,2026-08-28,28,27.7,28.9,28.3,0.207392097141334,4.5495,1.2,0.2638,0.0424,0.9405
2026-07-31,short_above,7320.0,2026-08-28,28,77.6,78.0,77.8,0.162413723265499,7.7187,0.4,0.0518,0.0051,0.9849
2026-07-31,wing_above,7050.0,2026-08-28,28,33.9,34.2,34.05,0.198153732174167,5.093,0.3,0.0589,0.0088,0.9485
2026-07-31,wing_below,7025.0,2026-08-28,28,31.5,31.9,31.7,0.20418885236245,4.988,0.4,0.0802,0.0126,0.9452
2026-07-31,short_above,7310.0,2026-08-28,28,75.3,75.7,75.5,0.163051551973275,7.6175,0.4,0.0525,0.0053,0.9835
2026-07-31,short_below,7300.0,2026-08-28,28,72.9,73.3,73.1,0.164462562516117,7.532,0.4,0.0531,0.0055,0.9822
2026-07-31,wing_below,7025.0,2026-08-28,28,31.5,31.8,31.65,0.201189003818537,4.8611,0.3,0.0617,0.0095,0.9452
2026-07-31,short_above,7220.0,2026-08-28,28,56.7,57.2,56.95,0.175213386373305,6.7772,0.5,0.0738,0.0088,0.9714
2026-07-31,short_below,7210.0,2026-08-28,28,55.0,55.4,55.2,0.176930033043645,6.6772,0.4,0.0599,0.0072,0.9701
2026-07-31,wing_above,6925.0,2026-08-28,28,23.8,24.1,23.95,0.215304564466606,4.0147,0.3,0.0747,0.0125,0.9317
2026-07-31,wing_below,6900.0,2026-08-28,28,22.3,22.5,22.4,0.217979507520279,3.8249,0.2,0.0523,0.0089,0.9283
2026-07-31,short_above,7225.0,2026-08-31,31,60.8,61.2,61.0,0.17083157777625,7.2348,0.4,0.0553,0.0066,0.9721
2026-07-31,short_below,7220.0,2026-08-31,31,59.9,60.2,60.05,0.171489030924116,7.187,0.3,0.0417,0.005,0.9714
2026-07-31,wing_above,6920.0,2026-08-31,31,25.5,25.8,25.65,0.211385937988645,4.324,0.3,0.0694,0.0117,0.931
2026-07-31,wing_below,6915.0,2026-08-31,31,25.2,25.5,25.35,0.211389148027055,4.2691,0.3,0.0703,0.0118,0.9304
2026-07-31,short_above,7230.0,2026-08-31,31,61.6,61.9,61.75,0.170173041926479,7.2824,0.3,0.0412,0.0049,0.9727
2026-07-31,short_below,7225.0,2026-08-31,31,60.6,60.9,60.75,0.171157553325101,7.2348,0.3,0.0415,0.0049,0.9721
2026-07-31,wing_above,6930.0,2026-08-31,31,26.1,26.4,26.25,0.209360714009843,4.3894,0.3,0.0683,0.0114,0.9324
2026-07-31,wing_below,6920.0,2026-08-31,31,25.4,25.7,25.55,0.211385937988645,4.324,0.3,0.0694,0.0117,0.931
2026-07-31,short_above,7275.0,2026-09-04,35,79.4,79.8,79.6,0.1688014103037,8.2876,0.4,0.0483,0.005,0.9788
2026-07-31,short_below,7250.0,2026-09-04,35,74.2,74.6,74.4,0.170753449223327,8.0608,0.4,0.0496,0.0054,0.9754
2026-07-31,wing_above,6975.0,2026-09-04,35,36.0,36.4,36.2,0.205790685596791,5.41,0.4,0.0739,0.011,0.9384
2026-07-31,wing_below,6950.0,2026-09-04,35,33.9,34.2,34.05,0.209037705854554,5.193,0.3,0.0578,0.0088,0.9351
2026-07-31,short_above,7150.0,2026-09-04,35,56.5,56.8,56.65,0.187291845224161,7.0831,0.3,0.0424,0.0053,0.962
2026-07-31,short_below,7125.0,2026-09-04,35,52.9,53.2,53.05,0.186657405584396,6.8339,0.3,0.0439,0.0057,0.9586
2026-07-31,wing_above,6850.0,2026-09-04,35,26.7,27.0,26.85,0.221963718774824,4.3975,0.3,0.0682,0.0112,0.9216
2026-07-31,wing_below,6800.0,2026-09-04,35,23.8,24.2,24.0,0.22867923247488,4.0444,0.4,0.0989,0.0167,0.9146
2026-07-31,short_below,7100.0,2026-09-04,35,49.2,49.5,49.35,0.189598109559593,6.5861,0.3,0.0456,0.0061,0.9549
2026-07-31,wing_below,6800.0,2026-09-04,35,23.7,24.0,23.85,0.229507794467731,4.0444,0.3,0.0742,0.0126,0.9146
2026-07-31,short_above,7200.0,2026-09-11,42,73.7,74.1,73.9,0.175893887707667,8.4601,0.4,0.0473,0.0054,0.9684
2026-07-31,short_below,7150.0,2026-09-11,42,65.2,65.6,65.4,0.18046133415563,7.971,0.4,0.0502,0.0061,0.9616
2026-07-31,wing_above,6850.0,2026-09-11,42,32.8,33.1,32.95,0.21696887196545,5.2103,0.3,0.0576,0.0091,0.9213
2026-07-31,wing_below,6800.0,2026-09-11,42,29.6,30.0,29.8,0.223161622545697,4.8286,0.4,0.0828,0.0134,0.9146
2026-07-31,short_above,7125.0,2026-09-11,42,61.5,61.9,61.7,0.183519632386672,7.7236,0.4,0.0518,0.0065,0.9583
2026-07-31,short_below,7100.0,2026-09-11,42,58.0,58.4,58.2,0.186568912821271,7.4559,0.4,0.0536,0.0069,0.9549
2026-07-31,wing_below,6750.0,2026-09-11,42,26.8,27.1,26.95,0.229427756764243,4.4527,0.3,0.0674,0.0111,0.9078
2026-07-31,short_above,7150.0,2026-09-11,42,65.3,65.8,65.55,0.181714088807182,7.971,0.5,0.0627,0.0076,0.9616
2026-07-31,wing_above,6850.0,2026-09-11,42,32.9,33.2,33.05,0.21848517759419,5.2103,0.3,0.0576,0.0091,0.9213
2026-07-31,short_above,7125.0,2026-08-07,7,6.4,6.6,6.5,0.198358327439353,1.484,0.2,0.1348,0.0308,0.958
2026-07-31,short_below,7100.0,2026-08-07,7,5.5,5.7,5.6,0.203200333497032,1.3139,0.2,0.1522,0.0357,0.9547
2026-07-31,wing_above,6925.0,2026-08-07,7,2.1,2.25,2.175,0.243944107208263,0.6165,0.15,0.2433,0.069,0.9311
2026-07-31,wing_below,6900.0,2026-08-07,7,1.9,2.0,1.95,0.250489536803701,0.5625,0.1,0.1778,0.0513,0.9278
2026-07-31,short_above,7275.0,2026-08-21,21,51.2,51.6,51.4,0.164709100775,6.1313,0.4,0.0652,0.0078,0.9782
2026-07-31,short_below,7270.0,2026-08-21,21,50.0,50.6,50.3,0.165407669604561,6.0799,0.6,0.0987,0.0119,0.9779
2026-07-31,wing_above,7075.0,2026-08-21,21,24.1,24.4,24.25,0.193022391012051,4.0216,0.3,0.0746,0.0124,0.9517
2026-07-31,wing_below,7070.0,2026-08-21,21,23.0,24.0,23.5,0.19378978437697,3.9748,1.0,0.2516,0.0426,0.951
2026-07-31,short_above,7295.0,2026-08-21,21,54.8,55.2,55.0,0.161894181210124,6.3318,0.4,0.0632,0.0073,0.9813
2026-07-31,short_below,7280.0,2026-08-21,21,51.4,52.0,51.7,0.164008846462511,6.1822,0.6,0.0971,0.0116,0.9793
2026-07-31,wing_above,7090.0,2026-08-21,21,25.1,25.5,25.3,0.190867266065197,4.1643,0.4,0.0961,0.0158,0.9537
2026-07-31,wing_below,7085.0,2026-08-21,21,24.6,25.0,24.8,0.191595922695537,4.1163,0.4,0.0972,0.0161,0.953
2026-07-31,short_above,7225.0,2026-08-21,21,41.6,42.0,41.8,0.171666073384961,5.5953,0.4,0.0715,0.0096,0.9719
2026-07-31,short_below,7220.0,2026-08-21,21,40.7,41.1,40.9,0.172362271279013,5.5415,0.4,0.0722,0.0098,0.9712
2026-07-31,wing_above,7020.0,2026-08-21,21,19.5,19.8,19.65,0.201198010004772,3.537,0.3,0.0848,0.0153,0.9443
2026-07-31,wing_below,7010.0,2026-08-21,21,18.9,19.2,19.05,0.202699664358907,3.4539,0.3,0.0869,0.0157,0.9429
2026-07-31,short_above,7280.0,2026-08-21,21,51.6,51.9,51.75,0.164414676179955,6.1822,0.3,0.0485,0.0058,0.9793
2026-07-31,wing_above,6985.0,2026-08-21,21,17.4,17.8,17.6,0.206487087765499,3.2541,0.4,0.1229,0.0227,0.9396
2026-07-31,wing_below,6980.0,2026-08-21,21,17.1,17.4,17.25,0.207250551960878,3.2156,0.3,0.0933,0.0174,0.9389
2026-07-31,short_above,7330.0,2026-08-21,21,62.6,63.0,62.8,0.156818901370197,6.6562,0.4,0.0601,0.0064,0.986
2026-07-31,short_below,7325.0,2026-08-21,21,61.4,61.8,61.6,0.157560702145172,6.6124,0.4,0.0605,0.0065,0.9853
2026-07-31,wing_above,7065.0,2026-08-21,21,22.9,23.2,23.05,0.195171156223226,3.9333,0.3,0.0763,0.013,0.9503
2026-07-31,wing_below,7060.0,2026-08-21,21,22.5,22.8,22.65,0.195901026316006,3.8875,0.3,0.0772,0.0132,0.9497
2026-07-31,short_above,7320.0,2026-08-28,28,76.2,76.7,76.45,0.160696907318522,7.6724,0.5,0.0652,0.0065,0.9846
2026-07-31,wing_above,7050.0,2026-08-28,28,32.7,33.0,32.85,0.196847837260247,5.01,0.3,0.0599,0.0091,0.9483
2026-07-31,wing_below,7025.0,2026-08-28,28,30.3,30.7,30.5,0.201189003818537,4.8611,0.4,0.0823,0.0131,0.945
2026-07-31,short_above,7290.0,2026-08-28,28,69.0,69.4,69.2,0.165257505595023,7.411,0.4,0.054,0.0058,0.9806
2026-07-31,short_below,7280.0,2026-08-28,28,66.5,66.9,66.7,0.166608335217509,7.3189,0.4,0.0547,0.006,0.9793
2026-07-31,wing_above,7000.0,2026-08-28,28,28.0,28.3,28.15,0.203506966876068,4.5524,0.3,0.0659,0.0107,0.9416
2026-07-31,wing_below,6990.0,2026-08-28,28,26.9,27.4,27.15,0.204852878012114,4.4649,0.5,0.112,0.0184,0.9403
2026-07-31,short_above,7320.0,2026-08-28,28,75.2,75.6,75.4,0.160696907318522,7.6724,0.4,0.0521,0.0053,0.9846
2026-07-31,short_below,7310.0,2026-08-28,28,73.0,73.4,73.2,0.163934762993857,7.6175,0.4,0.0525,0.0055,0.9833
2026-07-31,wing_above,7050.0,2026-08-28,28,32.4,32.6,32.5,0.198153732174167,5.01,0.2,0.0399,0.0062,0.9483
2026-07-31,wing_below,7025.0,2026-08-28,28,30.0,30.4,30.2,0.201189003818537,4.7772,0.4,0.0837,0.0132,0.945
2026-07-31,short_below,7300.0,2026-08-28,28,70.7,71.2,70.95,0.166627090139818,7.5008,0.5,0.0667,0.007,0.9814
2026-07-31,wing_below,7025.0,2026-08-28,28,30.0,30.4,30.2,0.201189003818537,4.7638,0.4,0.084,0.0132,0.9444
2026-07-31,short_above,7220.0,2026-08-28,28,54.7,55.2,54.95,0.174377354704588,6.7314,0.5,0.0743,0.0091,0.9706
2026-07-31,short_below,7210.0,2026-08-28,28,52.8,53.4,53.1,0.17916006884457,6.6296,0.6,0.0905,0.0113,0.9693
2026-07-31,wing_above,6925.0,2026-08-28,28,22.6,22.9,22.75,0.2135442084775,3.9196,0.3,0.0765,0.0132,0.9309
2026-07-31,wing_below,6900.0,2026-08-28,28,21.1,21.4,21.25,0.217032004260447,3.7311,0.3,0.0804,0.0141,0.9276
2026-07-31,short_above,7225.0,2026-08-31,31,58.9,59.3,59.1,0.16924960276153,7.1869,0.4,0.0557,0.0068,0.9713
2026-07-31,short_below,7220.0,2026-08-31,31,58.0,58.4,58.2,0.169897477483207,7.1185,0.4,0.0562,0.0069,0.9706
2026-07-31,wing_above,6920.0,2026-08-31,31,24.4,24.7,24.55,0.209155440537172,4.2244,0.3,0.071,0.0122,0.9303
2026-07-31,wing_below,6915.0,2026-08-31,31,24.1,24.4,24.25,0.209835823021698,4.1864,0.3,0.0717,0.0124,0.9296
2026-07-31,short_above,7230.0,2026-08-31,31,59.8,60.3,60.05,0.168601262720825,7.2153,0.5,0.0693,0.0083,0.9719
2026-07-31,short_below,7225.0,2026-08-31,31,58.8,59.3,59.05,0.171157553325101,7.1869,0.5,0.0696,0.0085,0.9713
2026-07-31,wing_above,6930.0,2026-08-31,31,25.0,25.3,25.15,0.207798314575526,4.3058,0.3,0.0697,0.0119,0.9316
2026-07-31,short_above,7275.0,2026-09-04,35,77.3,77.7,77.5,0.165929378384851,8.2383,0.4,0.0486,0.0052,0.978
2026-07-31,short_below,7250.0,2026-09-04,35,72.0,72.5,72.25,0.169160906913204,8.0063,0.5,0.0625,0.0069,0.9746
2026-07-31,wing_above,6975.0,2026-09-04,35,34.7,35.1,34.9,0.204108443691622,5.3228,0.4,0.0751,0.0115,0.9377
2026-07-31,wing_below,6950.0,2026-09-04,35,32.5,32.9,32.7,0.207354001970039,5.1057,0.4,0.0783,0.0122,0.9343
2026-07-31,short_above,7150.0,2026-09-04,35,54.7,55.1,54.9,0.187291845224161,7.0086,0.4,0.0571,0.0073,0.9612
2026-07-31,short_below,7125.0,2026-09-04,35,51.1,51.5,51.3,0.185047272768946,6.7564,0.4,0.0592,0.0078,0.9578
2026-07-31,wing_above,6850.0,2026-09-04,35,25.5,25.9,25.7,0.220599206728314,4.3141,0.4,0.0927,0.0156,0.9209
2026-07-31,wing_below,6800.0,2026-09-04,35,22.7,23.1,22.9,0.227374324922749,3.9648,0.4,0.1009,0.0175,0.9141
2026-07-31,short_above,7125.0,2026-09-04,35,51.1,51.5,51.3,0.186699460838542,6.7564,0.4,0.0592,0.0078,0.9578
2026-07-31,short_below,7100.0,2026-09-04,35,47.7,48.2,47.95,0.188196039265345,6.4978,0.5,0.0769,0.0104,0.9545
2026-07-31,wing_above,6850.0,2026-09-04,35,25.5,25.8,25.65,0.221619386801886,4.3141,0.3,0.0695,0.0117,0.9209
2026-07-31,wing_below,6800.0,2026-09-04,35,22.8,23.1,22.95,0.229507794467731,3.9648,0.3,0.0757,0.0131,0.9141
2026-07-31,short_above,7200.0,2026-09-11,42,71.8,72.3,72.05,0.173266901371337,8.3902,0.5,0.0596,0.0069,0.9679
2026-07-31,short_below,7150.0,2026-09-11,42,63.4,63.9,63.65,0.179220642831728,7.8903,0.5,0.0634,0.0079,0.9612
2026-07-31,wing_above,6850.0,2026-09-11,42,31.6,32.0,31.8,0.215261265469688,5.104,0.4,0.0784,0.0126,0.9209
2026-07-31,wing_below,6800.0,2026-09-11,42,28.4,28.7,28.55,0.221502243449783,4.7249,0.3,0.0635,0.0105,0.9141
2026-07-31,short_above,7125.0,2026-09-11,42,59.5,60.0,59.75,0.182486044317013,7.6379,0.5,0.0655,0.0084,0.9578
2026-07-31,short_below,7100.0,2026-09-11,42,56.0,56.5,56.25,0.185435629839843,7.386,0.5,0.0677,0.0089,0.9545
2026-07-31,wing_above,6800.0,2026-09-11,42,28.4,28.8,28.6,0.218065013297504,4.7249,0.4,0.0847,0.014,0.9142
2026-07-31,wing_below,6750.0,2026-09-11,42,25.7,26.1,25.9,0.227998609557573,4.3738,0.4,0.0915,0.0154,0.9074
2026-07-31,short_above,7150.0,2026-09-11,42,63.2,63.7,63.45,0.179796365842717,7.8903,0.5,0.0634,0.0079,0.9612
2026-07-31,short_below,7125.0,2026-09-11,42,59.5,60.0,59.75,0.183208463063256,7.6379,0.5,0.0655,0.0084,0.9578
2026-07-31,wing_above,6850.0,2026-09-11,42,31.6,32.0,31.8,0.216192166619682,5.104,0.4,0.0784,0.0126,0.9209
2026-07-31,wing_below,6800.0,2026-09-11,42,28.5,28.9,28.7,0.221853113718473,4.7249,0.4,0.0847,0.0139,0.9142
2026-07-31,short_above,7275.0,2026-08-21,21,45.8,46.6,46.2,0.162913432099058,5.8264,0.8,0.1373,0.0173,0.9761
2026-07-31,short_below,7270.0,2026-08-21,21,45.3,46.0,45.65,0.163600551756118,5.7712,0.7,0.1213,0.0153,0.9755
2026-07-31,wing_above,7075.0,2026-08-21,21,21.6,22.0,21.8,0.191732289789002,3.7419,0.4,0.1069,0.0183,0.9493
2026-07-31,wing_below,7070.0,2026-08-21,21,21.0,21.5,21.25,0.192485190086879,3.6972,0.5,0.1352,0.0235,0.9486
2026-07-31,short_above,7295.0,2026-08-21,21,49.4,50.2,49.8,0.16017677303687,6.0485,0.8,0.1323,0.0161,0.9788
2026-07-31,short_below,7280.0,2026-08-21,21,46.2,47.1,46.65,0.16222773110989,5.8852,0.9,0.1529,0.0193,0.9768
2026-07-31,wing_above,7090.0,2026-08-21,21,22.3,22.9,22.6,0.189482831343505,3.8712,0.6,0.155,0.0265,0.9513
2026-07-31,wing_below,7085.0,2026-08-21,21,21.9,22.5,22.2,0.190171558728324,3.8328,0.6,0.1565,0.027,0.9507
2026-07-31,short_above,7225.0,2026-08-21,21,37.3,37.9,37.6,0.169827032564474,5.2744,0.6,0.1138,0.016,0.9695
2026-07-31,wing_above,7020.0,2026-08-21,21,17.4,17.9,17.65,0.20004060148422,3.2754,0.5,0.1527,0.0283,0.942
2026-07-31,wing_below,7010.0,2026-08-21,21,17.0,17.6,17.3,0.201581601657221,3.1969,0.6,0.1877,0.0347,0.9406
2026-07-31,short_above,7280.0,2026-08-21,21,46.8,47.6,47.2,0.162765802400443,5.8852,0.8,0.1359,0.0169,0.9768
2026-07-31,wing_above,6985.0,2026-08-21,21,15.6,16.1,15.85,0.205460297533673,3.0087,0.5,0.1662,0.0315,0.9373
2026-07-31,wing_below,6980.0,2026-08-21,21,15.3,15.8,15.55,0.206240501640191,2.9724,0.5,0.1682,0.0322,0.9366
2026-07-31,short_above,7330.0,2026-08-21,21,56.4,57.4,56.9,0.155345292643839,6.428,1.0,0.1556,0.0176,0.9836
2026-07-31,short_below,7325.0,2026-08-21,21,55.4,56.1,55.75,0.156040046121015,6.378,0.7,0.1098,0.0126,0.9829
2026-07-31,wing_above,7065.0,2026-08-21,21,20.5,21.1,20.8,0.193180892706399,3.668,0.6,0.1636,0.0288,0.948
2026-07-31,wing_below,7060.0,2026-08-21,21,20.2,20.7,20.45,0.193937017741372,3.6097,0.5,0.1385,0.0244,0.9473
2026-07-31,short_above,7320.0,2026-08-28,28,69.8,70.8,70.3,0.160208915576986,7.4572,1.0,0.1341,0.0142,0.9822
2026-07-31,wing_above,7050.0,2026-08-28,28,29.9,30.3,30.1,0.195457875786096,4.7171,0.4,0.0848,0.0133,0.946
2026-07-31,wing_below,7025.0,2026-08-28,28,27.8,28.2,28.0,0.201189003818537,4.7638,0.4,0.084,0.0143,0.9426
2026-07-31,short_above,7290.0,2026-08-28,28,63.7,64.5,64.1,0.164249749710338,7.169,0.8,0.1116,0.0125,0.9782
2026-07-31,short_below,7280.0,2026-08-28,28,61.5,62.3,61.9,0.165584810002726,7.0671,0.8,0.1132,0.0129,0.9768
2026-07-31,wing_above,7000.0,2026-08-28,28,25.9,26.3,26.1,0.202116415438972,4.2694,0.4,0.0937,0.0153,0.9393
2026-07-31,wing_below,6990.0,2026-08-28,28,25.1,25.7,25.4,0.203778836697809,4.1843,0.6,0.1434,0.0236,0.9381
2026-07-31,short_above,7320.0,2026-08-28,28,70.5,71.4,70.95,0.160696907318522,7.4572,0.9,0.1207,0.0127,0.9824
2026-07-31,short_below,7310.0,2026-08-28,28,68.3,69.2,68.75,0.162111019873505,7.5881,0.9,0.1186,0.0131,0.9811
2026-07-31,wing_above,7050.0,2026-08-28,28,30.1,30.6,30.35,0.196067854059119,4.7171,0.5,0.106,0.0165,0.9462
2026-07-31,wing_below,7025.0,2026-08-28,28,28.0,28.5,28.25,0.199046478042728,4.4886,0.5,0.1114,0.0177,0.9428
2026-07-31,short_above,7310.0,2026-08-28,28,68.4,69.3,68.85,0.161794969945165,7.3615,0.9,0.1223,0.0131,0.9811
2026-07-31,wing_above,7050.0,2026-08-28,28,30.3,30.8,30.55,0.196067854059119,4.7171,0.5,0.106,0.0164,0.9462
2026-07-31,short_above,7220.0,2026-08-28,28,51.4,52.2,51.8,0.173847435909303,6.459,0.8,0.1239,0.0154,0.969
2026-07-31,short_below,7210.0,2026-08-28,28,49.8,50.5,50.15,0.175149967581357,6.3536,0.7,0.1102,0.014,0.9676
2026-07-31,wing_above,6925.0,2026-08-28,28,21.2,21.6,21.4,0.212681253438835,3.703,0.4,0.108,0.0187,0.9294
2026-07-31,wing_below,6900.0,2026-08-28,28,19.8,20.2,20.0,0.21618035089544,3.5214,0.4,0.1136,0.02,0.926
2026-07-31,short_above,7225.0,2026-08-31,31,55.4,56.0,55.7,0.168648261709939,6.8625,0.6,0.0874,0.0108,0.9696
2026-07-31,short_below,7220.0,2026-08-31,31,54.5,55.3,54.9,0.169293286420854,6.8402,0.8,0.117,0.0146,0.969
2026-07-31,wing_above,6920.0,2026-08-31,31,22.8,23.3,23.05,0.208363499715102,3.9689,0.5,0.126,0.0217,0.9287
2026-07-31,wing_below,6915.0,2026-08-31,31,22.4,22.9,22.65,0.209044279708415,3.9258,0.5,0.1274,0.0221,0.928
2026-07-31,short_above,7230.0,2026-08-31,31,55.3,56.7,56.0,0.168002636487287,6.9159,1.4,0.2024,0.025,0.9703
2026-07-31,wing_above,6930.0,2026-08-31,31,23.2,23.7,23.45,0.207005999034524,4.0407,0.5,0.1237,0.0213,0.9301
2026-07-31,short_above,7275.0,2026-09-04,35,72.7,73.5,73.1,0.165320594991952,7.996,0.8,0.1,0.0109,0.9764
2026-07-31,short_below,7250.0,2026-09-04,35,67.5,68.4,67.95,0.168728865277507,7.7488,0.9,0.1161,0.0132,0.9731
2026-07-31,wing_above,6975.0,2026-09-04,35,32.2,32.8,32.5,0.203144856661531,5.0656,0.6,0.1184,0.0185,0.9361
2026-07-31,wing_below,6950.0,2026-09-04,35,30.3,30.8,30.55,0.206382996653679,4.853,0.5,0.103,0.0164,0.9328
2026-07-31,short_above,7150.0,2026-09-04,35,51.2,51.8,51.5,0.181175784724399,6.7191,0.6,0.0893,0.0117,0.9596
2026-07-31,short_below,7125.0,2026-09-04,35,47.8,48.4,48.1,0.184265898098927,6.4625,0.6,0.0928,0.0125,0.9563
2026-07-31,wing_above,6850.0,2026-09-04,35,23.8,24.3,24.05,0.21962051062343,4.0837,0.5,0.1224,0.0208,0.9194
2026-07-31,wing_below,6800.0,2026-09-04,35,21.2,21.7,21.45,0.22639753609717,3.747,0.5,0.1334,0.0233,0.9127
2026-07-31,short_below,7100.0,2026-09-04,35,44.4,44.9,44.65,0.187362590522944,6.2054,0.5,0.0806,0.0112,0.9529
2026-07-31,wing_below,6800.0,2026-09-04,35,21.2,21.6,21.4,0.226870912275734,3.747,0.4,0.1068,0.0187,0.9127
2026-07-31,short_above,7200.0,2026-09-11,42,67.5,68.2,67.85,0.173032956679574,8.0867,0.7,0.0866,0.0103,0.9663
2026-07-31,short_below,7150.0,2026-09-11,42,59.2,60.0,59.6,0.17892388000798,7.5711,0.8,0.1057,0.0134,0.9596
2026-07-31,wing_above,6850.0,2026-09-11,42,29.4,29.9,29.65,0.214564099030929,4.791,0.5,0.1044,0.0169,0.9194
2026-07-31,wing_below,6800.0,2026-09-11,42,26.5,27.1,26.8,0.220768345589488,4.4259,0.6,0.1356,0.0224,0.9127
2026-07-31,short_above,7125.0,2026-09-11,42,55.7,56.5,56.1,0.181849960067983,7.3137,0.8,0.1094,0.0143,0.9563
2026-07-31,short_below,7100.0,2026-09-11,42,52.4,53.1,52.75,0.184769419101392,7.0543,0.7,0.0992,0.0133,0.9529
2026-07-31,wing_above,6800.0,2026-09-11,42,26.5,27.1,26.8,0.221853113718473,4.4259,0.6,0.1356,0.0224,0.9127
2026-07-31,wing_below,6750.0,2026-09-11,42,23.9,24.5,24.2,0.227059323818366,4.0896,0.6,0.1467,0.0248,0.9059
2026-07-31,short_below,7125.0,2026-09-11,42,55.7,56.5,56.1,0.183208463063256,7.3137,0.8,0.1094,0.0143,0.9563
2026-07-31,wing_below,6800.0,2026-09-11,42,26.5,27.1,26.8,0.221853113718473,4.4259,0.6,0.1356,0.0224,0.9127
2026-07-31,short_above,7275.0,2026-08-21,21,48.2,50.4,49.3,0.168173561592532,5.9462,2.2,0.37,0.0446,0.977
2026-07-31,wing_above,7075.0,2026-08-21,21,24.0,24.6,24.3,0.198923081780731,3.9486,0.6,0.152,0.0247,0.9501
2026-07-31,wing_below,7070.0,2026-08-21,21,23.7,24.1,23.9,0.199689024770095,3.9037,0.4,0.1025,0.0167,0.9495
2026-07-31,short_above,7295.0,2026-08-21,21,53.8,54.6,54.2,0.165112540368824,6.1276,0.8,0.1306,0.0148,0.9797
2026-07-31,short_below,7280.0,2026-08-21,21,51.6,52.2,51.9,0.167407636567219,5.9965,0.6,0.1001,0.0116,0.9777
2026-07-31,wing_above,7090.0,2026-08-21,21,26.0,26.5,26.25,0.196625564155565,4.0853,0.5,0.1224,0.019,0.9522
2026-07-31,wing_below,7085.0,2026-08-21,21,25.6,26.3,25.95,0.197391406632529,4.0393,0.7,0.1733,0.027,0.9515
2026-07-31,short_above,7225.0,2026-08-21,21,42.2,42.8,42.5,0.175855498168045,5.431,0.6,0.1105,0.0141,0.9703
2026-07-31,short_below,7220.0,2026-08-21,21,41.0,41.5,41.25,0.176625986263534,5.379,0.5,0.093,0.0121,0.9696
2026-07-31,wing_above,7020.0,2026-08-21,21,20.2,20.7,20.45,0.207366868651336,3.4771,0.5,0.1438,0.0244,0.9428
2026-07-31,wing_below,7010.0,2026-08-21,21,19.5,19.9,19.7,0.208909750924412,3.4279,0.4,0.1167,0.0203,0.9414
2026-07-31,wing_above,6985.0,2026-08-21,21,17.8,18.2,18.0,0.213078027162164,3.233,0.4,0.1237,0.0222,0.9381
2026-07-31,short_above,7330.0,2026-08-21,21,62.2,62.6,62.4,0.160003101776571,6.4973,0.4,0.0616,0.0064,0.9848
2026-07-31,short_below,7325.0,2026-08-21,21,61.4,62.0,61.7,0.160763841514433,6.4531,0.6,0.093,0.0097,0.9842
2026-07-31,wing_above,7065.0,2026-08-21,21,23.7,24.1,23.9,0.200649213399037,3.8929,0.4,0.1028,0.0167,0.9492
2026-07-31,wing_below,7060.0,2026-08-21,21,23.7,24.0,23.85,0.201422083098662,3.8486,0.3,0.078,0.0126,0.9486
2026-07-31,short_above,7320.0,2026-08-28,28,77.4,78.1,77.75,0.164282432869664,7.5538,0.7,0.0927,0.009,0.9835
2026-07-31,short_below,7310.0,2026-08-28,28,75.2,75.9,75.55,0.162111019873505,7.3615,0.7,0.0951,0.0093,0.9822
2026-07-31,wing_above,7050.0,2026-08-28,28,34.1,34.7,34.4,0.20145775027569,4.9592,0.6,0.121,0.0174,0.9472
2026-07-31,short_above,7290.0,2026-08-28,28,71.2,71.8,71.5,0.168572763161753,7.295,0.6,0.0822,0.0084,0.9795
2026-07-31,short_below,7280.0,2026-08-28,28,68.8,69.6,69.2,0.169991148580812,7.2042,0.8,0.111,0.0116,0.9781
2026-07-31,wing_above,7000.0,2026-08-28,28,29.5,29.9,29.7,0.208335404272434,4.5143,0.4,0.0886,0.0135,0.9405
2026-07-31,wing_below,6990.0,2026-08-28,28,28.7,29.2,28.95,0.209724409586655,4.4292,0.5,0.1129,0.0173,0.9392
2026-07-31,short_below,7300.0,2026-08-28,28,72.2,72.8,72.5,0.167148431852451,7.3837,0.6,0.0813,0.0083,0.9808
2026-07-31,wing_above,7050.0,2026-08-28,28,33.6,34.3,33.95,0.20145775027569,4.9592,0.7,0.1412,0.0206,0.9472
2026-07-31,short_above,7220.0,2026-08-28,28,55.6,56.4,56.0,0.178374217424107,6.6473,0.8,0.1204,0.0143,0.9701
2026-07-31,short_below,7210.0,2026-08-28,28,54.4,55.4,54.9,0.179750800232756,6.5483,1.0,0.1527,0.0182,0.9687
2026-07-31,wing_above,6925.0,2026-08-28,28,23.5,24.3,23.9,0.218871713133933,3.9275,0.8,0.2037,0.0335,0.9304
2026-07-31,short_above,7225.0,2026-08-31,31,61.0,61.6,61.3,0.173055103392002,7.1031,0.6,0.0845,0.0098,0.9707
2026-07-31,short_below,7220.0,2026-08-31,31,59.1,60.1,59.6,0.173732643284163,7.0532,1.0,0.1418,0.0168,0.9701
2026-07-31,wing_above,6920.0,2026-08-31,31,25.7,26.1,25.9,0.214200459113833,4.2524,0.4,0.0941,0.0154,0.9298
2026-07-31,short_above,7230.0,2026-08-31,31,63.0,63.6,63.3,0.172580893570367,7.1774,0.6,0.0836,0.0095,0.9714
2026-07-31,wing_above,6930.0,2026-08-31,31,27.0,27.5,27.25,0.212785122253406,4.3168,0.5,0.1158,0.0183,0.9316
2026-07-31,wing_below,6920.0,2026-08-31,31,26.3,26.7,26.5,0.214156997815302,4.2524,0.4,0.0941,0.0151,0.9302
2026-07-31,short_above,7275.0,2026-09-04,35,81.0,81.7,81.35,0.169458059372532,8.1567,0.7,0.0858,0.0086,0.978
2026-07-31,short_below,7250.0,2026-09-04,35,75.8,76.4,76.1,0.172788575181213,7.9304,0.6,0.0757,0.0079,0.9746
2026-07-31,wing_above,6975.0,2026-09-04,35,36.9,37.3,37.1,0.208531589394532,5.3287,0.4,0.0751,0.0108,0.9376
2026-07-31,wing_below,6950.0,2026-09-04,35,34.9,35.4,35.15,0.211805845685992,5.1159,0.5,0.0977,0.0142,0.9343
2026-07-31,short_above,7150.0,2026-09-04,35,58.4,59.0,58.7,0.185906132939105,6.9678,0.6,0.0861,0.0102,0.9612
2026-07-31,short_below,7125.0,2026-09-04,35,54.6,55.1,54.85,0.189093080982483,6.7233,0.5,0.0744,0.0091,0.9578
2026-07-31,wing_above,6850.0,2026-09-04,35,27.7,28.1,27.9,0.225118022954303,4.4112,0.4,0.0907,0.0143,0.9208
2026-07-31,wing_below,6800.0,2026-09-04,35,24.8,25.1,24.95,0.231907485734755,4.0588,0.3,0.0739,0.012,0.9141
2026-07-31,short_below,7100.0,2026-09-04,35,51.1,51.6,51.35,0.192364847404854,6.5828,0.5,0.076,0.0097,0.9544
2026-07-31,short_above,7200.0,2026-09-11,42,75.3,76.0,75.65,0.176421878645368,8.4395,0.7,0.0829,0.0093,0.9679
2026-07-31,short_below,7150.0,2026-09-11,42,66.6,67.5,67.05,0.182593111059721,7.9583,0.9,0.1131,0.0134,0.9612
2026-07-31,wing_above,6850.0,2026-09-11,42,33.8,34.3,34.05,0.217804375601285,5.2184,0.5,0.0958,0.0147,0.9208
2026-07-31,wing_below,6800.0,2026-09-11,42,30.2,30.8,30.5,0.225684337063316,4.8391,0.6,0.124,0.0197,0.9141
2026-07-31,short_above,7125.0,2026-09-11,42,62.8,63.5,63.15,0.185655972683489,7.7142,0.7,0.0907,0.0111,0.9578
2026-07-31,short_below,7100.0,2026-09-11,42,59.5,60.1,59.8,0.188706108574629,7.4696,0.6,0.0803,0.01,0.9544
2026-07-31,wing_below,6750.0,2026-09-11,42,27.6,28.1,27.85,0.232088246957165,4.4866,0.5,0.1114,0.018,0.9074
2026-07-31,short_below,7125.0,2026-09-11,42,62.7,63.7,63.2,0.185374512757942,7.7142,1.0,0.1296,0.0158,0.9578
2026-07-31,short_above,7275.0,2026-08-21,21,46.6,47.0,46.8,0.165461728108416,5.8458,0.4,0.0684,0.0085,0.9765
2026-07-31,short_below,7270.0,2026-08-21,21,45.6,46.0,45.8,0.166205319859235,5.8063,0.4,0.0689,0.0087,0.9758
2026-07-31,wing_above,7075.0,2026-08-21,21,22.0,22.3,22.15,0.195321882959119,3.8332,0.3,0.0783,0.0135,0.9496
2026-07-31,wing_below,7070.0,2026-08-21,21,21.6,22.1,21.85,0.19608029313937,3.788,0.5,0.132,0.0229,0.9489
2026-07-31,short_above,7295.0,2026-08-21,21,51.0,51.4,51.2,0.162486998863253,6.0658,0.4,0.0659,0.0078,0.9791
2026-07-31,short_below,7280.0,2026-08-21,21,47.8,48.3,48.05,0.164718153501118,5.9111,0.5,0.0846,0.0104,0.9771
2026-07-31,wing_above,7090.0,2026-08-21,21,23.4,23.8,23.6,0.193052397068799,3.9711,0.4,0.1007,0.0169,0.9516
2026-07-31,wing_below,7085.0,2026-08-21,21,22.8,23.2,23.0,0.193807950551805,3.9247,0.4,0.1019,0.0174,0.951
2026-07-31,short_above,7225.0,2026-08-21,21,38.7,39.0,38.85,0.172897563694741,5.3519,0.3,0.0561,0.0077,0.9697
2026-07-31,short_below,7220.0,2026-08-21,21,37.8,38.4,38.1,0.173296367321807,5.2983,0.6,0.1132,0.0157,0.9691
2026-07-31,wing_above,7020.0,2026-08-21,21,18.2,18.5,18.35,0.203624295102066,3.3606,0.3,0.0893,0.0163,0.9422
2026-07-31,wing_below,7010.0,2026-08-21,21,17.7,18.0,17.85,0.205165453285882,3.2805,0.3,0.0915,0.0168,0.941
2026-07-31,short_above,7280.0,2026-08-21,21,48.4,48.8,48.6,0.163860354284087,5.9111,0.4,0.0677,0.0082,0.9772
2026-07-31,wing_above,6985.0,2026-08-21,21,16.3,16.6,16.45,0.209037502481891,3.0879,0.3,0.0972,0.0182,0.9376
2026-07-31,wing_below,6980.0,2026-08-21,21,16.1,16.4,16.25,0.209815280350636,3.0507,0.3,0.0983,0.0185,0.9369
2026-07-31,short_above,7330.0,2026-08-21,21,58.8,59.4,59.1,0.157168607986799,6.4208,0.6,0.0934,0.0102,0.9839
2026-07-31,short_below,7325.0,2026-08-21,21,58.1,58.4,58.25,0.157920745194593,6.3836,0.3,0.047,0.0052,0.9832
2026-07-31,wing_above,7065.0,2026-08-21,21,21.7,22.0,21.85,0.196741137284981,3.7454,0.3,0.0801,0.0137,0.9483
2026-07-31,wing_below,7060.0,2026-08-21,21,21.4,21.8,21.6,0.197501824857995,3.7011,0.4,0.1081,0.0185,0.9477
2026-07-31,short_above,7320.0,2026-08-28,28,73.0,73.6,73.3,0.161813689128055,7.4623,0.6,0.0804,0.0082,0.9826
2026-07-31,wing_above,7050.0,2026-08-28,28,31.6,31.9,31.75,0.198692703334422,4.8368,0.3,0.062,0.0094,0.9463
2026-07-31,short_above,7290.0,2026-08-28,28,66.4,68.1,67.25,0.166027430020659,7.2173,1.7,0.2355,0.0253,0.9785
2026-07-31,short_below,7280.0,2026-08-28,28,64.4,65.0,64.7,0.167430411828888,7.1168,0.6,0.0843,0.0093,0.9772
2026-07-31,wing_above,7000.0,2026-08-28,28,27.2,27.6,27.4,0.205480958598002,4.3886,0.4,0.0911,0.0146,0.9396
2026-07-31,wing_below,6990.0,2026-08-28,28,26.5,26.9,26.7,0.207371159577788,4.3032,0.4,0.093,0.015,0.9383
2026-07-31,short_below,7310.0,2026-08-28,28,70.8,71.3,71.05,0.164610831924893,7.4701,0.5,0.0669,0.007,0.9812
2026-07-31,short_below,7300.0,2026-08-28,28,68.7,69.2,68.95,0.164623579241255,7.3096,0.5,0.0684,0.0073,0.9799
2026-07-31,short_above,7220.0,2026-08-28,28,53.2,53.8,53.5,0.175797373652256,6.5318,0.6,0.0919,0.0112,0.9692
2026-07-31,short_below,7210.0,2026-08-28,28,51.6,52.1,51.85,0.177176339451067,6.4302,0.5,0.0778,0.0096,0.9678
2026-07-31,wing_above,6925.0,2026-08-28,28,22.2,22.5,22.35,0.215905466342416,3.783,0.3,0.0793,0.0134,0.9296
2026-07-31,wing_below,6900.0,2026-08-28,28,20.6,20.9,20.75,0.219449086455613,3.5994,0.3,0.0833,0.0145,0.9262
2026-07-31,short_above,7225.0,2026-08-31,31,57.0,57.4,57.2,0.170638328420821,6.9899,0.4,0.0572,0.007,0.9698
2026-07-31,short_below,7220.0,2026-08-31,31,56.2,56.6,56.4,0.171307541920394,6.9572,0.4,0.0575,0.0071,0.9692
2026-07-31,wing_above,6920.0,2026-08-31,31,23.6,24.0,23.8,0.211420503574805,4.1086,0.4,0.0974,0.0168,0.9289
2026-07-31,wing_below,6915.0,2026-08-31,31,23.2,23.6,23.4,0.212109247352866,4.0519,0.4,0.0987,0.0171,0.9282
2026-07-31,short_above,7230.0,2026-08-31,31,57.6,58.1,57.85,0.169968399504684,7.0595,0.5,0.0708,0.0086,0.9705
2026-07-31,wing_above,6930.0,2026-08-31,31,24.4,24.8,24.6,0.21035977595663,4.1686,0.4,0.096,0.0163,0.9304
2026-07-31,wing_below,6920.0,2026-08-31,31,23.9,24.2,24.05,0.211404609190401,4.1086,0.3,0.073,0.0125,0.9291
2026-07-31,short_above,7275.0,2026-09-04,35,75.7,76.1,75.9,0.167146377507084,8.0693,0.4,0.0496,0.0053,0.9768
2026-07-31,short_below,7250.0,2026-09-04,35,70.4,70.9,70.65,0.170462065094686,7.8344,0.5,0.0638,0.0071,0.9734
2026-07-31,wing_above,6975.0,2026-09-04,35,33.8,34.2,34.0,0.206267811401467,5.1785,0.4,0.0772,0.0118,0.9365
2026-07-31,wing_below,6950.0,2026-09-04,35,31.6,32.1,31.85,0.209564342004347,4.9651,0.5,0.1007,0.0157,0.9331
2026-07-31,short_above,7150.0,2026-09-04,35,53.3,53.8,53.55,0.183529596530138,6.8428,0.5,0.0731,0.0093,0.96
2026-07-31,short_below,7125.0,2026-09-04,35,49.9,50.3,50.1,0.186764055942788,6.5925,0.4,0.0607,0.008,0.9566
2026-07-31,wing_above,6850.0,2026-09-04,35,25.0,25.3,25.15,0.221947088160352,4.188,0.3,0.0716,0.0119,0.9197
2026-07-31,wing_below,6800.0,2026-09-04,35,22.2,22.5,22.35,0.22969153321802,3.8451,0.3,0.078,0.0134,0.913
2026-07-31,short_above,7125.0,2026-09-04,35,49.7,50.2,49.95,0.187028717810878,6.5925,0.5,0.0758,0.01,0.9566
2026-07-31,short_below,7100.0,2026-09-04,35,46.6,47.1,46.85,0.189995706844567,6.3445,0.5,0.0788,0.0107,0.9533
2026-07-31,short_above,7200.0,2026-09-11,42,70.8,71.3,71.05,0.174449417323465,8.2332,0.5,0.0607,0.007,0.9667
2026-07-31,short_below,7150.0,2026-09-11,42,62.5,63.2,62.85,0.18049741736787,7.7326,0.7,0.0905,0.0111,0.96
2026-07-31,wing_above,6850.0,2026-09-11,42,31.3,31.7,31.5,0.216533861707437,4.9781,0.4,0.0804,0.0127,0.9197
2026-07-31,wing_below,6800.0,2026-09-11,42,28.1,28.5,28.3,0.22315561937295,4.6055,0.4,0.0869,0.0141,0.913
2026-07-31,short_above,7125.0,2026-09-11,42,58.7,59.2,58.95,0.183202757335038,7.4808,0.5,0.0668,0.0085,0.9566
2026-07-31,short_below,7100.0,2026-09-11,42,55.4,55.8,55.6,0.186486505523828,7.2302,0.4,0.0553,0.0072,0.9533
2026-07-31,wing_below,6750.0,2026-09-11,42,25.3,25.6,25.45,0.229535066627559,4.2604,0.3,0.0704,0.0118,0.9063
2026-07-31,short_above,7150.0,2026-09-11,42,62.2,62.8,62.5,0.180218265854703,7.7326,0.6,0.0776,0.0096,0.96
2026-07-31,wing_below,6800.0,2026-09-11,42,27.9,28.3,28.1,0.22315561937295,4.6055,0.4,0.0869,0.0142,0.913
2026-08-01,short_above,7275.0,2026-08-21,20,45.0,45.4,45.2,0.164776518509494,5.7658,0.4,0.0694,0.0088,0.976
2026-08-01,short_below,7270.0,2026-08-21,20,44.0,44.5,44.25,0.165542233474301,5.7123,0.5,0.0875,0.0113,0.9754
2026-08-01,wing_above,7075.0,2026-08-21,20,21.3,21.5,21.4,0.195219537335784,3.7327,0.2,0.0536,0.0093,0.9492
2026-08-01,wing_below,7070.0,2026-08-21,20,20.9,21.2,21.05,0.195981285271115,3.6879,0.3,0.0813,0.0143,0.9485
2026-08-01,short_above,7295.0,2026-08-21,20,48.5,49.0,48.75,0.16171274581988,5.995,0.5,0.0834,0.0103,0.9787
2026-08-01,short_below,7280.0,2026-08-21,20,45.8,46.3,46.05,0.165338514619575,5.8269,0.5,0.0858,0.0109,0.9767
2026-08-01,wing_above,7090.0,2026-08-21,20,22.4,22.8,22.6,0.192937092166375,3.87,0.4,0.1034,0.0177,0.9512
2026-08-01,wing_below,7085.0,2026-08-21,20,22.0,22.4,22.2,0.193697475119317,3.8238,0.4,0.1046,0.018,0.9505
2026-08-01,short_above,7225.0,2026-08-21,20,37.3,37.7,37.5,0.172426385682718,5.2531,0.4,0.0761,0.0107,0.9693
2026-08-01,short_below,7220.0,2026-08-21,20,36.6,37.1,36.85,0.173189622027218,5.199,0.5,0.0962,0.0136,0.9686
2026-08-01,wing_above,7020.0,2026-08-21,20,17.4,18.0,17.7,0.20363253297004,3.2643,0.6,0.1838,0.0339,0.9418
2026-08-01,wing_below,7010.0,2026-08-21,20,17.0,17.3,17.15,0.205171674370416,3.1851,0.3,0.0942,0.0175,0.9405
2026-08-01,short_above,7280.0,2026-08-21,20,45.8,46.2,46.0,0.165338514619575,5.8269,0.4,0.0686,0.0087,0.9767
2026-08-01,wing_above,6985.0,2026-08-21,20,15.5,15.9,15.7,0.209035288778135,2.9955,0.4,0.1335,0.0255,0.9371
2026-08-01,wing_below,6980.0,2026-08-21,20,15.2,15.5,15.35,0.209810936093496,2.959,0.3,0.1014,0.0195,0.9364
2026-08-01,short_above,7330.0,2026-08-21,20,55.6,56.0,55.8,0.156332657031824,6.3334,0.4,0.0632,0.0072,0.9834
2026-08-01,short_below,7325.0,2026-08-21,20,54.3,54.7,54.5,0.157104486607413,6.2849,0.4,0.0636,0.0073,0.9827
2026-08-01,wing_above,7065.0,2026-08-21,20,20.4,20.7,20.55,0.196743555227843,3.6356,0.3,0.0825,0.0146,0.9479
2026-08-01,wing_below,7060.0,2026-08-21,20,19.8,20.3,20.05,0.197506379195586,3.592,0.5,0.1392,0.0249,0.9472
2026-08-01,short_above,7320.0,2026-08-28,27,68.6,69.2,68.9,0.161213713769125,7.4026,0.6,0.0811,0.0087,0.9821
2026-08-01,short_below,7310.0,2026-08-28,27,66.5,67.0,66.75,0.163219022831214,7.414,0.5,0.0674,0.0075,0.9807
2026-08-01,wing_above,7050.0,2026-08-28,27,29.6,30.1,29.85,0.198659712715148,4.728,0.5,0.1058,0.0168,0.9458
2026-08-01,short_above,7290.0,2026-08-28,27,62.3,63.0,62.65,0.165554490543634,7.1256,0.7,0.0982,0.0112,0.978
2026-08-01,short_below,7280.0,2026-08-28,27,60.2,60.8,60.5,0.166990400922174,7.0308,0.6,0.0853,0.0099,0.9767
2026-08-01,wing_above,7000.0,2026-08-28,27,25.6,26.0,25.8,0.205559958683351,4.2872,0.4,0.0933,0.0155,0.9391
2026-08-01,wing_below,6990.0,2026-08-28,27,24.9,25.3,25.1,0.2069552507065,4.2033,0.4,0.0952,0.0159,0.9378
2026-08-01,short_above,7320.0,2026-08-28,27,68.8,69.4,69.1,0.160626953087965,7.4026,0.6,0.0811,0.0087,0.9821
2026-08-01,short_below,7300.0,2026-08-28,27,64.8,65.3,65.05,0.163972731630906,7.2186,0.5,0.0693,0.0077,0.9789
2026-08-01,short_above,7220.0,2026-08-28,27,49.9,50.4,50.15,0.175216675672588,6.419,0.5,0.0779,0.01,0.9682
2026-08-01,short_below,7210.0,2026-08-28,27,48.4,48.9,48.65,0.177438175508275,6.3162,0.5,0.0792,0.0103,0.9669
2026-08-01,wing_above,6925.0,2026-08-28,27,20.9,21.1,21.0,0.215770409000924,3.6945,0.2,0.0541,0.0095,0.9287
2026-08-01,wing_below,6900.0,2026-08-28,27,19.4,19.6,19.5,0.219369157846812,3.5154,0.2,0.0569,0.0103,0.9253
2026-08-01,short_above,7225.0,2026-08-31,30,53.6,53.9,53.75,0.171345793049824,6.8782,0.3,0.0436,0.0056,0.9689
2026-08-01,short_below,7220.0,2026-08-31,30,52.7,53.2,52.95,0.171318805627659,6.8199,0.5,0.0733,0.0094,0.9682
2026-08-01,wing_above,6920.0,2026-08-31,30,22.2,22.6,22.4,0.211232952443807,3.9792,0.4,0.1005,0.0179,0.928
2026-08-01,wing_below,6915.0,2026-08-31,30,21.9,22.3,22.1,0.211921856318037,3.9278,0.4,0.1018,0.0181,0.9273
2026-08-01,short_above,7230.0,2026-08-31,30,54.4,54.8,54.6,0.168457108033862,6.9237,0.4,0.0578,0.0073,0.9696
2026-08-01,wing_above,6930.0,2026-08-31,30,23.0,23.3,23.15,0.209858175918629,4.0423,0.3,0.0742,0.013,0.9293
2026-08-01,short_above,7275.0,2026-09-04,34,71.3,71.8,71.55,0.166612526194876,7.9501,0.5,0.0629,0.007,0.9756
2026-08-01,short_below,7250.0,2026-09-04,34,66.7,67.2,66.95,0.170012389399823,7.709,0.5,0.0649,0.0075,0.9722
2026-08-01,wing_above,6975.0,2026-09-04,34,32.1,32.5,32.3,0.205754614761371,5.0443,0.4,0.0793,0.0124,0.9354
2026-08-01,wing_below,6950.0,2026-09-04,34,30.1,30.5,30.3,0.208156107650705,4.8326,0.4,0.0828,0.0132,0.932
2026-08-01,short_above,7150.0,2026-09-04,34,50.5,51.0,50.75,0.183251671966795,6.7058,0.5,0.0746,0.0099,0.9588
2026-08-01,short_below,7125.0,2026-09-04,34,47.4,47.8,47.6,0.186484294799237,6.4546,0.4,0.062,0.0084,0.9555
2026-08-01,wing_above,6850.0,2026-09-04,34,23.8,24.1,23.95,0.222253157571527,4.0648,0.3,0.0738,0.0125,0.9186
2026-08-01,wing_below,6800.0,2026-09-04,34,21.2,21.5,21.35,0.22902764875241,3.728,0.3,0.0805,0.0141,0.9119
2026-08-01,short_above,7125.0,2026-09-04,34,47.7,48.0,47.85,0.187028717810878,6.4546,0.3,0.0465,0.0063,0.9555
2026-08-01,short_below,7100.0,2026-09-04,34,44.5,44.9,44.7,0.189698312506209,6.2064,0.4,0.0644,0.0089,0.9521
2026-08-01,wing_below,6800.0,2026-09-04,34,21.2,21.5,21.35,0.228020803809278,3.728,0.3,0.0805,0.0141,0.9119
2026-08-01,short_above,7200.0,2026-09-11,41,67.3,67.8,67.55,0.173724082766424,8.1017,0.5,0.0617,0.0074,0.9655
2026-08-01,short_below,7150.0,2026-09-11,41,59.5,60.0,59.75,0.180218265854703,7.5972,0.5,0.0658,0.0084,0.9588
2026-08-01,wing_above,6850.0,2026-09-11,41,29.8,30.1,29.95,0.216693804727263,4.8591,0.3,0.0617,0.01,0.9186
2026-08-01,wing_below,6800.0,2026-09-11,41,26.8,27.2,27.0,0.2229813938614,4.4921,0.4,0.089,0.0148,0.9119
2026-08-01,short_above,7125.0,2026-09-11,41,56.0,56.5,56.25,0.182994435583936,7.3449,0.5,0.0681,0.0089,0.9555
2026-08-01,short_below,7100.0,2026-09-11,41,52.9,53.3,53.1,0.186052978220622,7.0943,0.4,0.0564,0.0075,0.9521
2026-08-01,wing_below,6750.0,2026-09-11,41,24.3,24.6,24.45,0.229343929000297,4.1531,0.3,0.0722,0.0123,0.9052
2026-08-01,short_below,7125.0,2026-09-11,41,56.4,56.8,56.6,0.183202757335038,7.3449,0.4,0.0545,0.0071,0.9555
2026-08-01,wing_above,6850.0,2026-09-11,41,30.0,30.3,30.15,0.216533861707437,4.8591,0.3,0.0617,0.01,0.9188
2026-08-01,short_above,7275.0,2026-08-21,20,40.2,40.5,40.35,0.163167087665867,5.5541,0.3,0.054,0.0074,0.9736
2026-08-01,short_below,7270.0,2026-08-21,20,39.4,39.7,39.55,0.163904746657891,5.4987,0.3,0.0546,0.0076,0.973
2026-08-01,wing_above,7075.0,2026-08-21,20,18.8,19.1,18.95,0.194645480043343,3.5134,0.3,0.0854,0.0158,0.9469
2026-08-01,wing_below,7070.0,2026-08-21,20,18.5,18.8,18.65,0.194035918690301,3.4699,0.3,0.0865,0.0161,0.9464
2026-08-01,short_above,7295.0,2026-08-21,20,43.6,44.0,43.8,0.160102664763709,5.7857,0.4,0.0691,0.0091,0.9766
2026-08-01,short_below,7280.0,2026-08-21,20,41.2,41.5,41.35,0.162385968413636,5.6212,0.3,0.0534,0.0073,0.9745
2026-08-01,wing_above,7090.0,2026-08-21,20,19.9,20.2,20.05,0.19101253325942,3.6469,0.3,0.0823,0.015,0.9491
2026-08-01,short_above,7225.0,2026-08-21,20,33.2,33.5,33.35,0.170716946310817,5.0039,0.3,0.06,0.009,0.9672
2026-08-01,short_above,7275.0,2026-08-21,20,37.8,38.1,37.95,0.161976351066222,5.4213,0.3,0.0553,0.0079,0.9728
2026-08-01,short_below,7270.0,2026-08-21,20,37.3,37.6,37.45,0.16272267688533,5.3649,0.3,0.0559,0.008,0.9721
2026-08-01,wing_above,7075.0,2026-08-21,20,17.6,17.9,17.75,0.193177306256206,3.382,0.3,0.0887,0.0169,0.9461
2026-08-01,wing_below,7070.0,2026-08-21,20,17.2,17.5,17.35,0.192694607392617,3.3393,0.3,0.0898,0.0173,0.9454
2026-08-01,short_above,7295.0,2026-08-21,20,40.9,41.3,41.1,0.158977665140958,5.6627,0.4,0.0706,0.0097,0.9755
2026-08-01,short_below,7280.0,2026-08-21,20,38.0,38.4,38.2,0.161228884365363,5.494,0.4,0.0728,0.0105,0.9735
2026-08-01,wing_above,7090.0,2026-08-21,20,18.2,18.5,18.35,0.189644226726181,3.513,0.3,0.0854,0.0163,0.9481
2026-08-01,wing_below,7085.0,2026-08-21,20,17.9,18.2,18.05,0.190404925962397,3.4688,0.3,0.0865,0.0166,0.9474
2026-08-01,short_above,7225.0,2026-08-21,20,30.6,30.9,30.75,0.169414195884559,4.8697,0.3,0.0616,0.0098,0.9661
2026-08-01,short_below,7220.0,2026-08-21,20,30.0,30.4,30.2,0.170157093271397,4.8145,0.4,0.0831,0.0132,0.9654
2026-08-01,wing_above,7020.0,2026-08-21,20,14.2,14.5,14.35,0.20041792068454,2.94,0.3,0.102,0.0209,0.9387
2026-08-01,wing_below,7010.0,2026-08-21,20,13.7,14.0,13.85,0.201980404079338,2.8661,0.3,0.1047,0.0217,0.9374
2026-08-01,wing_above,6985.0,2026-08-21,20,12.5,12.8,12.65,0.205913066290782,2.6896,0.3,0.1115,0.0237,0.934
2026-08-01,wing_below,6980.0,2026-08-21,20,12.3,12.6,12.45,0.206704122626781,2.6557,0.3,0.113,0.0241,0.9333
2026-08-01,short_above,7330.0,2026-08-21,20,46.6,47.0,46.8,0.153643863642982,6.0347,0.4,0.0663,0.0085,0.9802
2026-08-01,short_below,7325.0,2026-08-21,20,45.6,45.9,45.75,0.154415137127427,5.9806,0.3,0.0502,0.0066,0.9795
2026-08-01,wing_above,7065.0,2026-08-21,20,16.6,16.9,16.75,0.193460484059118,3.2971,0.3,0.091,0.0179,0.9447
2026-08-01,wing_below,7060.0,2026-08-21,20,16.3,16.6,16.45,0.194227738478062,3.2555,0.3,0.0922,0.0182,0.944
2026-08-01,short_above,7320.0,2026-08-28,27,60.2,60.6,60.4,0.158896390382386,7.1511,0.4,0.0559,0.0066,0.9788
2026-08-01,short_below,7310.0,2026-08-28,27,58.1,58.6,58.35,0.160353428777327,7.0515,0.5,0.0709,0.0086,0.9775
2026-08-01,wing_above,7050.0,2026-08-28,27,25.5,25.7,25.6,0.196375934616775,4.3895,0.2,0.0456,0.0078,0.9425
2026-08-01,short_above,7290.0,2026-08-28,27,54.3,54.7,54.5,0.163370441397697,6.8262,0.4,0.0586,0.0073,0.9746
2026-08-01,short_below,7280.0,2026-08-28,27,52.5,52.9,52.7,0.1647963538002,6.7224,0.4,0.0595,0.0076,0.9733
2026-08-01,wing_above,7000.0,2026-08-28,27,21.9,22.2,22.05,0.20324899744342,3.9609,0.3,0.0757,0.0136,0.9359
2026-08-01,wing_below,6990.0,2026-08-28,27,21.2,21.5,21.35,0.20463777544275,3.8799,0.3,0.0773,0.0141,0.9345
2026-08-01,short_below,7310.0,2026-08-28,27,57.7,58.2,57.95,0.160510456367744,7.0515,0.5,0.0709,0.0086,0.9773
2026-08-01,short_below,7300.0,2026-08-28,27,55.4,55.8,55.6,0.161721479007143,6.9289,0.4,0.0577,0.0072,0.976
2026-08-01,wing_above,7050.0,2026-08-28,27,25.1,25.5,25.3,0.196375934616775,4.3895,0.4,0.0911,0.0158,0.9425
2026-08-01,short_above,7220.0,2026-08-28,27,42.8,43.2,43.0,0.174130003707099,6.0865,0.4,0.0657,0.0093,0.9653
2026-08-01,short_below,7210.0,2026-08-28,27,41.4,41.8,41.6,0.174640264216047,5.9805,0.4,0.0669,0.0096,0.9639
2026-08-01,wing_above,6925.0,2026-08-28,27,17.7,17.9,17.8,0.213794288205566,3.3916,0.2,0.059,0.0112,0.9258
2026-08-01,wing_below,6900.0,2026-08-28,27,16.5,16.7,16.6,0.217379025815967,3.2212,0.2,0.0621,0.012,0.9225
2026-08-01,short_above,7225.0,2026-08-31,30,46.6,47.0,46.8,0.168424308101749,6.549,0.4,0.0611,0.0085,0.9659
2026-08-01,short_below,7220.0,2026-08-31,30,45.9,46.3,46.1,0.169096759275136,6.4474,0.4,0.062,0.0087,0.9653
2026-08-01,wing_above,6920.0,2026-08-31,30,19.3,19.6,19.45,0.209626508837063,3.678,0.3,0.0816,0.0154,0.9252
2026-08-01,wing_below,6915.0,2026-08-31,30,19.0,19.3,19.15,0.210324290053312,3.66,0.3,0.082,0.0157,0.9245
2026-08-01,short_above,7230.0,2026-08-31,30,47.4,47.8,47.6,0.167750993426339,6.5557,0.4,0.061,0.0084,0.9666
2026-08-01,wing_above,6930.0,2026-08-31,30,19.8,20.1,19.95,0.208233881911021,3.7692,0.3,0.0796,0.015,0.9265
2026-08-01,short_above,7275.0,2026-09-04,34,63.1,63.5,63.3,0.165092397391086,7.6945,0.4,0.052,0.0063,0.9726
2026-08-01,short_below,7250.0,2026-09-04,34,58.6,59.0,58.8,0.168391298959447,7.4082,0.4,0.054,0.0068,0.9693
2026-08-01,wing_above,6975.0,2026-09-04,34,28.1,28.4,28.25,0.204209348314607,4.7292,0.3,0.0634,0.0106,0.9325
2026-08-01,wing_below,6950.0,2026-09-04,34,26.4,26.7,26.55,0.207541759201786,4.5258,0.3,0.0663,0.0113,0.9292
2026-08-01,short_above,7150.0,2026-09-04,34,44.4,44.7,44.55,0.181383623999324,6.3685,0.3,0.0471,0.0067,0.9559
2026-08-01,wing_above,6850.0,2026-09-04,34,20.8,21.1,20.95,0.22108095567216,3.795,0.3,0.0791,0.0143,0.9158
2026-08-01,short_above,7275.0,2026-08-21,20,35.1,35.6,35.35,0.160951753391994,5.3174,0.5,0.094,0.0141,0.972
2026-08-01,short_below,7270.0,2026-08-21,20,34.3,34.7,34.5,0.16168357078433,5.2599,0.4,0.076,0.0116,0.9714
2026-08-01,wing_above,7075.0,2026-08-21,20,15.9,16.1,16.0,0.189837814928323,3.2351,0.2,0.0618,0.0125,0.9453
2026-08-01,wing_below,7070.0,2026-08-21,20,15.5,15.8,15.65,0.190581681817842,3.1926,0.3,0.094,0.0192,0.9446
2026-08-01,short_above,7295.0,2026-08-21,20,37.6,38.0,37.8,0.157630417804959,5.5421,0.4,0.0722,0.0106,0.9745
2026-08-01,short_below,7280.0,2026-08-21,20,35.4,35.8,35.6,0.159838011089815,5.3699,0.4,0.0745,0.0112,0.9724
2026-08-01,wing_above,7090.0,2026-08-21,20,16.6,16.9,16.75,0.188199907824874,3.3657,0.3,0.0891,0.0179,0.9471
2026-08-01,wing_below,7085.0,2026-08-21,20,16.4,16.6,16.5,0.188286072696604,3.3217,0.2,0.0602,0.0121,0.9464
2026-08-01,short_above,7225.0,2026-08-21,20,28.3,28.6,28.45,0.167806150757649,4.7413,0.3,0.0633,0.0105,0.9651
2026-08-01,short_below,7220.0,2026-08-21,20,27.7,28.0,27.85,0.168526852547947,4.6851,0.3,0.064,0.0108,0.9644
2026-08-01,wing_above,7020.0,2026-08-21,20,12.8,13.1,12.95,0.198195400909393,2.7979,0.3,0.1072,0.0232,0.9377
2026-08-01,wing_below,7010.0,2026-08-21,20,12.4,12.6,12.5,0.199751961544818,2.7254,0.2,0.0734,0.016,0.9364
2026-08-01,wing_above,6985.0,2026-08-21,20,11.3,11.6,11.45,0.203681922547624,2.5532,0.3,0.1175,0.0262,0.933
2026-08-01,wing_below,6980.0,2026-08-21,20,11.1,11.4,11.25,0.20447443465588,2.5203,0.3,0.119,0.0267,0.9324
2026-08-01,short_above,7330.0,2026-08-21,20,43.6,44.0,43.8,0.152356058787291,5.8917,0.4,0.0679,0.0091,0.9791
2026-08-01,short_below,7325.0,2026-08-21,20,42.6,43.0,42.8,0.153841198528942,5.8355,0.4,0.0685,0.0093,0.9785
2026-08-01,wing_above,7065.0,2026-08-21,20,15.1,15.4,15.25,0.191298497317648,3.1162,0.3,0.0963,0.0197,0.9437
2026-08-01,wing_below,7060.0,2026-08-21,20,15.0,15.2,15.1,0.192056423660383,3.0753,0.2,0.065,0.0132,0.9431
2026-08-01,short_above,7320.0,2026-08-28,27,57.5,57.9,57.7,0.158152575979422,7.0237,0.4,0.0569,0.0069,0.9778
2026-08-01,wing_above,7050.0,2026-08-28,27,24.0,24.3,24.15,0.194928898261819,4.2467,0.3,0.0706,0.0124,0.9417
2026-08-01,short_above,7290.0,2026-08-28,27,52.0,52.4,52.2,0.162391897542556,6.7016,0.4,0.0597,0.0077,0.9738
2026-08-01,short_below,7280.0,2026-08-28,27,50.3,50.7,50.5,0.163795359381082,6.5947,0.4,0.0607,0.0079,0.9724
2026-08-01,wing_above,7000.0,2026-08-28,27,20.6,20.9,20.75,0.201772426072449,3.8224,0.3,0.0785,0.0145,0.935
2026-08-01,short_above,7320.0,2026-08-28,27,57.4,57.8,57.6,0.158975277886272,7.0237,0.4,0.0569,0.0069,0.9778
2026-08-01,short_below,7310.0,2026-08-28,27,55.5,55.9,55.7,0.160618150778075,6.9944,0.4,0.0572,0.0072,0.9765
2026-08-01,short_above,7310.0,2026-08-28,27,55.6,56.0,55.8,0.160618150778075,6.9167,0.4,0.0578,0.0072,0.9765
2026-08-01,short_below,7300.0,2026-08-28,27,53.8,54.2,54.0,0.160983100065872,6.8078,0.4,0.0588,0.0074,0.9751
2026-08-01,short_above,7220.0,2026-08-28,27,41.2,41.6,41.4,0.172079674835639,5.9509,0.4,0.0672,0.0097,0.9644
2026-08-01,short_below,7210.0,2026-08-28,27,39.8,40.2,40.0,0.173217879271232,5.8431,0.4,0.0685,0.01,0.963
2026-08-01,wing_above,6925.0,2026-08-28,27,16.8,17.0,16.9,0.21228169319276,3.2623,0.2,0.0613,0.0118,0.9249
2026-08-01,wing_below,6900.0,2026-08-28,27,15.7,15.9,15.8,0.215821528750416,3.0955,0.2,0.0646,0.0127,0.9216
2026-08-01,short_above,7225.0,2026-08-31,30,45.1,45.4,45.25,0.16742212325146,6.415,0.3,0.0468,0.0066,0.965
2026-08-01,short_below,7220.0,2026-08-31,30,44.3,44.7,44.5,0.168087212997117,6.36,0.4,0.0629,0.009,0.9643
2026-08-01,wing_above,6920.0,2026-08-31,30,18.4,18.7,18.55,0.208249156044502,3.567,0.3,0.0841,0.0162,0.9242
2026-08-01,wing_below,6915.0,2026-08-31,30,18.3,18.5,18.4,0.208939383761828,3.5485,0.2,0.0564,0.0109,0.9236
2026-08-01,short_above,7230.0,2026-08-31,30,45.8,46.4,46.1,0.166756354852204,6.4697,0.6,0.0927,0.013,0.9656
2026-08-01,wing_above,6930.0,2026-08-31,30,19.0,19.3,19.15,0.206871523334639,3.6566,0.3,0.082,0.0157,0.9256
2026-08-01,short_above,7275.0,2026-09-04,34,61.6,61.9,61.75,0.164274924316109,7.6021,0.3,0.0395,0.0049,0.9717
2026-08-01,short_below,7250.0,2026-09-04,34,57.3,57.7,57.5,0.167538928254117,7.3412,0.4,0.0545,0.007,0.9683
2026-08-01,wing_above,6975.0,2026-09-04,34,27.2,27.4,27.3,0.203132800861139,4.6489,0.2,0.043,0.0073,0.9316
2026-08-01,wing_below,6950.0,2026-09-04,34,25.5,25.8,25.65,0.206458018669452,4.4465,0.3,0.0675,0.0117,0.9282
2026-08-01,short_above,7150.0,2026-09-04,34,43.2,43.5,43.35,0.180415530391478,6.2908,0.3,0.0477,0.0069,0.955
2026-08-01,short_below,7125.0,2026-09-04,34,40.3,40.6,40.45,0.183619331134895,6.0356,0.3,0.0497,0.0074,0.9516
2026-08-01,wing_above,6850.0,2026-09-04,34,20.1,20.3,20.2,0.219980421385098,3.721,0.2,0.0537,0.0099,0.9149
2026-08-01,wing_below,6800.0,2026-09-04,34,18.0,18.2,18.1,0.226868261741884,3.4063,0.2,0.0587,0.011,0.9082
2026-08-01,short_below,7100.0,2026-09-04,34,37.7,38.0,37.85,0.186829894935702,5.7859,0.3,0.0518,0.0079,0.9483
2026-08-01,wing_above,6850.0,2026-09-04,34,20.1,20.3,20.2,0.221947088160352,3.721,0.2,0.0537,0.0099,0.9149
2026-08-01,short_below,7150.0,2026-09-11,41,51.4,51.7,51.55,0.177984669675045,7.2105,0.3,0.0416,0.0058,0.955
2026-08-01,wing_above,6850.0,2026-09-11,41,25.6,25.9,25.75,0.216533861707437,4.5016,0.3,0.0666,0.0117,0.9149
2026-08-01,wing_below,6800.0,2026-09-11,41,23.1,23.4,23.25,0.220880048811734,4.152,0.3,0.0723,0.0129,0.9082
2026-08-01,short_above,7125.0,2026-09-11,41,48.5,48.8,48.65,0.180990409137161,6.952,0.3,0.0432,0.0062,0.9516
2026-08-01,short_below,7100.0,2026-09-11,41,45.6,45.9,45.75,0.183990582246387,6.6973,0.3,0.0448,0.0066,0.9483
2026-08-01,wing_below,6750.0,2026-09-11,41,20.8,21.1,20.95,0.227285821922229,3.8415,0.3,0.0781,0.0143,0.9015
2026-08-01,short_above,7150.0,2026-09-11,41,51.5,51.9,51.7,0.178391254088371,7.2105,0.4,0.0555,0.0077,0.955
2026-08-01,short_above,7125.0,2026-08-07,6,1.9,2.15,2.025,0.195543656050314,0.6418,0.25,0.3896,0.1235,0.9487
2026-08-01,short_below,7100.0,2026-08-07,6,1.65,1.7,1.675,0.201727527566706,0.564,0.05,0.0887,0.0299,0.9454
2026-08-01,wing_above,6925.0,2026-08-07,6,0.7,0.8,0.75,0.248582650903625,0.2655,0.1,0.3767,0.1333,0.9221
2026-08-01,wing_below,6900.0,2026-08-07,6,0.6,0.7,0.65,0.255686849014029,0.2431,0.1,0.4113,0.1538,0.9187
2026-08-01,short_above,7275.0,2026-08-21,20,30.0,30.4,30.2,0.157083009700117,4.9854,0.4,0.0802,0.0132,0.9687
2026-08-01,short_below,7270.0,2026-08-21,20,29.2,29.5,29.35,0.157772538854348,4.925,0.3,0.0609,0.0102,0.968
2026-08-01,wing_above,7075.0,2026-08-21,20,13.2,13.5,13.35,0.185993388343756,2.8514,0.3,0.1052,0.0225,0.942
2026-08-01,wing_below,7070.0,2026-08-21,20,12.9,13.2,13.05,0.187053366951492,2.8123,0.3,0.1067,0.023,0.9414
2026-08-01,short_above,7295.0,2026-08-21,20,32.4,32.8,32.6,0.15432045599371,5.1314,0.4,0.078,0.0123,0.9713
2026-08-01,short_below,7280.0,2026-08-21,20,30.4,30.7,30.55,0.156889035624807,4.9485,0.3,0.0606,0.0098,0.9693
2026-08-01,wing_above,7090.0,2026-08-21,20,13.8,14.1,13.95,0.183708487401673,2.9722,0.3,0.1009,0.0215,0.944
2026-08-01,wing_below,7085.0,2026-08-21,20,13.5,13.8,13.65,0.184467909724608,2.9313,0.3,0.1023,0.022,0.9434
2026-08-01,short_above,7225.0,2026-08-21,20,23.8,24.1,23.95,0.164014852251788,4.3874,0.3,0.0684,0.0125,0.962
2026-08-01,short_below,7220.0,2026-08-21,20,23.1,23.5,23.3,0.164716006141599,4.3305,0.4,0.0924,0.0172,0.9613
2026-08-01,wing_above,7020.0,2026-08-21,20,10.6,10.9,10.75,0.195812531494594,2.4524,0.3,0.1223,0.0279,0.9347
2026-08-01,wing_below,7010.0,2026-08-21,20,10.2,10.5,10.35,0.196139250311677,2.387,0.3,0.1257,0.029,0.9334
2026-08-01,wing_above,6985.0,2026-08-21,20,9.3,9.6,9.45,0.200151517056973,2.2322,0.3,0.1344,0.0317,0.9301
2026-08-01,wing_below,6980.0,2026-08-21,20,9.2,9.5,9.35,0.201951250078427,2.2027,0.3,0.1362,0.0321,0.9294
2026-08-01,short_above,7330.0,2026-08-21,20,37.4,37.8,37.6,0.149410697967663,5.657,0.4,0.0707,0.0106,0.976
2026-08-01,short_below,7325.0,2026-08-21,20,36.7,37.1,36.9,0.150122278231763,5.5968,0.4,0.0715,0.0108,0.9753
2026-08-01,wing_above,7065.0,2026-08-21,20,12.5,12.9,12.7,0.187527921478769,2.837,0.4,0.141,0.0315,0.9407
2026-08-01,wing_below,7060.0,2026-08-21,20,12.4,12.7,12.55,0.188298663486496,2.7985,0.3,0.1072,0.0239,0.94
2026-08-01,wing_above,7050.0,2026-08-28,27,20.9,21.2,21.05,0.191718003715912,3.9693,0.3,0.0756,0.0143,0.9387
2026-08-01,short_above,7290.0,2026-08-28,27,46.0,46.4,46.2,0.159865894954503,6.465,0.4,0.0619,0.0087,0.9713
2026-08-01,short_below,7280.0,2026-08-28,27,44.5,45.0,44.75,0.161238106512553,6.3529,0.5,0.0787,0.0112,0.97
2026-08-01,wing_above,7000.0,2026-08-28,27,17.9,18.2,18.05,0.198745396287107,3.5563,0.3,0.0844,0.0166,0.9327
2026-08-01,wing_below,6990.0,2026-08-28,27,17.3,17.7,17.5,0.200123301614315,3.479,0.4,0.115,0.0229,0.9313
2026-08-01,short_below,7310.0,2026-08-28,27,49.0,49.4,49.2,0.160618150778075,6.9167,0.4,0.0578,0.0081,0.974
2026-08-01,wing_above,7050.0,2026-08-28,27,20.7,21.1,20.9,0.191942258603226,3.9693,0.4,0.1008,0.0191,0.9393
2026-08-01,wing_below,7025.0,2026-08-28,27,19.3,19.6,19.45,0.205086336055365,4.7329,0.3,0.0634,0.0154,0.936
2026-08-01,short_below,7300.0,2026-08-28,27,47.4,47.9,47.65,0.157815322692381,6.5483,0.5,0.0764,0.0105,0.9726
2026-08-01,short_above,7220.0,2026-08-28,27,36.0,36.5,36.25,0.169353712974847,5.6751,0.5,0.0881,0.0138,0.962
2026-08-01,short_below,7210.0,2026-08-28,27,34.9,35.3,35.1,0.170689509156884,5.5648,0.4,0.0719,0.0114,0.9606
2026-08-01,wing_above,6925.0,2026-08-28,27,14.4,14.7,14.55,0.209235978860266,3.0182,0.3,0.0994,0.0206,0.9227
2026-08-01,wing_below,6900.0,2026-08-28,27,13.5,13.8,13.65,0.212817081258358,2.8595,0.3,0.1049,0.022,0.9193
2026-08-01,short_above,7225.0,2026-08-31,30,39.7,40.1,39.9,0.16499483239565,6.1458,0.4,0.0651,0.01,0.9626
2026-08-01,short_below,7220.0,2026-08-31,30,39.0,39.4,39.2,0.165847885293261,6.0853,0.4,0.0657,0.0102,0.962
2026-08-01,wing_above,6920.0,2026-08-31,30,15.9,16.3,16.1,0.20588559307059,3.3232,0.4,0.1204,0.0248,0.922
2026-08-01,wing_below,6915.0,2026-08-31,30,15.7,16.1,15.9,0.206580103841807,3.29,0.4,0.1216,0.0252,0.9213
2026-08-01,short_above,7230.0,2026-08-31,30,40.2,40.6,40.4,0.164334281336378,6.1974,0.4,0.0645,0.0099,0.9633
2026-08-01,wing_above,6930.0,2026-08-31,30,16.3,16.6,16.45,0.20449976977058,3.3929,0.3,0.0884,0.0182,0.9233
2026-08-01,short_above,7275.0,2026-09-04,34,54.8,55.2,55.0,0.162224768589661,7.3374,0.4,0.0545,0.0073,0.9693
2026-08-01,short_below,7250.0,2026-09-04,34,50.9,51.3,51.1,0.165468893241835,7.0657,0.4,0.0566,0.0078,0.966
2026-08-01,wing_above,6975.0,2026-09-04,34,23.8,24.2,24.0,0.200788949215997,4.3672,0.4,0.0916,0.0167,0.9293
2026-08-01,wing_below,6950.0,2026-09-04,34,22.4,22.8,22.6,0.205980017477413,4.1705,0.4,0.0959,0.0177,0.926
2026-08-01,short_above,7150.0,2026-09-04,34,38.4,38.9,38.65,0.17824847094863,5.9934,0.5,0.0834,0.0129,0.9526
2026-08-01,short_below,7125.0,2026-09-04,34,35.9,36.3,36.1,0.181423137550354,5.737,0.4,0.0697,0.0111,0.9493
2026-08-01,wing_above,6850.0,2026-09-04,34,17.7,18.1,17.9,0.217635510584517,3.4727,0.4,0.1152,0.0223,0.9127
2026-08-01,short_above,7125.0,2026-09-04,34,35.7,36.1,35.9,0.182980868179291,5.737,0.4,0.0697,0.0111,0.9493
2026-08-01,short_below,7100.0,2026-09-04,34,33.2,33.6,33.4,0.185010039373699,5.4875,0.4,0.0729,0.012,0.946
2026-08-01,short_above,7200.0,2026-09-11,41,52.7,53.3,53.0,0.169875695177824,7.4586,0.6,0.0804,0.0113,0.9594
2026-08-01,short_below,7150.0,2026-09-11,41,46.5,46.9,46.7,0.175897203295839,6.9254,0.4,0.0578,0.0086,0.9528
2026-08-01,wing_above,6850.0,2026-09-11,41,22.9,23.2,23.05,0.213051444175743,4.2488,0.3,0.0706,0.013,0.9128
2026-08-01,wing_below,6800.0,2026-09-11,41,20.6,20.9,20.75,0.220610907417088,3.9122,0.3,0.0767,0.0145,0.9061
2026-08-01,short_above,7125.0,2026-09-11,41,43.5,43.9,43.7,0.178915627531566,6.6643,0.4,0.06,0.0092,0.9494
2026-08-01,short_below,7100.0,2026-09-11,41,40.9,41.3,41.1,0.181943525023419,6.4082,0.4,0.0624,0.0097,0.9461
2026-08-01,wing_above,6800.0,2026-09-11,41,20.7,21.0,20.85,0.220610907417088,3.9122,0.3,0.0767,0.0144,0.9061
2026-08-01,wing_below,6750.0,2026-09-11,41,18.7,19.0,18.85,0.225939505166248,3.626,0.3,0.0827,0.0159,0.8995
2026-08-01,short_above,7320.0,2026-08-28,27,53.1,53.7,53.4,0.155189448340224,6.826,0.6,0.0879,0.0112,0.9767
2026-08-01,wing_above,7050.0,2026-08-28,27,21.6,22.0,21.8,0.191181441049032,3.9926,0.4,0.1002,0.0183,0.9407
2026-08-01,short_below,7280.0,2026-08-28,27,46.2,46.7,46.45,0.160347999391127,6.3763,0.5,0.0784,0.0108,0.9714
2026-08-01,wing_above,7000.0,2026-08-28,27,18.6,19.0,18.8,0.197916185009834,3.5743,0.4,0.1119,0.0213,0.934
2026-08-01,wing_below,6990.0,2026-08-28,27,18.1,18.5,18.3,0.199279952420181,3.496,0.4,0.1144,0.0219,0.9327
2026-08-01,short_below,7310.0,2026-08-28,27,51.3,51.8,51.55,0.15639273980216,6.6717,0.5,0.0749,0.0097,0.9754
2026-08-01,wing_below,7025.0,2026-08-28,27,20.1,20.4,20.25,0.195268996107014,3.7573,0.3,0.0798,0.0148,0.9374
2026-08-01,short_below,7300.0,2026-08-28,27,49.4,49.9,49.65,0.157830210406631,6.5998,0.5,0.0758,0.0101,0.9741
2026-08-01,wing_below,7025.0,2026-08-28,27,20.0,20.4,20.2,0.195268996107014,3.7779,0.4,0.1059,0.0198,0.9374
2026-08-01,short_above,7220.0,2026-08-28,27,37.5,38.0,37.75,0.168691323886015,5.7126,0.5,0.0875,0.0132,0.9634
2026-08-01,short_below,7210.0,2026-08-28,27,36.3,36.8,36.55,0.170031491738543,5.6026,0.5,0.0892,0.0137,0.9621
2026-08-01,wing_above,6925.0,2026-08-28,27,14.9,15.2,15.05,0.208297286791485,3.0287,0.3,0.0991,0.0199,0.924
2026-08-01,wing_below,6900.0,2026-08-28,27,13.9,14.2,14.05,0.211840405865193,2.8677,0.3,0.1046,0.0214,0.9207
2026-08-01,short_above,7225.0,2026-08-31,30,41.3,41.7,41.5,0.164245306781676,6.1197,0.4,0.0654,0.0096,0.9641
2026-08-01,short_below,7220.0,2026-08-31,30,40.6,41.1,40.85,0.164903783665836,6.0721,0.5,0.0823,0.0122,0.9634
2026-08-01,wing_above,6920.0,2026-08-31,30,16.5,16.8,16.65,0.205056185264992,3.3049,0.3,0.0908,0.018,0.9234
2026-08-01,wing_below,6915.0,2026-08-31,30,16.2,16.6,16.4,0.205750321595431,3.2771,0.4,0.1221,0.0244,0.9227
2026-08-01,short_above,7230.0,2026-08-31,30,41.8,42.3,42.05,0.163633309726916,6.1847,0.5,0.0808,0.0119,0.9647
2026-08-01,wing_above,6930.0,2026-08-31,30,16.8,17.2,17.0,0.203639399711944,3.3716,0.4,0.1186,0.0235,0.9246
2026-08-01,short_above,7275.0,2026-09-04,34,57.1,57.6,57.35,0.161525906489636,7.3498,0.5,0.068,0.0087,0.9707
2026-08-01,short_below,7250.0,2026-09-04,34,53.1,53.6,53.35,0.164755864066072,7.0773,0.5,0.0706,0.0094,0.9673
2026-08-01,wing_above,6975.0,2026-09-04,34,24.8,25.2,25.0,0.200484507169221,4.3816,0.4,0.0913,0.016,0.9306
2026-08-01,wing_below,6950.0,2026-09-04,34,23.2,23.7,23.45,0.203804305308145,4.1843,0.5,0.1195,0.0213,0.9273
2026-08-01,short_above,7150.0,2026-09-04,34,39.8,40.3,40.05,0.177637402164905,6.0078,0.5,0.0832,0.0125,0.954
2026-08-01,short_below,7125.0,2026-09-04,34,37.2,37.6,37.4,0.180865140958986,5.7488,0.4,0.0696,0.0107,0.9506
2026-08-01,wing_above,6850.0,2026-09-04,34,18.3,18.6,18.45,0.217252341439532,3.4813,0.3,0.0862,0.0163,0.914
2026-08-01,wing_below,6800.0,2026-09-04,34,16.3,16.6,16.45,0.224104247814877,3.179,0.3,0.0944,0.0182,0.9073
2026-08-01,short_below,7100.0,2026-09-04,34,34.7,35.1,34.9,0.184102321006227,5.5001,0.4,0.0727,0.0115,0.9473
2026-08-01,short_above,7200.0,2026-09-11,41,54.6,55.2,54.9,0.169518768715236,7.4385,0.6,0.0807,0.0109,0.9606
2026-08-01,short_below,7150.0,2026-09-11,41,48.0,48.5,48.25,0.175538117820399,6.9048,0.5,0.0724,0.0104,0.954
2026-08-01,wing_above,6850.0,2026-09-11,41,23.6,23.9,23.75,0.212107813380576,4.2297,0.3,0.0709,0.0126,0.914
2026-08-01,wing_below,6800.0,2026-09-11,41,21.2,21.6,21.4,0.21843652757498,3.8929,0.4,0.1028,0.0187,0.9073
2026-08-01,short_above,7125.0,2026-09-11,41,45.1,45.5,45.3,0.178536485140527,6.6435,0.4,0.0602,0.0088,0.9506
2026-08-01,short_below,7100.0,2026-09-11,41,42.3,42.7,42.5,0.182003343542492,6.3874,0.4,0.0626,0.0094,0.9473
2026-08-01,wing_above,6800.0,2026-09-11,41,21.2,21.5,21.35,0.219067398534896,3.8929,0.3,0.0771,0.0141,0.9073
2026-08-01,wing_below,6750.0,2026-09-11,41,19.1,19.4,19.25,0.224781329579941,3.5833,0.3,0.0837,0.0156,0.9006
2026-08-01,wing_above,6850.0,2026-09-11,41,23.6,24.0,23.8,0.212655196786269,4.2297,0.4,0.0946,0.0168,0.914
2026-08-03,short_above,7275.0,2026-08-21,18,20.0,20.5,20.25,0.166034010647813,3.8914,0.5,0.1285,0.0247,0.9624
2026-08-03,short_below,7270.0,2026-08-21,18,19.6,20.1,19.85,0.166824691392352,3.8339,0.5,0.1304,0.0252,0.9618
2026-08-03,wing_above,7075.0,2026-08-21,18,8.9,9.4,9.15,0.198941822396768,2.1926,0.5,0.228,0.0546,0.936
2026-08-03,wing_below,7070.0,2026-08-21,18,8.9,9.2,9.05,0.199563594478671,2.1618,0.3,0.1388,0.0331,0.9352
2026-08-03,short_above,7295.0,2026-08-21,18,22.0,22.4,22.2,0.162591403984871,4.1123,0.4,0.0973,0.018,0.965
2026-08-03,short_below,7280.0,2026-08-21,18,20.6,21.1,20.85,0.164936956882454,3.9459,0.5,0.1267,0.024,0.963
2026-08-03,wing_above,7090.0,2026-08-21,18,9.6,9.9,9.75,0.196381509883612,2.2881,0.3,0.1311,0.0308,0.9379
2026-08-03,wing_below,7085.0,2026-08-21,18,9.5,9.8,9.65,0.197210456672605,2.2557,0.3,0.133,0.0311,0.9372
2026-08-03,short_above,7225.0,2026-08-21,18,16.5,16.9,16.7,0.173703808700517,3.3563,0.4,0.1192,0.024,0.9557
2026-08-03,short_below,7220.0,2026-08-21,18,16.1,16.4,16.25,0.175420856790346,3.3082,0.3,0.0907,0.0185,0.9551
2026-08-03,wing_above,7020.0,2026-08-21,18,7.5,7.8,7.65,0.208547195776374,1.8795,0.3,0.1596,0.0392,0.9286
2026-08-03,wing_below,7010.0,2026-08-21,18,7.2,7.5,7.35,0.210306876287378,1.8283,0.3,0.1641,0.0408,0.9273
2026-08-03,short_above,7280.0,2026-08-21,18,20.8,21.1,20.95,0.164936956882454,3.9273,0.3,0.0764,0.0143,0.963
2026-08-03,short_below,7275.0,2026-08-21,18,20.4,20.7,20.55,0.166866898321141,3.8914,0.3,0.0771,0.0146,0.9623
2026-08-03,wing_above,6985.0,2026-08-21,18,6.7,6.9,6.8,0.211679994320559,1.7124,0.2,0.1168,0.0294,0.924
2026-08-03,wing_below,6980.0,2026-08-21,18,6.6,6.8,6.7,0.215608353977151,1.6896,0.2,0.1184,0.0299,0.9233
2026-08-03,short_above,7330.0,2026-08-21,18,25.9,26.3,26.1,0.157164307547082,4.5009,0.4,0.0889,0.0153,0.9696
2026-08-03,short_below,7325.0,2026-08-21,18,25.3,25.7,25.5,0.158975202501699,4.4416,0.4,0.0901,0.0157,0.9689
2026-08-03,wing_above,7065.0,2026-08-21,18,8.8,9.0,8.9,0.200292899952651,2.1307,0.2,0.0939,0.0225,0.9345
2026-08-03,wing_below,7060.0,2026-08-21,18,8.6,8.8,8.7,0.201548259666807,2.1013,0.2,0.0952,0.023,0.9339
2026-08-03,short_above,7320.0,2026-08-28,25,38.3,38.8,38.55,0.162445075271143,5.7897,0.5,0.0864,0.013,0.9683
2026-08-03,short_below,7310.0,2026-08-28,25,37.0,37.5,37.25,0.16390089001514,5.6775,0.5,0.0881,0.0134,0.967
2026-08-03,wing_above,7050.0,2026-08-28,25,15.8,16.2,16.0,0.201517819610612,3.2138,0.4,0.1245,0.025,0.9326
2026-08-03,wing_below,7025.0,2026-08-28,25,14.8,15.1,14.95,0.20526504426558,3.0379,0.3,0.0988,0.0201,0.9293
2026-08-03,short_above,7290.0,2026-08-28,25,34.7,35.1,34.9,0.16679581946545,5.4547,0.4,0.0733,0.0115,0.9643
2026-08-03,short_below,7280.0,2026-08-28,25,33.4,33.8,33.6,0.168236102765811,5.3629,0.4,0.0746,0.0119,0.963
2026-08-03,wing_above,7000.0,2026-08-28,25,13.8,14.0,13.9,0.209047379863222,2.8726,0.2,0.0696,0.0144,0.9259
2026-08-03,wing_below,6990.0,2026-08-28,25,13.4,13.7,13.55,0.21057021816626,2.8094,0.3,0.1068,0.0221,0.9246
2026-08-03,wing_above,7050.0,2026-08-28,25,15.9,16.2,16.05,0.202119305388815,3.2138,0.3,0.0933,0.0187,0.9328
2026-08-03,short_above,7310.0,2026-08-28,25,37.0,37.5,37.25,0.163956048545854,5.6775,0.5,0.0881,0.0134,0.9672
2026-08-03,short_below,7300.0,2026-08-28,25,35.8,36.1,35.95,0.165401180435094,5.5658,0.3,0.0539,0.0083,0.9659
2026-08-03,wing_above,7050.0,2026-08-28,25,15.9,16.2,16.05,0.202119305388815,3.2138,0.3,0.0933,0.0187,0.9328
2026-08-03,wing_below,7025.0,2026-08-28,25,14.8,15.1,14.95,0.205944978405377,3.0379,0.3,0.0988,0.0201,0.9295
2026-08-03,short_above,7220.0,2026-08-28,25,27.2,27.6,27.4,0.175661377488331,4.7005,0.4,0.0851,0.0146,0.9553
2026-08-03,short_below,7210.0,2026-08-28,25,26.3,26.7,26.5,0.178310718554461,4.607,0.4,0.0868,0.0151,0.954
2026-08-03,wing_above,6925.0,2026-08-28,25,11.2,11.5,11.35,0.221080380954078,2.4469,0.3,0.1226,0.0264,0.9163
2026-08-03,wing_below,6900.0,2026-08-28,25,10.5,10.8,10.65,0.225029351750153,2.3196,0.3,0.1293,0.0282,0.9129
2026-08-03,short_above,7225.0,2026-08-31,28,30.3,30.7,30.5,0.17229929668954,5.1814,0.4,0.0772,0.0131,0.9559
2026-08-03,short_below,7220.0,2026-08-31,28,29.9,30.3,30.1,0.173004861647884,5.1289,0.4,0.078,0.0133,0.9553
2026-08-03,wing_above,6920.0,2026-08-31,28,12.5,12.9,12.7,0.215600831741384,2.721,0.4,0.147,0.0315,0.9156
2026-08-03,wing_below,6915.0,2026-08-31,28,12.4,12.7,12.55,0.214663510600305,2.6928,0.3,0.1114,0.0239,0.9149
2026-08-03,short_above,7230.0,2026-08-31,28,30.7,31.1,30.9,0.172496821087379,5.2342,0.4,0.0764,0.0129,0.9566
2026-08-03,wing_above,6930.0,2026-08-31,28,12.8,13.1,12.95,0.214128719802481,2.7786,0.3,0.108,0.0232,0.9169
2026-08-03,wing_below,6920.0,2026-08-31,28,12.5,12.8,12.65,0.21601768062289,2.721,0.3,0.1103,0.0237,0.9156
2026-08-03,short_above,7275.0,2026-09-04,32,43.2,43.7,43.45,0.168875822814828,6.4286,0.5,0.0778,0.0115,0.9626
2026-08-03,short_below,7250.0,2026-09-04,32,40.0,40.4,40.2,0.171067360205698,6.165,0.4,0.0649,0.01,0.9593
2026-08-03,wing_above,6975.0,2026-09-04,32,19.1,19.5,19.3,0.209566620443972,3.6938,0.4,0.1083,0.0207,0.9229
2026-08-03,wing_below,6950.0,2026-09-04,32,18.0,18.4,18.2,0.213077091396064,3.5235,0.4,0.1135,0.022,0.9196
2026-08-03,short_above,7150.0,2026-09-04,32,30.1,30.6,30.35,0.185603049424072,5.1423,0.5,0.0972,0.0165,0.946
2026-08-03,short_below,7125.0,2026-09-04,32,28.0,28.5,28.25,0.189172840968571,4.9076,0.5,0.1019,0.0177,0.9427
2026-08-03,wing_above,6850.0,2026-09-04,32,14.3,14.6,14.45,0.227349908449166,2.9254,0.3,0.1026,0.0208,0.9063
2026-08-03,wing_below,6800.0,2026-09-04,32,12.8,13.1,12.95,0.234625519469805,2.6714,0.3,0.1123,0.0232,0.8997
2026-08-03,short_below,7100.0,2026-09-04,32,26.2,26.6,26.4,0.190461589242306,4.6819,0.4,0.0854,0.0152,0.9394
2026-08-03,wing_below,6800.0,2026-09-04,32,12.8,13.1,12.95,0.232878233993738,2.6714,0.3,0.1123,0.0232,0.8997
2026-08-03,short_above,7200.0,2026-09-11,39,42.5,43.0,42.75,0.176104899325117,6.5827,0.5,0.076,0.0117,0.9526
2026-08-03,short_below,7150.0,2026-09-11,39,37.4,37.9,37.65,0.18206077229218,6.0736,0.5,0.0823,0.0133,0.9458
2026-08-03,wing_above,6850.0,2026-09-11,39,18.9,19.3,19.1,0.219912452226497,3.6696,0.4,0.109,0.0209,0.9062
2026-08-03,wing_below,6800.0,2026-09-11,39,17.1,17.4,17.25,0.226510971284177,3.3786,0.3,0.0888,0.0174,0.8995
2026-08-03,short_above,7125.0,2026-09-11,39,35.1,35.6,35.35,0.18521141613642,5.8289,0.5,0.0858,0.0141,0.9425
2026-08-03,short_below,7100.0,2026-09-11,39,33.0,33.4,33.2,0.188372606670855,5.5917,0.4,0.0715,0.012,0.9392
2026-08-03,wing_below,6750.0,2026-09-11,39,15.4,15.8,15.6,0.234447127484029,3.1143,0.4,0.1284,0.0256,0.8929
2026-08-03,short_above,7150.0,2026-09-11,39,37.1,37.6,37.35,0.182220362659364,6.0736,0.5,0.0823,0.0134,0.9458
2026-08-03,wing_below,6800.0,2026-09-11,39,16.9,17.3,17.1,0.227649385267536,3.3786,0.4,0.1184,0.0234,0.8995
2026-08-03,short_above,7275.0,2026-08-21,18,16.6,16.8,16.7,0.163423074099507,3.5416,0.2,0.0565,0.012,0.9602
2026-08-03,short_below,7270.0,2026-08-21,18,16.2,16.5,16.35,0.164212814459779,3.4896,0.3,0.086,0.0183,0.9595
2026-08-03,wing_above,7075.0,2026-08-21,18,7.5,7.7,7.6,0.196350433887953,1.9484,0.2,0.1027,0.0263,0.9338
2026-08-03,wing_below,7070.0,2026-08-21,18,7.3,7.5,7.4,0.19721490828372,1.9205,0.2,0.1041,0.027,0.9331
2026-08-03,short_above,7295.0,2026-08-21,18,18.1,18.4,18.25,0.160260100402916,3.7574,0.3,0.0798,0.0164,0.9628
2026-08-03,short_below,7280.0,2026-08-21,18,17.0,17.2,17.1,0.162390589168428,3.5947,0.2,0.0556,0.0117,0.9608
2026-08-03,wing_above,7090.0,2026-08-21,18,7.9,8.1,8.0,0.193842472485066,2.0348,0.2,0.0983,0.025,0.9356
2026-08-03,wing_below,7085.0,2026-08-21,18,7.7,7.9,7.8,0.194707038206074,2.0055,0.2,0.0997,0.0256,0.935
2026-08-03,short_above,7225.0,2026-08-21,18,13.4,13.6,13.5,0.171222565286918,3.0378,0.2,0.0658,0.0148,0.9534
2026-08-03,short_below,7220.0,2026-08-21,18,13.1,13.4,13.25,0.172028696621143,2.992,0.3,0.1003,0.0226,0.9528
2026-08-03,wing_above,7020.0,2026-08-21,18,6.2,6.4,6.3,0.206049047191198,1.667,0.2,0.12,0.0317,0.9264
2026-08-03,wing_below,7010.0,2026-08-21,18,6.0,6.2,6.1,0.207808869830605,1.6213,0.2,0.1234,0.0328,0.9251
2026-08-03,short_below,7275.0,2026-08-21,18,16.6,16.8,16.7,0.163428495264221,3.5416,0.2,0.0565,0.012,0.96
2026-08-03,wing_above,6985.0,2026-08-21,18,5.5,5.6,5.55,0.212224502670702,1.5142,0.1,0.066,0.018,0.9218
2026-08-03,wing_below,6980.0,2026-08-21,18,5.4,5.6,5.5,0.213110361859316,1.4937,0.2,0.1339,0.0364,0.9211
2026-08-03,short_above,7330.0,2026-08-21,18,21.2,21.5,21.35,0.154643241334443,4.1524,0.3,0.0722,0.0141,0.9673
2026-08-03,short_below,7325.0,2026-08-21,18,20.7,20.9,20.8,0.155436751508313,4.0937,0.2,0.0489,0.0096,0.9666
2026-08-03,wing_above,7065.0,2026-08-21,18,7.2,7.4,7.3,0.198177619719067,1.8937,0.2,0.1056,0.0274,0.9323
2026-08-03,wing_below,7060.0,2026-08-21,18,7.1,7.3,7.2,0.199048134332588,1.8668,0.2,0.1071,0.0278,0.9317
2026-08-03,short_above,7320.0,2026-08-28,25,33.6,34.0,33.8,0.160937989036062,5.4882,0.4,0.0729,0.0118,0.966
2026-08-03,short_below,7310.0,2026-08-28,25,32.4,32.8,32.6,0.163237660237068,5.6775,0.4,0.0705,0.0123,0.9646
2026-08-03,wing_above,7050.0,2026-08-28,25,13.9,14.1,14.0,0.200407339597246,2.9811,0.2,0.0671,0.0143,0.9303
2026-08-03,short_above,7290.0,2026-08-28,25,30.3,30.6,30.45,0.165248411887513,5.1497,0.3,0.0583,0.0099,0.962
2026-08-03,short_below,7280.0,2026-08-28,25,29.2,29.6,29.4,0.166687288057881,5.0333,0.4,0.0795,0.0136,0.9607
2026-08-03,wing_above,7000.0,2026-08-28,25,12.0,12.3,12.15,0.20802768774779,2.6607,0.3,0.1128,0.0247,0.9237
2026-08-03,wing_below,6990.0,2026-08-28,25,11.7,11.9,11.8,0.20956893989667,2.6016,0.2,0.0769,0.0169,0.9224
2026-08-03,short_above,7320.0,2026-08-28,25,33.5,33.9,33.7,0.161706557652529,5.4882,0.4,0.0729,0.0119,0.966
2026-08-03,short_below,7310.0,2026-08-28,25,32.3,32.7,32.5,0.163237660237068,5.3742,0.4,0.0744,0.0123,0.9646
2026-08-03,wing_above,7050.0,2026-08-28,25,13.8,14.1,13.95,0.200081577429383,2.9811,0.3,0.1006,0.0215,0.9303
2026-08-03,short_above,7310.0,2026-08-28,25,32.4,32.8,32.6,0.163237660237068,5.3742,0.4,0.0744,0.0123,0.9646
2026-08-03,short_below,7300.0,2026-08-28,25,31.3,31.7,31.5,0.163810635018634,5.2614,0.4,0.076,0.0127,0.9633
2026-08-03,wing_below,7025.0,2026-08-28,25,12.9,13.2,13.05,0.205944978405377,3.0379,0.3,0.0988,0.023,0.927
2026-08-03,short_above,7220.0,2026-08-28,25,23.7,24.1,23.9,0.175349428409036,4.4067,0.4,0.0908,0.0167,0.9528
2026-08-03,short_below,7210.0,2026-08-28,25,22.9,23.2,23.05,0.176798985395712,4.3078,0.3,0.0696,0.013,0.9514
2026-08-03,wing_above,6925.0,2026-08-28,25,9.8,10.1,9.95,0.221195793475802,2.2506,0.3,0.1333,0.0302,0.9138
2026-08-03,wing_below,6900.0,2026-08-28,25,9.2,9.5,9.35,0.223758831375641,2.1322,0.3,0.1407,0.0321,0.9105
2026-08-03,short_above,7225.0,2026-08-31,28,26.7,26.9,26.8,0.170913462351348,4.8901,0.2,0.0409,0.0075,0.9534
2026-08-03,short_below,7220.0,2026-08-31,28,26.2,26.6,26.4,0.171614253964432,4.8386,0.4,0.0827,0.0152,0.9527
2026-08-03,wing_above,6920.0,2026-08-31,28,11.1,11.3,11.2,0.214802358551964,2.5262,0.2,0.0792,0.0179,0.9132
2026-08-03,wing_below,6915.0,2026-08-31,28,11.0,11.2,11.1,0.21555196522845,2.5,0.2,0.08,0.018,0.9125
2026-08-03,short_above,7230.0,2026-08-31,28,27.1,27.5,27.3,0.170212773788295,4.942,0.4,0.0809,0.0147,0.9541
2026-08-03,short_below,7225.0,2026-08-31,28,26.7,27.0,26.85,0.171212804719206,4.8901,0.3,0.0613,0.0112,0.9534
2026-08-03,wing_above,6930.0,2026-08-31,28,11.4,11.6,11.5,0.213306373812281,2.5797,0.2,0.0775,0.0174,0.9145
2026-08-03,short_above,7275.0,2026-09-04,32,39.1,39.4,39.25,0.168130567858784,6.1509,0.3,0.0488,0.0076,0.96
2026-08-03,short_below,7250.0,2026-09-04,32,36.3,36.7,36.5,0.171555427786664,5.8796,0.4,0.068,0.011,0.9567
2026-08-03,wing_above,6975.0,2026-09-04,32,17.3,17.7,17.5,0.209092190581963,3.4787,0.4,0.115,0.0229,0.9204
2026-08-03,wing_below,6950.0,2026-09-04,32,16.3,16.5,16.4,0.212600708623607,3.3159,0.2,0.0603,0.0122,0.9171
2026-08-03,short_above,7150.0,2026-09-04,32,27.3,27.6,27.45,0.185159320022945,4.8798,0.3,0.0615,0.0109,0.9435
2026-08-03,wing_above,6850.0,2026-09-04,32,13.0,13.3,13.15,0.226913463789745,2.7481,0.3,0.1092,0.0228,0.9039
2026-08-03,wing_below,6800.0,2026-09-04,32,11.7,11.9,11.8,0.232878233993738,2.5088,0.2,0.0797,0.0169,0.8973
2026-08-03,short_above,7125.0,2026-09-04,32,25.5,25.8,25.65,0.189172840968571,4.6512,0.3,0.0645,0.0117,0.9402
2026-08-03,short_below,7100.0,2026-09-04,32,23.9,24.1,24.0,0.191921864685868,4.4319,0.2,0.0451,0.0083,0.9369
2026-08-03,wing_above,6850.0,2026-09-04,32,13.0,13.3,13.15,0.227854967676249,2.7481,0.3,0.1092,0.0228,0.9039
2026-08-03,short_above,7200.0,2026-09-11,39,39.2,39.5,39.35,0.175670445419282,6.341,0.3,0.0473,0.0076,0.9501
2026-08-03,short_below,7150.0,2026-09-11,39,34.5,34.7,34.6,0.181997703720716,5.8384,0.2,0.0343,0.0058,0.9435
2026-08-03,wing_below,6800.0,2026-09-11,39,15.8,16.1,15.95,0.227458373154199,3.2201,0.3,0.0932,0.0188,0.8973
2026-08-03,short_above,7125.0,2026-09-11,39,32.4,32.7,32.55,0.185161521102412,5.5982,0.3,0.0536,0.0092,0.9402
2026-08-03,short_below,7100.0,2026-09-11,39,30.5,30.7,30.6,0.188145448108057,5.3658,0.2,0.0373,0.0065,0.937
2026-08-03,wing_below,6750.0,2026-09-11,39,14.3,14.6,14.45,0.234108927530372,2.9657,0.3,0.1012,0.0208,0.8908
2026-08-03,short_above,7150.0,2026-09-11,39,34.5,34.8,34.65,0.182220362659364,5.8384,0.3,0.0514,0.0087,0.9436
2026-08-03,wing_above,6850.0,2026-09-11,39,17.4,17.7,17.55,0.219912452226497,3.5005,0.3,0.0857,0.0171,0.904
2026-08-03,wing_below,6800.0,2026-09-11,39,15.8,16.1,15.95,0.227320579789689,3.2201,0.3,0.0932,0.0188,0.8974
2026-08-04,short_above,7275.0,2026-08-21,17,15.6,15.8,15.7,0.162910281053618,3.4252,0.2,0.0584,0.0127,0.9591
2026-08-04,short_below,7270.0,2026-08-21,17,15.2,15.4,15.3,0.16369898028583,3.3733,0.2,0.0593,0.0131,0.9585
2026-08-04,wing_above,7075.0,2026-08-21,17,7.0,7.2,7.1,0.195901244790906,1.8703,0.2,0.1069,0.0282,0.9328
2026-08-04,wing_below,7070.0,2026-08-21,17,6.9,7.0,6.95,0.196764673296705,1.8433,0.1,0.0542,0.0144,0.9321
2026-08-04,short_above,7295.0,2026-08-21,17,17.1,17.3,17.2,0.159756970701198,3.6388,0.2,0.055,0.0116,0.9618
2026-08-04,short_below,7280.0,2026-08-21,17,15.9,16.2,16.05,0.16212202337592,3.4776,0.3,0.0863,0.0187,0.9598
2026-08-04,wing_above,7090.0,2026-08-21,17,7.3,7.5,7.4,0.193318618491378,1.954,0.2,0.1024,0.027,0.9348
2026-08-04,wing_below,7085.0,2026-08-21,17,7.2,7.4,7.3,0.194178179290148,1.9256,0.2,0.1039,0.0274,0.9341
2026-08-04,short_above,7225.0,2026-08-21,17,12.5,12.7,12.6,0.170849999750174,2.9372,0.2,0.0681,0.0159,0.9526
2026-08-04,short_below,7220.0,2026-08-21,17,12.2,12.4,12.3,0.171652660683453,2.8923,0.2,0.0691,0.0163,0.9519
2026-08-04,wing_above,7020.0,2026-08-21,17,5.7,5.9,5.8,0.205462908271691,1.5976,0.2,0.1252,0.0345,0.9255
2026-08-04,wing_below,7010.0,2026-08-21,17,5.5,5.7,5.6,0.207215910516885,1.5533,0.2,0.1288,0.0357,0.9242
2026-08-04,short_above,7280.0,2026-08-21,17,15.8,16.0,15.9,0.162344462245394,3.4776,0.2,0.0575,0.0126,0.9598
2026-08-04,short_below,7275.0,2026-08-21,17,15.5,15.7,15.6,0.163381825182512,3.4252,0.2,0.0584,0.0128,0.9591
2026-08-04,wing_above,6985.0,2026-08-21,17,5.1,5.3,5.2,0.211617445617522,1.4489,0.2,0.138,0.0385,0.9209
2026-08-04,wing_below,6980.0,2026-08-21,17,5.0,5.2,5.1,0.212500978141833,1.425,0.2,0.1404,0.0392,0.9203
2026-08-04,short_above,7330.0,2026-08-21,17,19.9,20.2,20.05,0.154196854037612,4.0237,0.3,0.0746,0.015,0.9664
2026-08-04,short_below,7325.0,2026-08-21,17,19.5,19.7,19.6,0.154997385715551,3.9657,0.2,0.0504,0.0102,0.9657
2026-08-04,wing_above,7065.0,2026-08-21,17,6.7,6.9,6.8,0.197629322730287,1.8112,0.2,0.1104,0.0294,0.9315
2026-08-04,wing_below,7060.0,2026-08-21,17,6.6,6.8,6.7,0.198495166439692,1.7852,0.2,0.112,0.0299,0.9308
2026-08-04,short_above,7320.0,2026-08-28,24,32.0,32.3,32.15,0.160655708487887,5.3722,0.3,0.0558,0.0093,0.9651
2026-08-04,short_below,7310.0,2026-08-28,24,30.9,31.2,31.05,0.163237660237068,5.3742,0.3,0.0558,0.0097,0.9638
2026-08-04,wing_above,7050.0,2026-08-28,24,13.2,13.4,13.3,0.200179992886686,2.8951,0.2,0.0691,0.015,0.9295
2026-08-04,wing_below,7025.0,2026-08-28,24,12.3,12.5,12.4,0.205944978405377,2.8157,0.2,0.071,0.0161,0.9262
2026-08-04,short_above,7290.0,2026-08-28,24,28.8,29.0,28.9,0.164968768104859,5.0342,0.2,0.0397,0.0069,0.9611
2026-08-04,short_below,7280.0,2026-08-28,24,27.8,28.1,27.95,0.16640732637762,4.9271,0.3,0.0609,0.0107,0.9598
2026-08-04,wing_above,7000.0,2026-08-28,24,11.5,11.7,11.6,0.207800855462981,2.5819,0.2,0.0775,0.0172,0.9229
2026-08-04,wing_below,6990.0,2026-08-28,24,11.2,11.4,11.3,0.209256834213639,2.5241,0.2,0.0792,0.0177,0.9216
2026-08-04,short_above,7320.0,2026-08-28,24,32.2,32.5,32.35,0.160040715348703,5.3722,0.3,0.0558,0.0093,0.9651
2026-08-04,short_below,7310.0,2026-08-28,24,31.0,31.3,31.15,0.161479904220294,5.2583,0.3,0.0571,0.0096,0.9638
2026-08-04,wing_above,7050.0,2026-08-28,24,13.2,13.5,13.35,0.200081577429383,2.8951,0.3,0.1036,0.0225,0.9295
2026-08-04,wing_below,7025.0,2026-08-28,24,12.3,12.5,12.4,0.203879179797326,2.7334,0.2,0.0732,0.0161,0.9262
2026-08-04,short_below,7300.0,2026-08-28,24,29.8,30.1,29.95,0.163438386926812,5.1456,0.3,0.0583,0.01,0.9625
2026-08-04,wing_above,7050.0,2026-08-28,24,13.2,13.4,13.3,0.200081577429383,2.8951,0.2,0.0691,0.015,0.9295
2026-08-04,wing_below,7025.0,2026-08-28,24,12.3,12.5,12.4,0.203974135220188,2.7334,0.2,0.0732,0.0161,0.9262
2026-08-04,short_above,7220.0,2026-08-28,24,22.6,22.9,22.75,0.174968644297964,4.3054,0.3,0.0697,0.0132,0.9519
2026-08-04,short_below,7210.0,2026-08-28,24,21.9,22.2,22.05,0.176421239455706,4.2074,0.3,0.0713,0.0136,0.9506
2026-08-04,wing_above,6925.0,2026-08-28,24,9.4,9.6,9.5,0.218889311851503,2.1844,0.2,0.0916,0.0211,0.913
2026-08-04,wing_below,6900.0,2026-08-28,24,8.8,9.0,8.9,0.222597167954519,2.069,0.2,0.0967,0.0225,0.9097
2026-08-04,short_above,7225.0,2026-08-31,27,25.5,25.8,25.65,0.170529001482904,4.7841,0.3,0.0627,0.0117,0.9526
2026-08-04,short_below,7220.0,2026-08-31,27,25.1,25.4,25.25,0.17123253688389,4.7329,0.3,0.0634,0.0119,0.9519
2026-08-04,wing_above,6920.0,2026-08-31,27,10.6,10.8,10.7,0.214500858941054,2.4615,0.2,0.0813,0.0187,0.9124
2026-08-04,wing_below,6915.0,2026-08-31,27,10.4,10.7,10.55,0.215249614629764,2.4358,0.3,0.1232,0.0284,0.9117
2026-08-04,short_above,7230.0,2026-08-31,27,25.9,26.2,26.05,0.169825618664508,4.8358,0.3,0.062,0.0115,0.9533
2026-08-04,short_below,7225.0,2026-08-31,27,25.5,25.7,25.6,0.171212804719206,4.7841,0.2,0.0418,0.0078,0.9526
2026-08-04,wing_above,6930.0,2026-08-31,27,10.9,11.1,11.0,0.213006515833436,2.514,0.2,0.0796,0.0182,0.9137
2026-08-04,short_above,7275.0,2026-09-04,31,37.4,37.7,37.55,0.167430994450429,6.0424,0.3,0.0496,0.008,0.9592
2026-08-04,short_below,7250.0,2026-09-04,31,34.8,35.0,34.9,0.17081560816014,5.7717,0.2,0.0347,0.0057,0.9559
2026-08-04,wing_above,6975.0,2026-09-04,31,16.6,16.8,16.7,0.208788115920405,3.4046,0.2,0.0587,0.012,0.9196
2026-08-04,wing_below,6950.0,2026-09-04,31,15.6,15.9,15.75,0.212352867459944,3.246,0.3,0.0924,0.019,0.9163
2026-08-04,short_above,7150.0,2026-09-04,31,26.2,26.4,26.3,0.184415532525623,4.7762,0.2,0.0419,0.0076,0.9427
2026-08-04,short_below,7125.0,2026-09-04,31,24.5,24.7,24.6,0.187842878152102,4.5509,0.2,0.0439,0.0081,0.9394
2026-08-04,wing_above,6850.0,2026-09-04,31,12.4,12.7,12.55,0.226840896336657,2.6924,0.3,0.1114,0.0239,0.9031
2026-08-04,wing_below,6800.0,2026-09-04,31,11.2,11.5,11.35,0.234221336533952,2.4588,0.3,0.122,0.0264,0.8966
2026-08-04,short_below,7100.0,2026-09-04,31,22.9,23.1,23.0,0.19128584152748,4.3356,0.2,0.0461,0.0087,0.9361
2026-08-04,wing_above,6850.0,2026-09-04,31,12.4,12.7,12.55,0.227854967676249,2.6924,0.3,0.1114,0.0239,0.9031
2026-08-04,short_above,7200.0,2026-09-11,38,37.7,38.0,37.85,0.175305545413034,6.2302,0.3,0.0482,0.0079,0.9493
2026-08-04,short_below,7150.0,2026-09-11,38,33.2,33.5,33.35,0.181634487677479,5.7299,0.3,0.0524,0.009,0.9427
2026-08-04,wing_above,6850.0,2026-09-11,38,16.8,17.1,16.95,0.220343398859658,3.4185,0.3,0.0878,0.0177,0.9031
2026-08-04,wing_below,6800.0,2026-09-11,38,15.2,15.5,15.35,0.227064763211654,3.1441,0.3,0.0954,0.0195,0.8966
2026-08-04,short_above,7125.0,2026-09-11,38,31.2,31.5,31.35,0.184797035246233,5.4912,0.3,0.0546,0.0096,0.9394
2026-08-04,short_below,7100.0,2026-09-11,38,29.4,29.7,29.55,0.18796135010293,5.2606,0.3,0.057,0.0102,0.9361
2026-08-04,wing_below,6750.0,2026-09-11,38,13.9,14.1,14.0,0.233869204922043,2.8959,0.2,0.0691,0.0143,0.89
2026-08-04,wing_above,6850.0,2026-09-11,38,16.9,17.1,17.0,0.219912452226497,3.4185,0.2,0.0585,0.0118,0.9031
2026-08-04,wing_below,6800.0,2026-09-11,38,15.3,15.5,15.4,0.227064763211654,3.1441,0.2,0.0636,0.013,0.8966
2026-08-04,short_above,7275.0,2026-08-21,17,15.3,15.5,15.4,0.162660764043277,3.3832,0.2,0.0591,0.013,0.9589
2026-08-04,short_below,7270.0,2026-08-21,17,14.9,15.1,15.0,0.163655767232479,3.3316,0.2,0.06,0.0133,0.9582
2026-08-04,wing_above,7075.0,2026-08-21,17,6.8,7.0,6.9,0.195484429914076,1.8371,0.2,0.1089,0.029,0.9325
2026-08-04,wing_below,7070.0,2026-08-21,17,6.7,6.8,6.75,0.19634641767671,1.8105,0.1,0.0552,0.0148,0.9319
2026-08-04,short_above,7295.0,2026-08-21,17,16.6,16.8,16.7,0.159523708713133,3.5961,0.2,0.0556,0.012,0.9615
2026-08-04,short_below,7280.0,2026-08-21,17,15.6,15.8,15.7,0.16187775199459,3.4355,0.2,0.0582,0.0127,0.9596
2026-08-04,wing_above,7090.0,2026-08-21,17,7.2,7.4,7.3,0.192907415866177,1.92,0.2,0.1042,0.0274,0.9345
2026-08-04,wing_below,7085.0,2026-08-21,17,7.1,7.3,7.2,0.194806756430228,1.8919,0.2,0.1057,0.0278,0.9338
2026-08-04,short_above,7225.0,2026-08-21,17,12.3,12.5,12.4,0.170529578230276,2.885,0.2,0.0693,0.0161,0.9523
2026-08-04,short_below,7220.0,2026-08-21,17,12.1,12.3,12.2,0.171326123653168,2.8404,0.2,0.0704,0.0164,0.9516
2026-08-04,wing_above,7020.0,2026-08-21,17,5.6,5.8,5.7,0.206208481740482,1.568,0.2,0.1275,0.0351,0.9253
2026-08-04,wing_below,7010.0,2026-08-21,17,5.5,5.6,5.55,0.206969429132953,1.5244,0.1,0.0656,0.018,0.924
2026-08-04,short_above,7280.0,2026-08-21,17,15.7,15.9,15.8,0.162344462245394,3.4355,0.2,0.0582,0.0127,0.9596
2026-08-04,wing_above,6985.0,2026-08-21,17,5.0,5.2,5.1,0.225666882949245,1.4286,0.2,0.14,0.0392,0.9208
2026-08-04,wing_below,6980.0,2026-08-21,17,4.9,5.1,5.0,0.212242297847631,1.4089,0.2,0.142,0.04,0.9201
2026-08-04,short_above,7330.0,2026-08-21,17,19.7,19.9,19.8,0.153991025476156,3.9996,0.2,0.05,0.0101,0.9662
2026-08-04,short_below,7325.0,2026-08-21,17,19.2,19.4,19.3,0.154778965102101,3.9412,0.2,0.0507,0.0104,0.9656
2026-08-04,wing_above,7065.0,2026-08-21,17,6.6,6.8,6.7,0.197377025423186,1.7925,0.2,0.1116,0.0299,0.9313
2026-08-04,wing_below,7060.0,2026-08-21,17,6.5,6.6,6.55,0.198244511783383,1.7668,0.1,0.0566,0.0153,0.9306
2026-08-04,short_above,7320.0,2026-08-28,24,31.6,31.9,31.75,0.160356805972422,5.3498,0.3,0.0561,0.0094,0.9649
2026-08-04,wing_above,7050.0,2026-08-28,24,12.9,13.2,13.05,0.199618794767496,2.8675,0.3,0.1046,0.023,0.9293
2026-08-04,wing_below,7025.0,2026-08-28,24,12.0,12.3,12.15,0.203879179797326,2.7334,0.3,0.1098,0.0247,0.926
2026-08-04,short_above,7290.0,2026-08-28,24,28.4,28.6,28.5,0.164589115214623,5.0093,0.2,0.0399,0.007,0.961
2026-08-04,short_below,7280.0,2026-08-28,24,27.3,27.6,27.45,0.165644991337201,4.8987,0.3,0.0612,0.0109,0.9596
2026-08-04,wing_above,7000.0,2026-08-28,24,11.2,11.4,11.3,0.207219999864274,2.5552,0.2,0.0783,0.0177,0.9227
2026-08-04,wing_below,6990.0,2026-08-28,24,10.8,11.1,10.95,0.208756032191398,2.4976,0.3,0.1201,0.0274,0.9214
2026-08-04,short_below,7310.0,2026-08-28,24,30.4,30.7,30.55,0.161479904220294,5.235,0.3,0.0573,0.0098,0.9636
2026-08-04,wing_below,7025.0,2026-08-28,24,12.0,12.2,12.1,0.203879179797326,2.7062,0.2,0.0739,0.0165,0.926
2026-08-04,short_above,7310.0,2026-08-28,24,30.3,30.6,30.45,0.161479904220294,5.235,0.3,0.0573,0.0099,0.9636
2026-08-04,short_below,7300.0,2026-08-28,24,29.2,29.5,29.35,0.163145453330742,5.1214,0.3,0.0586,0.0102,0.9623
2026-08-04,short_above,7220.0,2026-08-28,24,22.1,22.4,22.25,0.174590599307412,4.2634,0.3,0.0704,0.0135,0.9517
2026-08-04,short_below,7210.0,2026-08-28,24,21.3,21.6,21.45,0.176033721844788,4.1654,0.3,0.072,0.014,0.9504
2026-08-04,wing_above,6925.0,2026-08-28,24,9.1,9.3,9.2,0.218889311851503,2.1592,0.2,0.0926,0.0217,0.9128
2026-08-04,wing_below,6900.0,2026-08-28,24,8.5,8.8,8.65,0.222824389393798,2.0444,0.3,0.1467,0.0347,0.9095
2026-08-04,short_above,7225.0,2026-08-31,27,25.1,25.3,25.2,0.170235920721079,4.7447,0.2,0.0422,0.0079,0.9524
2026-08-04,short_below,7220.0,2026-08-31,27,24.7,24.9,24.8,0.170933298760311,4.6934,0.2,0.0426,0.0081,0.9517
2026-08-04,wing_above,6920.0,2026-08-31,27,10.4,10.6,10.5,0.214171188373104,2.4315,0.2,0.0823,0.019,0.9122
2026-08-04,wing_below,6915.0,2026-08-31,27,10.2,10.5,10.35,0.214919417211573,2.406,0.3,0.1247,0.029,0.9115
2026-08-04,short_above,7230.0,2026-08-31,27,25.4,25.7,25.55,0.169458853802237,4.7964,0.3,0.0625,0.0117,0.953
2026-08-04,short_below,7225.0,2026-08-31,27,25.1,25.3,25.2,0.171212804719206,4.7447,0.2,0.0422,0.0079,0.9523
2026-08-04,wing_above,6930.0,2026-08-31,27,10.6,10.9,10.75,0.212643736602857,2.4835,0.3,0.1208,0.0279,0.9134
2026-08-04,short_above,7275.0,2026-09-04,31,37.0,37.3,37.15,0.167510008580952,6.0266,0.3,0.0498,0.0081,0.9589
2026-08-04,short_below,7250.0,2026-09-04,31,34.4,34.6,34.5,0.170876725774276,5.7452,0.2,0.0348,0.0058,0.9556
2026-08-04,wing_above,6975.0,2026-09-04,31,16.4,16.6,16.5,0.208394938527962,3.3695,0.2,0.0594,0.0121,0.9193
2026-08-04,wing_below,6950.0,2026-09-04,31,15.4,15.7,15.55,0.21193214529777,3.2101,0.3,0.0935,0.0193,0.916
2026-08-04,short_above,7150.0,2026-09-04,31,25.9,26.1,26.0,0.184330530514707,4.7484,0.2,0.0421,0.0077,0.9424
2026-08-04,short_below,7125.0,2026-09-04,31,24.1,24.4,24.25,0.187707896436035,4.5227,0.3,0.0663,0.0124,0.9391
2026-08-04,wing_above,6850.0,2026-09-04,31,12.3,12.5,12.4,0.226338913481819,2.6551,0.2,0.0753,0.0161,0.9028
2026-08-04,wing_below,6800.0,2026-09-04,31,11.1,11.3,11.2,0.233683897720338,2.422,0.2,0.0826,0.0179,0.8963
2026-08-04,short_below,7100.0,2026-09-04,31,22.5,22.8,22.65,0.191099871265299,4.3065,0.3,0.0697,0.0132,0.9358
2026-08-04,wing_above,6850.0,2026-09-04,31,12.3,12.5,12.4,0.227854967676249,2.6551,0.2,0.0753,0.0161,0.9028
2026-08-04,wing_below,6800.0,2026-09-04,31,11.1,11.3,11.2,0.232878233993738,2.422,0.2,0.0826,0.0179,0.8963
2026-08-04,short_above,7200.0,2026-09-11,38,37.3,37.6,37.45,0.175123309357834,6.1939,0.3,0.0484,0.008,0.949
2026-08-04,short_below,7150.0,2026-09-11,38,32.8,33.1,32.95,0.182220362659364,5.6919,0.3,0.0527,0.0091,0.9424
2026-08-04,wing_above,6850.0,2026-09-11,38,16.6,16.9,16.75,0.220278453080574,3.3921,0.3,0.0884,0.0179,0.9028
2026-08-04,wing_below,6800.0,2026-09-11,38,15.0,15.3,15.15,0.226983530404605,3.1198,0.3,0.0962,0.0198,0.8963
2026-08-04,short_above,7125.0,2026-09-11,38,30.8,31.0,30.9,0.184626288163763,5.4529,0.2,0.0367,0.0065,0.9391
2026-08-04,short_below,7100.0,2026-09-11,38,29.0,29.2,29.1,0.187809048052268,5.2224,0.2,0.0383,0.0069,0.9358
2026-08-04,wing_above,6800.0,2026-09-11,38,15.0,15.3,15.15,0.226510971284177,3.1198,0.3,0.0962,0.0198,0.8963
2026-08-04,wing_below,6750.0,2026-09-11,38,13.7,13.9,13.8,0.233765696768036,2.8693,0.2,0.0697,0.0145,0.8897
2026-08-04,short_above,7150.0,2026-09-11,38,32.8,33.0,32.9,0.182220362659364,5.6919,0.2,0.0351,0.0061,0.9424
2026-08-04,wing_above,6850.0,2026-09-11,38,16.6,16.9,16.75,0.219912452226497,3.3921,0.3,0.0884,0.0179,0.9028
2026-08-04,short_above,7275.0,2026-08-21,17,14.8,15.0,14.9,0.166524652706035,3.2754,0.2,0.0611,0.0134,0.9571
2026-08-04,short_below,7270.0,2026-08-21,17,14.5,14.7,14.6,0.163655767232479,3.2259,0.2,0.062,0.0137,0.9564
2026-08-04,wing_above,7075.0,2026-08-21,17,6.7,6.8,6.75,0.19927819660037,1.8004,0.1,0.0555,0.0148,0.9307
2026-08-04,wing_below,7070.0,2026-08-21,17,6.6,6.7,6.65,0.200136168687269,1.7746,0.1,0.0564,0.015,0.9301
2026-08-04,short_above,7295.0,2026-08-21,17,16.1,16.4,16.25,0.163404919872185,3.4805,0.3,0.0862,0.0185,0.9597
2026-08-04,short_below,7280.0,2026-08-21,17,15.1,15.3,15.2,0.165622650313051,3.3256,0.2,0.0601,0.0132,0.9577
2026-08-04,wing_above,7090.0,2026-08-21,17,7.1,7.2,7.15,0.196713459732555,1.8803,0.1,0.0532,0.014,0.9327
2026-08-04,wing_below,7085.0,2026-08-21,17,6.9,7.1,7.0,0.197566810159185,1.8532,0.2,0.1079,0.0286,0.9321
2026-08-04,short_above,7225.0,2026-08-21,17,11.9,12.1,12.0,0.174394465989345,2.8151,0.2,0.071,0.0167,0.9505
2026-08-04,short_below,7220.0,2026-08-21,17,11.6,11.8,11.7,0.175192073222743,2.7721,0.2,0.0721,0.0171,0.9498
2026-08-04,wing_above,7020.0,2026-08-21,17,5.5,5.7,5.6,0.208754805380616,1.5392,0.2,0.1299,0.0357,0.9235
2026-08-04,wing_below,7010.0,2026-08-21,17,5.3,5.5,5.4,0.210327736360072,1.4966,0.2,0.1336,0.037,0.9222
2026-08-04,short_above,7280.0,2026-08-21,17,15.0,15.2,15.1,0.164307205932354,3.3256,0.2,0.0601,0.0132,0.9577
2026-08-04,short_below,7275.0,2026-08-21,17,14.7,14.9,14.8,0.16519569324544,3.2754,0.2,0.0611,0.0135,0.9571
2026-08-04,wing_above,6985.0,2026-08-21,17,4.9,5.1,5.0,0.214923548150293,1.3963,0.2,0.1432,0.04,0.9189
2026-08-04,wing_below,6980.0,2026-08-21,17,4.8,5.0,4.9,0.215803750620721,1.3637,0.2,0.1467,0.0408,0.9182
2026-08-04,short_above,7330.0,2026-08-21,17,18.9,19.1,19.0,0.157914261530036,3.8486,0.2,0.052,0.0105,0.9643
2026-08-04,short_below,7325.0,2026-08-21,17,18.4,18.7,18.55,0.158703884912259,3.7925,0.3,0.0791,0.0162,0.9636
2026-08-04,wing_above,7065.0,2026-08-21,17,6.4,6.6,6.5,0.200259227327892,1.7311,0.2,0.1155,0.0308,0.9294
2026-08-04,wing_below,7060.0,2026-08-21,17,6.3,6.5,6.4,0.201856512788341,1.7064,0.2,0.1172,0.0313,0.9288
2026-08-04,short_above,7320.0,2026-08-28,24,30.6,30.9,30.75,0.163560286959351,5.1931,0.3,0.0578,0.0098,0.963
2026-08-04,wing_above,7050.0,2026-08-28,24,12.6,12.8,12.7,0.202196399358484,2.7878,0.2,0.0717,0.0157,0.9275
2026-08-04,short_above,7290.0,2026-08-28,24,27.5,27.8,27.65,0.167825521425695,4.8615,0.3,0.0617,0.0108,0.959
2026-08-04,short_below,7280.0,2026-08-28,24,26.5,26.8,26.65,0.169251706851374,4.754,0.3,0.0631,0.0113,0.9577
2026-08-04,wing_above,7000.0,2026-08-28,24,10.9,11.1,11.0,0.210325252109399,2.4853,0.2,0.0805,0.0182,0.9209
2026-08-04,wing_below,6990.0,2026-08-28,24,10.6,10.8,10.7,0.211733291797912,2.4294,0.2,0.0823,0.0187,0.9196
2026-08-04,short_above,7320.0,2026-08-28,24,30.6,30.9,30.75,0.163739626029046,5.1931,0.3,0.0578,0.0098,0.9629
2026-08-04,short_below,7310.0,2026-08-28,24,29.5,29.8,29.65,0.161479904220294,5.235,0.3,0.0573,0.0101,0.9616
2026-08-04,wing_above,7050.0,2026-08-28,24,12.6,12.8,12.7,0.202196399358484,2.7878,0.2,0.0717,0.0157,0.9274
2026-08-04,short_above,7310.0,2026-08-28,24,29.5,29.8,29.65,0.165124493419847,5.0811,0.3,0.059,0.0101,0.9616
2026-08-04,short_below,7300.0,2026-08-28,24,28.5,28.7,28.6,0.166573916669055,4.9705,0.2,0.0402,0.007,0.9603
2026-08-04,wing_below,7025.0,2026-08-28,24,11.7,11.9,11.8,0.203879179797326,2.7062,0.2,0.0739,0.0169,0.9241
2026-08-04,short_above,7220.0,2026-08-28,24,21.5,21.7,21.6,0.177441623674715,4.1609,0.2,0.0481,0.0093,0.9497
2026-08-04,short_below,7210.0,2026-08-28,24,20.7,21.0,20.85,0.178893066761699,4.0654,0.3,0.0738,0.0144,0.9484
2026-08-04,wing_above,6925.0,2026-08-28,24,8.9,9.1,9.0,0.221196895871064,2.1008,0.2,0.0952,0.0222,0.9109
2026-08-04,wing_below,6900.0,2026-08-28,24,8.4,8.6,8.5,0.22569811260017,1.9891,0.2,0.1005,0.0235,0.9077
2026-08-04,short_above,7225.0,2026-08-31,27,24.4,24.6,24.5,0.173295174807548,4.6342,0.2,0.0432,0.0082,0.9504
2026-08-04,short_below,7220.0,2026-08-31,27,23.9,24.2,24.05,0.173987103447575,4.5841,0.3,0.0654,0.0125,0.9497
2026-08-04,wing_above,6920.0,2026-08-31,27,10.2,10.4,10.3,0.21701804749305,2.3746,0.2,0.0842,0.0194,0.9103
2026-08-04,wing_below,6915.0,2026-08-31,27,10.0,10.2,10.1,0.217765592354349,2.3498,0.2,0.0851,0.0198,0.9096
2026-08-04,short_above,7230.0,2026-08-31,27,24.8,25.0,24.9,0.172603855991166,4.6847,0.2,0.0427,0.008,0.9511
2026-08-04,short_below,7225.0,2026-08-31,27,24.4,24.6,24.5,0.17340797380598,4.6342,0.2,0.0432,0.0082,0.9504
2026-08-04,wing_above,6930.0,2026-08-31,27,10.4,10.6,10.5,0.215526145881159,2.4249,0.2,0.0825,0.019,0.9116
2026-08-04,short_above,7275.0,2026-09-04,31,36.4,36.6,36.5,0.169218549618417,5.8936,0.2,0.0339,0.0055,0.957
2026-08-04,short_below,7250.0,2026-09-04,31,33.8,34.0,33.9,0.174127938290985,5.6367,0.2,0.0355,0.0059,0.9537
2026-08-04,wing_above,6975.0,2026-09-04,31,16.1,16.4,16.25,0.211176705895251,3.2979,0.3,0.091,0.0185,0.9175
2026-08-04,wing_below,6950.0,2026-09-04,31,15.2,15.4,15.3,0.214672857286557,3.1428,0.2,0.0636,0.0131,0.9142
2026-08-04,short_above,7150.0,2026-09-04,31,25.4,25.6,25.5,0.187435408079779,4.6446,0.2,0.0431,0.0078,0.9405
2026-08-04,short_below,7125.0,2026-09-04,31,23.7,23.9,23.8,0.19076877790265,4.4232,0.2,0.0452,0.0084,0.9373
2026-08-04,wing_above,6850.0,2026-09-04,31,12.1,12.3,12.2,0.228957047527872,2.6036,0.2,0.0768,0.0164,0.9011
2026-08-04,wing_below,6800.0,2026-09-04,31,10.9,11.1,11.0,0.236272137721769,2.3771,0.2,0.0841,0.0182,0.8945
2026-08-04,short_above,7125.0,2026-09-04,31,23.7,23.9,23.8,0.189219299489323,4.4232,0.2,0.0452,0.0084,0.9373
2026-08-04,short_below,7100.0,2026-09-04,31,22.1,22.3,22.2,0.192652839633466,4.2115,0.2,0.0475,0.009,0.934
2026-08-04,wing_above,6850.0,2026-09-04,31,12.1,12.3,12.2,0.227854967676249,2.6036,0.2,0.0768,0.0164,0.9011
2026-08-04,wing_below,6800.0,2026-09-04,31,10.9,11.1,11.0,0.23520977554671,2.3771,0.2,0.0841,0.0182,0.8945
2026-08-04,short_above,7200.0,2026-09-11,38,36.8,37.0,36.9,0.176953239003782,6.0832,0.2,0.0329,0.0054,0.9471
2026-08-04,short_below,7150.0,2026-09-11,38,32.4,32.7,32.55,0.184422594812258,5.5915,0.3,0.0537,0.0092,0.9405
2026-08-04,wing_above,6850.0,2026-09-11,38,16.5,16.7,16.6,0.220874261912693,3.338,0.2,0.0599,0.012,0.9011
2026-08-04,wing_below,6800.0,2026-09-11,38,14.9,15.2,15.05,0.229629386795755,3.0709,0.3,0.0977,0.0199,0.8945
2026-08-04,short_above,7125.0,2026-09-11,38,30.4,30.7,30.55,0.187576415199623,5.3575,0.3,0.056,0.0098,0.9373
2026-08-04,short_below,7100.0,2026-09-11,38,28.7,28.9,28.8,0.187119826246345,5.1319,0.2,0.039,0.0069,0.934
2026-08-04,wing_below,6750.0,2026-09-11,38,13.5,13.8,13.65,0.236427725120133,2.829,0.3,0.106,0.022,0.8879
2026-08-04,short_above,7150.0,2026-09-11,38,32.4,32.7,32.55,0.184364942337788,5.5915,0.3,0.0537,0.0092,0.9406
2026-08-04,short_below,7125.0,2026-09-11,38,30.4,30.7,30.55,0.187576415199623,5.3575,0.3,0.056,0.0098,0.9373
2026-08-04,wing_below,6800.0,2026-09-11,38,14.9,15.2,15.05,0.229629386795755,3.0709,0.3,0.0977,0.0199,0.8945
2026-08-04,short_above,7275.0,2026-08-21,17,14.2,14.4,14.3,0.166068270788371,3.2239,0.2,0.062,0.014,0.9565
2026-08-04,short_below,7270.0,2026-08-21,17,13.8,14.1,13.95,0.166838222708855,3.1742,0.3,0.0945,0.0215,0.9558
2026-08-04,wing_above,7075.0,2026-08-21,17,6.4,6.6,6.5,0.199214022263827,1.7624,0.2,0.1135,0.0308,0.9302
2026-08-04,wing_below,7070.0,2026-08-21,17,6.3,6.5,6.4,0.200084912163423,1.7373,0.2,0.1151,0.0313,0.9295
2026-08-04,short_below,7280.0,2026-08-21,17,14.3,14.6,14.45,0.16512751099994,3.2743,0.3,0.0916,0.0208,0.9571
2026-08-04,wing_above,7090.0,2026-08-21,17,6.7,6.9,6.8,0.196605653017029,1.8403,0.2,0.1087,0.0294,0.9322
2026-08-04,wing_below,7085.0,2026-08-21,17,6.5,6.8,6.65,0.197479229129732,1.8139,0.3,0.1654,0.0451,0.9315
2026-08-04,short_above,7225.0,2026-08-21,17,11.3,11.5,11.4,0.173774923277742,2.7366,0.2,0.0731,0.0175,0.9499
2026-08-04,short_below,7220.0,2026-08-21,17,11.1,11.3,11.2,0.175268204373037,2.6945,0.2,0.0742,0.0179,0.9493
2026-08-04,wing_above,7020.0,2026-08-21,17,5.3,5.5,5.4,0.208909558460195,1.5084,0.2,0.1326,0.037,0.923
2026-08-04,wing_below,7010.0,2026-08-21,17,5.1,5.3,5.2,0.210676820035923,1.4671,0.2,0.1363,0.0385,0.9217
2026-08-04,short_above,7280.0,2026-08-21,17,14.3,14.6,14.45,0.165739054043579,3.2743,0.3,0.0916,0.0208,0.9572
2026-08-04,short_below,7275.0,2026-08-21,17,14.1,14.3,14.2,0.165280427635964,3.2239,0.2,0.062,0.0141,0.9565
2026-08-04,wing_above,6985.0,2026-08-21,17,4.7,4.9,4.8,0.215102475429434,1.3698,0.2,0.146,0.0417,0.9184
2026-08-04,wing_below,6980.0,2026-08-21,17,4.6,4.8,4.7,0.215988832136499,1.3513,0.2,0.148,0.0426,0.9177
2026-08-04,short_above,7330.0,2026-08-21,17,18.0,18.3,18.15,0.157500905547455,3.7658,0.3,0.0797,0.0165,0.9637
2026-08-04,short_below,7325.0,2026-08-21,17,17.6,17.8,17.7,0.158263089005324,3.7092,0.2,0.0539,0.0113,0.9631
2026-08-04,wing_above,7065.0,2026-08-21,17,6.1,6.4,6.25,0.200983277664558,1.6888,0.3,0.1776,0.048,0.9289
2026-08-04,wing_below,7060.0,2026-08-21,17,6.0,6.3,6.15,0.201861409694828,1.665,0.3,0.1802,0.0488,0.9282
2026-08-04,short_above,7320.0,2026-08-28,24,29.5,29.8,29.65,0.163143245764618,5.1155,0.3,0.0586,0.0101,0.9624
2026-08-04,short_below,7310.0,2026-08-28,24,28.4,28.7,28.55,0.165124493419847,5.0811,0.3,0.059,0.0105,0.9611
2026-08-04,wing_above,7050.0,2026-08-28,24,12.1,12.4,12.25,0.202394811138991,2.7298,0.3,0.1099,0.0245,0.9269
2026-08-04,wing_below,7025.0,2026-08-28,24,11.3,11.5,11.4,0.206079374759051,2.6316,0.2,0.076,0.0175,0.9236
2026-08-04,short_above,7290.0,2026-08-28,24,26.2,26.5,26.35,0.167421427321611,4.7847,0.3,0.0627,0.0114,0.9585
2026-08-04,short_below,7280.0,2026-08-28,24,25.2,25.6,25.4,0.166533559742884,4.6776,0.4,0.0855,0.0157,0.9572
2026-08-04,wing_above,7000.0,2026-08-28,24,10.5,10.7,10.6,0.209949726286454,2.4321,0.2,0.0822,0.0189,0.9203
2026-08-04,wing_below,6990.0,2026-08-28,24,10.2,10.5,10.35,0.211476108703921,2.3773,0.3,0.1262,0.029,0.919
2026-08-04,short_above,7320.0,2026-08-28,24,29.1,29.4,29.25,0.163739626029046,5.1155,0.3,0.0586,0.0103,0.9624
2026-08-04,short_below,7310.0,2026-08-28,24,28.1,28.4,28.25,0.165124493419847,5.0037,0.3,0.06,0.0106,0.9611
2026-08-04,wing_below,7025.0,2026-08-28,24,11.2,11.5,11.35,0.206156527595359,2.576,0.3,0.1165,0.0264,0.9236
2026-08-04,short_above,7310.0,2026-08-28,24,28.0,28.4,28.2,0.165124493419847,5.0037,0.4,0.0799,0.0142,0.9611
2026-08-04,short_below,7300.0,2026-08-28,24,27.1,27.4,27.25,0.165993120072929,4.8934,0.3,0.0613,0.011,0.9598
2026-08-04,wing_above,7050.0,2026-08-28,24,12.0,12.3,12.15,0.202394811138991,2.7298,0.3,0.1099,0.0247,0.9269
2026-08-04,short_above,7220.0,2026-08-28,24,20.5,20.7,20.6,0.177471616006081,4.0556,0.2,0.0493,0.0097,0.9493
2026-08-04,short_below,7210.0,2026-08-28,24,19.8,20.1,19.95,0.179110975059682,3.9616,0.3,0.0757,0.015,0.9476
2026-08-04,wing_above,6925.0,2026-08-28,24,8.6,8.8,8.7,0.22201495426148,2.0552,0.2,0.0973,0.023,0.9101
2026-08-04,wing_below,6900.0,2026-08-28,24,8.1,8.3,8.2,0.225981929667158,1.9459,0.2,0.1028,0.0244,0.9068
2026-08-04,short_above,7225.0,2026-08-31,27,23.4,23.6,23.5,0.17340797380598,4.5198,0.2,0.0443,0.0085,0.9495
2026-08-04,short_below,7220.0,2026-08-31,27,23.0,23.2,23.1,0.173720345378684,4.4701,0.2,0.0447,0.0087,0.9489
2026-08-04,wing_above,6920.0,2026-08-31,27,9.8,10.0,9.9,0.217005401091584,2.321,0.2,0.0862,0.0202,0.9095
2026-08-04,short_above,7230.0,2026-08-31,27,23.7,24.0,23.85,0.172335368843357,4.5699,0.3,0.0656,0.0126,0.9502
2026-08-04,short_below,7225.0,2026-08-31,27,23.3,23.6,23.45,0.17340797380598,4.5198,0.3,0.0664,0.0128,0.9495
2026-08-04,wing_above,6930.0,2026-08-31,27,10.0,10.3,10.15,0.215501515223565,2.3701,0.3,0.1266,0.0296,0.9108
2026-08-04,wing_below,6920.0,2026-08-31,27,9.8,10.0,9.9,0.215866508832641,2.321,0.2,0.0862,0.0202,0.9095
2026-08-04,short_above,7275.0,2026-09-04,31,34.8,35.1,34.95,0.169218549618417,5.7836,0.3,0.0519,0.0086,0.9561
2026-08-04,short_below,7250.0,2026-09-04,31,32.3,32.6,32.45,0.17281938530587,5.5178,0.3,0.0544,0.0092,0.9528
2026-08-04,wing_above,6975.0,2026-09-04,31,15.5,15.7,15.6,0.208692837624954,3.2306,0.2,0.0619,0.0128,0.9167
2026-08-04,wing_below,6950.0,2026-09-04,31,14.6,14.8,14.7,0.213771359944194,3.0782,0.2,0.065,0.0136,0.9134
2026-08-04,short_above,7150.0,2026-09-04,31,24.3,24.5,24.4,0.187213221110181,4.5588,0.2,0.0439,0.0082,0.9397
2026-08-04,short_below,7125.0,2026-09-04,31,22.7,23.0,22.85,0.190566319613785,4.3401,0.3,0.0691,0.0131,0.9364
2026-08-04,wing_above,6850.0,2026-09-04,31,11.7,11.9,11.8,0.228880627852856,2.5502,0.2,0.0784,0.0169,0.9003
2026-08-04,wing_below,6800.0,2026-09-04,31,10.5,10.8,10.65,0.2362544997437,2.3292,0.3,0.1288,0.0282,0.8937
2026-08-04,short_above,7125.0,2026-09-04,31,22.7,22.9,22.8,0.189233416303811,4.3401,0.2,0.0461,0.0088,0.9364
2026-08-04,short_below,7100.0,2026-09-04,31,21.2,21.5,21.35,0.193928320296651,4.1312,0.3,0.0726,0.0141,0.9331
2026-08-04,wing_above,6850.0,2026-09-04,31,11.7,11.9,11.8,0.227854967676249,2.5502,0.2,0.0784,0.0169,0.9003
2026-08-04,wing_below,6800.0,2026-09-04,31,10.5,10.8,10.65,0.23520977554671,2.3292,0.3,0.1288,0.0282,0.8937
2026-08-04,short_above,7200.0,2026-09-11,38,35.4,35.7,35.55,0.177928404501476,5.9925,0.3,0.0501,0.0084,0.9463
2026-08-04,short_below,7150.0,2026-09-11,38,31.2,31.5,31.35,0.184162907184419,5.5033,0.3,0.0545,0.0096,0.9397
2026-08-04,wing_above,6850.0,2026-09-11,38,15.9,16.2,16.05,0.222950042114977,3.2825,0.3,0.0914,0.0187,0.9003
2026-08-04,wing_below,6800.0,2026-09-11,38,14.4,14.7,14.55,0.229667925520162,3.02,0.3,0.0993,0.0206,0.8937
2026-08-04,short_above,7125.0,2026-09-11,38,29.3,29.6,29.45,0.187298892573708,5.2712,0.3,0.0569,0.0102,0.9364
2026-08-04,short_below,7100.0,2026-09-11,38,27.6,27.9,27.75,0.19044947778588,5.0294,0.3,0.0596,0.0108,0.9331
2026-08-04,wing_above,6800.0,2026-09-11,38,14.4,14.7,14.55,0.229667925520162,3.0077,0.3,0.0997,0.0206,0.8937
2026-08-04,wing_below,6750.0,2026-09-11,38,13.1,13.4,13.25,0.236451267601928,2.7708,0.3,0.1083,0.0226,0.8871
2026-08-04,short_above,7150.0,2026-09-11,38,31.2,31.5,31.35,0.184422594812258,5.5033,0.3,0.0545,0.0096,0.9397
2026-08-04,short_below,7125.0,2026-09-11,38,29.4,29.6,29.5,0.187576415199623,5.2712,0.2,0.0379,0.0068,0.9364
2026-08-04,wing_above,6850.0,2026-09-11,38,15.9,16.2,16.05,0.222950042114977,3.2825,0.3,0.0914,0.0187,0.9003
2026-08-04,short_above,7125.0,2026-08-07,3,0.65,0.7,0.675,0.26713866595617,0.2231,0.05,0.2241,0.0741,0.9373
2026-08-04,short_below,7100.0,2026-08-07,3,0.55,0.6,0.575,0.276228859561509,0.2011,0.05,0.2487,0.087,0.934
2026-08-04,wing_above,6925.0,2026-08-07,3,0.3,0.4,0.35,0.339448438343408,0.1056,0.1,0.9472,0.2857,0.911
2026-08-04,wing_below,6900.0,2026-08-07,3,0.3,0.35,0.325,0.350971055688472,0.0976,0.05,0.512,0.1538,0.9077
2026-08-04,short_above,7275.0,2026-08-21,17,14.5,14.7,14.6,0.165534817552434,3.2208,0.2,0.0621,0.0137,0.957
2026-08-04,short_below,7270.0,2026-08-21,17,14.1,14.3,14.2,0.166292225663389,3.1706,0.2,0.0631,0.0141,0.9564
2026-08-04,wing_above,7075.0,2026-08-21,17,6.5,6.7,6.6,0.198368645821455,1.7445,0.2,0.1146,0.0303,0.9307
2026-08-04,wing_below,7070.0,2026-08-21,17,6.3,6.6,6.45,0.199247034290087,1.7195,0.3,0.1745,0.0465,0.9301
2026-08-04,short_above,7295.0,2026-08-21,17,15.8,16.1,15.95,0.1637305120466,3.428,0.3,0.0875,0.0188,0.9597
2026-08-04,short_below,7280.0,2026-08-21,17,14.7,15.0,14.85,0.16477980371616,3.2716,0.3,0.0917,0.0202,0.9577
2026-08-04,wing_above,7090.0,2026-08-21,17,6.8,7.0,6.9,0.195745441639501,1.8222,0.2,0.1098,0.029,0.9327
2026-08-04,wing_below,7085.0,2026-08-21,17,6.7,6.9,6.8,0.196617783452966,1.7959,0.2,0.1114,0.0294,0.932
2026-08-04,short_above,7225.0,2026-08-21,17,11.6,11.8,11.7,0.173246493986166,2.7735,0.2,0.0721,0.0171,0.9505
2026-08-04,short_below,7220.0,2026-08-21,17,11.4,11.6,11.5,0.174036402429948,2.7305,0.2,0.0732,0.0174,0.9498
2026-08-04,wing_above,7020.0,2026-08-21,17,5.3,5.6,5.45,0.208764315402861,1.493,0.3,0.2009,0.055,0.9235
2026-08-04,wing_below,7010.0,2026-08-21,17,5.2,5.4,5.3,0.209919158759589,1.4524,0.2,0.1377,0.0377,0.9222
2026-08-04,wing_above,6985.0,2026-08-21,17,4.8,5.0,4.9,0.214425861088932,1.3681,0.2,0.1462,0.0408,0.9189
2026-08-04,wing_below,6980.0,2026-08-21,17,4.7,4.9,4.8,0.215330805209915,1.3499,0.2,0.1482,0.0417,0.9182
2026-08-04,short_above,7330.0,2026-08-21,17,18.4,18.7,18.55,0.15729293215342,3.8321,0.3,0.0783,0.0162,0.9643
2026-08-04,short_below,7325.0,2026-08-21,17,18.0,18.3,18.15,0.158041821642522,3.7747,0.3,0.0795,0.0165,0.9636
2026-08-04,wing_above,7065.0,2026-08-21,17,6.2,6.4,6.3,0.200127309700349,1.7074,0.2,0.1171,0.0317,0.9294
2026-08-04,wing_below,7060.0,2026-08-21,17,6.1,6.3,6.2,0.201009411328339,1.6833,0.2,0.1188,0.0323,0.9288
2026-08-04,short_above,7320.0,2026-08-28,24,29.9,30.3,30.1,0.163739626029046,5.1708,0.4,0.0774,0.0133,0.963
2026-08-04,wing_above,7050.0,2026-08-28,24,12.2,12.5,12.35,0.201646440775512,2.7577,0.3,0.1088,0.0243,0.9274
2026-08-04,short_above,7290.0,2026-08-28,24,26.8,27.2,27.0,0.166698048336928,4.8366,0.4,0.0827,0.0148,0.959
2026-08-04,short_below,7280.0,2026-08-28,24,25.9,26.3,26.1,0.169362804376929,4.7283,0.4,0.0846,0.0153,0.9577
2026-08-04,wing_above,7000.0,2026-08-28,24,10.6,10.8,10.7,0.218029764809398,2.457,0.2,0.0814,0.0187,0.9209
2026-08-04,wing_below,6990.0,2026-08-28,24,10.3,10.6,10.45,0.21076647670839,2.4015,0.3,0.1249,0.0287,0.9195
2026-08-04,wing_above,7050.0,2026-08-28,24,12.3,12.6,12.45,0.202196399358484,2.7577,0.3,0.1088,0.0241,0.9277
2026-08-04,wing_below,7025.0,2026-08-28,24,11.4,11.7,11.55,0.206079374759051,2.576,0.3,0.1165,0.026,0.9244
2026-08-04,short_above,7310.0,2026-08-28,24,29.0,29.4,29.2,0.163818599249416,5.0579,0.4,0.0791,0.0137,0.9619
2026-08-04,short_below,7300.0,2026-08-28,24,27.9,28.2,28.05,0.165232618167758,4.9465,0.3,0.0606,0.0107,0.9606
2026-08-04,wing_below,7025.0,2026-08-28,24,11.3,11.6,11.45,0.206079374759051,2.6023,0.3,0.1153,0.0262,0.9244
2026-08-04,short_above,7220.0,2026-08-28,24,21.0,21.3,21.15,0.176644269954607,4.1235,0.3,0.0728,0.0142,0.9501
2026-08-04,short_below,7210.0,2026-08-28,24,20.3,20.6,20.45,0.178083403159552,4.028,0.3,0.0745,0.0147,0.9488
2026-08-04,wing_above,6925.0,2026-08-28,24,8.6,8.9,8.75,0.220587171379675,2.0758,0.3,0.1445,0.0343,0.9113
2026-08-04,wing_below,6900.0,2026-08-28,24,8.1,8.4,8.25,0.224323621783183,1.9653,0.3,0.1527,0.0364,0.908
2026-08-04,short_above,7225.0,2026-08-31,27,23.9,24.1,24.0,0.172009926146156,4.5942,0.2,0.0435,0.0083,0.9507
2026-08-04,short_below,7220.0,2026-08-31,27,23.5,23.8,23.65,0.172698587250639,4.5438,0.3,0.066,0.0127,0.9501
2026-08-04,wing_above,6920.0,2026-08-31,27,9.9,10.1,10.0,0.215582129336076,2.3355,0.2,0.0856,0.02,0.9106
2026-08-04,wing_below,6915.0,2026-08-31,27,9.7,10.0,9.85,0.216329694363283,2.311,0.3,0.1298,0.0305,0.91
2026-08-04,short_above,7230.0,2026-08-31,27,24.1,24.5,24.3,0.171321887112548,4.6451,0.4,0.0861,0.0165,0.9514
2026-08-04,short_below,7225.0,2026-08-31,27,23.7,24.0,23.85,0.17340797380598,4.5942,0.3,0.0653,0.0126,0.9507
2026-08-04,wing_above,6930.0,2026-08-31,27,10.1,10.3,10.2,0.214090556253951,2.3856,0.2,0.0838,0.0196,0.9119
2026-08-04,short_above,7275.0,2026-09-04,31,35.3,35.6,35.45,0.169316976904794,5.8265,0.3,0.0515,0.0085,0.9573
2026-08-04,short_below,7250.0,2026-09-04,31,32.8,33.1,32.95,0.171070940087406,5.5903,0.3,0.0537,0.0091,0.954
2026-08-04,wing_above,6975.0,2026-09-04,31,15.6,15.9,15.75,0.210294512325886,3.2721,0.3,0.0917,0.019,0.9179
2026-08-04,wing_below,6950.0,2026-09-04,31,14.7,15.0,14.85,0.213793935696332,3.1173,0.3,0.0962,0.0202,0.9146
2026-08-04,short_above,7150.0,2026-09-04,31,24.7,24.9,24.8,0.186224903354371,4.6101,0.2,0.0434,0.0081,0.9409
2026-08-04,short_below,7125.0,2026-09-04,31,23.0,23.3,23.15,0.189630512879363,4.3903,0.3,0.0683,0.013,0.9376
2026-08-04,wing_above,6850.0,2026-09-04,31,11.8,12.0,11.9,0.228013521364719,2.5775,0.2,0.0776,0.0168,0.9014
2026-08-04,wing_below,6800.0,2026-09-04,31,10.6,10.8,10.7,0.23520977554671,2.3504,0.2,0.0851,0.0187,0.8948
2026-08-04,short_above,7125.0,2026-09-04,31,23.0,23.3,23.15,0.189233416303811,4.3903,0.3,0.0683,0.013,0.9376
2026-08-04,short_below,7100.0,2026-09-04,31,21.5,21.8,21.65,0.193044426865477,4.1803,0.3,0.0718,0.0139,0.9343
2026-08-04,wing_above,6850.0,2026-09-04,31,11.7,12.0,11.85,0.227854967676249,2.5775,0.3,0.1164,0.0253,0.9014
2026-08-04,short_above,7200.0,2026-09-11,38,35.8,36.1,35.95,0.17685804538587,6.0437,0.3,0.0496,0.0083,0.9475
2026-08-04,short_below,7150.0,2026-09-11,38,31.5,31.9,31.7,0.183179558429338,5.5519,0.4,0.072,0.0126,0.9406
2026-08-04,wing_above,6850.0,2026-09-11,38,16.0,16.3,16.15,0.222138484851812,3.2986,0.3,0.0909,0.0186,0.9011
2026-08-04,wing_below,6800.0,2026-09-11,38,14.5,14.8,14.65,0.228999531460956,3.0317,0.3,0.099,0.0205,0.8946
2026-08-04,short_above,7125.0,2026-09-11,38,29.6,29.9,29.75,0.186355970051451,5.3184,0.3,0.0564,0.0101,0.9373
2026-08-04,short_below,7100.0,2026-09-11,38,27.9,28.3,28.1,0.189542791809067,5.0744,0.4,0.0788,0.0142,0.934
2026-08-04,wing_above,6800.0,2026-09-11,38,14.5,14.8,14.65,0.228906277480764,3.0317,0.3,0.099,0.0205,0.8946
2026-08-04,wing_below,6750.0,2026-09-11,38,13.2,13.5,13.35,0.235847498113809,2.7989,0.3,0.1072,0.0225,0.888
2026-08-04,short_above,7150.0,2026-09-11,38,31.6,31.9,31.75,0.184422594812258,5.5519,0.3,0.054,0.0094,0.9406
2026-08-04,wing_above,6850.0,2026-09-11,38,16.0,16.3,16.15,0.222138484851812,3.2986,0.3,0.0909,0.0186,0.9011
2026-08-04,wing_below,6800.0,2026-09-11,38,14.5,14.8,14.65,0.228906277480764,3.037,0.3,0.0988,0.0205,0.8946
2026-08-04,short_above,7275.0,2026-08-21,17,14.5,14.7,14.6,0.167061091440011,3.1653,0.2,0.0632,0.0137,0.9568
2026-08-04,short_below,7270.0,2026-08-21,17,14.1,14.4,14.25,0.167841880768323,3.1166,0.3,0.0963,0.0211,0.9562
2026-08-04,wing_above,7075.0,2026-08-21,17,6.6,6.8,6.7,0.199742748471429,1.7195,0.2,0.1163,0.0299,0.9305
2026-08-04,wing_below,7070.0,2026-08-21,17,6.5,6.7,6.6,0.200621172718298,1.6951,0.2,0.118,0.0303,0.9299
2026-08-04,short_above,7295.0,2026-08-21,17,15.8,16.1,15.95,0.163920828624884,3.3658,0.3,0.0891,0.0188,0.9595
2026-08-04,short_below,7280.0,2026-08-21,17,14.8,15.1,14.95,0.166138547752274,3.2145,0.3,0.0933,0.0201,0.9575
2026-08-04,wing_above,7090.0,2026-08-21,17,6.9,7.2,7.05,0.197663593133697,1.7954,0.3,0.1671,0.0426,0.9324
2026-08-04,wing_below,7085.0,2026-08-21,17,6.8,7.1,6.95,0.198547193278635,1.7696,0.3,0.1695,0.0432,0.9318
2026-08-04,short_above,7225.0,2026-08-21,17,11.7,12.0,11.85,0.174782685249038,2.7101,0.3,0.1107,0.0253,0.9502
2026-08-04,short_below,7220.0,2026-08-21,17,11.5,11.7,11.6,0.175587056732183,2.6685,0.2,0.0749,0.0172,0.9495
2026-08-04,wing_above,7020.0,2026-08-21,17,5.5,5.7,5.6,0.210156992303662,1.4745,0.2,0.1356,0.0357,0.9232
2026-08-04,wing_below,7010.0,2026-08-21,17,5.3,5.5,5.4,0.21195828968474,1.435,0.2,0.1394,0.037,0.9219
2026-08-04,short_below,7275.0,2026-08-21,17,14.5,14.8,14.65,0.165380207519274,3.1653,0.3,0.0948,0.0205,0.9567
2026-08-04,wing_above,6985.0,2026-08-21,17,4.9,5.1,5.0,0.216474245046672,1.3422,0.2,0.149,0.04,0.9186
2026-08-04,wing_below,6980.0,2026-08-21,17,4.8,5.1,4.95,0.211200518657453,1.3246,0.3,0.2265,0.0606,0.918
2026-08-04,short_above,7330.0,2026-08-21,17,18.5,18.9,18.7,0.157793713972244,3.7388,0.4,0.107,0.0214,0.964
2026-08-04,short_below,7325.0,2026-08-21,17,18.1,18.4,18.25,0.159255705978744,3.6838,0.3,0.0814,0.0164,0.9633
2026-08-04,wing_above,7065.0,2026-08-21,17,6.4,6.6,6.5,0.202097360054171,1.6712,0.2,0.1197,0.0308,0.9291
2026-08-04,wing_below,7060.0,2026-08-21,17,6.3,6.5,6.4,0.202081579190739,1.6477,0.2,0.1214,0.0313,0.9285
2026-08-04,short_above,7320.0,2026-08-28,24,30.1,30.4,30.25,0.163861307060494,5.0647,0.3,0.0592,0.0099,0.9627
2026-08-04,wing_above,7050.0,2026-08-28,24,12.3,12.6,12.45,0.202196399358484,2.702,0.3,0.111,0.0241,0.9272
2026-08-04,short_above,7290.0,2026-08-28,24,26.9,27.3,27.1,0.168058071694013,4.7537,0.4,0.0841,0.0148,0.9587
2026-08-04,short_below,7280.0,2026-08-28,24,26.0,26.4,26.2,0.169460293545514,4.6464,0.4,0.0861,0.0153,0.9574
2026-08-04,wing_above,7000.0,2026-08-28,24,10.7,11.0,10.85,0.210213190566636,2.4067,0.3,0.1247,0.0276,0.9206
2026-08-04,wing_below,6990.0,2026-08-28,24,10.4,10.7,10.55,0.21138858064139,2.3523,0.3,0.1275,0.0284,0.9193
2026-08-04,short_below,7310.0,2026-08-28,24,28.9,29.3,29.1,0.165124493419847,5.0579,0.4,0.0791,0.0137,0.9614
2026-08-04,wing_below,7025.0,2026-08-28,24,11.4,11.7,11.55,0.206079374759051,2.6023,0.3,0.1153,0.026,0.9239
2026-08-04,short_below,7300.0,2026-08-28,24,28.0,28.3,28.15,0.165702710619389,4.8626,0.3,0.0617,0.0107,0.96
2026-08-04,wing_above,7050.0,2026-08-28,24,12.3,12.6,12.45,0.202666699792009,2.702,0.3,0.111,0.0241,0.9272
2026-08-04,wing_below,7025.0,2026-08-28,24,11.5,11.7,11.6,0.206079374759051,2.5494,0.2,0.0785,0.0172,0.9239
2026-08-04,short_above,7220.0,2026-08-28,24,21.1,21.5,21.3,0.177758370077588,4.0264,0.4,0.0993,0.0188,0.9495
2026-08-04,short_below,7210.0,2026-08-28,24,20.4,20.8,20.6,0.179183679993724,3.9323,0.4,0.1017,0.0194,0.9482
2026-08-04,wing_above,6925.0,2026-08-28,24,8.8,9.0,8.9,0.221196895871064,2.0333,0.2,0.0984,0.0225,0.9107
2026-08-04,wing_below,6900.0,2026-08-28,24,8.2,8.5,8.35,0.22597325150754,1.9251,0.3,0.1558,0.0359,0.9074
2026-08-04,short_above,7225.0,2026-08-31,27,24.0,24.3,24.15,0.173305495491676,4.4541,0.3,0.0674,0.0124,0.9502
2026-08-04,short_below,7220.0,2026-08-31,27,23.5,23.9,23.7,0.173998187907549,4.405,0.4,0.0908,0.0169,0.9495
2026-08-04,wing_above,6920.0,2026-08-31,27,10.0,10.2,10.1,0.21705416749848,2.2708,0.2,0.0881,0.0198,0.9101
2026-08-04,wing_below,6915.0,2026-08-31,27,9.8,10.1,9.95,0.217803721565132,2.2469,0.3,0.1335,0.0302,0.9094
2026-08-04,short_above,7230.0,2026-08-31,27,24.3,24.6,24.45,0.172613362388521,4.5036,0.3,0.0666,0.0123,0.9508
2026-08-04,short_below,7225.0,2026-08-31,27,23.9,24.2,24.05,0.17340797380598,4.4541,0.3,0.0674,0.0125,0.9502
2026-08-04,wing_above,6930.0,2026-08-31,27,10.1,10.5,10.3,0.215558452735182,2.3195,0.4,0.1725,0.0388,0.9114
2026-08-04,wing_below,6920.0,2026-08-31,27,9.9,10.2,10.05,0.215866508832641,2.2708,0.3,0.1321,0.0299,0.9101
2026-08-04,short_above,7275.0,2026-09-04,31,35.5,35.9,35.7,0.170177611702244,5.7237,0.4,0.0699,0.0112,0.9568
2026-08-04,short_below,7250.0,2026-09-04,31,32.9,33.4,33.15,0.17281938530587,5.4627,0.5,0.0915,0.0151,0.9535
2026-08-04,wing_above,6975.0,2026-09-04,31,15.7,16.0,15.85,0.210934846421255,3.1871,0.3,0.0941,0.0189,0.9173
2026-08-04,wing_below,6950.0,2026-09-04,31,14.8,15.1,14.95,0.214461216889288,3.0369,0.3,0.0988,0.0201,0.914
2026-08-04,short_above,7150.0,2026-09-04,31,24.8,25.1,24.95,0.186872037046387,4.4967,0.3,0.0667,0.012,0.9403
2026-08-04,short_below,7125.0,2026-09-04,31,23.1,23.5,23.3,0.190251672878052,4.2803,0.4,0.0935,0.0172,0.937
2026-08-04,wing_above,6850.0,2026-09-04,31,11.8,12.1,11.95,0.228813964915957,2.5145,0.3,0.1193,0.0251,0.9009
2026-08-04,wing_below,6800.0,2026-09-04,31,10.6,10.9,10.75,0.236137540071204,2.2949,0.3,0.1307,0.0279,0.8943
2026-08-04,short_above,7125.0,2026-09-04,31,23.1,23.4,23.25,0.189233416303811,4.2803,0.3,0.0701,0.0129,0.937
2026-08-04,short_below,7100.0,2026-09-04,31,21.6,21.9,21.75,0.19373138376946,4.0739,0.3,0.0736,0.0138,0.9337
2026-08-04,wing_above,6850.0,2026-09-04,31,11.8,12.1,11.95,0.227854967676249,2.5145,0.3,0.1193,0.0251,0.9009
2026-08-04,wing_below,6800.0,2026-09-04,31,10.6,10.9,10.75,0.23520977554671,2.2949,0.3,0.1307,0.0279,0.8943
2026-08-04,short_above,7200.0,2026-09-11,38,36.0,36.5,36.25,0.177547849502965,5.8936,0.5,0.0848,0.0138,0.9469
2026-08-04,short_below,7150.0,2026-09-11,38,31.8,32.1,31.95,0.183773552823659,5.4096,0.3,0.0555,0.0094,0.9404
2026-08-04,wing_above,6850.0,2026-09-11,38,16.1,16.4,16.25,0.222460583383451,3.2091,0.3,0.0935,0.0185,0.9009
2026-08-04,wing_below,6800.0,2026-09-11,38,14.5,14.9,14.7,0.229209819917796,2.9499,0.4,0.1356,0.0272,0.8943
2026-08-04,short_below,7100.0,2026-09-11,38,28.1,28.4,28.25,0.190031889477431,4.9593,0.3,0.0605,0.0106,0.9338
2026-08-04,wing_above,6800.0,2026-09-11,38,14.5,14.9,14.7,0.228906277480764,2.9499,0.4,0.1356,0.0272,0.8943
2026-08-04,wing_below,6750.0,2026-09-11,38,13.2,13.6,13.4,0.236102649336479,2.7162,0.4,0.1473,0.0299,0.8877
2026-08-04,short_above,7150.0,2026-09-11,38,31.8,32.2,32.0,0.184422594812258,5.4096,0.4,0.0739,0.0125,0.9404
2026-08-04,wing_above,6850.0,2026-09-11,38,16.2,16.5,16.35,0.222138484851812,3.2091,0.3,0.0935,0.0183,0.9009
2026-08-04,wing_below,6800.0,2026-09-11,38,14.6,15.0,14.8,0.228906277480764,2.9499,0.4,0.1356,0.027,0.8943
2026-08-04,short_above,7275.0,2026-08-21,17,10.2,11.0,10.6,0.173316495690998,2.6233,0.8,0.305,0.0755,0.9502
2026-08-04,short_below,7270.0,2026-08-21,17,10.2,10.5,10.35,0.174085621432799,2.5803,0.3,0.1163,0.029,0.9493
2026-08-04,wing_below,7070.0,2026-08-21,17,4.7,4.9,4.8,0.207285762079302,1.3734,0.2,0.1456,0.0417,0.9232
2026-08-04,short_above,7295.0,2026-08-21,17,11.4,11.8,11.6,0.170275249283329,2.8024,0.4,0.1427,0.0345,0.9526
2026-08-04,short_below,7280.0,2026-08-21,17,10.6,11.0,10.8,0.172550889727107,2.6671,0.4,0.15,0.037,0.9506
2026-08-04,wing_above,7090.0,2026-08-21,17,5.1,5.3,5.2,0.203801366559617,1.4569,0.2,0.1373,0.0385,0.9258
2026-08-04,wing_below,7085.0,2026-08-21,17,5.0,5.2,5.1,0.20467023811049,1.4354,0.2,0.1393,0.0392,0.9252
2026-08-04,short_above,7225.0,2026-08-21,17,8.5,8.8,8.65,0.181162290866696,2.2241,0.3,0.1349,0.0347,0.9434
2026-08-04,short_below,7220.0,2026-08-21,17,8.3,8.6,8.45,0.181965172013317,2.1864,0.3,0.1372,0.0355,0.9428
2026-08-04,wing_above,7020.0,2026-08-21,17,3.9,4.2,4.05,0.216084732129117,1.1958,0.3,0.2509,0.0741,0.9167
2026-08-04,wing_below,7010.0,2026-08-21,17,3.8,4.0,3.9,0.217856886323699,1.1628,0.2,0.172,0.0513,0.9154
2026-08-04,wing_above,6985.0,2026-08-21,17,3.5,3.7,3.6,0.222302554731592,1.085,0.2,0.1843,0.0556,0.9121
2026-08-04,wing_below,6980.0,2026-08-21,17,3.4,3.7,3.55,0.223194184821155,1.0702,0.3,0.2803,0.0845,0.9115
2026-08-04,short_above,7330.0,2026-08-21,17,13.3,13.8,13.55,0.16508572219245,3.1322,0.5,0.1596,0.0369,0.9572
2026-08-04,short_below,7325.0,2026-08-21,17,13.1,13.4,13.25,0.165817322511507,3.0814,0.3,0.0974,0.0226,0.9565
2026-08-04,wing_above,7065.0,2026-08-21,17,4.6,4.8,4.7,0.208160379050363,1.3598,0.2,0.1471,0.0426,0.9226
2026-08-04,wing_below,7060.0,2026-08-21,17,4.5,4.7,4.6,0.209036292571338,1.3403,0.2,0.1492,0.0435,0.9219
2026-08-04,short_above,7320.0,2026-08-28,24,23.1,23.5,23.3,0.169090878765918,4.4765,0.4,0.0894,0.0172,0.9559
2026-08-04,short_below,7310.0,2026-08-28,24,22.4,22.8,22.6,0.170469215490221,4.371,0.4,0.0915,0.0177,0.9545
2026-08-04,wing_above,7050.0,2026-08-28,24,9.6,9.9,9.75,0.207973076835659,2.3195,0.3,0.1293,0.0308,0.9206
2026-08-04,wing_below,7025.0,2026-08-28,24,8.9,9.2,9.05,0.211554753815749,2.1862,0.3,0.1372,0.0331,0.9173
2026-08-04,short_above,7290.0,2026-08-28,24,20.7,21.0,20.85,0.1732395497817,4.1658,0.3,0.072,0.0144,0.9519
2026-08-04,short_below,7280.0,2026-08-28,24,19.9,20.3,20.1,0.174631061015906,4.0662,0.4,0.0984,0.0199,0.9506
2026-08-04,wing_above,7000.0,2026-08-28,24,8.3,8.6,8.45,0.215355816081888,2.0621,0.3,0.1455,0.0355,0.9138
2026-08-04,wing_below,6990.0,2026-08-28,24,8.1,8.4,8.25,0.21783900681303,2.0149,0.3,0.1489,0.0364,0.9125
2026-08-04,short_above,7320.0,2026-08-28,24,22.9,23.3,23.1,0.169761076809803,4.4765,0.4,0.0894,0.0173,0.9556
2026-08-04,short_below,7310.0,2026-08-28,24,22.1,22.5,22.3,0.171490183410761,4.371,0.4,0.0915,0.0179,0.9543
2026-08-04,wing_below,7025.0,2026-08-28,24,8.8,9.2,9.0,0.211800656088904,2.1862,0.4,0.183,0.0444,0.9171
2026-08-04,short_below,7300.0,2026-08-28,24,21.3,21.6,21.45,0.172124319953367,4.1922,0.3,0.0716,0.014,0.953
2026-08-04,wing_above,7050.0,2026-08-28,24,9.4,9.8,9.6,0.208597392674506,2.2871,0.4,0.1749,0.0417,0.9204
2026-08-04,short_above,7220.0,2026-08-28,24,16.0,16.3,16.15,0.183414807701888,3.4477,0.3,0.087,0.0186,0.9425
2026-08-04,short_below,7210.0,2026-08-28,24,15.5,15.8,15.65,0.184853792358081,3.3642,0.3,0.0892,0.0192,0.9412
2026-08-04,wing_above,6925.0,2026-08-28,24,6.8,7.1,6.95,0.228056010204661,1.7217,0.3,0.1742,0.0432,0.904
2026-08-04,wing_below,6900.0,2026-08-28,24,6.4,6.6,6.5,0.232039741224052,1.6307,0.2,0.1226,0.0308,0.9008
2026-08-04,short_above,7225.0,2026-08-31,27,18.4,18.8,18.6,0.179090002309277,3.9167,0.4,0.1021,0.0215,0.9432
2026-08-04,short_below,7220.0,2026-08-31,27,18.2,18.7,18.45,0.179773827169197,3.8717,0.5,0.1291,0.0271,0.9425
2026-08-04,wing_above,6920.0,2026-08-31,27,7.8,8.1,7.95,0.222594907189504,1.9706,0.3,0.1522,0.0377,0.9034
2026-08-04,wing_below,6915.0,2026-08-31,27,7.7,8.0,7.85,0.223338788501861,1.941,0.3,0.1546,0.0382,0.9027
2026-08-04,short_above,7230.0,2026-08-31,27,18.7,19.1,18.9,0.178407364500754,3.9621,0.4,0.101,0.0212,0.9438
2026-08-04,wing_above,6930.0,2026-08-31,27,8.0,8.3,8.15,0.221110595412115,2.0132,0.3,0.149,0.0368,0.9047
2026-08-04,short_above,7275.0,2026-09-04,31,28.4,28.9,28.65,0.175736464616112,5.1329,0.5,0.0974,0.0175,0.9497
2026-08-04,short_below,7250.0,2026-09-04,31,26.2,26.7,26.45,0.178996717609517,4.8839,0.5,0.1024,0.0189,0.9465
2026-08-04,wing_above,6975.0,2026-09-04,31,12.6,13.0,12.8,0.214588109273184,2.8084,0.4,0.1424,0.0313,0.9106
2026-08-04,wing_below,6950.0,2026-09-04,31,12.0,12.3,12.15,0.219758242321901,2.6749,0.3,0.1122,0.0247,0.9073
2026-08-04,short_above,7150.0,2026-09-04,31,19.9,20.2,20.05,0.192228977635955,3.9902,0.3,0.0752,0.015,0.9334
2026-08-04,short_below,7125.0,2026-09-04,31,18.5,18.9,18.7,0.195584632658029,3.7925,0.4,0.1055,0.0214,0.9301
2026-08-04,wing_above,6850.0,2026-09-04,31,9.6,10.0,9.8,0.234189278961301,2.2137,0.4,0.1807,0.0408,0.8942
2026-08-04,wing_below,6800.0,2026-09-04,31,8.7,9.0,8.85,0.241565226935771,2.0053,0.3,0.1496,0.0339,0.8877
2026-08-04,short_above,7125.0,2026-09-04,31,18.5,18.9,18.7,0.194949624783262,3.7925,0.4,0.1055,0.0214,0.9301
2026-08-04,short_below,7100.0,2026-09-04,31,17.3,17.7,17.5,0.198961589203507,3.5787,0.4,0.1118,0.0229,0.9269
2026-08-04,wing_above,6850.0,2026-09-04,31,9.6,10.0,9.8,0.232564473721797,2.2137,0.4,0.1807,0.0408,0.8942
2026-08-04,wing_below,6800.0,2026-09-04,31,8.7,9.0,8.85,0.239922169898695,2.0053,0.3,0.1496,0.0339,0.8877
2026-08-04,short_above,7200.0,2026-09-11,38,29.7,30.1,29.9,0.182872361915552,5.3338,0.4,0.075,0.0134,0.9394
2026-08-04,short_below,7150.0,2026-09-11,38,26.1,26.5,26.3,0.189028026171436,4.8776,0.4,0.082,0.0152,0.9328
2026-08-04,wing_above,6850.0,2026-09-11,38,13.4,13.8,13.6,0.228223509726258,2.8773,0.4,0.139,0.0294,0.8937
2026-08-04,wing_below,6800.0,2026-09-11,38,12.2,12.5,12.35,0.234478794746065,2.6468,0.3,0.1133,0.0243,0.8872
2026-08-04,short_above,7125.0,2026-09-11,38,24.5,25.0,24.75,0.192135208255823,4.6636,0.5,0.1072,0.0202,0.9296
2026-08-04,short_below,7100.0,2026-09-11,38,23.1,23.5,23.3,0.194383619741291,4.4589,0.4,0.0897,0.0172,0.9263
2026-08-04,wing_above,6800.0,2026-09-11,38,12.2,12.5,12.35,0.235120608495837,2.6468,0.3,0.1133,0.0243,0.8872
2026-08-04,wing_below,6750.0,2026-09-11,38,11.1,11.5,11.3,0.241314882168669,2.4302,0.4,0.1646,0.0354,0.8806
2026-08-04,short_above,7150.0,2026-09-11,38,26.1,26.6,26.35,0.188051466256874,4.8776,0.5,0.1025,0.019,0.9328
2026-08-04,wing_above,6850.0,2026-09-11,38,13.4,13.8,13.6,0.228223509726258,2.8773,0.4,0.139,0.0294,0.8937
2026-08-04,wing_below,6800.0,2026-09-11,38,12.2,12.6,12.4,0.235120608495837,2.6468,0.4,0.1511,0.0323,0.8872
2026-08-04,short_above,7500.0,2026-09-14,41,73.3,73.9,73.6,0.146300249748694,9.0025,0.6,0.0666,0.0082,0.9785
2026-08-04,short_below,7450.0,2026-09-14,41,63.1,63.7,63.4,0.150610004830748,8.453,0.6,0.071,0.0095,0.972
2026-08-04,wing_above,7200.0,2026-09-14,41,31.6,32.1,31.85,0.179674721904473,5.6616,0.5,0.0883,0.0157,0.9394
2026-08-04,wing_below,7175.0,2026-09-14,41,29.7,30.2,29.95,0.182644397352578,5.4222,0.5,0.0922,0.0167,0.9361
2026-08-04,short_above,7275.0,2026-08-21,17,8.6,8.9,8.75,0.175458691167681,2.2789,0.3,0.1316,0.0343,0.9462
2026-08-04,short_below,7270.0,2026-08-21,17,8.5,8.7,8.6,0.176254822261147,2.2415,0.2,0.0892,0.0233,0.9456
2026-08-04,wing_above,7075.0,2026-08-21,17,4.1,4.3,4.2,0.210050575708588,1.2384,0.2,0.1615,0.0476,0.9202
2026-08-04,wing_below,7070.0,2026-08-21,17,4.1,4.3,4.2,0.210966310641977,1.2214,0.2,0.1638,0.0476,0.9195
2026-08-04,short_above,7295.0,2026-08-21,17,9.4,9.6,9.5,0.172313691837378,2.4358,0.2,0.0821,0.0211,0.9488
2026-08-04,short_below,7280.0,2026-08-21,17,8.8,9.0,8.9,0.174666589939401,2.317,0.2,0.0863,0.0225,0.9469
2026-08-04,wing_above,7090.0,2026-08-21,17,4.3,4.5,4.4,0.207311415490703,1.2913,0.2,0.1549,0.0455,0.9221
2026-08-04,wing_below,7085.0,2026-08-21,17,4.2,4.5,4.35,0.208223040969921,1.2733,0.3,0.2356,0.069,0.9215
2026-08-04,short_above,7225.0,2026-08-21,17,7.0,7.3,7.15,0.18360392346452,1.9363,0.3,0.1549,0.042,0.9397
2026-08-04,short_below,7220.0,2026-08-21,17,6.9,7.1,7.0,0.18390083619337,1.9057,0.2,0.1049,0.0286,0.9391
2026-08-04,wing_above,7020.0,2026-08-21,17,3.5,3.7,3.6,0.22017791773137,1.0769,0.2,0.1857,0.0556,0.913
2026-08-04,wing_below,7010.0,2026-08-21,17,3.4,3.6,3.5,0.22202892216123,1.0488,0.2,0.1907,0.0571,0.9117
2026-08-04,wing_above,6985.0,2026-08-21,17,3.1,3.3,3.2,0.226664851168684,0.9847,0.2,0.2031,0.0625,0.9085
2026-08-04,wing_below,6980.0,2026-08-21,17,3.1,3.3,3.2,0.227593274737716,0.9702,0.2,0.2061,0.0625,0.9078
2026-08-04,short_above,7330.0,2026-08-21,17,11.0,11.3,11.15,0.166943011103206,2.7515,0.3,0.109,0.0269,0.9534
2026-08-04,short_below,7325.0,2026-08-21,17,10.8,11.0,10.9,0.167701620481492,2.7059,0.2,0.0739,0.0183,0.9527
2026-08-04,wing_above,7065.0,2026-08-21,17,4.0,4.2,4.1,0.211456624078244,1.2153,0.2,0.1646,0.0488,0.919
2026-08-04,wing_below,7060.0,2026-08-21,17,3.9,4.1,4.0,0.2123705567632,1.1988,0.2,0.1668,0.05,0.9184
2026-08-04,short_above,7320.0,2026-08-28,24,20.3,20.7,20.5,0.170984350120888,4.0966,0.4,0.0976,0.0195,0.9522
2026-08-04,short_below,7310.0,2026-08-28,24,19.5,20.0,19.75,0.171490183410761,4.2948,0.5,0.1164,0.0253,0.9509
2026-08-04,wing_above,7050.0,2026-08-28,24,8.6,8.8,8.7,0.211252028885512,2.1309,0.2,0.0939,0.023,0.9171
2026-08-04,short_above,7290.0,2026-08-28,24,18.0,18.4,18.2,0.175589939164503,3.8051,0.4,0.1051,0.022,0.9483
2026-08-04,short_below,7280.0,2026-08-28,24,17.4,17.8,17.6,0.177023124384765,3.7123,0.4,0.1078,0.0227,0.947
2026-08-04,wing_above,7000.0,2026-08-28,24,7.4,7.7,7.55,0.218959616664778,1.9024,0.3,0.1577,0.0397,0.9106
2026-08-04,wing_below,6990.0,2026-08-28,24,7.3,7.5,7.4,0.21971609326344,1.8605,0.2,0.1075,0.027,0.9093
2026-08-04,short_above,7320.0,2026-08-28,24,20.0,20.5,20.25,0.170984350120888,4.0966,0.5,0.1221,0.0247,0.9522
2026-08-04,wing_above,7050.0,2026-08-28,24,8.5,8.8,8.65,0.210483003898246,2.1309,0.3,0.1408,0.0347,0.9171
2026-08-04,short_below,7300.0,2026-08-28,24,18.6,18.9,18.75,0.174163023619351,3.8773,0.3,0.0774,0.016,0.9496
2026-08-04,wing_above,7050.0,2026-08-28,24,8.5,8.8,8.65,0.210483003898246,2.1309,0.3,0.1408,0.0347,0.9171
2026-08-04,short_above,7220.0,2026-08-28,24,14.1,14.4,14.25,0.185737701605313,3.1853,0.3,0.0942,0.0211,0.9392
2026-08-04,short_below,7210.0,2026-08-28,24,13.7,14.0,13.85,0.187207214264599,3.1081,0.3,0.0965,0.0217,0.9379
2026-08-04,wing_above,6925.0,2026-08-28,24,6.2,6.4,6.3,0.230711658553481,1.5969,0.2,0.1252,0.0317,0.9008
2026-08-04,wing_below,6900.0,2026-08-28,24,5.8,6.1,5.95,0.234682962077015,1.5129,0.3,0.1983,0.0504,0.8976
2026-08-04,short_above,7225.0,2026-08-31,27,16.5,16.8,16.65,0.180667518114281,3.6199,0.3,0.0829,0.018,0.9398
2026-08-04,short_below,7220.0,2026-08-31,27,16.2,16.6,16.4,0.18136375837536,3.5837,0.4,0.1116,0.0244,0.9392
2026-08-04,wing_above,6920.0,2026-08-31,27,7.2,7.5,7.35,0.224838151585081,1.8292,0.3,0.164,0.0408,0.9002
2026-08-04,wing_below,6915.0,2026-08-31,27,7.1,7.4,7.25,0.225595793424444,1.8248,0.3,0.1644,0.0414,0.8995
2026-08-04,short_above,7230.0,2026-08-31,27,16.8,17.1,16.95,0.179972378353146,3.665,0.3,0.0819,0.0177,0.9405
2026-08-04,short_below,7225.0,2026-08-31,27,16.5,16.8,16.65,0.178852171830539,3.6199,0.3,0.0829,0.018,0.9398
2026-08-04,wing_above,6930.0,2026-08-31,27,7.4,7.6,7.5,0.223326624911221,1.8679,0.2,0.1071,0.0267,0.9015
2026-08-04,short_above,7275.0,2026-09-04,31,25.8,26.0,25.9,0.177823703608416,4.8111,0.2,0.0416,0.0077,0.9463
2026-08-04,short_below,7250.0,2026-09-04,31,23.9,24.2,24.05,0.181119517403922,4.5734,0.3,0.0656,0.0125,0.9428
2026-08-04,wing_above,6975.0,2026-09-04,31,11.7,12.0,11.85,0.218863430844342,2.6312,0.3,0.114,0.0253,0.9071
2026-08-04,wing_below,6950.0,2026-09-04,31,11.1,11.4,11.25,0.222424453764063,2.5072,0.3,0.1197,0.0267,0.9038
2026-08-04,short_above,7150.0,2026-09-04,31,18.1,18.4,18.25,0.194547098133689,3.7309,0.3,0.0804,0.0164,0.9298
2026-08-04,short_below,7125.0,2026-09-04,31,16.9,17.2,17.05,0.197957688778569,3.5462,0.3,0.0846,0.0176,0.9266
2026-08-04,wing_above,6850.0,2026-09-04,31,9.0,9.2,9.1,0.236892811491082,2.0893,0.2,0.0957,0.022,0.8908
2026-08-04,wing_below,6800.0,2026-09-04,31,8.1,8.4,8.25,0.244257933220581,1.9086,0.3,0.1572,0.0364,0.8843
2026-08-04,short_above,7125.0,2026-09-04,31,16.8,17.2,17.0,0.196912894241594,3.5624,0.4,0.1123,0.0235,0.9266
2026-08-04,short_below,7100.0,2026-09-04,31,15.8,16.1,15.95,0.201388865341904,3.3871,0.3,0.0886,0.0188,0.9233
2026-08-04,wing_below,6800.0,2026-09-04,31,8.1,8.4,8.25,0.24247445995111,1.9086,0.3,0.1572,0.0364,0.8843
2026-08-04,short_above,7200.0,2026-09-11,38,27.1,27.5,27.3,0.184397223468247,5.0889,0.4,0.0786,0.0147,0.9363
2026-08-04,short_below,7150.0,2026-09-11,38,23.9,24.3,24.1,0.190605891328267,4.6512,0.4,0.086,0.0166,0.9298
2026-08-04,wing_above,6850.0,2026-09-11,38,12.5,12.9,12.7,0.229765183746449,2.7524,0.4,0.1453,0.0315,0.8908
2026-08-04,wing_below,6800.0,2026-09-11,38,11.4,11.8,11.6,0.235177202215132,2.535,0.4,0.1578,0.0345,0.8843
2026-08-04,short_above,7125.0,2026-09-11,38,22.5,22.9,22.7,0.193743794847219,4.4465,0.4,0.09,0.0176,0.9266
2026-08-04,short_below,7100.0,2026-09-11,38,21.2,21.6,21.4,0.196903940884103,4.2512,0.4,0.0941,0.0187,0.9233
2026-08-04,wing_above,6800.0,2026-09-11,38,11.4,11.7,11.55,0.235177202215132,2.535,0.3,0.1183,0.026,0.8843
2026-08-04,wing_below,6750.0,2026-09-11,38,10.5,10.8,10.65,0.24349836142108,2.3374,0.3,0.1283,0.0282,0.8778
2026-08-04,short_above,7150.0,2026-09-11,38,23.9,24.3,24.1,0.190101795747428,4.6512,0.4,0.086,0.0166,0.9298
2026-08-04,wing_below,6800.0,2026-09-11,38,11.4,11.7,11.55,0.235177202215132,2.535,0.3,0.1183,0.026,0.8843
2026-08-04,short_above,7500.0,2026-09-14,41,66.4,67.1,66.75,0.147730111702364,8.7099,0.7,0.0804,0.0105,0.9753
2026-08-04,short_below,7450.0,2026-09-14,41,56.9,57.8,57.35,0.15273601964197,8.132,0.9,0.1107,0.0157,0.9688
2026-08-04,wing_above,7200.0,2026-09-14,41,28.7,29.3,29.0,0.181080445321462,5.4113,0.6,0.1109,0.0207,0.9363
2026-08-04,wing_below,7175.0,2026-09-14,41,27.1,27.5,27.3,0.184106560036094,5.1569,0.4,0.0776,0.0147,0.9331
2026-08-05,short_above,7275.0,2026-08-21,16,8.7,9.0,8.85,0.182402688169551,2.2524,0.3,0.1332,0.0339,0.9435
2026-08-05,short_below,7270.0,2026-08-21,16,8.5,8.8,8.65,0.183211756744819,2.2172,0.3,0.1353,0.0347,0.9431
2026-08-05,wing_above,7075.0,2026-08-21,16,4.2,4.4,4.3,0.21689987184287,1.2493,0.2,0.1601,0.0465,0.9178
2026-08-05,wing_below,7070.0,2026-08-21,16,4.1,4.4,4.25,0.217788014365182,1.2322,0.3,0.2435,0.0706,0.9172
2026-08-05,short_above,7295.0,2026-08-21,16,9.5,9.7,9.6,0.179213855942402,2.3998,0.2,0.0833,0.0208,0.9463
2026-08-05,short_below,7280.0,2026-08-21,16,8.9,9.2,9.05,0.181598200513089,2.2882,0.3,0.1311,0.0331,0.9444
2026-08-05,wing_above,7090.0,2026-08-21,16,4.4,4.6,4.5,0.214237285857597,1.3026,0.2,0.1535,0.0444,0.9198
2026-08-05,wing_below,7085.0,2026-08-21,16,4.3,4.6,4.45,0.215124472123481,1.2846,0.3,0.2335,0.0674,0.9191
2026-08-05,short_above,7225.0,2026-08-21,16,7.1,7.4,7.25,0.190675389682918,1.9295,0.3,0.1555,0.0414,0.9373
2026-08-05,short_below,7220.0,2026-08-21,16,7.0,7.3,7.15,0.191522450167311,1.9005,0.3,0.1579,0.042,0.9366
2026-08-05,wing_above,7020.0,2026-08-21,16,3.5,3.8,3.65,0.226680246015518,1.0749,0.3,0.2791,0.0822,0.9107
2026-08-05,wing_below,7010.0,2026-08-21,16,3.4,3.7,3.55,0.22846044638968,1.0389,0.3,0.2888,0.0845,0.9094
2026-08-05,short_above,7280.0,2026-08-21,16,8.9,9.1,9.0,0.180548868193672,2.2882,0.2,0.0874,0.0222,0.9444
2026-08-05,wing_above,6985.0,2026-08-21,16,3.2,3.4,3.3,0.232913260517927,0.9701,0.2,0.2062,0.0606,0.9061
2026-08-05,wing_below,6980.0,2026-08-21,16,3.1,3.4,3.25,0.233804242946657,0.9596,0.3,0.3126,0.0923,0.9055
2026-08-05,short_above,7330.0,2026-08-21,16,11.0,11.3,11.15,0.173838365370286,2.6698,0.3,0.1124,0.0269,0.9509
2026-08-05,short_below,7325.0,2026-08-21,16,10.7,11.0,10.85,0.17458934379369,2.6265,0.3,0.1142,0.0276,0.9502
2026-08-05,wing_above,7065.0,2026-08-21,16,4.0,4.3,4.15,0.218676411282816,1.2059,0.3,0.2488,0.0723,0.9165
2026-08-05,wing_below,7060.0,2026-08-21,16,4.0,4.2,4.1,0.219565036763762,1.1926,0.2,0.1677,0.0488,0.9159
2026-08-05,short_above,7320.0,2026-08-28,23,19.7,20.2,19.95,0.176959713455325,3.9848,0.5,0.1255,0.0251,0.9496
2026-08-05,wing_above,7050.0,2026-08-28,23,8.4,8.8,8.6,0.216070250946178,2.0832,0.4,0.192,0.0465,0.9146
2026-08-05,wing_below,7025.0,2026-08-28,23,7.8,8.2,8.0,0.211800656088904,2.1575,0.4,0.1854,0.05,0.9113
2026-08-05,short_above,7290.0,2026-08-28,23,17.6,18.1,17.85,0.181116735450002,3.7048,0.5,0.135,0.028,0.9457
2026-08-05,short_below,7280.0,2026-08-28,23,17.0,17.4,17.2,0.182514786861913,3.6157,0.4,0.1106,0.0233,0.9444
2026-08-05,wing_above,7000.0,2026-08-28,23,7.4,7.7,7.55,0.223714826710639,1.8591,0.3,0.1614,0.0397,0.9081
2026-08-05,wing_below,6990.0,2026-08-28,23,7.2,7.5,7.35,0.225258928347428,1.818,0.3,0.165,0.0408,0.9068
2026-08-05,short_above,7320.0,2026-08-28,23,19.6,20.1,19.85,0.176447872640406,3.9848,0.5,0.1255,0.0252,0.9496
2026-08-05,wing_above,7050.0,2026-08-28,23,8.4,8.7,8.55,0.215277944784441,2.0832,0.3,0.144,0.0351,0.9146
2026-08-05,short_above,7310.0,2026-08-28,23,18.8,19.2,19.0,0.171637372796687,3.9735,0.4,0.1007,0.0211,0.948
2026-08-05,short_below,7300.0,2026-08-28,23,18.1,18.4,18.25,0.179338185610448,3.796,0.3,0.079,0.0164,0.9467
2026-08-05,short_above,7220.0,2026-08-28,23,13.8,14.2,14.0,0.190635270873364,3.0793,0.4,0.1299,0.0286,0.9364
2026-08-05,short_below,7210.0,2026-08-28,23,13.3,13.7,13.5,0.191575389865087,3.0049,0.4,0.1331,0.0296,0.9351
2026-08-05,wing_above,6925.0,2026-08-28,23,6.1,6.4,6.25,0.235352271928218,1.55,0.3,0.1935,0.048,0.8981
2026-08-05,wing_below,6900.0,2026-08-28,23,5.7,6.0,5.85,0.238949868044654,1.4694,0.3,0.2042,0.0513,0.8949
2026-08-05,short_above,7225.0,2026-08-31,26,15.9,16.3,16.1,0.185581143910926,3.512,0.4,0.1139,0.0248,0.937
2026-08-05,short_below,7220.0,2026-08-31,26,15.7,16.0,15.85,0.186271365059639,3.4937,0.3,0.0859,0.0189,0.9364
2026-08-05,wing_above,6920.0,2026-08-31,26,7.1,7.3,7.2,0.22927269917421,1.7858,0.2,0.112,0.0278,0.8975
2026-08-05,wing_below,6915.0,2026-08-31,26,7.0,7.3,7.15,0.230018161573731,1.7735,0.3,0.1692,0.042,0.8968
2026-08-05,short_above,7230.0,2026-08-31,26,16.2,16.6,16.4,0.184891869714325,3.5758,0.4,0.1119,0.0244,0.9377
2026-08-05,short_below,7225.0,2026-08-31,26,16.0,16.3,16.15,0.184721877711175,3.512,0.3,0.0854,0.0186,0.937
2026-08-05,wing_above,6930.0,2026-08-31,26,7.2,7.5,7.35,0.227784857586739,1.8235,0.3,0.1645,0.0408,0.8988
2026-08-05,short_above,7275.0,2026-09-04,30,24.6,25.1,24.85,0.181974478050681,4.6756,0.5,0.1069,0.0201,0.9435
2026-08-05,short_below,7250.0,2026-09-04,30,23.0,23.3,23.15,0.185263573855821,4.4467,0.3,0.0675,0.013,0.9403
2026-08-05,wing_above,6975.0,2026-09-04,30,11.4,11.7,11.55,0.222768305185676,2.572,0.3,0.1166,0.026,0.9046
2026-08-05,wing_below,6950.0,2026-09-04,30,10.8,11.1,10.95,0.226274163571793,2.4511,0.3,0.1224,0.0274,0.9013
2026-08-05,short_above,7150.0,2026-09-04,30,17.5,17.8,17.65,0.19866419211516,3.6358,0.3,0.0825,0.017,0.9273
2026-08-05,short_below,7125.0,2026-09-04,30,16.3,16.7,16.5,0.201409410539942,3.458,0.4,0.1157,0.0242,0.924
2026-08-05,wing_above,6850.0,2026-09-04,30,8.7,9.1,8.9,0.240473782652577,2.0306,0.4,0.197,0.0449,0.8884
2026-08-05,wing_below,6800.0,2026-09-04,30,7.9,8.2,8.05,0.247685306614525,1.8538,0.3,0.1618,0.0373,0.8819
2026-08-05,short_below,7100.0,2026-09-04,30,15.4,15.7,15.55,0.205475143663405,3.2893,0.3,0.0912,0.0193,0.9208
2026-08-05,wing_above,6850.0,2026-09-04,30,8.7,9.1,8.9,0.241207288599682,2.0306,0.4,0.197,0.0449,0.8884
2026-08-05,wing_below,6800.0,2026-09-04,30,7.9,8.2,8.05,0.247601159075638,1.8538,0.3,0.1618,0.0373,0.8819
2026-08-05,short_above,7200.0,2026-09-11,37,26.2,26.5,26.35,0.181313393427069,4.9354,0.3,0.0608,0.0114,0.9338
2026-08-05,short_below,7150.0,2026-09-11,37,23.1,23.6,23.35,0.194111172381989,4.5136,0.5,0.1108,0.0214,0.9273
2026-08-05,wing_above,6850.0,2026-09-11,37,12.2,12.6,12.4,0.233038941895784,2.685,0.4,0.149,0.0323,0.8884
2026-08-05,wing_below,6800.0,2026-09-11,37,11.1,11.5,11.3,0.239782499748236,2.4724,0.4,0.1618,0.0354,0.8817
2026-08-05,short_above,7125.0,2026-09-11,37,21.8,22.2,22.0,0.197093460175363,4.3175,0.4,0.0926,0.0182,0.9238
2026-08-05,short_below,7100.0,2026-09-11,37,20.6,21.0,20.8,0.200269628625494,4.1303,0.4,0.0968,0.0192,0.9206
2026-08-05,wing_below,6750.0,2026-09-11,37,10.2,10.5,10.35,0.246578103340601,2.2758,0.3,0.1318,0.029,0.8752
2026-08-05,short_above,7150.0,2026-09-11,37,23.1,23.6,23.35,0.194111172381989,4.5136,0.5,0.1108,0.0214,0.9271
2026-08-05,short_below,7125.0,2026-09-11,37,21.8,22.2,22.0,0.197250837416434,4.3175,0.4,0.0926,0.0182,0.9238
2026-08-05,wing_above,6850.0,2026-09-11,37,12.2,12.5,12.35,0.232975737102113,2.685,0.3,0.1117,0.0243,0.8882
2026-08-05,short_above,7500.0,2026-09-14,40,63.5,64.1,63.8,0.151111111700868,8.5237,0.6,0.0704,0.0094,0.9725
2026-08-05,short_below,7450.0,2026-09-14,40,54.7,55.2,54.95,0.156093599161028,7.9408,0.5,0.063,0.0091,0.966
2026-08-05,wing_above,7200.0,2026-09-14,40,27.9,28.5,28.2,0.184209460007516,5.2498,0.6,0.1143,0.0213,0.9336
2026-08-05,wing_below,7175.0,2026-09-14,40,26.2,26.9,26.55,0.187213762243391,5.028,0.7,0.1392,0.0264,0.9303
2026-08-05,short_above,7275.0,2026-08-21,16,7.9,8.1,8.0,0.183491089137295,2.0874,0.2,0.0958,0.025,0.9417
2026-08-05,short_below,7270.0,2026-08-21,16,7.7,8.0,7.85,0.183685901310653,2.0547,0.3,0.146,0.0382,0.9411
2026-08-05,wing_above,7075.0,2026-08-21,16,3.9,4.1,4.0,0.216349501105206,1.1679,0.2,0.1712,0.05,0.9159
2026-08-05,short_above,7295.0,2026-08-21,16,8.5,8.7,8.6,0.18025424604212,2.225,0.2,0.0899,0.0233,0.9443
2026-08-05,wing_above,7090.0,2026-08-21,16,4.0,4.2,4.1,0.216366496052895,1.2162,0.2,0.1645,0.0488,0.9176
2026-08-05,wing_below,7085.0,2026-08-21,16,3.9,4.2,4.05,0.21726863418745,1.1998,0.3,0.25,0.0741,0.9169
2026-08-05,short_above,7225.0,2026-08-21,16,6.4,6.6,6.5,0.192499381633362,1.7882,0.2,0.1118,0.0308,0.935
2026-08-05,short_below,7220.0,2026-08-21,16,6.2,6.5,6.35,0.193355559880188,1.74,0.3,0.1724,0.0472,0.9344
2026-08-05,wing_above,7020.0,2026-08-21,16,3.2,3.4,3.3,0.229042602482954,1.0085,0.2,0.1983,0.0606,0.9085
2026-08-05,wing_below,7010.0,2026-08-21,16,3.1,3.4,3.25,0.230860212760213,0.9704,0.3,0.3092,0.0923,0.9072
2026-08-05,short_above,7280.0,2026-08-21,16,7.9,8.2,8.05,0.182448341598469,2.1208,0.3,0.1415,0.0373,0.9421
2026-08-05,wing_above,6985.0,2026-08-21,16,2.95,3.1,3.025,0.23541111105651,0.9118,0.15,0.1645,0.0496,0.904
2026-08-05,wing_below,6980.0,2026-08-21,16,2.9,3.1,3.0,0.236322511583723,0.8982,0.2,0.2227,0.0667,0.9033
2026-08-05,short_above,7330.0,2026-08-21,16,9.8,10.1,9.95,0.175426771912563,2.4636,0.3,0.1218,0.0302,0.9486
2026-08-05,short_below,7325.0,2026-08-21,16,9.6,9.8,9.7,0.17619474978656,2.4236,0.2,0.0825,0.0206,0.948
2026-08-05,wing_above,7065.0,2026-08-21,16,3.7,3.9,3.8,0.220883054048352,1.1208,0.2,0.1784,0.0526,0.9143
2026-08-05,wing_below,7060.0,2026-08-21,16,3.6,3.8,3.7,0.22178795623811,1.1077,0.2,0.1806,0.0541,0.9137
2026-08-05,short_above,7320.0,2026-08-28,23,17.9,18.4,18.15,0.178206465672799,3.7561,0.5,0.1331,0.0275,0.9473
2026-08-05,short_below,7310.0,2026-08-28,23,17.4,17.7,17.55,0.177298267966867,3.8893,0.3,0.0771,0.0171,0.946
2026-08-05,wing_above,7050.0,2026-08-28,23,7.8,8.1,7.95,0.217452474007051,1.9567,0.3,0.1533,0.0377,0.9124
2026-08-05,short_above,7290.0,2026-08-28,23,16.2,16.6,16.4,0.182362133792583,3.4879,0.4,0.1147,0.0244,0.9434
2026-08-05,short_below,7280.0,2026-08-28,23,15.6,16.0,15.8,0.183760389298005,3.4027,0.4,0.1176,0.0253,0.9421
2026-08-05,wing_above,7000.0,2026-08-28,23,6.9,7.2,7.05,0.2251520042985,1.7476,0.3,0.1717,0.0426,0.9059
2026-08-05,wing_below,6990.0,2026-08-28,23,6.7,7.0,6.85,0.226707969335906,1.7093,0.3,0.1755,0.0438,0.9046
2026-08-05,short_above,7320.0,2026-08-28,23,18.0,18.4,18.2,0.178337661912317,3.7561,0.4,0.1065,0.022,0.9473
2026-08-05,short_below,7310.0,2026-08-28,23,17.3,17.7,17.5,0.179121068113486,3.6645,0.4,0.1092,0.0229,0.946
2026-08-05,wing_above,7050.0,2026-08-28,23,7.8,8.1,7.95,0.217885377271186,1.9567,0.3,0.1533,0.0377,0.9124
2026-08-05,wing_below,7025.0,2026-08-28,23,7.3,7.6,7.45,0.218927981585323,1.9672,0.3,0.1525,0.0403,0.9091
2026-08-05,short_above,7310.0,2026-08-28,23,17.3,17.7,17.5,0.179121068113486,3.6645,0.4,0.1092,0.0229,0.946
2026-08-05,short_below,7300.0,2026-08-28,23,16.8,17.0,16.9,0.180970238394713,3.5412,0.2,0.0565,0.0118,0.9447
2026-08-05,wing_below,7025.0,2026-08-28,23,7.3,7.6,7.45,0.221300100153016,1.8484,0.3,0.1623,0.0403,0.9091
2026-08-05,short_above,7220.0,2026-08-28,23,12.9,13.2,13.05,0.192274006843242,2.9056,0.3,0.1032,0.023,0.9344
2026-08-05,short_below,7210.0,2026-08-28,23,12.5,12.8,12.65,0.194539605458213,2.8351,0.3,0.1058,0.0237,0.9331
2026-08-05,wing_above,6925.0,2026-08-28,23,5.7,6.0,5.85,0.237432307874018,1.4691,0.3,0.2042,0.0513,0.8957
2026-08-05,wing_below,6900.0,2026-08-28,23,5.4,5.7,5.55,0.241380096979479,1.394,0.3,0.2152,0.0541,0.8924
2026-08-05,short_above,7225.0,2026-08-31,26,14.9,15.3,15.1,0.187490673763101,3.3297,0.4,0.1201,0.0265,0.9345
2026-08-05,short_below,7220.0,2026-08-31,26,14.7,15.0,14.85,0.188178043583454,3.2914,0.3,0.0911,0.0202,0.9338
2026-08-05,wing_above,6920.0,2026-08-31,26,6.7,6.9,6.8,0.231862397869946,1.6952,0.2,0.118,0.0294,0.895
2026-08-05,wing_below,6915.0,2026-08-31,26,6.6,6.9,6.75,0.231985999144655,1.6759,0.3,0.179,0.0444,0.8944
2026-08-05,short_above,7230.0,2026-08-31,26,15.2,15.5,15.35,0.186804410813619,3.388,0.3,0.0885,0.0195,0.9351
2026-08-05,short_below,7225.0,2026-08-31,26,14.9,15.3,15.1,0.186631326951252,3.3297,0.4,0.1201,0.0265,0.9345
2026-08-05,wing_above,6930.0,2026-08-31,26,6.8,7.1,6.95,0.229743239258287,1.7258,0.3,0.1738,0.0432,0.8963
2026-08-05,wing_below,6920.0,2026-08-31,26,6.7,6.9,6.8,0.231862397869946,1.6952,0.2,0.118,0.0294,0.895
2026-08-05,short_above,7275.0,2026-09-04,30,23.3,23.7,23.5,0.184004585721046,4.4749,0.4,0.0894,0.017,0.9409
2026-08-05,short_below,7250.0,2026-09-04,30,21.7,22.1,21.9,0.187264503114451,4.2536,0.4,0.094,0.0183,0.9377
2026-08-05,wing_above,6975.0,2026-09-04,30,10.9,11.2,11.05,0.22398901811471,2.4567,0.3,0.1221,0.0271,0.9021
2026-08-05,wing_below,6950.0,2026-09-04,30,10.3,10.6,10.45,0.228349802309278,2.3418,0.3,0.1281,0.0287,0.8989
2026-08-05,short_above,7150.0,2026-09-04,30,16.6,16.9,16.75,0.200579467531053,3.4729,0.3,0.0864,0.0179,0.9248
2026-08-05,short_below,7125.0,2026-09-04,30,15.5,15.9,15.7,0.203969854270527,3.3024,0.4,0.1211,0.0255,0.9215
2026-08-05,wing_above,6850.0,2026-09-04,30,8.4,8.7,8.55,0.242759019824864,1.9433,0.3,0.1544,0.0351,0.886
2026-08-05,wing_below,6800.0,2026-09-04,30,7.6,7.9,7.75,0.25007821124526,1.776,0.3,0.1689,0.0387,0.8795
2026-08-05,short_above,7125.0,2026-09-04,30,15.5,15.9,15.7,0.203431314220008,3.3024,0.4,0.1211,0.0255,0.9215
2026-08-05,short_below,7100.0,2026-09-04,30,14.6,14.9,14.75,0.207383706731995,3.1587,0.3,0.095,0.0203,0.9183
2026-08-05,wing_above,6850.0,2026-09-04,30,8.4,8.7,8.55,0.241207288599682,1.9433,0.3,0.1544,0.0351,0.886
2026-08-05,wing_below,6800.0,2026-09-04,30,7.6,7.9,7.75,0.250696919431192,1.776,0.3,0.1689,0.0387,0.8795
2026-08-05,short_above,7200.0,2026-09-11,37,24.9,25.3,25.1,0.189737335238585,4.7725,0.4,0.0838,0.0159,0.9312
2026-08-05,short_below,7150.0,2026-09-11,37,22.0,22.5,22.25,0.195959672553326,4.3637,0.5,0.1146,0.0225,0.9248
2026-08-05,wing_above,6850.0,2026-09-11,37,11.7,12.1,11.9,0.234859555285177,2.5924,0.4,0.1543,0.0336,0.886
2026-08-05,wing_below,6800.0,2026-09-11,37,10.7,11.0,10.85,0.241578928229088,2.3879,0.3,0.1256,0.0276,0.8795
2026-08-05,short_above,7125.0,2026-09-11,37,20.7,21.2,20.95,0.18936323443674,4.1732,0.5,0.1198,0.0239,0.9215
2026-08-05,short_below,7100.0,2026-09-11,37,19.6,20.0,19.8,0.202269478159969,3.9914,0.4,0.1002,0.0202,0.9183
2026-08-05,wing_above,6800.0,2026-09-11,37,10.7,11.0,10.85,0.240043567996073,2.3879,0.3,0.1256,0.0276,0.8795
2026-08-05,wing_below,6750.0,2026-09-11,37,9.8,10.1,9.95,0.2483664510793,2.2026,0.3,0.1362,0.0302,0.873
2026-08-05,short_above,7150.0,2026-09-11,37,22.0,22.5,22.25,0.194439296277121,4.3637,0.5,0.1146,0.0225,0.9248
2026-08-05,short_below,7125.0,2026-09-11,37,20.8,21.2,21.0,0.199535448690137,4.1732,0.4,0.0959,0.019,0.9215
2026-08-05,wing_below,6800.0,2026-09-11,37,10.7,11.0,10.85,0.240043567996073,2.3879,0.3,0.1256,0.0276,0.8795
2026-08-05,short_above,7500.0,2026-09-14,40,59.9,60.7,60.3,0.153236905050646,8.3207,0.8,0.0961,0.0133,0.9701
2026-08-05,short_below,7450.0,2026-09-14,40,51.6,52.3,51.95,0.15819714453085,7.7313,0.7,0.0905,0.0135,0.9637
2026-08-05,wing_above,7200.0,2026-09-14,40,26.5,27.1,26.8,0.186321114400818,5.1007,0.6,0.1176,0.0224,0.9313
2026-08-05,wing_below,7175.0,2026-09-14,40,25.0,25.5,25.25,0.189342877025719,4.8684,0.5,0.1027,0.0198,0.9281
2026-08-05,short_below,7270.0,2026-08-21,16,8.0,8.4,8.2,0.191578686611648,2.0581,0.4,0.1944,0.0488,0.9387
2026-08-05,wing_above,7075.0,2026-08-21,16,4.1,4.4,4.25,0.226027884943627,1.1925,0.3,0.2516,0.0706,0.9135
2026-08-05,wing_below,7070.0,2026-08-21,16,4.0,4.3,4.15,0.226685408549062,1.1768,0.3,0.2549,0.0723,0.9129
2026-08-05,short_above,7295.0,2026-08-21,16,8.9,9.2,9.05,0.187143876048043,2.2194,0.3,0.1352,0.0331,0.9425
2026-08-05,short_below,7280.0,2026-08-21,16,8.4,8.6,8.5,0.190927929398074,2.1208,0.2,0.0943,0.0235,0.9405
2026-08-05,wing_above,7090.0,2026-08-21,16,4.3,4.6,4.45,0.223099508093208,1.241,0.3,0.2417,0.0674,0.916
2026-08-05,wing_below,7085.0,2026-08-21,16,4.3,4.5,4.4,0.223995690060376,1.2246,0.2,0.1633,0.0455,0.9153
2026-08-05,short_above,7225.0,2026-08-21,16,6.8,7.1,6.95,0.199101743491526,1.8034,0.3,0.1664,0.0432,0.9334
2026-08-05,short_below,7220.0,2026-08-21,16,6.7,7.0,6.85,0.199976497203207,1.7776,0.3,0.1688,0.0438,0.9328
2026-08-05,wing_above,7020.0,2026-08-21,16,3.5,3.8,3.65,0.235658086677648,1.0426,0.3,0.2877,0.0822,0.9069
2026-08-05,wing_below,7010.0,2026-08-21,16,3.4,3.7,3.55,0.237452757662279,1.0271,0.3,0.2921,0.0845,0.9056
2026-08-05,short_above,7280.0,2026-08-21,16,8.5,8.7,8.6,0.190927929398074,2.1208,0.2,0.0943,0.0233,0.9405
2026-08-05,short_below,7275.0,2026-08-21,16,8.3,8.6,8.45,0.192105686764091,2.0892,0.3,0.1436,0.0355,0.9399
2026-08-05,wing_above,6985.0,2026-08-21,16,3.2,3.4,3.3,0.241938094376709,0.9533,0.2,0.2098,0.0606,0.9024
2026-08-05,wing_below,6980.0,2026-08-21,16,3.2,3.4,3.3,0.242834871677452,0.9529,0.2,0.2099,0.0606,0.9018
2026-08-05,short_above,7330.0,2026-08-21,16,10.4,10.8,10.6,0.181459666285591,2.5242,0.4,0.1585,0.0377,0.947
2026-08-05,short_below,7325.0,2026-08-21,16,10.2,10.6,10.4,0.182256241403885,2.4854,0.4,0.1609,0.0385,0.9463
2026-08-05,wing_above,7065.0,2026-08-21,16,4.0,4.3,4.15,0.22758231072835,1.1661,0.3,0.2573,0.0723,0.9127
2026-08-05,wing_below,7060.0,2026-08-21,16,4.0,4.3,4.15,0.2285691584682,1.1634,0.3,0.2579,0.0723,0.9121
2026-08-05,short_above,7320.0,2026-08-28,23,18.8,19.3,19.05,0.183342880757645,3.8027,0.5,0.1315,0.0262,0.9457
2026-08-05,wing_above,7050.0,2026-08-28,23,8.3,8.6,8.45,0.222420056668539,2.0114,0.3,0.1491,0.0355,0.9108
2026-08-05,short_above,7290.0,2026-08-28,23,16.9,17.3,17.1,0.18749834824649,3.5389,0.4,0.113,0.0234,0.9418
2026-08-05,short_below,7280.0,2026-08-28,23,16.4,16.8,16.6,0.1888954782254,3.455,0.4,0.1158,0.0241,0.9405
2026-08-05,wing_above,7000.0,2026-08-28,23,7.3,7.6,7.45,0.230060379050132,1.7994,0.3,0.1667,0.0403,0.9043
2026-08-05,wing_below,6990.0,2026-08-28,23,7.1,7.4,7.25,0.231604525726162,1.7604,0.3,0.1704,0.0414,0.903
2026-08-05,short_below,7300.0,2026-08-28,23,17.5,17.9,17.7,0.18610704915385,3.6248,0.4,0.1103,0.0226,0.9431
2026-08-05,short_above,7220.0,2026-08-28,23,13.5,13.8,13.65,0.197390989725945,2.992,0.3,0.1003,0.022,0.9328
2026-08-05,short_below,7210.0,2026-08-28,23,13.1,13.4,13.25,0.198597965900749,2.9214,0.3,0.1027,0.0226,0.9317
2026-08-05,wing_above,6925.0,2026-08-28,23,6.1,6.4,6.25,0.242034677259569,1.5318,0.3,0.1959,0.048,0.8948
2026-08-05,wing_below,6900.0,2026-08-28,23,5.8,6.0,5.9,0.246047626906024,1.4465,0.2,0.1383,0.0339,0.8916
2026-08-05,short_above,7225.0,2026-08-31,26,15.5,15.9,15.7,0.183864373112964,3.3798,0.4,0.1183,0.0255,0.9336
2026-08-05,short_below,7220.0,2026-08-31,26,15.3,15.6,15.45,0.192437974529941,3.3418,0.3,0.0898,0.0194,0.9329
2026-08-05,wing_above,6920.0,2026-08-31,26,7.1,7.3,7.2,0.235478632826082,1.742,0.2,0.1148,0.0278,0.8942
2026-08-05,wing_below,6915.0,2026-08-31,26,7.0,7.3,7.15,0.236229856226202,1.7332,0.3,0.1731,0.042,0.8935
2026-08-05,wing_above,6930.0,2026-08-31,26,7.2,7.5,7.35,0.235273166637013,1.7798,0.3,0.1686,0.0408,0.8955
2026-08-05,wing_below,6920.0,2026-08-31,26,7.1,7.3,7.2,0.236694093176443,1.742,0.2,0.1148,0.0278,0.8942
2026-08-05,short_above,7275.0,2026-09-04,30,23.8,24.2,24.0,0.187606326867563,4.5009,0.4,0.0889,0.0167,0.9401
2026-08-05,short_below,7250.0,2026-09-04,30,22.2,22.5,22.35,0.190904329753999,4.2834,0.3,0.07,0.0134,0.9368
2026-08-05,wing_above,6975.0,2026-09-04,30,11.3,11.6,11.45,0.228644860454609,2.5066,0.3,0.1197,0.0262,0.9013
2026-08-05,wing_below,6950.0,2026-09-04,30,10.7,11.0,10.85,0.232190959340288,2.3921,0.3,0.1254,0.0276,0.8981
2026-08-05,short_above,7150.0,2026-09-04,30,17.0,17.3,17.15,0.204351151444317,3.5142,0.3,0.0854,0.0175,0.9239
2026-08-05,short_below,7125.0,2026-09-04,30,16.0,16.3,16.15,0.207766021920119,3.3457,0.3,0.0897,0.0186,0.9207
2026-08-05,wing_above,6850.0,2026-09-04,30,8.7,9.1,8.9,0.246448797481826,1.9936,0.4,0.2006,0.0449,0.8851
2026-08-05,wing_below,6800.0,2026-09-04,30,7.9,8.2,8.05,0.253899981033017,1.8257,0.3,0.1643,0.0373,0.8787
2026-08-05,short_below,7100.0,2026-09-04,30,15.1,15.4,15.25,0.21119974323866,3.1859,0.3,0.0942,0.0197,0.9174
2026-08-05,wing_below,6800.0,2026-09-04,30,7.9,8.2,8.05,0.253822632184167,1.8257,0.3,0.1643,0.0373,0.8787
2026-08-05,short_above,7200.0,2026-09-11,37,25.4,25.7,25.55,0.193659230242718,4.7845,0.3,0.0627,0.0117,0.9304
2026-08-05,short_below,7150.0,2026-09-11,37,22.5,22.9,22.7,0.199395719395536,4.3824,0.4,0.0913,0.0176,0.9239
2026-08-05,wing_above,6850.0,2026-09-11,37,12.1,12.5,12.3,0.238531824959829,2.6301,0.4,0.1521,0.0325,0.8851
2026-08-05,wing_below,6800.0,2026-09-11,37,11.1,11.5,11.3,0.245284703007186,2.4157,0.4,0.1656,0.0354,0.8787
2026-08-05,short_above,7125.0,2026-09-11,37,21.3,21.7,21.5,0.20416455650681,4.1775,0.4,0.0957,0.0186,0.9207
2026-08-05,short_below,7100.0,2026-09-11,37,20.1,20.5,20.3,0.205738486197128,3.9989,0.4,0.1,0.0197,0.9174
2026-08-05,wing_above,6800.0,2026-09-11,37,11.1,11.5,11.3,0.245221760190277,2.4157,0.4,0.1656,0.0354,0.8787
2026-08-05,short_above,7150.0,2026-09-11,37,22.5,23.0,22.75,0.201061383647604,4.3824,0.5,0.1141,0.022,0.9236
2026-08-05,wing_below,6800.0,2026-09-11,37,11.1,11.5,11.3,0.245221760190277,2.4157,0.4,0.1656,0.0354,0.8784
2026-08-05,short_above,7500.0,2026-09-14,40,59.6,60.5,60.05,0.156085333026468,8.2451,0.9,0.1092,0.015,0.9688
2026-08-05,short_below,7450.0,2026-09-14,40,51.7,52.6,52.15,0.161738190945839,7.6603,0.9,0.1175,0.0173,0.9624
2026-08-05,wing_above,7200.0,2026-09-14,40,27.0,27.6,27.3,0.189750953842737,5.0743,0.6,0.1182,0.022,0.9301
2026-08-05,wing_below,7175.0,2026-09-14,40,25.5,26.1,25.8,0.192439227699952,4.857,0.6,0.1235,0.0233,0.9269
2026-08-05,short_above,7320.0,2026-08-28,23,17.4,17.8,17.6,0.181524409920923,3.6763,0.4,0.1088,0.0227,0.9451
2026-08-05,short_below,7310.0,2026-08-28,23,16.7,17.2,16.95,0.182914805044416,3.5878,0.5,0.1394,0.0295,0.9438
2026-08-05,wing_above,7050.0,2026-08-28,23,7.8,8.0,7.9,0.220904699703272,1.9302,0.2,0.1036,0.0253,0.9103
2026-08-05,wing_below,7025.0,2026-08-28,23,7.3,7.6,7.45,0.221300100153016,1.8289,0.3,0.164,0.0403,0.907
2026-08-05,short_above,7290.0,2026-08-28,23,15.7,16.1,15.9,0.185714214283362,3.4169,0.4,0.1171,0.0252,0.9413
2026-08-05,short_below,7280.0,2026-08-28,23,15.1,15.5,15.3,0.187122770735199,3.3345,0.4,0.12,0.0261,0.94
2026-08-05,wing_above,7000.0,2026-08-28,23,6.8,7.1,6.95,0.230491006470587,1.726,0.3,0.1738,0.0432,0.9038
2026-08-05,wing_below,6990.0,2026-08-28,23,6.6,6.9,6.75,0.23014495688265,1.6885,0.3,0.1777,0.0444,0.9025
2026-08-05,short_above,7320.0,2026-08-28,23,17.3,17.8,17.55,0.182016926719355,3.6763,0.5,0.136,0.0285,0.9451
2026-08-05,short_below,7310.0,2026-08-28,23,16.7,17.2,16.95,0.183445252512144,3.5878,0.5,0.1394,0.0295,0.9438
2026-08-05,wing_below,7025.0,2026-08-28,23,7.2,7.5,7.35,0.226161358712644,1.8245,0.3,0.1644,0.0408,0.907
2026-08-05,wing_below,7025.0,2026-08-28,23,7.2,7.5,7.35,0.226161358712644,1.8042,0.3,0.1663,0.0408,0.907
2026-08-05,short_above,7220.0,2026-08-28,23,12.4,12.7,12.55,0.195687116506559,2.8508,0.3,0.1052,0.0239,0.9322
2026-08-05,short_below,7210.0,2026-08-28,23,12.0,12.4,12.2,0.197132199854135,2.7825,0.4,0.1438,0.0328,0.9309
2026-08-05,wing_above,6925.0,2026-08-28,23,5.7,5.9,5.8,0.240362570173915,1.452,0.2,0.1377,0.0345,0.8941
2026-08-05,wing_below,6900.0,2026-08-28,23,5.4,5.6,5.5,0.244348658674076,1.3783,0.2,0.1451,0.0364,0.8909
2026-08-05,short_below,7220.0,2026-08-31,26,14.0,14.5,14.25,0.190974193193383,3.2265,0.5,0.155,0.0351,0.9322
2026-08-05,wing_above,6920.0,2026-08-31,26,6.5,6.8,6.65,0.235075346561308,1.6676,0.3,0.1799,0.0451,0.8935
2026-08-05,wing_below,6915.0,2026-08-31,26,6.4,6.7,6.55,0.230916583462182,1.6613,0.3,0.1806,0.0458,0.8922
2026-08-05,short_above,7230.0,2026-08-31,26,14.6,14.8,14.7,0.190333266811009,3.3093,0.2,0.0604,0.0136,0.9328
2026-08-05,short_below,7225.0,2026-08-31,26,14.3,14.6,14.45,0.19074299988361,3.2638,0.3,0.0919,0.0208,0.9321
2026-08-05,wing_above,6930.0,2026-08-31,26,6.7,6.9,6.8,0.233576529398897,1.7061,0.2,0.1172,0.0294,0.8941
2026-08-05,wing_below,6920.0,2026-08-31,26,6.5,6.8,6.65,0.234317882547719,1.6676,0.3,0.1799,0.0451,0.8928
2026-08-05,short_above,7275.0,2026-09-04,30,22.3,22.7,22.5,0.186988701814865,4.392,0.4,0.0911,0.0178,0.9386
2026-08-05,short_below,7250.0,2026-09-04,30,20.8,21.2,21.0,0.190316038618784,4.132,0.4,0.0968,0.019,0.9354
2026-08-05,wing_above,6975.0,2026-09-04,30,10.7,11.0,10.85,0.228767827350491,2.4138,0.3,0.1243,0.0276,0.8999
2026-08-05,wing_below,6950.0,2026-09-04,30,10.1,10.4,10.25,0.231778023291926,2.304,0.3,0.1302,0.0293,0.8967
2026-08-05,short_above,7150.0,2026-09-04,30,16.1,16.3,16.2,0.203876495652505,3.3844,0.2,0.0591,0.0123,0.9225
2026-08-05,short_below,7125.0,2026-09-04,30,15.0,15.4,15.2,0.207321576090539,3.2214,0.4,0.1242,0.0263,0.9192
2026-08-05,wing_above,6850.0,2026-09-04,30,8.3,8.6,8.45,0.246526723762993,1.9223,0.3,0.1561,0.0355,0.8838
2026-08-05,wing_below,6800.0,2026-09-04,30,7.5,7.8,7.65,0.253822632184167,1.7615,0.3,0.1703,0.0392,0.8773
2026-08-05,short_above,7125.0,2026-09-04,30,15.0,15.4,15.2,0.207725966268335,3.2214,0.4,0.1242,0.0263,0.9192
2026-08-05,short_below,7100.0,2026-09-04,30,14.1,14.5,14.3,0.210206101056237,3.0671,0.4,0.1304,0.028,0.916
2026-08-05,wing_above,6850.0,2026-09-04,30,8.3,8.5,8.4,0.246448797481826,1.9223,0.2,0.104,0.0238,0.8838
2026-08-05,short_above,7200.0,2026-09-11,37,24.0,24.5,24.25,0.192815427054597,4.6429,0.5,0.1077,0.0206,0.9289
2026-08-05,short_below,7150.0,2026-09-11,37,21.4,21.9,21.65,0.199184685954062,4.2522,0.5,0.1176,0.0231,0.9225
2026-08-05,wing_above,6850.0,2026-09-11,37,11.6,12.0,11.8,0.238908863815033,2.5604,0.4,0.1562,0.0339,0.8838
2026-08-05,wing_below,6800.0,2026-09-11,37,10.7,11.0,10.85,0.245738322049191,2.3638,0.3,0.1269,0.0276,0.8773
2026-08-05,short_above,7125.0,2026-09-11,37,20.2,20.7,20.45,0.202401320621687,4.0702,0.5,0.1228,0.0244,0.9192
2026-08-05,short_below,7100.0,2026-09-11,37,19.1,19.6,19.35,0.205637363203919,3.8967,0.5,0.1283,0.0258,0.916
2026-08-05,wing_above,6800.0,2026-09-11,37,10.7,11.0,10.85,0.245221760190277,2.3638,0.3,0.1269,0.0276,0.8773
2026-08-05,wing_below,6750.0,2026-09-11,37,9.8,10.1,9.95,0.252617304373024,2.1897,0.3,0.137,0.0302,0.8709
2026-08-05,short_below,7125.0,2026-09-11,37,20.3,20.7,20.5,0.202024753152473,4.0702,0.4,0.0983,0.0195,0.9192
2026-08-05,short_above,7500.0,2026-09-14,40,56.8,57.5,57.15,0.155225011978088,8.1017,0.7,0.0864,0.0122,0.9676
2026-08-05,short_below,7450.0,2026-09-14,40,49.2,49.9,49.55,0.160119897252258,7.5146,0.7,0.0932,0.0141,0.9612
2026-08-05,wing_above,7200.0,2026-09-14,40,25.8,26.4,26.1,0.189209880125722,4.9505,0.6,0.1212,0.023,0.9289
2026-08-05,short_below,7100.0,2026-08-07,2,0.45,0.55,0.5,0.378948536756373,0.1282,0.1,0.7797,0.2,0.9169
2026-08-05,wing_above,6925.0,2026-08-07,2,0.25,0.35,0.3,0.449969707145644,0.073,0.1,1.369,0.3333,0.8943
2026-08-05,wing_below,6900.0,2026-08-07,2,0.25,0.35,0.3,0.460068074350321,0.0679,0.1,1.4734,0.3333,0.891
2026-08-05,short_above,7275.0,2026-08-21,16,7.9,8.1,8.0,0.188826534892291,2.0378,0.2,0.0981,0.025,0.9395
2026-08-05,short_below,7270.0,2026-08-21,16,7.6,7.9,7.75,0.189625713082734,2.0061,0.3,0.1495,0.0387,0.9388
2026-08-05,wing_above,7075.0,2026-08-21,16,3.8,4.1,3.95,0.223224189449198,1.1375,0.3,0.2637,0.0759,0.9136
2026-08-05,wing_below,7070.0,2026-08-21,16,3.7,4.0,3.85,0.204403962625365,1.1223,0.3,0.2673,0.0779,0.913
2026-08-05,short_above,7295.0,2026-08-21,16,8.5,8.7,8.6,0.185672403106659,2.1935,0.2,0.0912,0.0233,0.9421
2026-08-05,short_below,7280.0,2026-08-21,16,8.0,8.2,8.1,0.188031624025143,2.0913,0.2,0.0956,0.0247,0.9401
2026-08-05,wing_above,7090.0,2026-08-21,16,4.0,4.2,4.1,0.220539916813169,1.198,0.2,0.1669,0.0488,0.9156
2026-08-05,wing_below,7085.0,2026-08-21,16,3.9,4.2,4.05,0.221433856399194,1.1819,0.3,0.2538,0.0741,0.9149
2026-08-05,short_above,7225.0,2026-08-21,16,6.4,6.7,6.55,0.197004455370776,1.7635,0.3,0.1701,0.0458,0.933
2026-08-05,short_below,7220.0,2026-08-21,16,6.2,6.5,6.35,0.197843610268448,1.7371,0.3,0.1727,0.0472,0.9324
2026-08-05,wing_above,7020.0,2026-08-21,16,3.2,3.4,3.3,0.233116795320276,1.0047,0.2,0.1991,0.0606,0.9065
2026-08-05,wing_below,7010.0,2026-08-21,16,3.1,3.3,3.2,0.233965825489114,0.9794,0.2,0.2042,0.0625,0.9053
2026-08-05,short_below,7275.0,2026-08-21,16,7.8,8.1,7.95,0.190437496897948,2.0378,0.3,0.1472,0.0377,0.9395
2026-08-05,wing_above,6985.0,2026-08-21,16,2.9,3.1,3.0,0.238144786262623,0.8966,0.2,0.2231,0.0667,0.902
2026-08-05,wing_below,6980.0,2026-08-21,16,2.85,3.1,2.975,0.239063952811718,0.8851,0.25,0.2825,0.084,0.902
2026-08-05,short_above,7330.0,2026-08-21,16,9.8,10.1,9.95,0.179357258446713,2.4554,0.3,0.1222,0.0302,0.9472
2026-08-05,short_below,7325.0,2026-08-21,16,9.6,9.9,9.75,0.180094662852969,2.4159,0.3,0.1242,0.0308,0.9466
2026-08-05,wing_above,7065.0,2026-08-21,16,3.6,3.9,3.75,0.223547199142164,1.1214,0.3,0.2675,0.08,0.913
2026-08-05,wing_below,7060.0,2026-08-21,16,3.6,3.8,3.7,0.224452139294798,1.0877,0.2,0.1839,0.0541,0.9123
2026-08-05,short_above,7320.0,2026-08-28,23,18.6,19.2,18.9,0.18276921179448,3.7696,0.6,0.1592,0.0317,0.9459
2026-08-05,wing_above,7050.0,2026-08-28,23,8.0,8.3,8.15,0.221280010051595,1.9873,0.3,0.151,0.0368,0.911
2026-08-05,short_above,7290.0,2026-08-28,23,16.9,17.2,17.05,0.186901192805943,3.5078,0.3,0.0855,0.0176,0.942
2026-08-05,short_below,7280.0,2026-08-28,23,16.2,16.6,16.4,0.188287798142581,3.4245,0.4,0.1168,0.0244,0.9408
2026-08-05,wing_above,7000.0,2026-08-28,23,7.0,7.3,7.15,0.232501057536249,1.7752,0.3,0.169,0.042,0.9046
2026-08-05,wing_below,6990.0,2026-08-28,23,6.8,7.1,6.95,0.230263339610312,1.721,0.3,0.1743,0.0432,0.9033
2026-08-05,wing_above,7050.0,2026-08-28,23,8.0,8.3,8.15,0.222261854260999,1.9873,0.3,0.151,0.0368,0.911
2026-08-05,short_below,7300.0,2026-08-28,23,17.5,17.8,17.65,0.185519082382995,3.5946,0.3,0.0835,0.017,0.9433
2026-08-05,short_above,7220.0,2026-08-28,23,13.4,13.7,13.55,0.196693622611606,2.9597,0.3,0.1014,0.0221,0.933
2026-08-05,short_below,7210.0,2026-08-28,23,12.9,13.3,13.1,0.198108125786378,2.8888,0.4,0.1385,0.0305,0.9317
2026-08-05,wing_above,6925.0,2026-08-28,23,5.8,6.0,5.9,0.240194164086412,1.491,0.2,0.1341,0.0339,0.8949
2026-08-05,wing_below,6900.0,2026-08-28,23,5.4,5.7,5.55,0.244068674861041,1.413,0.3,0.2123,0.0541,0.8917
2026-08-05,short_above,7225.0,2026-08-31,26,15.6,15.9,15.75,0.191159595409205,3.3763,0.3,0.0889,0.019,0.9336
2026-08-05,short_below,7220.0,2026-08-31,26,15.3,15.7,15.5,0.191836153276733,3.3378,0.4,0.1198,0.0258,0.933
2026-08-05,wing_above,6920.0,2026-08-31,26,6.7,7.0,6.85,0.233999673439635,1.7241,0.3,0.174,0.0438,0.8942
2026-08-05,wing_below,6915.0,2026-08-31,26,6.7,6.9,6.8,0.234732885669409,1.699,0.2,0.1177,0.0294,0.8936
2026-08-05,short_above,7230.0,2026-08-31,26,15.8,16.2,16.0,0.190483788076853,3.4153,0.4,0.1171,0.025,0.9343
2026-08-05,wing_above,6930.0,2026-08-31,26,6.9,7.2,7.05,0.232536429388165,1.7531,0.3,0.1711,0.0426,0.8955
2026-08-05,short_above,7275.0,2026-09-04,30,24.3,24.7,24.5,0.187734998475914,4.535,0.4,0.0882,0.0163,0.9403
2026-08-05,short_below,7250.0,2026-09-04,30,22.7,23.0,22.85,0.190966145323272,4.3156,0.3,0.0695,0.0131,0.9371
2026-08-05,wing_above,6975.0,2026-09-04,30,11.2,11.5,11.35,0.227872543609405,2.495,0.3,0.1202,0.0264,0.9016
2026-08-05,wing_below,6950.0,2026-09-04,30,10.6,10.9,10.75,0.231365981504609,2.3774,0.3,0.1262,0.0279,0.8983
2026-08-05,short_above,7150.0,2026-09-04,30,17.3,17.6,17.45,0.204077365427369,3.5325,0.3,0.0849,0.0172,0.9242
2026-08-05,short_below,7125.0,2026-09-04,30,16.1,16.5,16.3,0.207639710019162,3.3573,0.4,0.1191,0.0245,0.921
2026-08-05,wing_above,6850.0,2026-09-04,30,8.5,8.9,8.7,0.246448797481826,1.9816,0.4,0.2019,0.046,0.8854
2026-08-05,wing_below,6800.0,2026-09-04,30,7.7,8.0,7.85,0.252741716831047,1.811,0.3,0.1657,0.0382,0.8789
2026-08-05,short_below,7100.0,2026-09-04,30,15.2,15.5,15.35,0.210757207637043,3.1942,0.3,0.0939,0.0195,0.9177
2026-08-05,short_above,7200.0,2026-09-11,37,25.8,26.6,26.2,0.193900084748718,4.8405,0.8,0.1653,0.0305,0.9307
2026-08-05,short_below,7150.0,2026-09-11,37,23.0,23.5,23.25,0.200358741671737,4.4334,0.5,0.1128,0.0215,0.9242
2026-08-05,wing_above,6850.0,2026-09-11,37,12.2,12.6,12.4,0.240886511859046,2.632,0.4,0.152,0.0323,0.8854
2026-08-05,wing_below,6800.0,2026-09-11,37,11.1,11.5,11.3,0.244603585806231,2.4229,0.4,0.1651,0.0354,0.8789
2026-08-05,short_below,7100.0,2026-09-11,37,20.5,21.0,20.75,0.206279375171606,4.0591,0.5,0.1232,0.0241,0.9177
2026-08-05,wing_above,6800.0,2026-09-11,37,11.1,11.4,11.25,0.245221760190277,2.4229,0.3,0.1238,0.0267,0.8789
2026-08-05,wing_below,6750.0,2026-09-11,37,10.1,10.5,10.3,0.251278154803107,2.238,0.4,0.1787,0.0388,0.8725
2026-08-05,short_above,7150.0,2026-09-11,37,22.9,23.6,23.25,0.201073642494429,4.4334,0.7,0.1579,0.0301,0.9242
2026-08-05,wing_above,6850.0,2026-09-11,37,12.2,12.6,12.4,0.240886511859046,2.632,0.4,0.152,0.0323,0.8854
2026-08-05,wing_below,6800.0,2026-09-11,37,11.1,11.5,11.3,0.245221760190277,2.4229,0.4,0.1651,0.0354,0.8789
2026-08-05,short_above,7500.0,2026-09-14,40,61.0,61.9,61.45,0.156083790830886,8.3124,0.9,0.1083,0.0146,0.9694
2026-08-05,short_below,7450.0,2026-09-14,40,52.8,53.6,53.2,0.16123953103334,7.7116,0.8,0.1037,0.015,0.963
2026-08-05,wing_above,7200.0,2026-09-14,40,27.6,28.4,28.0,0.19000697382815,5.1452,0.8,0.1555,0.0286,0.9307
2026-08-05,wing_below,7175.0,2026-09-14,40,25.9,26.6,26.25,0.193030651556962,4.9189,0.7,0.1423,0.0267,0.9274
2026-08-05,short_above,7275.0,2026-08-21,16,7.5,7.9,7.7,0.188753812153467,1.9452,0.4,0.2056,0.0519,0.9388
2026-08-05,short_below,7270.0,2026-08-21,16,7.4,7.7,7.55,0.183685901310653,1.9148,0.3,0.1567,0.0397,0.9382
2026-08-05,wing_above,7075.0,2026-08-21,16,3.7,4.0,3.85,0.224044171362347,1.094,0.3,0.2742,0.0779,0.9132
2026-08-05,wing_below,7070.0,2026-08-21,16,3.6,3.9,3.75,0.224950715311848,1.0798,0.3,0.2778,0.08,0.9125
2026-08-05,short_above,7295.0,2026-08-21,16,8.2,8.5,8.35,0.185782452047256,2.0732,0.3,0.1447,0.0359,0.9415
2026-08-05,short_below,7280.0,2026-08-21,16,7.7,8.0,7.85,0.188202699239749,1.9763,0.3,0.1518,0.0382,0.9396
2026-08-05,wing_above,7090.0,2026-08-21,16,3.9,4.2,4.05,0.221327803161689,1.1384,0.3,0.2635,0.0741,0.9151
2026-08-05,wing_below,7085.0,2026-08-21,16,3.8,4.1,3.95,0.222232674987599,1.1233,0.3,0.2671,0.0759,0.9144
2026-08-05,short_above,7225.0,2026-08-21,16,6.2,6.5,6.35,0.197394833857207,1.667,0.3,0.18,0.0472,0.9325
2026-08-05,short_below,7220.0,2026-08-21,16,6.1,6.4,6.25,0.19825242987609,1.6422,0.3,0.1827,0.048,0.9319
2026-08-05,wing_above,7020.0,2026-08-21,16,3.1,3.4,3.25,0.234038929496428,0.9542,0.3,0.3144,0.0923,0.9061
2026-08-05,wing_below,7010.0,2026-08-21,16,3.0,3.3,3.15,0.23586079731747,0.9295,0.3,0.3228,0.0952,0.9048
2026-08-05,wing_above,6985.0,2026-08-21,16,2.85,3.1,2.975,0.240421410379021,0.8727,0.25,0.2865,0.084,0.9015
2026-08-05,wing_below,6980.0,2026-08-21,16,2.85,3.1,2.975,0.241334608831098,0.8624,0.25,0.2899,0.084,0.9009
2026-08-05,short_above,7330.0,2026-08-21,16,9.4,9.8,9.6,0.180293424537448,2.3276,0.4,0.1719,0.0417,0.9461
2026-08-05,short_below,7325.0,2026-08-21,16,9.2,9.6,9.4,0.181063679487716,2.2901,0.4,0.1747,0.0426,0.9454
2026-08-05,wing_above,7065.0,2026-08-21,16,3.6,3.9,3.75,0.225857742821977,1.0719,0.3,0.2799,0.08,0.9119
2026-08-05,wing_below,7060.0,2026-08-21,16,3.5,3.9,3.7,0.226765223711975,1.0553,0.4,0.379,0.1081,0.9112
2026-08-05,short_above,7320.0,2026-08-28,23,17.9,18.5,18.2,0.183890855681005,3.6235,0.6,0.1656,0.033,0.9448
2026-08-05,wing_above,7050.0,2026-08-28,23,7.9,8.3,8.1,0.219821328839286,1.8908,0.4,0.2115,0.0494,0.9099
2026-08-05,short_above,7290.0,2026-08-28,23,16.4,16.8,16.6,0.187703310237414,3.3668,0.4,0.1188,0.0241,0.9409
2026-08-05,short_below,7280.0,2026-08-28,23,15.8,16.2,16.0,0.189084673178648,3.2852,0.4,0.1218,0.025,0.9396
2026-08-05,wing_above,7000.0,2026-08-28,23,6.9,7.3,7.1,0.229757132784717,1.6881,0.4,0.2369,0.0563,0.9035
2026-08-05,wing_below,6990.0,2026-08-28,23,6.8,7.1,6.95,0.231285373268234,1.6509,0.3,0.1817,0.0432,0.9022
2026-08-05,short_below,7310.0,2026-08-28,23,17.4,18.0,17.7,0.183445252512144,3.5517,0.6,0.1689,0.0339,0.9435
2026-08-05,wing_above,7050.0,2026-08-28,23,7.9,8.3,8.1,0.222261854260999,1.8908,0.4,0.2115,0.0494,0.9099
2026-08-05,wing_below,7025.0,2026-08-28,23,7.4,7.8,7.6,0.226161358712644,1.8042,0.4,0.2217,0.0526,0.9067
2026-08-05,short_above,7310.0,2026-08-28,23,17.4,18.0,17.7,0.18495579931564,3.5359,0.6,0.1697,0.0339,0.9435
2026-08-05,short_below,7300.0,2026-08-28,23,17.0,17.3,17.15,0.186326974282781,3.4504,0.3,0.0869,0.0175,0.9422
2026-08-05,short_above,7220.0,2026-08-28,23,13.0,13.5,13.25,0.197473891074401,2.836,0.5,0.1763,0.0377,0.9319
2026-08-05,short_below,7210.0,2026-08-28,23,12.6,13.1,12.85,0.198888603644086,2.7675,0.5,0.1807,0.0389,0.9306
2026-08-05,wing_above,6925.0,2026-08-28,23,5.8,6.1,5.95,0.241347934223835,1.4331,0.3,0.2093,0.0504,0.8938
2026-08-05,wing_below,6900.0,2026-08-28,23,5.5,5.8,5.65,0.245275885150581,1.3594,0.3,0.2207,0.0531,0.8906
2026-08-05,short_above,7225.0,2026-08-31,26,15.2,15.6,15.4,0.192080881373298,3.2038,0.4,0.1249,0.026,0.9325
2026-08-05,short_below,7220.0,2026-08-31,26,15.0,15.4,15.2,0.192759103410913,3.199,0.4,0.125,0.0263,0.9319
2026-08-05,wing_above,6920.0,2026-08-31,26,6.8,7.1,6.95,0.235113819584168,1.6444,0.3,0.1824,0.0432,0.8932
2026-08-05,wing_below,6915.0,2026-08-31,26,6.7,7.0,6.85,0.235849762255155,1.6313,0.3,0.1839,0.0438,0.8925
2026-08-05,short_above,7230.0,2026-08-31,26,15.5,15.9,15.7,0.191403542719895,3.2736,0.4,0.1222,0.0255,0.9332
2026-08-05,wing_above,6930.0,2026-08-31,26,6.9,7.2,7.05,0.233419074892727,1.6828,0.3,0.1783,0.0426,0.8948
2026-08-05,wing_below,6920.0,2026-08-31,26,6.8,7.1,6.95,0.233993103224743,1.6444,0.3,0.1824,0.0432,0.8935
2026-08-05,short_above,7275.0,2026-09-04,30,23.9,24.2,24.05,0.188383990949502,4.3956,0.3,0.0682,0.0125,0.9394
2026-08-05,short_below,7250.0,2026-09-04,30,22.2,22.5,22.35,0.191649472518779,4.1821,0.3,0.0717,0.0134,0.9361
2026-08-05,wing_above,6975.0,2026-09-04,30,11.1,11.5,11.3,0.228762820924398,2.4346,0.4,0.1643,0.0354,0.9006
2026-08-05,wing_below,6950.0,2026-09-04,30,10.5,10.9,10.7,0.232263854608411,2.3222,0.4,0.1723,0.0374,0.8974
2026-08-05,short_above,7150.0,2026-09-04,30,16.9,17.4,17.15,0.20488527323562,3.4257,0.5,0.146,0.0292,0.9232
2026-08-05,short_below,7125.0,2026-09-04,30,15.9,16.4,16.15,0.208235815060392,3.2598,0.5,0.1534,0.031,0.92
2026-08-05,wing_above,6850.0,2026-09-04,30,8.4,8.9,8.65,0.246502620268959,1.9308,0.5,0.259,0.0578,0.8845
2026-08-05,wing_below,6800.0,2026-09-04,30,7.7,8.1,7.9,0.253753165229147,1.7655,0.4,0.2266,0.0506,0.878
2026-08-05,short_above,7125.0,2026-09-04,30,15.8,16.3,16.05,0.207639710019162,3.2598,0.5,0.1534,0.0312,0.92
2026-08-05,short_below,7100.0,2026-09-04,30,14.9,15.2,15.05,0.211604469283105,3.1026,0.3,0.0967,0.0199,0.9168
2026-08-05,short_above,7200.0,2026-09-11,37,25.5,26.0,25.75,0.194405359506256,4.6749,0.5,0.107,0.0194,0.9297
2026-08-05,short_below,7150.0,2026-09-11,37,22.6,23.1,22.85,0.20064437865798,4.2806,0.5,0.1168,0.0219,0.9232
2026-08-05,wing_above,6850.0,2026-09-11,37,12.0,12.5,12.25,0.239252550399166,2.5387,0.5,0.197,0.0408,0.8845
2026-08-05,wing_below,6800.0,2026-09-11,37,11.0,11.4,11.2,0.245920180911914,2.3397,0.4,0.171,0.0357,0.878
2026-08-05,short_above,7125.0,2026-09-11,37,21.3,21.8,21.55,0.203784058139227,4.0712,0.5,0.1228,0.0232,0.92
2026-08-05,wing_above,6800.0,2026-09-11,37,11.0,11.4,11.2,0.245221760190277,2.3397,0.4,0.171,0.0357,0.878
2026-08-05,wing_below,6750.0,2026-09-11,37,10.1,10.5,10.3,0.252538648904114,2.1651,0.4,0.1847,0.0388,0.8714
2026-08-05,short_above,7150.0,2026-09-11,37,22.6,23.1,22.85,0.201073642494429,4.2806,0.5,0.1168,0.0219,0.923
2026-08-05,wing_above,6850.0,2026-09-11,37,12.0,12.5,12.25,0.240886511859046,2.5387,0.5,0.197,0.0408,0.8843
2026-08-05,wing_below,6800.0,2026-09-11,37,11.0,11.4,11.2,0.245800117172179,2.3397,0.4,0.171,0.0357,0.8778
2026-08-05,short_above,7500.0,2026-09-14,40,59.6,60.6,60.1,0.15662816627954,8.0433,1.0,0.1243,0.0166,0.9682
2026-08-05,short_below,7450.0,2026-09-14,40,51.7,52.6,52.15,0.161710351138579,7.4555,0.9,0.1207,0.0173,0.9618
2026-08-05,wing_above,7200.0,2026-09-14,40,26.9,27.8,27.35,0.190171997235239,4.9065,0.9,0.1834,0.0329,0.9295
2026-08-05,wing_below,7175.0,2026-09-14,40,25.3,26.2,25.75,0.193194884020535,4.7102,0.9,0.1911,0.035,0.9263
2026-08-05,short_above,7275.0,2026-08-21,16,5.7,6.4,6.05,0.195728566556159,1.6427,0.7,0.4261,0.1157,0.9339
2026-08-05,short_below,7270.0,2026-08-21,16,5.6,6.2,5.9,0.196507041699414,1.6158,0.6,0.3713,0.1017,0.9333
2026-08-05,wing_above,7075.0,2026-08-21,16,2.7,3.2,2.95,0.22941930519396,0.904,0.5,0.5531,0.1695,0.9082
2026-08-05,wing_below,7070.0,2026-08-21,16,2.75,3.0,2.875,0.230298381491298,0.8968,0.25,0.2788,0.087,0.9076
2026-08-05,short_above,7295.0,2026-08-21,16,6.4,6.9,6.65,0.192668579545368,1.7563,0.5,0.2847,0.0752,0.9365
2026-08-05,short_below,7280.0,2026-08-21,16,6.1,6.5,6.3,0.194955328061673,1.6702,0.4,0.2395,0.0635,0.9346
2026-08-05,wing_above,7090.0,2026-08-21,16,2.95,3.3,3.125,0.226787066337924,0.9587,0.35,0.3651,0.112,0.9102
2026-08-05,wing_below,7085.0,2026-08-21,16,2.9,3.2,3.05,0.227663601474935,0.9223,0.3,0.3253,0.0984,0.9095
2026-08-05,short_above,7225.0,2026-08-21,16,4.9,5.2,5.05,0.203722020998319,1.3975,0.3,0.2147,0.0594,0.9275
2026-08-05,short_below,7220.0,2026-08-21,16,4.8,5.1,4.95,0.204543981046374,1.3757,0.3,0.2181,0.0606,0.9268
2026-08-05,wing_above,7020.0,2026-08-21,16,2.4,2.6,2.5,0.237416352450414,0.7783,0.2,0.257,0.08,0.9012
2026-08-05,wing_below,7010.0,2026-08-21,16,2.35,2.55,2.45,0.240895720179295,0.7775,0.2,0.2572,0.0816,0.8999
2026-08-05,short_above,7280.0,2026-08-21,16,6.1,6.5,6.3,0.194702737482597,1.6702,0.4,0.2395,0.0635,0.9346
2026-08-05,wing_above,6985.0,2026-08-21,16,2.15,2.4,2.275,0.245329735879512,0.7303,0.25,0.3423,0.1099,0.8967
2026-08-05,wing_below,6980.0,2026-08-21,16,2.15,2.35,2.25,0.246217439003902,0.7179,0.2,0.2786,0.0889,0.896
2026-08-05,short_above,7330.0,2026-08-21,16,7.7,8.1,7.9,0.187539954184076,2.0462,0.4,0.1955,0.0506,0.941
2026-08-05,short_below,7325.0,2026-08-21,16,7.4,7.9,7.65,0.18741190012553,2.0113,0.5,0.2486,0.0654,0.9403
2026-08-05,wing_above,7065.0,2026-08-21,16,2.75,2.95,2.85,0.230576576702991,0.9032,0.2,0.2214,0.0702,0.9078
2026-08-05,wing_below,7060.0,2026-08-21,16,2.7,2.9,2.8,0.231459098602967,0.8908,0.2,0.2245,0.0714,0.9071
2026-08-05,short_above,7320.0,2026-08-28,23,16.2,16.6,16.4,0.191609068746007,3.3873,0.4,0.1181,0.0244,0.9405
2026-08-05,short_below,7310.0,2026-08-28,23,15.6,16.1,15.85,0.192890332928315,3.3039,0.5,0.1513,0.0315,0.9392
2026-08-05,wing_above,7050.0,2026-08-28,23,6.8,7.2,7.0,0.228178055606863,1.7389,0.4,0.23,0.0571,0.9058
2026-08-05,wing_below,7025.0,2026-08-28,23,6.3,6.7,6.5,0.232645770201567,1.6388,0.4,0.2441,0.0615,0.9026
2026-08-05,short_above,7290.0,2026-08-28,23,14.5,15.0,14.75,0.195471426568594,3.1427,0.5,0.1591,0.0339,0.9367
2026-08-05,short_below,7280.0,2026-08-28,23,14.0,14.5,14.25,0.196770957270046,3.065,0.5,0.1631,0.0351,0.9354
2026-08-05,wing_above,7000.0,2026-08-28,23,5.9,6.3,6.1,0.235393513852256,1.5455,0.4,0.2588,0.0656,0.8994
2026-08-05,wing_below,6990.0,2026-08-28,23,5.8,6.1,5.95,0.23760328179922,1.51,0.3,0.1987,0.0504,0.8981
2026-08-05,short_above,7320.0,2026-08-28,23,16.2,16.6,16.4,0.191370620242293,3.3873,0.4,0.1181,0.0244,0.9405
2026-08-05,short_below,7310.0,2026-08-28,23,15.6,16.0,15.8,0.192841463708416,3.3039,0.4,0.1211,0.0253,0.9392
2026-08-05,short_below,7300.0,2026-08-28,23,15.3,15.7,15.5,0.194177838274867,3.2223,0.4,0.1241,0.0258,0.938
2026-08-05,short_above,7220.0,2026-08-28,23,11.6,12.0,11.8,0.204687130669411,2.6499,0.4,0.1509,0.0339,0.9277
2026-08-05,short_below,7210.0,2026-08-28,23,11.2,11.5,11.35,0.2060256700113,2.584,0.3,0.1161,0.0264,0.9264
2026-08-05,wing_above,6925.0,2026-08-28,23,4.9,5.2,5.05,0.246484384915748,1.3023,0.3,0.2304,0.0594,0.8898
2026-08-05,wing_below,6900.0,2026-08-28,23,4.6,4.9,4.75,0.250251383225962,1.2319,0.3,0.2435,0.0632,0.8866
2026-08-05,short_above,7225.0,2026-08-31,26,13.5,14.0,13.75,0.198594426683006,3.0481,0.5,0.164,0.0364,0.9283
2026-08-05,short_below,7220.0,2026-08-31,26,13.3,13.8,13.55,0.199535826017073,2.9737,0.5,0.1681,0.0369,0.9277
2026-08-05,wing_above,6920.0,2026-08-31,26,5.8,6.1,5.95,0.242324119725467,1.5186,0.3,0.1975,0.0504,0.8891
2026-08-05,wing_below,6915.0,2026-08-31,26,5.7,6.1,5.9,0.240679852952752,1.5026,0.4,0.2662,0.0678,0.8885
2026-08-05,short_above,7230.0,2026-08-31,26,13.9,14.2,14.05,0.197955939333568,3.0845,0.3,0.0973,0.0214,0.929
2026-08-05,short_below,7225.0,2026-08-31,26,13.7,14.2,13.95,0.199035503358535,3.0481,0.5,0.164,0.0358,0.9283
2026-08-05,wing_above,6930.0,2026-08-31,26,6.0,6.3,6.15,0.238524733674491,1.5514,0.3,0.1934,0.0488,0.8904
2026-08-05,wing_below,6920.0,2026-08-31,26,5.8,6.2,6.0,0.240703072043752,1.5186,0.4,0.2634,0.0667,0.8891
2026-08-05,short_above,7275.0,2026-09-04,30,22.1,22.5,22.3,0.194895900039592,4.1732,0.4,0.0959,0.0179,0.9347
2026-08-05,short_below,7250.0,2026-09-04,30,20.6,21.0,20.8,0.19798482490172,3.9653,0.4,0.1009,0.0192,0.9315
2026-08-05,wing_above,6975.0,2026-09-04,30,10.0,10.5,10.25,0.233565535650622,2.2748,0.5,0.2198,0.0488,0.8968
2026-08-05,wing_below,6950.0,2026-09-04,30,9.5,9.9,9.7,0.236967187830055,2.167,0.4,0.1846,0.0412,0.8936
2026-08-05,short_above,7150.0,2026-09-04,30,15.6,16.0,15.8,0.210570554612596,3.2308,0.4,0.1238,0.0253,0.9193
2026-08-05,short_below,7125.0,2026-09-04,30,14.6,15.0,14.8,0.213774301571662,3.0702,0.4,0.1303,0.027,0.9161
2026-08-05,wing_above,6850.0,2026-09-04,30,7.7,8.0,7.85,0.250858355883065,1.8049,0.3,0.1662,0.0382,0.8808
2026-08-05,wing_below,6800.0,2026-09-04,30,6.9,7.3,7.1,0.259712711168193,1.6469,0.4,0.2429,0.0563,0.8743
2026-08-05,short_below,7100.0,2026-09-04,30,13.6,14.0,13.8,0.221756855734874,2.9439,0.4,0.1359,0.029,0.9129
2026-08-05,short_above,7200.0,2026-09-11,37,23.8,24.2,24.0,0.199586644338318,4.5271,0.4,0.0884,0.0167,0.9258
2026-08-05,short_below,7150.0,2026-09-11,37,21.0,21.5,21.25,0.205510290026643,4.136,0.5,0.1209,0.0235,0.9193
2026-08-05,wing_above,6850.0,2026-09-11,37,11.0,11.4,11.2,0.242966591262003,2.4398,0.4,0.1639,0.0357,0.8808
2026-08-05,wing_below,6800.0,2026-09-11,37,10.0,10.4,10.2,0.249544480662352,2.2454,0.4,0.1781,0.0392,0.8743
2026-08-05,short_above,7125.0,2026-09-11,37,19.7,20.2,19.95,0.208502830763379,3.9532,0.5,0.1265,0.0251,0.9161
2026-08-05,short_below,7100.0,2026-09-11,37,18.6,19.1,18.85,0.211516503328513,3.7788,0.5,0.1323,0.0265,0.9129
2026-08-05,wing_above,6800.0,2026-09-11,37,10.0,10.4,10.2,0.251821151464781,2.2454,0.4,0.1781,0.0392,0.8743
2026-08-05,wing_below,6750.0,2026-09-11,37,9.1,9.5,9.3,0.256202991856986,2.0699,0.4,0.1932,0.043,0.8679
2026-08-05,short_above,7500.0,2026-09-14,40,56.3,57.3,56.8,0.163784043519583,7.9266,1.0,0.1262,0.0176,0.9643
2026-08-05,short_below,7450.0,2026-09-14,40,48.7,49.7,49.2,0.168571463302467,7.3518,1.0,0.136,0.0203,0.9579
2026-08-05,wing_above,7200.0,2026-09-14,40,25.2,26.0,25.6,0.195520537530038,4.793,0.8,0.1669,0.0313,0.9258
2026-08-05,short_above,7555.0,2026-09-18,44,76.2,77.2,76.7,0.163851699478874,9.0864,1.0,0.1101,0.013,0.9714
2026-08-05,short_below,7550.0,2026-09-18,44,73.6,75.4,74.5,0.162970755795586,9.0337,1.8,0.1993,0.0242,0.9708
2026-08-05,wing_above,7280.0,2026-09-18,44,37.4,38.2,37.8,0.19184723239098,6.1991,0.8,0.1291,0.0212,0.9358
2026-08-05,wing_below,7275.0,2026-09-18,44,36.9,37.7,37.3,0.192404780902999,6.152,0.8,0.13,0.0214,0.9352
2026-08-05,short_above,7275.0,2026-08-21,16,6.1,6.4,6.25,0.188846406679694,1.7193,0.3,0.1745,0.048,0.9374
2026-08-05,short_below,7270.0,2026-08-21,16,6.0,6.2,6.1,0.189608283838125,1.6903,0.2,0.1183,0.0328,0.9368
2026-08-05,wing_above,7075.0,2026-08-21,16,2.9,3.1,3.0,0.222821561343764,0.9347,0.2,0.214,0.0667,0.9116
2026-08-05,wing_below,7070.0,2026-08-21,16,2.85,3.0,2.925,0.223734392786261,0.9214,0.15,0.1628,0.0513,0.911
2026-08-05,short_above,7295.0,2026-08-21,16,6.7,6.9,6.8,0.185857154786909,1.8423,0.2,0.1086,0.0294,0.94
2026-08-05,short_below,7280.0,2026-08-21,16,6.2,6.5,6.35,0.188090319934071,1.7491,0.3,0.1715,0.0472,0.938
2026-08-05,wing_above,7090.0,2026-08-21,16,3.0,3.2,3.1,0.219712853049288,0.9758,0.2,0.205,0.0645,0.9136
2026-08-05,wing_below,7085.0,2026-08-21,16,3.0,3.2,3.1,0.221001571429942,0.9547,0.2,0.2095,0.0645,0.9129
2026-08-05,short_above,7225.0,2026-08-21,16,4.9,5.2,5.05,0.196713470524088,1.4556,0.3,0.2061,0.0594,0.931
2026-08-05,short_below,7220.0,2026-08-21,16,4.8,5.1,4.95,0.197528844807211,1.4323,0.3,0.2094,0.0606,0.9303
2026-08-05,wing_above,7020.0,2026-08-21,16,2.45,2.6,2.525,0.232951712888319,0.8044,0.15,0.1865,0.0594,0.9045
2026-08-05,wing_below,7010.0,2026-08-21,16,2.35,2.5,2.425,0.234811921792551,0.7756,0.15,0.1934,0.0619,0.9033
2026-08-05,wing_above,6985.0,2026-08-21,16,2.15,2.35,2.25,0.239483017217717,0.7202,0.2,0.2777,0.0889,0.9
2026-08-05,wing_below,6980.0,2026-08-21,16,2.15,2.35,2.25,0.240420543515513,0.7216,0.2,0.2772,0.0889,0.8994
2026-08-05,short_above,7330.0,2026-08-21,16,7.7,8.0,7.85,0.180847403606197,2.0844,0.3,0.1439,0.0382,0.9445
2026-08-05,short_below,7325.0,2026-08-21,16,7.5,7.8,7.65,0.181546727472958,2.0474,0.3,0.1465,0.0392,0.9438
2026-08-05,wing_above,7065.0,2026-08-21,16,2.75,2.9,2.825,0.224062335046614,0.8931,0.15,0.168,0.0531,0.9103
2026-08-05,wing_below,7060.0,2026-08-21,16,2.7,2.9,2.8,0.225565382391807,0.8842,0.2,0.2262,0.0714,0.9097
2026-08-05,short_above,7320.0,2026-08-28,23,16.0,16.5,16.25,0.185568125195861,3.4337,0.5,0.1456,0.0308,0.9432
2026-08-05,wing_above,7050.0,2026-08-28,23,6.8,7.0,6.9,0.2232584470805,1.7456,0.2,0.1146,0.029,0.9082
2026-08-05,short_above,7290.0,2026-08-28,23,14.5,14.9,14.7,0.189555953779365,3.1808,0.4,0.1258,0.0272,0.9391
2026-08-05,short_below,7280.0,2026-08-28,23,14.1,14.4,14.25,0.19089643855028,3.1006,0.3,0.0968,0.0211,0.9378
2026-08-05,wing_above,7000.0,2026-08-28,23,5.9,6.2,6.05,0.23068698916086,1.5518,0.3,0.1933,0.0496,0.9018
2026-08-05,wing_below,6990.0,2026-08-28,23,5.8,6.1,5.95,0.231647190820976,1.5163,0.3,0.1978,0.0504,0.9005
2026-08-05,short_above,7320.0,2026-08-28,23,16.2,16.7,16.45,0.184961757422214,3.4337,0.5,0.1456,0.0304,0.943
2026-08-05,wing_above,7050.0,2026-08-28,23,6.8,7.1,6.95,0.222795454111312,1.7456,0.3,0.1719,0.0432,0.9082
2026-08-05,short_below,7300.0,2026-08-28,23,15.2,15.4,15.3,0.188221036647356,3.263,0.2,0.0613,0.0131,0.9404
2026-08-05,wing_above,7050.0,2026-08-28,23,6.9,7.1,7.0,0.222795454111312,1.7456,0.2,0.1146,0.0286,0.9082
2026-08-05,short_above,7220.0,2026-08-28,23,11.6,11.9,11.75,0.198126551848592,2.6603,0.3,0.1128,0.0255,0.9301
2026-08-05,short_below,7210.0,2026-08-28,23,11.2,11.6,11.4,0.200433818726379,2.5935,0.4,0.1542,0.0351,0.9288
2026-08-05,wing_above,6925.0,2026-08-28,23,4.9,5.3,5.1,0.242085202038731,1.3102,0.4,0.3053,0.0784,0.8921
2026-08-05,wing_below,6900.0,2026-08-28,23,4.6,4.9,4.75,0.244599534211108,1.2398,0.3,0.242,0.0632,0.8889
2026-08-05,short_above,7225.0,2026-08-31,26,13.7,14.0,13.85,0.19336835933775,3.0774,0.3,0.0975,0.0217,0.9308
2026-08-05,short_below,7220.0,2026-08-31,26,13.4,13.8,13.6,0.194026813641583,3.0088,0.4,0.1329,0.0294,0.9301
2026-08-05,wing_above,6920.0,2026-08-31,26,5.8,6.1,5.95,0.235885805692456,1.5318,0.3,0.1959,0.0504,0.8915
2026-08-05,wing_below,6915.0,2026-08-31,26,5.8,6.0,5.9,0.238374349528214,1.5156,0.2,0.132,0.0339,0.8908
2026-08-05,short_above,7230.0,2026-08-31,26,13.8,14.1,13.95,0.192711125996601,3.1146,0.3,0.0963,0.0215,0.9314
2026-08-05,short_below,7225.0,2026-08-31,26,13.6,13.9,13.75,0.192823088096387,3.0774,0.3,0.0975,0.0218,0.9308
2026-08-05,wing_above,6930.0,2026-08-31,26,6.0,6.2,6.1,0.234417679427116,1.5647,0.2,0.1278,0.0328,0.8928
2026-08-05,wing_below,6920.0,2026-08-31,26,5.8,6.1,5.95,0.235405038103867,1.5318,0.3,0.1959,0.0504,0.8915
2026-08-05,short_above,7275.0,2026-09-04,30,21.5,21.8,21.65,0.190072490555614,4.2098,0.3,0.0713,0.0139,0.9372
2026-08-05,short_below,7250.0,2026-09-04,30,20.0,20.3,20.15,0.193257605433001,3.9975,0.3,0.075,0.0149,0.934
2026-08-05,wing_above,6975.0,2026-09-04,30,9.8,10.1,9.95,0.237364785201436,2.2827,0.3,0.1314,0.0302,0.8986
2026-08-05,wing_below,6950.0,2026-09-04,30,9.3,9.6,9.45,0.233370533205096,2.1739,0.3,0.138,0.0317,0.8953
2026-08-05,short_above,7150.0,2026-09-04,30,15.1,15.5,15.3,0.206257141584063,3.2498,0.4,0.1231,0.0261,0.9211
2026-08-05,short_below,7125.0,2026-09-04,30,14.2,14.5,14.35,0.209358224989693,3.0869,0.3,0.0972,0.0209,0.918
2026-08-05,wing_above,6850.0,2026-09-04,30,7.5,7.8,7.65,0.247231469615659,1.7977,0.3,0.1669,0.0392,0.8826
2026-08-05,wing_below,6800.0,2026-09-04,30,6.8,7.0,6.9,0.254458682835141,1.6402,0.2,0.1219,0.029,0.8761
2026-08-05,short_above,7125.0,2026-09-04,30,14.2,14.5,14.35,0.209852565682605,3.0869,0.3,0.0972,0.0209,0.918
2026-08-05,short_below,7100.0,2026-09-04,30,13.3,13.6,13.45,0.212671579122119,2.9329,0.3,0.1023,0.0223,0.9148
2026-08-05,wing_below,6800.0,2026-09-04,30,6.8,7.0,6.9,0.253777632723462,1.6402,0.2,0.1219,0.029,0.8761
2026-08-05,short_above,7200.0,2026-09-11,37,23.4,23.8,23.6,0.195266573184175,4.5013,0.4,0.0889,0.0169,0.9277
2026-08-05,short_below,7150.0,2026-09-11,37,20.7,21.1,20.9,0.201408019414603,4.1111,0.4,0.0973,0.0191,0.9212
2026-08-05,wing_above,6850.0,2026-09-11,37,10.8,11.2,11.0,0.23961961229326,2.4201,0.4,0.1653,0.0364,0.8826
2026-08-05,wing_below,6800.0,2026-09-11,37,9.9,10.2,10.05,0.246235458332954,2.2256,0.3,0.1348,0.0299,0.8761
2026-08-05,short_above,7125.0,2026-09-11,37,19.4,19.9,19.65,0.204502970157908,3.9291,0.5,0.1273,0.0254,0.918
2026-08-05,short_below,7100.0,2026-09-11,37,18.3,18.8,18.55,0.207613272077031,3.7554,0.5,0.1331,0.027,0.9148
2026-08-05,wing_below,6750.0,2026-09-11,37,9.0,9.4,9.2,0.252919665431117,2.05,0.4,0.1951,0.0435,0.8697
2026-08-05,short_above,7150.0,2026-09-11,37,20.8,21.1,20.95,0.202182053672371,4.1111,0.3,0.073,0.0143,0.9212
2026-08-05,short_below,7125.0,2026-09-11,37,19.6,19.9,19.75,0.205202670231348,3.9291,0.3,0.0764,0.0152,0.918
2026-08-05,wing_above,6850.0,2026-09-11,37,10.9,11.2,11.05,0.239529905444979,2.4201,0.3,0.124,0.0271,0.8826
2026-08-05,short_above,7500.0,2026-09-14,40,55.8,56.5,56.15,0.158102916980686,7.9353,0.7,0.0882,0.0125,0.9663
2026-08-05,short_below,7450.0,2026-09-14,40,48.4,49.1,48.75,0.163171214942566,7.35,0.7,0.0952,0.0144,0.9599
2026-08-05,wing_above,7200.0,2026-09-14,40,25.0,25.6,25.3,0.191157271124269,4.7941,0.6,0.1252,0.0237,0.9277
2026-08-05,wing_below,7175.0,2026-09-14,40,23.6,24.1,23.85,0.194098517020397,4.5756,0.5,0.1093,0.021,0.9245
2026-08-05,short_above,7555.0,2026-09-18,44,75.9,76.7,76.3,0.163635376151578,9.1535,0.8,0.0874,0.0105,0.9734
2026-08-05,short_below,7550.0,2026-09-18,44,74.9,75.4,75.15,0.15777036209007,9.1,0.5,0.0549,0.0067,0.9728
2026-08-05,wing_above,7280.0,2026-09-18,44,37.4,38.0,37.7,0.186338676289854,6.2098,0.6,0.0966,0.0159,0.938
2026-08-05,wing_below,7275.0,2026-09-18,44,37.0,37.5,37.25,0.186911188971791,6.1823,0.5,0.0809,0.0134,0.9373
2026-08-06,short_above,7275.0,2026-08-21,15,7.2,7.5,7.35,0.187092254881959,1.9304,0.3,0.1554,0.0408,0.9407
2026-08-06,short_below,7270.0,2026-08-21,15,7.0,7.3,7.15,0.187905905017335,1.8989,0.3,0.158,0.042,0.9401
2026-08-06,wing_above,7075.0,2026-08-21,15,3.4,3.6,3.5,0.222207668804346,1.0549,0.2,0.1896,0.0571,0.9149
2026-08-06,wing_below,7070.0,2026-08-21,15,3.3,3.6,3.45,0.223120351495427,1.0496,0.3,0.2858,0.087,0.9142
2026-08-06,short_above,7295.0,2026-08-21,15,7.8,8.1,7.95,0.183893288549766,2.0632,0.3,0.1454,0.0377,0.9433
2026-08-06,short_below,7280.0,2026-08-21,15,7.3,7.6,7.45,0.186284084379573,1.9625,0.3,0.1529,0.0403,0.9414
2026-08-06,wing_above,7090.0,2026-08-21,15,3.6,3.8,3.7,0.220015225655942,1.11,0.2,0.1802,0.0541,0.9168
2026-08-06,short_above,7225.0,2026-08-21,15,5.8,6.1,5.95,0.195448754563072,1.6431,0.3,0.1826,0.0504,0.9343
2026-08-06,short_below,7220.0,2026-08-21,15,5.7,6.0,5.85,0.196224609707024,1.6176,0.3,0.1855,0.0513,0.9336
2026-08-06,wing_above,7020.0,2026-08-21,15,2.85,3.1,2.975,0.232283662007922,0.9156,0.25,0.273,0.084,0.9078
2026-08-06,wing_below,7010.0,2026-08-21,15,2.8,2.95,2.875,0.234123121684348,0.8836,0.15,0.1698,0.0522,0.9065
2026-08-06,short_above,7280.0,2026-08-21,15,7.4,7.6,7.5,0.186553589068259,1.9625,0.2,0.1019,0.0267,0.9414
2026-08-06,wing_below,6980.0,2026-08-21,15,2.55,2.7,2.625,0.239107060626192,0.8107,0.15,0.185,0.0571,0.903
2026-08-06,short_above,7330.0,2026-08-21,15,9.2,9.6,9.4,0.178506206379406,2.3312,0.4,0.1716,0.0426,0.9483
2026-08-06,short_below,7325.0,2026-08-21,15,8.9,9.3,9.1,0.17924069648818,2.2912,0.4,0.1746,0.044,0.9476
2026-08-06,wing_above,7065.0,2026-08-21,15,3.3,3.5,3.4,0.223389649679603,1.0286,0.2,0.1944,0.0588,0.914
2026-08-06,wing_below,7060.0,2026-08-21,15,3.2,3.5,3.35,0.224306802364592,1.0207,0.3,0.2939,0.0896,0.9133
2026-08-06,short_above,7320.0,2026-08-28,22,18.3,18.7,18.5,0.182918606667483,3.6999,0.4,0.1081,0.0216,0.947
2026-08-06,short_below,7310.0,2026-08-28,22,17.6,18.1,17.85,0.192841463708416,3.3039,0.5,0.1513,0.028,0.9457
2026-08-06,wing_above,7050.0,2026-08-28,22,7.8,8.1,7.95,0.222795454111312,1.9114,0.3,0.1569,0.0377,0.912
2026-08-06,short_above,7290.0,2026-08-28,22,16.5,17.0,16.75,0.187075995262351,3.4351,0.5,0.1456,0.0299,0.9431
2026-08-06,short_below,7280.0,2026-08-28,22,15.9,16.4,16.15,0.188471922429146,3.3509,0.5,0.1492,0.031,0.9418
2026-08-06,wing_above,7000.0,2026-08-28,22,6.9,7.1,7.0,0.229575867087144,1.7022,0.2,0.1175,0.0286,0.9056
2026-08-06,wing_below,6990.0,2026-08-28,22,6.7,6.9,6.8,0.231115295084683,1.6638,0.2,0.1202,0.0294,0.9043
2026-08-06,short_below,7310.0,2026-08-28,22,17.7,18.1,17.9,0.192841463708416,3.3039,0.4,0.1211,0.0223,0.9457
2026-08-06,wing_above,7050.0,2026-08-28,22,7.8,8.1,7.95,0.222795454111312,1.9114,0.3,0.1569,0.0377,0.912
2026-08-06,wing_below,7025.0,2026-08-28,22,7.3,7.6,7.45,0.227974715350809,1.8031,0.3,0.1664,0.0403,0.9088
2026-08-06,short_above,7310.0,2026-08-28,22,17.7,18.1,17.9,0.184309530122532,3.6096,0.4,0.1108,0.0223,0.9457
2026-08-06,short_below,7300.0,2026-08-28,22,17.2,17.4,17.3,0.185685087978578,3.5213,0.2,0.0568,0.0116,0.9444
2026-08-06,short_above,7220.0,2026-08-28,22,13.0,13.4,13.2,0.196951050686076,2.8868,0.4,0.1386,0.0303,0.934
2026-08-06,short_below,7210.0,2026-08-28,22,12.6,13.0,12.8,0.198381420127154,2.8127,0.4,0.1422,0.0313,0.9327
2026-08-06,wing_above,6925.0,2026-08-28,22,5.7,5.9,5.8,0.241228475912861,1.4367,0.2,0.1392,0.0345,0.8959
2026-08-06,wing_below,6900.0,2026-08-28,22,5.3,5.6,5.45,0.245164212303245,1.3605,0.3,0.2205,0.055,0.8926
2026-08-06,short_above,7225.0,2026-08-31,25,15.3,15.6,15.45,0.191322777144438,3.3077,0.3,0.0907,0.0194,0.9347
2026-08-06,short_below,7220.0,2026-08-31,25,15.0,15.4,15.2,0.192007626464797,3.2723,0.4,0.1222,0.0263,0.934
2026-08-06,wing_above,6920.0,2026-08-31,25,6.6,6.9,6.75,0.235405038103867,1.673,0.3,0.1793,0.0444,0.8952
2026-08-06,wing_below,6915.0,2026-08-31,25,6.6,6.8,6.7,0.235925730601441,1.6681,0.2,0.1199,0.0299,0.8946
2026-08-06,short_above,7230.0,2026-08-31,25,15.5,15.9,15.7,0.190638935685247,3.3584,0.4,0.1191,0.0255,0.9353
2026-08-06,short_below,7225.0,2026-08-31,25,15.3,15.6,15.45,0.192823088096387,3.3077,0.3,0.0907,0.0194,0.9347
2026-08-06,wing_above,6930.0,2026-08-31,25,6.8,7.1,6.95,0.233667877279543,1.7083,0.3,0.1756,0.0432,0.8965
2026-08-06,wing_below,6920.0,2026-08-31,25,6.7,6.9,6.8,0.235405038103867,1.673,0.2,0.1195,0.0294,0.8952
2026-08-06,short_above,7275.0,2026-09-04,29,24.1,24.4,24.25,0.187850663863127,4.4658,0.3,0.0672,0.0124,0.9411
2026-08-06,short_below,7250.0,2026-09-04,29,22.5,22.8,22.65,0.191160622567038,4.2467,0.3,0.0706,0.0132,0.9379
2026-08-06,wing_above,6975.0,2026-09-04,29,11.2,11.4,11.3,0.2288028397738,2.4529,0.2,0.0815,0.0177,0.9023
2026-08-06,wing_below,6950.0,2026-09-04,29,10.5,11.0,10.75,0.23233827408063,2.3377,0.5,0.2139,0.0465,0.8991
2026-08-06,short_above,7150.0,2026-09-04,29,17.2,17.5,17.35,0.210717856236272,3.4699,0.3,0.0865,0.0173,0.925
2026-08-06,short_below,7125.0,2026-09-04,29,16.1,16.5,16.3,0.207578831985283,3.2995,0.4,0.1212,0.0245,0.9221
2026-08-06,wing_above,6850.0,2026-09-04,29,8.5,8.8,8.65,0.247436973156263,1.9373,0.3,0.1549,0.0347,0.8865
2026-08-06,wing_below,6800.0,2026-09-04,29,7.7,8.0,7.85,0.252845606070529,1.7688,0.3,0.1696,0.0382,0.8801
2026-08-06,short_below,7100.0,2026-09-04,29,15.1,15.4,15.25,0.210995306667428,3.1381,0.3,0.0956,0.0197,0.9189
2026-08-06,wing_above,6850.0,2026-09-04,29,8.5,8.8,8.65,0.247436973156263,1.9373,0.3,0.1549,0.0347,0.8865
2026-08-06,short_above,7200.0,2026-09-11,36,25.9,26.3,26.1,0.193262359294573,4.7692,0.4,0.0839,0.0153,0.9318
2026-08-06,short_below,7150.0,2026-09-11,36,23.0,23.3,23.15,0.200064720234548,4.3644,0.3,0.0687,0.013,0.9254
2026-08-06,wing_above,6850.0,2026-09-11,36,12.1,12.5,12.3,0.239529905444979,2.5898,0.4,0.1545,0.0325,0.8865
2026-08-06,wing_below,6800.0,2026-09-11,36,11.0,11.4,11.2,0.245578743717389,2.4151,0.4,0.1656,0.0357,0.8801
2026-08-06,short_above,7125.0,2026-09-11,36,21.7,22.0,21.85,0.202767399510173,4.2135,0.3,0.0712,0.0137,0.9221
2026-08-06,short_below,7100.0,2026-09-11,36,20.4,20.8,20.6,0.205966579494978,4.0315,0.4,0.0992,0.0194,0.9189
2026-08-06,wing_above,6800.0,2026-09-11,36,11.0,11.4,11.2,0.246469566868095,2.4151,0.4,0.1656,0.0357,0.8801
2026-08-06,wing_below,6750.0,2026-09-11,36,10.0,10.4,10.2,0.252403241138789,2.2276,0.4,0.1796,0.0392,0.8736
2026-08-06,short_above,7150.0,2026-09-11,36,22.9,23.3,23.1,0.200064720234548,4.3644,0.4,0.0916,0.0173,0.9254
2026-08-06,short_below,7125.0,2026-09-11,36,21.6,22.0,21.8,0.203109361786442,4.2135,0.4,0.0949,0.0183,0.9221
2026-08-06,wing_below,6800.0,2026-09-11,36,11.0,11.4,11.2,0.246469566868095,2.4151,0.4,0.1656,0.0357,0.8801
2026-08-06,short_above,7500.0,2026-09-14,39,61.2,61.9,61.55,0.154891960035349,8.2816,0.7,0.0845,0.0114,0.9707
2026-08-06,short_below,7450.0,2026-09-14,39,52.9,53.5,53.2,0.160237779714061,7.7167,0.6,0.0778,0.0113,0.9642
2026-08-06,wing_above,7200.0,2026-09-14,39,27.3,27.9,27.6,0.189285455864118,5.1276,0.6,0.117,0.0217,0.9318
2026-08-06,wing_below,7175.0,2026-09-14,39,25.7,26.3,26.0,0.19232119422268,4.8868,0.6,0.1228,0.0231,0.9286
2026-08-06,short_above,7555.0,2026-09-18,43,81.5,82.1,81.8,0.153690686030955,9.4385,0.6,0.0636,0.0073,0.9778
2026-08-06,short_below,7550.0,2026-09-18,43,80.4,80.9,80.65,0.154186512306419,9.4044,0.5,0.0532,0.0062,0.9771
2026-08-06,wing_above,7280.0,2026-09-18,43,40.3,40.8,40.55,0.184273166305687,6.5522,0.5,0.0763,0.0123,0.9422
2026-08-06,wing_below,7275.0,2026-09-18,43,39.9,40.4,40.15,0.184869849823474,6.4974,0.5,0.077,0.0125,0.9415
2026-08-06,short_above,7275.0,2026-08-21,15,6.0,6.2,6.1,0.18353779436275,1.7361,0.2,0.1152,0.0328,0.9397
2026-08-06,short_below,7270.0,2026-08-21,15,5.8,6.1,5.95,0.184321968197582,1.7061,0.3,0.1758,0.0504,0.939
2026-08-06,wing_above,7075.0,2026-08-21,15,2.8,2.95,2.875,0.217460602958448,0.9287,0.15,0.1615,0.0522,0.9138
2026-08-06,wing_below,7070.0,2026-08-21,15,2.75,2.9,2.825,0.219182255024849,0.9211,0.15,0.1629,0.0531,0.9132
2026-08-06,short_above,7295.0,2026-08-21,15,6.5,6.7,6.6,0.180723927358711,1.8633,0.2,0.1073,0.0303,0.9423
2026-08-06,short_below,7280.0,2026-08-21,15,6.0,6.3,6.15,0.199178660470811,1.7669,0.3,0.1698,0.0488,0.9403
2026-08-06,wing_above,7090.0,2026-08-21,15,2.9,3.1,3.0,0.215517315336305,0.9672,0.2,0.2068,0.0667,0.9158
2026-08-06,wing_below,7085.0,2026-08-21,15,2.85,3.0,2.925,0.21636219101106,0.947,0.15,0.1584,0.0513,0.9151
2026-08-06,short_above,7225.0,2026-08-21,15,4.8,5.0,4.9,0.191683809065101,1.4647,0.2,0.1365,0.0408,0.9331
2026-08-06,short_below,7220.0,2026-08-21,15,4.7,4.9,4.8,0.192521666844302,1.4408,0.2,0.1388,0.0417,0.9324
2026-08-06,wing_above,7020.0,2026-08-21,15,2.35,2.5,2.425,0.227706043583816,0.8036,0.15,0.1867,0.0619,0.9066
2026-08-06,wing_below,7010.0,2026-08-21,15,2.3,2.45,2.375,0.230142532345807,0.7787,0.15,0.1926,0.0632,0.9053
2026-08-06,short_above,7280.0,2026-08-21,15,6.1,6.3,6.2,0.183845194471986,1.7669,0.2,0.1132,0.0323,0.9402
2026-08-06,wing_above,6985.0,2026-08-21,15,2.15,2.3,2.225,0.233322132804308,0.7317,0.15,0.205,0.0674,0.9021
2026-08-06,wing_below,6980.0,2026-08-21,15,2.1,2.25,2.175,0.235700365002132,0.7106,0.15,0.2111,0.069,0.9014
2026-08-06,short_above,7330.0,2026-08-21,15,7.6,7.9,7.75,0.175347864422989,2.1149,0.3,0.1419,0.0387,0.9466
2026-08-06,short_below,7325.0,2026-08-21,15,7.4,7.7,7.55,0.176069618169201,2.0801,0.3,0.1442,0.0397,0.946
2026-08-06,wing_above,7065.0,2026-08-21,15,2.7,2.85,2.775,0.220015420754491,0.9021,0.15,0.1663,0.0541,0.9124
2026-08-06,wing_below,7060.0,2026-08-21,15,2.65,2.8,2.725,0.220931563944761,0.8888,0.15,0.1688,0.055,0.9117
2026-08-06,short_above,7320.0,2026-08-28,22,16.2,16.6,16.4,0.18100546543465,3.503,0.4,0.1142,0.0244,0.9453
2026-08-06,short_below,7310.0,2026-08-28,22,15.6,16.0,15.8,0.184309530122532,3.6096,0.4,0.1108,0.0253,0.944
2026-08-06,wing_above,7050.0,2026-08-28,22,6.8,7.0,6.9,0.220397389541249,1.7631,0.2,0.1134,0.029,0.9105
2026-08-06,short_above,7290.0,2026-08-28,22,14.6,14.9,14.75,0.185138637894731,3.242,0.3,0.0925,0.0203,0.9414
2026-08-06,short_below,7280.0,2026-08-28,22,14.0,14.4,14.2,0.186497782664906,3.1592,0.4,0.1266,0.0282,0.9402
2026-08-06,wing_above,7000.0,2026-08-28,22,5.9,6.1,6.0,0.226710595526274,1.5647,0.2,0.1278,0.0333,0.904
2026-08-06,wing_below,6990.0,2026-08-28,22,5.7,5.9,5.8,0.228232409178016,1.5284,0.2,0.1309,0.0345,0.9027
2026-08-06,short_above,7320.0,2026-08-28,22,16.1,16.5,16.3,0.18100546543465,3.503,0.4,0.1142,0.0245,0.9453
2026-08-06,short_below,7310.0,2026-08-28,22,15.6,16.0,15.8,0.18243198932853,3.4139,0.4,0.1172,0.0253,0.944
2026-08-06,short_above,7310.0,2026-08-28,22,15.6,16.0,15.8,0.18243345092003,3.4139,0.4,0.1172,0.0253,0.944
2026-08-06,short_below,7300.0,2026-08-28,22,15.1,15.3,15.2,0.183783879162352,3.3269,0.2,0.0601,0.0132,0.9427
2026-08-06,wing_above,7050.0,2026-08-28,22,6.7,7.0,6.85,0.219190940663419,1.7631,0.3,0.1702,0.0438,0.9105
2026-08-06,short_above,7220.0,2026-08-28,22,11.4,11.7,11.55,0.194749497751048,2.7047,0.3,0.1109,0.026,0.9324
2026-08-06,short_below,7210.0,2026-08-28,22,11.0,11.3,11.15,0.196141894535938,2.6358,0.3,0.1138,0.0269,0.9311
2026-08-06,wing_above,6925.0,2026-08-28,22,4.8,5.1,4.95,0.23792093908964,1.3172,0.3,0.2278,0.0606,0.8943
2026-08-06,wing_below,6900.0,2026-08-28,22,4.5,4.8,4.65,0.241802562867119,1.2461,0.3,0.2408,0.0645,0.8911
2026-08-06,short_above,7225.0,2026-08-31,25,13.5,13.7,13.6,0.189144254915874,3.1241,0.2,0.064,0.0147,0.9331
2026-08-06,short_below,7220.0,2026-08-31,25,13.3,13.5,13.4,0.189811950562516,3.079,0.2,0.065,0.0149,0.9324
2026-08-06,wing_above,6920.0,2026-08-31,25,5.7,6.0,5.85,0.232305105824603,1.5331,0.3,0.1957,0.0513,0.8937
2026-08-06,wing_below,6915.0,2026-08-31,25,5.7,5.9,5.8,0.233470616030126,1.5224,0.2,0.1314,0.0345,0.893
2026-08-06,short_above,7230.0,2026-08-31,25,13.6,14.0,13.8,0.188477701800777,3.1534,0.4,0.1268,0.029,0.9337
2026-08-06,short_below,7225.0,2026-08-31,25,13.4,13.7,13.55,0.190679429253707,3.1241,0.3,0.096,0.0221,0.9331
2026-08-06,wing_above,6930.0,2026-08-31,25,5.9,6.1,6.0,0.230812252223966,1.5661,0.2,0.1277,0.0333,0.895
2026-08-06,wing_below,6920.0,2026-08-31,25,5.7,6.0,5.85,0.232825713245776,1.5331,0.3,0.1957,0.0513,0.8937
2026-08-06,short_above,7275.0,2026-09-04,29,21.8,22.1,21.95,0.186207859893353,4.2578,0.3,0.0705,0.0137,0.9395
2026-08-06,short_below,7250.0,2026-09-04,29,20.2,20.5,20.35,0.18946568667785,4.0418,0.3,0.0742,0.0147,0.9363
2026-08-06,wing_above,6975.0,2026-09-04,29,9.9,10.2,10.05,0.226532339171681,2.2961,0.3,0.1307,0.0299,0.9008
2026-08-06,wing_below,6950.0,2026-09-04,29,9.3,9.6,9.45,0.230026736257065,2.1856,0.3,0.1373,0.0317,0.8975
2026-08-06,short_above,7150.0,2026-09-04,29,15.3,15.6,15.45,0.204605980035063,3.2806,0.3,0.0914,0.0194,0.9234
2026-08-06,short_below,7125.0,2026-09-04,29,14.3,14.6,14.45,0.207705397343334,3.1146,0.3,0.0963,0.0208,0.9201
2026-08-06,wing_above,6850.0,2026-09-04,29,7.5,7.8,7.65,0.244591548122655,1.804,0.3,0.1663,0.0392,0.8846
2026-08-06,wing_below,6800.0,2026-09-04,29,6.8,7.0,6.9,0.251449619042571,1.6443,0.2,0.1216,0.029,0.8782
2026-08-06,short_above,7125.0,2026-09-04,29,14.4,14.6,14.5,0.207705397343334,3.1146,0.2,0.0642,0.0138,0.9201
2026-08-06,short_below,7100.0,2026-09-04,29,13.4,13.8,13.6,0.209392954276694,2.9577,0.4,0.1352,0.0294,0.9169
2026-08-06,short_above,7200.0,2026-09-11,36,23.9,24.2,24.05,0.192726778240142,4.5913,0.3,0.0653,0.0125,0.9298
2026-08-06,short_below,7150.0,2026-09-11,36,21.2,21.5,21.35,0.19898132208655,4.1942,0.3,0.0715,0.0141,0.9234
2026-08-06,wing_above,6850.0,2026-09-11,36,11.0,11.4,11.2,0.237702884891929,2.4702,0.4,0.1619,0.0357,0.8846
2026-08-06,wing_below,6800.0,2026-09-11,36,10.0,10.4,10.2,0.244336966456683,2.2704,0.4,0.1762,0.0392,0.8782
2026-08-06,short_above,7125.0,2026-09-11,36,20.0,20.3,20.15,0.203109361786442,4.0089,0.3,0.0748,0.0149,0.9201
2026-08-06,short_below,7100.0,2026-09-11,36,18.9,19.2,19.05,0.205294873545127,3.8737,0.3,0.0774,0.0157,0.9169
2026-08-06,wing_above,6800.0,2026-09-11,36,10.1,10.4,10.25,0.246469566868095,2.2704,0.3,0.1321,0.0293,0.8782
2026-08-06,wing_below,6750.0,2026-09-11,36,9.2,9.5,9.35,0.25101252428374,2.1135,0.3,0.1419,0.0321,0.8717
2026-08-06,short_above,7150.0,2026-09-11,36,21.3,21.6,21.45,0.200064720234548,4.1942,0.3,0.0715,0.014,0.9234
2026-08-06,short_below,7125.0,2026-09-11,36,20.1,20.4,20.25,0.203109361786442,4.0089,0.3,0.0748,0.0148,0.9201
2026-08-06,wing_above,6850.0,2026-09-11,36,11.1,11.4,11.25,0.239529905444979,2.4702,0.3,0.1214,0.0267,0.8846
2026-08-06,short_above,7500.0,2026-09-14,39,57.7,58.3,58.0,0.154139030632011,8.1121,0.6,0.074,0.0103,0.9691
2026-08-06,short_below,7450.0,2026-09-14,39,49.9,50.5,50.2,0.159452134575081,7.5265,0.6,0.0797,0.012,0.9626
2026-08-06,wing_above,7200.0,2026-09-14,39,25.7,26.3,26.0,0.190286799427914,4.8987,0.6,0.1225,0.0231,0.9303
2026-08-06,wing_below,7175.0,2026-09-14,39,24.2,24.7,24.45,0.191284897307486,4.7221,0.5,0.1059,0.0204,0.9271
2026-08-06,short_above,7555.0,2026-09-18,43,77.9,78.4,78.15,0.153169465744899,9.2939,0.5,0.0538,0.0064,0.9762
2026-08-06,short_below,7550.0,2026-09-18,43,76.7,77.2,76.95,0.153659342268718,9.2587,0.5,0.054,0.0065,0.9756
2026-08-06,wing_above,7280.0,2026-09-18,43,38.4,38.8,38.6,0.183457533937808,6.3724,0.4,0.0628,0.0104,0.9407
2026-08-06,wing_below,7275.0,2026-09-18,43,37.9,38.4,38.15,0.184048807252103,6.3196,0.5,0.0791,0.0131,0.94
2026-08-06,short_above,7275.0,2026-08-21,15,5.7,5.9,5.8,0.181159358714865,1.6988,0.2,0.1177,0.0345,0.9399
2026-08-06,short_below,7270.0,2026-08-21,15,5.5,5.7,5.6,0.182610209117018,1.6688,0.2,0.1198,0.0357,0.9392
2026-08-06,wing_above,7075.0,2026-08-21,15,2.65,2.8,2.725,0.215503329656734,0.8907,0.15,0.1684,0.055,0.914
2026-08-06,wing_below,7070.0,2026-08-21,15,2.65,2.75,2.7,0.216478785221403,0.8852,0.1,0.113,0.037,0.9134
2026-08-06,short_above,7295.0,2026-08-21,15,6.2,6.4,6.3,0.17890633905358,1.826,0.2,0.1095,0.0317,0.9425
2026-08-06,short_below,7280.0,2026-08-21,15,5.8,6.0,5.9,0.180387767565812,1.7296,0.2,0.1156,0.0339,0.9405
2026-08-06,wing_above,7090.0,2026-08-21,15,2.8,2.9,2.85,0.212729558398282,0.9338,0.1,0.1071,0.0351,0.916
2026-08-06,wing_below,7085.0,2026-08-21,15,2.75,2.85,2.8,0.213676915452362,0.9215,0.1,0.1085,0.0357,0.9153
2026-08-06,short_above,7225.0,2026-08-21,15,4.6,4.8,4.7,0.189162789927406,1.4269,0.2,0.1402,0.0426,0.9334
2026-08-06,short_below,7220.0,2026-08-21,15,4.5,4.7,4.6,0.189990451837966,1.403,0.2,0.1426,0.0435,0.9328
2026-08-06,wing_above,7020.0,2026-08-21,15,2.25,2.35,2.3,0.225644946439119,0.7679,0.1,0.1302,0.0435,0.9069
2026-08-06,wing_below,7010.0,2026-08-21,15,2.2,2.3,2.25,0.227502619608414,0.7495,0.1,0.1334,0.0444,0.9056
2026-08-06,short_above,7280.0,2026-08-21,15,5.8,6.1,5.95,0.18198367718022,1.7296,0.3,0.1735,0.0504,0.9405
2026-08-06,short_below,7275.0,2026-08-21,15,5.7,5.9,5.8,0.182026608914378,1.6988,0.2,0.1177,0.0345,0.9399
2026-08-06,wing_above,6985.0,2026-08-21,15,2.05,2.15,2.1,0.232160717289724,0.6995,0.1,0.143,0.0476,0.9024
2026-08-06,wing_below,6980.0,2026-08-21,15,2.0,2.1,2.05,0.233094481261879,0.6889,0.1,0.1452,0.0488,0.9018
2026-08-06,short_above,7330.0,2026-08-21,15,7.3,7.6,7.45,0.172944464322687,2.0768,0.3,0.1445,0.0403,0.947
2026-08-06,short_below,7325.0,2026-08-21,15,7.2,7.4,7.3,0.173669035212136,2.0411,0.2,0.098,0.0274,0.9463
2026-08-06,wing_above,7065.0,2026-08-21,15,2.6,2.7,2.65,0.224881892072769,0.8725,0.1,0.1146,0.0377,0.9128
2026-08-06,wing_below,7060.0,2026-08-21,15,2.55,2.65,2.6,0.218237605437893,0.8554,0.1,0.1169,0.0385,0.9122
2026-08-06,short_above,7320.0,2026-08-28,22,15.9,16.2,16.05,0.178998066935363,3.4697,0.3,0.0865,0.0187,0.9458
2026-08-06,wing_above,7050.0,2026-08-28,22,6.6,6.8,6.7,0.217666247226438,1.7385,0.2,0.115,0.0299,0.9109
2026-08-06,wing_below,7025.0,2026-08-28,22,6.2,6.4,6.3,0.222931925864592,1.6602,0.2,0.1205,0.0317,0.9077
2026-08-06,short_above,7290.0,2026-08-28,22,14.2,14.5,14.35,0.184763808901152,3.2082,0.3,0.0935,0.0209,0.9419
2026-08-06,short_below,7280.0,2026-08-28,22,13.7,14.0,13.85,0.184680504948383,3.1254,0.3,0.096,0.0217,0.9406
2026-08-06,wing_above,7000.0,2026-08-28,22,5.7,5.9,5.8,0.225207330738991,1.5417,0.2,0.1297,0.0345,0.9044
2026-08-06,wing_below,6990.0,2026-08-28,22,5.6,5.8,5.7,0.226730822395962,1.5058,0.2,0.1328,0.0351,0.9031
2026-08-06,short_below,7310.0,2026-08-28,22,15.2,15.5,15.35,0.180599844625799,3.3804,0.3,0.0887,0.0195,0.9445
2026-08-06,wing_above,7050.0,2026-08-28,22,6.6,6.8,6.7,0.218046219366621,1.7385,0.2,0.115,0.0299,0.9109
2026-08-06,wing_below,7025.0,2026-08-28,22,6.2,6.4,6.3,0.222937989258885,1.6365,0.2,0.1222,0.0317,0.9077
2026-08-06,short_above,7310.0,2026-08-28,22,15.3,15.6,15.45,0.180470657363589,3.3804,0.3,0.0887,0.0194,0.9445
2026-08-06,wing_above,7050.0,2026-08-28,22,6.6,6.8,6.7,0.218046219366621,1.7385,0.2,0.115,0.0299,0.9109
2026-08-06,wing_below,7025.0,2026-08-28,22,6.2,6.3,6.25,0.222937989258885,1.6365,0.1,0.0611,0.016,0.9077
2026-08-06,short_above,7220.0,2026-08-28,22,11.1,11.4,11.25,0.192989041884575,2.6719,0.3,0.1123,0.0267,0.9329
2026-08-06,short_below,7210.0,2026-08-28,22,10.7,11.0,10.85,0.194394917126245,2.6033,0.3,0.1152,0.0276,0.9316
2026-08-06,wing_above,6925.0,2026-08-28,22,4.7,4.9,4.8,0.236757443871486,1.2961,0.2,0.1543,0.0417,0.8947
2026-08-06,wing_below,6900.0,2026-08-28,22,4.5,4.6,4.55,0.240669536556935,1.2238,0.1,0.0817,0.022,0.8915
2026-08-06,short_above,7225.0,2026-08-31,25,13.2,13.4,13.3,0.187715558990725,3.0888,0.2,0.0648,0.015,0.9335
2026-08-06,short_below,7220.0,2026-08-31,25,13.0,13.3,13.15,0.188384527914797,3.0515,0.3,0.0983,0.0228,0.9329
2026-08-06,wing_above,6920.0,2026-08-31,25,5.6,5.8,5.7,0.230716087343121,1.5159,0.2,0.1319,0.0351,0.8941
2026-08-06,wing_below,6915.0,2026-08-31,25,5.6,5.8,5.7,0.238374349528214,1.4988,0.2,0.1334,0.0351,0.8935
2026-08-06,short_above,7230.0,2026-08-31,25,13.3,13.8,13.55,0.187047556692447,3.1254,0.5,0.16,0.0369,0.9341
2026-08-06,wing_above,6930.0,2026-08-31,25,5.8,6.0,5.9,0.229238311307124,1.549,0.2,0.1291,0.0339,0.8954
2026-08-06,short_above,7275.0,2026-09-04,29,21.3,21.6,21.45,0.184750118362043,4.2487,0.3,0.0706,0.014,0.94
2026-08-06,short_below,7250.0,2026-09-04,29,19.8,20.1,19.95,0.187986398871119,4.0307,0.3,0.0744,0.015,0.9367
2026-08-06,wing_above,6975.0,2026-09-04,29,9.7,10.0,9.85,0.225200287724119,2.2844,0.3,0.1313,0.0305,0.9012
2026-08-06,wing_below,6950.0,2026-09-04,29,9.2,9.4,9.3,0.230865107004862,2.175,0.2,0.092,0.0215,0.898
2026-08-06,short_above,7150.0,2026-09-04,29,15.0,15.2,15.1,0.202516330711548,3.2654,0.2,0.0612,0.0132,0.9238
2026-08-06,short_below,7125.0,2026-09-04,29,14.0,14.3,14.15,0.20453370380535,3.0993,0.3,0.0968,0.0212,0.9206
2026-08-06,wing_above,6850.0,2026-09-04,29,7.4,7.6,7.5,0.243111096905449,1.7977,0.2,0.1113,0.0267,0.885
2026-08-06,wing_below,6800.0,2026-09-04,29,6.7,6.9,6.8,0.252845606070529,1.6402,0.2,0.1219,0.0294,0.8786
2026-08-06,short_above,7125.0,2026-09-04,29,14.0,14.2,14.1,0.205477564677232,3.0993,0.2,0.0645,0.0142,0.9206
2026-08-06,short_below,7100.0,2026-09-04,29,13.1,13.4,13.25,0.207915554259897,2.9425,0.3,0.102,0.0226,0.9174
2026-08-06,short_above,7200.0,2026-09-11,36,23.4,23.7,23.55,0.191328365878695,4.5612,0.3,0.0658,0.0127,0.9303
2026-08-06,short_below,7150.0,2026-09-11,36,20.7,20.9,20.8,0.197597995168896,4.1637,0.2,0.048,0.0096,0.9238
2026-08-06,wing_above,6850.0,2026-09-11,36,10.8,11.1,10.95,0.236962647244469,2.4507,0.3,0.1224,0.0274,0.885
2026-08-06,wing_below,6800.0,2026-09-11,36,9.9,10.1,10.0,0.243390795294508,2.2542,0.2,0.0887,0.02,0.8786
2026-08-06,short_above,7125.0,2026-09-11,36,19.5,19.7,19.6,0.200759385886683,3.9785,0.2,0.0503,0.0102,0.9206
2026-08-06,short_below,7100.0,2026-09-11,36,18.3,18.6,18.45,0.203937900469409,3.802,0.3,0.0789,0.0163,0.9174
2026-08-06,wing_above,6800.0,2026-09-11,36,9.9,10.1,10.0,0.243856486264481,2.2542,0.2,0.0887,0.02,0.8786
2026-08-06,wing_below,6750.0,2026-09-11,36,9.0,9.3,9.15,0.25018643408925,2.0767,0.3,0.1445,0.0328,0.8721
2026-08-06,short_below,7125.0,2026-09-11,36,19.5,19.7,19.6,0.201021867319898,3.9785,0.2,0.0503,0.0102,0.9206
2026-08-06,short_above,7500.0,2026-09-14,39,56.4,56.9,56.65,0.153336202901808,8.0509,0.5,0.0621,0.0088,0.969
2026-08-06,short_below,7450.0,2026-09-14,39,48.7,49.2,48.95,0.158686207465231,7.4627,0.5,0.067,0.0102,0.9626
2026-08-06,wing_above,7200.0,2026-09-14,39,25.0,25.4,25.2,0.187734900472133,4.8719,0.4,0.0821,0.0159,0.9303
2026-08-06,wing_below,7175.0,2026-09-14,39,23.5,24.0,23.75,0.190755540387735,4.6623,0.5,0.1072,0.0211,0.927
2026-08-06,short_above,7555.0,2026-09-18,43,76.4,76.9,76.65,0.152963894238207,9.2722,0.5,0.0539,0.0065,0.9761
2026-08-06,short_below,7550.0,2026-09-18,43,75.2,75.6,75.4,0.153371077557858,9.2208,0.4,0.0434,0.0053,0.9755
2026-08-06,wing_above,7280.0,2026-09-18,43,37.5,37.9,37.7,0.182833925850009,6.3057,0.4,0.0634,0.0106,0.9406
2026-08-06,wing_below,7275.0,2026-09-18,43,37.1,37.4,37.25,0.183455846528295,6.2535,0.3,0.048,0.0081,0.94
2026-08-06,short_above,7275.0,2026-08-21,15,5.4,5.6,5.5,0.178936258123439,1.6587,0.2,0.1206,0.0364,0.9401
2026-08-06,short_below,7270.0,2026-08-21,15,5.3,5.5,5.4,0.179699981828547,1.6285,0.2,0.1228,0.037,0.9395
2026-08-06,wing_above,7075.0,2026-08-21,15,2.5,2.6,2.55,0.21291390964312,0.8589,0.1,0.1164,0.0392,0.9143
2026-08-06,wing_below,7070.0,2026-08-21,15,2.45,2.55,2.5,0.213820869929377,0.8505,0.1,0.1176,0.04,0.9136
2026-08-06,short_above,7295.0,2026-08-21,15,5.9,6.1,6.0,0.175924955754722,1.7862,0.2,0.112,0.0333,0.9427
2026-08-06,short_below,7280.0,2026-08-21,15,5.5,5.7,5.6,0.199178660470811,1.6895,0.2,0.1184,0.0357,0.9407
2026-08-06,wing_above,7090.0,2026-08-21,15,2.6,2.75,2.675,0.210200925300183,0.898,0.15,0.167,0.0561,0.9162
2026-08-06,wing_below,7085.0,2026-08-21,15,2.55,2.7,2.625,0.211103851941031,0.8861,0.15,0.1693,0.0571,0.9155
2026-08-06,short_above,7225.0,2026-08-21,15,4.3,4.5,4.4,0.186805498335098,1.3863,0.2,0.1443,0.0455,0.9336
2026-08-06,short_below,7220.0,2026-08-21,15,4.2,4.4,4.3,0.18762170906175,1.3624,0.2,0.1468,0.0465,0.933
2026-08-06,wing_above,7020.0,2026-08-21,15,2.05,2.2,2.125,0.22294537361333,0.735,0.15,0.2041,0.0706,0.9071
2026-08-06,wing_below,7010.0,2026-08-21,15,2.0,2.1,2.05,0.224779727125153,0.7148,0.1,0.1399,0.0488,0.9059
2026-08-06,short_above,7280.0,2026-08-21,15,5.5,5.7,5.6,0.17824955348182,1.6895,0.2,0.1184,0.0357,0.9407
2026-08-06,short_below,7275.0,2026-08-21,15,5.3,5.5,5.4,0.180118399990184,1.6587,0.2,0.1206,0.037,0.9401
2026-08-06,wing_above,6985.0,2026-08-21,15,1.85,1.95,1.9,0.229376322487648,0.6662,0.1,0.1501,0.0526,0.9026
2026-08-06,wing_below,6980.0,2026-08-21,15,1.8,1.95,1.875,0.230297328742915,0.6571,0.15,0.2283,0.08,0.902
2026-08-06,short_above,7330.0,2026-08-21,15,7.0,7.1,7.05,0.17079182193448,2.0236,0.1,0.0494,0.0142,0.9472
2026-08-06,short_below,7325.0,2026-08-21,15,6.8,7.0,6.9,0.194480967040608,1.9857,0.2,0.1007,0.029,0.9466
2026-08-06,wing_above,7065.0,2026-08-21,15,2.4,2.5,2.45,0.214619372031426,0.8306,0.1,0.1204,0.0408,0.9129
2026-08-06,wing_below,7060.0,2026-08-21,15,2.35,2.45,2.4,0.216312603317257,0.8174,0.1,0.1223,0.0417,0.9123
2026-08-06,short_above,7320.0,2026-08-28,22,15.3,15.7,15.5,0.177211126503691,3.4199,0.4,0.117,0.0258,0.9459
2026-08-06,wing_above,7050.0,2026-08-28,22,6.4,6.6,6.5,0.215957091119114,1.7042,0.2,0.1174,0.0308,0.911
2026-08-06,wing_below,7025.0,2026-08-28,22,5.9,6.2,6.05,0.222937989258885,1.6365,0.3,0.1833,0.0496,0.9078
2026-08-06,short_above,7290.0,2026-08-28,22,13.7,14.0,13.85,0.181328625939091,3.1596,0.3,0.0949,0.0217,0.942
2026-08-06,short_below,7280.0,2026-08-28,22,13.2,13.5,13.35,0.183757569030442,3.0772,0.3,0.0975,0.0225,0.9407
2026-08-06,wing_above,7000.0,2026-08-28,22,5.6,5.8,5.7,0.223571306956388,1.5109,0.2,0.1324,0.0351,0.9045
2026-08-06,wing_below,6990.0,2026-08-28,22,5.4,5.6,5.5,0.225110172239957,1.4756,0.2,0.1355,0.0364,0.9032
2026-08-06,short_above,7320.0,2026-08-28,22,15.3,15.6,15.45,0.177004969570039,3.4199,0.3,0.0877,0.0194,0.9459
2026-08-06,short_below,7310.0,2026-08-28,22,14.7,15.0,14.85,0.180470657363589,3.3804,0.3,0.0887,0.0202,0.9446
2026-08-06,wing_above,7050.0,2026-08-28,22,6.4,6.6,6.5,0.218046219366621,1.7042,0.2,0.1174,0.0308,0.911
2026-08-06,wing_below,7025.0,2026-08-28,22,5.9,6.1,6.0,0.220175515428898,1.6039,0.2,0.1247,0.0333,0.9078
2026-08-06,short_above,7310.0,2026-08-28,22,14.7,15.0,14.85,0.1786012242913,3.3309,0.3,0.0901,0.0202,0.9446
2026-08-06,short_below,7300.0,2026-08-28,22,14.2,14.4,14.3,0.17995122373755,3.2442,0.2,0.0616,0.014,0.9433
2026-08-06,wing_below,7025.0,2026-08-28,22,5.9,6.1,6.0,0.220175515428898,1.6039,0.2,0.1247,0.0333,0.9078
2026-08-06,short_above,7220.0,2026-08-28,22,10.7,11.0,10.85,0.191109690478645,2.6271,0.3,0.1142,0.0276,0.933
2026-08-06,short_below,7210.0,2026-08-28,22,10.3,10.6,10.45,0.192527416173422,2.5591,0.3,0.1172,0.0287,0.9317
2026-08-06,wing_above,6925.0,2026-08-28,22,4.5,4.8,4.65,0.235234236048251,1.2699,0.3,0.2362,0.0645,0.8948
2026-08-06,wing_below,6900.0,2026-08-28,22,4.3,4.5,4.4,0.239180053634898,1.1978,0.2,0.167,0.0455,0.8916
2026-08-06,short_above,7225.0,2026-08-31,25,12.7,12.9,12.8,0.186007353812475,3.0413,0.2,0.0658,0.0156,0.9336
2026-08-06,short_below,7220.0,2026-08-31,25,12.5,12.8,12.65,0.186693776759906,3.0026,0.3,0.0999,0.0237,0.933
2026-08-06,wing_above,6920.0,2026-08-31,25,5.4,5.6,5.5,0.229332995933001,1.4867,0.2,0.1345,0.0364,0.8942
2026-08-06,wing_below,6915.0,2026-08-31,25,5.3,5.6,5.45,0.231031442854932,1.4752,0.3,0.2034,0.055,0.8936
2026-08-06,short_above,7230.0,2026-08-31,25,12.8,13.4,13.1,0.185321810470775,3.0939,0.6,0.1939,0.0458,0.9343
2026-08-06,short_below,7225.0,2026-08-31,25,12.7,12.9,12.8,0.186665122133496,3.0413,0.2,0.0658,0.0156,0.9336
2026-08-06,wing_above,6930.0,2026-08-31,25,5.6,5.8,5.7,0.227864762183889,1.5209,0.2,0.1315,0.0351,0.8955
2026-08-06,short_above,7275.0,2026-09-04,29,20.7,21.0,20.85,0.183112358948634,4.2038,0.3,0.0714,0.0144,0.94
2026-08-06,short_below,7250.0,2026-09-04,29,19.2,19.5,19.35,0.200082653780561,3.9857,0.3,0.0753,0.0155,0.9367
2026-08-06,wing_above,6975.0,2026-09-04,29,9.4,9.7,9.55,0.22367376539363,2.2457,0.3,0.1336,0.0314,0.9012
2026-08-06,wing_below,6950.0,2026-09-04,29,8.9,9.1,9.0,0.227094909159162,2.1375,0.2,0.0936,0.0222,0.898
2026-08-06,short_above,7150.0,2026-09-04,29,14.5,14.8,14.65,0.199431400459141,3.221,0.3,0.0931,0.0205,0.9238
2026-08-06,short_below,7125.0,2026-09-04,29,13.6,13.8,13.7,0.202795901475414,3.0554,0.2,0.0655,0.0146,0.9206
2026-08-06,wing_above,6850.0,2026-09-04,29,7.1,7.4,7.25,0.241560649332252,1.7654,0.3,0.1699,0.0414,0.8851
2026-08-06,wing_below,6800.0,2026-09-04,29,6.5,6.7,6.6,0.248931078930723,1.6105,0.2,0.1242,0.0303,0.8786
2026-08-06,short_above,7125.0,2026-09-04,29,13.6,13.8,13.7,0.20333947341472,3.0554,0.2,0.0655,0.0146,0.9206
2026-08-06,short_below,7100.0,2026-09-04,29,12.7,13.0,12.85,0.206186303760919,2.8992,0.3,0.1035,0.0233,0.9174
2026-08-06,wing_above,6850.0,2026-09-04,29,7.1,7.4,7.25,0.242104046707281,1.7654,0.3,0.1699,0.0414,0.8851
2026-08-06,short_above,7200.0,2026-09-11,36,22.8,23.1,22.95,0.189576401325794,4.5226,0.3,0.0663,0.0131,0.9303
2026-08-06,short_below,7150.0,2026-09-11,36,20.1,20.4,20.25,0.195813756315431,4.1206,0.3,0.0728,0.0148,0.9238
2026-08-06,wing_above,6850.0,2026-09-11,36,10.5,10.8,10.65,0.234841751255647,2.4116,0.3,0.1244,0.0282,0.8851
2026-08-06,wing_below,6800.0,2026-09-11,36,9.6,9.9,9.75,0.241595865486455,2.2171,0.3,0.1353,0.0308,0.8786
2026-08-06,short_above,7125.0,2026-09-11,36,19.0,19.3,19.15,0.198961415927366,3.9348,0.3,0.0762,0.0157,0.9206
2026-08-06,short_below,7100.0,2026-09-11,36,17.9,18.2,18.05,0.202128271047605,3.7579,0.3,0.0798,0.0166,0.9174
2026-08-06,wing_below,6750.0,2026-09-11,36,8.8,9.0,8.9,0.248407462580593,2.0415,0.2,0.098,0.0225,0.8721
2026-08-06,short_above,7150.0,2026-09-11,36,20.2,20.5,20.35,0.195854772027962,4.1206,0.3,0.0728,0.0147,0.9238
2026-08-06,short_below,7125.0,2026-09-11,36,19.0,19.3,19.15,0.201021867319898,3.9348,0.3,0.0762,0.0157,0.9206
2026-08-06,wing_above,6850.0,2026-09-11,36,10.5,10.8,10.65,0.236962647244469,2.4116,0.3,0.1244,0.0282,0.8851
2026-08-06,short_above,7500.0,2026-09-14,39,55.7,56.2,55.95,0.151683242381979,8.0456,0.5,0.0621,0.0089,0.969
2026-08-06,short_below,7450.0,2026-09-14,39,48.0,48.5,48.25,0.157033931219421,7.4414,0.5,0.0672,0.0104,0.9626
2026-08-06,wing_above,7200.0,2026-09-14,39,24.5,24.9,24.7,0.186097248893421,4.8428,0.4,0.0826,0.0162,0.9303
2026-08-06,wing_below,7175.0,2026-09-14,39,23.1,23.5,23.3,0.189134975443852,4.6316,0.4,0.0864,0.0172,0.9271
2026-08-06,short_above,7555.0,2026-09-18,43,76.0,76.4,76.2,0.151270883944454,9.2802,0.4,0.0431,0.0052,0.9762
2026-08-06,short_below,7550.0,2026-09-18,43,75.0,75.4,75.2,0.151762650011982,9.2132,0.4,0.0434,0.0053,0.9755
2026-08-06,wing_above,7280.0,2026-09-18,43,37.3,37.6,37.45,0.181554056554872,6.2845,0.3,0.0477,0.008,0.9406
2026-08-06,wing_below,7275.0,2026-09-18,43,36.8,37.2,37.0,0.182143953093409,6.2358,0.4,0.0641,0.0108,0.94
2026-08-06,short_above,7125.0,2026-08-07,1,0.1,0.2,0.15,0.38957522213474,0.039,0.1,2.5638,0.6667,0.9207
2026-08-06,short_below,7100.0,2026-08-07,1,0.1,0.15,0.125,0.40415083950444,0.0359,0.05,1.3919,0.4,0.9175
2026-08-06,wing_above,6925.0,2026-08-07,1,0.05,0.15,0.1,0.4982482333062,0.0227,0.1,4.4036,1.0,0.8949
2026-08-06,wing_below,6900.0,2026-08-07,1,0.05,0.1,0.075,0.514665952284341,0.0216,0.05,2.3112,0.6667,0.8916
2026-08-06,short_above,7275.0,2026-08-21,15,5.3,5.6,5.45,0.178445462922813,1.627,0.3,0.1844,0.055,0.9401
2026-08-06,wing_above,7075.0,2026-08-21,15,2.5,2.6,2.55,0.212513726581256,0.8452,0.1,0.1183,0.0392,0.9142
2026-08-06,wing_below,7070.0,2026-08-21,15,2.45,2.55,2.5,0.213413866433727,0.8289,0.1,0.1206,0.04,0.9136
2026-08-06,short_above,7295.0,2026-08-21,15,5.9,6.1,6.0,0.176296472943328,1.7525,0.2,0.1141,0.0333,0.9427
2026-08-06,short_below,7280.0,2026-08-21,15,5.5,5.7,5.6,0.177678892669496,1.6573,0.2,0.1207,0.0357,0.9407
2026-08-06,wing_above,7090.0,2026-08-21,15,2.65,2.75,2.7,0.209819140407366,0.8825,0.1,0.1133,0.037,0.9162
2026-08-06,wing_below,7085.0,2026-08-21,15,2.6,2.7,2.65,0.21157733590466,0.8687,0.1,0.1151,0.0377,0.9155
2026-08-06,short_above,7225.0,2026-08-21,15,4.4,4.5,4.45,0.187322418726906,1.386,0.1,0.0722,0.0225,0.9337
2026-08-06,short_below,7220.0,2026-08-21,15,4.3,4.5,4.4,0.18815031211872,1.3624,0.2,0.1468,0.0455,0.9331
2026-08-06,wing_above,7020.0,2026-08-21,15,2.1,2.2,2.15,0.223271726484147,0.7328,0.1,0.1365,0.0465,0.9072
2026-08-06,wing_below,7010.0,2026-08-21,15,2.0,2.15,2.075,0.225080786663707,0.7135,0.15,0.2102,0.0723,0.9059
2026-08-06,short_above,7280.0,2026-08-21,15,5.5,5.8,5.65,0.17824955348182,1.6573,0.3,0.181,0.0531,0.9408
2026-08-06,wing_above,6985.0,2026-08-21,15,1.85,2.0,1.925,0.229611359651497,0.6509,0.15,0.2304,0.0779,0.9027
2026-08-06,wing_below,6980.0,2026-08-21,15,1.85,1.95,1.9,0.230518715526499,0.6415,0.1,0.1559,0.0526,0.9021
2026-08-06,short_above,7330.0,2026-08-21,15,7.0,7.3,7.15,0.171030741040277,2.0284,0.3,0.1479,0.042,0.9473
2026-08-06,short_below,7325.0,2026-08-21,15,6.8,7.1,6.95,0.171755768075631,1.9905,0.3,0.1507,0.0432,0.9466
2026-08-06,wing_above,7065.0,2026-08-21,15,2.4,2.55,2.475,0.224881892072769,0.8194,0.15,0.1831,0.0606,0.913
2026-08-06,wing_below,7060.0,2026-08-21,15,2.35,2.5,2.425,0.216059005692185,0.8075,0.15,0.1858,0.0619,0.9124
2026-08-06,short_above,7320.0,2026-08-28,22,15.4,15.7,15.55,0.177314162750271,3.4223,0.3,0.0877,0.0193,0.946
2026-08-06,short_below,7310.0,2026-08-28,22,14.8,15.1,14.95,0.1786012242913,3.3309,0.3,0.0901,0.0201,0.9447
2026-08-06,wing_above,7050.0,2026-08-28,22,6.3,6.6,6.45,0.215680380000077,1.696,0.3,0.1769,0.0465,0.9111
2026-08-06,wing_below,7025.0,2026-08-28,22,5.9,6.2,6.05,0.220175515428898,1.6039,0.3,0.187,0.0496,0.9079
2026-08-06,short_above,7290.0,2026-08-28,22,13.8,14.2,14.0,0.181400623561423,3.1608,0.4,0.1265,0.0286,0.9421
2026-08-06,short_below,7280.0,2026-08-28,22,13.3,13.6,13.45,0.18277211838472,3.078,0.3,0.0975,0.0223,0.9408
2026-08-06,wing_above,7000.0,2026-08-28,22,5.5,5.8,5.65,0.222923094958992,1.5016,0.3,0.1998,0.0531,0.9046
2026-08-06,wing_below,6990.0,2026-08-28,22,5.4,5.6,5.5,0.224740120062391,1.4811,0.2,0.135,0.0364,0.9034
2026-08-06,short_above,7320.0,2026-08-28,22,15.4,15.7,15.55,0.177004969570039,3.4223,0.3,0.0877,0.0193,0.946
2026-08-06,short_below,7310.0,2026-08-28,22,14.8,15.2,15.0,0.1786012242913,3.3329,0.4,0.12,0.0267,0.9447
2026-08-06,short_above,7310.0,2026-08-28,22,14.9,15.2,15.05,0.178671613770758,3.3632,0.3,0.0892,0.0199,0.9447
2026-08-06,short_below,7300.0,2026-08-28,22,14.3,14.6,14.45,0.180033780818253,3.2755,0.3,0.0916,0.0208,0.9434
2026-08-06,wing_below,7025.0,2026-08-28,22,5.9,6.1,6.0,0.219429981792034,1.6114,0.2,0.1241,0.0333,0.9079
2026-08-06,short_above,7220.0,2026-08-28,22,10.7,11.0,10.85,0.191099154703056,2.6508,0.3,0.1132,0.0276,0.9331
2026-08-06,short_below,7210.0,2026-08-28,22,10.4,10.7,10.55,0.192503619830494,2.5819,0.3,0.1162,0.0284,0.9321
2026-08-06,wing_above,6925.0,2026-08-28,22,4.5,4.8,4.65,0.234273684154452,1.2731,0.3,0.2357,0.0645,0.8952
2026-08-06,wing_below,6900.0,2026-08-28,22,4.3,4.5,4.4,0.239500161406792,1.2032,0.2,0.1662,0.0455,0.892
2026-08-06,short_above,7225.0,2026-08-31,25,12.8,13.1,12.95,0.185573733196303,3.0742,0.3,0.0976,0.0232,0.934
2026-08-06,wing_above,6920.0,2026-08-31,25,5.4,5.6,5.5,0.228370717389806,1.4846,0.2,0.1347,0.0364,0.8946
2026-08-06,wing_below,6915.0,2026-08-31,25,5.3,5.6,5.45,0.229104406874177,1.478,0.3,0.203,0.055,0.8939
2026-08-06,short_above,7230.0,2026-08-31,25,12.9,13.4,13.15,0.184902029451511,3.1079,0.5,0.1609,0.038,0.9347
2026-08-06,wing_above,6930.0,2026-08-31,25,5.6,5.8,5.7,0.226906255006477,1.5261,0.2,0.131,0.0351,0.8959
2026-08-06,short_above,7275.0,2026-09-04,29,21.1,21.4,21.25,0.183230012337074,4.2316,0.3,0.0709,0.0141,0.9405
2026-08-06,short_below,7250.0,2026-09-04,29,19.6,19.9,19.75,0.186070688421234,4.0111,0.3,0.0748,0.0152,0.9372
2026-08-06,wing_above,6975.0,2026-09-04,29,9.5,9.8,9.65,0.22320324158672,2.2529,0.3,0.1332,0.0311,0.9017
2026-08-06,wing_below,6950.0,2026-09-04,29,8.9,9.2,9.05,0.226570684782738,2.1437,0.3,0.1399,0.0331,0.8985
2026-08-06,short_above,7150.0,2026-09-04,29,14.8,15.1,14.95,0.199172591100532,3.2662,0.3,0.0919,0.0201,0.9243
2026-08-06,short_below,7125.0,2026-09-04,29,13.8,14.0,13.9,0.202506433051205,3.0973,0.2,0.0646,0.0144,0.9211
2026-08-06,wing_above,6850.0,2026-09-04,29,7.2,7.5,7.35,0.24089168046741,1.7794,0.3,0.1686,0.0408,0.8855
2026-08-06,wing_below,6800.0,2026-09-04,29,6.5,6.8,6.65,0.248183597120591,1.6208,0.3,0.1851,0.0451,0.8791
2026-08-06,short_above,7125.0,2026-09-04,29,13.8,14.1,13.95,0.202506433051205,3.0973,0.3,0.0969,0.0215,0.9211
2026-08-06,short_below,7100.0,2026-09-04,29,12.9,13.2,13.05,0.205865169272797,2.938,0.3,0.1021,0.023,0.9178
2026-08-06,wing_above,6850.0,2026-09-04,29,7.2,7.5,7.35,0.242104046707281,1.7794,0.3,0.1686,0.0408,0.8855
2026-08-06,short_above,7200.0,2026-09-11,36,23.2,23.6,23.4,0.189200085770336,4.5794,0.4,0.0873,0.0171,0.9308
2026-08-06,short_below,7150.0,2026-09-11,36,20.5,20.9,20.7,0.195422529316012,4.1747,0.4,0.0958,0.0193,0.9243
2026-08-06,wing_above,6850.0,2026-09-11,36,10.7,11.0,10.85,0.2342779138522,2.4375,0.3,0.1231,0.0276,0.8855
2026-08-06,wing_below,6800.0,2026-09-11,36,9.7,9.9,9.8,0.241366406471193,2.2393,0.2,0.0893,0.0204,0.8791
2026-08-06,short_above,7125.0,2026-09-11,36,19.3,19.7,19.5,0.198992599305509,3.9862,0.4,0.1003,0.0205,0.9211
2026-08-06,short_below,7100.0,2026-09-11,36,18.2,18.5,18.35,0.208514977664092,3.8068,0.3,0.0788,0.0163,0.9178
2026-08-06,wing_above,6800.0,2026-09-11,36,9.7,9.9,9.8,0.241366406471193,2.2393,0.2,0.0893,0.0204,0.8791
2026-08-06,wing_below,6750.0,2026-09-11,36,8.9,9.2,9.05,0.248112986148306,2.0605,0.3,0.1456,0.0331,0.8726
2026-08-06,short_above,7150.0,2026-09-11,36,20.6,21.0,20.8,0.195854772027962,4.1747,0.4,0.0958,0.0192,0.9246
2026-08-06,short_above,7500.0,2026-09-14,39,57.0,57.6,57.3,0.151721528240545,8.1199,0.6,0.0739,0.0105,0.9698
2026-08-06,short_below,7450.0,2026-09-14,39,49.0,49.7,49.35,0.157050470492552,7.523,0.7,0.093,0.0142,0.9634
2026-08-06,wing_above,7200.0,2026-09-14,39,25.1,25.4,25.25,0.185868312270654,4.899,0.3,0.0612,0.0119,0.931
2026-08-06,wing_below,7175.0,2026-09-14,39,23.5,23.9,23.7,0.189187707494026,4.6875,0.4,0.0853,0.0169,0.9278
2026-08-06,short_above,7555.0,2026-09-18,43,77.8,78.2,78.0,0.151373050148878,9.3327,0.4,0.0429,0.0051,0.9769
2026-08-06,short_below,7550.0,2026-09-18,43,76.7,77.2,76.95,0.151859996724646,9.2802,0.5,0.0539,0.0065,0.9763
2026-08-06,wing_above,7280.0,2026-09-18,43,38.0,38.4,38.2,0.18142815623404,6.3551,0.4,0.0629,0.0105,0.9414
2026-08-06,wing_below,7275.0,2026-09-18,43,37.6,37.9,37.75,0.182014476107399,6.3059,0.3,0.0476,0.0079,0.9407
2026-08-06,short_above,7275.0,2026-08-21,15,6.0,6.3,6.15,0.180330807882722,1.7354,0.3,0.1729,0.0488,0.9414
2026-08-06,short_below,7270.0,2026-08-21,15,5.9,6.2,6.05,0.18112386825609,1.7049,0.3,0.176,0.0496,0.9408
2026-08-06,wing_above,7075.0,2026-08-21,15,2.75,2.95,2.85,0.214760488668306,0.9087,0.2,0.2201,0.0702,0.9155
2026-08-06,wing_below,7070.0,2026-08-21,15,2.7,2.9,2.8,0.215653722945496,0.8953,0.2,0.2234,0.0714,0.9149
2026-08-06,short_above,7295.0,2026-08-21,15,6.7,6.9,6.8,0.177221153030953,1.8647,0.2,0.1073,0.0294,0.944
2026-08-06,short_below,7280.0,2026-08-21,15,6.2,6.5,6.35,0.179543882544868,1.7666,0.3,0.1698,0.0472,0.942
2026-08-06,wing_above,7090.0,2026-08-21,15,2.9,3.1,3.0,0.212084413688891,0.9527,0.2,0.2099,0.0667,0.9175
2026-08-06,wing_below,7085.0,2026-08-21,15,2.85,3.0,2.925,0.212975819258362,0.9351,0.15,0.1604,0.0513,0.9168
2026-08-06,short_above,7225.0,2026-08-21,15,4.9,5.1,5.0,0.188507022139963,1.4599,0.2,0.137,0.04,0.9349
2026-08-06,short_below,7220.0,2026-08-21,15,4.8,5.0,4.9,0.189350471448924,1.4356,0.2,0.1393,0.0408,0.9343
2026-08-06,wing_above,7020.0,2026-08-21,15,2.3,2.45,2.375,0.224618214253673,0.773,0.15,0.194,0.0632,0.9084
2026-08-06,wing_below,7010.0,2026-08-21,15,2.25,2.35,2.3,0.226418010237932,0.7554,0.1,0.1324,0.0435,0.9071
2026-08-06,short_above,7280.0,2026-08-21,15,6.2,6.5,6.35,0.18015091252052,1.7666,0.3,0.1698,0.0472,0.942
2026-08-06,wing_above,6985.0,2026-08-21,15,2.05,2.2,2.125,0.230926403472884,0.7007,0.15,0.2141,0.0706,0.9039
2026-08-06,wing_below,6980.0,2026-08-21,15,2.0,2.15,2.075,0.231470696605491,0.6916,0.15,0.2169,0.0723,0.9031
2026-08-06,short_above,7330.0,2026-08-21,15,7.8,8.1,7.95,0.171866848193519,2.1211,0.3,0.1414,0.0377,0.9484
2026-08-06,short_below,7325.0,2026-08-21,15,7.6,7.9,7.75,0.173156022863866,2.082,0.3,0.1441,0.0387,0.9477
2026-08-06,wing_above,7065.0,2026-08-21,15,2.65,2.8,2.725,0.224881892072769,0.8837,0.15,0.1697,0.055,0.9141
2026-08-06,wing_below,7060.0,2026-08-21,15,2.6,2.75,2.675,0.217113315636902,0.8577,0.15,0.1749,0.0561,0.9135
2026-08-06,short_above,7320.0,2026-08-28,22,16.7,17.1,16.9,0.179049863926881,3.5055,0.4,0.1141,0.0237,0.9471
2026-08-06,wing_above,7050.0,2026-08-28,22,6.9,7.2,7.05,0.215584351166743,1.7529,0.3,0.1711,0.0426,0.9122
2026-08-06,wing_below,7025.0,2026-08-28,22,6.4,6.7,6.55,0.220175515428898,1.6114,0.3,0.1862,0.0458,0.9089
2026-08-06,short_above,7290.0,2026-08-28,22,14.9,15.3,15.1,0.183147366425984,3.2423,0.4,0.1234,0.0265,0.9432
2026-08-06,short_below,7280.0,2026-08-28,22,14.4,14.8,14.6,0.184521605959814,3.1588,0.4,0.1266,0.0274,0.9419
2026-08-06,wing_above,7000.0,2026-08-28,22,6.0,6.3,6.15,0.224898601099046,1.5526,0.3,0.1932,0.0488,0.9057
2026-08-06,wing_below,6990.0,2026-08-28,22,5.8,6.1,5.95,0.226411932165561,1.516,0.3,0.1979,0.0504,0.9044
2026-08-06,short_above,7320.0,2026-08-28,22,16.7,17.1,16.9,0.177004969570039,3.5055,0.4,0.1141,0.0237,0.9471
2026-08-06,wing_above,7050.0,2026-08-28,22,6.9,7.2,7.05,0.215584351166743,1.7529,0.3,0.1711,0.0426,0.9122
2026-08-06,wing_below,7025.0,2026-08-28,22,6.4,6.7,6.55,0.22113653161354,1.649,0.3,0.1819,0.0458,0.9089
2026-08-06,short_below,7300.0,2026-08-28,22,15.5,15.8,15.65,0.181777344234507,3.3279,0.3,0.0901,0.0192,0.9445
2026-08-06,wing_below,7025.0,2026-08-28,22,6.4,6.7,6.55,0.220175515428898,1.649,0.3,0.1819,0.0458,0.9089
2026-08-06,short_above,7220.0,2026-08-28,22,11.6,12.0,11.8,0.192858125124206,2.701,0.4,0.1481,0.0339,0.9342
2026-08-06,short_below,7210.0,2026-08-28,22,11.2,11.6,11.4,0.194263245398515,2.6316,0.4,0.152,0.0351,0.9329
2026-08-06,wing_above,6925.0,2026-08-28,22,4.9,5.2,5.05,0.236424525809771,1.3026,0.3,0.2303,0.0594,0.896
2026-08-06,wing_below,6900.0,2026-08-28,22,4.6,4.9,4.75,0.240330630532285,1.2306,0.3,0.2438,0.0632,0.8925
2026-08-06,short_above,7225.0,2026-08-31,25,13.9,14.2,14.05,0.187726281688678,3.0857,0.3,0.0972,0.0214,0.9346
2026-08-06,short_below,7220.0,2026-08-31,25,13.6,14.0,13.8,0.188400846980014,3.0369,0.4,0.1317,0.029,0.9339
2026-08-06,wing_above,6920.0,2026-08-31,25,5.9,6.1,6.0,0.230573357342797,1.5066,0.2,0.1327,0.0333,0.8951
2026-08-06,wing_below,6915.0,2026-08-31,25,5.8,6.0,5.9,0.231306247038482,1.4881,0.2,0.1344,0.0339,0.8945
2026-08-06,short_above,7230.0,2026-08-31,25,14.1,14.4,14.25,0.187052498546684,3.1146,0.3,0.0963,0.0211,0.9352
2026-08-06,wing_above,6930.0,2026-08-31,25,6.0,6.3,6.15,0.22805129059458,1.5402,0.3,0.1948,0.0488,0.8964
2026-08-06,wing_below,6920.0,2026-08-31,25,5.9,6.1,6.0,0.230256621215285,1.5066,0.2,0.1327,0.0333,0.8951
2026-08-06,short_above,7275.0,2026-09-04,29,22.5,22.9,22.7,0.183230012337074,4.2649,0.4,0.0938,0.0176,0.941
2026-08-06,short_below,7250.0,2026-09-04,29,20.9,21.3,21.1,0.187911191047636,4.0459,0.4,0.0989,0.019,0.9378
2026-08-06,wing_above,6975.0,2026-09-04,29,10.1,10.5,10.3,0.225084144658296,2.2876,0.4,0.1749,0.0388,0.9022
2026-08-06,wing_below,6950.0,2026-09-04,29,9.6,9.9,9.75,0.228621337135947,2.1776,0.3,0.1378,0.0308,0.899
2026-08-06,short_below,7125.0,2026-09-04,29,14.8,15.1,14.95,0.204428122974761,3.1081,0.3,0.0965,0.0201,0.9216
2026-08-06,wing_above,6850.0,2026-09-04,29,7.7,8.0,7.85,0.24301931550581,1.7984,0.3,0.1668,0.0382,0.8861
2026-08-06,wing_below,6800.0,2026-09-04,29,7.0,7.3,7.15,0.250347338019115,1.64,0.3,0.1829,0.042,0.8796
2026-08-06,short_above,7125.0,2026-09-04,29,14.8,15.1,14.95,0.20333947341472,3.1081,0.3,0.0965,0.0201,0.9216
2026-08-06,short_below,7100.0,2026-09-04,29,13.8,14.1,13.95,0.207803990418376,2.9502,0.3,0.1017,0.0215,0.9184
2026-08-06,wing_below,6800.0,2026-09-04,29,7.0,7.3,7.15,0.248512971826282,1.64,0.3,0.1829,0.042,0.8797
2026-08-06,short_above,7200.0,2026-09-11,36,24.7,25.1,24.9,0.191552370723055,4.5774,0.4,0.0874,0.0161,0.9314
2026-08-06,short_below,7150.0,2026-09-11,36,21.8,22.2,22.0,0.197839890406552,4.1904,0.4,0.0955,0.0182,0.925
2026-08-06,wing_above,6850.0,2026-09-11,36,11.4,11.7,11.55,0.236499530378104,2.4559,0.3,0.1222,0.026,0.8862
2026-08-06,wing_below,6800.0,2026-09-11,36,10.3,10.7,10.5,0.243154750420277,2.2563,0.4,0.1773,0.0381,0.8797
2026-08-06,short_above,7125.0,2026-09-11,36,20.5,20.9,20.7,0.201103934210407,4.0041,0.4,0.0999,0.0193,0.9217
2026-08-06,short_below,7100.0,2026-09-11,36,19.3,19.7,19.5,0.204162178021457,3.8262,0.4,0.1045,0.0205,0.9185
2026-08-06,wing_above,6800.0,2026-09-11,36,10.3,10.7,10.5,0.241366406471193,2.2563,0.4,0.1773,0.0381,0.8797
2026-08-06,wing_below,6750.0,2026-09-11,36,9.4,9.7,9.55,0.249870943794722,2.0761,0.3,0.1445,0.0314,0.8732
2026-08-06,short_above,7150.0,2026-09-11,36,21.7,22.1,21.9,0.197831253191964,4.1904,0.4,0.0955,0.0183,0.925
2026-08-06,short_below,7125.0,2026-09-11,36,20.5,20.8,20.65,0.201103934210407,4.0041,0.3,0.0749,0.0145,0.9217
2026-08-06,wing_above,6850.0,2026-09-11,36,11.3,11.7,11.5,0.237052625837306,2.4559,0.4,0.1629,0.0348,0.8862
2026-08-06,wing_below,6800.0,2026-09-11,36,10.3,10.7,10.5,0.241366406471193,2.2563,0.4,0.1773,0.0381,0.8797
2026-08-06,short_above,7500.0,2026-09-14,39,59.0,59.7,59.35,0.152935213875901,8.0215,0.7,0.0873,0.0118,0.9702
2026-08-06,short_below,7450.0,2026-09-14,39,51.0,51.6,51.3,0.158374353284079,7.428,0.6,0.0808,0.0117,0.9638
2026-08-06,wing_above,7200.0,2026-09-14,39,26.2,26.8,26.5,0.187770821628455,4.8455,0.6,0.1238,0.0226,0.9314
2026-08-06,wing_below,7175.0,2026-09-14,39,24.7,25.2,24.95,0.19081129434035,4.6316,0.5,0.108,0.02,0.9282
2026-08-06,short_above,7555.0,2026-09-18,43,79.7,80.3,80.0,0.152485072166795,9.2393,0.6,0.0649,0.0075,0.9774
2026-08-06,short_below,7550.0,2026-09-18,43,78.6,79.2,78.9,0.152986562348706,9.1962,0.6,0.0652,0.0076,0.9767
2026-08-06,wing_above,7280.0,2026-09-18,43,39.5,39.9,39.7,0.18338793244671,6.3009,0.4,0.0635,0.0101,0.9418
2026-08-06,wing_below,7275.0,2026-09-18,43,39.0,39.5,39.25,0.183984244212059,6.2527,0.5,0.08,0.0127,0.9409
2026-08-06,short_below,7280.0,2026-08-21,15,5.6,5.9,5.75,0.182176034480319,1.702,0.3,0.1763,0.0522,0.9413
2026-08-06,wing_above,7090.0,2026-08-21,15,2.75,2.85,2.8,0.216215542627011,0.906,0.1,0.1104,0.0357,0.9167
2026-08-06,wing_below,7085.0,2026-08-21,15,2.7,2.8,2.75,0.217152748490522,0.8991,0.1,0.1112,0.0364,0.9161
2026-08-06,short_above,7225.0,2026-08-21,15,4.4,4.7,4.55,0.191507334193061,1.4067,0.3,0.2133,0.0659,0.9342
2026-08-06,short_below,7220.0,2026-08-21,15,4.3,4.6,4.45,0.192384347057703,1.3834,0.3,0.2169,0.0674,0.9335
2026-08-06,wing_above,7020.0,2026-08-21,15,2.15,2.3,2.225,0.229364341516554,0.7553,0.15,0.1986,0.0674,0.9077
2026-08-06,wing_below,7010.0,2026-08-21,15,2.1,2.25,2.175,0.231244446710493,0.7218,0.15,0.2078,0.069,0.9064
2026-08-06,short_below,7275.0,2026-08-21,15,5.5,5.7,5.6,0.183000297027976,1.6434,0.2,0.1217,0.0357,0.9406
2026-08-06,wing_above,6985.0,2026-08-21,15,1.95,2.1,2.025,0.235943705344668,0.6723,0.15,0.2231,0.0741,0.9032
2026-08-06,wing_below,6980.0,2026-08-21,15,1.95,2.1,2.025,0.236513325474666,0.6646,0.15,0.2257,0.0741,0.9025
2026-08-06,short_below,7325.0,2026-08-21,15,6.9,7.2,7.05,0.17489623951126,1.9706,0.3,0.1522,0.0426,0.9471
2026-08-06,wing_above,7065.0,2026-08-21,15,2.5,2.65,2.575,0.220561514362016,0.8449,0.15,0.1775,0.0583,0.9135
2026-08-06,wing_below,7060.0,2026-08-21,15,2.45,2.6,2.525,0.221496958005708,0.8308,0.15,0.1805,0.0594,0.9129
2026-08-06,short_above,7320.0,2026-08-28,22,15.4,15.8,15.6,0.179208837471182,3.3995,0.4,0.1177,0.0256,0.9465
2026-08-06,short_below,7310.0,2026-08-28,22,14.8,15.2,15.0,0.180611580374899,3.3113,0.4,0.1208,0.0267,0.9452
2026-08-06,wing_above,7050.0,2026-08-28,22,6.4,6.6,6.5,0.218832094340211,1.6946,0.2,0.118,0.0308,0.9116
2026-08-06,wing_below,7025.0,2026-08-28,22,6.0,6.2,6.1,0.222681202726047,1.5943,0.2,0.1254,0.0328,0.9084
2026-08-06,short_above,7290.0,2026-08-28,22,13.8,14.2,14.0,0.183432052301458,3.1416,0.4,0.1273,0.0286,0.9426
2026-08-06,short_below,7280.0,2026-08-28,22,13.4,13.7,13.55,0.184849733157708,3.06,0.3,0.098,0.0221,0.9413
2026-08-06,wing_above,7000.0,2026-08-28,22,5.6,5.8,5.7,0.226828371319653,1.5011,0.2,0.1332,0.0351,0.9051
2026-08-06,wing_below,6990.0,2026-08-28,22,5.5,5.7,5.6,0.228115650048048,1.4683,0.2,0.1362,0.0357,0.9038
2026-08-06,short_above,7320.0,2026-08-28,22,15.6,16.0,15.8,0.179710747955057,3.3995,0.4,0.1177,0.0253,0.9465
2026-08-06,wing_above,7050.0,2026-08-28,22,6.5,6.7,6.6,0.219171224031538,1.6946,0.2,0.118,0.0303,0.9116
2026-08-06,wing_below,7025.0,2026-08-28,22,6.0,6.3,6.15,0.222933056982476,1.5943,0.3,0.1882,0.0488,0.9084
2026-08-06,short_below,7300.0,2026-08-28,22,14.5,14.8,14.65,0.182019328673259,3.2308,0.3,0.0929,0.0205,0.9439
2026-08-06,wing_above,7050.0,2026-08-28,22,6.5,6.7,6.6,0.219171224031538,1.6946,0.2,0.118,0.0303,0.9116
2026-08-06,wing_below,7025.0,2026-08-28,22,6.0,6.3,6.15,0.222933056982476,1.5965,0.3,0.1879,0.0488,0.9084
2026-08-06,short_above,7220.0,2026-08-28,22,10.8,11.2,11.0,0.193459898512522,2.617,0.4,0.1528,0.0364,0.9336
2026-08-06,short_below,7210.0,2026-08-28,22,10.5,10.7,10.6,0.194912361391188,2.5494,0.2,0.0785,0.0189,0.9323
2026-08-06,wing_above,6925.0,2026-08-28,22,4.6,4.8,4.7,0.238334956942659,1.267,0.2,0.1579,0.0426,0.8954
2026-08-06,wing_below,6900.0,2026-08-28,22,4.3,4.5,4.4,0.24230367362997,1.1917,0.2,0.1678,0.0455,0.8922
2026-08-06,short_above,7225.0,2026-08-31,25,12.8,13.0,12.9,0.18734745212899,3.0431,0.2,0.0657,0.0155,0.9342
2026-08-06,short_below,7220.0,2026-08-31,25,12.6,12.9,12.75,0.188036290875726,3.0059,0.3,0.0998,0.0235,0.9335
2026-08-06,wing_above,6920.0,2026-08-31,25,5.4,5.6,5.5,0.231491010628898,1.4818,0.2,0.135,0.0364,0.8947
2026-08-06,wing_below,6915.0,2026-08-31,25,5.4,5.6,5.5,0.232251775954442,1.4736,0.2,0.1357,0.0364,0.8941
2026-08-06,short_above,7230.0,2026-08-31,25,12.9,13.3,13.1,0.186659431209105,3.0808,0.4,0.1298,0.0305,0.9348
2026-08-06,short_below,7225.0,2026-08-31,25,12.7,12.9,12.8,0.188391182293926,3.0431,0.2,0.0657,0.0156,0.9342
2026-08-06,wing_above,6930.0,2026-08-31,25,5.5,5.7,5.6,0.229972226824932,1.515,0.2,0.132,0.0357,0.896
2026-08-06,wing_below,6920.0,2026-08-31,25,5.4,5.6,5.5,0.231885105483507,1.4818,0.2,0.135,0.0364,0.8947
2026-08-06,short_above,7275.0,2026-09-04,29,20.9,21.1,21.0,0.184363458403043,4.2118,0.2,0.0475,0.0095,0.9406
2026-08-06,short_below,7250.0,2026-09-04,29,19.4,19.6,19.5,0.187675446391491,3.9943,0.2,0.0501,0.0103,0.9374
2026-08-06,wing_above,6975.0,2026-09-04,29,9.4,9.7,9.55,0.225552230809039,2.2493,0.3,0.1334,0.0314,0.9018
2026-08-06,wing_below,6950.0,2026-09-04,29,8.9,9.2,9.05,0.229137281440943,2.1399,0.3,0.1402,0.0331,0.8986
2026-08-06,short_above,7150.0,2026-09-04,29,14.6,14.9,14.75,0.201130909140034,3.198,0.3,0.0938,0.0203,0.9245
2026-08-06,short_below,7125.0,2026-09-04,29,13.7,13.9,13.8,0.204548626508282,3.033,0.2,0.0659,0.0145,0.9212
2026-08-06,wing_above,6850.0,2026-09-04,29,7.1,7.4,7.25,0.243697734077611,1.7452,0.3,0.1719,0.0414,0.8857
2026-08-06,wing_below,6800.0,2026-09-04,29,6.4,6.7,6.55,0.251091564153449,1.5897,0.3,0.1887,0.0458,0.8792
2026-08-06,short_above,7125.0,2026-09-04,29,13.6,13.9,13.75,0.205997256185493,3.033,0.3,0.0989,0.0218,0.9212
2026-08-06,short_below,7100.0,2026-09-04,29,12.7,13.0,12.85,0.209231377919699,2.8775,0.3,0.1043,0.0233,0.918
2026-08-06,wing_below,6800.0,2026-09-04,29,6.4,6.7,6.55,0.252251508458452,1.5897,0.3,0.1887,0.0458,0.8792
2026-08-06,short_above,7200.0,2026-09-11,36,22.8,23.1,22.95,0.190624698313091,4.5056,0.3,0.0666,0.0131,0.9309
2026-08-06,short_below,7150.0,2026-09-11,36,20.2,20.5,20.35,0.198804144578398,4.1084,0.3,0.073,0.0147,0.9245
2026-08-06,wing_above,6850.0,2026-09-11,36,10.6,10.9,10.75,0.236795908215563,2.4094,0.3,0.1245,0.0279,0.8857
2026-08-06,wing_below,6800.0,2026-09-11,36,9.6,9.9,9.75,0.243650557869888,2.2152,0.3,0.1354,0.0308,0.8792
2026-08-06,short_above,7125.0,2026-09-11,36,19.1,19.4,19.25,0.200206524653963,3.9237,0.3,0.0765,0.0156,0.9212
2026-08-06,short_below,7100.0,2026-09-11,36,18.0,18.3,18.15,0.203439930594949,3.7479,0.3,0.08,0.0165,0.918
2026-08-06,wing_below,6750.0,2026-09-11,36,8.8,9.1,8.95,0.250539542875642,2.0395,0.3,0.1471,0.0335,0.8727
2026-08-06,short_above,7150.0,2026-09-11,36,20.3,20.6,20.45,0.198804144578398,4.1084,0.3,0.073,0.0147,0.9245
2026-08-06,short_below,7125.0,2026-09-11,36,19.2,19.4,19.3,0.201907587599628,3.9237,0.2,0.051,0.0104,0.9212
2026-08-06,wing_above,6850.0,2026-09-11,36,10.6,10.9,10.75,0.238202614652158,2.4094,0.3,0.1245,0.0279,0.8857
2026-08-06,wing_below,6800.0,2026-09-11,36,9.6,10.0,9.8,0.243650557869888,2.2152,0.4,0.1806,0.0408,0.8792
2026-08-06,short_above,7500.0,2026-09-14,39,56.4,56.9,56.65,0.152285709999455,8.0347,0.5,0.0622,0.0088,0.9697
2026-08-06,short_below,7450.0,2026-09-14,39,48.7,49.2,48.95,0.157844970897317,7.4281,0.5,0.0673,0.0102,0.9632
2026-08-06,wing_above,7200.0,2026-09-14,39,24.8,25.3,25.05,0.18766165820229,4.8415,0.5,0.1033,0.02,0.9309
2026-08-06,wing_below,7175.0,2026-09-14,39,23.4,23.8,23.6,0.190734671467292,4.6127,0.4,0.0867,0.0169,0.9277
2026-08-06,short_above,7555.0,2026-09-18,43,77.1,77.6,77.35,0.151494504031312,9.2528,0.5,0.054,0.0065,0.9768
2026-08-06,short_below,7550.0,2026-09-18,43,75.8,76.3,76.05,0.151998998075802,9.2006,0.5,0.0543,0.0066,0.9762
2026-08-06,wing_above,7280.0,2026-09-18,43,37.6,38.1,37.85,0.182485219380713,6.3028,0.5,0.0793,0.0132,0.9413
2026-08-06,wing_below,7275.0,2026-09-18,43,37.3,37.8,37.55,0.183086428912218,6.2542,0.5,0.0799,0.0133,0.9406
2026-08-06,short_above,7500.0,2026-09-18,43,66.3,66.8,66.55,0.157202419598784,8.6596,0.5,0.0577,0.0075,0.9697
2026-08-06,short_below,7495.0,2026-09-18,43,65.6,66.1,65.85,0.157737496420663,8.6043,0.5,0.0581,0.0076,0.969
2026-08-06,wing_above,7225.0,2026-09-18,43,33.4,33.8,33.6,0.189125382624479,5.7851,0.4,0.0691,0.0119,0.9341
2026-08-06,wing_below,7210.0,2026-09-18,43,32.2,32.6,32.4,0.190944320989973,5.6503,0.4,0.0708,0.0123,0.9322
2026-08-06,short_above,7295.0,2026-08-21,15,5.3,5.5,5.4,0.175318879295047,1.667,0.2,0.12,0.037,0.9433
2026-08-06,short_below,7280.0,2026-08-21,15,5.0,5.2,5.1,0.178271071620911,1.5778,0.2,0.1268,0.0392,0.9414
2026-08-06,wing_above,7090.0,2026-08-21,15,2.45,2.6,2.525,0.212565125890146,0.8482,0.15,0.1768,0.0594,0.9168
2026-08-06,wing_below,7085.0,2026-08-21,15,2.4,2.55,2.475,0.213523570225959,0.8342,0.15,0.1798,0.0606,0.9162
2026-08-06,short_above,7225.0,2026-08-21,15,4.0,4.2,4.1,0.187294162262462,1.3005,0.2,0.1538,0.0488,0.9343
2026-08-06,short_below,7220.0,2026-08-21,15,3.9,4.1,4.0,0.188190116047713,1.2787,0.2,0.1564,0.05,0.9336
2026-08-06,wing_above,7020.0,2026-08-21,15,1.95,2.1,2.025,0.226000768962494,0.6989,0.15,0.2146,0.0741,0.9078
2026-08-06,wing_below,7010.0,2026-08-21,15,1.9,2.05,1.975,0.227919716278205,0.6798,0.15,0.2206,0.0759,0.9065
2026-08-06,short_above,7280.0,2026-08-21,15,5.0,5.2,5.1,0.178271071620911,1.5778,0.2,0.1268,0.0392,0.9414
2026-08-06,short_below,7275.0,2026-08-21,15,4.9,5.1,5.0,0.17863569220496,1.5494,0.2,0.1291,0.04,0.9408
2026-08-06,wing_above,6985.0,2026-08-21,15,1.75,1.9,1.825,0.232714064304877,0.6288,0.15,0.2386,0.0822,0.9033
2026-08-06,wing_below,6980.0,2026-08-21,15,1.75,1.85,1.8,0.233672418301803,0.6154,0.1,0.1625,0.0556,0.9026
2026-08-06,short_above,7330.0,2026-08-21,15,6.2,6.4,6.3,0.169674902271858,1.8661,0.2,0.1072,0.0317,0.9479
2026-08-06,short_below,7325.0,2026-08-21,15,6.1,6.3,6.2,0.171536613958699,1.8309,0.2,0.1092,0.0323,0.9472
2026-08-06,wing_above,7065.0,2026-08-21,15,2.25,2.4,2.325,0.21736099141309,0.7848,0.15,0.1911,0.0645,0.9136
2026-08-06,wing_below,7060.0,2026-08-21,15,2.2,2.35,2.275,0.218320915849451,0.7737,0.15,0.1939,0.0659,0.9129
2026-08-06,short_above,7320.0,2026-08-28,22,14.1,14.4,14.25,0.175012529778558,3.2405,0.3,0.0926,0.0211,0.9466
2026-08-06,short_below,7310.0,2026-08-28,22,13.6,13.9,13.75,0.180844341998765,3.3171,0.3,0.0904,0.0218,0.9453
2026-08-06,wing_above,7050.0,2026-08-28,22,5.9,6.1,6.0,0.215089168675084,1.5894,0.2,0.1258,0.0333,0.9117
2026-08-06,short_above,7290.0,2026-08-28,22,12.7,13.0,12.85,0.179271474491863,2.986,0.3,0.1005,0.0233,0.9427
2026-08-06,short_below,7280.0,2026-08-28,22,12.2,12.5,12.35,0.18070262381122,2.9058,0.3,0.1032,0.0243,0.9414
2026-08-06,wing_above,7000.0,2026-08-28,22,5.1,5.3,5.2,0.222959281526666,1.4076,0.2,0.1421,0.0385,0.9052
2026-08-06,wing_below,6990.0,2026-08-28,22,5.0,5.2,5.1,0.224548331553069,1.3834,0.2,0.1446,0.0392,0.9039
2026-08-06,short_above,7320.0,2026-08-28,22,14.2,14.5,14.35,0.175935693455755,3.2405,0.3,0.0926,0.0209,0.9466
2026-08-06,wing_below,7025.0,2026-08-28,22,5.5,5.7,5.6,0.222933056982476,1.5965,0.2,0.1253,0.0357,0.9084
2026-08-06,short_above,7310.0,2026-08-28,22,13.8,14.1,13.95,0.176426190019328,3.1533,0.3,0.0951,0.0215,0.9452
2026-08-06,short_below,7300.0,2026-08-28,22,13.3,13.5,13.4,0.178121478851811,3.0685,0.2,0.0652,0.0149,0.9439
2026-08-06,wing_above,7050.0,2026-08-28,22,5.9,6.1,6.0,0.215431601343762,1.5894,0.2,0.1258,0.0333,0.9116
2026-08-06,wing_below,7025.0,2026-08-28,22,5.5,5.7,5.6,0.22022923761532,1.495,0.2,0.1338,0.0357,0.9084
2026-08-06,short_above,7220.0,2026-08-28,22,10.0,10.2,10.1,0.189720792812265,2.4698,0.2,0.081,0.0198,0.9336
2026-08-06,short_below,7210.0,2026-08-28,22,9.7,9.9,9.8,0.191191264100103,2.4044,0.2,0.0832,0.0204,0.9323
2026-08-06,wing_above,6925.0,2026-08-28,22,4.3,4.4,4.35,0.23526124034225,1.1905,0.1,0.084,0.023,0.8954
2026-08-06,wing_below,6900.0,2026-08-28,22,4.0,4.2,4.1,0.23972128837175,1.138,0.2,0.1757,0.0488,0.8922
2026-08-06,short_above,7225.0,2026-08-31,25,12.0,12.2,12.1,0.184195406965654,2.9288,0.2,0.0683,0.0165,0.9342
2026-08-06,wing_above,6920.0,2026-08-31,25,5.1,5.3,5.2,0.228904740216524,1.4208,0.2,0.1408,0.0385,0.8948
2026-08-06,wing_below,6915.0,2026-08-31,25,5.0,5.2,5.1,0.229667638046272,1.395,0.2,0.1434,0.0392,0.8942
2026-08-06,short_above,7230.0,2026-08-31,25,12.2,12.5,12.35,0.183493725119638,2.9533,0.3,0.1016,0.0243,0.9349
2026-08-06,wing_above,6930.0,2026-08-31,25,5.2,5.5,5.35,0.227381113728278,1.4523,0.3,0.2066,0.0561,0.8961
2026-08-06,wing_below,6920.0,2026-08-31,25,5.1,5.3,5.2,0.229283121076768,1.4208,0.2,0.1408,0.0385,0.8948
2026-08-06,short_above,7275.0,2026-09-04,29,19.9,20.1,20.0,0.181444982328005,4.1068,0.2,0.0487,0.01,0.9407
2026-08-06,short_below,7250.0,2026-09-04,29,18.5,18.7,18.6,0.184804938099506,3.8906,0.2,0.0514,0.0108,0.9375
2026-08-06,wing_above,6975.0,2026-09-04,29,9.0,9.3,9.15,0.223250557152462,2.1797,0.3,0.1376,0.0328,0.9019
2026-08-06,wing_below,6950.0,2026-09-04,29,8.5,8.8,8.65,0.226891488448899,2.074,0.3,0.1447,0.0347,0.8987
2026-08-06,short_above,7150.0,2026-09-04,29,14.0,14.2,14.1,0.198458721346653,3.1357,0.2,0.0638,0.0142,0.9245
2026-08-06,short_below,7125.0,2026-09-04,29,13.1,13.3,13.2,0.201926882535406,2.9728,0.2,0.0673,0.0152,0.9213
2026-08-06,wing_above,6850.0,2026-09-04,29,6.9,7.1,7.0,0.241676509415066,1.7104,0.2,0.1169,0.0286,0.8857
2026-08-06,wing_below,6800.0,2026-09-04,29,6.3,6.5,6.4,0.249179142268827,1.5589,0.2,0.1283,0.0313,0.8793
2026-08-06,short_below,7100.0,2026-09-04,29,12.2,12.5,12.35,0.206568785307786,2.8195,0.3,0.1064,0.0243,0.9181
2026-08-06,wing_above,6850.0,2026-09-04,29,6.9,7.1,7.0,0.242378463776555,1.7104,0.2,0.1169,0.0286,0.8857
2026-08-06,wing_below,6800.0,2026-09-04,29,6.3,6.5,6.4,0.249557139139995,1.5589,0.2,0.1283,0.0313,0.8793
2026-08-06,short_above,7200.0,2026-09-11,36,22.1,22.4,22.25,0.188514951520582,4.4347,0.3,0.0676,0.0135,0.931
2026-08-06,short_below,7150.0,2026-09-11,36,19.5,19.8,19.65,0.194166345936188,4.0527,0.3,0.074,0.0153,0.9249
2026-08-06,wing_above,6850.0,2026-09-11,36,10.2,10.5,10.35,0.234145836713872,2.3675,0.3,0.1267,0.029,0.8861
2026-08-06,wing_below,6800.0,2026-09-11,36,9.3,9.6,9.45,0.24106907699752,2.1777,0.3,0.1378,0.0317,0.8796
2026-08-06,short_above,7125.0,2026-09-11,36,18.5,18.7,18.6,0.197381520873448,3.8677,0.2,0.0517,0.0108,0.9216
2026-08-06,short_below,7100.0,2026-09-11,36,17.4,17.7,17.55,0.200930795672752,3.692,0.3,0.0813,0.0171,0.9184
2026-08-06,wing_below,6750.0,2026-09-11,36,8.6,8.8,8.7,0.248045153981576,2.0064,0.2,0.0997,0.023,0.8731
2026-08-06,short_above,7150.0,2026-09-11,36,19.6,19.9,19.75,0.194733925157216,4.0527,0.3,0.074,0.0152,0.9249
2026-08-06,wing_above,6850.0,2026-09-11,36,10.3,10.6,10.45,0.235546327299084,2.3675,0.3,0.1267,0.0287,0.8861
2026-08-06,wing_below,6800.0,2026-09-11,36,9.4,9.7,9.55,0.242430499604688,2.1777,0.3,0.1378,0.0314,0.8796
2026-08-06,short_above,7500.0,2026-09-14,39,55.3,55.8,55.55,0.149149895665871,8.0191,0.5,0.0624,0.009,0.9701
2026-08-06,short_below,7450.0,2026-09-14,39,47.4,48.0,47.7,0.154742865093838,7.4043,0.6,0.081,0.0126,0.9637
2026-08-06,wing_above,7200.0,2026-09-14,39,24.0,24.5,24.25,0.184902929682149,4.7904,0.5,0.1044,0.0206,0.9313
2026-08-06,wing_below,7175.0,2026-09-14,39,22.6,23.0,22.8,0.188024288620966,4.5935,0.4,0.0871,0.0175,0.9281
2026-08-06,short_above,7555.0,2026-09-18,43,76.1,76.5,76.3,0.148711507352724,9.2294,0.4,0.0433,0.0052,0.9773
2026-08-06,short_below,7550.0,2026-09-18,43,75.0,75.6,75.3,0.149210327368567,9.1759,0.6,0.0654,0.008,0.9766
2026-08-06,wing_above,7280.0,2026-09-18,43,36.7,37.1,36.9,0.179613677803187,6.2269,0.4,0.0642,0.0108,0.9417
2026-08-06,wing_below,7275.0,2026-09-18,43,36.3,36.7,36.5,0.180215747367877,6.178,0.4,0.0647,0.011,0.941
2026-08-06,short_above,7500.0,2026-09-18,43,65.2,65.7,65.45,0.154368275628098,8.6224,0.5,0.058,0.0076,0.9701
2026-08-06,short_below,7495.0,2026-09-18,43,64.0,64.6,64.3,0.154899902819555,8.5658,0.6,0.07,0.0093,0.9695
2026-08-06,wing_above,7225.0,2026-09-18,43,32.4,32.7,32.55,0.186266982449868,5.7066,0.3,0.0526,0.0092,0.9346
2026-08-06,wing_below,7210.0,2026-09-18,43,31.3,31.7,31.5,0.188091059209049,5.6158,0.4,0.0712,0.0127,0.9326
2026-08-07,short_above,7295.0,2026-08-21,14,6.8,7.0,6.9,0.17540069890065,1.9277,0.2,0.1038,0.029,0.9469
2026-08-07,short_below,7280.0,2026-08-21,14,6.3,6.6,6.45,0.177875743649502,1.8268,0.3,0.1642,0.0465,0.9449
2026-08-07,wing_above,7090.0,2026-08-21,14,3.0,3.2,3.1,0.212375434179736,0.9846,0.2,0.2031,0.0645,0.9203
2026-08-07,wing_below,7085.0,2026-08-21,14,3.0,3.2,3.1,0.213326554400035,0.973,0.2,0.2055,0.0645,0.9196
2026-08-07,short_above,7225.0,2026-08-21,14,5.0,5.3,5.15,0.187346614412684,1.511,0.3,0.1985,0.0583,0.9378
2026-08-07,short_below,7220.0,2026-08-21,14,4.9,5.1,5.0,0.188235512119437,1.486,0.2,0.1346,0.04,0.9371
2026-08-07,wing_above,7020.0,2026-08-21,14,2.4,2.55,2.475,0.224526271284769,0.8101,0.15,0.1852,0.0606,0.9112
2026-08-07,wing_below,7010.0,2026-08-21,14,2.35,2.45,2.4,0.227645419845129,0.7877,0.1,0.127,0.0417,0.9099
2026-08-07,short_below,7275.0,2026-08-21,14,6.2,6.5,6.35,0.178901419958296,1.7947,0.3,0.1672,0.0472,0.9443
2026-08-07,wing_above,6985.0,2026-08-21,14,2.2,2.35,2.275,0.232428742443205,0.7322,0.15,0.2049,0.0659,0.9066
2026-08-07,wing_below,6980.0,2026-08-21,14,2.15,2.3,2.225,0.233385786794252,0.7273,0.15,0.2062,0.0674,0.906
2026-08-07,short_above,7330.0,2026-08-21,14,8.1,8.3,8.2,0.169800003947026,2.2144,0.2,0.0903,0.0244,0.9514
2026-08-07,short_below,7325.0,2026-08-21,14,7.9,8.1,8.0,0.170586742832592,2.1739,0.2,0.092,0.025,0.9508
2026-08-07,wing_above,7065.0,2026-08-21,14,2.85,2.95,2.9,0.217137201668056,0.9178,0.1,0.109,0.0345,0.917
2026-08-07,wing_below,7060.0,2026-08-21,14,2.8,2.9,2.85,0.218091095350976,0.9046,0.1,0.1106,0.0351,0.9164
2026-08-07,short_above,7320.0,2026-08-28,21,16.9,17.2,17.05,0.174782587772702,3.6232,0.3,0.0828,0.0176,0.9501
2026-08-07,short_below,7310.0,2026-08-28,21,16.3,16.6,16.45,0.176724039384896,3.1533,0.3,0.0951,0.0182,0.9488
2026-08-07,wing_above,7050.0,2026-08-28,21,6.9,7.1,7.0,0.214506637751757,1.7975,0.2,0.1113,0.0286,0.9151
2026-08-07,short_above,7290.0,2026-08-28,21,15.1,15.4,15.25,0.179013443429748,3.347,0.3,0.0896,0.0197,0.9462
2026-08-07,short_below,7280.0,2026-08-28,21,14.6,14.8,14.7,0.180435024494998,3.2594,0.2,0.0614,0.0136,0.9449
2026-08-07,wing_above,7000.0,2026-08-28,21,6.0,6.2,6.1,0.221607610516163,1.592,0.2,0.1256,0.0328,0.9086
2026-08-07,wing_below,6990.0,2026-08-28,21,5.9,6.1,6.0,0.224222081363212,1.5505,0.2,0.129,0.0333,0.9073
2026-08-07,short_above,7320.0,2026-08-28,21,17.0,17.2,17.1,0.173991282761178,3.6232,0.2,0.0552,0.0117,0.9501
2026-08-07,short_below,7310.0,2026-08-28,21,16.4,16.7,16.55,0.174925070475222,3.5289,0.3,0.085,0.0181,0.9488
2026-08-07,wing_above,7050.0,2026-08-28,21,6.9,7.1,7.0,0.214506637751757,1.7975,0.2,0.1113,0.0286,0.9151
2026-08-07,wing_below,7025.0,2026-08-28,21,6.5,6.7,6.6,0.22022923761532,1.495,0.2,0.1338,0.0303,0.9118
2026-08-07,short_above,7310.0,2026-08-28,21,16.4,16.7,16.55,0.174925070475222,3.5289,0.3,0.085,0.0181,0.9488
2026-08-07,short_below,7300.0,2026-08-28,21,15.8,16.0,15.9,0.177548882912656,3.4368,0.2,0.0582,0.0126,0.9475
2026-08-07,wing_below,7025.0,2026-08-28,21,6.5,6.7,6.6,0.217744612407208,1.6909,0.2,0.1183,0.0303,0.912
2026-08-07,short_above,7220.0,2026-08-28,21,11.9,12.1,12.0,0.189060781784481,2.7802,0.2,0.0719,0.0167,0.9373
2026-08-07,short_below,7210.0,2026-08-28,21,11.5,11.7,11.6,0.190527356086647,2.7078,0.2,0.0739,0.0172,0.936
2026-08-07,wing_above,6925.0,2026-08-28,21,5.0,5.2,5.1,0.234674273255189,1.3323,0.2,0.1501,0.0392,0.899
2026-08-07,wing_below,6900.0,2026-08-28,21,4.7,4.9,4.8,0.238720996205842,1.2619,0.2,0.1585,0.0417,0.8958
2026-08-07,short_above,7225.0,2026-08-31,24,14.1,14.3,14.2,0.183756829211756,3.2358,0.2,0.0618,0.0141,0.938
2026-08-07,short_below,7220.0,2026-08-31,24,13.9,14.2,14.05,0.184458011720281,3.1962,0.3,0.0939,0.0214,0.9373
2026-08-07,wing_above,6920.0,2026-08-31,24,5.9,6.1,6.0,0.228388031359476,1.5754,0.2,0.127,0.0333,0.8984
2026-08-07,wing_below,6915.0,2026-08-31,24,5.8,6.0,5.9,0.229150666641968,1.5542,0.2,0.1287,0.0339,0.8977
2026-08-07,short_above,7230.0,2026-08-31,24,14.3,14.6,14.45,0.183056580231995,3.2588,0.3,0.0921,0.0208,0.9386
2026-08-07,short_below,7225.0,2026-08-31,24,14.0,14.3,14.15,0.184338950182627,3.2358,0.3,0.0927,0.0212,0.938
2026-08-07,wing_above,6930.0,2026-08-31,24,6.0,6.2,6.1,0.226865031891783,1.6105,0.2,0.1242,0.0328,0.8997
2026-08-07,wing_below,6920.0,2026-08-31,24,5.9,6.1,6.0,0.229283121076768,1.5754,0.2,0.127,0.0333,0.8984
2026-08-07,short_above,7275.0,2026-09-04,28,22.7,23.0,22.85,0.180601355989118,4.4398,0.3,0.0676,0.0131,0.9445
2026-08-07,short_below,7250.0,2026-09-04,28,21.0,21.3,21.15,0.183931472879489,4.2103,0.3,0.0713,0.0142,0.9412
2026-08-07,wing_above,6975.0,2026-09-04,28,10.2,10.4,10.3,0.221732201833053,2.3697,0.2,0.0844,0.0194,0.9055
2026-08-07,wing_below,6950.0,2026-09-04,28,9.6,9.9,9.75,0.225975344525025,2.2551,0.3,0.133,0.0308,0.9023
2026-08-07,short_above,7150.0,2026-09-04,28,15.8,16.0,15.9,0.197495843626615,3.4023,0.2,0.0588,0.0126,0.9282
2026-08-07,wing_above,6850.0,2026-09-04,28,7.7,7.9,7.8,0.240856693119596,1.8607,0.2,0.1075,0.0256,0.8893
2026-08-07,wing_below,6800.0,2026-09-04,28,7.0,7.2,7.1,0.255260888509164,1.696,0.2,0.1179,0.0282,0.8828
2026-08-07,short_above,7125.0,2026-09-04,28,14.7,14.9,14.8,0.201610949335541,3.227,0.2,0.062,0.0135,0.925
2026-08-07,short_below,7100.0,2026-09-04,28,13.8,14.0,13.9,0.204440491294582,3.0616,0.2,0.0653,0.0144,0.9217
2026-08-07,wing_above,6850.0,2026-09-04,28,7.7,7.9,7.8,0.242378463776555,1.8607,0.2,0.1075,0.0256,0.8893
2026-08-07,short_above,7200.0,2026-09-11,35,24.5,24.8,24.65,0.187178926000718,4.7197,0.3,0.0636,0.0122,0.9347
2026-08-07,short_below,7150.0,2026-09-11,35,21.6,21.9,21.75,0.193536102717131,4.3016,0.3,0.0697,0.0138,0.928
2026-08-07,wing_above,6850.0,2026-09-11,35,11.2,11.5,11.35,0.232978135265026,2.5112,0.3,0.1195,0.0264,0.8891
2026-08-07,wing_below,6800.0,2026-09-11,35,10.2,10.5,10.35,0.239928502594715,2.3075,0.3,0.13,0.029,0.8826
2026-08-07,short_above,7125.0,2026-09-11,35,20.4,20.7,20.55,0.196747895387356,4.1069,0.3,0.073,0.0146,0.9248
2026-08-07,short_below,7100.0,2026-09-11,35,19.1,19.4,19.25,0.199981794774538,3.9216,0.3,0.0765,0.0156,0.9215
2026-08-07,wing_above,6800.0,2026-09-11,35,10.2,10.5,10.35,0.239928502594715,2.3075,0.3,0.13,0.029,0.8826
2026-08-07,wing_below,6750.0,2026-09-11,35,9.3,9.6,9.45,0.249292205107834,2.1237,0.3,0.1413,0.0317,0.8761
2026-08-07,short_below,7125.0,2026-09-11,35,20.4,20.7,20.55,0.197667745097105,4.1069,0.3,0.073,0.0146,0.9248
2026-08-07,wing_below,6800.0,2026-09-11,35,10.2,10.5,10.35,0.239928502594715,2.3075,0.3,0.13,0.029,0.8826
2026-08-07,short_above,7500.0,2026-09-14,38,60.6,61.1,60.85,0.148338805624715,8.316,0.5,0.0601,0.0082,0.9734
2026-08-07,short_below,7450.0,2026-09-14,38,52.1,52.6,52.35,0.154068305431777,7.7151,0.5,0.0648,0.0096,0.9669
2026-08-07,wing_above,7200.0,2026-09-14,38,26.4,26.8,26.6,0.184165145233257,5.063,0.4,0.079,0.015,0.9345
2026-08-07,wing_below,7175.0,2026-09-14,38,24.7,25.2,24.95,0.187298615851798,4.8297,0.5,0.1035,0.02,0.9312
2026-08-07,short_above,7555.0,2026-09-18,42,82.2,82.8,82.5,0.14792262332617,9.4783,0.6,0.0633,0.0073,0.9806
2026-08-07,short_below,7550.0,2026-09-18,42,81.2,81.7,81.45,0.148427565842335,9.4286,0.5,0.053,0.0061,0.9799
2026-08-07,wing_above,7280.0,2026-09-18,42,39.9,40.3,40.1,0.178413529061114,6.5194,0.4,0.0614,0.01,0.9449
2026-08-07,wing_below,7275.0,2026-09-18,42,39.4,39.8,39.6,0.178815730426385,6.4691,0.4,0.0618,0.0101,0.9442
2026-08-07,short_above,7500.0,2026-09-18,42,70.7,71.2,70.95,0.160631885004994,8.9056,0.5,0.0561,0.007,0.9734
2026-08-07,short_below,7495.0,2026-09-18,42,69.7,70.1,69.9,0.154185029919661,8.8514,0.4,0.0452,0.0057,0.9728
2026-08-07,wing_above,7225.0,2026-09-18,42,35.0,35.4,35.2,0.185498084198308,5.9821,0.4,0.0669,0.0114,0.9377
2026-08-07,wing_below,7210.0,2026-09-18,42,33.9,34.2,34.05,0.187304727151396,5.8419,0.3,0.0514,0.0088,0.9358
2026-08-07,short_above,7295.0,2026-08-21,14,6.3,6.5,6.4,0.175708745638229,1.8441,0.2,0.1085,0.0313,0.9458
2026-08-07,short_below,7280.0,2026-08-21,14,5.9,6.1,6.0,0.178207549092436,1.7466,0.2,0.1145,0.0333,0.9439
2026-08-07,wing_above,7090.0,2026-08-21,14,2.8,2.95,2.875,0.212572284844037,0.9387,0.15,0.1598,0.0522,0.9192
2026-08-07,wing_below,7085.0,2026-08-21,14,2.8,2.9,2.85,0.213512747502497,0.9266,0.1,0.1079,0.0351,0.9186
2026-08-07,short_above,7225.0,2026-08-21,14,4.6,4.8,4.7,0.187701824618065,1.4404,0.2,0.1389,0.0426,0.9367
2026-08-07,short_below,7220.0,2026-08-21,14,4.6,4.7,4.65,0.188589131245664,1.4161,0.1,0.0706,0.0215,0.9361
2026-08-07,wing_above,7020.0,2026-08-21,14,2.25,2.35,2.3,0.225764134995476,0.7658,0.1,0.1306,0.0435,0.9102
2026-08-07,wing_below,7010.0,2026-08-21,14,2.2,2.3,2.25,0.227651236913387,0.7401,0.1,0.1351,0.0444,0.9089
2026-08-07,short_above,7280.0,2026-08-21,14,5.9,6.1,6.0,0.178266088301246,1.7466,0.2,0.1145,0.0333,0.9439
2026-08-07,short_below,7275.0,2026-08-21,14,5.8,5.9,5.85,0.178818777310393,1.7155,0.1,0.0583,0.0171,0.9432
2026-08-07,wing_above,6985.0,2026-08-21,14,2.05,2.15,2.1,0.232288718167823,0.6889,0.1,0.1452,0.0476,0.9056
2026-08-07,wing_below,6980.0,2026-08-21,14,2.0,2.1,2.05,0.233236313548447,0.6797,0.1,0.1471,0.0488,0.9049
2026-08-07,short_above,7330.0,2026-08-21,14,7.4,7.6,7.5,0.169847130037992,2.0883,0.2,0.0958,0.0267,0.9503
2026-08-07,short_below,7325.0,2026-08-21,14,7.2,7.4,7.3,0.167126034717908,2.0497,0.2,0.0976,0.0274,0.9497
2026-08-07,wing_above,7065.0,2026-08-21,14,2.6,2.7,2.65,0.217127934535047,0.8736,0.1,0.1145,0.0377,0.916
2026-08-07,wing_below,7060.0,2026-08-21,14,2.55,2.65,2.6,0.218074812708002,0.85,0.1,0.1177,0.0385,0.9153
2026-08-07,short_above,7320.0,2026-08-28,21,15.8,16.1,15.95,0.174809075405612,3.4852,0.3,0.0861,0.0188,0.949
2026-08-07,short_below,7310.0,2026-08-28,21,15.1,15.4,15.25,0.174925070475222,3.5289,0.3,0.085,0.0197,0.9477
2026-08-07,wing_above,7050.0,2026-08-28,21,6.5,6.7,6.6,0.214932670092901,1.7211,0.2,0.1162,0.0303,0.914
2026-08-07,wing_below,7025.0,2026-08-28,21,6.0,6.3,6.15,0.217744612407208,1.6909,0.3,0.1774,0.0488,0.9108
2026-08-07,short_above,7290.0,2026-08-28,21,14.0,14.3,14.15,0.179103507863658,3.2176,0.3,0.0932,0.0212,0.9451
2026-08-07,short_below,7280.0,2026-08-28,21,13.5,13.8,13.65,0.180543542525378,3.1328,0.3,0.0958,0.022,0.9438
2026-08-07,wing_above,7000.0,2026-08-28,21,5.6,5.9,5.75,0.221607610516163,1.5226,0.3,0.197,0.0522,0.9075
2026-08-07,wing_below,6990.0,2026-08-28,21,5.5,5.7,5.6,0.224316694480015,1.4782,0.2,0.1353,0.0357,0.9062
2026-08-07,short_below,7310.0,2026-08-28,21,15.2,15.5,15.35,0.174925070475222,3.3937,0.3,0.0884,0.0195,0.9477
2026-08-07,short_below,7300.0,2026-08-28,21,14.7,14.9,14.8,0.17766775244818,3.3045,0.2,0.0605,0.0135,0.9464
2026-08-07,wing_above,7050.0,2026-08-28,21,6.5,6.7,6.6,0.214506637751757,1.7211,0.2,0.1162,0.0303,0.914
2026-08-07,wing_below,7025.0,2026-08-28,21,6.1,6.3,6.2,0.218822746154062,1.6181,0.2,0.1236,0.0323,0.9108
2026-08-07,short_above,7220.0,2026-08-28,21,11.0,11.3,11.15,0.189275385736364,2.6698,0.3,0.1124,0.0269,0.936
2026-08-07,short_below,7210.0,2026-08-28,21,10.6,11.0,10.8,0.189451934619985,2.5999,0.4,0.1539,0.037,0.9348
2026-08-07,wing_above,6925.0,2026-08-28,21,4.6,4.9,4.75,0.234658783432941,1.272,0.3,0.2358,0.0632,0.8978
2026-08-07,wing_below,6900.0,2026-08-28,21,4.4,4.6,4.5,0.238681194710945,1.204,0.2,0.1661,0.0444,0.8946
2026-08-07,short_above,7225.0,2026-08-31,24,13.1,13.3,13.2,0.183857900442102,3.1,0.2,0.0645,0.0152,0.9367
2026-08-07,short_below,7220.0,2026-08-31,24,12.9,13.2,13.05,0.184562615898696,3.0591,0.3,0.0981,0.023,0.936
2026-08-07,wing_above,6920.0,2026-08-31,24,5.6,5.8,5.7,0.228366933818261,1.5062,0.2,0.1328,0.0351,0.8972
2026-08-07,wing_below,6915.0,2026-08-31,24,5.5,5.7,5.6,0.230193611453924,1.4834,0.2,0.1348,0.0357,0.8964
2026-08-07,short_above,7230.0,2026-08-31,24,13.4,13.7,13.55,0.182905683288401,3.1235,0.3,0.096,0.0221,0.9373
2026-08-07,short_below,7225.0,2026-08-31,24,13.2,13.4,13.3,0.182375621661662,3.1,0.2,0.0645,0.015,0.9366
2026-08-07,wing_above,6930.0,2026-08-31,24,5.7,5.9,5.8,0.226837592181081,1.5397,0.2,0.1299,0.0345,0.8984
2026-08-07,wing_below,6920.0,2026-08-31,24,5.6,5.8,5.7,0.229283121076768,1.5062,0.2,0.1328,0.0351,0.8971
2026-08-07,short_above,7275.0,2026-09-04,28,21.5,21.7,21.6,0.180308565772185,4.2827,0.2,0.0467,0.0093,0.9431
2026-08-07,short_below,7250.0,2026-09-04,28,19.9,20.1,20.0,0.183667832335436,4.0587,0.2,0.0493,0.01,0.9399
2026-08-07,wing_above,6975.0,2026-09-04,28,9.7,10.0,9.85,0.221732201833053,2.2749,0.3,0.1319,0.0305,0.9042
2026-08-07,wing_below,6950.0,2026-09-04,28,9.1,9.4,9.25,0.225931164547357,2.1646,0.3,0.1386,0.0324,0.901
2026-08-07,short_above,7150.0,2026-09-04,28,15.0,15.3,15.15,0.197336749976606,3.2732,0.3,0.0917,0.0198,0.9269
2026-08-07,short_below,7125.0,2026-09-04,28,14.0,14.3,14.15,0.200816169953335,3.1032,0.3,0.0967,0.0212,0.9237
2026-08-07,wing_above,6850.0,2026-09-04,28,7.4,7.6,7.5,0.240835098754974,1.7854,0.2,0.112,0.0267,0.888
2026-08-07,wing_below,6800.0,2026-09-04,28,6.7,6.9,6.8,0.247972854437234,1.6274,0.2,0.1229,0.0294,0.8815
2026-08-07,short_above,7125.0,2026-09-04,28,14.1,14.3,14.2,0.201610949335541,3.1032,0.2,0.0644,0.0141,0.9237
2026-08-07,short_below,7100.0,2026-09-04,28,13.2,13.4,13.3,0.20432212873753,2.9431,0.2,0.068,0.015,0.9204
2026-08-07,wing_above,6850.0,2026-09-04,28,7.4,7.6,7.5,0.242378463776555,1.7854,0.2,0.112,0.0267,0.888
2026-08-07,wing_below,6800.0,2026-09-04,28,6.7,6.9,6.8,0.249557139139995,1.6274,0.2,0.1229,0.0294,0.8815
2026-08-07,short_above,7200.0,2026-09-11,35,23.5,23.8,23.65,0.186267564645632,4.6074,0.3,0.0651,0.0127,0.9334
2026-08-07,short_below,7150.0,2026-09-11,35,20.8,21.1,20.95,0.193225487131329,4.2142,0.3,0.0712,0.0143,0.9269
2026-08-07,wing_above,6850.0,2026-09-11,35,10.8,11.1,10.95,0.233135919499303,2.4528,0.3,0.1223,0.0274,0.888
2026-08-07,wing_below,6800.0,2026-09-11,35,9.9,10.1,10.0,0.240061334569931,2.2537,0.2,0.0887,0.02,0.8815
2026-08-07,short_above,7125.0,2026-09-11,35,19.5,19.8,19.65,0.196439599411153,4.0221,0.3,0.0746,0.0153,0.9237
2026-08-07,wing_above,6800.0,2026-09-11,35,9.9,10.1,10.0,0.239928502594715,2.2537,0.2,0.0887,0.02,0.8815
2026-08-07,wing_below,6750.0,2026-09-11,35,9.0,9.2,9.1,0.24704873935969,2.0744,0.2,0.0964,0.022,0.8751
2026-08-07,short_above,7150.0,2026-09-11,35,20.8,21.1,20.95,0.192780982893652,4.2142,0.3,0.0712,0.0143,0.9269
2026-08-07,short_below,7125.0,2026-09-11,35,19.6,19.8,19.7,0.197667745097105,4.0221,0.2,0.0497,0.0102,0.9237
2026-08-07,short_above,7500.0,2026-09-14,38,58.5,59.0,58.75,0.147993639481733,8.2102,0.5,0.0609,0.0085,0.9723
2026-08-07,short_below,7450.0,2026-09-14,38,50.1,50.6,50.35,0.153676662187653,7.6127,0.5,0.0657,0.0099,0.9658
2026-08-07,wing_above,7200.0,2026-09-14,38,25.3,25.7,25.5,0.183033333195112,4.9668,0.4,0.0805,0.0157,0.9334
2026-08-07,wing_below,7175.0,2026-09-14,38,23.7,24.2,23.95,0.186817783984486,4.7417,0.5,0.1054,0.0209,0.9304
2026-08-07,short_above,7555.0,2026-09-18,42,79.4,79.9,79.65,0.148312707571813,9.3994,0.5,0.0532,0.0063,0.9797
2026-08-07,short_below,7550.0,2026-09-18,42,78.3,78.7,78.5,0.147792328908918,9.349,0.4,0.0428,0.0051,0.9791
2026-08-07,wing_above,7280.0,2026-09-18,42,38.3,38.7,38.5,0.178221752877223,6.4136,0.4,0.0624,0.0104,0.9441
2026-08-07,short_above,7500.0,2026-09-18,42,67.8,68.3,68.05,0.153932381564719,8.8079,0.5,0.0568,0.0073,0.9726
2026-08-07,short_below,7495.0,2026-09-18,42,66.9,67.4,67.15,0.153492627954248,8.7525,0.5,0.0571,0.0074,0.9719
2026-08-07,wing_above,7225.0,2026-09-18,42,33.6,34.0,33.8,0.184894908416254,5.8724,0.4,0.0681,0.0118,0.9369
2026-08-07,wing_below,7210.0,2026-09-18,42,32.5,32.8,32.65,0.186484058050606,5.734,0.3,0.0523,0.0092,0.935
2026-08-07,short_below,7280.0,2026-08-21,14,5.8,6.0,5.9,0.176599422159725,1.7405,0.2,0.1149,0.0339,0.9443
2026-08-07,wing_above,7090.0,2026-08-21,14,2.75,2.9,2.825,0.211194255478936,0.931,0.15,0.1611,0.0531,0.9196
2026-08-07,wing_below,7085.0,2026-08-21,14,2.75,2.85,2.8,0.212140025519927,0.912,0.1,0.1097,0.0357,0.919
2026-08-07,short_above,7225.0,2026-08-21,14,4.6,4.8,4.7,0.18614635636647,1.4334,0.2,0.1395,0.0426,0.9371
2026-08-07,short_below,7220.0,2026-08-21,14,4.5,4.7,4.6,0.187018224513695,1.4091,0.2,0.1419,0.0435,0.9364
2026-08-07,wing_above,7020.0,2026-08-21,14,2.2,2.35,2.275,0.224441383498012,0.763,0.15,0.1966,0.0659,0.9104
2026-08-07,wing_below,7010.0,2026-08-21,14,2.15,2.3,2.225,0.226337654297493,0.7413,0.15,0.2024,0.0674,0.9091
2026-08-07,short_above,7280.0,2026-08-21,14,5.8,6.1,5.95,0.178266088301246,1.7405,0.3,0.1724,0.0504,0.9442
2026-08-07,short_below,7275.0,2026-08-21,14,5.7,5.9,5.8,0.177438659481927,1.7092,0.2,0.117,0.0345,0.9435
2026-08-07,wing_below,6980.0,2026-08-21,14,1.95,2.1,2.025,0.232025232927341,0.674,0.15,0.2226,0.0741,0.9052
2026-08-07,short_above,7330.0,2026-08-21,14,7.3,7.6,7.45,0.168434617568886,2.104,0.3,0.1426,0.0403,0.9506
2026-08-07,short_below,7325.0,2026-08-21,14,7.1,7.4,7.25,0.16922965422855,2.0648,0.3,0.1453,0.0414,0.95
2026-08-07,wing_above,7065.0,2026-08-21,14,2.55,2.65,2.6,0.215907785871514,0.87,0.1,0.1149,0.0385,0.9163
2026-08-07,wing_below,7060.0,2026-08-21,14,2.5,2.65,2.575,0.216855716311259,0.8573,0.15,0.175,0.0583,0.9156
2026-08-07,short_above,7320.0,2026-08-28,21,15.8,16.1,15.95,0.173975283936329,3.5197,0.3,0.0852,0.0188,0.9493
2026-08-07,wing_above,7050.0,2026-08-28,21,6.5,6.7,6.6,0.214419296210155,1.7408,0.2,0.1149,0.0303,0.9143
2026-08-07,wing_below,7025.0,2026-08-28,21,6.1,6.3,6.2,0.217744612407208,1.6181,0.2,0.1236,0.0323,0.9111
2026-08-07,short_above,7290.0,2026-08-28,21,14.2,14.5,14.35,0.178083771506239,3.2496,0.3,0.0923,0.0209,0.9455
2026-08-07,short_below,7280.0,2026-08-28,21,13.7,14.0,13.85,0.179749192700238,3.1642,0.3,0.0948,0.0217,0.9442
2026-08-07,wing_above,7000.0,2026-08-28,21,5.7,5.9,5.8,0.222280576725987,1.5405,0.2,0.1298,0.0345,0.9078
2026-08-07,wing_below,6990.0,2026-08-28,21,5.5,5.7,5.6,0.223865461709733,1.5055,0.2,0.1328,0.0357,0.9065
2026-08-07,short_below,7310.0,2026-08-28,21,15.2,15.6,15.4,0.174925070475222,3.3937,0.4,0.1179,0.026,0.948
2026-08-07,wing_above,7050.0,2026-08-28,21,6.5,6.7,6.6,0.214506637751757,1.7408,0.2,0.1149,0.0303,0.9143
2026-08-07,wing_below,7025.0,2026-08-28,21,6.1,6.3,6.2,0.217744612407208,1.6369,0.2,0.1222,0.0323,0.9111
2026-08-07,short_below,7300.0,2026-08-28,21,14.8,15.0,14.9,0.176482440356113,3.3374,0.2,0.0599,0.0134,0.9468
2026-08-07,short_above,7220.0,2026-08-28,21,11.1,11.4,11.25,0.188549637612434,2.6972,0.3,0.1112,0.0267,0.9364
2026-08-07,short_below,7210.0,2026-08-28,21,10.7,11.0,10.85,0.189451934619985,2.6267,0.3,0.1142,0.0276,0.9351
2026-08-07,wing_above,6925.0,2026-08-28,21,4.7,4.9,4.8,0.234117630728706,1.2851,0.2,0.1556,0.0417,0.8982
2026-08-07,wing_below,6900.0,2026-08-28,21,4.4,4.6,4.5,0.238161984977929,1.2069,0.2,0.1657,0.0444,0.8949
2026-08-07,short_above,7225.0,2026-08-31,24,13.2,13.4,13.3,0.182375621661662,3.1129,0.2,0.0642,0.015,0.9371
2026-08-07,short_below,7220.0,2026-08-31,24,13.0,13.3,13.15,0.184849095137054,3.0744,0.3,0.0976,0.0228,0.9364
2026-08-07,wing_above,6920.0,2026-08-31,24,5.6,5.8,5.7,0.228009563464306,1.508,0.2,0.1326,0.0351,0.8975
2026-08-07,wing_below,6915.0,2026-08-31,24,5.5,5.7,5.6,0.228770417502049,1.4981,0.2,0.1335,0.0357,0.8969
2026-08-07,short_above,7230.0,2026-08-31,24,13.5,13.7,13.6,0.182542077992374,3.1562,0.2,0.0634,0.0147,0.9377
2026-08-07,short_below,7225.0,2026-08-31,24,13.2,13.5,13.35,0.182375621661662,3.1129,0.3,0.0964,0.0225,0.9371
2026-08-07,wing_above,6930.0,2026-08-31,24,5.7,5.9,5.8,0.2264900100063,1.5419,0.2,0.1297,0.0345,0.8988
2026-08-07,short_above,7275.0,2026-09-04,28,21.6,21.8,21.7,0.179891317870645,4.2992,0.2,0.0465,0.0092,0.9436
2026-08-07,short_below,7250.0,2026-09-04,28,20.0,20.3,20.15,0.183269035796418,4.0746,0.3,0.0736,0.0149,0.9403
2026-08-07,wing_above,6975.0,2026-09-04,28,9.7,10.0,9.85,0.22193945743081,2.2852,0.3,0.1313,0.0305,0.9047
2026-08-07,wing_below,6950.0,2026-09-04,28,9.2,9.5,9.35,0.225615722327001,2.1745,0.3,0.138,0.0321,0.9014
2026-08-07,short_above,7150.0,2026-09-04,28,15.1,15.3,15.2,0.192578881794763,3.2867,0.2,0.0609,0.0132,0.9274
2026-08-07,short_below,7125.0,2026-09-04,28,14.1,14.3,14.2,0.200461866109575,3.1162,0.2,0.0642,0.0141,0.9241
2026-08-07,wing_above,6850.0,2026-09-04,28,7.4,7.6,7.5,0.242378463776555,1.794,0.2,0.1115,0.0267,0.8885
2026-08-07,wing_below,6800.0,2026-09-04,28,6.7,6.9,6.8,0.248164587909536,1.6356,0.2,0.1223,0.0294,0.882
2026-08-07,short_above,7125.0,2026-09-04,28,14.1,14.3,14.2,0.201610949335541,3.1162,0.2,0.0642,0.0141,0.9241
2026-08-07,short_below,7100.0,2026-09-04,28,13.2,13.4,13.3,0.203972058460057,2.9555,0.2,0.0677,0.015,0.9209
2026-08-07,wing_above,6850.0,2026-09-04,28,7.4,7.6,7.5,0.242378463776555,1.794,0.2,0.1115,0.0267,0.8885
2026-08-07,short_above,7200.0,2026-09-11,35,23.5,23.8,23.65,0.186439704757211,4.6155,0.3,0.065,0.0127,0.9339
2026-08-07,short_below,7150.0,2026-09-11,35,20.8,21.0,20.9,0.192862575102078,4.2041,0.2,0.0476,0.0096,0.9274
2026-08-07,wing_above,6850.0,2026-09-11,35,10.8,11.1,10.95,0.233165009305722,2.4537,0.3,0.1223,0.0274,0.8885
2026-08-07,wing_below,6800.0,2026-09-11,35,9.9,10.1,10.0,0.240050024769277,2.2553,0.2,0.0887,0.02,0.882
2026-08-07,short_above,7125.0,2026-09-11,35,19.6,19.8,19.7,0.197667745097105,4.0204,0.2,0.0497,0.0102,0.9241
2026-08-07,short_below,7100.0,2026-09-11,35,18.5,18.7,18.6,0.200930795672752,3.8383,0.2,0.0521,0.0108,0.9209
2026-08-07,wing_below,6750.0,2026-09-11,35,9.0,9.3,9.15,0.247132244736873,2.0802,0.3,0.1442,0.0328,0.8755
2026-08-07,short_below,7125.0,2026-09-11,35,19.6,19.8,19.7,0.197667745097105,4.0204,0.2,0.0497,0.0102,0.9241
2026-08-07,wing_above,6850.0,2026-09-11,35,10.8,11.1,10.95,0.232929105055619,2.4585,0.3,0.122,0.0274,0.8885
2026-08-07,short_above,7500.0,2026-09-14,38,58.2,58.7,58.45,0.147347410019093,8.2078,0.5,0.0609,0.0086,0.9728
2026-08-07,short_below,7450.0,2026-09-14,38,50.0,50.4,50.2,0.153114095299157,7.6161,0.4,0.0525,0.008,0.9663
2026-08-07,wing_above,7200.0,2026-09-14,38,25.2,25.6,25.4,0.183375821717603,4.9677,0.4,0.0805,0.0157,0.9339
2026-08-07,wing_below,7175.0,2026-09-14,38,23.7,24.1,23.9,0.186483948888767,4.7441,0.4,0.0843,0.0167,0.9307
2026-08-07,short_above,7555.0,2026-09-18,42,79.2,79.5,79.35,0.146709090143519,9.3988,0.3,0.0319,0.0038,0.9799
2026-08-07,short_below,7550.0,2026-09-18,42,78.1,78.4,78.25,0.147215092128456,9.3505,0.3,0.0321,0.0038,0.9793
2026-08-07,wing_above,7280.0,2026-09-18,42,38.2,38.5,38.35,0.177884438942278,6.4135,0.3,0.0468,0.0078,0.9443
2026-08-07,wing_below,7275.0,2026-09-18,42,37.7,38.1,37.9,0.178815730426385,6.3636,0.4,0.0629,0.0106,0.9436
2026-08-07,short_above,7500.0,2026-09-18,42,67.7,68.0,67.85,0.153932381564719,8.8143,0.3,0.034,0.0044,0.9728
2026-08-07,short_below,7495.0,2026-09-18,42,66.7,67.1,66.9,0.152978077081092,8.7589,0.4,0.0457,0.006,0.9722
2026-08-07,wing_above,7225.0,2026-09-18,42,33.6,33.8,33.7,0.184571867906047,5.8817,0.2,0.034,0.0059,0.9371
2026-08-07,wing_below,7210.0,2026-09-18,42,32.4,32.7,32.55,0.18640840382379,5.7432,0.3,0.0522,0.0092,0.9352
2026-08-07,short_above,7295.0,2026-08-21,14,5.8,6.0,5.9,0.172810418968938,1.7711,0.2,0.1129,0.0339,0.9458
2026-08-07,short_below,7280.0,2026-08-21,14,5.3,5.5,5.4,0.175234717775821,1.6749,0.2,0.1194,0.037,0.9439
2026-08-07,wing_above,7090.0,2026-08-21,14,2.5,2.65,2.575,0.210574495670895,0.8895,0.15,0.1686,0.0583,0.9192
2026-08-07,wing_below,7085.0,2026-08-21,14,2.45,2.6,2.525,0.209871782491734,0.8511,0.15,0.1762,0.0594,0.9186
2026-08-07,short_above,7225.0,2026-08-21,14,4.2,4.4,4.3,0.1844132251636,1.3754,0.2,0.1454,0.0465,0.9367
2026-08-07,short_below,7220.0,2026-08-21,14,4.1,4.3,4.2,0.18679571128164,1.3518,0.2,0.148,0.0476,0.9361
2026-08-07,wing_above,7020.0,2026-08-21,14,2.0,2.15,2.075,0.221786131894552,0.7233,0.15,0.2074,0.0723,0.9101
2026-08-07,wing_below,7010.0,2026-08-21,14,1.95,2.05,2.0,0.225543966418443,0.7028,0.1,0.1423,0.05,0.9088
2026-08-07,short_above,7280.0,2026-08-21,14,5.3,5.5,5.4,0.176449625338214,1.6749,0.2,0.1194,0.037,0.9439
2026-08-07,short_below,7275.0,2026-08-21,14,5.2,5.4,5.3,0.176494679531406,1.6443,0.2,0.1216,0.0377,0.9432
2026-08-07,wing_above,6985.0,2026-08-21,14,1.8,1.95,1.875,0.228843531304584,0.6361,0.15,0.2358,0.08,0.9056
2026-08-07,wing_below,6980.0,2026-08-21,14,1.8,1.9,1.85,0.230634960312229,0.627,0.1,0.1595,0.0541,0.905
2026-08-07,short_above,7330.0,2026-08-21,14,6.8,7.0,6.9,0.167264237143054,2.0232,0.2,0.0989,0.029,0.9503
2026-08-07,short_below,7325.0,2026-08-21,14,6.6,6.9,6.75,0.168047963729587,1.9847,0.3,0.1512,0.0444,0.9497
2026-08-07,wing_above,7065.0,2026-08-21,14,2.35,2.45,2.4,0.21364422755898,0.8013,0.1,0.1248,0.0417,0.916
2026-08-07,wing_below,7060.0,2026-08-21,14,2.3,2.4,2.35,0.21483749171798,0.7898,0.1,0.1266,0.0426,0.9153
2026-08-07,short_above,7320.0,2026-08-28,21,15.2,15.5,15.35,0.17348326501512,3.4264,0.3,0.0876,0.0195,0.949
2026-08-07,wing_above,7050.0,2026-08-28,21,6.2,6.4,6.3,0.213153855037839,1.6667,0.2,0.12,0.0317,0.914
2026-08-07,wing_below,7025.0,2026-08-28,21,5.7,6.0,5.85,0.217744612407208,1.6369,0.3,0.1833,0.0513,0.9108
2026-08-07,short_above,7290.0,2026-08-28,21,13.6,13.9,13.75,0.177717597960208,3.1577,0.3,0.095,0.0218,0.9451
2026-08-07,short_below,7280.0,2026-08-28,21,13.1,13.4,13.25,0.179137916918977,3.0728,0.3,0.0976,0.0226,0.9439
2026-08-07,wing_above,7000.0,2026-08-28,21,5.3,5.6,5.45,0.220910260628384,1.4712,0.3,0.2039,0.055,0.9075
2026-08-07,wing_below,6990.0,2026-08-28,21,5.2,5.4,5.3,0.223149319317039,1.4355,0.2,0.1393,0.0377,0.9063
2026-08-07,short_above,7320.0,2026-08-28,21,15.2,15.5,15.35,0.173991282761178,3.4264,0.3,0.0876,0.0195,0.949
2026-08-07,wing_above,7050.0,2026-08-28,21,6.2,6.4,6.3,0.214506637751757,1.6667,0.2,0.12,0.0317,0.914
2026-08-07,short_above,7310.0,2026-08-28,21,14.6,14.9,14.75,0.174872665871659,3.3345,0.3,0.09,0.0203,0.9475
2026-08-07,short_below,7300.0,2026-08-28,21,14.1,14.3,14.2,0.176285323297646,3.245,0.2,0.0616,0.0141,0.9462
2026-08-07,short_above,7220.0,2026-08-28,21,10.6,10.8,10.7,0.187761777157886,2.6093,0.2,0.0766,0.0187,0.9359
2026-08-07,short_below,7210.0,2026-08-28,21,10.1,10.4,10.25,0.189220647357019,2.5394,0.3,0.1181,0.0293,0.9346
2026-08-07,wing_above,6925.0,2026-08-28,21,4.4,4.6,4.5,0.233212465188735,1.2232,0.2,0.1635,0.0444,0.8976
2026-08-07,wing_below,6900.0,2026-08-28,21,4.1,4.3,4.2,0.237249701082765,1.1587,0.2,0.1726,0.0476,0.8944
2026-08-07,short_above,7225.0,2026-08-31,24,12.6,12.8,12.7,0.182725303780113,3.0493,0.2,0.0656,0.0157,0.9365
2026-08-07,short_below,7220.0,2026-08-31,24,12.4,12.6,12.5,0.18992714586917,2.9881,0.2,0.0669,0.016,0.9359
2026-08-07,wing_above,6920.0,2026-08-31,24,5.3,5.5,5.4,0.227077536698623,1.4504,0.2,0.1379,0.037,0.897
2026-08-07,wing_below,6915.0,2026-08-31,24,5.2,5.4,5.3,0.22783436545621,1.4416,0.2,0.1387,0.0377,0.8963
2026-08-07,short_above,7230.0,2026-08-31,24,12.7,13.0,12.85,0.182029049795023,3.0761,0.3,0.0975,0.0233,0.9372
2026-08-07,short_below,7225.0,2026-08-31,24,12.5,12.7,12.6,0.182375621661662,3.0493,0.2,0.0656,0.0159,0.9365
2026-08-07,wing_above,6930.0,2026-08-31,24,5.4,5.6,5.5,0.225566051825059,1.4834,0.2,0.1348,0.0364,0.8983
2026-08-07,wing_below,6920.0,2026-08-31,24,5.2,5.4,5.3,0.229283121076768,1.4504,0.2,0.1379,0.0377,0.897
2026-08-07,short_above,7275.0,2026-09-04,28,20.6,20.8,20.7,0.17970318654839,4.2167,0.2,0.0474,0.0097,0.943
2026-08-07,short_below,7250.0,2026-09-04,28,19.1,19.4,19.25,0.183028539690454,3.9929,0.3,0.0751,0.0156,0.9398
2026-08-07,wing_above,6975.0,2026-09-04,28,9.2,9.5,9.35,0.221476769539589,2.2261,0.3,0.1348,0.0321,0.9041
2026-08-07,wing_below,6950.0,2026-09-04,28,8.7,9.0,8.85,0.225152173390561,2.1177,0.3,0.1417,0.0339,0.9009
2026-08-07,short_above,7150.0,2026-09-04,28,14.4,14.6,14.5,0.196585113376951,3.211,0.2,0.0623,0.0138,0.9268
2026-08-07,short_below,7125.0,2026-09-04,28,13.4,13.7,13.55,0.200046597137263,3.0425,0.3,0.0986,0.0221,0.9236
2026-08-07,wing_above,6850.0,2026-09-04,28,7.0,7.2,7.1,0.240081007538065,1.7456,0.2,0.1146,0.0282,0.8879
2026-08-07,wing_below,6800.0,2026-09-04,28,6.3,6.5,6.4,0.247643858684581,1.5903,0.2,0.1258,0.0313,0.8814
2026-08-07,short_above,7125.0,2026-09-04,28,13.5,13.7,13.6,0.201610949335541,3.0425,0.2,0.0657,0.0147,0.9236
2026-08-07,short_below,7100.0,2026-09-04,28,12.6,12.8,12.7,0.20353951589963,2.8841,0.2,0.0693,0.0157,0.9203
2026-08-07,wing_above,6850.0,2026-09-04,28,7.0,7.3,7.15,0.242378463776555,1.7456,0.3,0.1719,0.042,0.8879
2026-08-07,short_above,7200.0,2026-09-11,35,22.8,23.0,22.9,0.186497215770493,4.5467,0.2,0.044,0.0087,0.9333
2026-08-07,short_below,7150.0,2026-09-11,35,20.1,20.3,20.2,0.192884044636446,4.1382,0.2,0.0483,0.0099,0.9264
2026-08-07,wing_above,6850.0,2026-09-11,35,10.4,10.7,10.55,0.23307865362302,2.4025,0.3,0.1249,0.0284,0.8876
2026-08-07,wing_below,6800.0,2026-09-11,35,9.5,9.7,9.6,0.240050024769277,2.206,0.2,0.0907,0.0208,0.8811
2026-08-07,short_above,7125.0,2026-09-11,35,18.8,19.1,18.95,0.196110501996677,3.9218,0.3,0.0765,0.0158,0.9232
2026-08-07,short_below,7100.0,2026-09-11,35,17.7,18.0,17.85,0.199359578156711,3.7426,0.3,0.0802,0.0168,0.9199
2026-08-07,wing_above,6800.0,2026-09-11,35,9.4,9.7,9.55,0.239928502594715,2.206,0.3,0.136,0.0314,0.8811
2026-08-07,wing_below,6750.0,2026-09-11,35,8.6,8.8,8.7,0.247081632119767,2.0238,0.2,0.0988,0.023,0.8746
2026-08-07,short_above,7150.0,2026-09-11,35,19.9,20.2,20.05,0.192780982893652,4.1382,0.3,0.0725,0.015,0.9264
2026-08-07,wing_above,6850.0,2026-09-11,35,10.3,10.6,10.45,0.232978135265026,2.4025,0.3,0.1249,0.0287,0.8876
2026-08-07,wing_below,6800.0,2026-09-11,35,9.4,9.7,9.55,0.239928502594715,2.1981,0.3,0.1365,0.0314,0.8811
2026-08-07,short_above,7500.0,2026-09-14,38,56.4,56.9,56.65,0.147764986030516,8.0986,0.5,0.0617,0.0088,0.9718
2026-08-07,short_below,7450.0,2026-09-14,38,48.4,48.9,48.65,0.153472071425486,7.505,0.5,0.0666,0.0103,0.9653
2026-08-07,wing_above,7200.0,2026-09-14,38,24.4,24.8,24.6,0.183033333195112,4.8569,0.4,0.0824,0.0163,0.9329
2026-08-07,wing_below,7175.0,2026-09-14,38,22.9,23.3,23.1,0.186620079993972,4.657,0.4,0.0859,0.0173,0.9297
2026-08-07,short_above,7555.0,2026-09-18,42,77.2,77.6,77.4,0.147110411660152,9.3211,0.4,0.0429,0.0052,0.9789
2026-08-07,short_below,7550.0,2026-09-18,42,76.1,76.5,76.3,0.147616485995598,9.257,0.4,0.0432,0.0052,0.9782
2026-08-07,wing_above,7280.0,2026-09-18,42,37.2,37.6,37.4,0.178413529061114,6.3036,0.4,0.0635,0.0107,0.9433
2026-08-07,wing_below,7275.0,2026-09-18,42,36.8,37.1,36.95,0.178822565647258,6.254,0.3,0.048,0.0081,0.9426
2026-08-07,short_above,7500.0,2026-09-18,42,66.0,66.4,66.2,0.152332390557266,8.7106,0.4,0.0459,0.006,0.9718
2026-08-07,short_below,7495.0,2026-09-18,42,65.2,65.6,65.4,0.153375399405409,8.6544,0.4,0.0462,0.0061,0.9711
2026-08-07,wing_above,7225.0,2026-09-18,42,32.7,33.0,32.85,0.184919259935687,5.776,0.3,0.0519,0.0091,0.9361
2026-08-07,wing_below,7210.0,2026-09-18,42,31.6,31.9,31.75,0.186484058050606,5.639,0.3,0.0532,0.0094,0.9342
2026-08-07,short_above,7125.0,2026-08-07,0,0.05,0.1,0.075,0.506219486984149,0.0197,0.05,2.5387,0.6667,0.9241
2026-08-07,short_below,7100.0,2026-08-07,0,0.05,0.1,0.075,0.520391454508151,0.017,0.05,2.9329,0.6667,0.9209
2026-08-07,short_above,7275.0,2026-08-21,14,5.5,5.7,5.6,0.176494679531406,1.6672,0.2,0.12,0.0357,0.9436
2026-08-07,short_below,7270.0,2026-08-21,14,5.3,5.6,5.45,0.178177924892812,1.6367,0.3,0.1833,0.055,0.9429
2026-08-07,wing_above,7075.0,2026-08-21,14,2.45,2.6,2.525,0.212649695401333,0.8563,0.15,0.1752,0.0594,0.9176
2026-08-07,wing_below,7070.0,2026-08-21,14,2.4,2.55,2.475,0.213581032817655,0.8434,0.15,0.1779,0.0606,0.917
2026-08-07,short_above,7295.0,2026-08-21,14,6.0,6.3,6.15,0.175523789646744,1.7963,0.3,0.167,0.0488,0.9462
2026-08-07,short_below,7280.0,2026-08-21,14,5.6,5.8,5.7,0.175918022447121,1.6983,0.2,0.1178,0.0351,0.9442
2026-08-07,wing_above,7090.0,2026-08-21,14,2.55,2.7,2.625,0.209858542318874,0.8932,0.15,0.1679,0.0571,0.9196
2026-08-07,wing_below,7085.0,2026-08-21,14,2.5,2.65,2.575,0.210788393866252,0.8749,0.15,0.1715,0.0583,0.9189
2026-08-07,short_above,7225.0,2026-08-21,14,4.4,4.6,4.5,0.185294306591435,1.3905,0.2,0.1438,0.0444,0.9371
2026-08-07,short_below,7220.0,2026-08-21,14,4.3,4.5,4.4,0.186171689298247,1.3664,0.2,0.1464,0.0455,0.9364
2026-08-07,wing_above,7020.0,2026-08-21,14,2.0,2.15,2.075,0.222909732855152,0.726,0.15,0.2066,0.0723,0.9105
2026-08-07,wing_below,7010.0,2026-08-21,14,1.95,2.1,2.025,0.225543966418443,0.705,0.15,0.2128,0.0741,0.9092
2026-08-07,short_above,7280.0,2026-08-21,14,5.6,5.8,5.7,0.176449625338214,1.6983,0.2,0.1178,0.0351,0.9442
2026-08-07,wing_above,6985.0,2026-08-21,14,1.8,1.9,1.85,0.228270326401831,0.6557,0.1,0.1525,0.0541,0.9062
2026-08-07,wing_below,6980.0,2026-08-21,14,1.75,1.9,1.825,0.229190464013416,0.6419,0.15,0.2337,0.0822,0.9055
2026-08-07,short_above,7330.0,2026-08-21,14,7.1,7.4,7.25,0.16759911628343,2.0503,0.3,0.1463,0.0414,0.9509
2026-08-07,short_below,7325.0,2026-08-21,14,6.9,7.2,7.05,0.169514574253466,2.0112,0.3,0.1492,0.0426,0.9503
2026-08-07,wing_above,7065.0,2026-08-21,14,2.35,2.45,2.4,0.213569442595567,0.8298,0.1,0.1205,0.0417,0.9165
2026-08-07,wing_below,7060.0,2026-08-21,14,2.3,2.45,2.375,0.214486580859453,0.8181,0.15,0.1833,0.0632,0.9159
2026-08-07,short_above,7320.0,2026-08-28,21,15.8,16.1,15.95,0.173602803328123,3.4814,0.3,0.0862,0.0188,0.9496
2026-08-07,short_below,7310.0,2026-08-28,21,15.2,15.5,15.35,0.174925070475222,3.3345,0.3,0.09,0.0195,0.9483
2026-08-07,wing_above,7050.0,2026-08-28,21,6.3,6.5,6.4,0.213149568385789,1.6964,0.2,0.1179,0.0313,0.9146
2026-08-07,short_above,7290.0,2026-08-28,21,14.0,14.4,14.2,0.177814940441416,3.2098,0.4,0.1246,0.0282,0.9457
2026-08-07,short_below,7280.0,2026-08-28,21,13.5,13.8,13.65,0.179227606941376,3.1238,0.3,0.096,0.022,0.9444
2026-08-07,wing_above,7000.0,2026-08-28,21,5.5,5.7,5.6,0.221607610516163,1.4973,0.2,0.1336,0.0357,0.9081
2026-08-07,wing_below,6990.0,2026-08-28,21,5.3,5.5,5.4,0.222452536376139,1.461,0.2,0.1369,0.037,0.9068
2026-08-07,short_above,7320.0,2026-08-28,21,15.7,16.0,15.85,0.173991282761178,3.4814,0.3,0.0862,0.0189,0.9496
2026-08-07,short_below,7310.0,2026-08-28,21,15.1,15.4,15.25,0.174925070475222,3.3886,0.3,0.0885,0.0197,0.9483
2026-08-07,wing_above,7050.0,2026-08-28,21,6.3,6.5,6.4,0.214506637751757,1.6964,0.2,0.1179,0.0313,0.9146
2026-08-07,wing_below,7025.0,2026-08-28,21,5.9,6.1,6.0,0.217744612407208,1.5951,0.2,0.1254,0.0333,0.9113
2026-08-07,short_below,7300.0,2026-08-28,21,14.5,14.8,14.65,0.176406672651036,3.298,0.3,0.091,0.0205,0.947
2026-08-07,wing_above,7050.0,2026-08-28,21,6.3,6.5,6.4,0.214506637751757,1.6964,0.2,0.1179,0.0313,0.9146
2026-08-07,wing_below,7025.0,2026-08-28,21,5.8,6.1,5.95,0.217744612407208,1.5951,0.3,0.1881,0.0504,0.9113
2026-08-07,short_above,7220.0,2026-08-28,21,10.8,11.2,11.0,0.187803596915922,2.6526,0.4,0.1508,0.0364,0.9366
2026-08-07,short_below,7210.0,2026-08-28,21,10.5,10.8,10.65,0.189250753169227,2.5816,0.3,0.1162,0.0282,0.9353
2026-08-07,wing_above,6925.0,2026-08-28,21,4.4,4.7,4.55,0.233373287670281,1.2509,0.3,0.2398,0.0659,0.8984
2026-08-07,wing_below,6900.0,2026-08-28,21,4.2,4.4,4.3,0.236684968129607,1.1762,0.2,0.17,0.0465,0.8951
2026-08-07,short_above,7225.0,2026-08-31,24,13.1,13.3,13.2,0.18271800990551,3.0933,0.2,0.0647,0.0152,0.9373
2026-08-07,short_below,7220.0,2026-08-31,24,12.8,13.1,12.95,0.183410930904141,3.0595,0.3,0.0981,0.0232,0.9366
2026-08-07,wing_above,6920.0,2026-08-31,24,5.3,5.6,5.45,0.226641434051854,1.4747,0.3,0.2034,0.055,0.8977
2026-08-07,wing_below,6915.0,2026-08-31,24,5.3,5.5,5.4,0.22738908034706,1.4625,0.2,0.1368,0.037,0.8971
2026-08-07,short_above,7230.0,2026-08-31,24,13.2,13.5,13.35,0.181937593192574,3.1218,0.3,0.0961,0.0225,0.9379
2026-08-07,wing_above,6930.0,2026-08-31,24,5.5,5.7,5.6,0.225057916811358,1.5087,0.2,0.1326,0.0357,0.8989
2026-08-07,wing_below,6920.0,2026-08-31,24,5.3,5.5,5.4,0.226979175505369,1.4747,0.2,0.1356,0.037,0.8976
2026-08-07,short_above,7275.0,2026-09-04,28,21.3,21.6,21.45,0.179793875383851,4.2932,0.3,0.0699,0.014,0.9437
2026-08-07,short_below,7250.0,2026-09-04,28,19.8,20.1,19.95,0.182960730582587,4.0668,0.3,0.0738,0.015,0.9404
2026-08-07,wing_above,6975.0,2026-09-04,28,9.5,9.7,9.6,0.221219534967717,2.2649,0.2,0.0883,0.0208,0.9048
2026-08-07,wing_below,6950.0,2026-09-04,28,9.0,9.2,9.1,0.224808330561261,2.1532,0.2,0.0929,0.022,0.9015
2026-08-07,short_above,7150.0,2026-09-04,28,14.9,15.1,15.0,0.196704707467433,3.2732,0.2,0.0611,0.0133,0.9275
2026-08-07,short_below,7125.0,2026-09-04,28,13.8,14.1,13.95,0.200142215853138,3.1016,0.3,0.0967,0.0215,0.9242
2026-08-07,wing_above,6850.0,2026-09-04,28,7.2,7.3,7.25,0.239359097221148,1.7688,0.1,0.0565,0.0138,0.8885
2026-08-07,wing_below,6800.0,2026-09-04,28,6.4,6.7,6.55,0.246735925180492,1.5951,0.3,0.1881,0.0458,0.8821
2026-08-07,short_above,7125.0,2026-09-04,28,13.8,14.0,13.9,0.199532974733493,3.1016,0.2,0.0645,0.0144,0.9242
2026-08-07,short_below,7100.0,2026-09-04,28,12.9,13.2,13.05,0.203585123769609,2.9294,0.3,0.1024,0.023,0.921
2026-08-07,wing_below,6800.0,2026-09-04,28,6.4,6.7,6.55,0.246971432143536,1.5951,0.3,0.1881,0.0458,0.8821
2026-08-07,short_below,7150.0,2026-09-11,35,20.6,20.9,20.75,0.193257407949887,4.2014,0.3,0.0714,0.0145,0.9275
2026-08-07,wing_above,6850.0,2026-09-11,35,10.6,10.9,10.75,0.233086766264089,2.4394,0.3,0.123,0.0279,0.8885
2026-08-07,wing_below,6800.0,2026-09-11,35,9.7,9.9,9.8,0.23995035489341,2.2391,0.2,0.0893,0.0204,0.8821
2026-08-07,short_above,7125.0,2026-09-11,35,19.4,19.8,19.6,0.19648184234449,4.0098,0.4,0.0998,0.0204,0.9242
2026-08-07,short_below,7100.0,2026-09-11,35,18.3,18.6,18.45,0.199723526922869,3.8274,0.3,0.0784,0.0163,0.921
2026-08-07,wing_above,6800.0,2026-09-11,35,9.7,9.9,9.8,0.239928502594715,2.2391,0.2,0.0893,0.0204,0.8821
2026-08-07,wing_below,6750.0,2026-09-11,35,8.8,9.1,8.95,0.246864442046882,2.0586,0.3,0.1457,0.0335,0.8756
2026-08-07,short_below,7125.0,2026-09-11,35,19.4,19.7,19.55,0.197667745097105,4.0098,0.3,0.0748,0.0153,0.9242
2026-08-07,wing_above,6850.0,2026-09-11,35,10.7,10.9,10.8,0.232978135265026,2.4394,0.2,0.082,0.0185,0.8885
2026-08-07,wing_below,6800.0,2026-09-11,35,9.7,9.9,9.8,0.239928502594715,2.2391,0.2,0.0893,0.0204,0.8821
2026-08-07,short_above,7500.0,2026-09-14,38,58.2,58.7,58.45,0.148027172954499,8.2055,0.5,0.0609,0.0086,0.9729
2026-08-07,short_below,7450.0,2026-09-14,38,49.9,50.4,50.15,0.153734269548539,7.6093,0.5,0.0657,0.01,0.9664
2026-08-07,wing_above,7200.0,2026-09-14,38,25.1,25.5,25.3,0.183033333195112,4.9437,0.4,0.0809,0.0158,0.9339
2026-08-07,wing_below,7175.0,2026-09-14,38,23.6,24.0,23.8,0.186709577472041,4.7348,0.4,0.0845,0.0168,0.9306
2026-08-07,short_above,7555.0,2026-09-18,42,79.5,79.9,79.7,0.147427026553664,9.3812,0.4,0.0426,0.005,0.9799
2026-08-07,short_below,7550.0,2026-09-18,42,78.3,78.8,78.55,0.147936693858175,9.3301,0.5,0.0536,0.0064,0.9793
2026-08-07,wing_above,7280.0,2026-09-18,42,38.2,38.6,38.4,0.178626334044048,6.3995,0.4,0.0625,0.0104,0.9443
2026-08-07,short_above,7500.0,2026-09-18,42,67.7,68.2,67.95,0.153339599625012,8.795,0.5,0.0569,0.0074,0.9728
2026-08-07,short_below,7495.0,2026-09-18,42,66.8,67.3,67.05,0.152874760801471,8.7397,0.5,0.0572,0.0075,0.9721
2026-08-07,wing_above,7225.0,2026-09-18,42,33.6,33.9,33.75,0.184636094893949,5.8677,0.3,0.0511,0.0089,0.9371
2026-08-07,wing_below,7210.0,2026-09-18,42,32.4,32.8,32.6,0.187118816155961,5.7292,0.4,0.0698,0.0123,0.9352
2026-08-07,short_above,7295.0,2026-08-21,14,5.5,5.7,5.6,0.171465486330101,1.6737,0.2,0.1195,0.0357,0.9458
2026-08-07,short_below,7280.0,2026-08-21,14,5.1,5.4,5.25,0.17389009115695,1.5794,0.3,0.1899,0.0571,0.9439
2026-08-07,wing_above,7090.0,2026-08-21,14,2.35,2.5,2.425,0.207897261259336,0.8199,0.15,0.1829,0.0619,0.9192
2026-08-07,wing_below,7085.0,2026-08-21,14,2.3,2.45,2.375,0.20883463196712,0.8046,0.15,0.1864,0.0632,0.9186
2026-08-07,short_above,7225.0,2026-08-21,14,4.0,4.2,4.1,0.183207050264947,1.2865,0.2,0.1555,0.0488,0.9367
2026-08-07,wing_above,7020.0,2026-08-21,14,1.85,2.0,1.925,0.221062885409051,0.6633,0.15,0.2262,0.0779,0.9102
2026-08-07,wing_below,7010.0,2026-08-21,14,1.8,1.95,1.875,0.222948707112818,0.644,0.15,0.2329,0.08,0.9089
2026-08-07,short_above,7280.0,2026-08-21,14,5.1,5.4,5.25,0.174325510088795,1.5794,0.3,0.1899,0.0571,0.9439
2026-08-07,short_below,7275.0,2026-08-21,14,5.0,5.3,5.15,0.180231313096363,1.5494,0.3,0.1936,0.0583,0.9432
2026-08-07,wing_above,6985.0,2026-08-21,14,1.7,1.8,1.75,0.227666197071013,0.6002,0.1,0.1666,0.0571,0.9056
2026-08-07,wing_below,6980.0,2026-08-21,14,1.65,1.8,1.725,0.228610062789905,0.5936,0.15,0.2527,0.087,0.905
2026-08-07,short_above,7330.0,2026-08-21,14,6.5,6.8,6.65,0.166007792363222,1.9212,0.3,0.1561,0.0451,0.9504
2026-08-07,short_below,7325.0,2026-08-21,14,6.4,6.6,6.5,0.166771658055357,1.8834,0.2,0.1062,0.0308,0.9497
2026-08-07,wing_above,7065.0,2026-08-21,14,2.15,2.3,2.225,0.212589959450678,0.7612,0.15,0.1971,0.0674,0.916
2026-08-07,wing_below,7060.0,2026-08-21,14,2.15,2.25,2.2,0.213530014323238,0.7469,0.1,0.1339,0.0455,0.9153
2026-08-07,short_above,7320.0,2026-08-28,21,14.9,15.3,15.1,0.172900239600737,3.3264,0.4,0.1203,0.0265,0.9491
2026-08-07,short_below,7310.0,2026-08-28,21,14.4,14.7,14.55,0.175002669295294,3.3888,0.3,0.0885,0.0206,0.9476
2026-08-07,wing_above,7050.0,2026-08-28,21,6.0,6.3,6.15,0.212447848950553,1.6036,0.3,0.1871,0.0488,0.9139
2026-08-07,wing_below,7025.0,2026-08-28,21,5.6,5.9,5.75,0.217744612407208,1.5951,0.3,0.1881,0.0522,0.9107
2026-08-07,short_above,7290.0,2026-08-28,21,13.4,13.7,13.55,0.177107102890631,3.0613,0.3,0.098,0.0221,0.945
2026-08-07,wing_above,7000.0,2026-08-28,21,5.2,5.5,5.35,0.220218725521441,1.4146,0.3,0.2121,0.0561,0.9074
2026-08-07,wing_below,6990.0,2026-08-28,21,5.1,5.3,5.2,0.221787232370846,1.3803,0.2,0.1449,0.0385,0.9061
2026-08-07,short_above,7320.0,2026-08-28,21,15.0,15.3,15.15,0.173991282761178,3.3264,0.3,0.0902,0.0198,0.9489
2026-08-07,short_below,7310.0,2026-08-28,21,14.4,14.8,14.6,0.174925070475222,3.2357,0.4,0.1236,0.0274,0.9476
2026-08-07,wing_above,7050.0,2026-08-28,21,6.0,6.3,6.15,0.214506637751757,1.6036,0.3,0.1871,0.0488,0.9139
2026-08-07,wing_below,7025.0,2026-08-28,21,5.6,5.9,5.75,0.216317855562152,1.5133,0.3,0.1982,0.0522,0.9107
2026-08-07,short_above,7310.0,2026-08-28,21,14.5,14.8,14.65,0.174925070475222,3.2357,0.3,0.0927,0.0205,0.9476
2026-08-07,short_below,7300.0,2026-08-28,21,13.9,14.2,14.05,0.175701031351118,3.1473,0.3,0.0953,0.0214,0.9463
2026-08-07,wing_below,7025.0,2026-08-28,21,5.6,5.9,5.75,0.217744612407208,1.5133,0.3,0.1982,0.0522,0.9107
2026-08-07,short_above,7220.0,2026-08-28,21,10.4,10.8,10.6,0.18707639832879,2.5218,0.4,0.1586,0.0377,0.936
2026-08-07,short_below,7210.0,2026-08-28,21,10.1,10.4,10.25,0.189451934619985,2.4534,0.3,0.1223,0.0293,0.9347
2026-08-07,wing_above,6925.0,2026-08-28,21,4.2,4.5,4.35,0.232085378969384,1.1879,0.3,0.2525,0.069,0.8977
2026-08-07,wing_below,6900.0,2026-08-28,21,4.0,4.2,4.1,0.236089201808076,1.1136,0.2,0.1796,0.0488,0.8945
2026-08-07,short_above,7225.0,2026-08-31,24,12.6,12.8,12.7,0.182173382935695,2.9185,0.2,0.0685,0.0157,0.9366
2026-08-07,short_below,7220.0,2026-08-31,24,12.3,12.7,12.5,0.182564837974226,2.9046,0.4,0.1377,0.032,0.9362
2026-08-07,wing_above,6920.0,2026-08-31,24,5.1,5.4,5.25,0.225638566477968,1.3842,0.3,0.2167,0.0571,0.8973
2026-08-07,wing_below,6915.0,2026-08-31,24,5.1,5.3,5.2,0.226382283704424,1.3753,0.2,0.1454,0.0385,0.8967
2026-08-07,short_above,7230.0,2026-08-31,24,12.7,13.1,12.9,0.181185438467579,2.9702,0.4,0.1347,0.031,0.9375
2026-08-07,short_below,7225.0,2026-08-31,24,12.6,12.8,12.7,0.182375621661662,2.9317,0.2,0.0682,0.0157,0.9369
2026-08-07,wing_above,6930.0,2026-08-31,24,5.3,5.5,5.4,0.224153253867674,1.4164,0.2,0.1412,0.037,0.8986
2026-08-07,wing_below,6920.0,2026-08-31,24,5.1,5.4,5.25,0.226979175505369,1.3842,0.3,0.2167,0.0571,0.8973
2026-08-07,short_above,7275.0,2026-09-04,28,20.8,21.1,20.95,0.179034071268469,4.1392,0.3,0.0725,0.0143,0.9433
2026-08-07,short_below,7250.0,2026-09-04,28,19.3,19.6,19.45,0.182357156897278,3.9171,0.3,0.0766,0.0154,0.9401
2026-08-07,wing_above,6975.0,2026-09-04,28,9.2,9.5,9.35,0.220258433583813,2.1599,0.3,0.1389,0.0321,0.9044
2026-08-07,wing_below,6950.0,2026-09-04,28,8.7,9.0,8.85,0.223834225484797,2.0514,0.3,0.1462,0.0339,0.9012
2026-08-07,short_above,7150.0,2026-09-04,28,14.5,14.7,14.6,0.192578881794763,3.1412,0.2,0.0637,0.0137,0.9271
2026-08-07,short_below,7125.0,2026-09-04,28,13.5,13.8,13.65,0.199259227598015,2.9738,0.3,0.1009,0.022,0.9239
2026-08-07,wing_above,6850.0,2026-09-04,28,6.9,7.2,7.05,0.238325718981635,1.6791,0.3,0.1787,0.0426,0.8882
2026-08-07,wing_below,6800.0,2026-09-04,28,6.2,6.5,6.35,0.245674044469793,1.5243,0.3,0.1968,0.0472,0.8817
2026-08-07,short_above,7125.0,2026-09-04,28,13.5,13.8,13.65,0.199532974733493,2.9738,0.3,0.1009,0.022,0.9239
2026-08-07,short_below,7100.0,2026-09-04,28,12.6,12.9,12.75,0.202702358235953,2.8163,0.3,0.1065,0.0235,0.9206
2026-08-07,wing_above,6850.0,2026-09-04,28,6.9,7.2,7.05,0.239449899969781,1.6791,0.3,0.1787,0.0426,0.8882
2026-08-07,wing_below,6800.0,2026-09-04,28,6.2,6.5,6.35,0.246971432143536,1.5243,0.3,0.1968,0.0472,0.8817
2026-08-07,short_above,7200.0,2026-09-11,35,23.0,23.3,23.15,0.185966203519628,4.4518,0.3,0.0674,0.013,0.9336
2026-08-07,short_below,7150.0,2026-09-11,35,20.3,20.6,20.45,0.192299958262864,4.0465,0.3,0.0741,0.0147,0.9271
2026-08-07,wing_above,6850.0,2026-09-11,35,10.4,10.7,10.55,0.23196504745234,2.3331,0.3,0.1286,0.0284,0.8882
2026-08-07,wing_below,6800.0,2026-09-11,35,9.5,9.8,9.65,0.238904639215532,2.1432,0.3,0.14,0.0311,0.8817
2026-08-07,short_above,7125.0,2026-09-11,35,19.0,19.4,19.2,0.19553030811767,3.8609,0.4,0.1036,0.0208,0.9239
2026-08-07,short_below,7100.0,2026-09-11,35,17.9,18.3,18.1,0.198748797312527,3.6822,0.4,0.1086,0.0221,0.9207
2026-08-07,wing_above,6800.0,2026-09-11,35,9.5,9.8,9.65,0.239928502594715,2.1432,0.3,0.14,0.0311,0.8818
2026-08-07,wing_below,6750.0,2026-09-11,35,8.6,9.0,8.8,0.246630510006846,1.9698,0.4,0.2031,0.0455,0.8753
2026-08-07,short_above,7150.0,2026-09-11,35,20.3,20.6,20.45,0.192780982893652,4.0465,0.3,0.0741,0.0147,0.9271
2026-08-07,short_below,7125.0,2026-09-11,35,19.0,19.4,19.2,0.197667745097105,3.8609,0.4,0.1036,0.0208,0.9239
2026-08-07,wing_above,6850.0,2026-09-11,35,10.4,10.7,10.55,0.232978135265026,2.3331,0.3,0.1286,0.0284,0.8882
2026-08-07,wing_below,6800.0,2026-09-11,35,9.5,9.8,9.65,0.239928502594715,2.1432,0.3,0.14,0.0311,0.8818
2026-08-07,short_above,7500.0,2026-09-14,38,57.5,58.1,57.8,0.147463315956889,7.9847,0.6,0.0751,0.0104,0.9725
2026-08-07,short_below,7450.0,2026-09-14,38,49.3,49.9,49.6,0.15318952966202,7.3803,0.6,0.0813,0.0121,0.966
2026-08-07,wing_above,7200.0,2026-09-14,38,24.8,25.3,25.05,0.183283288963267,4.7552,0.5,0.1051,0.02,0.9336
2026-08-07,wing_below,7175.0,2026-09-14,38,23.3,23.8,23.55,0.186363593857546,4.5421,0.5,0.1101,0.0212,0.9304
2026-08-07,short_above,7555.0,2026-09-18,42,78.9,79.4,79.15,0.146940457184311,9.2358,0.5,0.0541,0.0063,0.9797
2026-08-07,short_below,7550.0,2026-09-18,42,77.8,78.2,78.0,0.147452241144567,9.175,0.4,0.0436,0.0051,0.979
2026-08-07,wing_above,7280.0,2026-09-18,42,38.0,38.4,38.2,0.178280568567552,6.2143,0.4,0.0644,0.0105,0.944
2026-08-07,wing_below,7275.0,2026-09-18,42,37.5,37.9,37.7,0.178886091302527,6.1694,0.4,0.0648,0.0106,0.9434
2026-08-07,short_above,7500.0,2026-09-18,42,67.4,67.8,67.6,0.152731037728278,8.6205,0.4,0.0464,0.0059,0.9725
2026-08-07,short_below,7495.0,2026-09-18,42,66.4,66.9,66.65,0.152874760801471,8.5657,0.5,0.0584,0.0075,0.9719
2026-08-07,wing_above,7225.0,2026-09-18,42,33.3,33.7,33.5,0.184965212907967,5.6898,0.4,0.0703,0.0119,0.9369
2026-08-07,wing_below,7210.0,2026-09-18,42,32.2,32.6,32.4,0.186795396812514,5.5536,0.4,0.072,0.0123,0.9349
2026-08-07,short_above,7225.0,2026-08-21,14,2.85,3.1,2.975,0.182131929950866,1.0601,0.25,0.2358,0.084,0.9344
2026-08-07,short_below,7220.0,2026-08-21,14,2.8,2.95,2.875,0.183006293565653,1.0402,0.15,0.1442,0.0522,0.9338
2026-08-07,wing_above,7020.0,2026-08-21,14,1.35,1.5,1.425,0.221538161744476,0.5471,0.15,0.2742,0.1053,0.9079
2026-08-07,wing_below,7010.0,2026-08-21,14,1.3,1.45,1.375,0.22355975160692,0.5321,0.15,0.2819,0.1091,0.9066
2026-08-07,short_above,7280.0,2026-08-21,14,3.7,3.9,3.8,0.17368413096759,1.3185,0.2,0.1517,0.0526,0.9415
2026-08-07,short_below,7275.0,2026-08-21,14,3.5,3.8,3.65,0.173701344485618,1.2919,0.3,0.2322,0.0822,0.9409
2026-08-07,wing_above,6985.0,2026-08-21,14,1.2,1.35,1.275,0.228761686835986,0.4971,0.15,0.3018,0.1176,0.9034
2026-08-07,wing_below,6980.0,2026-08-21,14,1.2,1.35,1.275,0.229635479220318,0.4904,0.15,0.3059,0.1176,0.9027
2026-08-07,short_above,7330.0,2026-08-21,14,4.6,4.8,4.7,0.16532426516068,1.6214,0.2,0.1233,0.0426,0.948
2026-08-07,short_below,7325.0,2026-08-21,14,4.5,4.7,4.6,0.165663003988334,1.5408,0.2,0.1298,0.0435,0.9473
2026-08-07,wing_above,7065.0,2026-08-21,14,1.55,1.7,1.625,0.212485876763025,0.6039,0.15,0.2484,0.0923,0.9137
2026-08-07,wing_below,7060.0,2026-08-21,14,1.5,1.65,1.575,0.213486750702652,0.5952,0.15,0.252,0.0952,0.9131
2026-08-07,short_above,7320.0,2026-08-28,21,11.9,12.3,12.1,0.171199412777929,2.9689,0.4,0.1347,0.0331,0.9467
2026-08-07,short_below,7310.0,2026-08-28,21,11.2,11.6,11.4,0.172643353292356,2.8841,0.4,0.1387,0.0351,0.9454
2026-08-07,wing_above,7050.0,2026-08-28,21,4.7,5.0,4.85,0.211729732350093,1.3961,0.3,0.2149,0.0619,0.9118
2026-08-07,wing_below,7025.0,2026-08-28,21,4.4,4.6,4.5,0.215649404507116,1.3083,0.2,0.1529,0.0444,0.9085
2026-08-07,short_above,7290.0,2026-08-28,21,10.4,10.7,10.55,0.175544185105147,2.7218,0.3,0.1102,0.0284,0.9428
2026-08-07,short_below,7280.0,2026-08-28,21,10.0,10.3,10.15,0.177000976600887,2.6442,0.3,0.1135,0.0296,0.9415
2026-08-07,wing_above,7000.0,2026-08-28,21,4.1,4.3,4.2,0.219595750049693,1.2274,0.2,0.1629,0.0476,0.9053
2026-08-07,wing_below,6990.0,2026-08-28,21,4.0,4.2,4.1,0.221181499069569,1.1968,0.2,0.1671,0.0488,0.904
2026-08-07,short_below,7310.0,2026-08-28,21,11.4,11.8,11.6,0.173882028455906,2.8841,0.4,0.1387,0.0345,0.9454
2026-08-07,wing_above,7050.0,2026-08-28,21,4.7,5.0,4.85,0.212251108338411,1.3961,0.3,0.2149,0.0619,0.9118
2026-08-07,wing_below,7025.0,2026-08-28,21,4.4,4.7,4.55,0.216823064585209,1.3083,0.3,0.2293,0.0659,0.9085
2026-08-07,short_above,7310.0,2026-08-28,21,11.4,11.8,11.6,0.173882028455906,2.8841,0.4,0.1387,0.0345,0.9454
2026-08-07,short_below,7300.0,2026-08-28,21,11.0,11.2,11.1,0.175099948964832,2.8017,0.2,0.0714,0.018,0.9436
2026-08-07,wing_above,7050.0,2026-08-28,21,4.7,5.0,4.85,0.212251108338411,1.3961,0.3,0.2149,0.0619,0.9113
2026-08-07,short_above,7220.0,2026-08-28,21,8.1,8.4,8.25,0.185935245466819,2.2256,0.3,0.1348,0.0364,0.9333
2026-08-07,short_below,7210.0,2026-08-28,21,7.9,8.1,8.0,0.186915082384651,2.1632,0.2,0.0925,0.025,0.932
2026-08-07,wing_above,6925.0,2026-08-28,21,3.4,3.6,3.5,0.232107761004643,1.0196,0.2,0.1961,0.0571,0.8951
2026-08-07,wing_below,6900.0,2026-08-28,21,3.2,3.4,3.3,0.236141376948393,0.9712,0.2,0.2059,0.0606,0.8919
2026-08-07,short_above,7225.0,2026-08-31,24,10.1,10.4,10.25,0.180980618859263,2.6605,0.3,0.1128,0.0293,0.9339
2026-08-07,short_below,7220.0,2026-08-31,24,10.0,10.2,10.1,0.181694196843961,2.5978,0.2,0.077,0.0198,0.9333
2026-08-07,wing_above,6920.0,2026-08-31,24,4.2,4.4,4.3,0.226038522257522,1.2465,0.2,0.1605,0.0465,0.8945
2026-08-07,wing_below,6915.0,2026-08-31,24,4.1,4.4,4.25,0.22687387990466,1.2011,0.3,0.2498,0.0706,0.8938
2026-08-07,short_above,7230.0,2026-08-31,24,10.4,10.7,10.55,0.180267738202242,2.6959,0.3,0.1113,0.0284,0.9345
2026-08-07,short_below,7225.0,2026-08-31,24,10.2,10.4,10.3,0.181675999626555,2.6605,0.2,0.0752,0.0194,0.9339
2026-08-07,wing_above,6930.0,2026-08-31,24,4.3,4.5,4.4,0.228384770970811,1.2651,0.2,0.1581,0.0455,0.8958
2026-08-07,short_above,7275.0,2026-09-04,28,17.9,18.2,18.05,0.178792666521612,3.8521,0.3,0.0779,0.0166,0.9404
2026-08-07,short_below,7250.0,2026-09-04,28,16.6,16.8,16.7,0.181560962769346,3.6391,0.2,0.055,0.012,0.9371
2026-08-07,wing_above,6975.0,2026-09-04,28,8.0,8.3,8.15,0.221063295307981,1.992,0.3,0.1506,0.0368,0.9016
2026-08-07,wing_below,6950.0,2026-09-04,28,7.5,7.8,7.65,0.226628659721664,1.8928,0.3,0.1585,0.0392,0.8984
2026-08-07,short_above,7150.0,2026-09-04,28,12.4,12.7,12.55,0.195928420776686,2.9032,0.3,0.1033,0.0239,0.9242
2026-08-07,short_below,7125.0,2026-09-04,28,11.6,11.9,11.75,0.199433365915375,2.7462,0.3,0.1092,0.0255,0.921
2026-08-07,wing_above,6850.0,2026-09-04,28,6.0,6.3,6.15,0.241264661397443,1.5541,0.3,0.193,0.0488,0.8854
2026-08-07,wing_below,6800.0,2026-09-04,28,5.5,5.7,5.6,0.247448723558503,1.4138,0.2,0.1415,0.0357,0.879
2026-08-07,short_above,7125.0,2026-09-04,28,11.6,11.9,11.75,0.199074238931542,2.7462,0.3,0.1092,0.0255,0.921
2026-08-07,short_below,7100.0,2026-09-04,28,10.8,11.1,10.95,0.202966209402176,2.599,0.3,0.1154,0.0274,0.9177
2026-08-07,wing_below,6800.0,2026-09-04,28,5.5,5.7,5.6,0.248946463308643,1.4138,0.2,0.1415,0.0357,0.879
2026-08-07,short_above,7200.0,2026-09-11,35,20.3,20.6,20.45,0.186315195928432,4.2419,0.3,0.0707,0.0147,0.9307
2026-08-07,short_below,7150.0,2026-09-11,35,17.9,18.2,18.05,0.193265621929761,3.8538,0.3,0.0778,0.0166,0.9242
2026-08-07,wing_above,6850.0,2026-09-11,35,9.3,9.6,9.45,0.234340517707656,2.2227,0.3,0.135,0.0317,0.8854
2026-08-07,wing_below,6800.0,2026-09-11,35,8.5,8.8,8.65,0.240763473303712,2.0392,0.3,0.1471,0.0347,0.8793
2026-08-07,short_above,7125.0,2026-09-11,35,16.8,17.1,16.95,0.196555431897726,3.6743,0.3,0.0816,0.0177,0.9213
2026-08-07,short_below,7100.0,2026-09-11,35,15.8,16.2,16.0,0.199863612729096,3.504,0.4,0.1142,0.025,0.9181
2026-08-07,wing_above,6800.0,2026-09-11,35,8.5,8.8,8.65,0.24135860682099,2.0392,0.3,0.1471,0.0347,0.8793
2026-08-07,wing_below,6750.0,2026-09-11,35,7.8,8.0,7.9,0.247754646694201,1.8738,0.2,0.1067,0.0253,0.8729
2026-08-07,short_below,7125.0,2026-09-11,35,16.7,17.1,16.9,0.196836013043157,3.6743,0.4,0.1089,0.0237,0.9213
2026-08-07,wing_above,6850.0,2026-09-11,35,9.3,9.6,9.45,0.234340517707656,2.2227,0.3,0.135,0.0317,0.8858
2026-08-07,wing_below,6800.0,2026-09-11,35,8.5,8.8,8.65,0.24135860682099,2.0392,0.3,0.1471,0.0347,0.8793
2026-08-07,short_above,7500.0,2026-09-14,38,51.3,51.9,51.6,0.147721255488764,7.8474,0.6,0.0765,0.0116,0.9698
2026-08-07,short_below,7450.0,2026-09-14,38,43.9,44.5,44.2,0.153325320874273,7.182,0.6,0.0835,0.0136,0.9634
2026-08-07,wing_above,7200.0,2026-09-14,38,21.7,22.3,22.0,0.183394019795789,4.5684,0.6,0.1313,0.0273,0.931
2026-08-07,wing_below,7175.0,2026-09-14,38,20.4,20.9,20.65,0.187330927011042,4.3425,0.5,0.1151,0.0242,0.9278
2026-08-07,short_above,7555.0,2026-09-18,42,71.8,72.4,72.1,0.147535475053759,9.0582,0.6,0.0662,0.0083,0.977
2026-08-07,short_below,7550.0,2026-09-18,42,70.8,71.6,71.2,0.148037149645234,9.0034,0.8,0.0889,0.0112,0.9763
2026-08-07,wing_above,7280.0,2026-09-18,42,34.2,34.6,34.4,0.178697683789379,6.0299,0.4,0.0663,0.0116,0.9414
2026-08-07,wing_below,7275.0,2026-09-18,42,33.6,34.2,33.9,0.179301798086939,5.9811,0.6,0.1003,0.0177,0.9407
2026-08-07,short_above,7500.0,2026-09-18,42,61.2,61.8,61.5,0.15323521454256,8.439,0.6,0.0711,0.0098,0.9698
2026-08-07,short_below,7495.0,2026-09-18,42,60.4,60.9,60.65,0.153771965231156,8.3815,0.5,0.0597,0.0082,0.9692
2026-08-07,wing_above,7225.0,2026-09-18,42,29.9,30.4,30.15,0.185369560692425,5.4942,0.5,0.091,0.0166,0.9343
2026-08-07,wing_below,7210.0,2026-09-18,42,28.8,29.3,29.05,0.187198574414707,5.3598,0.5,0.0933,0.0172,0.9323
2026-08-07,short_above,7510.0,2026-09-18,42,63.2,63.8,63.5,0.152170495885115,8.5369,0.6,0.0703,0.0094,0.9711
2026-08-07,short_below,7505.0,2026-09-18,42,62.5,63.0,62.75,0.152701371225483,8.4795,0.5,0.059,0.008,0.9705
2026-08-07,wing_above,7245.0,2026-09-18,42,31.6,32.1,31.85,0.182936954696044,5.6781,0.5,0.0881,0.0157,0.9369
2026-08-07,wing_below,7240.0,2026-09-18,42,31.2,31.7,31.45,0.183252604698051,5.6316,0.5,0.0888,0.0159,0.9362
