group_key,as_of,variant,breadth,cut,cond,outcome_neg
Basic Materials,2020-02-04,breadth_1m,0.3888888888888889,0.2777777777777778,False,True
Basic Materials,2020-03-05,breadth_1m,0.3333333333333333,0.2777777777777778,False,True
Basic Materials,2020-04-03,breadth_1m,0.2222222222222222,0.2777777777777778,False,False
Basic Materials,2020-05-05,breadth_1m,0.5555555555555556,0.2777777777777778,False,False
Basic Materials,2020-06-04,breadth_1m,0.7777777777777778,0.3333333333333333,False,True
Basic Materials,2020-07-06,breadth_1m,0.3888888888888889,0.3333333333333333,False,False
Basic Materials,2020-08-04,breadth_1m,0.5,0.3333333333333333,False,False
Basic Materials,2020-09-02,breadth_1m,0.5555555555555556,0.3333333333333333,False,False
Basic Materials,2020-10-02,breadth_1m,0.7222222222222222,0.3888888888888889,False,False
Basic Materials,2020-11-02,breadth_1m,0.7777777777777778,0.3888888888888889,False,True
Basic Materials,2020-12-02,breadth_1m,0.4444444444444444,0.3888888888888889,False,False
Basic Materials,2021-01-04,breadth_1m,0.6666666666666666,0.3888888888888889,False,True
Basic Materials,2021-02-03,breadth_1m,0.5,0.3888888888888889,False,False
Basic Materials,2021-03-05,breadth_1m,0.6666666666666666,0.3888888888888889,False,False
Basic Materials,2021-04-06,breadth_1m,0.5,0.3888888888888889,False,False
Basic Materials,2021-05-05,breadth_1m,0.8888888888888888,0.3888888888888889,False,False
Basic Materials,2021-06-04,breadth_1m,0.6666666666666666,0.3888888888888889,False,True
Basic Materials,2021-07-06,breadth_1m,0.10526315789473684,0.3888888888888889,False,False
Basic Materials,2021-08-04,breadth_1m,0.42105263157894735,0.3888888888888889,False,False
Basic Materials,2021-09-02,breadth_1m,0.5263157894736842,0.3888888888888889,False,True
Basic Materials,2021-10-04,breadth_1m,0.2631578947368421,0.3888888888888889,False,False
Basic Materials,2021-11-02,breadth_1m,0.5263157894736842,0.3888888888888889,False,False
Basic Materials,2021-12-02,breadth_1m,0.42105263157894735,0.3888888888888889,False,False
Basic Materials,2022-01-03,breadth_1m,0.6842105263157895,0.3888888888888889,False,False
Basic Materials,2022-02-02,breadth_1m,0.5789473684210527,0.3888888888888889,False,False
Basic Materials,2022-03-04,breadth_1m,0.5263157894736842,0.3888888888888889,False,False
Basic Materials,2022-04-04,breadth_1m,0.631578947368421,0.3888888888888889,False,False
Basic Materials,2022-05-04,breadth_1m,0.8421052631578947,0.42105263157894735,False,False
Basic Materials,2022-06-03,breadth_1m,0.5263157894736842,0.4444444444444444,False,True
Basic Materials,2022-07-06,breadth_1m,0.10526315789473684,0.42105263157894735,False,True
Basic Materials,2022-08-04,breadth_1m,0.5263157894736842,0.42105263157894735,False,False
Basic Materials,2022-09-02,breadth_1m,0.7368421052631579,0.42105263157894735,False,False
Basic Materials,2022-10-04,breadth_1m,0.631578947368421,0.42105263157894735,False,False
Basic Materials,2022-11-02,breadth_1m,0.47368421052631576,0.4444444444444444,False,False
Basic Materials,2022-12-02,breadth_1m,0.7894736842105263,0.4444444444444444,False,False
Basic Materials,2023-01-04,breadth_1m,0.5263157894736842,0.4444444444444444,False,True
Basic Materials,2023-02-03,breadth_1m,0.42105263157894735,0.4444444444444444,False,False
Basic Materials,2023-03-07,breadth_1m,0.631578947368421,0.4444444444444444,False,True
Basic Materials,2023-04-05,breadth_1m,0.10526315789473684,0.4444444444444444,False,True
Basic Materials,2023-05-05,breadth_1m,0.3684210526315789,0.4444444444444444,False,True
Basic Materials,2023-06-06,breadth_1m,0.2631578947368421,0.42105263157894735,False,False
Basic Materials,2023-07-07,breadth_1m,0.5789473684210527,0.42105263157894735,False,False
Basic Materials,2023-08-07,breadth_1m,0.631578947368421,0.4444444444444444,False,True
Basic Materials,2023-09-06,breadth_1m,0.3684210526315789,0.4444444444444444,False,True
Basic Materials,2023-10-05,breadth_1m,0.5263157894736842,0.42105263157894735,False,True
Basic Materials,2023-11-03,breadth_1m,0.3684210526315789,0.42105263157894735,False,True
Basic Materials,2023-12-05,breadth_1m,0.2631578947368421,0.42105263157894735,False,False
Basic Materials,2024-01-05,breadth_1m,0.7368421052631579,0.42105263157894735,False,True
Basic Materials,2024-02-06,breadth_1m,0.21052631578947367,0.42105263157894735,False,False
Basic Materials,2024-03-07,breadth_1m,0.7368421052631579,0.42105263157894735,False,False
Basic Materials,2024-04-08,breadth_1m,0.6842105263157895,0.42105263157894735,False,True
Basic Materials,2024-05-07,breadth_1m,0.3684210526315789,0.42105263157894735,False,True
Basic Materials,2024-06-06,breadth_1m,0.10526315789473684,0.42105263157894735,False,True
Basic Materials,2024-07-09,breadth_1m,0.0,0.3888888888888889,False,False
Basic Materials,2024-08-07,breadth_1m,0.8947368421052632,0.3888888888888889,False,True
Basic Materials,2024-09-06,breadth_1m,0.3684210526315789,0.3888888888888889,False,False
Basic Materials,2024-10-07,breadth_1m,0.42105263157894735,0.3888888888888889,False,True
Basic Materials,2024-11-05,breadth_1m,0.3684210526315789,0.3888888888888889,False,True
Basic Materials,2024-12-05,breadth_1m,0.10526315789473684,0.3888888888888889,False,True
Basic Materials,2025-01-07,breadth_1m,0.10526315789473684,0.3888888888888889,False,False
Basic Materials,2025-02-07,breadth_1m,0.6842105263157895,0.3888888888888889,False,False
Basic Materials,2025-03-11,breadth_1m,0.7894736842105263,0.3888888888888889,False,True
Basic Materials,2025-04-09,breadth_1m,0.2631578947368421,0.3888888888888889,False,False
Basic Materials,2025-05-09,breadth_1m,0.631578947368421,0.3888888888888889,False,True
Basic Materials,2025-06-10,breadth_1m,0.3157894736842105,0.3888888888888889,False,True
Basic Materials,2025-07-11,breadth_1m,0.47368421052631576,0.3888888888888889,False,True
Basic Materials,2025-08-11,breadth_1m,0.3157894736842105,0.3888888888888889,False,False
Basic Materials,2025-09-10,breadth_1m,0.631578947368421,0.3888888888888889,False,True
Basic Materials,2025-10-09,breadth_1m,0.21052631578947367,0.3684210526315789,False,True
Basic Materials,2025-11-07,breadth_1m,0.42105263157894735,0.3684210526315789,False,True
Basic Materials,2025-12-09,breadth_1m,0.631578947368421,0.3684210526315789,False,False
Basic Materials,2026-01-09,breadth_1m,1.0,0.3888888888888889,False,False
Basic Materials,2026-02-10,breadth_1m,0.9473684210526315,0.3888888888888889,False,True
Basic Materials,2026-03-12,breadth_1m,0.42105263157894735,0.3888888888888889,False,False
Basic Materials,2026-04-13,breadth_1m,0.7368421052631579,0.3888888888888889,False,True
Basic Materials,2026-05-12,breadth_1m,0.21052631578947367,0.3888888888888889,False,True
Basic Materials,2026-06-11,breadth_1m,0.3684210526315789,0.3684210526315789,False,True
Basic Materials,2026-07-14,breadth_1m,0.3157894736842105,0.3684210526315789,False,False
Basic Materials,2026-08-12,breadth_1m,0.42105263157894735,0.3684210526315789,False,True
Communication Services,2022-03-11,breadth_1m,0.2631578947368421,0.47368421052631576,False,True
Communication Services,2022-04-11,breadth_1m,0.21052631578947367,0.2631578947368421,False,True
Communication Services,2022-05-11,breadth_1m,0.15789473684210525,0.21052631578947367,False,False
Communication Services,2022-06-10,breadth_1m,0.47368421052631576,0.24561403508771928,False,True
Communication Services,2022-07-13,breadth_1m,0.47368421052631576,0.2631578947368421,False,True
Communication Services,2022-08-11,breadth_1m,0.42105263157894735,0.2807017543859649,False,True
Communication Services,2022-09-12,breadth_1m,0.21052631578947367,0.2631578947368421,False,True
Communication Services,2022-10-11,breadth_1m,0.5263157894736842,0.2807017543859649,False,True
Communication Services,2022-11-09,breadth_1m,0.3684210526315789,0.3157894736842105,False,False
Communication Services,2022-12-09,breadth_1m,0.6842105263157895,0.3333333333333333,False,False
Communication Services,2023-01-11,breadth_1m,0.7894736842105263,0.3684210526315789,False,False
Communication Services,2023-02-10,breadth_1m,0.631578947368421,0.3684210526315789,False,False
Communication Services,2023-03-14,breadth_1m,0.42105263157894735,0.3684210526315789,False,False
Communication Services,2023-04-13,breadth_1m,0.7368421052631579,0.3684210526315789,False,False
Communication Services,2023-05-12,breadth_1m,0.5263157894736842,0.3684210526315789,False,False
Communication Services,2023-06-13,breadth_1m,0.5263157894736842,0.3684210526315789,False,False
Communication Services,2023-07-14,breadth_1m,0.47368421052631576,0.3684210526315789,False,False
Communication Services,2023-08-14,breadth_1m,0.5789473684210527,0.3684210526315789,False,False
Communication Services,2023-09-13,breadth_1m,0.3684210526315789,0.3684210526315789,True,False
Communication Services,2023-10-12,breadth_1m,0.7368421052631579,0.3684210526315789,False,True
Communication Services,2023-11-10,breadth_1m,0.3157894736842105,0.3684210526315789,False,True
Communication Services,2023-12-12,breadth_1m,0.2631578947368421,0.3684210526315789,False,False
Communication Services,2024-01-12,breadth_1m,0.5789473684210527,0.3684210526315789,False,False
Communication Services,2024-02-13,breadth_1m,0.42105263157894735,0.3684210526315789,False,True
Communication Services,2024-03-14,breadth_1m,0.2631578947368421,0.3684210526315789,False,False
Communication Services,2024-04-15,breadth_1m,0.5789473684210527,0.3684210526315789,False,True
Communication Services,2024-05-14,breadth_1m,0.55,0.3684210526315789,False,True
Communication Services,2024-06-13,breadth_1m,0.3,0.3684210526315789,False,True
Communication Services,2024-07-16,breadth_1m,0.7,0.3684210526315789,False,False
Communication Services,2024-08-14,breadth_1m,0.6,0.3684210526315789,False,True
Communication Services,2024-09-13,breadth_1m,0.5,0.3684210526315789,False,False
Communication Services,2024-10-14,breadth_1m,0.5,0.4000000000000001,False,False
Communication Services,2024-11-12,breadth_1m,0.8,0.42105263157894735,False,False
Communication Services,2024-12-12,breadth_1m,0.65,0.42105263157894735,False,True
Communication Services,2025-01-15,breadth_1m,0.3,0.42105263157894735,False,False
Communication Services,2025-02-14,breadth_1m,0.75,0.42105263157894735,False,True
Communication Services,2025-03-18,breadth_1m,0.45,0.42105263157894735,False,True
Communication Services,2025-04-16,breadth_1m,0.6,0.42105263157894735,False,False
Communication Services,2025-05-16,breadth_1m,0.45,0.42105263157894735,False,False
Communication Services,2025-06-17,breadth_1m,0.5,0.42105263157894735,False,True
Communication Services,2025-07-18,breadth_1m,0.25,0.42105263157894735,False,False
Communication Services,2025-08-18,breadth_1m,0.55,0.42105263157894735,False,False
Communication Services,2025-09-17,breadth_1m,0.47619047619047616,0.42105263157894735,False,True
Communication Services,2025-10-16,breadth_1m,0.2857142857142857,0.42105263157894735,False,True
Communication Services,2025-11-14,breadth_1m,0.2857142857142857,0.42105263157894735,False,False
Communication Services,2025-12-16,breadth_1m,0.7142857142857143,0.42105263157894735,False,True
Communication Services,2026-01-16,breadth_1m,0.3333333333333333,0.42105263157894735,False,False
Communication Services,2026-02-18,breadth_1m,0.38095238095238093,0.42105263157894735,True,False
Communication Services,2026-03-19,breadth_1m,0.5714285714285714,0.42105263157894735,False,True
Communication Services,2026-04-20,breadth_1m,0.5238095238095238,0.42105263157894735,False,True
Communication Services,2026-05-19,breadth_1m,0.23809523809523808,0.4000000000000001,False,True
Communication Services,2026-06-18,breadth_1m,0.19047619047619047,0.4000000000000001,False,False
Communication Services,2026-07-21,breadth_1m,0.5714285714285714,0.38730158730158726,False,True
Communication Services,2026-08-19,breadth_1m,0.7619047619047619,0.4000000000000001,False,False
Consumer Cyclical,2013-02-22,breadth_1m,0.4523809523809524,0.5121951219512195,False,False
Consumer Cyclical,2013-03-25,breadth_1m,0.6190476190476191,0.4719318621757646,False,False
Consumer Cyclical,2013-04-24,breadth_1m,0.5476190476190477,0.4839334107626791,False,False
Consumer Cyclical,2013-05-23,breadth_1m,0.6190476190476191,0.5,False,False
Consumer Cyclical,2013-06-24,breadth_1m,0.47619047619047616,0.4761904761904761,False,False
Consumer Cyclical,2013-07-24,breadth_1m,0.5238095238095238,0.4878048780487805,False,False
Consumer Cyclical,2013-08-22,breadth_1m,0.6190476190476191,0.4878048780487805,False,False
Consumer Cyclical,2013-09-23,breadth_1m,0.6428571428571429,0.5,False,False
Consumer Cyclical,2013-10-22,breadth_1m,0.4523809523809524,0.5,True,False
Consumer Cyclical,2013-11-20,breadth_1m,0.6046511627906976,0.5,False,False
Consumer Cyclical,2013-12-20,breadth_1m,0.5813953488372093,0.5,False,True
Consumer Cyclical,2014-01-23,breadth_1m,0.5,0.5,False,True
Consumer Cyclical,2014-02-24,breadth_1m,0.6590909090909091,0.5,False,True
Consumer Cyclical,2014-03-25,breadth_1m,0.25,0.5,False,True
Consumer Cyclical,2014-04-24,breadth_1m,0.29545454545454547,0.4878048780487805,False,True
Consumer Cyclical,2014-05-23,breadth_1m,0.45454545454545453,0.4761904761904761,False,True
Consumer Cyclical,2014-06-24,breadth_1m,0.36363636363636365,0.4761904761904761,False,False
Consumer Cyclical,2014-07-24,breadth_1m,0.4318181818181818,0.4761904761904761,True,False
Consumer Cyclical,2014-08-22,breadth_1m,0.6136363636363636,0.4761904761904761,False,True
Consumer Cyclical,2014-09-23,breadth_1m,0.45454545454545453,0.4761904761904761,False,False
Consumer Cyclical,2014-10-22,breadth_1m,0.5909090909090909,0.47691197691197695,False,False
Consumer Cyclical,2014-11-20,breadth_1m,0.6136363636363636,0.4772727272727273,False,False
Consumer Cyclical,2014-12-22,breadth_1m,0.5454545454545454,0.4772727272727273,False,False
Consumer Cyclical,2015-01-23,breadth_1m,0.6363636363636364,0.4878048780487805,False,False
Consumer Cyclical,2015-02-24,breadth_1m,0.7045454545454546,0.5,False,False
Consumer Cyclical,2015-03-25,breadth_1m,0.7272727272727273,0.5,False,False
Consumer Cyclical,2015-04-24,breadth_1m,0.38636363636363635,0.5,True,True
Consumer Cyclical,2015-05-26,breadth_1m,0.3409090909090909,0.4878048780487805,False,False
Consumer Cyclical,2015-06-24,breadth_1m,0.6590909090909091,0.4959349593495935,False,False
Consumer Cyclical,2015-07-24,breadth_1m,0.5681818181818182,0.5,False,True
Consumer Cyclical,2015-08-24,breadth_1m,0.6818181818181818,0.5,False,False
Consumer Cyclical,2015-09-23,breadth_1m,0.5227272727272727,0.5,False,True
Consumer Cyclical,2015-10-22,breadth_1m,0.4090909090909091,0.5,False,False
Consumer Cyclical,2015-11-20,breadth_1m,0.3409090909090909,0.5,True,True
Consumer Cyclical,2015-12-22,breadth_1m,0.5454545454545454,0.5,False,False
Consumer Cyclical,2016-01-25,breadth_1m,0.4772727272727273,0.4878048780487805,True,True
Consumer Cyclical,2016-02-24,breadth_1m,0.5454545454545454,0.4772727272727273,False,True
Consumer Cyclical,2016-03-24,breadth_1m,0.45454545454545453,0.4959349593495935,False,True
Consumer Cyclical,2016-04-25,breadth_1m,0.4318181818181818,0.48429416112342943,False,True
Consumer Cyclical,2016-05-24,breadth_1m,0.3181818181818182,0.4772727272727273,False,True
Consumer Cyclical,2016-06-23,breadth_1m,0.5909090909090909,0.4772727272727273,False,False
Consumer Cyclical,2016-07-25,breadth_1m,0.6818181818181818,0.4772727272727273,False,True
Consumer Cyclical,2016-08-23,breadth_1m,0.4772727272727273,0.4772727272727273,False,True
Consumer Cyclical,2016-09-22,breadth_1m,0.36363636363636365,0.4772727272727273,False,False
Consumer Cyclical,2016-10-21,breadth_1m,0.45454545454545453,0.4772727272727273,True,True
Consumer Cyclical,2016-11-21,breadth_1m,0.5909090909090909,0.4772727272727273,False,True
Consumer Cyclical,2016-12-21,breadth_1m,0.45454545454545453,0.4772727272727273,False,False
Consumer Cyclical,2017-01-24,breadth_1m,0.7045454545454546,0.4772727272727273,False,True
Consumer Cyclical,2017-02-23,breadth_1m,0.3181818181818182,0.4772727272727273,False,False
Consumer Cyclical,2017-03-24,breadth_1m,0.6363636363636364,0.4772727272727273,False,False
Consumer Cyclical,2017-04-25,breadth_1m,0.4318181818181818,0.4772727272727273,True,True
Consumer Cyclical,2017-05-24,breadth_1m,0.6363636363636364,0.4772727272727273,False,True
Consumer Cyclical,2017-06-23,breadth_1m,0.5909090909090909,0.4772727272727273,False,False
Consumer Cyclical,2017-07-25,breadth_1m,0.3409090909090909,0.4772727272727273,True,True
Consumer Cyclical,2017-08-23,breadth_1m,0.45454545454545453,0.4772727272727273,False,True
Consumer Cyclical,2017-09-22,breadth_1m,0.5909090909090909,0.4772727272727273,False,True
Consumer Cyclical,2017-10-23,breadth_1m,0.5,0.4772727272727273,False,False
Consumer Cyclical,2017-11-21,breadth_1m,0.5909090909090909,0.4772727272727273,False,False
Consumer Cyclical,2017-12-21,breadth_1m,0.6818181818181818,0.4772727272727273,False,False
Consumer Cyclical,2018-01-24,breadth_1m,0.5909090909090909,0.4772727272727273,False,False
Consumer Cyclical,2018-02-23,breadth_1m,0.4090909090909091,0.4772727272727273,True,False
Consumer Cyclical,2018-03-26,breadth_1m,0.5681818181818182,0.4772727272727273,False,True
Consumer Cyclical,2018-04-25,breadth_1m,0.75,0.4772727272727273,False,False
Consumer Cyclical,2018-05-24,breadth_1m,0.45454545454545453,0.4772727272727273,True,False
Consumer Cyclical,2018-06-25,breadth_1m,0.45454545454545453,0.4772727272727273,True,True
Consumer Cyclical,2018-07-25,breadth_1m,0.25,0.4772727272727273,False,False
Consumer Cyclical,2018-08-23,breadth_1m,0.5909090909090909,0.4772727272727273,False,True
Consumer Cyclical,2018-09-24,breadth_1m,0.45454545454545453,0.4772727272727273,False,True
Consumer Cyclical,2018-10-23,breadth_1m,0.29545454545454547,0.4772727272727273,False,True
Consumer Cyclical,2018-11-21,breadth_1m,0.7045454545454546,0.4772727272727273,False,False
Consumer Cyclical,2018-12-24,breadth_1m,0.5454545454545454,0.4772727272727273,False,False
Consumer Cyclical,2019-01-25,breadth_1m,0.6136363636363636,0.4772727272727273,False,True
Consumer Cyclical,2019-02-26,breadth_1m,0.5681818181818182,0.4772727272727273,False,False
Consumer Cyclical,2019-03-27,breadth_1m,0.4318181818181818,0.4772727272727273,True,False
Consumer Cyclical,2019-04-26,breadth_1m,0.6363636363636364,0.4772727272727273,False,True
Consumer Cyclical,2019-05-28,breadth_1m,0.4318181818181818,0.4772727272727273,False,False
Consumer Cyclical,2019-06-26,breadth_1m,0.5681818181818182,0.4772727272727273,False,False
Consumer Cyclical,2019-07-26,breadth_1m,0.6136363636363636,0.4772727272727273,False,True
Consumer Cyclical,2019-08-26,breadth_1m,0.4772727272727273,0.4772727272727273,False,True
Consumer Cyclical,2019-09-25,breadth_1m,0.5909090909090909,0.4772727272727273,False,True
Consumer Cyclical,2019-10-24,breadth_1m,0.6136363636363636,0.4772727272727273,False,True
Consumer Cyclical,2019-11-22,breadth_1m,0.2727272727272727,0.4772727272727273,False,False
Consumer Cyclical,2019-12-24,breadth_1m,0.4772727272727273,0.4772727272727273,True,True
Consumer Cyclical,2020-01-27,breadth_1m,0.36363636363636365,0.4772727272727273,False,False
Consumer Cyclical,2020-02-26,breadth_1m,0.3409090909090909,0.4772727272727273,True,True
Consumer Cyclical,2020-03-26,breadth_1m,0.18181818181818182,0.4772727272727273,False,False
Consumer Cyclical,2020-04-27,breadth_1m,0.45454545454545453,0.4772727272727273,True,False
Consumer Cyclical,2020-05-27,breadth_1m,0.7727272727272727,0.4772727272727273,False,True
Consumer Cyclical,2020-06-25,breadth_1m,0.18181818181818182,0.4772727272727273,False,False
Consumer Cyclical,2020-07-27,breadth_1m,0.5681818181818182,0.4772727272727273,False,False
Consumer Cyclical,2020-08-25,breadth_1m,0.6818181818181818,0.4772727272727273,False,False
Consumer Cyclical,2020-09-24,breadth_1m,0.6363636363636364,0.4772727272727273,False,False
Consumer Cyclical,2020-10-23,breadth_1m,0.6818181818181818,0.4772727272727273,False,True
Consumer Cyclical,2020-11-23,breadth_1m,0.5681818181818182,0.4772727272727273,False,True
Consumer Cyclical,2020-12-23,breadth_1m,0.5,0.4772727272727273,False,False
Consumer Cyclical,2021-01-26,breadth_1m,0.37777777777777777,0.4772727272727273,True,True
Consumer Cyclical,2021-02-25,breadth_1m,0.4666666666666667,0.4772727272727273,False,True
Consumer Cyclical,2021-03-26,breadth_1m,0.4666666666666667,0.4772727272727273,False,False
Consumer Cyclical,2021-04-27,breadth_1m,0.4444444444444444,0.4772727272727273,True,True
Consumer Cyclical,2021-05-26,breadth_1m,0.28888888888888886,0.4772727272727273,False,False
Consumer Cyclical,2021-06-25,breadth_1m,0.35555555555555557,0.4761904761904761,True,True
Consumer Cyclical,2021-07-27,breadth_1m,0.42,0.4634146341463415,False,True
Consumer Cyclical,2021-08-25,breadth_1m,0.54,0.4622764227642277,False,False
Consumer Cyclical,2021-09-24,breadth_1m,0.48,0.45454545454545453,False,False
Consumer Cyclical,2021-10-25,breadth_1m,0.38,0.46,True,False
Consumer Cyclical,2021-11-23,breadth_1m,0.56,0.45454545454545453,False,True
Consumer Cyclical,2021-12-23,breadth_1m,0.38,0.45454545454545453,False,True
Consumer Cyclical,2022-01-25,breadth_1m,0.5,0.45454545454545453,False,True
Consumer Cyclical,2022-02-24,breadth_1m,0.42,0.45454545454545453,False,False
Consumer Cyclical,2022-03-25,breadth_1m,0.2,0.45454545454545453,True,True
Consumer Cyclical,2022-04-26,breadth_1m,0.7,0.45454545454545453,False,True
Consumer Cyclical,2022-05-25,breadth_1m,0.3,0.45454545454545453,False,False
Consumer Cyclical,2022-06-27,breadth_1m,0.52,0.45454545454545453,False,False
Consumer Cyclical,2022-07-27,breadth_1m,0.56,0.45454545454545453,False,False
Consumer Cyclical,2022-08-25,breadth_1m,0.56,0.45454545454545453,False,False
Consumer Cyclical,2022-09-26,breadth_1m,0.5,0.45454545454545453,False,True
Consumer Cyclical,2022-10-25,breadth_1m,0.52,0.45454545454545453,False,True
Consumer Cyclical,2022-11-23,breadth_1m,0.76,0.45454545454545453,False,True
Consumer Cyclical,2022-12-23,breadth_1m,0.54,0.45454545454545453,False,False
Consumer Cyclical,2023-01-26,breadth_1m,0.68,0.46,False,False
Consumer Cyclical,2023-02-27,breadth_1m,0.56,0.46,False,True
Consumer Cyclical,2023-03-28,breadth_1m,0.32,0.46,False,True
Consumer Cyclical,2023-04-27,breadth_1m,0.42,0.46,False,False
Consumer Cyclical,2023-05-26,breadth_1m,0.26,0.4581818181818182,True,False
Consumer Cyclical,2023-06-28,breadth_1m,0.64,0.45454545454545453,False,True
Consumer Cyclical,2023-07-28,breadth_1m,0.4,0.45454545454545453,False,True
Consumer Cyclical,2023-08-28,breadth_1m,0.34,0.45454545454545453,False,True
Consumer Cyclical,2023-09-27,breadth_1m,0.42,0.45454545454545453,False,True
Consumer Cyclical,2023-10-26,breadth_1m,0.34,0.45454545454545453,False,False
Consumer Cyclical,2023-11-27,breadth_1m,0.56,0.45454545454545453,False,False
Consumer Cyclical,2023-12-27,breadth_1m,0.66,0.45454545454545453,False,True
Consumer Cyclical,2024-01-29,breadth_1m,0.32,0.45454545454545453,False,False
Consumer Cyclical,2024-02-28,breadth_1m,0.64,0.45454545454545453,False,True
Consumer Cyclical,2024-03-28,breadth_1m,0.58,0.45454545454545453,False,False
Consumer Cyclical,2024-04-29,breadth_1m,0.3,0.45454545454545453,True,True
Consumer Cyclical,2024-05-29,breadth_1m,0.2,0.45454545454545453,False,False
Consumer Cyclical,2024-06-28,breadth_1m,0.42,0.45454545454545453,True,False
Consumer Cyclical,2024-07-30,breadth_1m,0.46,0.45454545454545453,False,True
Consumer Cyclical,2024-08-28,breadth_1m,0.5098039215686274,0.45454545454545453,False,False
Consumer Cyclical,2024-09-27,breadth_1m,0.7450980392156863,0.45454545454545453,False,True
Consumer Cyclical,2024-10-28,breadth_1m,0.37254901960784315,0.45454545454545453,False,False
Consumer Cyclical,2024-11-26,breadth_1m,0.5686274509803921,0.45454545454545453,False,False
Consumer Cyclical,2024-12-27,breadth_1m,0.29411764705882354,0.45454545454545453,True,True
Consumer Cyclical,2025-01-30,breadth_1m,0.5882352941176471,0.45454545454545453,False,True
Consumer Cyclical,2025-03-03,breadth_1m,0.5098039215686274,0.45454545454545453,False,True
Consumer Cyclical,2025-04-01,breadth_1m,0.43137254901960786,0.45454545454545453,False,True
Consumer Cyclical,2025-05-01,breadth_1m,0.3137254901960784,0.45454545454545453,False,False
Consumer Cyclical,2025-06-02,breadth_1m,0.45098039215686275,0.45454545454545453,True,True
Consumer Cyclical,2025-07-02,breadth_1m,0.5686274509803921,0.4523809523809524,False,True
Consumer Cyclical,2025-08-01,breadth_1m,0.47058823529411764,0.45454545454545453,False,False
Consumer Cyclical,2025-09-02,breadth_1m,0.7058823529411765,0.45454545454545453,False,False
Consumer Cyclical,2025-10-01,breadth_1m,0.17647058823529413,0.45454545454545453,True,True
Consumer Cyclical,2025-10-30,breadth_1m,0.1568627450980392,0.4523809523809524,False,False
Consumer Cyclical,2025-12-01,breadth_1m,0.7450980392156863,0.45098039215686275,False,False
Consumer Cyclical,2025-12-31,breadth_1m,0.5098039215686274,0.4523809523809524,False,False
Consumer Cyclical,2026-02-02,breadth_1m,0.7058823529411765,0.4523809523809524,False,True
Consumer Cyclical,2026-03-04,breadth_1m,0.49019607843137253,0.4523809523809524,False,True
Consumer Cyclical,2026-04-02,breadth_1m,0.3333333333333333,0.4523809523809524,False,True
Consumer Cyclical,2026-05-04,breadth_1m,0.09803921568627451,0.45098039215686275,False,True
Consumer Cyclical,2026-06-03,breadth_1m,0.3137254901960784,0.44,False,False
Consumer Cyclical,2026-07-06,breadth_1m,0.6274509803921569,0.44,False,True
Consumer Cyclical,2026-08-04,breadth_1m,0.49019607843137253,0.44,False,True
Consumer Defensive,2016-09-14,breadth_1m,0.27586206896551724,0.2988505747126437,False,True
Consumer Defensive,2016-10-13,breadth_1m,0.3103448275862069,0.27586206896551724,False,True
Consumer Defensive,2016-11-11,breadth_1m,0.20689655172413793,0.27586206896551724,False,True
Consumer Defensive,2016-12-13,breadth_1m,0.3103448275862069,0.2413793103448276,False,True
Consumer Defensive,2017-01-13,breadth_1m,0.27586206896551724,0.27586206896551724,False,False
Consumer Defensive,2017-02-14,breadth_1m,0.6896551724137931,0.27586206896551724,False,False
Consumer Defensive,2017-03-16,breadth_1m,0.5517241379310345,0.27586206896551724,False,False
Consumer Defensive,2017-04-17,breadth_1m,0.6206896551724138,0.3103448275862069,False,True
Consumer Defensive,2017-05-16,breadth_1m,0.3103448275862069,0.3103448275862069,False,False
Consumer Defensive,2017-06-15,breadth_1m,0.7586206896551724,0.3103448275862069,False,True
Consumer Defensive,2017-07-17,breadth_1m,0.06896551724137931,0.3103448275862069,False,False
Consumer Defensive,2017-08-15,breadth_1m,0.6896551724137931,0.3103448275862069,False,True
Consumer Defensive,2017-09-14,breadth_1m,0.41379310344827586,0.3103448275862069,False,True
Consumer Defensive,2017-10-13,breadth_1m,0.27586206896551724,0.3103448275862069,False,True
Consumer Defensive,2017-11-13,breadth_1m,0.41379310344827586,0.3103448275862069,False,False
Consumer Defensive,2017-12-13,breadth_1m,0.5862068965517241,0.3103448275862069,False,True
Consumer Defensive,2018-01-16,breadth_1m,0.2413793103448276,0.3103448275862069,False,True
Consumer Defensive,2018-02-14,breadth_1m,0.5666666666666667,0.3103448275862069,False,True
Consumer Defensive,2018-03-16,breadth_1m,0.3333333333333333,0.3103448275862069,False,False
Consumer Defensive,2018-04-17,breadth_1m,0.6666666666666666,0.3103448275862069,False,True
Consumer Defensive,2018-05-16,breadth_1m,0.16666666666666666,0.3103448275862069,False,False
Consumer Defensive,2018-06-15,breadth_1m,0.6666666666666666,0.3103448275862069,False,False
Consumer Defensive,2018-07-17,breadth_1m,0.6666666666666666,0.3103448275862069,False,False
Consumer Defensive,2018-08-15,breadth_1m,0.6333333333333333,0.3103448275862069,False,True
Consumer Defensive,2018-09-14,breadth_1m,0.5333333333333333,0.3103448275862069,False,False
Consumer Defensive,2018-10-15,breadth_1m,0.6333333333333333,0.3103448275862069,False,False
Consumer Defensive,2018-11-13,breadth_1m,0.7666666666666667,0.3333333333333333,False,False
Consumer Defensive,2018-12-14,breadth_1m,0.5,0.3333333333333333,False,True
Consumer Defensive,2019-01-16,breadth_1m,0.3,0.34099616858237547,False,True
Consumer Defensive,2019-02-15,breadth_1m,0.43333333333333335,0.3333333333333333,False,True
Consumer Defensive,2019-03-19,breadth_1m,0.4666666666666667,0.3333333333333333,False,False
Consumer Defensive,2019-04-17,breadth_1m,0.6666666666666666,0.3448275862068966,False,False
Consumer Defensive,2019-05-17,breadth_1m,0.7,0.3448275862068966,False,True
Consumer Defensive,2019-06-18,breadth_1m,0.4666666666666667,0.3448275862068966,False,False
Consumer Defensive,2019-07-18,breadth_1m,0.43333333333333335,0.3448275862068966,False,False
Consumer Defensive,2019-08-16,breadth_1m,0.7,0.3448275862068966,False,True
Consumer Defensive,2019-09-17,breadth_1m,0.36666666666666664,0.35938697318007656,False,False
Consumer Defensive,2019-10-16,breadth_1m,0.5,0.36666666666666664,False,True
Consumer Defensive,2019-11-14,breadth_1m,0.3,0.3448275862068966,False,True
Consumer Defensive,2019-12-16,breadth_1m,0.4666666666666667,0.36666666666666664,False,True
Consumer Defensive,2020-01-16,breadth_1m,0.23333333333333334,0.3448275862068966,False,True
Consumer Defensive,2020-02-18,breadth_1m,0.5333333333333333,0.36666666666666664,False,False
Consumer Defensive,2020-03-18,breadth_1m,0.8333333333333334,0.36666666666666664,False,True
Consumer Defensive,2020-04-17,breadth_1m,0.3333333333333333,0.36666666666666664,False,True
Consumer Defensive,2020-05-18,breadth_1m,0.26666666666666666,0.36666666666666664,False,True
Consumer Defensive,2020-06-17,breadth_1m,0.3,0.3448275862068966,False,False
Consumer Defensive,2020-07-17,breadth_1m,0.4,0.3448275862068966,False,True
Consumer Defensive,2020-08-17,breadth_1m,0.5,0.36666666666666664,False,True
Consumer Defensive,2020-09-16,breadth_1m,0.4,0.3448275862068966,False,True
Consumer Defensive,2020-10-15,breadth_1m,0.6,0.36666666666666664,False,True
Consumer Defensive,2020-11-13,breadth_1m,0.3333333333333333,0.36666666666666664,False,True
Consumer Defensive,2020-12-15,breadth_1m,0.36666666666666664,0.3448275862068966,False,True
Consumer Defensive,2021-01-15,breadth_1m,0.3333333333333333,0.3448275862068966,False,True
Consumer Defensive,2021-02-17,breadth_1m,0.23333333333333334,0.3333333333333333,False,False
Consumer Defensive,2021-03-18,breadth_1m,0.6666666666666666,0.3333333333333333,False,True
Consumer Defensive,2021-04-19,breadth_1m,0.4,0.3448275862068966,False,False
Consumer Defensive,2021-05-18,breadth_1m,0.7666666666666667,0.3448275862068966,False,True
Consumer Defensive,2021-06-17,breadth_1m,0.2,0.3448275862068966,False,False
Consumer Defensive,2021-07-19,breadth_1m,0.5151515151515151,0.3333333333333333,False,True
Consumer Defensive,2021-08-17,breadth_1m,0.2727272727272727,0.3333333333333333,False,True
Consumer Defensive,2021-09-16,breadth_1m,0.21212121212121213,0.3333333333333333,False,True
Consumer Defensive,2021-10-15,breadth_1m,0.3939393939393939,0.3333333333333333,False,True
Consumer Defensive,2021-11-15,breadth_1m,0.42424242424242425,0.3333333333333333,False,False
Consumer Defensive,2021-12-15,breadth_1m,0.6060606060606061,0.3333333333333333,False,False
Consumer Defensive,2022-01-14,breadth_1m,0.7878787878787878,0.3333333333333333,False,False
Consumer Defensive,2022-02-15,breadth_1m,0.5151515151515151,0.3448275862068966,False,True
Consumer Defensive,2022-03-17,breadth_1m,0.5454545454545454,0.3448275862068966,False,False
Consumer Defensive,2022-04-18,breadth_1m,0.9393939393939394,0.3448275862068966,False,False
Consumer Defensive,2022-05-17,breadth_1m,0.7272727272727273,0.3448275862068966,False,False
Consumer Defensive,2022-06-16,breadth_1m,0.5757575757575758,0.3448275862068966,False,True
Consumer Defensive,2022-07-19,breadth_1m,0.48484848484848486,0.3448275862068966,False,True
Consumer Defensive,2022-08-17,breadth_1m,0.21212121212121213,0.3448275862068966,False,False
Consumer Defensive,2022-09-16,breadth_1m,0.7272727272727273,0.3448275862068966,False,False
Consumer Defensive,2022-10-17,breadth_1m,0.6060606060606061,0.3448275862068966,False,True
Consumer Defensive,2022-11-15,breadth_1m,0.5757575757575758,0.3448275862068966,False,False
Consumer Defensive,2022-12-15,breadth_1m,0.6666666666666666,0.3636363636363636,False,True
Consumer Defensive,2023-01-18,breadth_1m,0.21212121212121213,0.3636363636363636,False,True
Consumer Defensive,2023-02-16,breadth_1m,0.18181818181818182,0.3448275862068966,False,False
Consumer Defensive,2023-03-20,breadth_1m,0.6363636363636364,0.3448275862068966,False,True
Consumer Defensive,2023-04-19,breadth_1m,0.3939393939393939,0.3636363636363636,False,True
Consumer Defensive,2023-05-18,breadth_1m,0.48484848484848486,0.3636363636363636,False,True
Consumer Defensive,2023-06-20,breadth_1m,0.11764705882352941,0.3448275862068966,False,True
Consumer Defensive,2023-07-20,breadth_1m,0.38235294117647056,0.3448275862068966,False,False
Consumer Defensive,2023-08-18,breadth_1m,0.5294117647058824,0.3448275862068966,False,True
Consumer Defensive,2023-09-19,breadth_1m,0.23529411764705882,0.3448275862068966,False,True
Consumer Defensive,2023-10-18,breadth_1m,0.23529411764705882,0.3333333333333333,False,True
Consumer Defensive,2023-11-16,breadth_1m,0.3235294117647059,0.3333333333333333,False,True
Consumer Defensive,2023-12-18,breadth_1m,0.3235294117647059,0.3333333333333333,False,True
Consumer Defensive,2024-01-19,breadth_1m,0.38235294117647056,0.3333333333333333,False,True
Consumer Defensive,2024-02-20,breadth_1m,0.4117647058823529,0.3333333333333333,False,True
Consumer Defensive,2024-03-20,breadth_1m,0.47058823529411764,0.3333333333333333,False,False
Consumer Defensive,2024-04-19,breadth_1m,0.8235294117647058,0.3333333333333333,False,True
Consumer Defensive,2024-05-20,breadth_1m,0.17647058823529413,0.3333333333333333,False,True
Consumer Defensive,2024-06-20,breadth_1m,0.14705882352941177,0.3333333333333333,False,True
Consumer Defensive,2024-07-22,breadth_1m,0.5294117647058824,0.3333333333333333,False,False
Consumer Defensive,2024-08-20,breadth_1m,0.6764705882352942,0.3333333333333333,False,True
Consumer Defensive,2024-09-19,breadth_1m,0.5,0.3333333333333333,False,True
Consumer Defensive,2024-10-18,breadth_1m,0.23529411764705882,0.3333333333333333,False,True
Consumer Defensive,2024-11-18,breadth_1m,0.35294117647058826,0.3333333333333333,False,True
Consumer Defensive,2024-12-18,breadth_1m,0.4411764705882353,0.3333333333333333,False,True
Consumer Defensive,2025-01-22,breadth_1m,0.08823529411764706,0.3333333333333333,False,False
Consumer Defensive,2025-02-21,breadth_1m,0.7941176470588235,0.3333333333333333,False,False
Consumer Defensive,2025-03-24,breadth_1m,0.7352941176470589,0.3333333333333333,False,False
Consumer Defensive,2025-04-23,breadth_1m,0.9411764705882353,0.3333333333333333,False,True
Consumer Defensive,2025-05-22,breadth_1m,0.029411764705882353,0.3333333333333333,False,True
Consumer Defensive,2025-06-24,breadth_1m,0.35294117647058826,0.3333333333333333,False,True
Consumer Defensive,2025-07-24,breadth_1m,0.4117647058823529,0.3333333333333333,False,True
Consumer Defensive,2025-08-22,breadth_1m,0.4117647058823529,0.3333333333333333,False,True
Consumer Defensive,2025-09-23,breadth_1m,0.08823529411764706,0.3333333333333333,False,False
Consumer Defensive,2025-10-22,breadth_1m,0.47058823529411764,0.3333333333333333,False,True
Consumer Defensive,2025-11-20,breadth_1m,0.47058823529411764,0.3333333333333333,False,True
Consumer Defensive,2025-12-22,breadth_1m,0.29411764705882354,0.3333333333333333,False,False
Consumer Defensive,2026-01-23,breadth_1m,0.8235294117647058,0.3333333333333333,False,False
Consumer Defensive,2026-02-24,breadth_1m,0.9705882352941176,0.3333333333333333,False,True
Consumer Defensive,2026-03-25,breadth_1m,0.23529411764705882,0.3333333333333333,False,True
Consumer Defensive,2026-04-24,breadth_1m,0.11764705882352941,0.3333333333333333,False,True
Consumer Defensive,2026-05-26,breadth_1m,0.2647058823529412,0.3333333333333333,False,False
Consumer Defensive,2026-06-25,breadth_1m,0.7058823529411765,0.3333333333333333,False,False
Consumer Defensive,2026-07-27,breadth_1m,0.6764705882352942,0.3333333333333333,False,True
Consumer Defensive,2026-08-25,breadth_1m,0.38235294117647056,0.3333333333333333,False,True
Energy,2013-07-16,breadth_1m,0.3888888888888889,0.3888888888888889,False,False
Energy,2013-08-14,breadth_1m,0.6111111111111112,0.3888888888888889,False,False
Energy,2013-09-13,breadth_1m,0.6666666666666666,0.4444444444444444,False,False
Energy,2013-10-14,breadth_1m,0.6666666666666666,0.4444444444444444,False,True
Energy,2013-11-12,breadth_1m,0.4444444444444444,0.48148148148148145,False,True
Energy,2013-12-12,breadth_1m,0.3888888888888889,0.4444444444444444,False,True
Energy,2014-01-14,breadth_1m,0.5555555555555556,0.4444444444444444,False,True
Energy,2014-02-13,breadth_1m,0.5555555555555556,0.4444444444444444,False,False
Energy,2014-03-17,breadth_1m,0.7222222222222222,0.4444444444444444,False,False
Energy,2014-04-15,breadth_1m,0.7222222222222222,0.4444444444444444,False,False
Energy,2014-05-15,breadth_1m,0.7777777777777778,0.5,False,False
Energy,2014-06-16,breadth_1m,0.7222222222222222,0.5,False,True
Energy,2014-07-16,breadth_1m,0.3888888888888889,0.5,False,True
Energy,2014-08-14,breadth_1m,0.2777777777777778,0.4444444444444444,False,True
Energy,2014-09-15,breadth_1m,0.05555555555555555,0.4444444444444444,False,True
Energy,2014-10-14,breadth_1m,0.0,0.4444444444444444,False,True
Energy,2014-11-12,breadth_1m,0.5555555555555556,0.4444444444444444,False,True
Energy,2014-12-12,breadth_1m,0.05555555555555555,0.3888888888888889,False,True
Energy,2015-01-14,breadth_1m,0.5,0.3888888888888889,False,False
Energy,2015-02-13,breadth_1m,0.9444444444444444,0.3888888888888889,False,True
Energy,2015-03-17,breadth_1m,0.05555555555555555,0.3888888888888889,False,False
Energy,2015-04-16,breadth_1m,0.9444444444444444,0.3888888888888889,False,True
Energy,2015-05-15,breadth_1m,0.3333333333333333,0.3888888888888889,False,True
Energy,2015-06-16,breadth_1m,0.2222222222222222,0.3888888888888889,False,True
Energy,2015-07-16,breadth_1m,0.2222222222222222,0.3888888888888889,False,True
Energy,2015-08-14,breadth_1m,0.4444444444444444,0.3888888888888889,False,True
Energy,2015-09-15,breadth_1m,0.16666666666666666,0.3888888888888889,False,False
Energy,2015-10-14,breadth_1m,0.8888888888888888,0.3888888888888889,False,True
Energy,2015-11-12,breadth_1m,0.2222222222222222,0.3888888888888889,False,True
Energy,2015-12-14,breadth_1m,0.05555555555555555,0.3888888888888889,False,True
Energy,2016-01-14,breadth_1m,0.3888888888888889,0.3333333333333333,False,False
Energy,2016-02-16,breadth_1m,0.5555555555555556,0.3333333333333333,False,False
Energy,2016-03-16,breadth_1m,0.8333333333333334,0.3888888888888889,False,True
Energy,2016-04-15,breadth_1m,0.4444444444444444,0.3888888888888889,False,False
Energy,2016-05-16,breadth_1m,0.7222222222222222,0.3888888888888889,False,False
Energy,2016-06-15,breadth_1m,0.6111111111111112,0.3888888888888889,False,True
Energy,2016-07-15,breadth_1m,0.3888888888888889,0.3888888888888889,False,True
Energy,2016-08-15,breadth_1m,0.5555555555555556,0.3888888888888889,False,False
Energy,2016-09-14,breadth_1m,0.5,0.3888888888888889,False,False
Energy,2016-10-13,breadth_1m,0.7222222222222222,0.3888888888888889,False,True
Energy,2016-11-11,breadth_1m,0.4444444444444444,0.3888888888888889,False,False
Energy,2016-12-13,breadth_1m,0.8888888888888888,0.3888888888888889,False,True
Energy,2017-01-13,breadth_1m,0.16666666666666666,0.3888888888888889,False,True
Energy,2017-02-14,breadth_1m,0.2777777777777778,0.3888888888888889,False,True
Energy,2017-03-16,breadth_1m,0.0,0.3888888888888889,False,False
Energy,2017-04-17,breadth_1m,0.6111111111111112,0.3888888888888889,False,True
Energy,2017-05-16,breadth_1m,0.1111111111111111,0.3703703703703704,False,True
Energy,2017-06-15,breadth_1m,0.05555555555555555,0.3333333333333333,False,True
Energy,2017-07-17,breadth_1m,0.6111111111111112,0.3333333333333333,False,True
Energy,2017-08-15,breadth_1m,0.2631578947368421,0.3333333333333333,False,False
Energy,2017-09-14,breadth_1m,0.9473684210526315,0.3333333333333333,False,False
Energy,2017-10-13,breadth_1m,0.5789473684210527,0.3333333333333333,False,False
Energy,2017-11-13,breadth_1m,0.5263157894736842,0.3333333333333333,False,True
Energy,2017-12-13,breadth_1m,0.42105263157894735,0.3333333333333333,False,False
Energy,2018-01-16,breadth_1m,0.8947368421052632,0.3333333333333333,False,True
Energy,2018-02-14,breadth_1m,0.0,0.3333333333333333,False,True
Energy,2018-03-16,breadth_1m,0.3157894736842105,0.3333333333333333,False,False
Energy,2018-04-17,breadth_1m,0.7894736842105263,0.3333333333333333,False,False
Energy,2018-05-16,breadth_1m,0.9473684210526315,0.3333333333333333,False,True
Energy,2018-06-15,breadth_1m,0.10526315789473684,0.3333333333333333,False,False
Energy,2018-07-17,breadth_1m,0.42105263157894735,0.3333333333333333,False,True
Energy,2018-08-15,breadth_1m,0.3684210526315789,0.3333333333333333,False,False
Energy,2018-09-14,breadth_1m,0.3684210526315789,0.3333333333333333,False,False
Energy,2018-10-15,breadth_1m,0.6842105263157895,0.3333333333333333,False,True
Energy,2018-11-13,breadth_1m,0.05263157894736842,0.3333333333333333,False,True
Energy,2018-12-14,breadth_1m,0.3157894736842105,0.3333333333333333,False,False
Energy,2019-01-16,breadth_1m,0.7368421052631579,0.3333333333333333,False,False
Energy,2019-02-15,breadth_1m,0.5263157894736842,0.3333333333333333,False,True
Energy,2019-03-19,breadth_1m,0.5789473684210527,0.3333333333333333,False,True
Energy,2019-04-17,breadth_1m,0.42105263157894735,0.3333333333333333,False,True
Energy,2019-05-17,breadth_1m,0.2631578947368421,0.3333333333333333,False,True
Energy,2019-06-18,breadth_1m,0.10526315789473684,0.3333333333333333,False,True
Energy,2019-07-18,breadth_1m,0.3157894736842105,0.3333333333333333,False,True
Energy,2019-08-16,breadth_1m,0.15789473684210525,0.3333333333333333,False,False
Energy,2019-09-17,breadth_1m,0.7368421052631579,0.3157894736842105,False,True
Energy,2019-10-16,breadth_1m,0.15789473684210525,0.3157894736842105,False,False
Energy,2019-11-14,breadth_1m,0.5263157894736842,0.3157894736842105,False,True
Energy,2019-12-16,breadth_1m,0.5263157894736842,0.3157894736842105,False,True
Energy,2020-01-16,breadth_1m,0.3157894736842105,0.3157894736842105,False,True
Energy,2020-02-18,breadth_1m,0.05263157894736842,0.3157894736842105,False,True
Energy,2020-03-18,breadth_1m,0.05263157894736842,0.3157894736842105,False,False
Energy,2020-04-17,breadth_1m,1.0,0.3157894736842105,False,False
Energy,2020-05-18,breadth_1m,0.9473684210526315,0.3157894736842105,False,True
Energy,2020-06-17,breadth_1m,0.5263157894736842,0.3157894736842105,False,True
Energy,2020-07-17,breadth_1m,0.05263157894736842,0.3157894736842105,False,True
Energy,2020-08-17,breadth_1m,0.47368421052631576,0.3157894736842105,False,True
Energy,2020-09-16,breadth_1m,0.0,0.2777777777777778,False,True
Energy,2020-10-15,breadth_1m,0.05263157894736842,0.2777777777777778,False,False
Energy,2020-11-13,breadth_1m,0.8421052631578947,0.2777777777777778,False,False
Energy,2020-12-15,breadth_1m,0.9473684210526315,0.2777777777777778,False,False
Energy,2021-01-15,breadth_1m,0.8421052631578947,0.2777777777777778,False,False
Energy,2021-02-17,breadth_1m,0.65,0.2777777777777778,False,False
Energy,2021-03-18,breadth_1m,0.8095238095238095,0.2777777777777778,False,True
Energy,2021-04-19,breadth_1m,0.0,0.2777777777777778,False,False
Energy,2021-05-18,breadth_1m,1.0,0.2777777777777778,False,True
Energy,2021-06-17,breadth_1m,0.42857142857142855,0.2777777777777778,False,True
Energy,2021-07-19,breadth_1m,0.0,0.2777777777777778,False,True
Energy,2021-08-17,breadth_1m,0.2857142857142857,0.2777777777777778,False,False
Energy,2021-09-16,breadth_1m,0.7619047619047619,0.2777777777777778,False,False
Energy,2021-10-15,breadth_1m,0.9523809523809523,0.2777777777777778,False,True
Energy,2021-11-15,breadth_1m,0.23809523809523808,0.2777777777777778,False,True
Energy,2021-12-15,breadth_1m,0.0,0.2777777777777778,False,False
Energy,2022-01-14,breadth_1m,0.9523809523809523,0.2777777777777778,False,False
Energy,2022-02-15,breadth_1m,0.9047619047619048,0.2777777777777778,False,False
Energy,2022-03-17,breadth_1m,0.8571428571428571,0.2777777777777778,False,False
Energy,2022-04-18,breadth_1m,1.0,0.2777777777777778,False,False
Energy,2022-05-17,breadth_1m,0.8571428571428571,0.2857142857142857,False,False
Energy,2022-06-16,breadth_1m,0.6190476190476191,0.2857142857142857,False,True
Energy,2022-07-19,breadth_1m,0.09523809523809523,0.2777777777777778,False,True
Energy,2022-08-17,breadth_1m,0.5238095238095238,0.2857142857142857,False,False
Energy,2022-09-16,breadth_1m,0.9047619047619048,0.2857142857142857,False,False
Energy,2022-10-17,breadth_1m,0.8571428571428571,0.2857142857142857,False,False
Energy,2022-11-15,breadth_1m,0.8095238095238095,0.3157894736842105,False,True
Energy,2022-12-15,breadth_1m,0.14285714285714285,0.3157894736842105,False,False
Energy,2023-01-18,breadth_1m,0.7619047619047619,0.3157894736842105,False,True
Energy,2023-02-16,breadth_1m,0.14285714285714285,0.2857142857142857,False,True
Energy,2023-03-20,breadth_1m,0.047619047619047616,0.2857142857142857,False,False
Energy,2023-04-19,breadth_1m,0.8095238095238095,0.2857142857142857,False,True
Energy,2023-05-18,breadth_1m,0.09523809523809523,0.2777777777777778,False,True
Energy,2023-06-20,breadth_1m,0.23809523809523808,0.2777777777777778,False,False
Energy,2023-07-20,breadth_1m,0.8571428571428571,0.2777777777777778,False,False
Energy,2023-08-18,breadth_1m,1.0,0.2777777777777778,False,False
Energy,2023-09-19,breadth_1m,0.5714285714285714,0.2857142857142857,False,False
Energy,2023-10-18,breadth_1m,0.8571428571428571,0.2857142857142857,False,True
Energy,2023-11-16,breadth_1m,0.0,0.2857142857142857,False,True
Energy,2023-12-18,breadth_1m,0.14285714285714285,0.2777777777777778,False,True
Energy,2024-01-19,breadth_1m,0.047619047619047616,0.2777777777777778,False,False
Energy,2024-02-20,breadth_1m,0.5238095238095238,0.2777777777777778,False,False
Energy,2024-03-20,breadth_1m,0.9047619047619048,0.2777777777777778,False,False
Energy,2024-04-19,breadth_1m,0.9523809523809523,0.2777777777777778,False,True
Energy,2024-05-20,breadth_1m,0.09523809523809523,0.2777777777777778,False,True
Energy,2024-06-20,breadth_1m,0.14285714285714285,0.2777777777777778,False,False
Energy,2024-07-22,breadth_1m,0.5714285714285714,0.2777777777777778,False,True
Energy,2024-08-20,breadth_1m,0.19047619047619047,0.2777777777777778,False,True
Energy,2024-09-19,breadth_1m,0.38095238095238093,0.2777777777777778,False,True
Energy,2024-10-18,breadth_1m,0.42857142857142855,0.2777777777777778,False,False
Energy,2024-11-18,breadth_1m,0.7619047619047619,0.2777777777777778,False,True
Energy,2024-12-18,breadth_1m,0.0,0.2777777777777778,False,False
Energy,2025-01-22,breadth_1m,0.9523809523809523,0.2777777777777778,False,False
Energy,2025-02-21,breadth_1m,0.47619047619047616,0.2777777777777778,False,False
Energy,2025-03-24,breadth_1m,0.9047619047619048,0.2777777777777778,False,True
Energy,2025-04-23,breadth_1m,0.14285714285714285,0.2777777777777778,False,True
Energy,2025-05-22,breadth_1m,0.23809523809523808,0.2777777777777778,False,False
Energy,2025-06-24,breadth_1m,0.6190476190476191,0.2777777777777778,False,True
Energy,2025-07-24,breadth_1m,0.3333333333333333,0.2777777777777778,False,True
Energy,2025-08-22,breadth_1m,0.38095238095238093,0.2777777777777778,False,True
Energy,2025-09-23,breadth_1m,0.38095238095238093,0.2777777777777778,False,True
Energy,2025-10-22,breadth_1m,0.23809523809523808,0.2777777777777778,False,False
Energy,2025-11-20,breadth_1m,0.8095238095238095,0.2777777777777778,False,True
Energy,2025-12-22,breadth_1m,0.19047619047619047,0.2777777777777778,False,False
Energy,2026-01-23,breadth_1m,1.0,0.2777777777777778,False,False
Energy,2026-02-24,breadth_1m,0.9523809523809523,0.2777777777777778,False,False
Energy,2026-03-25,breadth_1m,1.0,0.2777777777777778,False,True
Energy,2026-04-24,breadth_1m,0.047619047619047616,0.2777777777777778,False,True
Energy,2026-05-26,breadth_1m,0.19047619047619047,0.2777777777777778,False,True
Energy,2026-06-25,breadth_1m,0.38095238095238093,0.2777777777777778,False,False
Energy,2026-07-27,breadth_1m,0.7619047619047619,0.2777777777777778,False,False
Energy,2026-08-25,breadth_1m,0.7142857142857143,0.2777777777777778,False,False
Financial Services,2011-10-12,breadth_1m,0.5636363636363636,0.3212121212121212,False,True
Financial Services,2011-11-10,breadth_1m,0.5636363636363636,0.32727272727272727,False,True
Financial Services,2011-12-12,breadth_1m,0.509090909090909,0.34545454545454546,False,False
Financial Services,2012-01-12,breadth_1m,0.6181818181818182,0.3636363636363636,False,False
Financial Services,2012-02-13,breadth_1m,0.5454545454545454,0.38181818181818183,False,False
Financial Services,2012-03-14,breadth_1m,0.5454545454545454,0.4000000000000001,False,True
Financial Services,2012-04-13,breadth_1m,0.509090909090909,0.41818181818181815,False,True
Financial Services,2012-05-14,breadth_1m,0.4727272727272727,0.43636363636363634,False,True
Financial Services,2012-06-13,breadth_1m,0.2727272727272727,0.4000000000000001,False,False
Financial Services,2012-07-13,breadth_1m,0.7272727272727273,0.4000000000000001,False,True
Financial Services,2012-08-13,breadth_1m,0.36363636363636365,0.41818181818181815,False,False
Financial Services,2012-09-12,breadth_1m,0.7272727272727273,0.41818181818181815,False,False
Financial Services,2012-10-11,breadth_1m,0.8,0.43636363636363634,False,False
Financial Services,2012-11-13,breadth_1m,0.5818181818181818,0.43636363636363634,False,False
Financial Services,2012-12-13,breadth_1m,0.5272727272727272,0.45454545454545453,False,False
Financial Services,2013-01-15,breadth_1m,0.7818181818181819,0.45454545454545453,False,False
Financial Services,2013-02-14,breadth_1m,0.6545454545454545,0.4727272727272727,False,False
Financial Services,2013-03-18,breadth_1m,0.6909090909090909,0.4727272727272727,False,True
Financial Services,2013-04-17,breadth_1m,0.32727272727272727,0.4727272727272727,False,False
Financial Services,2013-05-16,breadth_1m,0.7818181818181819,0.4727272727272727,False,False
Financial Services,2013-06-17,breadth_1m,0.6,0.4727272727272727,False,False
Financial Services,2013-07-17,breadth_1m,0.6727272727272727,0.4909090909090909,False,True
Financial Services,2013-08-15,breadth_1m,0.5636363636363636,0.4909090909090909,False,True
Financial Services,2013-09-16,breadth_1m,0.4909090909090909,0.4727272727272727,False,True
Financial Services,2013-10-15,breadth_1m,0.5636363636363636,0.4727272727272727,False,True
Financial Services,2013-11-13,breadth_1m,0.38181818181818183,0.4727272727272727,False,False
Financial Services,2013-12-13,breadth_1m,0.8,0.4727272727272727,False,False
Financial Services,2014-01-15,breadth_1m,0.5636363636363636,0.4909090909090909,False,True
Financial Services,2014-02-14,breadth_1m,0.23636363636363636,0.4727272727272727,False,False
Financial Services,2014-03-18,breadth_1m,0.5454545454545454,0.4727272727272727,False,True
Financial Services,2014-04-16,breadth_1m,0.36363636363636365,0.4727272727272727,False,True
Financial Services,2014-05-16,breadth_1m,0.32727272727272727,0.4727272727272727,False,False
Financial Services,2014-06-17,breadth_1m,0.6964285714285714,0.4727272727272727,False,True
Financial Services,2014-07-17,breadth_1m,0.32142857142857145,0.4727272727272727,False,True
Financial Services,2014-08-15,breadth_1m,0.375,0.45454545454545453,False,False
Financial Services,2014-09-16,breadth_1m,0.6666666666666666,0.45454545454545453,False,False
Financial Services,2014-10-15,breadth_1m,0.49122807017543857,0.4610389610389611,False,False
Financial Services,2014-11-13,breadth_1m,0.603448275862069,0.4651067323481117,False,False
Financial Services,2014-12-15,breadth_1m,0.7241379310344828,0.46551724137931033,False,True
Financial Services,2015-01-15,breadth_1m,0.20689655172413793,0.4703239289446186,False,False
Financial Services,2015-02-17,breadth_1m,0.7068965517241379,0.45454545454545453,False,False
Financial Services,2015-03-18,breadth_1m,0.603448275862069,0.46551724137931033,False,True
Financial Services,2015-04-17,breadth_1m,0.3620689655172414,0.46551724137931033,False,False
Financial Services,2015-05-18,breadth_1m,0.6379310344827587,0.4651067323481117,False,False
Financial Services,2015-06-17,breadth_1m,0.7586206896551724,0.4727272727272727,False,False
Financial Services,2015-07-17,breadth_1m,0.5344827586206896,0.4727272727272727,False,False
Financial Services,2015-08-17,breadth_1m,0.5423728813559322,0.4727272727272727,False,True
Financial Services,2015-09-16,breadth_1m,0.2542372881355932,0.4703239289446186,False,True
Financial Services,2015-10-15,breadth_1m,0.22033898305084745,0.45454545454545453,False,False
Financial Services,2015-11-13,breadth_1m,0.7796610169491526,0.45454545454545453,False,True
Financial Services,2015-12-15,breadth_1m,0.4067796610169492,0.45454545454545453,False,True
Financial Services,2016-01-15,breadth_1m,0.288135593220339,0.4406779661016949,False,True
Financial Services,2016-02-17,breadth_1m,0.4666666666666667,0.43636363636363634,False,False
Financial Services,2016-03-17,breadth_1m,0.55,0.43636363636363634,False,True
Financial Services,2016-04-18,breadth_1m,0.5333333333333333,0.43636363636363634,False,False
Financial Services,2016-05-17,breadth_1m,0.6,0.43636363636363634,False,True
Financial Services,2016-06-16,breadth_1m,0.23333333333333334,0.43636363636363634,False,True
Financial Services,2016-07-18,breadth_1m,0.35,0.43636363636363634,False,False
Financial Services,2016-08-16,breadth_1m,0.6666666666666666,0.43636363636363634,False,False
Financial Services,2016-09-15,breadth_1m,0.9333333333333333,0.43636363636363634,False,False
Financial Services,2016-10-14,breadth_1m,0.5333333333333333,0.43636363636363634,False,False
Financial Services,2016-11-14,breadth_1m,0.7833333333333333,0.4406779661016949,False,False
Financial Services,2016-12-14,breadth_1m,0.55,0.45454545454545453,False,True
Financial Services,2017-01-17,breadth_1m,0.32786885245901637,0.45454545454545453,False,False
Financial Services,2017-02-15,breadth_1m,0.7213114754098361,0.44942528735632187,False,True
Financial Services,2017-03-17,breadth_1m,0.4426229508196721,0.45454545454545453,False,True
Financial Services,2017-04-18,breadth_1m,0.32786885245901637,0.4426229508196721,False,True
Financial Services,2017-05-17,breadth_1m,0.39344262295081966,0.4426229508196721,False,False
Financial Services,2017-06-16,breadth_1m,0.8688524590163934,0.43636363636363634,False,False
Financial Services,2017-07-18,breadth_1m,0.6065573770491803,0.4426229508196721,False,False
Financial Services,2017-08-16,breadth_1m,0.6229508196721312,0.4482758620689655,False,True
Financial Services,2017-09-15,breadth_1m,0.26229508196721313,0.4426229508196721,False,False
Financial Services,2017-10-16,breadth_1m,0.9344262295081968,0.4426229508196721,False,True
Financial Services,2017-11-14,breadth_1m,0.3770491803278688,0.4463915583192011,False,False
Financial Services,2017-12-14,breadth_1m,0.639344262295082,0.4426229508196721,False,False
Financial Services,2018-01-17,breadth_1m,0.45901639344262296,0.4426229508196721,False,False
Financial Services,2018-02-15,breadth_1m,0.5967741935483871,0.44942528735632187,False,True
Financial Services,2018-03-19,breadth_1m,0.5967741935483871,0.45454545454545453,False,True
Financial Services,2018-04-18,breadth_1m,0.24193548387096775,0.45107526881720433,False,False
Financial Services,2018-05-17,breadth_1m,0.5483870967741935,0.4426229508196721,False,True
Financial Services,2018-06-18,breadth_1m,0.24193548387096775,0.43636363636363634,False,False
Financial Services,2018-07-18,breadth_1m,0.46774193548387094,0.43636363636363634,False,True
Financial Services,2018-08-16,breadth_1m,0.3709677419354839,0.43636363636363634,False,True
Financial Services,2018-09-17,breadth_1m,0.4838709677419355,0.43548387096774194,False,True
Financial Services,2018-10-16,breadth_1m,0.14516129032258066,0.4347670250896057,False,False
Financial Services,2018-11-14,breadth_1m,0.6290322580645161,0.43333333333333335,False,True
Financial Services,2018-12-17,breadth_1m,0.3709677419354839,0.43548387096774194,False,False
Financial Services,2019-01-17,breadth_1m,0.7741935483870968,0.43333333333333335,False,True
Financial Services,2019-02-19,breadth_1m,0.3870967741935484,0.43548387096774194,False,True
Financial Services,2019-03-20,breadth_1m,0.27419354838709675,0.43548387096774194,False,False
Financial Services,2019-04-18,breadth_1m,0.7258064516129032,0.4310344827586207,False,False
Financial Services,2019-05-20,breadth_1m,0.7580645161290323,0.43333333333333335,False,True
Financial Services,2019-06-19,breadth_1m,0.45161290322580644,0.43548387096774194,False,False
Financial Services,2019-07-19,breadth_1m,0.6451612903225806,0.43548387096774194,False,True
Financial Services,2019-08-19,breadth_1m,0.3870967741935484,0.43548387096774194,False,False
Financial Services,2019-09-18,breadth_1m,0.6451612903225806,0.43333333333333335,False,True
Financial Services,2019-10-17,breadth_1m,0.24193548387096775,0.4347670250896057,False,False
Financial Services,2019-11-15,breadth_1m,0.5967741935483871,0.43548387096774194,False,False
Financial Services,2019-12-17,breadth_1m,0.7258064516129032,0.43548387096774194,False,True
Financial Services,2020-01-17,breadth_1m,0.3225806451612903,0.43333333333333335,False,True
Financial Services,2020-02-19,breadth_1m,0.5,0.43333333333333335,False,True
Financial Services,2020-03-19,breadth_1m,0.20967741935483872,0.4310344827586207,False,True
Financial Services,2020-04-20,breadth_1m,0.4032258064516129,0.4262295081967213,False,True
Financial Services,2020-05-19,breadth_1m,0.4032258064516129,0.423728813559322,False,False
Financial Services,2020-06-18,breadth_1m,0.7741935483870968,0.4262295081967213,False,True
Financial Services,2020-07-20,breadth_1m,0.27419354838709675,0.4204867006225241,False,True
Financial Services,2020-08-18,breadth_1m,0.3548387096774194,0.41935483870967744,False,False
Financial Services,2020-09-17,breadth_1m,0.5161290322580645,0.41935483870967744,False,True
Financial Services,2020-10-16,breadth_1m,0.4032258064516129,0.41935483870967744,False,False
Financial Services,2020-11-16,breadth_1m,0.6935483870967742,0.41935483870967744,False,False
Financial Services,2020-12-16,breadth_1m,0.5161290322580645,0.4204867006225241,False,False
Financial Services,2021-01-19,breadth_1m,0.7096774193548387,0.423728813559322,False,False
Financial Services,2021-02-18,breadth_1m,0.45161290322580644,0.42283675289919714,False,False
Financial Services,2021-03-19,breadth_1m,0.8387096774193549,0.4262295081967213,False,True
Financial Services,2021-04-20,breadth_1m,0.3387096774193548,0.423728813559322,False,False
Financial Services,2021-05-19,breadth_1m,0.8870967741935484,0.4262295081967213,False,True
Financial Services,2021-06-18,breadth_1m,0.20967741935483872,0.4262295081967213,False,True
Financial Services,2021-07-20,breadth_1m,0.3230769230769231,0.41935483870967744,False,False
Financial Services,2021-08-18,breadth_1m,0.7272727272727273,0.41935483870967744,False,True
Financial Services,2021-09-17,breadth_1m,0.48484848484848486,0.41935483870967744,False,False
Financial Services,2021-10-18,breadth_1m,0.746268656716418,0.41935483870967744,False,True
Financial Services,2021-11-16,breadth_1m,0.2835820895522388,0.41935483870967744,False,True
Financial Services,2021-12-16,breadth_1m,0.3582089552238806,0.41935483870967744,False,False
Financial Services,2022-01-18,breadth_1m,0.6567164179104478,0.41935483870967744,False,False
Financial Services,2022-02-16,breadth_1m,0.7313432835820896,0.41935483870967744,False,True
Financial Services,2022-03-18,breadth_1m,0.373134328358209,0.41935483870967744,False,True
Financial Services,2022-04-19,breadth_1m,0.417910447761194,0.41935483870967744,False,False
Financial Services,2022-05-18,breadth_1m,0.5671641791044776,0.41935483870967744,False,True
Financial Services,2022-06-17,breadth_1m,0.5223880597014925,0.41935483870967744,False,True
Financial Services,2022-07-20,breadth_1m,0.4626865671641791,0.41935483870967744,False,False
Financial Services,2022-08-18,breadth_1m,0.6417910447761194,0.41935483870967744,False,False
Financial Services,2022-09-19,breadth_1m,0.7313432835820896,0.41935483870967744,False,False
Financial Services,2022-10-18,breadth_1m,0.582089552238806,0.423728813559322,False,False
Financial Services,2022-11-16,breadth_1m,0.5970149253731343,0.4262295081967213,False,True
Financial Services,2022-12-16,breadth_1m,0.417910447761194,0.42424242424242425,False,False
Financial Services,2023-01-19,breadth_1m,0.6865671641791045,0.4262295081967213,False,True
Financial Services,2023-02-17,breadth_1m,0.582089552238806,0.4262295081967213,False,True
Financial Services,2023-03-21,breadth_1m,0.11940298507462686,0.4262295081967213,False,False
Financial Services,2023-04-20,breadth_1m,0.4925373134328358,0.41935483870967744,False,True
Financial Services,2023-05-19,breadth_1m,0.16417910447761194,0.41935483870967744,False,True
Financial Services,2023-06-21,breadth_1m,0.44776119402985076,0.41935483870967744,False,False
Financial Services,2023-07-21,breadth_1m,0.7761194029850746,0.41935483870967744,False,True
Financial Services,2023-08-21,breadth_1m,0.40298507462686567,0.41935483870967744,False,False
Financial Services,2023-09-20,breadth_1m,0.7611940298507462,0.41935483870967744,False,True
Financial Services,2023-10-19,breadth_1m,0.31343283582089554,0.41935483870967744,False,False
Financial Services,2023-11-17,breadth_1m,0.5522388059701493,0.41935483870967744,False,False
Financial Services,2023-12-19,breadth_1m,0.6268656716417911,0.41935483870967744,False,True
Financial Services,2024-01-22,breadth_1m,0.44776119402985076,0.4204867006225241,False,False
Financial Services,2024-02-21,breadth_1m,0.40298507462686567,0.41935483870967744,True,False
Financial Services,2024-03-21,breadth_1m,0.582089552238806,0.41935483870967744,False,False
Financial Services,2024-04-22,breadth_1m,0.7313432835820896,0.42105263157894735,False,True
Financial Services,2024-05-21,breadth_1m,0.22388059701492538,0.423728813559322,False,True
Financial Services,2024-06-21,breadth_1m,0.04477611940298507,0.41935483870967744,False,False
Financial Services,2024-07-23,breadth_1m,0.7611940298507462,0.41935483870967744,False,False
Financial Services,2024-08-21,breadth_1m,0.47761194029850745,0.41935483870967744,False,False
Financial Services,2024-09-20,breadth_1m,0.746268656716418,0.41935483870967744,False,False
Financial Services,2024-10-21,breadth_1m,0.6268656716417911,0.41935483870967744,False,False
Financial Services,2024-11-19,breadth_1m,0.6417910447761194,0.4204867006225241,False,True
Financial Services,2024-12-19,breadth_1m,0.208955223880597,0.4204867006225241,False,False
Financial Services,2025-01-23,breadth_1m,0.5074626865671642,0.41935483870967744,False,False
Financial Services,2025-02-24,breadth_1m,0.582089552238806,0.41935483870967744,False,False
Financial Services,2025-03-25,breadth_1m,0.5671641791044776,0.42105263157894735,False,False
Financial Services,2025-04-24,breadth_1m,0.417910447761194,0.42407122068139014,True,True
Financial Services,2025-05-23,breadth_1m,0.40298507462686567,0.423728813559322,False,True
Financial Services,2025-06-25,breadth_1m,0.40298507462686567,0.41935483870967744,False,True
Financial Services,2025-07-25,breadth_1m,0.47761194029850745,0.41935483870967744,False,True
Financial Services,2025-08-25,breadth_1m,0.582089552238806,0.41935483870967744,False,True
Financial Services,2025-09-24,breadth_1m,0.19402985074626866,0.41935483870967744,False,True
Financial Services,2025-10-23,breadth_1m,0.16417910447761194,0.41935483870967744,False,False
Financial Services,2025-11-21,breadth_1m,0.6567164179104478,0.41935483870967744,False,False
Financial Services,2025-12-23,breadth_1m,0.7313432835820896,0.41935483870967744,False,True
Financial Services,2026-01-26,breadth_1m,0.3582089552238806,0.41935483870967744,False,True
Financial Services,2026-02-25,breadth_1m,0.417910447761194,0.41935483870967744,False,False
Financial Services,2026-03-26,breadth_1m,0.6119402985074627,0.41935483870967744,False,True
Financial Services,2026-04-27,breadth_1m,0.23880597014925373,0.41935483870967744,False,True
Financial Services,2026-05-27,breadth_1m,0.16417910447761194,0.41818181818181815,False,False
Financial Services,2026-06-26,breadth_1m,0.8529411764705882,0.41818181818181815,False,False
Financial Services,2026-07-28,breadth_1m,0.8235294117647058,0.41896383186705766,False,True
Financial Services,2026-08-26,breadth_1m,0.35294117647058826,0.41935483870967744,False,True
Healthcare,2014-03-13,breadth_1m,0.56,0.5133333333333333,False,True
Healthcare,2014-04-11,breadth_1m,0.36,0.48,False,False
Healthcare,2014-05-13,breadth_1m,0.5,0.41333333333333333,False,False
Healthcare,2014-06-12,breadth_1m,0.62,0.46,False,False
Healthcare,2014-07-14,breadth_1m,0.56,0.44,False,True
Healthcare,2014-08-12,breadth_1m,0.48,0.47333333333333333,False,False
Healthcare,2014-09-11,breadth_1m,0.68,0.48,False,False
Healthcare,2014-10-10,breadth_1m,0.68,0.5,False,False
Healthcare,2014-11-10,breadth_1m,0.66,0.5,False,False
Healthcare,2014-12-10,breadth_1m,0.88,0.5,False,False
Healthcare,2015-01-12,breadth_1m,0.68,0.5,False,True
Healthcare,2015-02-11,breadth_1m,0.4,0.52,False,False
Healthcare,2015-03-13,breadth_1m,0.86,0.5,False,False
Healthcare,2015-04-14,breadth_1m,0.66,0.52,False,True
Healthcare,2015-05-13,breadth_1m,0.36,0.5,False,False
Healthcare,2015-06-12,breadth_1m,0.78,0.5,False,False
Healthcare,2015-07-14,breadth_1m,0.7,0.5,False,True
Healthcare,2015-08-12,breadth_1m,0.38,0.52,False,True
Healthcare,2015-09-11,breadth_1m,0.48,0.5,False,True
Healthcare,2015-10-12,breadth_1m,0.2,0.5,False,False
Healthcare,2015-11-10,breadth_1m,0.68,0.5,False,False
Healthcare,2015-12-10,breadth_1m,0.58,0.5,False,False
Healthcare,2016-01-12,breadth_1m,0.66,0.5,False,True
Healthcare,2016-02-11,breadth_1m,0.36,0.5,False,True
Healthcare,2016-03-14,breadth_1m,0.48,0.5,False,True
Healthcare,2016-04-13,breadth_1m,0.6,0.48,False,True
Healthcare,2016-05-12,breadth_1m,0.58,0.5,False,False
Healthcare,2016-06-13,breadth_1m,0.58,0.5,False,False
Healthcare,2016-07-13,breadth_1m,0.58,0.5,False,True
Healthcare,2016-08-11,breadth_1m,0.54,0.5,False,True
Healthcare,2016-09-12,breadth_1m,0.24,0.5,False,True
Healthcare,2016-10-11,breadth_1m,0.42,0.5,False,True
Healthcare,2016-11-09,breadth_1m,0.36,0.48,False,True
Healthcare,2016-12-09,breadth_1m,0.3,0.48,False,False
Healthcare,2017-01-11,breadth_1m,0.72,0.47333333333333333,False,True
Healthcare,2017-02-10,breadth_1m,0.64,0.48,False,False
Healthcare,2017-03-14,breadth_1m,0.74,0.48,False,True
Healthcare,2017-04-12,breadth_1m,0.4,0.48,False,True
Healthcare,2017-05-12,breadth_1m,0.56,0.48,False,False
Healthcare,2017-06-13,breadth_1m,0.68,0.48,False,False
Healthcare,2017-07-13,breadth_1m,0.82,0.5,False,True
Healthcare,2017-08-11,breadth_1m,0.34,0.48,False,False
Healthcare,2017-09-12,breadth_1m,0.72,0.48,False,True
Healthcare,2017-10-11,breadth_1m,0.3,0.48,False,True
Healthcare,2017-11-09,breadth_1m,0.46,0.48,False,True
Healthcare,2017-12-11,breadth_1m,0.4,0.48,False,True
Healthcare,2018-01-11,breadth_1m,0.5,0.46,False,False
Healthcare,2018-02-12,breadth_1m,0.52,0.48,False,True
Healthcare,2018-03-14,breadth_1m,0.52,0.46,False,True
Healthcare,2018-04-13,breadth_1m,0.42,0.47333333333333333,False,True
Healthcare,2018-05-14,breadth_1m,0.54,0.48,False,False
Healthcare,2018-06-13,breadth_1m,0.64,0.46,False,False
Healthcare,2018-07-13,breadth_1m,0.56,0.48,False,False
Healthcare,2018-08-13,breadth_1m,0.5,0.48,False,False
Healthcare,2018-09-12,breadth_1m,0.64,0.48,False,False
Healthcare,2018-10-11,breadth_1m,0.72,0.48,False,False
Healthcare,2018-11-09,breadth_1m,0.56,0.48,False,False
Healthcare,2018-12-12,breadth_1m,0.68,0.48,False,True
Healthcare,2019-01-14,breadth_1m,0.2549019607843137,0.48,False,True
Healthcare,2019-02-13,breadth_1m,0.5882352941176471,0.48,False,True
Healthcare,2019-03-15,breadth_1m,0.43137254901960786,0.48,False,True
Healthcare,2019-04-15,breadth_1m,0.2549019607843137,0.48,False,True
Healthcare,2019-05-15,breadth_1m,0.47058823529411764,0.48,False,False
Healthcare,2019-06-14,breadth_1m,0.7058823529411765,0.48,False,True
Healthcare,2019-07-16,breadth_1m,0.45098039215686275,0.48,False,False
Healthcare,2019-08-14,breadth_1m,0.6274509803921569,0.48,False,True
Healthcare,2019-09-13,breadth_1m,0.3137254901960784,0.48,False,True
Healthcare,2019-10-14,breadth_1m,0.3137254901960784,0.4705882352941176,False,False
Healthcare,2019-11-12,breadth_1m,0.5686274509803921,0.4705882352941176,False,False
Healthcare,2019-12-12,breadth_1m,0.6666666666666666,0.4705882352941176,False,True
Healthcare,2020-01-14,breadth_1m,0.5882352941176471,0.4705882352941176,False,True
Healthcare,2020-02-13,breadth_1m,0.5098039215686274,0.4705882352941176,False,False
Healthcare,2020-03-16,breadth_1m,0.7254901960784313,0.4768627450980392,False,False
Healthcare,2020-04-15,breadth_1m,0.5686274509803921,0.48,False,False
Healthcare,2020-05-14,breadth_1m,0.5294117647058824,0.48,False,True
Healthcare,2020-06-15,breadth_1m,0.17647058823529413,0.48,False,False
Healthcare,2020-07-15,breadth_1m,0.6666666666666666,0.4705882352941176,False,True
Healthcare,2020-08-13,breadth_1m,0.4117647058823529,0.4705882352941176,False,True
Healthcare,2020-09-14,breadth_1m,0.39215686274509803,0.4705882352941176,False,True
Healthcare,2020-10-13,breadth_1m,0.45098039215686275,0.4705882352941176,False,False
Healthcare,2020-11-11,breadth_1m,0.6470588235294118,0.4705882352941176,False,True
Healthcare,2020-12-11,breadth_1m,0.3137254901960784,0.46,False,False
Healthcare,2021-01-13,breadth_1m,0.7647058823529411,0.46,False,True
Healthcare,2021-02-12,breadth_1m,0.23529411764705882,0.46,False,True
Healthcare,2021-03-16,breadth_1m,0.37254901960784315,0.46,False,True
Healthcare,2021-04-15,breadth_1m,0.5686274509803921,0.46,False,False
Healthcare,2021-05-14,breadth_1m,0.6666666666666666,0.46,False,True
Healthcare,2021-06-15,breadth_1m,0.49019607843137253,0.46,False,False
Healthcare,2021-07-15,breadth_1m,0.5892857142857143,0.46,False,False
Healthcare,2021-08-13,breadth_1m,0.6071428571428571,0.46,False,True
Healthcare,2021-09-14,breadth_1m,0.625,0.46,False,True
Healthcare,2021-10-13,breadth_1m,0.23214285714285715,0.46,False,True
Healthcare,2021-11-11,breadth_1m,0.35714285714285715,0.46,False,False
Healthcare,2021-12-13,breadth_1m,0.5178571428571429,0.45098039215686275,False,True
Healthcare,2022-01-12,breadth_1m,0.42857142857142855,0.46,False,False
Healthcare,2022-02-11,breadth_1m,0.7142857142857143,0.46,False,False
Healthcare,2022-03-15,breadth_1m,0.6964285714285714,0.46,False,False
Healthcare,2022-04-13,breadth_1m,0.6071428571428571,0.46,False,False
Healthcare,2022-05-13,breadth_1m,0.5178571428571429,0.46,False,False
Healthcare,2022-06-14,breadth_1m,0.5178571428571429,0.46,False,False
Healthcare,2022-07-15,breadth_1m,0.7142857142857143,0.46,False,True
Healthcare,2022-08-15,breadth_1m,0.375,0.46,False,False
Healthcare,2022-09-14,breadth_1m,0.5892857142857143,0.46,False,False
Healthcare,2022-10-13,breadth_1m,0.625,0.46,False,True
Healthcare,2022-11-11,breadth_1m,0.4642857142857143,0.46,False,False
Healthcare,2022-12-13,breadth_1m,0.7142857142857143,0.46,False,True
Healthcare,2023-01-13,breadth_1m,0.42857142857142855,0.46,False,True
Healthcare,2023-02-14,breadth_1m,0.19298245614035087,0.46,False,False
Healthcare,2023-03-16,breadth_1m,0.45614035087719296,0.46,True,False
Healthcare,2023-04-17,breadth_1m,0.6666666666666666,0.46,False,True
Healthcare,2023-05-16,breadth_1m,0.40350877192982454,0.46,False,True
Healthcare,2023-06-15,breadth_1m,0.14035087719298245,0.45098039215686275,False,True
Healthcare,2023-07-18,breadth_1m,0.38596491228070173,0.45098039215686275,False,False
Healthcare,2023-08-16,breadth_1m,0.5789473684210527,0.45098039215686275,False,True
Healthcare,2023-09-15,breadth_1m,0.15789473684210525,0.45098039215686275,False,False
Healthcare,2023-10-16,breadth_1m,0.3508771929824561,0.45098039215686275,True,True
Healthcare,2023-11-14,breadth_1m,0.2982456140350877,0.44,False,False
Healthcare,2023-12-14,breadth_1m,0.6666666666666666,0.44,False,False
Healthcare,2024-01-17,breadth_1m,0.543859649122807,0.44642857142857145,False,True
Healthcare,2024-02-15,breadth_1m,0.3684210526315789,0.44,False,True
Healthcare,2024-03-18,breadth_1m,0.38596491228070173,0.44,False,True
Healthcare,2024-04-17,breadth_1m,0.19298245614035087,0.44,False,True
Healthcare,2024-05-16,breadth_1m,0.5689655172413793,0.44,False,True
Healthcare,2024-06-17,breadth_1m,0.22413793103448276,0.44,False,False
Healthcare,2024-07-18,breadth_1m,0.4827586206896552,0.43859649122807015,False,False
Healthcare,2024-08-16,breadth_1m,0.6551724137931034,0.43859649122807015,False,False
Healthcare,2024-09-17,breadth_1m,0.5,0.43859649122807015,False,True
Healthcare,2024-10-16,breadth_1m,0.10344827586206896,0.43859649122807015,False,True
Healthcare,2024-11-14,breadth_1m,0.3448275862068966,0.43137254901960786,False,True
Healthcare,2024-12-16,breadth_1m,0.15517241379310345,0.43137254901960786,False,False
Healthcare,2025-01-17,breadth_1m,0.7586206896551724,0.42857142857142855,False,False
Healthcare,2025-02-19,breadth_1m,0.3793103448275862,0.4310344827586207,True,False
Healthcare,2025-03-20,breadth_1m,0.8103448275862069,0.43137254901960786,False,True
Healthcare,2025-04-21,breadth_1m,0.39655172413793105,0.43137254901960786,False,True
Healthcare,2025-05-20,breadth_1m,0.25862068965517243,0.42857142857142855,False,True
Healthcare,2025-06-20,breadth_1m,0.3103448275862069,0.42105263157894735,False,True
Healthcare,2025-07-22,breadth_1m,0.25862068965517243,0.42105263157894735,False,False
Healthcare,2025-08-20,breadth_1m,0.6551724137931034,0.42,False,True
Healthcare,2025-09-19,breadth_1m,0.10344827586206896,0.42105263157894735,False,False
Healthcare,2025-10-20,breadth_1m,0.7586206896551724,0.42,False,False
Healthcare,2025-11-18,breadth_1m,0.603448275862069,0.42105263157894735,False,True
Healthcare,2025-12-18,breadth_1m,0.43103448275862066,0.42105263157894735,False,False
Healthcare,2026-01-21,breadth_1m,0.6724137931034483,0.42105263157894735,False,True
Healthcare,2026-02-20,breadth_1m,0.5,0.42105263157894735,False,True
Healthcare,2026-03-23,breadth_1m,0.1724137931034483,0.42105263157894735,False,True
Healthcare,2026-04-22,breadth_1m,0.1724137931034483,0.42105263157894735,False,True
Healthcare,2026-05-21,breadth_1m,0.20689655172413793,0.42,False,False
Healthcare,2026-06-23,breadth_1m,0.7241379310344828,0.42,False,False
Healthcare,2026-07-23,breadth_1m,0.8103448275862069,0.42,False,False
Healthcare,2026-08-21,breadth_1m,0.7413793103448276,0.42,False,True
Industrials,2019-12-10,breadth_1m,0.3125,0.5260416666666666,False,True
Industrials,2020-01-10,breadth_1m,0.34375,0.40625,False,True
Industrials,2020-02-11,breadth_1m,0.484375,0.390625,False,True
Industrials,2020-03-12,breadth_1m,0.453125,0.40625,False,True
Industrials,2020-04-13,breadth_1m,0.265625,0.3854166666666667,False,True
Industrials,2020-05-12,breadth_1m,0.36363636363636365,0.3636363636363636,False,False
Industrials,2020-06-11,breadth_1m,0.8484848484848485,0.375,False,True
Industrials,2020-07-13,breadth_1m,0.25757575757575757,0.375,False,False
Industrials,2020-08-11,breadth_1m,0.8484848484848485,0.37878787878787873,False,True
Industrials,2020-09-10,breadth_1m,0.3484848484848485,0.390625,False,False
Industrials,2020-10-09,breadth_1m,0.6515151515151515,0.40625,False,False
Industrials,2020-11-09,breadth_1m,0.6666666666666666,0.40625,False,False
Industrials,2020-12-09,breadth_1m,0.5757575757575758,0.421875,False,True
Industrials,2021-01-11,breadth_1m,0.4090909090909091,0.40625,False,True
Industrials,2021-02-10,breadth_1m,0.30303030303030304,0.40625,False,False
Industrials,2021-03-12,breadth_1m,0.8333333333333334,0.40625,False,True
Industrials,2021-04-13,breadth_1m,0.42424242424242425,0.40625,False,False
Industrials,2021-05-12,breadth_1m,0.7878787878787878,0.40625,False,True
Industrials,2021-06-11,breadth_1m,0.3939393939393939,0.40814393939393945,False,True
Industrials,2021-07-13,breadth_1m,0.22972972972972974,0.40625,False,False
Industrials,2021-08-11,breadth_1m,0.6216216216216216,0.3925743925743926,False,True
Industrials,2021-09-10,breadth_1m,0.2972972972972973,0.3925743925743926,False,False
Industrials,2021-10-11,breadth_1m,0.5,0.390625,False,True
Industrials,2021-11-09,breadth_1m,0.5405405405405406,0.3977613977613978,False,True
Industrials,2021-12-09,breadth_1m,0.4864864864864865,0.40625,False,False
Industrials,2022-01-10,breadth_1m,0.47297297297297297,0.40540540540540543,False,True
Industrials,2022-02-09,breadth_1m,0.3783783783783784,0.40540540540540543,False,False
Industrials,2022-03-11,breadth_1m,0.6081081081081081,0.3925743925743926,False,True
Industrials,2022-04-11,breadth_1m,0.33783783783783783,0.3918918918918919,False,False
Industrials,2022-05-11,breadth_1m,0.6756756756756757,0.3918918918918919,False,True
Industrials,2022-06-10,breadth_1m,0.527027027027027,0.40540540540540543,False,True
Industrials,2022-07-13,breadth_1m,0.32432432432432434,0.40540540540540543,False,False
Industrials,2022-08-11,breadth_1m,0.8108108108108109,0.40540540540540543,False,True
Industrials,2022-09-12,breadth_1m,0.5,0.40625,False,False
Industrials,2022-10-11,breadth_1m,0.7027027027027027,0.40625,False,False
Industrials,2022-11-09,breadth_1m,0.7297297297297297,0.4090909090909091,False,True
Industrials,2022-12-09,breadth_1m,0.35135135135135137,0.4189189189189189,False,False
Industrials,2023-01-11,breadth_1m,0.6756756756756757,0.421875,False,True
Industrials,2023-02-10,breadth_1m,0.33783783783783783,0.421875,False,False
Industrials,2023-03-14,breadth_1m,0.581081081081081,0.421875,False,True
Industrials,2023-04-13,breadth_1m,0.0945945945945946,0.4189189189189189,False,True
Industrials,2023-05-12,breadth_1m,0.5540540540540541,0.4090909090909091,False,True
Industrials,2023-06-13,breadth_1m,0.44594594594594594,0.40625,False,False
Industrials,2023-07-14,breadth_1m,0.7162162162162162,0.4090909090909091,False,False
Industrials,2023-08-14,breadth_1m,0.527027027027027,0.4189189189189189,False,True
Industrials,2023-09-13,breadth_1m,0.28378378378378377,0.4189189189189189,False,False
Industrials,2023-10-12,breadth_1m,0.6621621621621622,0.4189189189189189,False,True
Industrials,2023-11-10,breadth_1m,0.49333333333333335,0.4090909090909091,False,False
Industrials,2023-12-12,breadth_1m,0.72,0.4189189189189189,False,True
Industrials,2024-01-12,breadth_1m,0.38666666666666666,0.4189189189189189,False,True
Industrials,2024-02-13,breadth_1m,0.5866666666666667,0.4189189189189189,False,False
Industrials,2024-03-14,breadth_1m,0.5866666666666667,0.421875,False,False
Industrials,2024-04-15,breadth_1m,0.6,0.42424242424242425,False,True
Industrials,2024-05-14,breadth_1m,0.4,0.42424242424242425,False,True
Industrials,2024-06-13,breadth_1m,0.10666666666666667,0.4189189189189189,False,False
Industrials,2024-07-16,breadth_1m,0.52,0.4090909090909091,False,False
Industrials,2024-08-14,breadth_1m,0.49333333333333335,0.4189189189189189,False,False
Industrials,2024-09-13,breadth_1m,0.48,0.4189189189189189,False,False
Industrials,2024-10-14,breadth_1m,0.6533333333333333,0.421875,False,True
Industrials,2024-11-12,breadth_1m,0.56,0.421875,False,True
Industrials,2024-12-12,breadth_1m,0.21333333333333335,0.42424242424242425,False,False
Industrials,2025-01-15,breadth_1m,0.3466666666666667,0.4189189189189189,True,True
Industrials,2025-02-14,breadth_1m,0.32,0.4189189189189189,False,False
Industrials,2025-03-18,breadth_1m,0.68,0.4189189189189189,False,False
Industrials,2025-04-16,breadth_1m,0.44,0.4189189189189189,False,False
Industrials,2025-05-16,breadth_1m,0.56,0.421875,False,True
Industrials,2025-06-17,breadth_1m,0.26666666666666666,0.421875,False,False
Industrials,2025-07-18,breadth_1m,0.64,0.421875,False,True
Industrials,2025-08-18,breadth_1m,0.4,0.421875,False,True
Industrials,2025-09-17,breadth_1m,0.26666666666666666,0.4189189189189189,False,False
Industrials,2025-10-16,breadth_1m,0.4666666666666667,0.41333333333333333,False,True
Industrials,2025-11-14,breadth_1m,0.30666666666666664,0.41333333333333333,False,False
Industrials,2025-12-16,breadth_1m,0.68,0.41333333333333333,False,False
Industrials,2026-01-16,breadth_1m,0.8133333333333334,0.4189189189189189,False,False
Industrials,2026-02-18,breadth_1m,0.76,0.4189189189189189,False,True
Industrials,2026-03-19,breadth_1m,0.24,0.4189189189189189,False,True
Industrials,2026-04-20,breadth_1m,0.4266666666666667,0.41333333333333333,False,True
Industrials,2026-05-19,breadth_1m,0.16,0.41333333333333333,False,False
Industrials,2026-06-18,breadth_1m,0.7333333333333333,0.40625,False,True
Industrials,2026-07-21,breadth_1m,0.4868421052631579,0.41333333333333333,False,True
Industrials,2026-08-19,breadth_1m,0.5064935064935064,0.41333333333333333,False,True
Real Estate,2017-01-09,breadth_1m,0.76,0.16,False,True
Real Estate,2017-02-08,breadth_1m,0.36,0.20000000000000004,False,True
Real Estate,2017-03-10,breadth_1m,0.11538461538461539,0.20000000000000004,False,False
Real Estate,2017-04-10,breadth_1m,0.9615384615384616,0.24,False,True
Real Estate,2017-05-10,breadth_1m,0.3076923076923077,0.2984615384615385,False,False
Real Estate,2017-06-09,breadth_1m,0.6153846153846154,0.32,False,True
Real Estate,2017-07-11,breadth_1m,0.34615384615384615,0.3461538461538461,False,False
Real Estate,2017-08-09,breadth_1m,0.6923076923076923,0.3461538461538461,False,False
Real Estate,2017-09-08,breadth_1m,0.7307692307692307,0.38461538461538464,False,True
Real Estate,2017-10-09,breadth_1m,0.07692307692307693,0.3461538461538461,False,False
Real Estate,2017-11-07,breadth_1m,0.6153846153846154,0.3461538461538461,False,True
Real Estate,2017-12-07,breadth_1m,0.11538461538461539,0.35538461538461535,False,True
Real Estate,2018-01-09,breadth_1m,0.07692307692307693,0.32,False,True
Real Estate,2018-02-08,breadth_1m,0.2222222222222222,0.3076923076923077,False,True
Real Estate,2018-03-12,breadth_1m,0.4444444444444444,0.3076923076923077,False,False
Real Estate,2018-04-11,breadth_1m,0.9259259259259259,0.32,False,True
Real Estate,2018-05-10,breadth_1m,0.5555555555555556,0.32888888888888884,False,True
Real Estate,2018-06-11,breadth_1m,0.37037037037037035,0.3333333333333333,False,False
Real Estate,2018-07-11,breadth_1m,0.8888888888888888,0.3461538461538461,False,True
Real Estate,2018-08-09,breadth_1m,0.2222222222222222,0.3333333333333333,False,False
Real Estate,2018-09-10,breadth_1m,0.6666666666666666,0.3461538461538461,False,True
Real Estate,2018-10-09,breadth_1m,0.25925925925925924,0.32,False,False
Real Estate,2018-11-07,breadth_1m,0.8148148148148148,0.3333333333333333,False,False
Real Estate,2018-12-10,breadth_1m,1.0,0.3461538461538461,False,True
Real Estate,2019-01-10,breadth_1m,0.14814814814814814,0.3461538461538461,False,False
Real Estate,2019-02-11,breadth_1m,0.9259259259259259,0.3461538461538461,False,True
Real Estate,2019-03-13,breadth_1m,0.3333333333333333,0.3461538461538461,False,True
Real Estate,2019-04-11,breadth_1m,0.4444444444444444,0.3461538461538461,False,False
Real Estate,2019-05-13,breadth_1m,0.7037037037037037,0.3461538461538461,False,False
Real Estate,2019-06-12,breadth_1m,0.5925925925925926,0.3461538461538461,False,True
Real Estate,2019-07-12,breadth_1m,0.1111111111111111,0.3461538461538461,False,False
Real Estate,2019-08-12,breadth_1m,0.8518518518518519,0.3333333333333333,False,True
Real Estate,2019-09-11,breadth_1m,0.25925925925925924,0.3461538461538461,False,False
Real Estate,2019-10-10,breadth_1m,0.8148148148148148,0.3461538461538461,False,True
Real Estate,2019-11-08,breadth_1m,0.1111111111111111,0.3461538461538461,False,True
Real Estate,2019-12-10,breadth_1m,0.4074074074074074,0.3333333333333333,False,True
Real Estate,2020-01-10,breadth_1m,0.18518518518518517,0.3333333333333333,False,False
Real Estate,2020-02-11,breadth_1m,0.7407407407407407,0.3333333333333333,False,False
Real Estate,2020-03-12,breadth_1m,0.6666666666666666,0.3333333333333333,False,True
Real Estate,2020-04-13,breadth_1m,0.18518518518518517,0.3333333333333333,False,True
Real Estate,2020-05-12,breadth_1m,0.0,0.3333333333333333,False,False
Real Estate,2020-06-11,breadth_1m,0.7777777777777778,0.3333333333333333,False,True
Real Estate,2020-07-13,breadth_1m,0.14814814814814814,0.3333333333333333,False,True
Real Estate,2020-08-11,breadth_1m,0.5555555555555556,0.3333333333333333,False,True
Real Estate,2020-09-10,breadth_1m,0.37037037037037035,0.3333333333333333,False,True
Real Estate,2020-10-09,breadth_1m,0.37037037037037035,0.3333333333333333,False,True
Real Estate,2020-11-09,breadth_1m,0.48148148148148145,0.3333333333333333,False,True
Real Estate,2020-12-09,breadth_1m,0.48148148148148145,0.3333333333333333,False,True
Real Estate,2021-01-11,breadth_1m,0.07407407407407407,0.32,False,False
Real Estate,2021-02-10,breadth_1m,0.8888888888888888,0.32,False,False
Real Estate,2021-03-12,breadth_1m,0.6666666666666666,0.3333333333333333,False,False
Real Estate,2021-04-13,breadth_1m,0.48148148148148145,0.3333333333333333,False,False
Real Estate,2021-05-12,breadth_1m,0.8148148148148148,0.3333333333333333,False,False
Real Estate,2021-06-11,breadth_1m,0.9259259259259259,0.3333333333333333,False,True
Real Estate,2021-07-13,breadth_1m,0.37037037037037035,0.3333333333333333,False,True
Real Estate,2021-08-11,breadth_1m,0.4444444444444444,0.3333333333333333,False,False
Real Estate,2021-09-10,breadth_1m,0.48148148148148145,0.3333333333333333,False,True
Real Estate,2021-10-11,breadth_1m,0.5555555555555556,0.3376068376068376,False,False
Real Estate,2021-11-09,breadth_1m,0.3333333333333333,0.3461538461538461,True,False
Real Estate,2021-12-09,breadth_1m,0.5555555555555556,0.3461538461538461,False,False
Real Estate,2022-01-10,breadth_1m,0.5925925925925926,0.3461538461538461,False,True
Real Estate,2022-02-09,breadth_1m,0.4074074074074074,0.36000000000000004,False,False
Real Estate,2022-03-11,breadth_1m,0.9259259259259259,0.36345679012345683,False,False
Real Estate,2022-04-11,breadth_1m,0.5555555555555556,0.3703703703703704,False,True
Real Estate,2022-05-11,breadth_1m,0.3333333333333333,0.3703703703703704,False,True
Real Estate,2022-06-10,breadth_1m,0.4074074074074074,0.3703703703703704,False,False
Real Estate,2022-07-13,breadth_1m,0.5925925925925926,0.3703703703703704,False,True
Real Estate,2022-08-11,breadth_1m,0.37037037037037035,0.3703703703703704,False,True
Real Estate,2022-09-12,breadth_1m,0.2222222222222222,0.3703703703703704,False,True
Real Estate,2022-10-11,breadth_1m,0.18518518518518517,0.3461538461538461,False,True
Real Estate,2022-11-09,breadth_1m,0.48148148148148145,0.3461538461538461,False,False
Real Estate,2022-12-09,breadth_1m,0.6666666666666666,0.3461538461538461,False,False
Real Estate,2023-01-11,breadth_1m,0.6296296296296297,0.3461538461538461,False,True
Real Estate,2023-02-10,breadth_1m,0.5185185185185185,0.3703703703703704,False,True
Real Estate,2023-03-14,breadth_1m,0.07407407407407407,0.36000000000000004,False,True
Real Estate,2023-04-13,breadth_1m,0.037037037037037035,0.3333333333333333,False,False
Real Estate,2023-05-12,breadth_1m,0.5555555555555556,0.3333333333333333,False,True
Real Estate,2023-06-13,breadth_1m,0.18518518518518517,0.3333333333333333,False,False
Real Estate,2023-07-14,breadth_1m,0.5925925925925926,0.3333333333333333,False,True
Real Estate,2023-08-14,breadth_1m,0.2222222222222222,0.3333333333333333,False,True
Real Estate,2023-09-13,breadth_1m,0.18518518518518517,0.3333333333333333,False,True
Real Estate,2023-10-12,breadth_1m,0.3333333333333333,0.3333333333333333,False,True
Real Estate,2023-11-10,breadth_1m,0.3333333333333333,0.3333333333333333,False,False
Real Estate,2023-12-12,breadth_1m,0.8148148148148148,0.3333333333333333,False,False
Real Estate,2024-01-12,breadth_1m,0.6666666666666666,0.3333333333333333,False,True
Real Estate,2024-02-13,breadth_1m,0.037037037037037035,0.3333333333333333,False,True
Real Estate,2024-03-14,breadth_1m,0.5555555555555556,0.3333333333333333,False,True
Real Estate,2024-04-15,breadth_1m,0.3333333333333333,0.3333333333333333,False,False
Real Estate,2024-05-14,breadth_1m,0.7037037037037037,0.3333333333333333,False,True
Real Estate,2024-06-13,breadth_1m,0.2962962962962963,0.3333333333333333,False,False
Real Estate,2024-07-16,breadth_1m,0.6666666666666666,0.3333333333333333,False,False
Real Estate,2024-08-14,breadth_1m,0.8518518518518519,0.3333333333333333,False,False
Real Estate,2024-09-13,breadth_1m,1.0,0.3333333333333333,False,True
Real Estate,2024-10-14,breadth_1m,0.07407407407407407,0.3333333333333333,False,True
Real Estate,2024-11-12,breadth_1m,0.2962962962962963,0.3333333333333333,False,True
Real Estate,2024-12-12,breadth_1m,0.25925925925925924,0.3333333333333333,False,True
Real Estate,2025-01-15,breadth_1m,0.037037037037037035,0.3333333333333333,False,False
Real Estate,2025-02-14,breadth_1m,0.5555555555555556,0.3333333333333333,False,False
Real Estate,2025-03-18,breadth_1m,0.8148148148148148,0.3333333333333333,False,False
Real Estate,2025-04-16,breadth_1m,0.5555555555555556,0.3333333333333333,False,True
Real Estate,2025-05-16,breadth_1m,0.07407407407407407,0.3333333333333333,False,True
Real Estate,2025-06-17,breadth_1m,0.2962962962962963,0.3333333333333333,False,True
Real Estate,2025-07-18,breadth_1m,0.2222222222222222,0.3333333333333333,False,True
Real Estate,2025-08-18,breadth_1m,0.18518518518518517,0.32,False,False
Real Estate,2025-09-17,breadth_1m,0.4444444444444444,0.32,False,True
Real Estate,2025-10-16,breadth_1m,0.37037037037037035,0.3076923076923077,False,True
Real Estate,2025-11-14,breadth_1m,0.14814814814814814,0.3076923076923077,False,True
Real Estate,2025-12-16,breadth_1m,0.37037037037037035,0.3076923076923077,False,False
Real Estate,2026-01-16,breadth_1m,0.7777777777777778,0.3076923076923077,False,False
Real Estate,2026-02-18,breadth_1m,0.5555555555555556,0.3076923076923077,False,False
Real Estate,2026-03-19,breadth_1m,0.4074074074074074,0.32,False,True
Real Estate,2026-04-20,breadth_1m,0.4444444444444444,0.32,False,True
Real Estate,2026-05-19,breadth_1m,0.25925925925925924,0.3076923076923077,False,True
Real Estate,2026-06-18,breadth_1m,0.4444444444444444,0.3076923076923077,False,False
Real Estate,2026-07-21,breadth_1m,0.6666666666666666,0.3076923076923077,False,True
Real Estate,2026-08-19,breadth_1m,0.2962962962962963,0.3076923076923077,False,True
Technology,2017-12-20,breadth_1m,0.22857142857142856,0.6038647342995169,False,False
Technology,2018-01-23,breadth_1m,0.5571428571428572,0.5571428571428572,True,False
Technology,2018-02-22,breadth_1m,0.6571428571428571,0.5571428571428572,False,False
Technology,2018-03-23,breadth_1m,0.7714285714285715,0.5837129054520359,False,True
Technology,2018-04-24,breadth_1m,0.4,0.5571428571428572,False,False
Technology,2018-05-23,breadth_1m,0.5714285714285714,0.5571428571428572,False,False
Technology,2018-06-22,breadth_1m,0.5714285714285714,0.5571428571428572,False,False
Technology,2018-07-24,breadth_1m,0.38571428571428573,0.5428571428571428,True,True
Technology,2018-08-22,breadth_1m,0.5,0.4761904761904762,False,True
Technology,2018-09-21,breadth_1m,0.5714285714285714,0.5,False,False
Technology,2018-10-22,breadth_1m,0.24285714285714285,0.4619047619047619,True,True
Technology,2018-11-20,breadth_1m,0.44285714285714284,0.45714285714285713,False,False
Technology,2018-12-21,breadth_1m,0.5857142857142857,0.4619047619047619,False,False
Technology,2019-01-24,breadth_1m,0.6714285714285714,0.4761904761904762,False,False
Technology,2019-02-25,breadth_1m,0.8428571428571429,0.5,False,False
Technology,2019-03-26,breadth_1m,0.45714285714285713,0.5047619047619047,True,False
Technology,2019-04-25,breadth_1m,0.7,0.5142857142857142,False,True
Technology,2019-05-24,breadth_1m,0.2714285714285714,0.5,False,False
Technology,2019-06-25,breadth_1m,0.704225352112676,0.4904761904761905,False,False
Technology,2019-07-25,breadth_1m,0.75,0.5,False,True
Technology,2019-08-23,breadth_1m,0.4583333333333333,0.5,False,True
Technology,2019-09-24,breadth_1m,0.4444444444444444,0.4858465608465608,False,True
Technology,2019-10-23,breadth_1m,0.410958904109589,0.4857142857142857,False,False
Technology,2019-11-21,breadth_1m,0.684931506849315,0.4857142857142857,False,False
Technology,2019-12-23,breadth_1m,0.5205479452054794,0.4857142857142857,False,False
Technology,2020-01-24,breadth_1m,0.6712328767123288,0.4857142857142857,False,True
Technology,2020-02-25,breadth_1m,0.3698630136986301,0.4861111111111111,False,False
Technology,2020-03-25,breadth_1m,0.5616438356164384,0.4815394651011089,False,True
Technology,2020-04-24,breadth_1m,0.5342465753424658,0.4857142857142857,False,False
Technology,2020-05-26,breadth_1m,0.6712328767123288,0.4858465608465608,False,False
Technology,2020-06-24,breadth_1m,0.5342465753424658,0.4931506849315068,False,True
Technology,2020-07-24,breadth_1m,0.3972602739726027,0.4931506849315068,False,False
Technology,2020-08-24,breadth_1m,0.4246575342465753,0.4857142857142857,True,True
Technology,2020-09-23,breadth_1m,0.5753424657534246,0.4746321664129883,False,False
Technology,2020-10-22,breadth_1m,0.6164383561643836,0.4794520547945205,False,True
Technology,2020-11-20,breadth_1m,0.6216216216216216,0.4857142857142857,False,False
Technology,2020-12-22,breadth_1m,0.7567567567567568,0.4931506849315068,False,True
Technology,2021-01-25,breadth_1m,0.3918918918918919,0.4931506849315068,False,True
Technology,2021-02-24,breadth_1m,0.5405405405405406,0.4931506849315068,False,True
Technology,2021-03-25,breadth_1m,0.36486486486486486,0.48623623623623624,False,False
Technology,2021-04-26,breadth_1m,0.7297297297297297,0.4931506849315068,False,True
Technology,2021-05-25,breadth_1m,0.27631578947368424,0.4857142857142857,False,False
Technology,2021-06-24,breadth_1m,0.5769230769230769,0.4857142857142857,False,False
Technology,2021-07-26,breadth_1m,0.43373493975903615,0.4857142857142857,True,False
Technology,2021-08-24,breadth_1m,0.5903614457831325,0.4858465608465608,False,False
Technology,2021-09-23,breadth_1m,0.5357142857142857,0.4861111111111111,False,True
Technology,2021-10-22,breadth_1m,0.42857142857142855,0.4857142857142857,False,False
Technology,2021-11-22,breadth_1m,0.4642857142857143,0.4857142857142857,True,False
Technology,2021-12-22,breadth_1m,0.5833333333333334,0.4857142857142857,False,True
Technology,2022-01-24,breadth_1m,0.34523809523809523,0.4794520547945205,False,True
Technology,2022-02-23,breadth_1m,0.35714285714285715,0.47222222222222215,False,False
Technology,2022-03-24,breadth_1m,0.5119047619047619,0.47142857142857136,False,True
Technology,2022-04-25,breadth_1m,0.36904761904761907,0.46575342465753417,False,True
Technology,2022-05-24,breadth_1m,0.5238095238095238,0.46575342465753417,False,False
Technology,2022-06-24,breadth_1m,0.5119047619047619,0.46575342465753417,False,False
Technology,2022-07-26,breadth_1m,0.5833333333333334,0.46428571428571425,False,False
Technology,2022-08-24,breadth_1m,0.5238095238095238,0.46575342465753417,False,True
Technology,2022-09-23,breadth_1m,0.32142857142857145,0.4610682110682111,False,True
Technology,2022-10-24,breadth_1m,0.4523809523809524,0.4579986613119143,False,False
Technology,2022-11-22,breadth_1m,0.6190476190476191,0.4583333333333333,False,True
Technology,2022-12-22,breadth_1m,0.35714285714285715,0.4587087087087087,False,False
Technology,2023-01-25,breadth_1m,0.7142857142857143,0.4583333333333333,False,False
Technology,2023-02-24,breadth_1m,0.5357142857142857,0.46428571428571425,False,False
Technology,2023-03-27,breadth_1m,0.47619047619047616,0.46428571428571425,False,True
Technology,2023-04-26,breadth_1m,0.23809523809523808,0.4583333333333333,False,False
Technology,2023-05-25,breadth_1m,0.6785714285714286,0.45714285714285713,False,False
Technology,2023-06-27,breadth_1m,0.5714285714285714,0.4583333333333333,False,True
Technology,2023-07-27,breadth_1m,0.5952380952380952,0.46428571428571425,False,True
Technology,2023-08-25,breadth_1m,0.4523809523809524,0.4587087087087087,False,True
Technology,2023-09-26,breadth_1m,0.47619047619047616,0.46428571428571425,False,False
Technology,2023-10-25,breadth_1m,0.3333333333333333,0.46428571428571425,True,False
Technology,2023-11-24,breadth_1m,0.7619047619047619,0.46428571428571425,False,True
Technology,2023-12-26,breadth_1m,0.7619047619047619,0.46428571428571425,False,False
Technology,2024-01-26,breadth_1m,0.5,0.46428571428571425,False,True
Technology,2024-02-27,breadth_1m,0.4880952380952381,0.46575342465753417,False,True
Technology,2024-03-27,breadth_1m,0.42857142857142855,0.46575342465753417,False,True
Technology,2024-04-26,breadth_1m,0.35714285714285715,0.46428571428571425,False,False
Technology,2024-05-28,breadth_1m,0.5714285714285714,0.46428571428571425,False,False
Technology,2024-06-27,breadth_1m,0.39285714285714285,0.46428571428571425,True,True
Technology,2024-07-29,breadth_1m,0.5119047619047619,0.46428571428571425,False,False
Technology,2024-08-27,breadth_1m,0.5357142857142857,0.46428571428571425,False,False
Technology,2024-09-26,breadth_1m,0.5595238095238095,0.46428571428571425,False,False
Technology,2024-10-25,breadth_1m,0.4642857142857143,0.46428571428571425,False,True
Technology,2024-11-25,breadth_1m,0.5952380952380952,0.46428571428571425,False,False
Technology,2024-12-26,breadth_1m,0.27380952380952384,0.46428571428571425,True,True
Technology,2025-01-29,breadth_1m,0.5,0.46428571428571425,False,True
Technology,2025-02-28,breadth_1m,0.42857142857142855,0.46428571428571425,False,True
Technology,2025-03-31,breadth_1m,0.3764705882352941,0.46428571428571425,False,False
Technology,2025-04-30,breadth_1m,0.5764705882352941,0.4583333333333333,False,False
Technology,2025-05-30,breadth_1m,0.6,0.46428571428571425,False,False
Technology,2025-07-01,breadth_1m,0.6,0.46428571428571425,False,False
Technology,2025-07-31,breadth_1m,0.4470588235294118,0.46428571428571425,True,True
Technology,2025-08-29,breadth_1m,0.4117647058823529,0.4610682110682111,False,False
Technology,2025-09-30,breadth_1m,0.5294117647058824,0.46428571428571425,False,False
Technology,2025-10-29,breadth_1m,0.47058823529411764,0.46428571428571425,False,True
Technology,2025-11-28,breadth_1m,0.3953488372093023,0.4588235294117647,False,False
Technology,2025-12-30,breadth_1m,0.5348837209302325,0.4594594594594595,False,True
Technology,2026-01-30,breadth_1m,0.4186046511627907,0.4583333333333333,False,True
Technology,2026-03-03,breadth_1m,0.45348837209302323,0.45714285714285713,False,False
Technology,2026-04-01,breadth_1m,0.5,0.45714285714285713,False,False
Technology,2026-05-01,breadth_1m,0.5581395348837209,0.4583333333333333,False,False
Technology,2026-06-02,breadth_1m,0.6627906976744186,0.4610682110682111,False,True
Technology,2026-07-02,breadth_1m,0.27906976744186046,0.46428571428571425,False,True
Technology,2026-08-03,breadth_1m,0.5116279069767442,0.45849673202614377,False,False
Utilities,2019-04-04,breadth_1m,0.037037037037037035,0.3333333333333333,False,True
Utilities,2019-05-06,breadth_1m,0.3333333333333333,0.1111111111111111,False,False
Utilities,2019-06-05,breadth_1m,0.8888888888888888,0.1851851851851852,False,True
Utilities,2019-07-05,breadth_1m,0.0,0.1851851851851852,False,False
Utilities,2019-08-05,breadth_1m,0.8518518518518519,0.1111111111111111,False,False
Utilities,2019-09-04,breadth_1m,0.8148148148148148,0.1851851851851852,False,False
Utilities,2019-10-03,breadth_1m,0.8148148148148148,0.2222222222222222,False,True
Utilities,2019-11-01,breadth_1m,0.07407407407407407,0.24691358024691357,False,True
Utilities,2019-12-03,breadth_1m,0.18518518518518517,0.14814814814814814,False,True
Utilities,2020-01-03,breadth_1m,0.25925925925925924,0.1851851851851852,False,False
Utilities,2020-02-04,breadth_1m,0.7777777777777778,0.1851851851851852,False,False
Utilities,2020-03-05,breadth_1m,0.7407407407407407,0.25925925925925924,False,True
Utilities,2020-04-03,breadth_1m,0.14814814814814814,0.25925925925925924,False,True
Utilities,2020-05-05,breadth_1m,0.2222222222222222,0.25925925925925924,False,True
Utilities,2020-06-04,breadth_1m,0.18518518518518517,0.2222222222222222,False,True
Utilities,2020-07-06,breadth_1m,0.07407407407407407,0.2098765432098765,False,False
Utilities,2020-08-04,breadth_1m,0.5925925925925926,0.2098765432098765,False,True
Utilities,2020-09-02,breadth_1m,0.037037037037037035,0.1851851851851852,False,False
Utilities,2020-10-02,breadth_1m,0.9629629629629629,0.1851851851851852,False,False
Utilities,2020-11-02,breadth_1m,0.9259259259259259,0.2222222222222222,False,True
Utilities,2020-12-02,breadth_1m,0.037037037037037035,0.2222222222222222,False,True
Utilities,2021-01-04,breadth_1m,0.14814814814814814,0.1851851851851852,False,True
Utilities,2021-02-03,breadth_1m,0.3333333333333333,0.1851851851851852,False,True
Utilities,2021-03-05,breadth_1m,0.2222222222222222,0.1851851851851852,False,False
Utilities,2021-04-06,breadth_1m,0.7777777777777778,0.1851851851851852,False,True
Utilities,2021-05-05,breadth_1m,0.4444444444444444,0.1851851851851852,False,True
Utilities,2021-06-04,breadth_1m,0.2962962962962963,0.2222222222222222,False,True
Utilities,2021-07-06,breadth_1m,0.14814814814814814,0.2222222222222222,False,False
Utilities,2021-08-04,breadth_1m,0.6896551724137931,0.2098765432098765,False,False
Utilities,2021-09-02,breadth_1m,0.6206896551724138,0.2222222222222222,False,True
Utilities,2021-10-04,breadth_1m,0.20689655172413793,0.2222222222222222,False,True
Utilities,2021-11-02,breadth_1m,0.1724137931034483,0.21711366538952745,False,False
Utilities,2021-12-02,breadth_1m,0.4827586206896552,0.20689655172413793,False,False
Utilities,2022-01-03,breadth_1m,0.8620689655172413,0.2222222222222222,False,False
Utilities,2022-02-02,breadth_1m,0.8275862068965517,0.2222222222222222,False,False
Utilities,2022-03-04,breadth_1m,0.9,0.2222222222222222,False,False
Utilities,2022-04-04,breadth_1m,0.5333333333333333,0.2222222222222222,False,False
Utilities,2022-05-04,breadth_1m,0.9,0.22962962962962963,False,False
Utilities,2022-06-03,breadth_1m,0.9666666666666667,0.25925925925925924,False,False
Utilities,2022-07-06,breadth_1m,0.4666666666666667,0.25329927628778204,False,True
Utilities,2022-08-04,breadth_1m,0.3,0.25925925925925924,False,False
Utilities,2022-09-02,breadth_1m,0.9666666666666667,0.25925925925925924,False,True
Utilities,2022-10-04,breadth_1m,0.16666666666666666,0.25925925925925924,False,True
Utilities,2022-11-02,breadth_1m,0.3,0.23869731800766283,False,True
Utilities,2022-12-02,breadth_1m,0.43333333333333335,0.25925925925925924,False,False
Utilities,2023-01-04,breadth_1m,0.8666666666666667,0.25925925925925924,False,True
Utilities,2023-02-03,breadth_1m,0.03333333333333333,0.25925925925925924,False,True
Utilities,2023-03-07,breadth_1m,0.4,0.2333333333333333,False,False
Utilities,2023-04-05,breadth_1m,0.8333333333333334,0.2413793103448276,False,True
Utilities,2023-05-05,breadth_1m,0.26666666666666666,0.25925925925925924,False,True
Utilities,2023-06-06,breadth_1m,0.1,0.2333333333333333,False,True
Utilities,2023-07-07,breadth_1m,0.2,0.2222222222222222,False,True
Utilities,2023-08-07,breadth_1m,0.06666666666666667,0.2222222222222222,False,True
Utilities,2023-09-06,breadth_1m,0.1,0.2222222222222222,False,True
Utilities,2023-10-05,breadth_1m,0.5333333333333333,0.2222222222222222,False,False
Utilities,2023-11-03,breadth_1m,0.9666666666666667,0.2222222222222222,False,True
Utilities,2023-12-05,breadth_1m,0.2,0.2222222222222222,False,False
Utilities,2024-01-05,breadth_1m,0.7,0.2222222222222222,False,True
Utilities,2024-02-06,breadth_1m,0.06666666666666667,0.2222222222222222,False,False
Utilities,2024-03-07,breadth_1m,0.5666666666666667,0.20689655172413793,False,False
Utilities,2024-04-08,breadth_1m,0.7,0.21711366538952745,False,False
Utilities,2024-05-07,breadth_1m,1.0,0.2222222222222222,False,True
Utilities,2024-06-06,breadth_1m,0.16129032258064516,0.2222222222222222,False,True
Utilities,2024-07-09,breadth_1m,0.0967741935483871,0.21711366538952745,False,False
Utilities,2024-08-07,breadth_1m,0.8709677419354839,0.2222222222222222,False,True
Utilities,2024-09-06,breadth_1m,0.45161290322580644,0.2222222222222222,False,True
Utilities,2024-10-07,breadth_1m,0.2903225806451613,0.2222222222222222,False,True
Utilities,2024-11-05,breadth_1m,0.3548387096774194,0.2222222222222222,False,True
Utilities,2024-12-05,breadth_1m,0.41935483870967744,0.2222222222222222,False,True
Utilities,2025-01-07,breadth_1m,0.25806451612903225,0.2222222222222222,False,False
Utilities,2025-02-07,breadth_1m,0.6774193548387096,0.2222222222222222,False,False
Utilities,2025-03-11,breadth_1m,0.8387096774193549,0.22580645161290322,False,True
Utilities,2025-04-09,breadth_1m,0.5483870967741935,0.2333333333333333,False,False
Utilities,2025-05-09,breadth_1m,0.7096774193548387,0.2333333333333333,False,True
Utilities,2025-06-10,breadth_1m,0.12903225806451613,0.22580645161290322,False,True
Utilities,2025-07-11,breadth_1m,0.1935483870967742,0.2222222222222222,False,False
Utilities,2025-08-11,breadth_1m,0.8709677419354839,0.2222222222222222,False,True
Utilities,2025-09-10,breadth_1m,0.06451612903225806,0.2222222222222222,False,False
Utilities,2025-10-09,breadth_1m,0.7419354838709677,0.2222222222222222,False,True
Utilities,2025-11-07,breadth_1m,0.5161290322580645,0.2222222222222222,False,True
Utilities,2025-12-09,breadth_1m,0.03225806451612903,0.2222222222222222,False,True
Utilities,2026-01-09,breadth_1m,0.1935483870967742,0.2222222222222222,False,False
Utilities,2026-02-10,breadth_1m,0.9032258064516129,0.2222222222222222,False,False
Utilities,2026-03-12,breadth_1m,0.967741935483871,0.2222222222222222,False,True
Utilities,2026-04-13,breadth_1m,0.16129032258064516,0.22580645161290322,False,True
Utilities,2026-05-12,breadth_1m,0.03225806451612903,0.2222222222222222,False,True
Utilities,2026-06-11,breadth_1m,0.4838709677419355,0.2222222222222222,False,False
Utilities,2026-07-14,breadth_1m,0.8387096774193549,0.2222222222222222,False,True
Utilities,2026-08-12,breadth_1m,0.06451612903225806,0.2222222222222222,False,True
Basic Materials,2020-02-04,breadth_3m,0.3333333333333333,0.3333333333333333,False,True
Basic Materials,2020-03-05,breadth_3m,0.2222222222222222,0.2777777777777778,False,True
Basic Materials,2020-04-03,breadth_3m,0.2777777777777778,0.2777777777777778,False,False
Basic Materials,2020-05-05,breadth_3m,0.2222222222222222,0.2777777777777778,True,False
Basic Materials,2020-06-04,breadth_3m,0.6111111111111112,0.2777777777777778,False,True
Basic Materials,2020-07-06,breadth_3m,0.6666666666666666,0.2777777777777778,False,False
Basic Materials,2020-08-04,breadth_3m,0.7222222222222222,0.2777777777777778,False,False
Basic Materials,2020-09-02,breadth_3m,0.4444444444444444,0.2777777777777778,False,False
Basic Materials,2020-10-02,breadth_3m,0.7222222222222222,0.3333333333333333,False,False
Basic Materials,2020-11-02,breadth_3m,0.7777777777777778,0.3333333333333333,False,True
Basic Materials,2020-12-02,breadth_3m,0.7222222222222222,0.3333333333333333,False,False
Basic Materials,2021-01-04,breadth_3m,0.7222222222222222,0.3703703703703704,False,True
Basic Materials,2021-02-03,breadth_3m,0.5555555555555556,0.3888888888888889,False,False
Basic Materials,2021-03-05,breadth_3m,0.7222222222222222,0.3888888888888889,False,False
Basic Materials,2021-04-06,breadth_3m,0.6666666666666666,0.4444444444444444,False,False
Basic Materials,2021-05-05,breadth_3m,0.8333333333333334,0.4444444444444444,False,False
Basic Materials,2021-06-04,breadth_3m,0.7222222222222222,0.4444444444444444,False,True
Basic Materials,2021-07-06,breadth_3m,0.3333333333333333,0.4444444444444444,False,False
Basic Materials,2021-08-04,breadth_3m,0.16666666666666666,0.4444444444444444,True,False
Basic Materials,2021-09-02,breadth_3m,0.21052631578947367,0.3888888888888889,True,True
Basic Materials,2021-10-04,breadth_3m,0.47368421052631576,0.3888888888888889,False,False
Basic Materials,2021-11-02,breadth_3m,0.42105263157894735,0.3888888888888889,False,False
Basic Materials,2021-12-02,breadth_3m,0.5789473684210527,0.3888888888888889,False,False
Basic Materials,2022-01-03,breadth_3m,0.631578947368421,0.3888888888888889,False,False
Basic Materials,2022-02-02,breadth_3m,0.5263157894736842,0.4103313840155945,False,False
Basic Materials,2022-03-04,breadth_3m,0.5263157894736842,0.42105263157894735,False,False
Basic Materials,2022-04-04,breadth_3m,0.47368421052631576,0.4444444444444444,False,False
Basic Materials,2022-05-04,breadth_3m,0.7894736842105263,0.4444444444444444,False,False
Basic Materials,2022-06-03,breadth_3m,0.6842105263157895,0.4444444444444444,False,True
Basic Materials,2022-07-06,breadth_3m,0.47368421052631576,0.4444444444444444,False,True
Basic Materials,2022-08-04,breadth_3m,0.21052631578947367,0.4444444444444444,False,False
Basic Materials,2022-09-02,breadth_3m,0.42105263157894735,0.43664717348927873,True,False
Basic Materials,2022-10-04,breadth_3m,0.7368421052631579,0.42105263157894735,False,False
Basic Materials,2022-11-02,breadth_3m,0.6842105263157895,0.4444444444444444,False,False
Basic Materials,2022-12-02,breadth_3m,0.8421052631578947,0.4444444444444444,False,False
Basic Materials,2023-01-04,breadth_3m,0.7894736842105263,0.4444444444444444,False,True
Basic Materials,2023-02-03,breadth_3m,0.7368421052631579,0.4444444444444444,False,False
Basic Materials,2023-03-07,breadth_3m,0.47368421052631576,0.47368421052631576,True,True
Basic Materials,2023-04-05,breadth_3m,0.2631578947368421,0.4444444444444444,False,True
Basic Materials,2023-05-05,breadth_3m,0.3157894736842105,0.4444444444444444,False,True
Basic Materials,2023-06-06,breadth_3m,0.15789473684210525,0.42105263157894735,False,False
Basic Materials,2023-07-07,breadth_3m,0.3157894736842105,0.42105263157894735,True,False
Basic Materials,2023-08-07,breadth_3m,0.47368421052631576,0.42105263157894735,False,True
Basic Materials,2023-09-06,breadth_3m,0.7368421052631579,0.42105263157894735,False,True
Basic Materials,2023-10-05,breadth_3m,0.42105263157894735,0.42105263157894735,False,True
Basic Materials,2023-11-03,breadth_3m,0.2631578947368421,0.42105263157894735,False,True
Basic Materials,2023-12-05,breadth_3m,0.42105263157894735,0.42105263157894735,False,False
Basic Materials,2024-01-05,breadth_3m,0.47368421052631576,0.42105263157894735,False,True
Basic Materials,2024-02-06,breadth_3m,0.2631578947368421,0.3888888888888889,False,False
Basic Materials,2024-03-07,breadth_3m,0.42105263157894735,0.3820662768031189,False,False
Basic Materials,2024-04-08,breadth_3m,0.47368421052631576,0.3888888888888889,False,True
Basic Materials,2024-05-07,breadth_3m,0.6842105263157895,0.3888888888888889,False,True
Basic Materials,2024-06-06,breadth_3m,0.2631578947368421,0.3888888888888889,False,True
Basic Materials,2024-07-09,breadth_3m,0.15789473684210525,0.3684210526315789,False,False
Basic Materials,2024-08-07,breadth_3m,0.21052631578947367,0.3684210526315789,True,True
Basic Materials,2024-09-06,breadth_3m,0.3157894736842105,0.3684210526315789,False,False
Basic Materials,2024-10-07,breadth_3m,0.7368421052631579,0.3684210526315789,False,True
Basic Materials,2024-11-05,breadth_3m,0.42105263157894735,0.3684210526315789,False,True
Basic Materials,2024-12-05,breadth_3m,0.3684210526315789,0.3684210526315789,False,True
Basic Materials,2025-01-07,breadth_3m,0.10526315789473684,0.3684210526315789,False,False
Basic Materials,2025-02-07,breadth_3m,0.05263157894736842,0.3684210526315789,True,False
Basic Materials,2025-03-11,breadth_3m,0.42105263157894735,0.3333333333333333,False,True
Basic Materials,2025-04-09,breadth_3m,0.5789473684210527,0.3684210526315789,False,False
Basic Materials,2025-05-09,breadth_3m,0.5789473684210527,0.3684210526315789,False,True
Basic Materials,2025-06-10,breadth_3m,0.42105263157894735,0.3684210526315789,False,True
Basic Materials,2025-07-11,breadth_3m,0.5263157894736842,0.3684210526315789,False,True
Basic Materials,2025-08-11,breadth_3m,0.21052631578947367,0.3684210526315789,False,False
Basic Materials,2025-09-10,breadth_3m,0.3684210526315789,0.3684210526315789,True,True
Basic Materials,2025-10-09,breadth_3m,0.3157894736842105,0.3684210526315789,False,True
Basic Materials,2025-11-07,breadth_3m,0.2631578947368421,0.3684210526315789,False,True
Basic Materials,2025-12-09,breadth_3m,0.3157894736842105,0.3333333333333333,False,False
Basic Materials,2026-01-09,breadth_3m,0.7368421052631579,0.3333333333333333,False,False
Basic Materials,2026-02-10,breadth_3m,1.0,0.3333333333333333,False,True
Basic Materials,2026-03-12,breadth_3m,0.8421052631578947,0.3684210526315789,False,False
Basic Materials,2026-04-13,breadth_3m,0.7368421052631579,0.3684210526315789,False,True
Basic Materials,2026-05-12,breadth_3m,0.42105263157894735,0.3684210526315789,False,True
Basic Materials,2026-06-11,breadth_3m,0.2631578947368421,0.3684210526315789,False,True
Basic Materials,2026-07-14,breadth_3m,0.10526315789473684,0.3333333333333333,False,False
Basic Materials,2026-08-12,breadth_3m,0.3157894736842105,0.3333333333333333,True,True
Communication Services,2022-03-11,breadth_3m,0.631578947368421,0.10526315789473684,False,True
Communication Services,2022-04-11,breadth_3m,0.42105263157894735,0.21052631578947367,False,True
Communication Services,2022-05-11,breadth_3m,0.10526315789473684,0.15789473684210525,False,False
Communication Services,2022-06-10,breadth_3m,0.15789473684210525,0.15789473684210525,True,True
Communication Services,2022-07-13,breadth_3m,0.15789473684210525,0.15789473684210525,False,True
Communication Services,2022-08-11,breadth_3m,0.5263157894736842,0.15789473684210525,False,True
Communication Services,2022-09-12,breadth_3m,0.42105263157894735,0.15789473684210525,False,True
Communication Services,2022-10-11,breadth_3m,0.3684210526315789,0.21052631578947367,False,True
Communication Services,2022-11-09,breadth_3m,0.21052631578947367,0.21052631578947367,False,False
Communication Services,2022-12-09,breadth_3m,0.3684210526315789,0.21052631578947367,False,False
Communication Services,2023-01-11,breadth_3m,0.5263157894736842,0.21052631578947367,False,False
Communication Services,2023-02-10,breadth_3m,0.6842105263157895,0.2631578947368421,False,False
Communication Services,2023-03-14,breadth_3m,0.631578947368421,0.2631578947368421,False,False
Communication Services,2023-04-13,breadth_3m,0.5263157894736842,0.3157894736842105,False,False
Communication Services,2023-05-12,breadth_3m,0.47368421052631576,0.3157894736842105,False,False
Communication Services,2023-06-13,breadth_3m,0.5789473684210527,0.3157894736842105,False,False
Communication Services,2023-07-14,breadth_3m,0.5263157894736842,0.3157894736842105,False,False
Communication Services,2023-08-14,breadth_3m,0.6842105263157895,0.3157894736842105,False,False
Communication Services,2023-09-13,breadth_3m,0.47368421052631576,0.3157894736842105,False,False
Communication Services,2023-10-12,breadth_3m,0.42105263157894735,0.3684210526315789,False,True
Communication Services,2023-11-10,breadth_3m,0.5789473684210527,0.3684210526315789,False,True
Communication Services,2023-12-12,breadth_3m,0.5789473684210527,0.3684210526315789,False,False
Communication Services,2024-01-12,breadth_3m,0.47368421052631576,0.3684210526315789,False,False
Communication Services,2024-02-13,breadth_3m,0.42105263157894735,0.3684210526315789,False,True
Communication Services,2024-03-14,breadth_3m,0.42105263157894735,0.3684210526315789,False,False
Communication Services,2024-04-15,breadth_3m,0.42105263157894735,0.3684210526315789,False,True
Communication Services,2024-05-14,breadth_3m,0.42105263157894735,0.3684210526315789,False,True
Communication Services,2024-06-13,breadth_3m,0.3684210526315789,0.3684210526315789,False,True
Communication Services,2024-07-16,breadth_3m,0.45,0.3684210526315789,False,False
Communication Services,2024-08-14,breadth_3m,0.5,0.3684210526315789,False,True
Communication Services,2024-09-13,breadth_3m,0.65,0.3684210526315789,False,False
Communication Services,2024-10-14,breadth_3m,0.6,0.3684210526315789,False,False
Communication Services,2024-11-12,breadth_3m,0.85,0.3684210526315789,False,False
Communication Services,2024-12-12,breadth_3m,0.85,0.4000000000000001,False,True
Communication Services,2025-01-15,breadth_3m,0.85,0.42105263157894735,False,False
Communication Services,2025-02-14,breadth_3m,0.75,0.42105263157894735,False,True
Communication Services,2025-03-18,breadth_3m,0.45,0.42105263157894735,False,True
Communication Services,2025-04-16,breadth_3m,0.65,0.42105263157894735,False,False
Communication Services,2025-05-16,breadth_3m,0.45,0.42105263157894735,False,False
Communication Services,2025-06-17,breadth_3m,0.5,0.42105263157894735,False,True
Communication Services,2025-07-18,breadth_3m,0.4,0.42105263157894735,False,False
Communication Services,2025-08-18,breadth_3m,0.4,0.42105263157894735,True,False
Communication Services,2025-09-17,breadth_3m,0.45,0.42105263157894735,False,True
Communication Services,2025-10-16,breadth_3m,0.4,0.42105263157894735,False,True
Communication Services,2025-11-14,breadth_3m,0.2857142857142857,0.4000000000000001,False,False
Communication Services,2025-12-16,breadth_3m,0.3333333333333333,0.4000000000000001,True,True
Communication Services,2026-01-16,breadth_3m,0.3333333333333333,0.4000000000000001,False,False
Communication Services,2026-02-18,breadth_3m,0.47619047619047616,0.4000000000000001,False,False
Communication Services,2026-03-19,breadth_3m,0.3333333333333333,0.4000000000000001,True,True
Communication Services,2026-04-20,breadth_3m,0.3333333333333333,0.38095238095238093,False,True
Communication Services,2026-05-19,breadth_3m,0.38095238095238093,0.38095238095238093,False,True
Communication Services,2026-06-18,breadth_3m,0.19047619047619047,0.3684210526315789,False,False
Communication Services,2026-07-21,breadth_3m,0.19047619047619047,0.3684210526315789,True,True
Communication Services,2026-08-19,breadth_3m,0.5714285714285714,0.3684210526315789,False,False
Consumer Cyclical,2013-02-22,breadth_3m,0.5609756097560976,0.6585365853658537,False,False
Consumer Cyclical,2013-03-25,breadth_3m,0.6585365853658537,0.6097560975609756,False,False
Consumer Cyclical,2013-04-24,breadth_3m,0.5476190476190477,0.5853658536585366,True,False
Consumer Cyclical,2013-05-23,breadth_3m,0.6428571428571429,0.5853658536585366,False,False
Consumer Cyclical,2013-06-24,breadth_3m,0.47619047619047616,0.5853658536585366,True,False
Consumer Cyclical,2013-07-24,breadth_3m,0.47619047619047616,0.5714285714285714,True,False
Consumer Cyclical,2013-08-22,breadth_3m,0.5952380952380952,0.5609756097560976,False,False
Consumer Cyclical,2013-09-23,breadth_3m,0.6428571428571429,0.5714285714285714,False,False
Consumer Cyclical,2013-10-22,breadth_3m,0.5476190476190477,0.556523422377081,True,False
Consumer Cyclical,2013-11-20,breadth_3m,0.5476190476190477,0.5609756097560976,True,False
Consumer Cyclical,2013-12-20,breadth_3m,0.4523809523809524,0.5476190476190477,True,True
Consumer Cyclical,2014-01-23,breadth_3m,0.6046511627906976,0.5476190476190477,False,True
Consumer Cyclical,2014-02-24,breadth_3m,0.5813953488372093,0.5476190476190477,False,True
Consumer Cyclical,2014-03-25,breadth_3m,0.45454545454545453,0.5476190476190477,False,True
Consumer Cyclical,2014-04-24,breadth_3m,0.4090909090909091,0.5468975468975469,False,True
Consumer Cyclical,2014-05-23,breadth_3m,0.18181818181818182,0.5238095238095238,False,True
Consumer Cyclical,2014-06-24,breadth_3m,0.3181818181818182,0.5238095238095238,False,False
Consumer Cyclical,2014-07-24,breadth_3m,0.29545454545454547,0.5120060502930611,True,False
Consumer Cyclical,2014-08-22,breadth_3m,0.45454545454545453,0.5,True,True
Consumer Cyclical,2014-09-23,breadth_3m,0.5227272727272727,0.5,False,False
Consumer Cyclical,2014-10-22,breadth_3m,0.6590909090909091,0.5,False,False
Consumer Cyclical,2014-11-20,breadth_3m,0.6136363636363636,0.5,False,False
Consumer Cyclical,2014-12-22,breadth_3m,0.6818181818181818,0.5,False,False
Consumer Cyclical,2015-01-23,breadth_3m,0.6590909090909091,0.5121951219512195,False,False
Consumer Cyclical,2015-02-24,breadth_3m,0.75,0.5227272727272727,False,False
Consumer Cyclical,2015-03-25,breadth_3m,0.8181818181818182,0.5238095238095238,False,False
Consumer Cyclical,2015-04-24,breadth_3m,0.7045454545454546,0.5238095238095238,False,True
Consumer Cyclical,2015-05-26,breadth_3m,0.4318181818181818,0.5238095238095238,False,False
Consumer Cyclical,2015-06-24,breadth_3m,0.5,0.5227272727272727,True,False
Consumer Cyclical,2015-07-24,breadth_3m,0.5227272727272727,0.5116279069767442,False,True
Consumer Cyclical,2015-08-24,breadth_3m,0.7045454545454546,0.5227272727272727,False,False
Consumer Cyclical,2015-09-23,breadth_3m,0.6590909090909091,0.5227272727272727,False,True
Consumer Cyclical,2015-10-22,breadth_3m,0.5909090909090909,0.5227272727272727,False,False
Consumer Cyclical,2015-11-20,breadth_3m,0.4318181818181818,0.5227272727272727,True,True
Consumer Cyclical,2015-12-22,breadth_3m,0.36363636363636365,0.5227272727272727,False,False
Consumer Cyclical,2016-01-25,breadth_3m,0.5227272727272727,0.5,False,True
Consumer Cyclical,2016-02-24,breadth_3m,0.5909090909090909,0.5,False,True
Consumer Cyclical,2016-03-24,breadth_3m,0.5454545454545454,0.5,False,True
Consumer Cyclical,2016-04-25,breadth_3m,0.5454545454545454,0.5120060502930611,False,True
Consumer Cyclical,2016-05-24,breadth_3m,0.38636363636363635,0.5116279069767442,False,True
Consumer Cyclical,2016-06-23,breadth_3m,0.38636363636363635,0.5,False,False
Consumer Cyclical,2016-07-25,breadth_3m,0.5227272727272727,0.5,False,True
Consumer Cyclical,2016-08-23,breadth_3m,0.5,0.5,False,True
Consumer Cyclical,2016-09-22,breadth_3m,0.38636363636363635,0.5,False,False
Consumer Cyclical,2016-10-21,breadth_3m,0.3409090909090909,0.5,True,True
Consumer Cyclical,2016-11-21,breadth_3m,0.5454545454545454,0.4878048780487805,False,True
Consumer Cyclical,2016-12-21,breadth_3m,0.4772727272727273,0.4878048780487805,False,False
Consumer Cyclical,2017-01-24,breadth_3m,0.5227272727272727,0.4772727272727273,False,True
Consumer Cyclical,2017-02-23,breadth_3m,0.5227272727272727,0.4772727272727273,False,False
Consumer Cyclical,2017-03-24,breadth_3m,0.5909090909090909,0.4772727272727273,False,False
Consumer Cyclical,2017-04-25,breadth_3m,0.5909090909090909,0.4959349593495935,False,True
Consumer Cyclical,2017-05-24,breadth_3m,0.7045454545454546,0.5,False,True
Consumer Cyclical,2017-06-23,breadth_3m,0.6136363636363636,0.5,False,False
Consumer Cyclical,2017-07-25,breadth_3m,0.7045454545454546,0.5,False,True
Consumer Cyclical,2017-08-23,breadth_3m,0.4772727272727273,0.5,False,True
Consumer Cyclical,2017-09-22,breadth_3m,0.45454545454545453,0.5,False,True
Consumer Cyclical,2017-10-23,breadth_3m,0.4772727272727273,0.5,False,False
Consumer Cyclical,2017-11-21,breadth_3m,0.4772727272727273,0.4959349593495935,True,False
Consumer Cyclical,2017-12-21,breadth_3m,0.5909090909090909,0.5,False,False
Consumer Cyclical,2018-01-24,breadth_3m,0.6363636363636364,0.5,False,False
Consumer Cyclical,2018-02-23,breadth_3m,0.6136363636363636,0.5,False,False
Consumer Cyclical,2018-03-26,breadth_3m,0.5454545454545454,0.5,False,True
Consumer Cyclical,2018-04-25,breadth_3m,0.5454545454545454,0.5,False,False
Consumer Cyclical,2018-05-24,breadth_3m,0.5227272727272727,0.5,False,False
Consumer Cyclical,2018-06-25,breadth_3m,0.5227272727272727,0.5,False,True
Consumer Cyclical,2018-07-25,breadth_3m,0.4318181818181818,0.5,False,False
Consumer Cyclical,2018-08-23,breadth_3m,0.5,0.5,True,True
Consumer Cyclical,2018-09-24,breadth_3m,0.4090909090909091,0.5,False,True
Consumer Cyclical,2018-10-23,breadth_3m,0.38636363636363635,0.4772727272727273,False,True
Consumer Cyclical,2018-11-21,breadth_3m,0.4318181818181818,0.4772727272727273,False,False
Consumer Cyclical,2018-12-24,breadth_3m,0.4772727272727273,0.4772727272727273,True,False
Consumer Cyclical,2019-01-25,breadth_3m,0.7727272727272727,0.4772727272727273,False,True
Consumer Cyclical,2019-02-26,breadth_3m,0.7272727272727273,0.4772727272727273,False,False
Consumer Cyclical,2019-03-27,breadth_3m,0.7045454545454546,0.4772727272727273,False,False
Consumer Cyclical,2019-04-26,breadth_3m,0.6590909090909091,0.4772727272727273,False,True
Consumer Cyclical,2019-05-28,breadth_3m,0.5227272727272727,0.4959349593495935,False,False
Consumer Cyclical,2019-06-26,breadth_3m,0.5454545454545454,0.5,False,False
Consumer Cyclical,2019-07-26,breadth_3m,0.45454545454545453,0.5,True,True
Consumer Cyclical,2019-08-26,breadth_3m,0.5227272727272727,0.5,False,True
Consumer Cyclical,2019-09-25,breadth_3m,0.5,0.5,False,True
Consumer Cyclical,2019-10-24,breadth_3m,0.4318181818181818,0.4772727272727273,False,True
Consumer Cyclical,2019-11-22,breadth_3m,0.5454545454545454,0.4878048780487805,False,False
Consumer Cyclical,2019-12-24,breadth_3m,0.45454545454545453,0.48429416112342943,True,True
Consumer Cyclical,2020-01-27,breadth_3m,0.3181818181818182,0.4772727272727273,False,False
Consumer Cyclical,2020-02-26,breadth_3m,0.4318181818181818,0.4772727272727273,True,True
Consumer Cyclical,2020-03-26,breadth_3m,0.22727272727272727,0.4772727272727273,False,False
Consumer Cyclical,2020-04-27,breadth_3m,0.2727272727272727,0.4772727272727273,True,False
Consumer Cyclical,2020-05-27,breadth_3m,0.36363636363636365,0.4772727272727273,True,True
Consumer Cyclical,2020-06-25,breadth_3m,0.4772727272727273,0.4772727272727273,False,False
Consumer Cyclical,2020-07-27,breadth_3m,0.5454545454545454,0.4772727272727273,False,False
Consumer Cyclical,2020-08-25,breadth_3m,0.38636363636363635,0.4772727272727273,True,False
Consumer Cyclical,2020-09-24,breadth_3m,0.7727272727272727,0.4772727272727273,False,False
Consumer Cyclical,2020-10-23,breadth_3m,0.7954545454545454,0.4772727272727273,False,True
Consumer Cyclical,2020-11-23,breadth_3m,0.6590909090909091,0.4772727272727273,False,True
Consumer Cyclical,2020-12-23,breadth_3m,0.6136363636363636,0.4772727272727273,False,False
Consumer Cyclical,2021-01-26,breadth_3m,0.4318181818181818,0.4772727272727273,True,True
Consumer Cyclical,2021-02-25,breadth_3m,0.5227272727272727,0.4772727272727273,False,True
Consumer Cyclical,2021-03-26,breadth_3m,0.6888888888888889,0.4772727272727273,False,False
Consumer Cyclical,2021-04-27,breadth_3m,0.6888888888888889,0.4772727272727273,False,True
Consumer Cyclical,2021-05-26,breadth_3m,0.4444444444444444,0.4772727272727273,False,False
Consumer Cyclical,2021-06-25,breadth_3m,0.3333333333333333,0.4772727272727273,True,True
Consumer Cyclical,2021-07-27,breadth_3m,0.3111111111111111,0.4772727272727273,False,True
Consumer Cyclical,2021-08-25,breadth_3m,0.35555555555555557,0.4772727272727273,False,False
Consumer Cyclical,2021-09-24,breadth_3m,0.48,0.4772727272727273,False,False
Consumer Cyclical,2021-10-25,breadth_3m,0.5,0.4772727272727273,False,False
Consumer Cyclical,2021-11-23,breadth_3m,0.42,0.4772727272727273,True,True
Consumer Cyclical,2021-12-23,breadth_3m,0.44,0.4772727272727273,False,True
Consumer Cyclical,2022-01-25,breadth_3m,0.48,0.4772727272727273,False,True
Consumer Cyclical,2022-02-24,breadth_3m,0.4,0.4772727272727273,False,False
Consumer Cyclical,2022-03-25,breadth_3m,0.34,0.4772727272727273,True,True
Consumer Cyclical,2022-04-26,breadth_3m,0.44,0.4772727272727273,False,True
Consumer Cyclical,2022-05-25,breadth_3m,0.28,0.4761904761904761,False,False
Consumer Cyclical,2022-06-27,breadth_3m,0.48,0.4634146341463415,False,False
Consumer Cyclical,2022-07-27,breadth_3m,0.42,0.4634146341463415,True,False
Consumer Cyclical,2022-08-25,breadth_3m,0.58,0.46,False,False
Consumer Cyclical,2022-09-26,breadth_3m,0.64,0.4634146341463415,False,True
Consumer Cyclical,2022-10-25,breadth_3m,0.6,0.4761904761904761,False,True
Consumer Cyclical,2022-11-23,breadth_3m,0.7,0.4761904761904761,False,True
Consumer Cyclical,2022-12-23,breadth_3m,0.76,0.47691197691197695,False,False
Consumer Cyclical,2023-01-26,breadth_3m,0.66,0.4772727272727273,False,False
Consumer Cyclical,2023-02-27,breadth_3m,0.7,0.4772727272727273,False,True
Consumer Cyclical,2023-03-28,breadth_3m,0.56,0.4772727272727273,False,True
Consumer Cyclical,2023-04-27,breadth_3m,0.44,0.4772727272727273,False,False
Consumer Cyclical,2023-05-26,breadth_3m,0.3,0.4772727272727273,True,False
Consumer Cyclical,2023-06-28,breadth_3m,0.44,0.4772727272727273,True,True
Consumer Cyclical,2023-07-28,breadth_3m,0.52,0.4772727272727273,False,True
Consumer Cyclical,2023-08-28,breadth_3m,0.56,0.4772727272727273,False,True
Consumer Cyclical,2023-09-27,breadth_3m,0.3,0.4772727272727273,False,True
Consumer Cyclical,2023-10-26,breadth_3m,0.3,0.4761904761904761,False,False
Consumer Cyclical,2023-11-27,breadth_3m,0.38,0.4622764227642277,True,False
Consumer Cyclical,2023-12-27,breadth_3m,0.58,0.4634146341463415,False,True
Consumer Cyclical,2024-01-29,breadth_3m,0.58,0.4761904761904761,False,False
Consumer Cyclical,2024-02-28,breadth_3m,0.66,0.4761904761904761,False,True
Consumer Cyclical,2024-03-28,breadth_3m,0.52,0.4761904761904761,False,False
Consumer Cyclical,2024-04-29,breadth_3m,0.52,0.4761904761904761,False,True
Consumer Cyclical,2024-05-29,breadth_3m,0.34,0.4761904761904761,False,False
Consumer Cyclical,2024-06-28,breadth_3m,0.22,0.46,True,False
Consumer Cyclical,2024-07-30,breadth_3m,0.38,0.46,True,True
Consumer Cyclical,2024-08-28,breadth_3m,0.56,0.46,False,False
Consumer Cyclical,2024-09-27,breadth_3m,0.7,0.46,False,True
Consumer Cyclical,2024-10-28,breadth_3m,0.49019607843137253,0.46,False,False
Consumer Cyclical,2024-11-26,breadth_3m,0.5686274509803921,0.46,False,False
Consumer Cyclical,2024-12-27,breadth_3m,0.47058823529411764,0.4634146341463415,False,True
Consumer Cyclical,2025-01-30,breadth_3m,0.5294117647058824,0.4634146341463415,False,True
Consumer Cyclical,2025-03-03,breadth_3m,0.5098039215686274,0.4634146341463415,False,True
Consumer Cyclical,2025-04-01,breadth_3m,0.4117647058823529,0.46,False,True
Consumer Cyclical,2025-05-01,breadth_3m,0.37254901960784315,0.46,False,False
Consumer Cyclical,2025-06-02,breadth_3m,0.3333333333333333,0.46,True,True
Consumer Cyclical,2025-07-02,breadth_3m,0.45098039215686275,0.46,False,True
Consumer Cyclical,2025-08-01,breadth_3m,0.43137254901960786,0.46,False,False
Consumer Cyclical,2025-09-02,breadth_3m,0.6470588235294118,0.45454545454545453,False,False
Consumer Cyclical,2025-10-01,breadth_3m,0.45098039215686275,0.46,True,True
Consumer Cyclical,2025-10-30,breadth_3m,0.21568627450980393,0.45454545454545453,False,False
Consumer Cyclical,2025-12-01,breadth_3m,0.21568627450980393,0.45454545454545453,True,False
Consumer Cyclical,2025-12-31,breadth_3m,0.43137254901960786,0.45454545454545453,True,False
Consumer Cyclical,2026-02-02,breadth_3m,0.7450980392156863,0.45454545454545453,False,True
Consumer Cyclical,2026-03-04,breadth_3m,0.5686274509803921,0.45454545454545453,False,True
Consumer Cyclical,2026-04-02,breadth_3m,0.47058823529411764,0.45454545454545453,False,True
Consumer Cyclical,2026-05-04,breadth_3m,0.17647058823529413,0.45454545454545453,False,True
Consumer Cyclical,2026-06-03,breadth_3m,0.09803921568627451,0.45454545454545453,False,False
Consumer Cyclical,2026-07-06,breadth_3m,0.23529411764705882,0.45454545454545453,True,True
Consumer Cyclical,2026-08-04,breadth_3m,0.4117647058823529,0.45454545454545453,False,True
Consumer Defensive,2016-09-14,breadth_3m,0.1724137931034483,0.4482758620689655,False,True
Consumer Defensive,2016-10-13,breadth_3m,0.20689655172413793,0.3448275862068966,False,True
Consumer Defensive,2016-11-11,breadth_3m,0.10344827586206896,0.2413793103448276,False,True
Consumer Defensive,2016-12-13,breadth_3m,0.1724137931034483,0.20689655172413793,False,True
Consumer Defensive,2017-01-13,breadth_3m,0.20689655172413793,0.2298850574712644,False,False
Consumer Defensive,2017-02-14,breadth_3m,0.3793103448275862,0.20689655172413793,False,False
Consumer Defensive,2017-03-16,breadth_3m,0.4827586206896552,0.2413793103448276,False,False
Consumer Defensive,2017-04-17,breadth_3m,0.5862068965517241,0.2413793103448276,False,True
Consumer Defensive,2017-05-16,breadth_3m,0.3448275862068966,0.2413793103448276,False,False
Consumer Defensive,2017-06-15,breadth_3m,0.4482758620689655,0.27586206896551724,False,True
Consumer Defensive,2017-07-17,breadth_3m,0.13793103448275862,0.2413793103448276,False,False
Consumer Defensive,2017-08-15,breadth_3m,0.3448275862068966,0.2413793103448276,False,True
Consumer Defensive,2017-09-14,breadth_3m,0.3103448275862069,0.2413793103448276,False,True
Consumer Defensive,2017-10-13,breadth_3m,0.41379310344827586,0.26436781609195403,False,True
Consumer Defensive,2017-11-13,breadth_3m,0.3103448275862069,0.27586206896551724,False,False
Consumer Defensive,2017-12-13,breadth_3m,0.4482758620689655,0.27586206896551724,False,True
Consumer Defensive,2018-01-16,breadth_3m,0.41379310344827586,0.27586206896551724,False,True
Consumer Defensive,2018-02-14,breadth_3m,0.5172413793103449,0.27586206896551724,False,True
Consumer Defensive,2018-03-16,breadth_3m,0.3448275862068966,0.27586206896551724,False,False
Consumer Defensive,2018-04-17,breadth_3m,0.43333333333333335,0.27586206896551724,False,True
Consumer Defensive,2018-05-16,breadth_3m,0.3,0.27586206896551724,False,False
Consumer Defensive,2018-06-15,breadth_3m,0.36666666666666664,0.27586206896551724,False,False
Consumer Defensive,2018-07-17,breadth_3m,0.36666666666666664,0.27586206896551724,False,False
Consumer Defensive,2018-08-15,breadth_3m,0.7333333333333333,0.27586206896551724,False,True
Consumer Defensive,2018-09-14,breadth_3m,0.7333333333333333,0.3,False,False
Consumer Defensive,2018-10-15,breadth_3m,0.5666666666666667,0.3,False,False
Consumer Defensive,2018-11-13,breadth_3m,0.7333333333333333,0.3,False,False
Consumer Defensive,2018-12-14,breadth_3m,0.6666666666666666,0.3103448275862069,False,True
Consumer Defensive,2019-01-16,breadth_3m,0.7,0.3103448275862069,False,True
Consumer Defensive,2019-02-15,breadth_3m,0.3,0.3103448275862069,False,True
Consumer Defensive,2019-03-19,breadth_3m,0.3333333333333333,0.3103448275862069,False,False
Consumer Defensive,2019-04-17,breadth_3m,0.5,0.3103448275862069,False,False
Consumer Defensive,2019-05-17,breadth_3m,0.6666666666666666,0.3103448275862069,False,True
Consumer Defensive,2019-06-18,breadth_3m,0.7333333333333333,0.3256704980842912,False,False
Consumer Defensive,2019-07-18,breadth_3m,0.7,0.3333333333333333,False,False
Consumer Defensive,2019-08-16,breadth_3m,0.5666666666666667,0.3333333333333333,False,True
Consumer Defensive,2019-09-17,breadth_3m,0.5333333333333333,0.34099616858237547,False,False
Consumer Defensive,2019-10-16,breadth_3m,0.4666666666666667,0.3448275862068966,False,True
Consumer Defensive,2019-11-14,breadth_3m,0.3,0.3448275862068966,False,True
Consumer Defensive,2019-12-16,breadth_3m,0.3,0.3333333333333333,False,True
Consumer Defensive,2020-01-16,breadth_3m,0.26666666666666666,0.3333333333333333,False,True
Consumer Defensive,2020-02-18,breadth_3m,0.43333333333333335,0.3103448275862069,False,False
Consumer Defensive,2020-03-18,breadth_3m,0.7666666666666667,0.3333333333333333,False,True
Consumer Defensive,2020-04-17,breadth_3m,0.7,0.3333333333333333,False,True
Consumer Defensive,2020-05-18,breadth_3m,0.5666666666666667,0.3333333333333333,False,True
Consumer Defensive,2020-06-17,breadth_3m,0.23333333333333334,0.3333333333333333,False,False
Consumer Defensive,2020-07-17,breadth_3m,0.26666666666666666,0.3333333333333333,True,True
Consumer Defensive,2020-08-17,breadth_3m,0.4,0.3333333333333333,False,True
Consumer Defensive,2020-09-16,breadth_3m,0.43333333333333335,0.3333333333333333,False,True
Consumer Defensive,2020-10-15,breadth_3m,0.43333333333333335,0.3333333333333333,False,True
Consumer Defensive,2020-11-13,breadth_3m,0.4,0.3333333333333333,False,True
Consumer Defensive,2020-12-15,breadth_3m,0.3333333333333333,0.3333333333333333,False,True
Consumer Defensive,2021-01-15,breadth_3m,0.3,0.3333333333333333,False,True
Consumer Defensive,2021-02-17,breadth_3m,0.3,0.3333333333333333,False,False
Consumer Defensive,2021-03-18,breadth_3m,0.43333333333333335,0.3333333333333333,False,True
Consumer Defensive,2021-04-19,breadth_3m,0.36666666666666664,0.3333333333333333,False,False
Consumer Defensive,2021-05-18,breadth_3m,0.7,0.3333333333333333,False,True
Consumer Defensive,2021-06-17,breadth_3m,0.43333333333333335,0.3333333333333333,False,False
Consumer Defensive,2021-07-19,breadth_3m,0.43333333333333335,0.3333333333333333,False,True
Consumer Defensive,2021-08-17,breadth_3m,0.23333333333333334,0.3333333333333333,False,True
Consumer Defensive,2021-09-16,breadth_3m,0.12121212121212122,0.3333333333333333,False,True
Consumer Defensive,2021-10-15,breadth_3m,0.18181818181818182,0.3103448275862069,False,True
Consumer Defensive,2021-11-15,breadth_3m,0.18181818181818182,0.3103448275862069,False,False
Consumer Defensive,2021-12-15,breadth_3m,0.5757575757575758,0.3103448275862069,False,False
Consumer Defensive,2022-01-14,breadth_3m,0.7575757575757576,0.3103448275862069,False,False
Consumer Defensive,2022-02-15,breadth_3m,0.7272727272727273,0.3103448275862069,False,True
Consumer Defensive,2022-03-17,breadth_3m,0.7575757575757576,0.31800766283524906,False,False
Consumer Defensive,2022-04-18,breadth_3m,0.8181818181818182,0.3333333333333333,False,False
Consumer Defensive,2022-05-17,breadth_3m,0.9696969696969697,0.3333333333333333,False,False
Consumer Defensive,2022-06-16,breadth_3m,0.9393939393939394,0.3333333333333333,False,True
Consumer Defensive,2022-07-19,breadth_3m,0.7272727272727273,0.3333333333333333,False,True
Consumer Defensive,2022-08-17,breadth_3m,0.2727272727272727,0.3333333333333333,False,False
Consumer Defensive,2022-09-16,breadth_3m,0.3939393939393939,0.3333333333333333,False,False
Consumer Defensive,2022-10-17,breadth_3m,0.45454545454545453,0.3333333333333333,False,True
Consumer Defensive,2022-11-15,breadth_3m,0.7575757575757576,0.3333333333333333,False,False
Consumer Defensive,2022-12-15,breadth_3m,0.696969696969697,0.3333333333333333,False,True
Consumer Defensive,2023-01-18,breadth_3m,0.48484848484848486,0.3333333333333333,False,True
Consumer Defensive,2023-02-16,breadth_3m,0.2727272727272727,0.3333333333333333,False,False
Consumer Defensive,2023-03-20,breadth_3m,0.24242424242424243,0.3333333333333333,True,True
Consumer Defensive,2023-04-19,breadth_3m,0.3333333333333333,0.3333333333333333,False,True
Consumer Defensive,2023-05-18,breadth_3m,0.5454545454545454,0.3333333333333333,False,True
Consumer Defensive,2023-06-20,breadth_3m,0.12121212121212122,0.3333333333333333,False,True
Consumer Defensive,2023-07-20,breadth_3m,0.18181818181818182,0.3333333333333333,False,False
Consumer Defensive,2023-08-18,breadth_3m,0.2647058823529412,0.3333333333333333,True,True
Consumer Defensive,2023-09-19,breadth_3m,0.29411764705882354,0.3103448275862069,False,True
Consumer Defensive,2023-10-18,breadth_3m,0.20588235294117646,0.3103448275862069,False,True
Consumer Defensive,2023-11-16,breadth_3m,0.058823529411764705,0.30303030303030304,False,True
Consumer Defensive,2023-12-18,breadth_3m,0.17647058823529413,0.3,False,True
Consumer Defensive,2024-01-19,breadth_3m,0.3235294117647059,0.3,False,True
Consumer Defensive,2024-02-20,breadth_3m,0.3235294117647059,0.3,False,True
Consumer Defensive,2024-03-20,breadth_3m,0.35294117647058826,0.3,False,False
Consumer Defensive,2024-04-19,breadth_3m,0.6176470588235294,0.3,False,True
Consumer Defensive,2024-05-20,breadth_3m,0.5294117647058824,0.3,False,True
Consumer Defensive,2024-06-20,breadth_3m,0.29411764705882354,0.3,False,True
Consumer Defensive,2024-07-22,breadth_3m,0.20588235294117646,0.3,False,False
Consumer Defensive,2024-08-20,breadth_3m,0.38235294117647056,0.3,False,True
Consumer Defensive,2024-09-19,breadth_3m,0.6470588235294118,0.3,False,True
Consumer Defensive,2024-10-18,breadth_3m,0.38235294117647056,0.3,False,True
Consumer Defensive,2024-11-18,breadth_3m,0.3235294117647059,0.3,False,True
Consumer Defensive,2024-12-18,breadth_3m,0.2647058823529412,0.3,False,True
Consumer Defensive,2025-01-22,breadth_3m,0.14705882352941177,0.3,False,False
Consumer Defensive,2025-02-21,breadth_3m,0.3235294117647059,0.3,False,False
Consumer Defensive,2025-03-24,breadth_3m,0.5588235294117647,0.3,False,False
Consumer Defensive,2025-04-23,breadth_3m,0.9411764705882353,0.3,False,True
Consumer Defensive,2025-05-22,breadth_3m,0.6764705882352942,0.3,False,True
Consumer Defensive,2025-06-24,breadth_3m,0.4117647058823529,0.3,False,True
Consumer Defensive,2025-07-24,breadth_3m,0.058823529411764705,0.3,False,True
Consumer Defensive,2025-08-22,breadth_3m,0.29411764705882354,0.3,False,True
Consumer Defensive,2025-09-23,breadth_3m,0.14705882352941177,0.29411764705882354,False,False
Consumer Defensive,2025-10-22,breadth_3m,0.20588235294117646,0.29411764705882354,True,True
Consumer Defensive,2025-11-20,breadth_3m,0.17647058823529413,0.27586206896551724,False,True
Consumer Defensive,2025-12-22,breadth_3m,0.47058823529411764,0.27586206896551724,False,False
Consumer Defensive,2026-01-23,breadth_3m,0.5588235294117647,0.27586206896551724,False,False
Consumer Defensive,2026-02-24,breadth_3m,0.9117647058823529,0.29411764705882354,False,True
Consumer Defensive,2026-03-25,breadth_3m,0.7058823529411765,0.29411764705882354,False,True
Consumer Defensive,2026-04-24,breadth_3m,0.29411764705882354,0.29411764705882354,False,True
Consumer Defensive,2026-05-26,breadth_3m,0.08823529411764706,0.29411764705882354,False,False
Consumer Defensive,2026-06-25,breadth_3m,0.20588235294117646,0.27586206896551724,True,False
Consumer Defensive,2026-07-27,breadth_3m,0.5882352941176471,0.27586206896551724,False,True
Consumer Defensive,2026-08-25,breadth_3m,0.6470588235294118,0.29411764705882354,False,True
Energy,2013-07-16,breadth_3m,0.4444444444444444,0.2777777777777778,False,False
Energy,2013-08-14,breadth_3m,0.3888888888888889,0.3333333333333333,False,False
Energy,2013-09-13,breadth_3m,0.5,0.3333333333333333,False,False
Energy,2013-10-14,breadth_3m,0.7777777777777778,0.3888888888888889,False,True
Energy,2013-11-12,breadth_3m,0.6111111111111112,0.3888888888888889,False,True
Energy,2013-12-12,breadth_3m,0.3333333333333333,0.3888888888888889,False,True
Energy,2014-01-14,breadth_3m,0.3888888888888889,0.3888888888888889,False,True
Energy,2014-02-13,breadth_3m,0.5555555555555556,0.3888888888888889,False,False
Energy,2014-03-17,breadth_3m,0.6666666666666666,0.3888888888888889,False,False
Energy,2014-04-15,breadth_3m,0.7777777777777778,0.3888888888888889,False,False
Energy,2014-05-15,breadth_3m,0.9444444444444444,0.3888888888888889,False,False
Energy,2014-06-16,breadth_3m,0.8333333333333334,0.4444444444444444,False,True
Energy,2014-07-16,breadth_3m,0.7222222222222222,0.4444444444444444,False,True
Energy,2014-08-14,breadth_3m,0.4444444444444444,0.4444444444444444,False,True
Energy,2014-09-15,breadth_3m,0.16666666666666666,0.4444444444444444,False,True
Energy,2014-10-14,breadth_3m,0.05555555555555555,0.4444444444444444,False,True
Energy,2014-11-12,breadth_3m,0.05555555555555555,0.3888888888888889,False,True
Energy,2014-12-12,breadth_3m,0.05555555555555555,0.3888888888888889,False,True
Energy,2015-01-14,breadth_3m,0.1111111111111111,0.3703703703703704,False,False
Energy,2015-02-13,breadth_3m,0.3333333333333333,0.3333333333333333,True,True
Energy,2015-03-17,breadth_3m,0.5,0.3333333333333333,False,False
Energy,2015-04-16,breadth_3m,0.9444444444444444,0.3333333333333333,False,True
Energy,2015-05-15,breadth_3m,0.5555555555555556,0.3333333333333333,False,True
Energy,2015-06-16,breadth_3m,0.6666666666666666,0.3333333333333333,False,True
Energy,2015-07-16,breadth_3m,0.2222222222222222,0.3333333333333333,False,True
Energy,2015-08-14,breadth_3m,0.16666666666666666,0.3333333333333333,False,True
Energy,2015-09-15,breadth_3m,0.1111111111111111,0.3333333333333333,False,False
Energy,2015-10-14,breadth_3m,0.5555555555555556,0.2777777777777778,False,True
Energy,2015-11-12,breadth_3m,0.6111111111111112,0.3333333333333333,False,True
Energy,2015-12-14,breadth_3m,0.3888888888888889,0.3333333333333333,False,True
Energy,2016-01-14,breadth_3m,0.16666666666666666,0.3333333333333333,False,False
Energy,2016-02-16,breadth_3m,0.3333333333333333,0.2777777777777778,False,False
Energy,2016-03-16,breadth_3m,0.6111111111111112,0.2777777777777778,False,True
Energy,2016-04-15,breadth_3m,0.6111111111111112,0.3333333333333333,False,False
Energy,2016-05-16,breadth_3m,0.8333333333333334,0.3333333333333333,False,False
Energy,2016-06-15,breadth_3m,0.7777777777777778,0.3333333333333333,False,True
Energy,2016-07-15,breadth_3m,0.7777777777777778,0.3333333333333333,False,True
Energy,2016-08-15,breadth_3m,0.4444444444444444,0.3333333333333333,False,False
Energy,2016-09-14,breadth_3m,0.4444444444444444,0.3333333333333333,False,False
Energy,2016-10-13,breadth_3m,0.6666666666666666,0.3333333333333333,False,True
Energy,2016-11-11,breadth_3m,0.6111111111111112,0.3333333333333333,False,False
Energy,2016-12-13,breadth_3m,0.7222222222222222,0.3333333333333333,False,True
Energy,2017-01-13,breadth_3m,0.4444444444444444,0.3333333333333333,False,True
Energy,2017-02-14,breadth_3m,0.5555555555555556,0.3333333333333333,False,True
Energy,2017-03-16,breadth_3m,0.1111111111111111,0.3333333333333333,False,False
Energy,2017-04-17,breadth_3m,0.16666666666666666,0.3333333333333333,True,True
Energy,2017-05-16,breadth_3m,0.1111111111111111,0.3333333333333333,False,True
Energy,2017-06-15,breadth_3m,0.05555555555555555,0.3333333333333333,False,True
Energy,2017-07-17,breadth_3m,0.16666666666666666,0.2777777777777778,False,True
Energy,2017-08-15,breadth_3m,0.16666666666666666,0.2777777777777778,False,False
Energy,2017-09-14,breadth_3m,0.6666666666666666,0.2777777777777778,False,False
Energy,2017-10-13,breadth_3m,0.5263157894736842,0.2777777777777778,False,False
Energy,2017-11-13,breadth_3m,0.6842105263157895,0.2777777777777778,False,True
Energy,2017-12-13,breadth_3m,0.42105263157894735,0.3333333333333333,False,False
Energy,2018-01-16,breadth_3m,0.7368421052631579,0.3333333333333333,False,True
Energy,2018-02-14,breadth_3m,0.3684210526315789,0.3333333333333333,False,True
Energy,2018-03-16,breadth_3m,0.3157894736842105,0.3333333333333333,False,False
Energy,2018-04-17,breadth_3m,0.3684210526315789,0.3333333333333333,False,False
Energy,2018-05-16,breadth_3m,0.8947368421052632,0.3333333333333333,False,True
Energy,2018-06-15,breadth_3m,0.8421052631578947,0.3333333333333333,False,False
Energy,2018-07-17,breadth_3m,0.5789473684210527,0.3333333333333333,False,True
Energy,2018-08-15,breadth_3m,0.15789473684210525,0.3333333333333333,False,False
Energy,2018-09-14,breadth_3m,0.3684210526315789,0.3333333333333333,False,False
Energy,2018-10-15,breadth_3m,0.47368421052631576,0.3333333333333333,False,True
Energy,2018-11-13,breadth_3m,0.15789473684210525,0.3157894736842105,False,True
Energy,2018-12-14,breadth_3m,0.15789473684210525,0.3157894736842105,False,False
Energy,2019-01-16,breadth_3m,0.21052631578947367,0.2777777777777778,True,False
Energy,2019-02-15,breadth_3m,0.3684210526315789,0.2777777777777778,False,True
Energy,2019-03-19,breadth_3m,0.5263157894736842,0.2777777777777778,False,True
Energy,2019-04-17,breadth_3m,0.3684210526315789,0.2777777777777778,False,True
Energy,2019-05-17,breadth_3m,0.2631578947368421,0.2777777777777778,False,True
Energy,2019-06-18,breadth_3m,0.05263157894736842,0.2777777777777778,False,True
Energy,2019-07-18,breadth_3m,0.21052631578947367,0.2777777777777778,False,True
Energy,2019-08-16,breadth_3m,0.10526315789473684,0.2631578947368421,False,False
Energy,2019-09-17,breadth_3m,0.3157894736842105,0.2631578947368421,False,True
Energy,2019-10-16,breadth_3m,0.2631578947368421,0.2631578947368421,False,False
Energy,2019-11-14,breadth_3m,0.42105263157894735,0.2631578947368421,False,True
Energy,2019-12-16,breadth_3m,0.21052631578947367,0.2631578947368421,False,True
Energy,2020-01-16,breadth_3m,0.3684210526315789,0.2631578947368421,False,True
Energy,2020-02-18,breadth_3m,0.15789473684210525,0.2631578947368421,False,True
Energy,2020-03-18,breadth_3m,0.05263157894736842,0.2631578947368421,False,False
Energy,2020-04-17,breadth_3m,0.05263157894736842,0.2222222222222222,True,False
Energy,2020-05-18,breadth_3m,0.10526315789473684,0.2222222222222222,True,True
Energy,2020-06-17,breadth_3m,1.0,0.2222222222222222,False,True
Energy,2020-07-17,breadth_3m,0.5263157894736842,0.2222222222222222,False,True
Energy,2020-08-17,breadth_3m,0.21052631578947367,0.2222222222222222,False,True
Energy,2020-09-16,breadth_3m,0.10526315789473684,0.2222222222222222,False,True
Energy,2020-10-15,breadth_3m,0.05263157894736842,0.2222222222222222,False,False
Energy,2020-11-13,breadth_3m,0.05263157894736842,0.21832358674463936,True,False
Energy,2020-12-15,breadth_3m,0.8947368421052632,0.2222222222222222,False,False
Energy,2021-01-15,breadth_3m,1.0,0.2222222222222222,False,False
Energy,2021-02-17,breadth_3m,0.9473684210526315,0.2222222222222222,False,False
Energy,2021-03-18,breadth_3m,0.8421052631578947,0.2222222222222222,False,True
Energy,2021-04-19,breadth_3m,0.45,0.2222222222222222,False,False
Energy,2021-05-18,breadth_3m,0.9523809523809523,0.2222222222222222,False,True
Energy,2021-06-17,breadth_3m,0.6666666666666666,0.2222222222222222,False,True
Energy,2021-07-19,breadth_3m,0.38095238095238093,0.24951267056530213,False,True
Energy,2021-08-17,breadth_3m,0.047619047619047616,0.2222222222222222,False,False
Energy,2021-09-16,breadth_3m,0.09523809523809523,0.2222222222222222,True,False
Energy,2021-10-15,breadth_3m,0.9523809523809523,0.2222222222222222,False,True
Energy,2021-11-15,breadth_3m,0.9047619047619048,0.2222222222222222,False,True
Energy,2021-12-15,breadth_3m,0.6190476190476191,0.2222222222222222,False,False
Energy,2022-01-14,breadth_3m,0.7142857142857143,0.23809523809523805,False,False
Energy,2022-02-15,breadth_3m,0.9523809523809523,0.2631578947368421,False,False
Energy,2022-03-17,breadth_3m,1.0,0.2631578947368421,False,False
Energy,2022-04-18,breadth_3m,1.0,0.2631578947368421,False,False
Energy,2022-05-17,breadth_3m,1.0,0.2631578947368421,False,False
Energy,2022-06-16,breadth_3m,1.0,0.2631578947368421,False,True
Energy,2022-07-19,breadth_3m,0.42857142857142855,0.2631578947368421,False,True
Energy,2022-08-17,breadth_3m,0.14285714285714285,0.2631578947368421,False,False
Energy,2022-09-16,breadth_3m,0.42857142857142855,0.2631578947368421,False,False
Energy,2022-10-17,breadth_3m,0.9047619047619048,0.2631578947368421,False,False
Energy,2022-11-15,breadth_3m,0.9523809523809523,0.2631578947368421,False,True
Energy,2022-12-15,breadth_3m,0.8095238095238095,0.2631578947368421,False,False
Energy,2023-01-18,breadth_3m,0.5714285714285714,0.2631578947368421,False,True
Energy,2023-02-16,breadth_3m,0.19047619047619047,0.2631578947368421,False,True
Energy,2023-03-20,breadth_3m,0.09523809523809523,0.2631578947368421,False,False
Energy,2023-04-19,breadth_3m,0.047619047619047616,0.2631578947368421,True,True
Energy,2023-05-18,breadth_3m,0.047619047619047616,0.2631578947368421,False,True
Energy,2023-06-20,breadth_3m,0.09523809523809523,0.2631578947368421,False,False
Energy,2023-07-20,breadth_3m,0.14285714285714285,0.2631578947368421,True,False
Energy,2023-08-18,breadth_3m,1.0,0.2631578947368421,False,False
Energy,2023-09-19,breadth_3m,1.0,0.2631578947368421,False,False
Energy,2023-10-18,breadth_3m,1.0,0.2631578947368421,False,True
Energy,2023-11-16,breadth_3m,0.047619047619047616,0.2631578947368421,False,True
Energy,2023-12-18,breadth_3m,0.047619047619047616,0.2631578947368421,False,True
Energy,2024-01-19,breadth_3m,0.0,0.2631578947368421,False,False
Energy,2024-02-20,breadth_3m,0.2857142857142857,0.23809523809523805,False,False
Energy,2024-03-20,breadth_3m,0.38095238095238093,0.23809523809523805,False,False
Energy,2024-04-19,breadth_3m,0.9523809523809523,0.23809523809523805,False,True
Energy,2024-05-20,breadth_3m,0.8095238095238095,0.2631578947368421,False,True
Energy,2024-06-20,breadth_3m,0.23809523809523808,0.2631578947368421,False,False
Energy,2024-07-22,breadth_3m,0.19047619047619047,0.23809523809523805,True,True
Energy,2024-08-20,breadth_3m,0.23809523809523808,0.23809523809523805,False,True
Energy,2024-09-19,breadth_3m,0.2857142857142857,0.23809523809523805,False,True
Energy,2024-10-18,breadth_3m,0.2857142857142857,0.23809523809523805,False,False
Energy,2024-11-18,breadth_3m,0.5238095238095238,0.2631578947368421,False,True
Energy,2024-12-18,breadth_3m,0.38095238095238093,0.2631578947368421,False,False
Energy,2025-01-22,breadth_3m,0.47619047619047616,0.2631578947368421,False,False
Energy,2025-02-21,breadth_3m,0.19047619047619047,0.2631578947368421,True,False
Energy,2025-03-24,breadth_3m,1.0,0.2631578947368421,False,True
Energy,2025-04-23,breadth_3m,0.2857142857142857,0.2631578947368421,False,True
Energy,2025-05-22,breadth_3m,0.23809523809523808,0.2631578947368421,False,False
Energy,2025-06-24,breadth_3m,0.14285714285714285,0.2631578947368421,True,True
Energy,2025-07-24,breadth_3m,0.23809523809523808,0.2631578947368421,False,True
Energy,2025-08-22,breadth_3m,0.42857142857142855,0.2548036758563074,False,True
Energy,2025-09-23,breadth_3m,0.38095238095238093,0.2548036758563074,False,True
Energy,2025-10-22,breadth_3m,0.3333333333333333,0.23809523809523805,False,False
Energy,2025-11-20,breadth_3m,0.5714285714285714,0.2631578947368421,False,True
Energy,2025-12-22,breadth_3m,0.38095238095238093,0.2631578947368421,False,False
Energy,2026-01-23,breadth_3m,0.9047619047619048,0.2631578947368421,False,False
Energy,2026-02-24,breadth_3m,0.8571428571428571,0.2631578947368421,False,False
Energy,2026-03-25,breadth_3m,1.0,0.2631578947368421,False,True
Energy,2026-04-24,breadth_3m,0.9523809523809523,0.2631578947368421,False,True
Energy,2026-05-26,breadth_3m,0.5238095238095238,0.2631578947368421,False,True
Energy,2026-06-25,breadth_3m,0.0,0.2631578947368421,False,False
Energy,2026-07-27,breadth_3m,0.2857142857142857,0.2631578947368421,False,False
Energy,2026-08-25,breadth_3m,0.5714285714285714,0.2631578947368421,False,False
Financial Services,2011-10-12,breadth_3m,0.2909090909090909,0.2727272727272727,False,True
Financial Services,2011-11-10,breadth_3m,0.5454545454545454,0.28484848484848485,False,True
Financial Services,2011-12-12,breadth_3m,0.5272727272727272,0.2909090909090909,False,False
Financial Services,2012-01-12,breadth_3m,0.6181818181818182,0.2909090909090909,False,False
Financial Services,2012-02-13,breadth_3m,0.6909090909090909,0.3090909090909091,False,False
Financial Services,2012-03-14,breadth_3m,0.6545454545454545,0.3090909090909091,False,True
Financial Services,2012-04-13,breadth_3m,0.5454545454545454,0.32727272727272727,False,True
Financial Services,2012-05-14,breadth_3m,0.5454545454545454,0.38181818181818183,False,True
Financial Services,2012-06-13,breadth_3m,0.4727272727272727,0.43636363636363634,False,False
Financial Services,2012-07-13,breadth_3m,0.4909090909090909,0.43636363636363634,False,True
Financial Services,2012-08-13,breadth_3m,0.36363636363636365,0.38181818181818183,False,False
Financial Services,2012-09-12,breadth_3m,0.6545454545454545,0.4000000000000001,False,False
Financial Services,2012-10-11,breadth_3m,0.6363636363636364,0.43636363636363634,False,False
Financial Services,2012-11-13,breadth_3m,0.7454545454545455,0.43636363636363634,False,False
Financial Services,2012-12-13,breadth_3m,0.6,0.45454545454545453,False,False
Financial Services,2013-01-15,breadth_3m,0.7090909090909091,0.4727272727272727,False,False
Financial Services,2013-02-14,breadth_3m,0.7454545454545455,0.48484848484848486,False,False
Financial Services,2013-03-18,breadth_3m,0.7636363636363637,0.4909090909090909,False,True
Financial Services,2013-04-17,breadth_3m,0.5636363636363636,0.509090909090909,False,False
Financial Services,2013-05-16,breadth_3m,0.6909090909090909,0.509090909090909,False,False
Financial Services,2013-06-17,breadth_3m,0.6363636363636364,0.5272727272727272,False,False
Financial Services,2013-07-17,breadth_3m,0.7454545454545455,0.5272727272727272,False,True
Financial Services,2013-08-15,breadth_3m,0.6363636363636364,0.5454545454545454,False,True
Financial Services,2013-09-16,breadth_3m,0.6,0.5454545454545454,False,True
Financial Services,2013-10-15,breadth_3m,0.5818181818181818,0.5454545454545454,False,True
Financial Services,2013-11-13,breadth_3m,0.509090909090909,0.5272727272727272,False,False
Financial Services,2013-12-13,breadth_3m,0.5818181818181818,0.5272727272727272,False,False
Financial Services,2014-01-15,breadth_3m,0.6,0.5454545454545454,False,True
Financial Services,2014-02-14,breadth_3m,0.41818181818181815,0.5454545454545454,False,False
Financial Services,2014-03-18,breadth_3m,0.3090909090909091,0.5272727272727272,True,True
Financial Services,2014-04-16,breadth_3m,0.21818181818181817,0.509090909090909,False,True
Financial Services,2014-05-16,breadth_3m,0.2909090909090909,0.509090909090909,False,False
Financial Services,2014-06-17,breadth_3m,0.36363636363636365,0.4909090909090909,True,True
Financial Services,2014-07-17,breadth_3m,0.38181818181818183,0.4727272727272727,False,True
Financial Services,2014-08-15,breadth_3m,0.42857142857142855,0.45454545454545453,False,False
Financial Services,2014-09-16,breadth_3m,0.39285714285714285,0.4518398268398269,True,False
Financial Services,2014-10-15,breadth_3m,0.4642857142857143,0.45454545454545453,False,False
Financial Services,2014-11-13,breadth_3m,0.6842105263157895,0.45454545454545453,False,False
Financial Services,2014-12-15,breadth_3m,0.5964912280701754,0.45454545454545453,False,True
Financial Services,2015-01-15,breadth_3m,0.3793103448275862,0.46428571428571425,False,False
Financial Services,2015-02-17,breadth_3m,0.5,0.45454545454545453,False,False
Financial Services,2015-03-18,breadth_3m,0.43103448275862066,0.45454545454545453,True,True
Financial Services,2015-04-17,breadth_3m,0.603448275862069,0.45454545454545453,False,False
Financial Services,2015-05-18,breadth_3m,0.5862068965517241,0.46428571428571425,False,False
Financial Services,2015-06-17,breadth_3m,0.6724137931034483,0.46551724137931033,False,False
Financial Services,2015-07-17,breadth_3m,0.7586206896551724,0.4727272727272727,False,False
Financial Services,2015-08-17,breadth_3m,0.7758620689655172,0.4727272727272727,False,True
Financial Services,2015-09-16,breadth_3m,0.39655172413793105,0.4727272727272727,False,True
Financial Services,2015-10-15,breadth_3m,0.2542372881355932,0.46551724137931033,False,False
Financial Services,2015-11-13,breadth_3m,0.3559322033898305,0.45454545454545453,True,True
Financial Services,2015-12-15,breadth_3m,0.423728813559322,0.4524555903866248,False,True
Financial Services,2016-01-15,breadth_3m,0.3898305084745763,0.4482758620689655,False,True
Financial Services,2016-02-17,breadth_3m,0.23728813559322035,0.4445117029862793,False,False
Financial Services,2016-03-17,breadth_3m,0.3559322033898305,0.43636363636363634,True,True
Financial Services,2016-04-18,breadth_3m,0.36666666666666664,0.4310344827586207,False,False
Financial Services,2016-05-17,breadth_3m,0.5166666666666667,0.4310344827586207,False,True
Financial Services,2016-06-16,breadth_3m,0.43333333333333335,0.43636363636363634,False,True
Financial Services,2016-07-18,breadth_3m,0.35,0.43333333333333335,False,False
Financial Services,2016-08-16,breadth_3m,0.36666666666666664,0.4310344827586207,True,False
Financial Services,2016-09-15,breadth_3m,0.7166666666666667,0.42857142857142855,False,False
Financial Services,2016-10-14,breadth_3m,0.8,0.4310344827586207,False,False
Financial Services,2016-11-14,breadth_3m,0.85,0.4310344827586207,False,False
Financial Services,2016-12-14,breadth_3m,0.7166666666666667,0.4353535353535354,False,True
Financial Services,2017-01-17,breadth_3m,0.7,0.43636363636363634,False,False
Financial Services,2017-02-15,breadth_3m,0.5666666666666667,0.43636363636363634,False,True
Financial Services,2017-03-17,breadth_3m,0.5573770491803278,0.4406779661016949,False,True
Financial Services,2017-04-18,breadth_3m,0.36065573770491804,0.43636363636363634,False,True
Financial Services,2017-05-17,breadth_3m,0.3114754098360656,0.43333333333333335,False,False
Financial Services,2017-06-16,breadth_3m,0.4918032786885246,0.4310344827586207,False,False
Financial Services,2017-07-18,breadth_3m,0.7049180327868853,0.4310344827586207,False,False
Financial Services,2017-08-16,breadth_3m,0.7540983606557377,0.43333333333333335,False,True
Financial Services,2017-09-15,breadth_3m,0.3770491803278688,0.43636363636363634,False,False
Financial Services,2017-10-16,breadth_3m,0.6557377049180327,0.43636363636363634,False,True
Financial Services,2017-11-14,breadth_3m,0.5737704918032787,0.43636363636363634,False,False
Financial Services,2017-12-14,breadth_3m,0.6721311475409836,0.4419746225803464,False,False
Financial Services,2018-01-17,breadth_3m,0.5081967213114754,0.44642857142857145,False,False
Financial Services,2018-02-15,breadth_3m,0.5737704918032787,0.4476600985221675,False,True
Financial Services,2018-03-19,breadth_3m,0.6557377049180327,0.4482758620689655,False,True
Financial Services,2018-04-18,breadth_3m,0.43548387096774194,0.44942528735632187,False,False
Financial Services,2018-05-17,breadth_3m,0.3548387096774194,0.4482758620689655,True,True
Financial Services,2018-06-18,breadth_3m,0.1935483870967742,0.44642857142857145,False,False
Financial Services,2018-07-18,breadth_3m,0.3387096774193548,0.4378522062732589,True,True
Financial Services,2018-08-16,breadth_3m,0.3225806451612903,0.43636363636363634,False,True
Financial Services,2018-09-17,breadth_3m,0.3709677419354839,0.4310344827586207,False,True
Financial Services,2018-10-16,breadth_3m,0.22580645161290322,0.42857142857142855,False,False
Financial Services,2018-11-14,breadth_3m,0.3709677419354839,0.41935483870967744,True,True
Financial Services,2018-12-17,breadth_3m,0.3870967741935484,0.41935483870967744,False,False
Financial Services,2019-01-17,breadth_3m,0.6290322580645161,0.41935483870967744,False,True
Financial Services,2019-02-19,breadth_3m,0.4838709677419355,0.4222708219427738,False,True
Financial Services,2019-03-20,breadth_3m,0.5483870967741935,0.4253959433175882,False,False
Financial Services,2019-04-18,breadth_3m,0.5,0.4262295081967213,False,False
Financial Services,2019-05-20,breadth_3m,0.6935483870967742,0.42857142857142855,False,True
Financial Services,2019-06-19,breadth_3m,0.7258064516129032,0.4310344827586207,False,False
Financial Services,2019-07-19,breadth_3m,0.7258064516129032,0.4310344827586207,False,True
Financial Services,2019-08-19,breadth_3m,0.3870967741935484,0.43333333333333335,False,False
Financial Services,2019-09-18,breadth_3m,0.6612903225806451,0.4310344827586207,False,True
Financial Services,2019-10-17,breadth_3m,0.4032258064516129,0.4325670498084291,False,False
Financial Services,2019-11-15,breadth_3m,0.5645161290322581,0.43333333333333335,False,False
Financial Services,2019-12-17,breadth_3m,0.5806451612903226,0.43548387096774194,False,True
Financial Services,2020-01-17,breadth_3m,0.46774193548387094,0.43548387096774194,False,True
Financial Services,2020-02-19,breadth_3m,0.45161290322580644,0.43548387096774194,False,True
Financial Services,2020-03-19,breadth_3m,0.2903225806451613,0.43333333333333335,False,True
Financial Services,2020-04-20,breadth_3m,0.25806451612903225,0.4310344827586207,False,True
Financial Services,2020-05-19,breadth_3m,0.20967741935483872,0.4262295081967213,False,False
Financial Services,2020-06-18,breadth_3m,0.5483870967741935,0.41935483870967744,False,True
Financial Services,2020-07-20,breadth_3m,0.46774193548387094,0.41935483870967744,False,True
Financial Services,2020-08-18,breadth_3m,0.5645161290322581,0.41935483870967744,False,False
Financial Services,2020-09-17,breadth_3m,0.20967741935483872,0.41935483870967744,True,True
Financial Services,2020-10-16,breadth_3m,0.45161290322580644,0.41935483870967744,False,False
Financial Services,2020-11-16,breadth_3m,0.6451612903225806,0.41935483870967744,False,False
Financial Services,2020-12-16,breadth_3m,0.7741935483870968,0.41935483870967744,False,False
Financial Services,2021-01-19,breadth_3m,0.7741935483870968,0.41935483870967744,False,False
Financial Services,2021-02-18,breadth_3m,0.6612903225806451,0.41935483870967744,False,False
Financial Services,2021-03-19,breadth_3m,0.7258064516129032,0.4262295081967213,False,True
Financial Services,2021-04-20,breadth_3m,0.6129032258064516,0.42857142857142855,False,False
Financial Services,2021-05-19,breadth_3m,0.8870967741935484,0.4310344827586207,False,True
Financial Services,2021-06-18,breadth_3m,0.3387096774193548,0.4310344827586207,False,True
Financial Services,2021-07-20,breadth_3m,0.3870967741935484,0.4310344827586207,False,False
Financial Services,2021-08-18,breadth_3m,0.3064516129032258,0.42857142857142855,True,True
Financial Services,2021-09-17,breadth_3m,0.46153846153846156,0.41935483870967744,False,False
Financial Services,2021-10-18,breadth_3m,0.7727272727272727,0.41935483870967744,False,True
Financial Services,2021-11-16,breadth_3m,0.5909090909090909,0.4262295081967213,False,True
Financial Services,2021-12-16,breadth_3m,0.5671641791044776,0.42857142857142855,False,False
Financial Services,2022-01-18,breadth_3m,0.4925373134328358,0.4262295081967213,False,False
Financial Services,2022-02-16,breadth_3m,0.6567164179104478,0.42857142857142855,False,True
Financial Services,2022-03-18,breadth_3m,0.6567164179104478,0.4310344827586207,False,True
Financial Services,2022-04-19,breadth_3m,0.5074626865671642,0.4310344827586207,False,False
Financial Services,2022-05-18,breadth_3m,0.3283582089552239,0.4310344827586207,True,True
Financial Services,2022-06-17,breadth_3m,0.40298507462686567,0.4310344827586207,False,True
Financial Services,2022-07-20,breadth_3m,0.4626865671641791,0.4310344827586207,False,False
Financial Services,2022-08-18,breadth_3m,0.5522388059701493,0.4310344827586207,False,False
Financial Services,2022-09-19,breadth_3m,0.6567164179104478,0.4310344827586207,False,False
Financial Services,2022-10-18,breadth_3m,0.7014925373134329,0.43283582089552236,False,False
Financial Services,2022-11-16,breadth_3m,0.7910447761194029,0.43333333333333335,False,True
Financial Services,2022-12-16,breadth_3m,0.6119402985074627,0.43548387096774194,False,False
Financial Services,2023-01-19,breadth_3m,0.5970149253731343,0.43548387096774194,False,True
Financial Services,2023-02-17,breadth_3m,0.5223880597014925,0.43548387096774194,False,True
Financial Services,2023-03-21,breadth_3m,0.23880597014925373,0.43548387096774194,False,False
Financial Services,2023-04-20,breadth_3m,0.1791044776119403,0.43333333333333335,True,True
Financial Services,2023-05-19,breadth_3m,0.14925373134328357,0.43283582089552236,False,True
Financial Services,2023-06-21,breadth_3m,0.22388059701492538,0.4302134646962233,False,False
Financial Services,2023-07-21,breadth_3m,0.3283582089552239,0.4222708219427738,True,True
Financial Services,2023-08-21,breadth_3m,0.5373134328358209,0.4222708219427738,False,False
Financial Services,2023-09-20,breadth_3m,0.6865671641791045,0.4262295081967213,False,True
Financial Services,2023-10-19,breadth_3m,0.47761194029850745,0.42857142857142855,False,False
Financial Services,2023-11-17,breadth_3m,0.6268656716417911,0.4310344827586207,False,False
Financial Services,2023-12-19,breadth_3m,0.6119402985074627,0.43223537484988844,False,True
Financial Services,2024-01-22,breadth_3m,0.6865671641791045,0.43283582089552236,False,False
Financial Services,2024-02-21,breadth_3m,0.6716417910447762,0.43283582089552236,False,False
Financial Services,2024-03-21,breadth_3m,0.5074626865671642,0.43333333333333335,False,False
Financial Services,2024-04-22,breadth_3m,0.6268656716417911,0.43333333333333335,False,True
Financial Services,2024-05-21,breadth_3m,0.5522388059701493,0.43548387096774194,False,True
Financial Services,2024-06-21,breadth_3m,0.14925373134328357,0.43333333333333335,False,False
Financial Services,2024-07-23,breadth_3m,0.40298507462686567,0.43283582089552236,True,False
Financial Services,2024-08-21,breadth_3m,0.5522388059701493,0.43283582089552236,False,False
Financial Services,2024-09-20,breadth_3m,0.7910447761194029,0.43333333333333335,False,False
Financial Services,2024-10-21,breadth_3m,0.8059701492537313,0.43548387096774194,False,False
Financial Services,2024-11-19,breadth_3m,0.7611940298507462,0.43548387096774194,False,True
Financial Services,2024-12-19,breadth_3m,0.5223880597014925,0.43548387096774194,False,False
Financial Services,2025-01-23,breadth_3m,0.44776119402985076,0.43548387096774194,False,False
Financial Services,2025-02-24,breadth_3m,0.417910447761194,0.43548387096774194,True,False
Financial Services,2025-03-25,breadth_3m,0.7014925373134329,0.43548387096774194,False,False
Financial Services,2025-04-24,breadth_3m,0.582089552238806,0.43548387096774194,False,True
Financial Services,2025-05-23,breadth_3m,0.47761194029850745,0.43548387096774194,False,True
Financial Services,2025-06-25,breadth_3m,0.2835820895522388,0.43548387096774194,False,True
Financial Services,2025-07-25,breadth_3m,0.44776119402985076,0.43548387096774194,False,True
Financial Services,2025-08-25,breadth_3m,0.417910447761194,0.43548387096774194,False,True
Financial Services,2025-09-24,breadth_3m,0.373134328358209,0.43548387096774194,False,True
Financial Services,2025-10-23,breadth_3m,0.1044776119402985,0.43333333333333335,False,False
Financial Services,2025-11-21,breadth_3m,0.2835820895522388,0.43283582089552236,True,False
Financial Services,2025-12-23,breadth_3m,0.5522388059701493,0.43283582089552236,False,True
Financial Services,2026-01-26,breadth_3m,0.5522388059701493,0.43283582089552236,False,True
Financial Services,2026-02-25,breadth_3m,0.417910447761194,0.43283582089552236,False,False
Financial Services,2026-03-26,breadth_3m,0.417910447761194,0.43283582089552236,True,True
Financial Services,2026-04-27,breadth_3m,0.2835820895522388,0.43283582089552236,False,True
Financial Services,2026-05-27,breadth_3m,0.22388059701492538,0.4310344827586207,False,False
Financial Services,2026-06-26,breadth_3m,0.43283582089552236,0.42857142857142855,False,False
Financial Services,2026-07-28,breadth_3m,0.8656716417910447,0.42857142857142855,False,True
Financial Services,2026-08-26,breadth_3m,0.9558823529411765,0.4310344827586207,False,True
Healthcare,2014-03-13,breadth_3m,0.6,0.58,False,True
Healthcare,2014-04-11,breadth_3m,0.5,0.6,False,False
Healthcare,2014-05-13,breadth_3m,0.46,0.54,True,False
Healthcare,2014-06-12,breadth_3m,0.4,0.46,True,False
Healthcare,2014-07-14,breadth_3m,0.52,0.46,False,True
Healthcare,2014-08-12,breadth_3m,0.52,0.46,False,False
Healthcare,2014-09-11,breadth_3m,0.62,0.46,False,False
Healthcare,2014-10-10,breadth_3m,0.7,0.49333333333333335,False,False
Healthcare,2014-11-10,breadth_3m,0.74,0.5,False,False
Healthcare,2014-12-10,breadth_3m,0.76,0.5,False,False
Healthcare,2015-01-12,breadth_3m,0.84,0.54,False,True
Healthcare,2015-02-11,breadth_3m,0.74,0.54,False,False
Healthcare,2015-03-13,breadth_3m,0.68,0.56,False,False
Healthcare,2015-04-14,breadth_3m,0.68,0.56,False,True
Healthcare,2015-05-13,breadth_3m,0.6,0.5733333333333334,False,False
Healthcare,2015-06-12,breadth_3m,0.54,0.58,True,False
Healthcare,2015-07-14,breadth_3m,0.64,0.56,False,True
Healthcare,2015-08-12,breadth_3m,0.68,0.58,False,True
Healthcare,2015-09-11,breadth_3m,0.56,0.58,False,True
Healthcare,2015-10-12,breadth_3m,0.24,0.56,False,False
Healthcare,2015-11-10,breadth_3m,0.36,0.54,True,False
Healthcare,2015-12-10,breadth_3m,0.36,0.54,True,False
Healthcare,2016-01-12,breadth_3m,0.7,0.54,False,True
Healthcare,2016-02-11,breadth_3m,0.54,0.54,False,True
Healthcare,2016-03-14,breadth_3m,0.5,0.54,False,True
Healthcare,2016-04-13,breadth_3m,0.36,0.52,False,True
Healthcare,2016-05-12,breadth_3m,0.54,0.52,False,False
Healthcare,2016-06-13,breadth_3m,0.68,0.52,False,False
Healthcare,2016-07-13,breadth_3m,0.62,0.52,False,True
Healthcare,2016-08-11,breadth_3m,0.7,0.54,False,True
Healthcare,2016-09-12,breadth_3m,0.48,0.54,False,True
Healthcare,2016-10-11,breadth_3m,0.44,0.52,False,True
Healthcare,2016-11-09,breadth_3m,0.2,0.52,False,True
Healthcare,2016-12-09,breadth_3m,0.16,0.5,False,False
Healthcare,2017-01-11,breadth_3m,0.24,0.5,True,True
Healthcare,2017-02-10,breadth_3m,0.42,0.5,False,False
Healthcare,2017-03-14,breadth_3m,0.76,0.5,False,True
Healthcare,2017-04-12,breadth_3m,0.7,0.5,False,True
Healthcare,2017-05-12,breadth_3m,0.64,0.5,False,False
Healthcare,2017-06-13,breadth_3m,0.66,0.5,False,False
Healthcare,2017-07-13,breadth_3m,0.74,0.5,False,True
Healthcare,2017-08-11,breadth_3m,0.6,0.52,False,False
Healthcare,2017-09-12,breadth_3m,0.6,0.52,False,True
Healthcare,2017-10-11,breadth_3m,0.38,0.52,False,True
Healthcare,2017-11-09,breadth_3m,0.5,0.5,False,True
Healthcare,2017-12-11,breadth_3m,0.3,0.5,False,True
Healthcare,2018-01-11,breadth_3m,0.44,0.5,False,False
Healthcare,2018-02-12,breadth_3m,0.5,0.5,True,True
Healthcare,2018-03-14,breadth_3m,0.58,0.5,False,True
Healthcare,2018-04-13,breadth_3m,0.5,0.5,False,True
Healthcare,2018-05-14,breadth_3m,0.52,0.5,False,False
Healthcare,2018-06-13,breadth_3m,0.5,0.5,True,False
Healthcare,2018-07-13,breadth_3m,0.62,0.5,False,False
Healthcare,2018-08-13,breadth_3m,0.66,0.5,False,False
Healthcare,2018-09-12,breadth_3m,0.66,0.5,False,False
Healthcare,2018-10-11,breadth_3m,0.6,0.5,False,False
Healthcare,2018-11-09,breadth_3m,0.7,0.5,False,False
Healthcare,2018-12-12,breadth_3m,0.74,0.52,False,True
Healthcare,2019-01-14,breadth_3m,0.58,0.52,False,True
Healthcare,2019-02-13,breadth_3m,0.54,0.52,False,True
Healthcare,2019-03-15,breadth_3m,0.49019607843137253,0.52,False,True
Healthcare,2019-04-15,breadth_3m,0.43137254901960786,0.52,False,True
Healthcare,2019-05-15,breadth_3m,0.29411764705882354,0.5,False,False
Healthcare,2019-06-14,breadth_3m,0.35294117647058826,0.5,True,True
Healthcare,2019-07-16,breadth_3m,0.49019607843137253,0.5,False,False
Healthcare,2019-08-14,breadth_3m,0.6078431372549019,0.5,False,True
Healthcare,2019-09-13,breadth_3m,0.45098039215686275,0.5,False,True
Healthcare,2019-10-14,breadth_3m,0.5098039215686274,0.5,False,False
Healthcare,2019-11-12,breadth_3m,0.4117647058823529,0.5,True,False
Healthcare,2019-12-12,breadth_3m,0.6274509803921569,0.5,False,True
Healthcare,2020-01-14,breadth_3m,0.5882352941176471,0.5,False,True
Healthcare,2020-02-13,breadth_3m,0.6274509803921569,0.5,False,False
Healthcare,2020-03-16,breadth_3m,0.7058823529411765,0.5,False,False
Healthcare,2020-04-15,breadth_3m,0.6862745098039216,0.5,False,False
Healthcare,2020-05-14,breadth_3m,0.7254901960784313,0.5,False,True
Healthcare,2020-06-15,breadth_3m,0.35294117647058826,0.5,False,False
Healthcare,2020-07-15,breadth_3m,0.37254901960784315,0.5,True,True
Healthcare,2020-08-13,breadth_3m,0.3333333333333333,0.5,False,True
Healthcare,2020-09-14,breadth_3m,0.43137254901960786,0.5,False,True
Healthcare,2020-10-13,breadth_3m,0.43137254901960786,0.49019607843137253,False,False
Healthcare,2020-11-11,breadth_3m,0.5294117647058824,0.49019607843137253,False,True
Healthcare,2020-12-11,breadth_3m,0.5098039215686274,0.49019607843137253,False,False
Healthcare,2021-01-13,breadth_3m,0.5490196078431373,0.49019607843137253,False,True
Healthcare,2021-02-12,breadth_3m,0.3333333333333333,0.49019607843137253,False,True
Healthcare,2021-03-16,breadth_3m,0.2549019607843137,0.48,False,True
Healthcare,2021-04-15,breadth_3m,0.2549019607843137,0.48,False,False
Healthcare,2021-05-14,breadth_3m,0.49019607843137253,0.4768627450980392,False,True
Healthcare,2021-06-15,breadth_3m,0.6078431372549019,0.48,False,False
Healthcare,2021-07-15,breadth_3m,0.6862745098039216,0.48,False,False
Healthcare,2021-08-13,breadth_3m,0.49019607843137253,0.48,False,True
Healthcare,2021-09-14,breadth_3m,0.5357142857142857,0.48,False,True
Healthcare,2021-10-13,breadth_3m,0.4107142857142857,0.48,False,True
Healthcare,2021-11-11,breadth_3m,0.30357142857142855,0.48,False,False
Healthcare,2021-12-13,breadth_3m,0.30357142857142855,0.4705882352941176,True,True
Healthcare,2022-01-12,breadth_3m,0.4107142857142857,0.4705882352941176,False,False
Healthcare,2022-02-11,breadth_3m,0.5535714285714286,0.4705882352941176,False,False
Healthcare,2022-03-15,breadth_3m,0.5714285714285714,0.4705882352941176,False,False
Healthcare,2022-04-13,breadth_3m,0.6607142857142857,0.4705882352941176,False,False
Healthcare,2022-05-13,breadth_3m,0.5535714285714286,0.4705882352941176,False,False
Healthcare,2022-06-14,breadth_3m,0.5535714285714286,0.4705882352941176,False,False
Healthcare,2022-07-15,breadth_3m,0.625,0.48,False,True
Healthcare,2022-08-15,breadth_3m,0.44642857142857145,0.48,False,False
Healthcare,2022-09-14,breadth_3m,0.4642857142857143,0.48,True,False
Healthcare,2022-10-13,breadth_3m,0.44642857142857145,0.4705882352941176,True,True
Healthcare,2022-11-11,breadth_3m,0.6964285714285714,0.4705882352941176,False,False
Healthcare,2022-12-13,breadth_3m,0.75,0.48,False,True
Healthcare,2023-01-13,breadth_3m,0.5535714285714286,0.48,False,True
Healthcare,2023-02-14,breadth_3m,0.3392857142857143,0.48,False,False
Healthcare,2023-03-16,breadth_3m,0.23214285714285715,0.4705882352941176,True,False
Healthcare,2023-04-17,breadth_3m,0.3333333333333333,0.4705882352941176,True,True
Healthcare,2023-05-16,breadth_3m,0.47368421052631576,0.4705882352941176,False,True
Healthcare,2023-06-15,breadth_3m,0.2807017543859649,0.46428571428571425,False,True
Healthcare,2023-07-18,breadth_3m,0.24561403508771928,0.46,False,False
Healthcare,2023-08-16,breadth_3m,0.2631578947368421,0.46,True,True
Healthcare,2023-09-15,breadth_3m,0.3333333333333333,0.46,False,False
Healthcare,2023-10-16,breadth_3m,0.40350877192982454,0.45098039215686275,True,True
Healthcare,2023-11-14,breadth_3m,0.14035087719298245,0.45098039215686275,False,False
Healthcare,2023-12-14,breadth_3m,0.47368421052631576,0.44642857142857145,False,False
Healthcare,2024-01-17,breadth_3m,0.5614035087719298,0.44,False,True
Healthcare,2024-02-15,breadth_3m,0.631578947368421,0.44642857142857145,False,True
Healthcare,2024-03-18,breadth_3m,0.47368421052631576,0.45098039215686275,False,True
Healthcare,2024-04-17,breadth_3m,0.2982456140350877,0.44642857142857145,False,True
Healthcare,2024-05-16,breadth_3m,0.2807017543859649,0.44,False,True
Healthcare,2024-06-17,breadth_3m,0.22807017543859648,0.44,False,False
Healthcare,2024-07-18,breadth_3m,0.3448275862068966,0.44,True,False
Healthcare,2024-08-16,breadth_3m,0.3448275862068966,0.43859649122807015,True,False
Healthcare,2024-09-17,breadth_3m,0.6551724137931034,0.44,False,True
Healthcare,2024-10-16,breadth_3m,0.46551724137931033,0.44,False,True
Healthcare,2024-11-14,breadth_3m,0.22413793103448276,0.43859649122807015,False,True
Healthcare,2024-12-16,breadth_3m,0.15517241379310345,0.43137254901960786,False,False
Healthcare,2025-01-17,breadth_3m,0.29310344827586204,0.43137254901960786,True,False
Healthcare,2025-02-19,breadth_3m,0.3275862068965517,0.42857142857142855,True,False
Healthcare,2025-03-20,breadth_3m,0.7241379310344828,0.43137254901960786,False,True
Healthcare,2025-04-21,breadth_3m,0.5344827586206896,0.43137254901960786,False,True
Healthcare,2025-05-20,breadth_3m,0.4482758620689655,0.43137254901960786,False,True
Healthcare,2025-06-20,breadth_3m,0.22413793103448276,0.42857142857142855,False,True
Healthcare,2025-07-22,breadth_3m,0.1724137931034483,0.42,False,False
Healthcare,2025-08-20,breadth_3m,0.3793103448275862,0.42,True,True
Healthcare,2025-09-19,breadth_3m,0.20689655172413793,0.42,False,False
Healthcare,2025-10-20,breadth_3m,0.5,0.41379310344827586,False,False
Healthcare,2025-11-18,breadth_3m,0.5344827586206896,0.42,False,True
Healthcare,2025-12-18,breadth_3m,0.7241379310344828,0.42,False,False
Healthcare,2026-01-21,breadth_3m,0.6724137931034483,0.42,False,True
Healthcare,2026-02-20,breadth_3m,0.5172413793103449,0.42,False,True
Healthcare,2026-03-23,breadth_3m,0.3275862068965517,0.42,False,True
Healthcare,2026-04-22,breadth_3m,0.1896551724137931,0.42,False,True
Healthcare,2026-05-21,breadth_3m,0.1206896551724138,0.41379310344827586,False,False
Healthcare,2026-06-23,breadth_3m,0.3103448275862069,0.411764705882353,True,False
Healthcare,2026-07-23,breadth_3m,0.6206896551724138,0.411764705882353,False,False
Healthcare,2026-08-21,breadth_3m,0.8103448275862069,0.41379310344827586,False,True
Industrials,2019-12-10,breadth_3m,0.5,0.515625,False,True
Industrials,2020-01-10,breadth_3m,0.484375,0.5,False,True
Industrials,2020-02-11,breadth_3m,0.328125,0.484375,False,True
Industrials,2020-03-12,breadth_3m,0.359375,0.421875,False,True
Industrials,2020-04-13,breadth_3m,0.28125,0.375,False,True
Industrials,2020-05-12,breadth_3m,0.265625,0.34375,False,False
Industrials,2020-06-11,breadth_3m,0.40625,0.34375,False,True
Industrials,2020-07-13,breadth_3m,0.5454545454545454,0.34375,False,False
Industrials,2020-08-11,breadth_3m,0.803030303030303,0.35574494949494956,False,True
Industrials,2020-09-10,breadth_3m,0.6363636363636364,0.359375,False,False
Industrials,2020-10-09,breadth_3m,0.7424242424242424,0.375,False,False
Industrials,2020-11-09,breadth_3m,0.6515151515151515,0.39393939393939387,False,False
Industrials,2020-12-09,breadth_3m,0.6515151515151515,0.4090909090909091,False,True
Industrials,2021-01-11,breadth_3m,0.5909090909090909,0.421875,False,True
Industrials,2021-02-10,breadth_3m,0.4090909090909091,0.421875,False,False
Industrials,2021-03-12,breadth_3m,0.5151515151515151,0.4090909090909091,False,True
Industrials,2021-04-13,breadth_3m,0.6212121212121212,0.421875,False,False
Industrials,2021-05-12,breadth_3m,0.8636363636363636,0.4375,False,True
Industrials,2021-06-11,breadth_3m,0.5606060606060606,0.453125,False,True
Industrials,2021-07-13,breadth_3m,0.42424242424242425,0.4393939393939394,False,False
Industrials,2021-08-11,breadth_3m,0.3484848484848485,0.42424242424242425,True,True
Industrials,2021-09-10,breadth_3m,0.35135135135135137,0.421875,False,False
Industrials,2021-10-11,breadth_3m,0.44594594594594594,0.4090909090909091,False,True
Industrials,2021-11-09,breadth_3m,0.44594594594594594,0.4090909090909091,False,True
Industrials,2021-12-09,breadth_3m,0.4864864864864865,0.4090909090909091,False,False
Industrials,2022-01-10,breadth_3m,0.4594594594594595,0.4090909090909091,False,True
Industrials,2022-02-09,breadth_3m,0.2702702702702703,0.4090909090909091,False,False
Industrials,2022-03-11,breadth_3m,0.4594594594594595,0.4090909090909091,False,True
Industrials,2022-04-11,breadth_3m,0.35135135135135137,0.4090909090909091,False,False
Industrials,2022-05-11,breadth_3m,0.6756756756756757,0.4090909090909091,False,True
Industrials,2022-06-10,breadth_3m,0.6081081081081081,0.4189189189189189,False,True
Industrials,2022-07-13,breadth_3m,0.6486486486486487,0.4189189189189189,False,False
Industrials,2022-08-11,breadth_3m,0.6621621621621622,0.421875,False,True
Industrials,2022-09-12,breadth_3m,0.6351351351351351,0.42424242424242425,False,False
Industrials,2022-10-11,breadth_3m,0.7702702702702703,0.43243243243243246,False,False
Industrials,2022-11-09,breadth_3m,0.7432432432432432,0.43243243243243246,False,True
Industrials,2022-12-09,breadth_3m,0.8108108108108109,0.4375,False,False
Industrials,2023-01-11,breadth_3m,0.7702702702702703,0.4393939393939394,False,True
Industrials,2023-02-10,breadth_3m,0.47297297297297297,0.4459459459459459,False,False
Industrials,2023-03-14,breadth_3m,0.5540540540540541,0.4459459459459459,False,True
Industrials,2023-04-13,breadth_3m,0.25675675675675674,0.4459459459459459,False,True
Industrials,2023-05-12,breadth_3m,0.32432432432432434,0.4393939393939394,False,True
Industrials,2023-06-13,breadth_3m,0.25675675675675674,0.43243243243243246,False,False
Industrials,2023-07-14,breadth_3m,0.6081081081081081,0.43243243243243246,False,False
Industrials,2023-08-14,breadth_3m,0.5540540540540541,0.4375,False,True
Industrials,2023-09-13,breadth_3m,0.47297297297297297,0.4393939393939394,False,False
Industrials,2023-10-12,breadth_3m,0.47297297297297297,0.4393939393939394,False,True
Industrials,2023-11-10,breadth_3m,0.3918918918918919,0.43283582089552236,False,False
Industrials,2023-12-12,breadth_3m,0.6756756756756757,0.43243243243243246,False,True
Industrials,2024-01-12,breadth_3m,0.5333333333333333,0.4375,False,True
Industrials,2024-02-13,breadth_3m,0.6,0.4393939393939394,False,False
Industrials,2024-03-14,breadth_3m,0.5733333333333334,0.4459459459459459,False,False
Industrials,2024-04-15,breadth_3m,0.6133333333333333,0.4459459459459459,False,True
Industrials,2024-05-14,breadth_3m,0.5866666666666667,0.4459459459459459,False,True
Industrials,2024-06-13,breadth_3m,0.3466666666666667,0.4459459459459459,False,False
Industrials,2024-07-16,breadth_3m,0.2,0.4393939393939394,True,False
Industrials,2024-08-14,breadth_3m,0.32,0.43243243243243246,True,False
Industrials,2024-09-13,breadth_3m,0.56,0.43243243243243246,False,False
Industrials,2024-10-14,breadth_3m,0.6,0.4375,False,True
Industrials,2024-11-12,breadth_3m,0.5733333333333334,0.4393939393939394,False,True
Industrials,2024-12-12,breadth_3m,0.4533333333333333,0.4459459459459459,False,False
Industrials,2025-01-15,breadth_3m,0.36,0.4375,True,True
Industrials,2025-02-14,breadth_3m,0.17333333333333334,0.43243243243243246,False,False
Industrials,2025-03-18,breadth_3m,0.41333333333333333,0.43243243243243246,True,False
Industrials,2025-04-16,breadth_3m,0.44,0.43243243243243246,False,False
Industrials,2025-05-16,breadth_3m,0.7333333333333333,0.43243243243243246,False,True
Industrials,2025-06-17,breadth_3m,0.3466666666666667,0.43243243243243246,False,False
Industrials,2025-07-18,breadth_3m,0.48,0.43243243243243246,False,True
Industrials,2025-08-18,breadth_3m,0.4,0.43243243243243246,False,True
Industrials,2025-09-17,breadth_3m,0.37333333333333335,0.43243243243243246,False,False
Industrials,2025-10-16,breadth_3m,0.32,0.42424242424242425,True,True
Industrials,2025-11-14,breadth_3m,0.3466666666666667,0.421875,False,False
Industrials,2025-12-16,breadth_3m,0.4666666666666667,0.4189189189189189,False,False
Industrials,2026-01-16,breadth_3m,0.6133333333333333,0.4189189189189189,False,False
Industrials,2026-02-18,breadth_3m,0.8133333333333334,0.421875,False,True
Industrials,2026-03-19,breadth_3m,0.6133333333333333,0.42424242424242425,False,True
Industrials,2026-04-20,breadth_3m,0.44,0.4266666666666667,False,True
Industrials,2026-05-19,breadth_3m,0.13333333333333333,0.42424242424242425,False,False
Industrials,2026-06-18,breadth_3m,0.3333333333333333,0.421875,True,True
Industrials,2026-07-21,breadth_3m,0.38666666666666666,0.4189189189189189,False,True
Industrials,2026-08-19,breadth_3m,0.64,0.4189189189189189,False,True
Real Estate,2017-01-09,breadth_3m,0.44,0.06666666666666667,False,True
Real Estate,2017-02-08,breadth_3m,0.32,0.08,False,True
Real Estate,2017-03-10,breadth_3m,0.32,0.08,False,False
Real Estate,2017-04-10,breadth_3m,0.44,0.08,False,True
Real Estate,2017-05-10,breadth_3m,0.4230769230769231,0.12,False,False
Real Estate,2017-06-09,breadth_3m,0.6153846153846154,0.12,False,True
Real Estate,2017-07-11,breadth_3m,0.46153846153846156,0.20000000000000004,False,False
Real Estate,2017-08-09,breadth_3m,0.5769230769230769,0.24,False,False
Real Estate,2017-09-08,breadth_3m,0.6923076923076923,0.28,False,True
Real Estate,2017-10-09,breadth_3m,0.46153846153846156,0.28,False,False
Real Estate,2017-11-07,breadth_3m,0.5,0.3158974358974359,False,True
Real Estate,2017-12-07,breadth_3m,0.15384615384615385,0.28,False,True
Real Estate,2018-01-09,breadth_3m,0.15384615384615385,0.2692307692307692,False,True
Real Estate,2018-02-08,breadth_3m,0.07692307692307693,0.2692307692307692,False,True
Real Estate,2018-03-12,breadth_3m,0.07692307692307693,0.23076923076923075,False,False
Real Estate,2018-04-11,breadth_3m,0.6296296296296297,0.22051282051282053,False,True
Real Estate,2018-05-10,breadth_3m,0.7777777777777778,0.23076923076923075,False,True
Real Estate,2018-06-11,breadth_3m,0.7777777777777778,0.24,False,False
Real Estate,2018-07-11,breadth_3m,0.7037037037037037,0.2692307692307692,False,True
Real Estate,2018-08-09,breadth_3m,0.5925925925925926,0.2692307692307692,False,False
Real Estate,2018-09-10,breadth_3m,0.6666666666666666,0.28,False,True
Real Estate,2018-10-09,breadth_3m,0.1111111111111111,0.2692307692307692,False,False
Real Estate,2018-11-07,breadth_3m,0.5925925925925926,0.28,False,False
Real Estate,2018-12-10,breadth_3m,0.8148148148148148,0.2962962962962963,False,True
Real Estate,2019-01-10,breadth_3m,0.8888888888888888,0.3076923076923077,False,False
Real Estate,2019-02-11,breadth_3m,0.9259259259259259,0.32,False,True
Real Estate,2019-03-13,breadth_3m,0.5555555555555556,0.32,False,True
Real Estate,2019-04-11,breadth_3m,0.7407407407407407,0.3461538461538461,False,False
Real Estate,2019-05-13,breadth_3m,0.48148148148148145,0.3461538461538461,False,False
Real Estate,2019-06-12,breadth_3m,0.7037037037037037,0.3703703703703704,False,True
Real Estate,2019-07-12,breadth_3m,0.5185185185185185,0.3798670465337132,False,False
Real Estate,2019-08-12,breadth_3m,0.7037037037037037,0.38461538461538464,False,True
Real Estate,2019-09-11,breadth_3m,0.4444444444444444,0.4049382716049383,False,False
Real Estate,2019-10-10,breadth_3m,0.8518518518518519,0.4074074074074074,False,True
Real Estate,2019-11-08,breadth_3m,0.18518518518518517,0.4178537511870845,False,True
Real Estate,2019-12-10,breadth_3m,0.25925925925925924,0.38461538461538464,False,True
Real Estate,2020-01-10,breadth_3m,0.07407407407407407,0.3703703703703704,False,False
Real Estate,2020-02-11,breadth_3m,0.37037037037037035,0.3461538461538461,False,False
Real Estate,2020-03-12,breadth_3m,0.6296296296296297,0.3461538461538461,False,True
Real Estate,2020-04-13,breadth_3m,0.37037037037037035,0.3703703703703704,False,True
Real Estate,2020-05-12,breadth_3m,0.2962962962962963,0.3461538461538461,False,False
Real Estate,2020-06-11,breadth_3m,0.1111111111111111,0.3333333333333333,True,True
Real Estate,2020-07-13,breadth_3m,0.1111111111111111,0.3333333333333333,False,True
Real Estate,2020-08-11,breadth_3m,0.5185185185185185,0.32,False,True
Real Estate,2020-09-10,breadth_3m,0.25925925925925924,0.32,False,True
Real Estate,2020-10-09,breadth_3m,0.48148148148148145,0.3076923076923077,False,True
Real Estate,2020-11-09,breadth_3m,0.48148148148148145,0.3076923076923077,False,True
Real Estate,2020-12-09,breadth_3m,0.37037037037037035,0.32,False,True
Real Estate,2021-01-11,breadth_3m,0.18518518518518517,0.32,False,False
Real Estate,2021-02-10,breadth_3m,0.2962962962962963,0.32,True,False
Real Estate,2021-03-12,breadth_3m,0.5925925925925926,0.32,False,False
Real Estate,2021-04-13,breadth_3m,0.8518518518518519,0.3333333333333333,False,False
Real Estate,2021-05-12,breadth_3m,0.8518518518518519,0.3333333333333333,False,False
Real Estate,2021-06-11,breadth_3m,0.7777777777777778,0.3333333333333333,False,True
Real Estate,2021-07-13,breadth_3m,0.7777777777777778,0.3333333333333333,False,True
Real Estate,2021-08-11,breadth_3m,0.6666666666666666,0.3461538461538461,False,False
Real Estate,2021-09-10,breadth_3m,0.4074074074074074,0.36000000000000004,False,True
Real Estate,2021-10-11,breadth_3m,0.5555555555555556,0.3703703703703704,False,False
Real Estate,2021-11-09,breadth_3m,0.4074074074074074,0.3703703703703704,False,False
Real Estate,2021-12-09,breadth_3m,0.6296296296296297,0.3703703703703704,False,False
Real Estate,2022-01-10,breadth_3m,0.5555555555555556,0.3703703703703704,False,True
Real Estate,2022-02-09,breadth_3m,0.5925925925925926,0.3703703703703704,False,False
Real Estate,2022-03-11,breadth_3m,0.7407407407407407,0.38461538461538464,False,False
Real Estate,2022-04-11,breadth_3m,0.7407407407407407,0.38461538461538464,False,True
Real Estate,2022-05-11,breadth_3m,0.5925925925925926,0.4000000000000001,False,True
Real Estate,2022-06-10,breadth_3m,0.37037037037037035,0.4074074074074074,False,False
Real Estate,2022-07-13,breadth_3m,0.4074074074074074,0.4074074074074074,True,True
Real Estate,2022-08-11,breadth_3m,0.4074074074074074,0.38461538461538464,False,True
Real Estate,2022-09-12,breadth_3m,0.37037037037037035,0.38461538461538464,False,True
Real Estate,2022-10-11,breadth_3m,0.2222222222222222,0.3703703703703704,False,True
Real Estate,2022-11-09,breadth_3m,0.18518518518518517,0.3703703703703704,False,False
Real Estate,2022-12-09,breadth_3m,0.2962962962962963,0.3703703703703704,True,False
Real Estate,2023-01-11,breadth_3m,0.5925925925925926,0.3703703703703704,False,True
Real Estate,2023-02-10,breadth_3m,0.7037037037037037,0.3703703703703704,False,True
Real Estate,2023-03-14,breadth_3m,0.3333333333333333,0.3703703703703704,False,True
Real Estate,2023-04-13,breadth_3m,0.0,0.3703703703703704,False,False
Real Estate,2023-05-12,breadth_3m,0.1111111111111111,0.36000000000000004,True,True
Real Estate,2023-06-13,breadth_3m,0.07407407407407407,0.3333333333333333,False,False
Real Estate,2023-07-14,breadth_3m,0.37037037037037035,0.3333333333333333,False,True
Real Estate,2023-08-14,breadth_3m,0.2962962962962963,0.3333333333333333,False,True
Real Estate,2023-09-13,breadth_3m,0.2222222222222222,0.3333333333333333,False,True
Real Estate,2023-10-12,breadth_3m,0.07407407407407407,0.3333333333333333,False,True
Real Estate,2023-11-10,breadth_3m,0.2222222222222222,0.3333333333333333,False,False
Real Estate,2023-12-12,breadth_3m,0.4444444444444444,0.3333333333333333,False,False
Real Estate,2024-01-12,breadth_3m,0.6296296296296297,0.3333333333333333,False,True
Real Estate,2024-02-13,breadth_3m,0.2962962962962963,0.3333333333333333,False,True
Real Estate,2024-03-14,breadth_3m,0.18518518518518517,0.3333333333333333,False,True
Real Estate,2024-04-15,breadth_3m,0.037037037037037035,0.32,False,False
Real Estate,2024-05-14,breadth_3m,0.4444444444444444,0.3076923076923077,False,True
Real Estate,2024-06-13,breadth_3m,0.2962962962962963,0.2962962962962963,False,False
Real Estate,2024-07-16,breadth_3m,0.48148148148148145,0.2962962962962963,False,False
Real Estate,2024-08-14,breadth_3m,0.8148148148148148,0.3076923076923077,False,False
Real Estate,2024-09-13,breadth_3m,0.9629629629629629,0.32,False,True
Real Estate,2024-10-14,breadth_3m,0.7407407407407407,0.32,False,True
Real Estate,2024-11-12,breadth_3m,0.25925925925925924,0.32,False,True
Real Estate,2024-12-12,breadth_3m,0.18518518518518517,0.32,False,True
Real Estate,2025-01-15,breadth_3m,0.1111111111111111,0.2962962962962963,False,False
Real Estate,2025-02-14,breadth_3m,0.2222222222222222,0.2962962962962963,True,False
Real Estate,2025-03-18,breadth_3m,0.7777777777777778,0.2962962962962963,False,False
Real Estate,2025-04-16,breadth_3m,0.7407407407407407,0.2962962962962963,False,True
Real Estate,2025-05-16,breadth_3m,0.6296296296296297,0.2962962962962963,False,True
Real Estate,2025-06-17,breadth_3m,0.037037037037037035,0.2962962962962963,False,True
Real Estate,2025-07-18,breadth_3m,0.07407407407407407,0.2962962962962963,False,True
Real Estate,2025-08-18,breadth_3m,0.1111111111111111,0.2962962962962963,False,False
Real Estate,2025-09-17,breadth_3m,0.14814814814814814,0.2962962962962963,True,True
Real Estate,2025-10-16,breadth_3m,0.25925925925925924,0.2962962962962963,False,True
Real Estate,2025-11-14,breadth_3m,0.2222222222222222,0.2962962962962963,False,True
Real Estate,2025-12-16,breadth_3m,0.14814814814814814,0.2962962962962963,False,False
Real Estate,2026-01-16,breadth_3m,0.4444444444444444,0.28,False,False
Real Estate,2026-02-18,breadth_3m,0.6666666666666666,0.2962962962962963,False,False
Real Estate,2026-03-19,breadth_3m,0.7037037037037037,0.2962962962962963,False,True
Real Estate,2026-04-20,breadth_3m,0.4444444444444444,0.2962962962962963,False,True
Real Estate,2026-05-19,breadth_3m,0.2222222222222222,0.2962962962962963,False,True
Real Estate,2026-06-18,breadth_3m,0.18518518518518517,0.2962962962962963,False,False
Real Estate,2026-07-21,breadth_3m,0.4074074074074074,0.2962962962962963,False,True
Real Estate,2026-08-19,breadth_3m,0.4444444444444444,0.2962962962962963,False,True
Technology,2017-12-20,breadth_3m,0.6142857142857143,0.6521739130434783,False,False
Technology,2018-01-23,breadth_3m,0.5,0.6231884057971014,True,False
Technology,2018-02-22,breadth_3m,0.5285714285714286,0.5428571428571428,True,False
Technology,2018-03-23,breadth_3m,0.7857142857142857,0.5714285714285714,False,True
Technology,2018-04-24,breadth_3m,0.6142857142857143,0.6105590062111802,False,False
Technology,2018-05-23,breadth_3m,0.6857142857142857,0.6231884057971014,False,False
Technology,2018-06-22,breadth_3m,0.5714285714285714,0.6142857142857143,True,False
Technology,2018-07-24,breadth_3m,0.5857142857142857,0.5857142857142857,True,True
Technology,2018-08-22,breadth_3m,0.5428571428571428,0.5714285714285714,False,True
Technology,2018-09-21,breadth_3m,0.5571428571428572,0.5714285714285714,False,False
Technology,2018-10-22,breadth_3m,0.44285714285714284,0.5571428571428572,True,True
Technology,2018-11-20,breadth_3m,0.2857142857142857,0.5428571428571428,False,False
Technology,2018-12-21,breadth_3m,0.2857142857142857,0.5285714285714286,True,False
Technology,2019-01-24,breadth_3m,0.6571428571428571,0.5285714285714286,False,False
Technology,2019-02-25,breadth_3m,0.8285714285714286,0.5285714285714286,False,False
Technology,2019-03-26,breadth_3m,0.8428571428571429,0.5428571428571428,False,False
Technology,2019-04-25,breadth_3m,0.8285714285714286,0.5428571428571428,False,True
Technology,2019-05-24,breadth_3m,0.4,0.5428571428571428,False,False
Technology,2019-06-25,breadth_3m,0.5,0.5285714285714286,True,False
Technology,2019-07-25,breadth_3m,0.5714285714285714,0.5285714285714286,False,True
Technology,2019-08-23,breadth_3m,0.6619718309859155,0.5285714285714286,False,True
Technology,2019-09-24,breadth_3m,0.5833333333333334,0.5285714285714286,False,True
Technology,2019-10-23,breadth_3m,0.3888888888888889,0.5233437663015127,False,False
Technology,2019-11-21,breadth_3m,0.4722222222222222,0.5142857142857142,True,False
Technology,2019-12-23,breadth_3m,0.5753424657534246,0.5142857142857142,False,False
Technology,2020-01-24,breadth_3m,0.7397260273972602,0.5142857142857142,False,True
Technology,2020-02-25,breadth_3m,0.6164383561643836,0.5163731245923026,False,False
Technology,2020-03-25,breadth_3m,0.5753424657534246,0.5163731245923026,False,True
Technology,2020-04-24,breadth_3m,0.4794520547945205,0.5142857142857142,False,False
Technology,2020-05-26,breadth_3m,0.6164383561643836,0.5142857142857142,False,False
Technology,2020-06-24,breadth_3m,0.6301369863013698,0.5205479452054794,False,True
Technology,2020-07-24,breadth_3m,0.6438356164383562,0.5277777777777778,False,False
Technology,2020-08-24,breadth_3m,0.5205479452054794,0.5277777777777778,True,True
Technology,2020-09-23,breadth_3m,0.4383561643835616,0.5205479452054794,False,False
Technology,2020-10-22,breadth_3m,0.5753424657534246,0.5142857142857142,False,True
Technology,2020-11-20,breadth_3m,0.6986301369863014,0.5142857142857142,False,False
Technology,2020-12-22,breadth_3m,0.7534246575342466,0.5205479452054794,False,True
Technology,2021-01-25,breadth_3m,0.6486486486486487,0.5205479452054794,False,True
Technology,2021-02-24,breadth_3m,0.6621621621621622,0.5277777777777778,False,True
Technology,2021-03-25,breadth_3m,0.40540540540540543,0.520740883658113,False,False
Technology,2021-04-26,breadth_3m,0.5135135135135135,0.5163731245923026,True,True
Technology,2021-05-25,breadth_3m,0.35135135135135137,0.5142857142857142,False,False
Technology,2021-06-24,breadth_3m,0.527027027027027,0.5138888888888888,False,False
Technology,2021-07-26,breadth_3m,0.39473684210526316,0.5068493150684932,True,False
Technology,2021-08-24,breadth_3m,0.5769230769230769,0.5069136278860377,False,False
Technology,2021-09-23,breadth_3m,0.5662650602409639,0.5138888888888888,False,True
Technology,2021-10-22,breadth_3m,0.6024096385542169,0.5142857142857142,False,False
Technology,2021-11-22,breadth_3m,0.5714285714285714,0.5142857142857142,False,False
Technology,2021-12-22,breadth_3m,0.5119047619047619,0.5140211640211639,True,True
Technology,2022-01-24,breadth_3m,0.44047619047619047,0.5136386386386386,False,True
Technology,2022-02-23,breadth_3m,0.35714285714285715,0.5068493150684932,False,False
Technology,2022-03-24,breadth_3m,0.2976190476190476,0.5,True,True
Technology,2022-04-25,breadth_3m,0.2976190476190476,0.5,False,True
Technology,2022-05-24,breadth_3m,0.40476190476190477,0.5,False,False
Technology,2022-06-24,breadth_3m,0.39285714285714285,0.4931506849315068,True,False
Technology,2022-07-26,breadth_3m,0.5,0.48648648648648657,False,False
Technology,2022-08-24,breadth_3m,0.5595238095238095,0.4880952380952381,False,True
Technology,2022-09-23,breadth_3m,0.44047619047619047,0.48648648648648657,False,True
Technology,2022-10-24,breadth_3m,0.36904761904761907,0.48648648648648657,False,False
Technology,2022-11-22,breadth_3m,0.4880952380952381,0.4857142857142857,False,True
Technology,2022-12-22,breadth_3m,0.4523809523809524,0.4857142857142857,False,False
Technology,2023-01-25,breadth_3m,0.6666666666666666,0.4857142857142857,False,False
Technology,2023-02-24,breadth_3m,0.6904761904761905,0.4858465608465608,False,False
Technology,2023-03-27,breadth_3m,0.7142857142857143,0.48648648648648657,False,True
Technology,2023-04-26,breadth_3m,0.36904761904761907,0.48648648648648657,False,False
Technology,2023-05-25,breadth_3m,0.5238095238095238,0.4857142857142857,False,False
Technology,2023-06-27,breadth_3m,0.5476190476190477,0.4858465608465608,False,True
Technology,2023-07-27,breadth_3m,0.7261904761904762,0.48623623623623624,False,True
Technology,2023-08-25,breadth_3m,0.6190476190476191,0.48648648648648657,False,True
Technology,2023-09-26,breadth_3m,0.5119047619047619,0.48648648648648657,False,False
Technology,2023-10-25,breadth_3m,0.47619047619047616,0.4880952380952381,True,False
Technology,2023-11-24,breadth_3m,0.5952380952380952,0.4880952380952381,False,True
Technology,2023-12-26,breadth_3m,0.7619047619047619,0.4880952380952381,False,False
Technology,2024-01-26,breadth_3m,0.7619047619047619,0.4880952380952381,False,True
Technology,2024-02-27,breadth_3m,0.6309523809523809,0.4934257578258238,False,True
Technology,2024-03-27,breadth_3m,0.47619047619047616,0.4934257578258238,False,True
Technology,2024-04-26,breadth_3m,0.4880952380952381,0.4931506849315068,False,False
Technology,2024-05-28,breadth_3m,0.4880952380952381,0.4880952380952381,True,False
Technology,2024-06-27,breadth_3m,0.4642857142857143,0.4880952380952381,True,True
Technology,2024-07-29,breadth_3m,0.5238095238095238,0.4880952380952381,False,False
Technology,2024-08-27,breadth_3m,0.5,0.4880952380952381,False,False
Technology,2024-09-26,breadth_3m,0.5714285714285714,0.4880952380952381,False,False
Technology,2024-10-25,breadth_3m,0.5357142857142857,0.4880952380952381,False,True
Technology,2024-11-25,breadth_3m,0.5952380952380952,0.4880952380952381,False,False
Technology,2024-12-26,breadth_3m,0.47619047619047616,0.4880952380952381,True,True
Technology,2025-01-29,breadth_3m,0.47619047619047616,0.4880952380952381,False,True
Technology,2025-02-28,breadth_3m,0.34523809523809523,0.4880952380952381,False,True
Technology,2025-03-31,breadth_3m,0.36904761904761907,0.4880952380952381,False,False
Technology,2025-04-30,breadth_3m,0.32142857142857145,0.48648648648648657,True,False
Technology,2025-05-30,breadth_3m,0.5411764705882353,0.48648648648648657,False,False
Technology,2025-07-01,breadth_3m,0.7058823529411765,0.48648648648648657,False,False
Technology,2025-07-31,breadth_3m,0.6,0.4880952380952381,False,True
Technology,2025-08-29,breadth_3m,0.5882352941176471,0.4880952380952381,False,False
Technology,2025-09-30,breadth_3m,0.43529411764705883,0.4880952380952381,True,False
Technology,2025-10-29,breadth_3m,0.47058823529411764,0.48648648648648657,True,True
Technology,2025-11-28,breadth_3m,0.4235294117647059,0.4861111111111111,False,False
Technology,2025-12-30,breadth_3m,0.4117647058823529,0.4857142857142857,True,True
Technology,2026-01-30,breadth_3m,0.3953488372093023,0.4857142857142857,False,True
Technology,2026-03-03,breadth_3m,0.4186046511627907,0.4823529411764706,False,False
Technology,2026-04-01,breadth_3m,0.4069767441860465,0.4761904761904761,True,False
Technology,2026-05-01,breadth_3m,0.5581395348837209,0.4761904761904761,False,False
Technology,2026-06-02,breadth_3m,0.6627906976744186,0.4761904761904761,False,True
Technology,2026-07-02,breadth_3m,0.5581395348837209,0.4794520547945205,False,True
Technology,2026-08-03,breadth_3m,0.45348837209302323,0.47674418604651164,False,False
Utilities,2019-04-04,breadth_3m,0.037037037037037035,0.5925925925925926,False,True
Utilities,2019-05-06,breadth_3m,0.25925925925925924,0.32098765432098764,False,False
Utilities,2019-06-05,breadth_3m,0.7407407407407407,0.3333333333333333,False,True
Utilities,2019-07-05,breadth_3m,0.6666666666666666,0.4074074074074074,False,False
Utilities,2019-08-05,breadth_3m,0.7777777777777778,0.5185185185185185,False,False
Utilities,2019-09-04,breadth_3m,0.5925925925925926,0.54320987654321,False,False
Utilities,2019-10-03,breadth_3m,0.9259259259259259,0.5555555555555556,False,True
Utilities,2019-11-01,breadth_3m,0.4074074074074074,0.5925925925925926,False,True
Utilities,2019-12-03,breadth_3m,0.1111111111111111,0.5185185185185185,False,True
Utilities,2020-01-03,breadth_3m,0.07407407407407407,0.4074074074074074,False,False
Utilities,2020-02-04,breadth_3m,0.4444444444444444,0.3333333333333333,False,False
Utilities,2020-03-05,breadth_3m,0.7037037037037037,0.3703703703703704,False,True
Utilities,2020-04-03,breadth_3m,0.6296296296296297,0.48148148148148145,False,True
Utilities,2020-05-05,breadth_3m,0.25925925925925924,0.48148148148148145,False,True
Utilities,2020-06-04,breadth_3m,0.037037037037037035,0.35802469135802467,False,True
Utilities,2020-07-06,breadth_3m,0.037037037037037035,0.2962962962962963,False,False
Utilities,2020-08-04,breadth_3m,0.14814814814814814,0.25925925925925924,True,True
Utilities,2020-09-02,breadth_3m,0.037037037037037035,0.24691358024691357,False,False
Utilities,2020-10-02,breadth_3m,0.5555555555555556,0.2222222222222222,False,False
Utilities,2020-11-02,breadth_3m,0.8148148148148148,0.25925925925925924,False,True
Utilities,2020-12-02,breadth_3m,0.5555555555555556,0.25925925925925924,False,True
Utilities,2021-01-04,breadth_3m,0.14814814814814814,0.25925925925925924,False,True
Utilities,2021-02-03,breadth_3m,0.14814814814814814,0.2222222222222222,False,True
Utilities,2021-03-05,breadth_3m,0.1111111111111111,0.2222222222222222,False,False
Utilities,2021-04-06,breadth_3m,0.14814814814814814,0.2222222222222222,True,True
Utilities,2021-05-05,breadth_3m,0.5185185185185185,0.2222222222222222,False,True
Utilities,2021-06-04,breadth_3m,0.5555555555555556,0.2222222222222222,False,True
Utilities,2021-07-06,breadth_3m,0.1111111111111111,0.2222222222222222,False,False
Utilities,2021-08-04,breadth_3m,0.2962962962962963,0.2222222222222222,False,False
Utilities,2021-09-02,breadth_3m,0.2222222222222222,0.2222222222222222,True,True
Utilities,2021-10-04,breadth_3m,0.5517241379310345,0.2222222222222222,False,True
Utilities,2021-11-02,breadth_3m,0.1724137931034483,0.2222222222222222,False,False
Utilities,2021-12-02,breadth_3m,0.20689655172413793,0.1851851851851852,False,False
Utilities,2022-01-03,breadth_3m,0.27586206896551724,0.199659429544487,False,False
Utilities,2022-02-02,breadth_3m,0.8620689655172413,0.20689655172413793,False,False
Utilities,2022-03-04,breadth_3m,0.896551724137931,0.2222222222222222,False,False
Utilities,2022-04-04,breadth_3m,0.896551724137931,0.2222222222222222,False,False
Utilities,2022-05-04,breadth_3m,1.0,0.2222222222222222,False,False
Utilities,2022-06-03,breadth_3m,1.0,0.2222222222222222,False,False
Utilities,2022-07-06,breadth_3m,0.9,0.2222222222222222,False,True
Utilities,2022-08-04,breadth_3m,0.9,0.2222222222222222,False,False
Utilities,2022-09-02,breadth_3m,0.8333333333333334,0.2222222222222222,False,True
Utilities,2022-10-04,breadth_3m,0.36666666666666664,0.23869731800766283,False,True
Utilities,2022-11-02,breadth_3m,0.3333333333333333,0.2222222222222222,False,True
Utilities,2022-12-02,breadth_3m,0.2,0.2333333333333333,False,False
Utilities,2023-01-04,breadth_3m,0.7666666666666667,0.2333333333333333,False,True
Utilities,2023-02-03,breadth_3m,0.2,0.2333333333333333,False,True
Utilities,2023-03-07,breadth_3m,0.16666666666666666,0.2333333333333333,False,False
Utilities,2023-04-05,breadth_3m,0.1,0.2222222222222222,True,True
Utilities,2023-05-05,breadth_3m,0.7,0.2222222222222222,False,True
Utilities,2023-06-06,breadth_3m,0.06666666666666667,0.2222222222222222,False,True
Utilities,2023-07-07,breadth_3m,0.1,0.2222222222222222,False,True
Utilities,2023-08-07,breadth_3m,0.1,0.21711366538952745,False,True
Utilities,2023-09-06,breadth_3m,0.1,0.20000000000000004,False,True
Utilities,2023-10-05,breadth_3m,0.1,0.20000000000000004,False,False
Utilities,2023-11-03,breadth_3m,0.6666666666666666,0.20000000000000004,False,True
Utilities,2023-12-05,breadth_3m,0.6666666666666666,0.20000000000000004,False,False
Utilities,2024-01-05,breadth_3m,0.7333333333333333,0.20000000000000004,False,True
Utilities,2024-02-06,breadth_3m,0.06666666666666667,0.20000000000000004,False,False
Utilities,2024-03-07,breadth_3m,0.1,0.1851851851851852,True,False
Utilities,2024-04-08,breadth_3m,0.1,0.1851851851851852,True,False
Utilities,2024-05-07,breadth_3m,0.9666666666666667,0.1851851851851852,False,True
Utilities,2024-06-06,breadth_3m,0.7333333333333333,0.1851851851851852,False,True
Utilities,2024-07-09,breadth_3m,0.2903225806451613,0.1851851851851852,False,False
Utilities,2024-08-07,breadth_3m,0.8064516129032258,0.1851851851851852,False,True
Utilities,2024-09-06,breadth_3m,0.8387096774193549,0.20000000000000004,False,True
Utilities,2024-10-07,breadth_3m,0.967741935483871,0.20000000000000004,False,True
Utilities,2024-11-05,breadth_3m,0.2903225806451613,0.20000000000000004,False,True
Utilities,2024-12-05,breadth_3m,0.2903225806451613,0.20000000000000004,False,True
Utilities,2025-01-07,breadth_3m,0.22580645161290322,0.20000000000000004,False,False
Utilities,2025-02-07,breadth_3m,0.3548387096774194,0.20689655172413793,False,False
Utilities,2025-03-11,breadth_3m,0.7096774193548387,0.2222222222222222,False,True
Utilities,2025-04-09,breadth_3m,0.7741935483870968,0.2222222222222222,False,False
Utilities,2025-05-09,breadth_3m,0.9032258064516129,0.2222222222222222,False,True
Utilities,2025-06-10,breadth_3m,0.1935483870967742,0.2222222222222222,False,True
Utilities,2025-07-11,breadth_3m,0.1935483870967742,0.2222222222222222,False,False
Utilities,2025-08-11,breadth_3m,0.16129032258064516,0.20689655172413793,True,True
Utilities,2025-09-10,breadth_3m,0.25806451612903225,0.20689655172413793,False,False
Utilities,2025-10-09,breadth_3m,0.6129032258064516,0.20689655172413793,False,True
Utilities,2025-11-07,breadth_3m,0.3870967741935484,0.21711366538952745,False,True
Utilities,2025-12-09,breadth_3m,0.25806451612903225,0.2222222222222222,False,True
Utilities,2026-01-09,breadth_3m,0.03225806451612903,0.2222222222222222,False,False
Utilities,2026-02-10,breadth_3m,0.3548387096774194,0.2222222222222222,False,False
Utilities,2026-03-12,breadth_3m,0.9032258064516129,0.2222222222222222,False,True
Utilities,2026-04-13,breadth_3m,0.9354838709677419,0.2222222222222222,False,True
Utilities,2026-05-12,breadth_3m,0.1935483870967742,0.2222222222222222,False,True
Utilities,2026-06-11,breadth_3m,0.0,0.2222222222222222,False,False
Utilities,2026-07-14,breadth_3m,0.06451612903225806,0.20689655172413793,True,True
Utilities,2026-08-12,breadth_3m,0.12903225806451613,0.20000000000000004,False,True
