date,net,cor_z,vix_z,vrp_z,cor,vix,vrp
2007-01-04,0.221045,-0.9711636879297822,-0.5762637809909074,,21.5,11.51,0.0567
2007-01-05,0.222089,-0.5146532007882519,-0.29637432531586194,,24.53,12.14,0.06059
2007-01-08,0.221866,-0.9197165820991989,-0.360364584327035,,21.83,12.0,0.0588
2007-01-09,0.221708,-0.7905815060997753,-0.40197737301915093,,22.68,11.91,0.05958
2007-01-10,0.220957,-1.1035612884981019,-0.6005332661164838,,20.59,11.47,0.05513
2007-01-11,0.219931,-1.354848855930369,-0.8695131026963161,,18.9,10.87,0.04579
2007-01-12,0.218626,-1.7614345871471342,-1.1913074058192303,,16.16,10.15,0.03699
2007-01-16,0.219737,-1.7370379996238334,-0.9249263078044853,,16.26,10.74,0.04291
2007-01-17,0.219454,-1.6985953049768938,-0.9903878119599742,,16.46,10.59,0.04823
2007-01-18,0.219908,-1.6406229271453945,-0.8724686177449456,,16.79,10.85,0.04994
2007-01-19,0.219099,-1.5451394763926463,-1.0698116668606426,,17.37,10.4,0.04583
2007-01-22,0.219744,-1.2414250780783853,-0.8999649076306424,,19.38,10.77,0.04691
2007-01-23,0.218972,-1.3265094672049658,-1.0873153726093545,,18.78,10.34,0.04157
2007-01-24,0.218178,-1.5150583565649358,-1.2780420550259775,,17.42,9.89,0.03245
2007-01-25,0.220562,-0.7529078325473438,-0.6799578608624076,,22.58,11.22,0.03625
2007-01-26,0.220392,-0.6809749649151916,-0.7154869733980949,,23.06,11.13,0.0365
2007-01-29,0.220952,-0.4731668264229913,-0.5706073927933053,,24.48,11.45,0.04386
2007-01-30,0.220121,-0.6528701571846703,-0.7845204395219963,,23.24,10.96,0.0362
2007-01-31,-0.53375,-0.9333571473084278,-1.0197338961887839,,21.3,10.42,0.02966
2007-02-01,-1.016005,-0.7601980803828233,-1.0625884861351027,,22.47,10.31,0.02723
2007-02-02,-1.016158,-0.9448806030786865,-1.1564939496529059,-0.5486327476533684,21.18,10.08,0.0249
2007-02-05,-1.015834,-0.8292930680359282,-0.9440142684386037,-0.03829670739008917,21.95,10.55,0.03373
2007-02-06,-1.015762,-0.7692538841579133,-0.8941555865741532,0.022132292125399255,22.33,10.65,0.03478
2007-02-07,-1.015976,-0.7537313168884009,-1.0326229259528052,-0.15333707560803586,22.41,10.32,0.03176
2007-02-08,-1.015902,-0.6667753805673363,-0.9736078067185571,-0.11065079163343818,23.0,10.44,0.03248
2007-02-09,-0.171218,-0.18146772460742558,-0.680008785334604,0.10873074602769173,26.35,11.1,0.03626
2007-02-12,-1.015258,0.06263470948159147,-0.4551058645040827,0.43971830958111907,28.05,11.61,0.04204
2007-02-13,-1.015993,-0.7510388588373907,-1.003283582242826,-0.54894755110077,22.4,10.34,0.02495
2007-02-14,-1.01601,-0.6355482769163322,-1.044590493120791,-0.8207744836113038,23.18,10.23,0.02022
2007-02-15,-1.016009,-0.5247084355374172,-1.0415154943702762,-0.7537241362811081,23.93,10.22,0.02131
2007-02-16,-1.016162,-0.6054377651567221,-1.1221089863892681,-0.8695461725641972,23.36,10.02,0.01934
2007-02-20,-1.015979,-0.3291971351331508,-1.0208241858438833,-0.5727204596636563,25.28,10.24,0.02451
2007-02-21,0.218872,-0.07700698465340297,-1.034266113651796,-0.6064144557886041,27.05,10.2,0.02404
2007-02-22,0.218827,-0.0481815206949873,-1.0377111414260776,-0.34412052636639884,27.26,10.18,0.02851
2007-02-23,0.219547,0.13807002455046585,-0.8606551998099322,0.5803367562241586,28.56,10.58,0.04444
2007-02-26,0.220569,0.3622619467421504,-0.6138695607648422,0.9054377160611441,30.13,11.15,0.05012
2007-02-27,0.231479,4.026712250864059,2.44442900178197,0.5000655692176732,55.64,18.31,0.04321
2007-02-28,0.227289,2.555244075988014,1.1856706422691796,-1.16627840755058,46.08,15.42,0.01443
2007-03-01,0.227874,2.4543674992675792,1.3448954257518908,-0.7847975923641387,45.66,15.82,0.02092
2007-03-02,0.231865,3.837751808751682,2.505233336516086,0.7002637122345069,56.1,18.61,0.04667
2007-03-05,0.233259,3.800323851896726,2.887192856302512,1.1937741879243555,56.74,19.63,0.05534
2007-03-06,0.228053,1.9037375463661639,1.330772881297948,-1.6811888844498002,42.93,15.96,0.00548
2007-03-07,0.226957,1.7228237266362358,1.0269956358400885,-2.0629058538099527,41.68,15.24,-0.00146
2007-03-08,0.225539,1.1051766446775582,0.6351271347568815,-2.735288545958933,36.94,14.29,-0.01377
2007-03-09,0.225231,1.121367942832023,0.5508615264697195,-2.808161394006756,37.11,14.09,-0.01598
2007-03-12,0.22509,0.5167697605428301,0.5071685402881375,-2.771415659825518,32.38,13.99,-0.0163
2007-03-13,0.231149,2.088435270915561,2.1825776188805683,-1.2265761256033318,44.81,18.13,0.01122
2007-03-14,0.229945,1.2124771571293045,1.8075096047232513,-1.6505274410888666,38.03,17.27,0.00322
2007-03-15,0.228736,1.0183669759240002,1.4523427482453217,-1.9656025936590178,36.55,16.43,-0.00289
2007-03-16,0.229245,1.4080410043573166,1.5826284262269308,-1.7388630624221815,39.73,16.79,0.00106
2007-03-19,0.226005,1.1845427720226995,0.6950985911204061,-3.2229076745969594,38.03,14.59,-0.02715
2007-03-20,0.223963,0.49919443382464457,0.16750594550143272,-3.917385370465775,32.58,13.27,-0.04195
2007-03-21,0.222296,0.09788030403436392,-0.26223070128413284,-4.918561233429908,29.37,12.19,-0.06428
2007-03-22,0.223519,0.3975937742605905,0.0303697533345409,-4.322540834195459,31.78,12.93,-0.05689
2007-03-23,0.223558,0.49612546526935014,0.03625330400643343,-4.136723614857699,32.58,12.95,-0.0565
2007-03-26,0.223905,0.47614614294267804,0.11688400684081192,-3.895748747867543,32.44,13.16,-0.05445
2007-03-27,0.224379,0.6482079180119231,0.24095571318210796,-1.5346681083316034,33.85,13.48,-0.0035
2007-03-28,0.226665,1.3765687168908005,0.8338040580824079,-0.9702405825044309,39.76,14.98,0.00913
2007-03-29,0.226929,1.5584803653266035,0.8912039079723496,-0.8956454294158519,41.32,15.14,0.01071
2007-03-30,0.22616,1.1525928307185216,0.6862815337070398,-0.8083598512535908,38.13,14.64,0.01257
2007-04-02,0.226006,0.8655710676226979,0.6370010159466662,-0.603069769653209,35.86,14.53,0.01719
2007-04-03,0.224386,0.013038220235800336,0.20757308164760938,-0.7768700763541097,28.93,13.46,0.01309
2007-04-04,0.224041,-0.08352532354487141,0.11708509448362933,-0.8308342996748799,28.14,13.24,0.01173
2007-04-05,0.224045,-0.20212404992379318,0.11054511795712144,-0.7643894008425104,27.18,13.23,0.01313
2007-04-09,0.223904,-0.27344904065376546,0.07156158570859085,-0.7988389937909856,26.61,13.14,0.01222
2007-04-10,0.223172,-0.4070190808361926,-0.1146911844930505,-0.9925624722965385,25.53,12.68,0.00763
2007-04-11,0.224439,-0.1395582821156726,0.20601657245514748,0.46675283063620293,27.72,13.49,0.04122
2007-04-12,0.223219,-0.3642604554251899,-0.10671634710148402,0.14192864878598968,25.89,12.71,0.0337
2007-04-13,0.222397,-0.7357468928712069,-0.3108104695158446,-0.07544242772702889,22.86,12.2,0.02864
2007-04-16,0.222099,-0.9190444259914979,-0.39714740313449715,-0.24539830480049266,21.33,11.98,0.02462
2007-04-17,0.222382,-0.9350207514754524,-0.3320617701888682,0.025441870203180818,21.16,12.14,0.03075
2007-04-18,0.222852,-0.5902566481658889,-0.22012310009139316,0.19242173081310165,23.95,12.42,0.03452
2007-04-19,0.223042,-0.36349095235851214,-0.17206621545824627,1.008549535772121,25.8,12.54,0.05318
2007-04-20,0.222323,-0.35590717220029355,-0.3613197953799486,0.5880597771556867,25.88,12.07,0.04369
2007-04-23,0.223898,0.20616655174727572,0.024118437163487074,0.9519898603390552,30.5,13.04,0.05216
2007-04-24,0.224024,0.34905591637263716,0.05383810089420119,0.9693453795419805,31.7,13.12,0.0527
2007-04-25,0.22423,0.6010803996183066,0.08738206632109913,0.9945363974221642,33.79,13.21,0.05343
2007-04-26,0.223551,0.14976917365857387,-0.08266799547713008,1.1681892843463892,30.15,12.79,0.0576
2007-04-27,0.222996,0.12218942600125378,-0.2202419963627704,0.9906954027534483,29.95,12.45,0.05369
2007-04-30,0.225758,1.195352581383637,0.4862553197413666,1.4157408485752248,38.71,14.22,0.06371
2007-05-01,0.224668,0.7080670705768772,0.19860176244230246,1.0997163184204914,34.81,13.51,0.05661
2007-05-02,0.224024,0.47381524606165404,0.02365274746392482,1.0210223592842478,32.94,13.08,0.05494
2007-05-03,0.224067,0.5542341384898599,0.026797811941209494,1.0056598408747635,33.62,13.09,0.0547
2007-05-04,0.223792,0.40916979129268755,-0.04697559902740034,0.9257933760074241,32.47,12.91,0.05297
2007-05-07,0.224191,0.3669998740206724,0.047626965938972976,1.0306687120837157,32.15,13.15,0.05555
2007-05-08,0.224279,0.5047240257378725,0.0696278459571537,1.0132644704712492,33.3,13.21,0.05529
2007-05-09,0.223772,0.49702101480538496,-0.06510766611321463,1.1470903518610895,33.27,12.88,0.05862
2007-05-10,0.22483,0.7483355951469711,0.2221156418761114,0.6422161856760444,35.35,13.6,0.04685
2007-05-11,0.223857,0.5553252107733009,-0.041038947596857875,0.19003211522090213,33.81,12.95,0.03621
2007-05-14,0.225436,1.042916081451055,0.3622968236208726,0.8347903579332481,37.83,13.96,0.05147
2007-05-15,0.225506,1.0724237337195466,0.3799579273993758,0.8368702988823525,38.13,14.01,0.05163
2007-05-16,0.224762,0.9309890580913504,0.17568125347698813,0.458912557270662,37.0,13.5,0.04273
2007-05-17,0.224772,0.7497758397280377,0.1798084315013944,0.4653219774750683,35.54,13.51,0.04293
2007-05-18,0.22362,0.29302150509082253,-0.12134304449784325,0.2515405832920474,31.8,12.76,0.03782
2007-05-21,0.22449,0.6481399347164972,0.10119936432240632,0.525411669537729,34.66,13.3,0.04417
2007-05-22,0.224106,0.5699280371860757,0.010546448393839508,0.42657477160007934,33.96,13.06,0.04169
2007-05-23,0.224384,0.8350266161276643,0.09048227090454032,0.7404525729711628,36.1,13.24,0.04889
2007-05-24,0.225638,1.423410474028722,0.44266256589922093,0.7801296985652084,40.86,14.08,0.04961
2007-05-25,0.224517,1.1167410520544865,0.1475218596808727,0.4025972030820456,38.29,13.34,0.04063
2007-05-29,0.224824,0.9978137444897867,0.2341997038251281,0.728360094484556,37.33,13.53,0.04794
2007-05-30,0.223763,0.6482209812848023,-0.053985583609328446,0.29296897922707116,34.52,12.83,0.03795
2007-05-31,0.224116,0.6478215113405159,0.04015669401745268,0.4649998992384412,34.53,13.05,0.04194
2007-06-01,0.13298,0.6122527056074942,-0.06395015536040016,0.3628491626488031,34.14,12.78,0.03948
2007-06-04,0.224528,0.4422949462518468,0.15813800089268487,0.5868432875880151,32.76,13.29,0.04462
2007-06-05,0.225029,0.5326517157147759,0.3046131450696372,0.6178410695192562,33.49,13.63,0.04545
2007-06-06,0.226875,1.3427166473364187,0.8323602169754613,0.9020658355295534,39.99,14.87,0.05208
2007-06-07,0.229996,2.3439153312567442,1.77154156192533,1.0820883443167408,47.98,17.06,0.05634
2007-06-08,0.226795,1.2183632735052259,0.8268188899486686,0.26754766807497954,39.04,14.84,0.03778
2007-06-11,0.226605,1.0941348344469886,0.7821316632531334,0.4280758792804304,37.99,14.71,0.04146
2007-06-12,0.229442,2.0085433590802046,1.6464659560655701,1.0045429384653946,45.19,16.67,0.05469
2007-06-13,0.226658,1.2330633335550358,0.8112744810408624,-0.3602646774069489,39.01,14.73,0.02338
2007-06-14,0.225015,0.5937737090275762,0.35524898656157916,-0.7235808444667998,33.8,13.64,0.01493
2007-06-15,0.225517,0.8720794852122115,0.5332031988186322,-0.666351023655914,35.7,13.94,0.01616
2007-06-18,0.224702,0.8695032947775232,0.3133937773695265,-0.8133492695990258,35.6,13.42,0.01274
2007-06-19,0.223808,0.384633295824763,0.04169034056784527,-1.0721681865843842,31.95,12.85,0.00702
2007-06-20,0.226557,1.6566887358335056,0.9465363199715271,-0.6687700720785542,41.59,14.67,0.01593
2007-06-21,0.225892,1.23470813536979,0.7341548408910442,-0.9564178582944194,38.34,14.21,0.00945
2007-06-22,0.228132,1.8338681552257292,1.5153681299607014,-0.41942148580769284,42.83,15.75,0.02143
2007-06-25,0.229428,2.0991110516393636,1.9644025722500718,0.03258938394256765,44.92,16.65,0.03163
2007-06-26,0.23256,3.723989852982441,3.075797793931758,1.0334401498839063,57.42,18.89,0.05398
2007-06-27,0.22782,1.4317991068027274,1.373681866901826,-0.5274187266812626,40.26,15.53,0.0195
2007-06-28,-0.141407,1.4761820579991032,1.3791208719541028,-0.5246213928841997,40.64,15.54,0.01965
2007-06-29,0.228837,1.6675802159920718,1.7252985909046252,-0.16788713547313905,42.13,16.23,0.02755
2007-07-02,-0.855654,1.1738246704158632,1.3126756136612772,-0.803775635220135,38.32,15.4,0.01353
2007-07-03,-0.718533,0.5782538404816525,1.0677084643411257,-1.022856828407424,33.71,14.92,0.00911
2007-07-05,-0.38605,0.6719495985186796,1.3364497892478917,-0.6137654577133552,34.47,15.48,0.01834
2007-07-06,-1.013565,0.2136588900535272,0.9556279734110639,-0.20816727815974156,30.9,14.72,0.02728
2007-07-09,-0.877723,0.394873711588471,1.168528945973824,0.2560763646058926,32.33,15.16,0.03733
2007-07-10,0.230785,1.3366294289582887,2.337030539521014,0.8525462119620013,39.75,17.57,0.05009
2007-07-11,0.229481,0.6305209004577231,1.858234823835385,0.6413147378237671,34.25,16.64,0.04578
2007-07-12,-1.013272,0.17941756268038445,1.3146131536387136,-0.18810587407521995,30.71,15.54,0.02857
2007-07-13,-1.013363,0.030026177830161576,1.1193222530042695,-0.3602342839421151,29.55,15.15,0.02517
2007-07-16,-1.013253,-0.006271801760766519,1.3267047943117747,-0.08949051890405757,29.26,15.59,0.03087
2007-07-17,-1.013243,-0.029417081317086233,1.360507791448758,-0.06360377474597584,29.03,15.63,0.03141
2007-07-18,-1.013159,0.10561290629451249,1.557126526264062,0.10713361925818353,30.05,16.0,0.03485
2007-07-19,-1.013339,-0.29736854649595834,1.202033149924605,0.24546185779820243,26.86,15.23,0.0376
2007-07-20,-1.012974,0.6266513163655206,2.0696851089181614,0.712043230289666,34.01,16.95,0.04711
2007-07-23,-1.012982,0.574422744817528,1.988198819456815,1.0933591984207962,33.61,16.81,0.05506
2007-07-24,-0.398212,1.3337306738685404,2.8386296780650118,0.8942032072192414,39.51,18.55,0.05114
2007-07-25,-0.095176,1.3629947578952248,2.6001681776682664,0.6686545268727337,39.67,18.1,0.04659
2007-07-26,0.234793,2.0482019948847907,3.8428613304884025,0.9344478551878829,45.05,20.74,0.05216
2007-07-27,0.23895,3.705469680480574,5.34688707953132,2.1783848328900164,58.17,24.17,0.07768
2007-07-30,0.234946,1.7508074225940622,3.5821665763389063,0.3005598246746083,43.33,20.87,0.03969
2007-07-31,0.238156,2.7653473704499234,4.647556191048707,1.6401983833245475,51.61,23.52,0.06712
2007-08-01,0.238344,2.240722694817464,4.511760453502419,1.59945576719267,47.71,23.67,0.06659
2007-08-02,0.235369,1.3136495855909551,3.3418664334046175,0.32766059390335994,40.27,21.22,0.04085
2007-08-03,0.240147,2.434636209945819,4.825673540641953,1.2932587785433227,49.6,25.16,0.0607
2007-08-06,0.237456,1.489392804643055,3.7619949941163116,-0.8577956180461266,41.98,22.94,0.01685
2007-08-07,0.235784,1.716757302065697,3.140991250449135,-1.387822741219124,43.97,21.56,0.00603
2007-08-08,0.235662,1.9735795350697785,3.032506252655433,-1.694782279991763,46.26,21.45,-0.00035
2007-08-09,0.241774,3.0970891264599256,4.765957229020517,0.2576336667656176,55.97,26.48,0.03962
2007-08-10,0.244015,3.7080345341639642,5.176635039397169,1.1747108198794944,61.8,28.3,0.05858
2007-08-13,0.241885,2.5138565174404413,4.347086288597738,0.3200972437955913,52.11,26.57,0.04112
2007-08-14,0.243238,2.944323699681405,4.52772607840158,0.5845235956782865,56.32,27.68,0.04662
2007-08-15,0.246933,3.7267760883427044,5.2420383532644745,1.9143025980333888,63.99,30.67,0.07418
2007-08-16,0.247134,2.998133719461003,5.006481976349599,1.996380646633912,58.19,30.83,0.07635
2007-08-17,0.246104,4.134403118401407,4.526876807544223,0.6721183510497579,69.63,29.99,0.04912
2007-08-20,0.241587,3.656372173286858,3.3734080340620745,-1.0183197145561758,66.39,26.33,0.01391
2007-08-21,0.240264,3.7306432922441664,3.0083460040431427,-1.1824932588743025,68.22,25.25,0.01044
2007-08-22,0.237393,3.105026549231515,2.3464876605221514,-2.4799295923502878,62.9,22.89,-0.01682
2007-08-23,0.237064,2.9931989056009067,2.243742097580631,-1.946119182328083,62.46,22.62,-0.00634
2007-08-24,0.234767,2.257423712358408,1.740820389916008,-2.6484648926253818,55.24,20.72,-0.02183
2007-08-27,0.237188,2.9360642811172877,2.2159571677126744,-1.6492426797066784,62.95,22.72,-0.00121
2007-08-28,0.241544,3.729865743844005,3.0598977003274834,-0.4725057789872408,72.38,26.3,0.02405
2007-08-29,0.238514,3.241491377698918,2.3947194201731987,-2.1226205047207234,68.13,23.81,-0.01194
2007-08-30,0.240037,3.2746509583768835,2.6545640296609765,-1.5177516028240303,69.42,25.06,0.00071
2007-08-31,0.237995,3.1619847401009484,2.213766004475423,-1.5129513459661992,69.04,23.38,0.00051
2007-09-04,0.237273,2.4416338474461,2.0438398178120036,-1.228119496333686,61.26,22.78,0.00649
2007-09-05,0.239457,2.7186642887818997,2.4326383647995993,-0.5400455298516287,65.1,24.58,0.02148
2007-09-06,0.23874,2.541223879456704,2.2600303937418174,-0.5646467148567359,63.53,23.99,0.02083
2007-09-07,0.241468,2.8229651294156697,2.7329428173014385,1.281072733927833,67.58,26.23,0.06145
2007-09-10,0.24288,2.874572001649782,2.938059355564021,1.7984231416254162,68.93,27.38,0.0729
2007-09-11,0.2403,2.337442255774915,2.4164181815281953,0.5930692958814289,62.75,25.27,0.04638
2007-09-12,0.239921,2.128280986709459,2.3119084516671013,0.9883445038147731,60.48,24.96,0.0551
2007-09-13,0.239683,2.235772011760176,2.2352970785689887,1.2258631839001475,62.26,24.76,0.06038
2007-09-14,0.239878,2.226440483528383,2.2378197272572504,1.281904483930142,62.55,24.92,0.0618
2007-09-17,0.241785,2.212446827535209,2.534183775547124,2.69537792168586,62.77,26.48,0.09348
2007-09-18,0.234341,1.1593057259452113,1.2198723864049719,-1.1636160589627447,48.99,20.35,0.0073
2007-09-19,0.233959,0.8348550409221527,1.143756091130195,-1.3091105083522285,44.74,20.03,0.0038
2007-09-20,0.234462,0.9433974402959691,1.2215797098895123,-1.10468802903152,46.29,20.45,0.00818
2007-09-21,0.232712,0.6809163580782381,0.9127873789718703,-1.7313115539025252,42.84,19.0,-0.00624
2007-09-24,0.233155,0.6347015960454581,0.9820832381308379,-1.484790794421119,42.29,19.37,-0.00103
2007-09-25,0.232224,0.5595601451103505,0.8164589887086199,-1.669342230483166,41.34,18.6,-0.00556
2007-09-26,0.230916,0.33067369193657986,0.6114102067359027,-1.0431727656785277,38.3,17.63,0.00844
2007-09-27,0.230037,0.2680273878391824,0.4773404652207698,-0.6977131329457869,37.51,17.0,0.0162
2007-09-28,0.231442,0.5747042911416194,0.6786332427880196,-0.2343242170688052,41.7,18.0,0.02677
2007-10-01,0.231276,0.36977492584868393,0.6404508197512746,-0.37323948651186156,39.01,17.84,0.02352
2007-10-02,0.232108,0.4763293590046566,0.7690335022419972,0.023400178144434743,40.5,18.49,0.03258
2007-10-03,0.232478,0.4614638820759324,0.8270147172907842,0.4199740749097708,40.36,18.8,0.04167
2007-10-04,0.232045,0.3662557812846153,0.7472784477002409,0.2726319893903294,39.14,18.44,0.03825
2007-10-05,0.039588,0.05891619547839164,0.42796980454030825,0.2996320840462705,35.07,16.91,0.03884
2007-10-08,0.004669,-0.023213354618079662,0.5368850519036246,0.49338491898987236,34.02,17.46,0.04328
2007-10-09,0.074034,-0.4141584971235191,0.2574727221557562,0.08685431249502859,28.83,16.12,0.03393
2007-10-10,-1.012951,-0.32148762867271446,0.36692786180416387,0.298313700539458,30.11,16.67,0.03875
2007-10-11,-0.817896,0.18025563758668628,0.8172796999869105,1.2009420524981038,36.85,18.88,0.05946
2007-10-12,-1.012732,-0.07406534995614143,0.5747283033830132,0.6957069910272343,33.53,17.73,0.04794
2007-10-15,-1.012722,0.06934429559930215,0.8822735675596167,1.2294194711182564,35.49,19.25,0.06022
2007-10-16,0.00852,0.26160747295271425,1.033580389462486,3.1917632186049865,38.1,20.02,0.10566
2007-10-17,-0.584749,-0.09724077102959655,0.7215329141616942,2.5722623569630585,33.44,18.54,0.09283
2007-10-18,-1.012716,-0.028525923823495742,0.7074485189262484,2.663408479172792,34.41,18.5,0.09601
2007-10-19,0.237497,0.8740765305614151,1.617878112432781,2.898732970164852,46.3,22.96,0.10277
2007-10-22,-0.355341,0.7891302568382842,1.3320231966679597,2.3092432282070443,45.28,21.64,0.08969
2007-10-23,-0.682885,0.7419770336091676,1.0695543530161824,1.62485040480586,44.75,20.41,0.0735
2007-10-24,-1.012768,0.7302225679025939,1.140645090474493,1.8160525656087498,44.68,20.8,0.07861
2007-10-25,-0.411916,0.6342347416065037,1.2068961174756736,1.9835914782503525,43.51,21.17,0.08322
2007-10-26,-1.012734,0.3096739928012744,0.8692969712768014,0.9824824851386362,39.36,19.56,0.05844
2007-10-29,-1.012736,0.4453547570085626,0.9254818432847316,1.399609848955763,41.18,19.87,0.06908
2007-10-30,-0.043459,0.7116545162997663,1.1625437187964214,1.791527577791434,44.7,21.07,0.07927
2007-10-31,-0.877366,0.057628600393331834,0.6363272918706808,0.5513386760015099,36.29,18.53,0.04803
2007-11-01,0.237805,0.7820526392566319,1.5837490056116166,1.2606444746978456,45.72,23.21,0.06619
2007-11-02,0.237562,0.6060739404053944,1.5280769027932604,1.345240576745718,43.52,23.01,0.06855
2007-11-05,0.239142,0.7856342320461999,1.7767669809922562,1.8311734586934003,45.91,24.31,0.08121
2007-11-06,0.235601,0.3716444436824766,1.170161229153898,0.5515234159569565,40.62,21.39,0.04852
2007-11-07,0.241797,1.2577023930178741,2.1861351297560687,1.4819314017599123,52.15,26.49,0.07259
2007-11-08,0.241392,0.9321042838289046,2.0912736665975653,1.344617858592593,48.06,26.16,0.06933
2007-11-09,0.244262,1.3168811642178428,2.5287061151579824,2.150476539228405,53.15,28.5,0.09059
2007-11-12,0.247469,1.4411542177183003,2.9961919726458865,3.0848729688860543,54.91,31.09,0.1159
2007-11-13,0.238876,0.5989950800497429,1.5850176858991387,-0.6856155669239117,44.1,24.1,0.01669
2007-11-14,0.24112,1.0136281000387,1.9241822133901396,-0.005813602243001854,49.57,25.94,0.03482
2007-11-15,0.243718,1.1852975937775498,2.3082366704426542,0.671409417736292,51.91,28.06,0.05297
2007-11-16,0.240563,1.655308403823351,1.788230987845216,0.25302665379674055,58.16,25.49,0.04183
2007-11-19,0.241188,1.4550502447388622,1.8682285876949856,0.21462616012039168,55.75,26.01,0.04084
2007-11-20,0.239808,1.5217388957861802,1.6355881207879244,-0.12291013235754744,56.79,24.88,0.03183
2007-11-21,0.2422,1.889938172646993,1.9884124864303256,0.4260661449497965,61.8,26.84,0.04657
2007-11-23,0.240702,1.6090510568650018,1.73617358139832,-0.43098171911091765,58.37,25.61,0.02363
2007-11-26,0.244749,1.9107145563504684,2.334077698391337,0.6879745541385603,62.56,28.91,0.05365
2007-11-27,0.241517,1.6882693860020987,1.8156994781106701,-0.5845115282133948,59.89,26.28,0.01955
2007-11-28,0.238882,1.4608900721175422,1.3972916854187352,-2.2643388707298966,57.08,24.11,-0.02572
2007-11-29,0.238712,1.4110952622244866,1.3593149501053154,-2.1119530161832825,56.59,23.97,-0.02246
2007-11-30,0.237378,1.1522654756776518,1.1461229573654161,-2.005607597649692,53.28,22.87,-0.02028
2007-12-03,0.238274,0.9912523853694928,1.2725019584918476,-1.7343953949402673,51.24,23.61,-0.01338
2007-12-04,0.238489,1.2024364175367466,1.2949824383842112,-1.6664151918547045,54.18,23.79,-0.01194
2007-12-05,-0.307864,0.8585235536980693,1.0539726394783764,-2.1842011009490063,49.69,22.53,-0.02684
2007-12-06,-0.985416,0.6950524733378967,0.7588861213957123,-2.106943640273099,47.59,20.96,-0.02544
2007-12-07,-1.012775,0.6694419190734396,0.732439436340729,-2.1239553654214096,47.33,20.85,-0.02669
2007-12-10,-1.012767,0.5735612960049615,0.7061136116507393,-1.9279865411819648,46.13,20.74,-0.02185
2007-12-11,0.233355,1.283517899787424,1.2220089736708215,-1.476943166751382,55.68,23.59,-0.00948
2007-12-12,-0.669881,0.6812560053355523,1.0072803482160932,-1.1556444916537232,47.77,22.47,-0.00054
2007-12-13,-0.264364,0.7560641704182774,1.0158216820295314,-1.063939347186916,48.85,22.56,0.00191
2007-12-14,-0.656273,0.9320506066026366,1.1377884289746667,-0.8288960597660807,51.28,23.27,0.00858
2007-12-17,-0.167298,1.1489069179510358,1.3578755896340786,-0.5914019582920407,54.26,24.52,0.0154
2007-12-18,-1.012844,0.6454760699254327,1.0028233389342844,-0.9686220455560344,47.69,22.64,0.00437
2007-12-19,-1.012821,0.4957144095983305,0.8190769651426231,-1.2824457978331343,45.79,21.68,-0.00492
2007-12-20,-1.012794,0.2525705011524663,0.6103321004053405,-1.3780236323176058,42.66,20.58,-0.00796
2007-12-21,-1.012817,-0.26930179422674994,0.21591686742826724,-2.079596413172681,35.88,18.47,-0.02887
2007-12-24,-1.012758,-0.240612024129921,0.23461720784557688,-1.3529294735120823,36.33,18.6,-0.00802
2007-12-26,-1.012743,-0.2507893666941732,0.24051630584796788,-1.1664180574649334,36.26,18.66,-0.00273
2007-12-27,-1.012779,0.15973784228769428,0.5328318112341253,-0.06962146217516049,41.65,20.26,0.02978
2007-12-28,-1.012787,0.27700667006518853,0.6165909210104393,0.09161825652772625,43.24,20.74,0.03453
2007-12-31,-1.012833,0.597047551499196,0.9389300302962642,0.6998626255482674,47.45,22.5,0.05266
2008-01-02,-0.16303,0.4754803690633774,1.0566412381608665,0.7239868806224,45.96,23.17,0.05342
2008-01-03,0.236898,0.34971068091191426,0.9212929156781385,0.5356507135923259,44.41,22.49,0.04782
2008-01-04,0.238645,0.5479332894134967,1.184959600418596,0.7115107253235483,47.02,23.94,0.05303
2008-01-07,-0.473477,0.22908228902942723,1.1475078277338329,0.9860915218899473,43.02,23.79,0.0612
2008-01-08,0.077984,0.40676235456875437,1.4446413949564376,1.2766872022820293,45.35,25.43,0.06987
2008-01-09,-0.240638,0.060784623169853634,1.1878219973136834,0.6398136517189419,41.03,24.12,0.05095
2008-01-10,-0.781184,-0.03090089947519555,1.0534509533517113,0.881893068867738,39.94,23.45,0.05812
2008-01-11,0.015326,-0.19919682664559,1.0881016791754383,0.8945425522134134,37.9,23.68,0.05852
2008-01-14,-0.194348,-0.20956764914476153,0.934162658861088,0.43593948781287367,37.86,22.9,0.04489
2008-01-15,0.237896,-0.16977738964587313,1.0093363388831234,0.15889903268195696,38.46,23.34,0.03664
2008-01-16,0.239161,-0.015191920887374685,1.196540220296295,0.6634805412313195,40.47,24.38,0.0517
2008-01-17,0.244156,0.5261879419374266,1.9530160516264299,1.4158898771456692,47.19,28.46,0.07422
2008-01-18,0.242571,0.18250015622073842,1.6932230112887536,0.9887539453132638,43.09,27.18,0.06164
2008-01-22,0.247312,0.827326896038044,2.3930782752524546,2.3199919219226386,50.95,31.01,0.10175
2008-01-23,0.244852,0.4684671095007082,1.9919189082375288,1.4121169488186105,46.72,29.02,0.07512
2008-01-24,0.243325,0.5427820613305517,1.7423879325950171,0.9421317561392818,47.68,27.78,0.06109
2008-01-25,0.244922,1.1056076540968187,1.9670943864662518,1.295700810181997,54.41,29.08,0.07205
2008-01-28,0.243326,0.9884686659681394,1.7073122679840214,0.4766718353634649,53.12,27.78,0.04724
2008-01-29,0.242763,1.204816896990615,1.607340502715149,0.2587690144458747,55.75,27.32,0.04061
2008-01-30,0.24313,1.6657936451884734,1.6479796764035002,0.3638004772987272,61.27,27.62,0.04382
2008-01-31,0.241394,1.0156815270608526,1.374125695890176,-0.3318988767106267,53.79,26.2,0.02253
2008-02-01,-0.030197,0.46464940782937975,0.9652117332260527,-1.2118746052514149,47.42,24.02,-0.00446
2008-02-04,0.241137,0.7505045445353788,1.3193332941424494,-0.16329139095346878,50.82,25.99,0.02753
2008-02-05,0.243886,0.8920049547774309,1.7232757183317962,-0.19120043047454044,52.53,28.24,0.02668
2008-02-06,0.244784,1.1205842827378116,1.8422930524300918,0.2317901284868915,55.24,28.97,0.03965
2008-02-07,0.24317,0.8973563154610599,1.5853249015357405,-0.07146685783345073,52.76,27.66,0.03035
2008-02-08,0.243599,1.060495887694464,1.6369851218682234,0.13983626430070364,54.7,28.01,0.03684
2008-02-11,0.243097,0.7725441814116947,1.5487057767366386,0.04421455123121928,51.5,27.6,0.03392
2008-02-12,0.241538,0.7026746713382586,1.3037163852054143,-0.29959318870339297,50.78,26.33,0.02335
2008-02-13,0.23977,0.520852044729485,1.0282142871004538,-0.47231527559500563,48.79,24.88,0.01796
2008-02-14,0.118112,0.7348043546309547,1.1422152275404505,-0.3797803917848258,51.27,25.54,0.02078
2008-02-15,-0.288647,1.0765546974174607,1.0386647991618796,0.24596755151998323,55.17,25.02,0.04002
2008-02-19,0.240629,1.4569684269172205,1.136933369503729,0.4718199482293474,59.5,25.59,0.04703
2008-02-20,0.024535,1.429295417324531,0.9086745164921272,0.18841414238637594,59.3,24.4,0.03843
2008-02-21,0.24005,1.6588047477740657,1.0362958392644384,0.6377384012720744,61.97,25.12,0.0523
2008-02-22,0.238759,1.2363263492066374,0.8310215596059519,0.3285432483972758,57.42,24.06,0.04291
2008-02-25,0.237513,0.9441516198727306,0.6310790514085374,0.11125651935638495,54.27,23.03,0.03628
2008-02-26,0.236142,0.7387612805068247,0.4114078742989369,-0.008924820799329863,52.07,21.9,0.03256
2008-02-27,0.144787,0.9588112107779708,0.5553715421971412,0.27818499202224756,54.58,22.69,0.04131
2008-02-28,0.23812,1.016413538786954,0.7112752766875164,0.4832072076053338,55.21,23.53,0.0476
2008-02-29,0.241786,1.3894492176737299,1.2770287904663278,1.0171526022457686,59.41,26.54,0.06414
2008-03-03,0.241467,0.9243955399519893,1.2170708648036968,1.1273597722935749,54.34,26.28,0.06775
2008-03-04,0.240531,0.6391773593844755,1.0642878140652048,0.9474553758849463,51.15,25.52,0.06236
2008-03-05,0.239408,0.5109847626699675,0.8840385404876873,1.7513982746442283,49.69,24.6,0.08723
2008-03-06,0.243016,1.1088801843730969,1.4332067388928493,2.169216764771345,56.37,27.55,0.10075
2008-03-07,0.242936,0.8804196818679981,1.4092114211906215,2.15852530898616,53.91,27.49,0.10127
2008-03-10,0.245264,0.8020601664503202,1.7518912206408381,2.5314571126121037,53.11,29.38,0.11372
2008-03-11,0.241559,0.668779251048348,1.1694764865451655,0.1717740959562007,51.69,26.36,0.04029
2008-03-12,0.242612,0.7929073240339176,1.3210606610738458,0.4451622115461047,53.14,27.22,0.04908
2008-03-13,0.242702,0.7549161333859594,1.3232385444162296,0.6316510306467285,52.76,27.29,0.05508
2008-03-14,0.247488,1.36727234787849,2.031584911427157,1.6539181344216298,59.66,31.16,0.08731
2008-03-17,0.248833,0.7033854542837046,2.205819112584705,1.955294290574573,52.36,32.24,0.09727
2008-03-18,0.240865,0.09595125295268686,0.9951173334709493,-1.608205054633699,45.61,25.79,-0.01462
2008-03-19,0.245849,0.8186222737695982,1.7286443267661546,-0.6438016333498521,53.73,29.84,0.01596
2008-03-20,0.241884,0.36308220783728246,1.1243729393745232,-2.040523134794076,48.71,26.62,-0.02707
2008-03-24,0.240802,0.16366499026653675,0.9533759142636559,-2.4816451224966185,46.55,25.73,-0.03969
2008-03-25,0.240791,0.3108548280571235,0.9442051626716235,-2.36820649872783,48.24,25.72,-0.03568
2008-03-26,0.241227,0.5033890627333175,1.0030825731677842,-2.26694911369234,50.43,26.08,-0.032
2008-03-27,0.240972,0.264875653065172,0.9586148628445292,-2.4218796481107323,47.85,25.88,-0.03604
2008-03-28,0.240758,0.24223931394444595,0.9198230076702281,-2.4452019207253013,47.65,25.71,-0.03746
2008-03-31,0.240639,-0.049328239244872216,0.8940466078282376,-1.9842952282730435,44.46,25.61,-0.02427
2008-04-01,0.237085,-0.34477598069576615,0.34597135452802147,-3.7556429746369027,41.21,22.68,-0.07943
2008-04-02,0.237998,-0.3206990784222595,0.47967203369325795,-3.4024217874004585,41.49,23.43,-0.07167
2008-04-03,0.237731,-0.3085869767392352,0.43340943581460284,-3.3771744463994153,41.65,23.21,-0.07357
2008-04-04,0.236805,-0.5048081989267227,0.2862503931143551,-3.155526093244869,39.56,22.45,-0.06893
2008-04-07,0.23677,-0.6181276202509751,0.27494127053715095,-3.018491020348492,38.39,22.42,-0.06657
2008-04-08,0.236693,-0.6747081017918127,0.2579510727700211,-2.7941978066859536,37.85,22.36,-0.06094
2008-04-09,0.237234,-0.6193546993186345,0.3369172991381319,-1.9163519733008012,38.53,22.81,-0.03213
2008-04-10,0.236227,-0.8302850887345529,0.17380805652401995,-2.064719128058051,36.35,21.98,-0.03788
2008-04-11,0.238014,-0.6092073409586676,0.44937227478010044,-1.9340901871420086,38.79,23.46,-0.03419
2008-04-14,0.238451,-0.691671312329047,0.5120776630873582,-1.4950809898950592,38.0,23.82,-0.01938
2008-04-15,0.237185,-0.7832628469679087,0.3063277764944601,-1.6985231877781732,37.15,22.78,-0.02705
2008-04-16,0.234467,-1.1839146465365242,-0.13461271334040484,-1.4638327650797844,33.09,20.53,-0.01919
2008-04-17,0.234264,-1.1845033993509724,-0.17300028649327648,-0.9250344380493186,33.23,20.37,-0.00021
2008-04-18,0.233998,-1.216262231578427,-0.22708972612101122,-0.803567089393198,33.01,20.13,0.00397
2008-04-21,0.234446,-1.0027913731863012,-0.16158610423983485,-0.5444428855828245,35.29,20.5,0.01311
2008-04-22,0.234887,-0.8633050888479169,-0.096056995345852,-0.5267414368026931,36.81,20.87,0.01362
2008-04-23,0.234149,-0.8466909847864721,-0.22411798788947188,-0.6052677444470765,37.03,20.26,0.01063
2008-04-24,0.233907,-0.5816460020863412,-0.2709800893111317,-0.5094746149461978,39.77,20.06,0.01392
2008-04-25,0.23328,-0.49956170824176066,-0.37236693664927856,-0.5416325705030984,40.64,19.59,0.0126
2008-04-28,0.233345,-0.6579479758349445,-0.36986996841939973,-0.5303270762660041,39.1,19.64,0.01284
2008-04-29,0.234132,-0.41516652387207825,-0.25593434503710843,0.8165339119206009,41.61,20.24,0.06126
2008-04-30,0.234796,0.12348871995359649,-0.14949464615316804,0.9524851188691661,47.05,20.79,0.06614
2008-05-01,0.232321,-0.8851102040808708,-0.5486906352798318,0.11978749978441448,36.96,18.88,0.03616
2008-05-02,0.231345,-1.2121966552034076,-0.7010673345772412,-0.07503394403103823,33.71,18.18,0.02906
2008-05-05,0.232343,-1.0787050744800755,-0.55936342571521,0.0872082660782356,35.05,18.9,0.0348
2008-05-06,0.231402,-1.3744988829377733,-0.7117628421130318,-0.09309098449896236,32.11,18.21,0.02824
2008-05-07,0.233459,-0.9592548778039364,-0.4005319529374454,0.0020229392020207127,36.27,19.73,0.03155
2008-05-08,0.233013,-0.8947272566809197,-0.4780959662841998,-0.0825959032509463,36.94,19.4,0.02842
2008-05-09,0.232997,-0.9536463479572511,-0.484556162869706,0.39829906206018184,36.38,19.41,0.04556
2008-05-12,0.05602,-1.2798904983273436,-0.8384318359770376,-0.09962542457452853,33.13,17.79,0.02768
2008-05-13,-0.784801,-1.1110177161385895,-0.8064300459260771,-0.05190057199573359,34.81,17.98,0.02936
2008-05-14,-0.870099,-1.2205290469722652,-0.8824101588924577,0.3735551191186656,33.69,17.66,0.04454
2008-05-15,-0.848281,-1.594918953710247,-1.1838860235077173,-0.10211673025053539,29.9,16.3,0.02745
2008-05-16,-0.885631,-1.4353989506643585,-1.1535889187082118,0.3090984762713857,31.42,16.47,0.04213
2008-05-19,-1.013312,-1.039798969985037,-1.042615584451158,0.4713100057015866,35.36,17.01,0.04795
2008-05-20,-1.013227,-1.1394377338804593,-0.9269953202106498,0.614922841269204,34.39,17.58,0.05314
2008-05-21,0.016983,-1.1222921610470264,-0.7126698769249691,0.5069444330743055,34.56,18.59,0.04931
2008-05-22,-1.013191,-1.200408473873378,-0.8421385665525575,0.39706128482692693,33.78,18.05,0.04541
2008-05-23,-0.272755,-0.6866288699301958,-0.5161472102162966,0.6585689890125286,38.93,19.55,0.05478
2008-05-27,-0.718326,-0.7193253330075785,-0.503652712893991,0.6151167273442859,38.59,19.64,0.05324
2008-05-28,-0.70425,-0.9648222630706098,-0.6417527323954457,0.4502766668563353,36.12,19.07,0.04739
2008-05-29,-1.013159,-1.0373935572264892,-0.8626259287072845,0.1800890262154683,35.38,18.14,0.03768
2008-05-30,-1.013218,-1.198997567475387,-0.9446995445343045,0.45742332671756836,33.76,17.83,0.04764
2008-06-02,-1.012883,-0.7584755068551501,-0.49360302137925166,0.9038618022556063,38.19,19.83,0.06371
2008-06-03,-1.012841,-0.7751583983908058,-0.40889219618959777,1.0002218865731518,38.05,20.24,0.06732
2008-06-04,-1.012849,-0.6623514964963708,-0.2871955871417334,1.2539339743748246,39.22,20.8,0.07662
2008-06-05,-1.013041,-1.336116021406295,-0.8092358133390286,0.5441062434719361,32.51,18.63,0.05121
2008-06-06,-1.012921,-0.15734412199030917,0.35455560179865436,0.8477879371854586,44.28,23.56,0.06218
2008-06-09,-0.902389,-0.6139628218881198,0.24455380285330486,0.7527899917104266,39.68,23.12,0.05878
2008-06-10,-1.012912,-0.4519718816208771,0.2524938055916344,0.9190980570890053,41.31,23.18,0.06492
2008-06-11,-0.659477,-0.3669317153628877,0.4725228931145961,0.9489084672595005,42.18,24.12,0.06614
2008-06-12,-1.012927,-0.8120918151247312,0.27583611522332663,0.7378452804469473,37.7,23.33,0.05856
2008-06-13,-1.012868,-1.1907907756330387,-0.24407823944752635,0.02203247191756614,33.89,21.22,0.03272
2008-06-16,-1.012863,-1.368198084872213,-0.31983947944619884,-0.04752089309992702,32.11,20.95,0.03026
2008-06-17,-1.012872,-1.1904398863250543,-0.28480176245883393,-0.005666998087726175,33.86,21.13,0.03184
2008-06-18,-0.711731,-1.0368078212760696,-0.017901153948986025,0.2923723820722267,35.39,22.24,0.04273
2008-06-19,-0.936905,-1.1662849361087038,-0.19423877346091067,0.26209461388220945,34.12,21.58,0.04177
2008-06-20,-0.041024,-0.8994445828301177,0.125636001132568,0.37553913755129364,36.75,22.87,0.04598
2008-06-23,0.237004,-0.9132448329669538,0.058861155217809505,0.4145385662612848,36.6,22.64,0.04753
2008-06-24,0.236733,-0.9639568651053849,-0.004662346898003008,0.43396222560150854,36.05,22.42,0.04834
2008-06-25,-0.593556,-1.0081865115264124,-0.3426273326200255,0.05120808712361614,35.55,21.14,0.03454
2008-06-26,0.238557,-0.5914190192939124,0.37928294122779915,0.24792587848574213,39.68,23.93,0.04158
2008-06-27,0.237954,-0.8474806620381836,0.24486390933838292,0.14094252167905974,37.09,23.44,0.0378
2008-06-30,0.238579,-0.8690292882495707,0.372401006834774,0.2879155958892843,36.85,23.95,0.04319
2008-07-01,0.238215,-1.0377221488983104,0.286911611052948,0.1567707009237505,35.11,23.65,0.0385
2008-07-02,0.240983,-0.460149325161527,0.8848449498123271,0.612210621843619,40.94,25.92,0.05508
2008-07-03,0.239597,-0.8240023246758843,0.5761768314522446,0.7835633417182075,37.3,24.79,0.06146
2008-07-07,0.240805,-0.8556957533722355,0.8374118318623173,1.7487635441680078,37.0,25.78,0.09661
2008-07-08,0.237597,-1.432271411459729,0.11636452335827138,0.5918359057016057,31.24,23.15,0.05512
2008-07-09,0.240125,-1.135350303941495,0.6795442494572552,0.8138985281252396,34.22,25.23,0.0633
2008-07-10,0.240572,-1.0607501396809078,0.7724351031270921,0.9661225045725251,34.93,25.59,0.06893
2008-07-11,0.242904,-0.6740282562246972,1.2916668767473167,1.4710919748862008,38.84,27.49,0.08754
2008-07-14,0.244122,-0.6229135184057009,1.5599130734638904,2.066022419958811,39.41,28.48,0.10983
2008-07-15,0.244188,-0.6704686584694345,1.5688188208926055,2.054684670272829,39.0,28.54,0.11038
2008-07-16,0.239966,-1.2238868489677406,0.5962458895446056,0.32970180394864496,33.55,25.1,0.04696
2008-07-17,0.239865,-1.2932451688325413,0.5648952786529977,0.14054651854986805,32.91,25.01,0.03996
2008-07-18,0.238689,-1.1958068656207739,0.28580392689415235,-0.08887408103427519,33.91,24.05,0.03142
2008-07-21,0.237465,-1.3556277005898096,-0.008638820080723603,-0.14902849310186633,32.41,23.05,0.02915
2008-07-22,0.23509,-1.7167140573643078,-0.5561005722379895,-0.8383351506033944,28.82,21.18,0.00336
2008-07-23,0.235289,-1.398537189857415,-0.5266938242716169,-0.819881987443589,31.91,21.31,0.00382
2008-07-24,0.237937,-1.1812246892951956,0.08964202331609702,-0.5564758155054328,34.0,23.44,0.01345
2008-07-25,0.237293,-1.1154194176117818,-0.07138773389483542,-0.09572882447740672,34.61,22.91,0.03054
2008-07-28,0.238891,-1.0315312873920857,0.312959331275806,0.013190999949171327,35.38,24.23,0.03452
2008-07-29,0.236221,-1.2458167614816507,-0.3320062307589125,-1.028735027600912,33.16,22.03,-0.00449
2008-07-30,0.235158,-1.4397688387878227,-0.5741128878881357,-1.4388997834270907,31.14,21.21,-0.02006
2008-07-31,0.237336,-0.8537592237448098,-0.06392213373063002,-0.8444637684098373,36.9,22.94,0.00172
2008-08-01,0.236879,-1.012310520265617,-0.17154333138162253,-0.9594002642115864,35.25,22.57,-0.00284
2008-08-04,0.237995,-0.9264604746164704,0.09664675957981607,-0.7152113093046708,36.08,23.49,0.00608
2008-08-05,0.235062,-1.153736736805075,-0.5911227612176649,-1.700722178364448,33.72,21.14,-0.03109
2008-08-06,-0.129266,-1.3365182970799445,-0.8555477365644902,-1.5168919102271239,31.81,20.23,-0.02469
2008-08-07,0.235009,-1.2532395579970805,-0.5835471158866812,-1.5064355108634393,32.56,21.15,-0.02462
2008-08-08,0.234433,-1.0614033269937468,-0.7266431030114584,-1.8615780965083994,34.42,20.66,-0.03837
2008-08-11,-1.013106,-1.2258459169902858,-0.8788489650449506,-1.901850321116317,32.66,20.12,-0.04069
2008-08-12,-0.225473,-0.9358789434674697,-0.5631904560230923,-1.6297356809795018,35.52,21.17,-0.03107
2008-08-13,0.235635,-0.8441088266071157,-0.44577381995195137,-1.1863695652448367,36.38,21.55,-0.01455
2008-08-14,0.233973,-1.087354190044589,-0.7976777465907698,-1.4229299455751845,33.84,20.34,-0.02406
2008-08-15,-1.013231,-0.856121122089766,-1.0192958146540787,-1.611011270734846,36.11,19.58,-0.03183
2008-08-18,-0.533829,-0.6370492533459463,-0.593758752308055,-1.4207370680649862,38.25,20.98,-0.02501
2008-08-19,-1.013052,-0.5577385390719279,-0.4968508325525969,-1.2729071109917807,38.99,21.28,-0.01973
2008-08-20,-0.720416,-0.7653544242214811,-0.7529471186240191,-1.5016891072923535,36.88,20.42,-0.02896
2008-08-21,0.233185,-0.9325579948126611,-0.9293805944313173,-1.2465450777783653,35.2,19.82,-0.01932
2008-08-22,-1.013407,-0.9182014946747296,-1.2304995216374623,-1.5710643015095973,35.28,18.81,-0.0321
2008-08-25,-1.013101,-0.7217619996459781,-0.5689536656906937,-1.0468270651874705,37.12,20.97,-0.01174
2008-08-26,-1.013165,-0.7569215293047116,-0.7145658951838941,-0.8066465812098618,36.72,20.49,-0.00219
2008-08-27,-0.962187,-0.7479428916296359,-0.9317894995324705,-0.8284606316209819,36.75,19.76,-0.00305
2008-08-28,-1.01325,-0.7731438735587063,-1.024161899232063,-0.9151126697579164,36.49,19.43,-0.00662
2008-08-29,-1.013096,-0.5191403912554519,-0.6488070923812737,-0.7459701147324195,38.82,20.65,8e-05
2008-09-02,-1.012938,-0.3655628074239616,-0.2391549740357477,-0.3481034815016026,40.18,21.99,0.01576
2008-09-03,-1.012998,-0.7147837289340158,-0.40648903613947135,0.1556649636933665,36.96,21.43,0.03567
2008-09-04,-1.013012,-0.3870227018561393,0.3796937585882516,0.1232987684694369,39.85,24.03,0.03451
2008-09-05,-1.012985,-0.567291152571689,0.08772482496596941,0.06560441423649771,38.19,23.06,0.03229
2008-09-08,-1.012958,-0.6229530492145964,-0.03792594438355393,0.08208180411257585,37.65,22.64,0.03298
2008-09-09,-1.013059,-0.5377310179422486,0.8224706332433864,0.05134547990058465,38.35,25.47,0.03166
2008-09-10,-1.013028,-0.534201882040446,0.5387330214979278,-0.17990049022323268,38.34,24.52,0.02242
2008-09-11,-1.013013,-0.7314482476299595,0.5005007473740793,-0.3824324528339238,36.63,24.39,0.01439
2008-09-12,-1.013047,-0.4792078115211628,0.886973460615265,-0.0288416345900048,38.69,25.66,0.02809
2008-09-15,-1.013296,0.0013734116877695591,2.7174820077285085,0.2425420485853646,42.61,31.7,0.03858
2008-09-16,-1.013229,-0.22523875323239953,2.2538257653159133,-0.28108950148261086,40.68,30.3,0.01802
2008-09-17,-1.01351,0.07538449416265254,3.990697947979697,0.20477204598206605,43.04,36.22,0.03666
2008-09-18,-1.013346,-0.30884741560120915,2.9567701088070635,-1.5566194055178524,39.92,33.1,-0.03165
2008-09-19,-1.013276,-0.045815905046916815,2.6036380202543468,-2.5339284554421364,42.02,32.07,-0.07014
2008-09-22,-1.013377,0.7199565076601944,3.058184390752072,-2.5143039789836292,48.17,33.85,-0.07087
2008-09-23,-1.01347,1.2227284021097258,3.510392762387713,-1.966490384972537,52.25,35.72,-0.05035
2008-09-24,-1.013447,1.2080594767724535,3.273978172665841,-2.062432666462424,52.2,35.19,-0.05492
2008-09-25,-1.013332,1.6618304251240128,2.56964559853591,-2.777183482976582,55.95,32.82,-0.0846
2008-09-26,-1.013413,2.040327349350849,3.0366325767305966,-2.1561279324488827,59.17,34.74,-0.06114
2008-09-29,-1.014059,2.8371830873436954,6.091371629050933,-1.7056055306939089,65.92,46.72,-0.04359
2008-09-30,-1.013654,2.17835302936193,3.8962212939937193,-4.431474817023656,60.89,39.39,-0.15779
2008-10-01,-1.013677,1.630444358990689,3.8769690977029643,-4.153373200910948,56.53,39.81,-0.15352
2008-10-02,-1.013978,1.8784356615859998,5.0166376184423696,-2.9505950633042417,58.76,45.26,-0.10653
2008-10-03,-0.835447,1.9007045139784666,4.745484935874484,-2.9057232965358075,59.13,45.14,-0.10729
2008-10-06,0.186118,2.219556178092625,6.0025606336408535,-1.4044824278678476,62.05,52.05,-0.04071
2008-10-07,0.276711,2.2903775007476854,5.934498517218806,-1.4725262354439783,62.92,53.68,-0.04442
2008-10-08,0.282002,2.403570425353405,6.270848115663666,-0.5652684678728341,64.18,57.53,-0.00282
2008-10-09,0.290943,1.6096439355126164,6.9457598181075495,0.00016317617666183768,57.49,63.92,0.02334
2008-10-10,0.299637,2.7491053746174585,7.32404106112008,1.3668588665805745,67.59,69.95,0.08688
2008-10-13,0.278508,1.432841043442049,4.444475412809251,-4.571163124998665,56.35,54.99,-0.18989
2008-10-14,0.00815,1.5858363616486455,4.287687648193403,-4.225539975971728,57.82,55.13,-0.18258
2008-10-15,0.29862,2.0481635394458197,6.051469036791609,-2.185913000276206,62.08,69.25,-0.08813
2008-10-16,0.296259,2.379536709607895,5.426433028482488,-2.4743971528058024,65.29,67.61,-0.10383
2008-10-17,0.300214,4.441545453750114,5.447891598441804,-1.4618751336948583,84.29,70.33,-0.05424
2008-10-20,-0.830761,2.454977120641118,3.1483988519855006,-5.318498815715973,67.28,52.97,-0.25039
2008-10-21,-0.083107,2.615537586513693,3.091366495733915,-5.0777164164431,69.16,53.11,-0.25224
2008-10-22,0.299198,3.9023177354569585,4.847474581951877,-2.2062240894957883,81.98,69.65,-0.10624
2008-10-23,-0.873181,3.3292727323604705,4.423948504669776,-2.448594201589857,77.56,67.8,-0.12146
2008-10-24,0.313304,5.124246221952829,5.399461363305925,-0.4165806820592271,96.59,79.13,-0.00852
2008-10-27,0.314705,4.321256669261665,5.182951968877147,0.5717302822363292,90.88,80.06,0.04697
2008-10-28,0.295317,3.7110688512148795,3.707236526091976,-3.008700729862775,86.0,66.96,-0.15511
2008-10-29,0.299668,3.880243209290162,3.8649038074845343,-2.4173860645976473,89.18,69.96,-0.1248
2008-10-30,0.289516,2.3937898876055748,3.1265118319920733,-3.631221898346211,73.33,62.9,-0.19703
2008-10-31,-0.931527,2.2283599534774834,2.798828010495873,-4.092433778636686,71.81,59.89,-0.23058
2008-11-03,-0.492587,1.323457975304167,2.2221137638048654,-4.824454674913081,61.42,53.68,-0.28398
2008-11-04,-1.014166,1.2417218759946627,1.6949949849968784,-5.3547533243019805,60.57,47.73,-0.33192
2008-11-05,-0.28308,1.3878273990825347,2.24441502971852,-4.359278398743574,62.42,54.56,-0.28474
2008-11-06,0.290598,2.317002226307462,2.962063957722141,-2.4810125880880456,73.71,63.68,-0.16604
2008-11-07,0.279995,1.753773226842572,2.287860836199531,-3.589540890451114,67.25,56.1,-0.24662
2008-11-10,0.285381,2.047970259553214,2.565371672273902,-1.5413345325173542,71.04,59.98,-0.10656
2008-11-11,0.287422,2.3149430076204762,2.63803655466698,-1.3627315273007574,74.58,61.44,-0.09468
2008-11-12,0.294548,1.9754400917252486,2.9843390407554335,0.08710207000544598,70.72,66.46,0.00889
2008-11-13,0.285166,1.8343947756133043,2.413292492183574,-1.2103850436814292,69.25,59.83,-0.08446
2008-11-14,0.294344,2.449305793659476,2.8665103906404656,-0.5011215372850798,77.21,66.31,-0.03401
2008-11-17,0.298443,2.460915132062882,3.021346172735957,0.18912414814268463,77.81,69.15,0.0154
2008-11-18,0.296255,2.257823111497181,2.8453956360407746,0.028204584962558364,75.6,67.64,0.0037
2008-11-19,0.305941,2.1405015874384885,3.2663240199668495,0.9476441211261816,74.42,74.26,0.06973
2008-11-20,0.31587,1.7006872168239855,3.6522640483362285,1.420217736201281,68.96,80.86,0.10405
2008-11-21,0.303578,2.126585131682647,2.9814938954991312,-0.18803409580450822,74.64,72.67,-0.0117
2008-11-24,0.292022,2.6097161999263134,2.379089380334652,-1.6716764723509603,81.29,64.7,-0.11912
2008-11-25,0.286635,2.276980146176078,2.089196201884352,-0.8640822967558599,77.29,60.9,-0.06169
2008-11-26,0.278344,1.7855539231236022,1.665802257060657,-1.8598370032878755,71.0,54.92,-0.13452
2008-11-28,0.279615,1.9437739688456281,1.7098742867877628,-1.6347746384786812,73.32,55.84,-0.11936
2008-12-01,0.29749,1.9594521941755123,2.523986470276234,-0.7730825224480321,73.77,68.51,-0.05695
2008-12-02,0.28957,2.2925650578231576,2.123504821646473,-1.7664914855663174,78.61,62.98,-0.13032
2008-12-03,0.286391,2.4392431510439194,1.9502274279522394,-1.925179911739226,81.07,60.72,-0.14334
2008-12-04,0.290505,2.2153620597091486,2.113551070440919,-1.3175681757486881,78.42,63.64,-0.09954
2008-12-05,0.285285,2.1034866207426406,1.850938428135899,-1.723526785374988,77.25,59.93,-0.13055
2008-12-08,0.283294,1.800164118965329,1.7395456779577605,-1.9720695821183292,73.3,58.49,-0.15041
2008-12-09,0.283867,1.5293974270866526,1.7475700379122652,-1.9356089043498015,69.68,58.91,-0.14924
2008-12-10,0.279465,1.2961210873589353,1.5309689023192854,-2.29765751953589,66.51,55.73,-0.17848
2008-12-11,0.279517,1.1305604489586634,1.5198016491419475,-2.0307643524644203,64.21,55.78,-0.16036
2008-12-12,0.277462,1.2922152581860418,1.4129396934367622,-1.68168056041347,66.66,54.28,-0.1351
2008-12-15,0.280867,1.434379029408167,1.5532774477534053,-1.157606217181106,68.86,56.76,-0.09535
2008-12-16,0.274879,1.3636770245836576,1.2692742878028207,-1.8975024841134622,67.98,52.37,-0.15406
2008-12-17,0.271454,1.2933354792856913,1.1042113925819335,-2.2097041388981995,67.07,49.84,-0.18043
2008-12-18,-0.081424,0.7627339710838841,0.9429960917067157,-2.0355375484952347,59.41,47.34,-0.16894
2008-12-19,0.264904,0.818029772177863,0.7888388287664688,-1.5748423943962504,60.29,44.93,-0.13387
2008-12-22,0.264404,0.8497770392922714,0.7601776295599827,-1.2760340153726377,60.84,44.56,-0.11084
2008-12-23,0.265003,1.3895501973542916,0.7821103290184008,-0.7068940976885143,68.89,45.02,-0.06535
2008-12-24,0.26394,1.36317900274591,0.7264236607987192,-0.8019484663485253,68.68,44.21,-0.07334
2008-12-26,0.262854,1.2892341271071328,0.6698250307054945,-0.7190583552409002,67.76,43.38,-0.06697
2008-12-29,0.263534,0.9080488326374018,0.6961157445147773,-0.6330790219914284,62.26,43.9,-0.0604
2008-12-30,0.260582,0.8257158564822292,0.5519582156807732,0.5955365575413176,61.13,41.63,0.03911
2008-12-31,-0.297218,0.5783892298620268,0.44787156129254835,0.6382792808327993,57.52,40.0,0.04251
2009-01-02,-1.013793,0.5360206478605426,0.3944385527349139,0.47875652733150814,56.94,39.19,0.02949
2009-01-05,-0.618204,0.13437860203831178,0.38385416129031036,0.7003342540392673,51.01,39.08,0.04739
2009-01-06,-1.013762,0.0024056121578116905,0.34850701686028207,0.869857148652721,49.06,38.56,0.06111
2009-01-07,0.262894,0.3929825897008222,0.6404268911073747,1.5326726269359348,54.9,43.39,0.11492
2009-01-08,0.26181,0.23728109666255331,0.5850836009111053,1.5632150172701649,52.62,42.56,0.11793
2009-01-09,0.262135,0.33506621178135687,0.5964529723444162,1.5001237435504349,54.12,42.82,0.11352
2009-01-12,0.266093,0.6305552225097951,0.7763441310697952,1.9382972615520022,58.57,45.84,0.15004
2009-01-13,0.262709,0.46457886403281856,0.6135617802208946,1.622768267292565,56.18,43.27,0.12535
2009-01-14,0.270469,0.643728927459911,0.9672905402758468,2.0916864080066517,58.91,49.14,0.16509
2009-01-15,0.272974,0.25682001548903327,1.0734927470266524,2.996555908869837,53.24,51.0,0.24254
2009-01-16,0.266434,0.7168865187040734,0.7673397484469275,2.339035179654276,60.12,46.11,0.19165
2009-01-20,0.280669,1.8174618135197684,1.4038870412384956,2.9844803967474562,76.54,56.65,0.24918
2009-01-21,0.266837,1.0405626728224275,0.771324480233796,1.301525355274128,65.22,46.42,0.1076
2009-01-22,0.267983,1.044587623221,0.8194646543370125,1.4191825668146345,65.37,47.29,0.11791
2009-01-23,-0.447308,1.2399330429408966,0.8129191509860197,1.411595629775708,68.41,47.27,0.1177
2009-01-26,0.190797,1.2314368858216318,0.7118918665445291,1.2252342591275316,68.42,45.69,0.10196
2009-01-27,-0.432317,1.0985072245265322,0.4995417455790858,0.8076744621572214,66.52,42.25,0.06564
2009-01-28,-1.013862,0.9742429939244948,0.3395628070515599,0.2909133905055359,64.73,39.66,0.02044
2009-01-29,-1.014024,1.1101549621230726,0.5160120472221991,0.5518458147303005,66.85,42.63,0.04322
2009-01-30,-1.014148,1.4819371184500796,0.6457452540702963,0.7908474098276652,72.54,44.84,0.06417
2009-02-02,-1.014182,1.1704687163507945,0.6820923053516598,1.1160352604033987,67.96,45.52,0.09294
2009-02-03,-1.014051,1.0541306016417442,0.5283745468048995,0.7409524790603697,66.31,43.06,0.06057
2009-02-04,-1.014094,1.2299090623586757,0.5719368264822208,0.861627535154169,69.1,43.85,0.07138
2009-02-05,-1.014076,1.5187634303244264,0.5607493658790939,0.8902913453820104,73.66,43.73,0.07418
2009-02-06,-1.014039,1.6512866218144457,0.5352838945375701,0.6874930022452962,75.88,43.37,0.0565
2009-02-09,-1.014051,1.1339083306002005,0.5476828821230834,0.7892509225864526,68.08,43.64,0.06563
2009-02-10,-0.963209,1.4441188003372054,0.7264110626426428,0.7770110773419756,73.0,46.67,0.06472
2009-02-11,-0.415321,1.149724740522229,0.5924678133466185,0.5172264553573889,68.58,44.53,0.04192
2009-02-12,-0.449868,0.7526388084471766,0.39049402317447535,0.3365051487431186,62.48,41.25,0.02603
2009-02-13,-0.218245,1.269573809376751,0.4879481473037925,0.5107942097043183,70.65,42.93,0.04148
2009-02-17,0.269779,1.3916648725260545,0.829113364184582,0.8278377377130757,72.71,48.66,0.06964
2009-02-18,0.269511,1.4417193133332147,0.8108878324633314,1.2866865741032887,73.65,48.46,0.11047
2009-02-19,0.267659,1.6237948627663805,0.7218568242278672,1.5086140607594696,76.67,47.08,0.13073
2009-02-20,0.27062,1.802984219739799,0.8498587135690688,1.762670235836585,79.71,49.3,0.1543
2009-02-23,0.275085,1.987508883202137,1.0431046995754238,1.9480101654373652,82.89,52.62,0.17216
2009-02-24,0.265542,1.6854444566021856,0.6068812987730836,0.7920032690971305,78.36,45.49,0.06953
2009-02-25,0.26445,1.5573673707037958,0.5524986124469854,0.734835480713776,76.53,44.67,0.06456
2009-02-26,0.264424,1.2431171398720922,0.5468684310827606,1.0043940634509827,71.63,44.66,0.08912
2009-02-27,0.266643,1.249978869649162,0.6436102949180904,1.2706598333940862,71.87,46.35,0.11356
2009-03-02,0.275082,1.5413252412002376,1.0173576336594807,1.6950255882325063,76.77,52.65,0.15266
2009-03-03,0.272741,1.474108855556011,0.9063492597702253,1.5054291138942146,75.84,50.93,0.13643
2009-03-04,0.268229,1.161306573183858,0.6973393075394919,1.0500398312326578,70.86,47.56,0.09548
2009-03-05,0.271698,1.2476767013477816,0.8485974816214071,1.123147417806792,72.42,50.17,0.10243
2009-03-06,0.270567,1.0771769075323414,0.7917216378420476,1.1295180277968917,69.74,49.33,0.10315
2009-03-09,0.27103,0.8116463885875109,0.8069628465931707,1.4310254328425511,65.41,49.68,0.13082
2009-03-10,0.264003,0.5619666268755847,0.48304777529563314,-0.017524053104344767,61.31,44.37,-0.00193
2009-03-11,0.263004,0.547682644258316,0.43391387122989833,0.16923907749036993,61.11,43.61,0.01472
2009-03-12,0.259858,0.6074213969141483,0.28438230423082983,-0.3981334471056639,62.15,41.18,-0.03734
2009-03-13,0.261405,0.8580630376602036,0.3519155116813609,-0.2835227712925907,66.38,42.36,-0.02718
2009-03-16,0.263213,0.8111481442423846,0.43120108167056537,-0.12527601246466924,65.67,43.74,-0.01301
2009-03-17,0.259394,0.5623422709026072,0.2518895016333428,-0.3257763685053447,61.54,40.8,-0.0317
2009-03-18,0.258451,0.3562911549052417,0.20549300966636644,-0.46959832749770647,58.13,40.06,-0.04525
2009-03-19,0.263166,0.5079384031924612,0.41943633745614645,-0.07481189073085166,60.72,43.68,-0.0094
2009-03-20,0.266068,0.7876226308479183,0.5487270150604046,0.12728175429021704,65.44,45.89,0.00892
2009-03-23,0.262613,0.9204297447095776,0.38460800485852686,-0.5945531144947142,67.75,43.23,-0.05673
2009-03-24,0.262204,0.680247315328926,0.36265533438325737,-0.5269651893450763,63.82,42.93,-0.05065
2009-03-25,0.261322,0.6742504064893257,0.31793162356183013,-0.5818671705218279,63.79,42.25,-0.05573
2009-03-26,0.258879,0.5101161566657146,0.2006606061817784,-0.7820436577566786,61.09,40.36,-0.07411
2009-03-27,0.259746,0.5264099744966221,0.23828060982539317,-0.6789126889315724,61.42,41.04,-0.06491
2009-03-30,0.265623,0.6345720316390691,0.5057856778711554,-0.013896420438272186,63.3,45.54,-0.00429
2009-03-31,0.263785,0.5901686507705338,0.4169129012385964,-0.1503679993859265,62.63,44.14,-0.01668
2009-04-01,0.261358,0.40659593883397754,0.30008677342889784,-0.3287375416309997,59.62,42.28,-0.03269
2009-04-02,0.261067,0.6615073332139129,0.28144320232406955,0.0002789270677689205,63.98,42.04,-0.00251
2009-04-03,0.258033,0.3996769717289012,0.1357970982526227,-0.24647450097311152,59.66,39.7,-0.0247
2009-04-06,0.259622,0.3501313735344491,0.20636552923405127,-0.10234936907797217,58.9,40.93,-0.01139
2009-04-07,0.258901,0.09512782860381151,0.16948029251647698,0.13948835115087974,54.69,40.39,0.01081
2009-04-08,0.256918,0.051947387637480635,0.07183914190351562,-0.03505358156557684,54.03,38.85,-0.00476
2009-04-09,0.253968,0.004165685456673437,-0.0731146431113537,-0.26265944841907957,53.29,36.53,-0.02531
2009-04-13,0.255612,-0.11831931032643585,0.0012750774598214909,-0.12471210755954587,51.31,37.81,-0.01274
2009-04-14,0.255415,-0.3270034663557939,-0.010749266676764674,-0.24579384698827403,47.88,37.67,-0.02364
2009-04-15,0.253504,-0.2704267672491615,-0.10585669039499547,-0.29617990159858965,48.87,36.17,-0.02823
2009-04-16,0.253032,-0.24243465925151078,-0.132567375706955,-0.312580436559096,49.39,35.79,-0.02972
2009-04-17,0.250683,-0.24944088349974408,-0.25016086977028895,-0.45885026198078327,49.35,33.94,-0.04304
2009-04-20,0.257351,0.30885635902156877,0.06838871243156626,-0.1829517530347339,58.66,39.18,-0.01818
2009-04-21,0.254743,0.3320794568505043,-0.06193398280327943,0.3235539533390095,59.13,37.14,0.02773
2009-04-22,0.25597,0.4899520320889339,-0.006810555669886326,0.5120207549567081,61.81,38.1,0.0449
2009-04-23,0.254758,0.5328098732489837,-0.06993166625211988,0.40448211531780176,62.6,37.15,0.03528
2009-04-24,0.254349,0.7207059752133755,-0.09476862670415828,0.4140319655211708,65.77,36.82,0.03626
2009-04-27,0.256266,0.8080752022060097,-0.005733695816332566,0.6549790917750942,67.3,38.32,0.05826
2009-04-28,0.255788,0.8132544544507505,-0.033498005724540966,0.9387971630650198,67.49,37.95,0.08431
2009-04-29,0.25341,0.8018115342551025,-0.15524747535206174,0.679009231955918,67.41,36.08,0.06106
2009-04-30,0.253946,0.7515745048232101,-0.13322481002740771,0.7543450119296009,66.69,36.5,0.06793
2009-05-01,0.252419,0.6145836261697947,-0.21300604477954965,0.7729022381380836,64.53,35.3,0.06963
2009-05-04,0.251468,0.40304829365458583,-0.2663719666108141,0.48145112433671905,61.16,34.53,0.04324
2009-05-05,0.249983,0.13603675099107168,-0.34544207941085353,0.3732303041249227,56.89,33.36,0.03343
2009-05-06,0.248849,0.018701681782768584,-0.4079055717124301,0.4378261071997445,55.06,32.45,0.03932
2009-05-07,0.250087,0.10749697468954092,-0.3496935725432358,0.4720100739579896,56.59,33.44,0.04249
2009-05-08,0.248354,0.22333981089718702,-0.4429395776700222,0.49155744724357425,58.54,32.05,0.04432
2009-05-11,0.249369,0.21298227195409278,-0.3948312219870925,0.4259015632808451,58.45,32.87,0.03841
2009-05-12,0.248019,0.10744628985581103,-0.46813283952573015,0.4398182067976415,56.83,31.8,0.03964
2009-05-13,0.25033,0.2560017865305081,-0.3540087829001567,0.44665927149537926,59.3,33.65,0.04032
2009-05-14,0.247462,0.03366811829926768,-0.5067414414957279,0.2231599717110346,55.83,31.37,0.01996
2009-05-15,0.249658,0.6566959715592242,-0.39839846875009316,0.3819966141998684,65.84,33.12,0.03436
2009-05-18,0.246056,0.4462432492955349,-0.5920833819651943,0.40963112011785624,62.6,30.24,0.03691
2009-05-19,0.244058,0.2566863699992544,-0.6920644793127608,0.32132196695826054,59.7,28.8,0.02882
2009-05-20,0.244351,0.3561701014967602,-0.6823370981605691,0.3608943491563915,61.35,29.03,0.03235
2009-05-21,0.247432,0.38435603224081705,-0.5347472485700194,0.527709054396422,61.88,31.35,0.04747
2009-05-22,0.249043,0.812327161059808,-0.4552604771776446,0.7246939261420234,68.66,32.63,0.06543
2009-05-26,0.246538,0.3388253340393844,-0.5939778620480787,0.3938660255347099,61.38,30.62,0.03535
2009-05-27,0.248709,0.576779189950934,-0.4829027206093847,0.47449733134403915,65.16,32.36,0.04261
2009-05-28,0.247854,0.568513524857474,-0.5337535551638837,0.44860224710891716,65.12,31.67,0.0402
2009-05-29,0.244281,0.07967925116172021,-0.722759455466208,0.11840765045201657,57.64,28.92,0.01005
2009-06-01,0.245844,0.18376863448174113,-0.6527311792442402,0.12194831881345687,59.33,30.04,0.01026
2009-06-02,0.245333,0.039976972012119555,-0.6858703146813735,0.3084537690137204,57.21,29.63,0.0271
2009-06-03,0.247062,0.2577349305649506,-0.5964855457104865,0.4088339234225029,60.62,31.02,0.03607
2009-06-04,0.246019,0.2781287078704721,-0.6579154802748717,0.3566410161551893,61.01,30.18,0.03117
2009-06-05,0.245316,0.143881051025152,-0.7000739966454615,0.3497983514167831,59.04,29.62,0.03033
2009-06-08,-0.201748,0.054571409081117926,-0.6950675300712099,0.5029583520254752,57.78,29.77,0.04414
2009-06-09,-0.48102,-0.12390231426616649,-0.8000939031122827,0.4847118051705097,55.13,28.27,0.04239
2009-06-10,-0.233859,-0.08391953887408872,-0.7896064353645368,0.5008330622565856,55.8,28.46,0.04377
2009-06-11,-0.596843,-0.06203748330928333,-0.816070270600561,0.728515165949556,56.19,28.11,0.06431
2009-06-12,0.184577,-0.16757822279296403,-0.8152594144043228,0.7487045737200848,54.66,28.15,0.06613
2009-06-15,0.24679,-0.058554824596386786,-0.6353108487628015,0.8817841210131996,56.37,30.81,0.07825
2009-06-16,0.249131,0.22742912251571254,-0.511043075826896,1.2826006950431648,60.73,32.68,0.11493
2009-06-17,0.247694,-0.1847377960180836,-0.5943139829221754,1.150304974593535,54.71,31.54,0.10356
2009-06-18,0.245807,-0.3294670603336269,-0.7031313143226374,0.9691184457937655,52.67,30.03,0.08755
2009-06-19,0.243004,-0.49270722473539336,-0.847996967610529,0.8516982032106738,50.36,27.99,0.07712
2009-06-22,0.247211,0.08705426176839719,-0.6307517694672204,0.8718167559713185,58.94,31.17,0.07918
2009-06-23,0.24645,0.08136653553235369,-0.6753892208166934,1.015100037874116,58.94,30.58,0.09252
2009-06-24,0.244365,-0.06499394387435072,-0.7855886279192444,0.948333395782162,56.9,29.05,0.08671
2009-06-25,0.240728,-0.3167802461678193,-0.9766492911483116,0.5834050794739328,53.35,26.36,0.05344
2009-06-26,0.240118,-0.22787042336640387,-1.0098023323850187,0.5913163531216703,54.72,25.93,0.05427
2009-06-29,0.23935,-0.45042225368284544,-1.0515381187125106,0.7314623461006092,51.6,25.35,0.06722
2009-06-30,0.240709,-0.45549912898197886,-0.9826946680708099,0.8214294106088176,51.61,26.35,0.07566
2009-07-01,0.240549,-0.26807318587146,-0.9931678126381271,0.8565889866191446,54.36,26.22,0.07909
2009-07-02,0.242813,-0.24940272875705569,-0.8733753162257603,0.8211942131019001,54.72,27.95,0.07608
2009-07-06,0.244284,-0.4758538154972283,-0.800759904684651,0.9254323520246016,51.59,29.0,0.08582
2009-07-07,0.246748,-0.21064829961428796,-0.6729217698746129,1.0286533169451983,55.4,30.85,0.09552
2009-07-08,0.24736,-0.2018121911359051,-0.6435111051829356,1.091571082269024,55.61,31.3,0.10132
2009-07-09,0.245278,-0.4450979521851457,-0.7542431583540813,0.9084847777485012,52.35,29.78,0.08474
2009-07-10,0.244204,-0.5260337202955062,-0.8100021174459644,0.8533193536816309,51.34,29.02,0.07978
2009-07-13,0.240548,-0.8059542010987888,-1.0030066975517373,0.33031625360427685,47.6,26.31,0.03145
2009-07-14,0.238759,-0.7428784805424175,-1.0933991253761979,0.3297884599935809,48.53,25.02,0.03113
2009-07-15,0.240139,-0.5835880177771846,-1.0300615267286193,0.22422815741288663,50.77,25.89,0.02101
2009-07-16,0.239525,-0.7463495200944374,-1.0617222524538497,0.16472973503213856,48.63,25.42,0.01512
2009-07-17,0.238001,-0.32262967831338385,-1.1380173229935724,0.06171158469128446,54.48,24.34,0.00552
2009-07-20,0.238147,-0.22931638033848223,-1.1333654057010119,0.04205955194451982,55.85,24.4,0.00358
2009-07-21,0.237417,-0.29439409997275284,-1.170933899298553,0.3287079954324965,55.09,23.87,0.02979
2009-07-22,0.236846,-0.3669665806015498,-1.1996770759179132,0.2806962694193543,54.25,23.47,0.02539
2009-07-23,0.236916,-0.2990659369646803,-1.2041247707581322,0.157568663293586,55.29,23.43,0.01417
2009-07-24,0.236449,-0.5297265068272826,-1.229634430632035,0.21919005403104622,52.42,23.09,0.01987
2009-07-27,0.238148,-0.3801951522033192,-1.1453971229352398,0.35561013503755845,54.47,24.28,0.03243
2009-07-28,0.239159,-0.19228636314769568,-1.0947576596304867,0.43626164397266365,56.99,25.01,0.03985
2009-07-29,0.239975,-0.07456978115743344,-1.0528659467611212,0.5259703298606648,58.59,25.61,0.04811
2009-07-30,0.239741,0.010370627367947806,-1.0699694294077702,0.4762988327909114,59.77,25.4,0.04378
2009-07-31,0.240469,0.3307238533854716,-1.0358585713773236,0.9305986990003041,63.88,25.92,0.08582
2009-08-03,0.240043,-0.1169472824379643,-1.0632072319858898,0.8492989810459195,58.41,25.56,0.07882
2009-08-04,0.239124,-0.38386454822611754,-1.1126361340560824,1.0478624114961548,55.23,24.89,0.09757
2009-08-05,0.239123,-0.7671069042274348,-1.1128308509165286,1.0328082691775127,50.66,24.9,0.09675
2009-08-06,0.240169,-0.5403271905341244,-1.0606314982632299,1.0491429209932042,53.55,25.67,0.09895
2009-08-07,0.238966,-0.6707730762973039,-1.1290255922561125,0.9718697260629333,52.14,24.76,0.09246
2009-08-10,0.239271,-0.9071131926067838,-1.1150977927144734,1.1006062899882583,49.49,24.99,0.10504
2009-08-11,0.2406,-0.6120041859722141,-1.0466432314642813,1.057362770672957,53.11,25.99,0.10179
2009-08-12,0.239905,-0.7591313202003367,-1.0891545462330579,1.2563871141765122,51.55,25.45,0.1211
2009-08-13,0.238907,-0.874464436326027,-1.145064007358186,1.174378834719126,50.35,24.71,0.11436
2009-08-14,0.238248,-0.9186581346605627,-1.1788362963763135,1.0545007419943615,49.97,24.27,0.10391
2009-08-17,0.243158,-0.2990702166069126,-0.921544725574246,1.1479764720721093,57.18,27.89,0.11341
2009-08-18,0.240841,-0.5903641565432586,-1.049850165755103,0.9306796120739538,54.01,26.18,0.09376
2009-08-19,0.240985,-0.560922027639929,-1.0475018576480954,0.9259841583599395,54.45,26.26,0.09392
2009-08-20,0.239411,-0.7925152235787747,-1.1354046412625771,0.9470561663752765,51.98,25.09,0.09649
2009-08-21,0.23939,-0.49330884082106036,-1.144535941929913,0.8190044298439946,55.41,25.01,0.085
2009-08-24,0.239569,-0.49023028134218344,-1.1388766152215362,0.8244739217026154,55.58,25.14,0.08602
2009-08-25,0.239274,-0.2769819912119115,-1.1595741581682837,0.8051776904812978,58.02,24.92,0.08474
2009-08-26,0.239316,-0.16868602480665204,-1.1602588024500002,0.8214412956565906,59.29,24.95,0.08676
2009-08-27,0.238954,0.10924430918032811,-1.1832535336738452,0.8246228358226693,62.34,24.68,0.08752
2009-08-28,0.239056,-0.31181034145346204,-1.1811358384338977,0.8219477889443287,58.02,24.76,0.08772
2009-08-31,0.240752,-0.4297503262697797,-1.0935596555897489,0.9888323579087102,56.92,26.01,0.10411
2009-09-01,0.244785,0.38271860188021145,-0.8666363741791059,1.1104662582614746,65.37,29.15,0.11632
2009-09-02,0.24447,0.2768580057028999,-0.8891924462891175,1.076711236075023,64.36,28.9,0.11374
2009-09-03,0.242178,-0.3629662348250837,-1.0265485320228338,0.8680055363923884,58.0,27.1,0.09425
2009-09-04,0.239692,-0.7256786835772598,-1.1644930368827144,0.6758791372798489,54.49,25.26,0.07614
2009-09-08,0.240234,-1.1764395324510082,-1.1394481094440025,0.6918181465596455,50.18,25.62,0.0779
2009-09-09,0.238463,-1.4113240034885766,-1.2378339892410184,0.6140480681005476,48.04,24.32,0.07065
2009-09-10,0.237437,-1.5167006309739741,-1.2939904918077298,0.5395532011424838,47.16,23.55,0.06367
2009-09-11,0.23827,-1.3018344996440006,-1.24884726453752,0.606634756719227,49.37,24.15,0.07032
2009-09-14,0.237896,-1.4959504616489194,-1.2701233572574406,0.6077381337209844,47.7,23.86,0.0707
2009-09-15,0.237295,-1.6102439399622404,-1.3013210767672405,0.883093901298738,46.76,23.42,0.09747
2009-09-16,0.237749,-1.5047674653302974,-1.2758511720393033,0.8644710287230627,47.82,23.69,0.09603
2009-09-17,0.237678,-1.6837750734409729,-1.2743271833715701,0.8403019874929099,46.25,23.65,0.09412
2009-09-18,0.238068,-1.2778676396504685,-1.247076811850723,0.8922888654592204,50.1,23.92,0.09949
2009-09-21,0.238247,-1.2331473713060361,-1.2311397084369806,1.0086896182266252,50.65,24.06,0.1114
2009-09-22,0.236908,-1.6035544574118887,-1.297739798234304,0.8927747727817897,47.34,23.08,0.10092
2009-09-23,0.237433,-1.3899115739509373,-1.2611135642116074,0.8578854735063447,49.3,23.49,0.09822
2009-09-24,0.239421,-0.9785840562367323,-1.1479131500797692,0.9471811005560178,53.07,24.95,0.10752
2009-09-25,0.240307,-0.7606935537011635,-1.0945161253588487,0.987370279946474,55.09,25.61,0.11214
2009-09-28,0.239379,-1.0641904042027295,-1.1433808851303053,0.7903470328057636,52.28,24.88,0.09376
2009-09-29,0.239798,-0.9359652759151799,-1.1156425291918548,0.8505002619849232,53.42,25.19,0.10021
2009-09-30,0.240363,-0.8807957348898433,-1.076927381714976,1.1590684441750567,53.87,25.61,0.13083
2009-10-01,0.243717,-0.3423933148516453,-0.8793449234475188,1.072357401637772,58.83,28.27,0.12314
2009-10-02,0.244223,-0.1733250401185909,-0.8452945306222165,1.1141425575414676,60.41,28.68,0.12784
2009-10-05,0.241953,-1.0845243676254162,-0.9714969196401063,0.8965035168221416,51.96,26.84,0.10769
2009-10-06,0.240477,-1.2415076945892416,-1.04631271155879,0.7323967228271222,50.45,25.7,0.0926
2009-10-07,0.239077,-1.5522399719827202,-1.1110045059284654,0.6366141779825095,47.47,24.68,0.08393
2009-10-08,0.238418,-1.6045430264185276,-1.1378794340754512,0.5979379133540768,46.85,24.18,0.08071
2009-10-09,0.236964,-1.949226209892994,-1.2048560073536492,0.4785824602318507,43.46,23.12,0.06959
2009-10-12,0.236831,-1.8200276845386685,-1.2047748657520605,0.4713918932270095,44.5,23.01,0.0691
2009-10-13,0.236789,-1.7465446846240713,-1.2006619500944924,0.465690824369501,45.01,22.99,0.06847
2009-10-14,0.236694,-1.5614906457195035,-1.200430501195622,0.4185881057031117,46.65,22.86,0.06458
2009-10-15,0.235108,-1.892364700738416,-1.273101602133803,0.2955209907303472,43.35,21.72,0.05358
2009-10-16,0.234653,-1.2376806286163207,-1.2883048024379906,0.2254157001866876,49.5,21.43,0.04746
2009-10-19,0.234788,-0.8106221919321532,-1.2773696987251906,0.20828545727583406,53.56,21.49,0.04638
2009-10-20,0.233913,-0.966825754901001,-1.3158496355273213,0.13042897773221426,52.01,20.9,0.03945
2009-10-21,0.235743,-0.49917894990044337,-1.207954384219094,0.27406424518517214,56.45,22.22,0.05361
2009-10-22,0.233621,-1.0370598647965232,-1.3104805850208054,0.11225983361663346,51.22,20.69,0.03974
2009-10-23,0.235805,-0.6043373779840078,-1.1886647768264025,0.22626084580226757,55.31,22.27,0.05052
2009-10-26,0.238605,-0.275682038976289,-1.031464455057542,0.4971267339571347,58.38,24.31,0.07531
2009-10-27,0.239312,-0.20780764543624194,-0.9930564901801543,0.5488190271417239,58.93,24.83,0.08027
2009-10-28,0.243281,0.46432075648609783,-0.7574534287077086,0.7424748730475592,64.93,27.91,0.09775
2009-10-29,0.239226,-0.17066914479785075,-0.9973337811708172,0.4764197254183102,59.12,24.76,0.07463
2009-10-30,0.24674,0.6328432823501183,-0.527799551225485,0.820167192798567,66.05,30.69,0.10552
2009-11-02,0.245608,0.3258642580388727,-0.5937580006587514,0.7745208947978452,63.33,29.78,0.10185
2009-11-03,0.244402,0.08181887056265696,-0.664952086299884,0.7293796199814493,61.17,28.81,0.09812
2009-11-04,0.243049,-0.03562949403298973,-0.7458794710861663,0.6038470422879326,60.15,27.72,0.08749
2009-11-05,0.240156,0.015276283836369082,-0.922815688253678,0.19526321751542305,60.59,25.43,0.05446
2009-11-06,0.238449,-0.46456048407847905,-1.014984471403419,0.03484466956542951,56.42,24.19,0.04286
2009-11-09,0.237105,-0.7804166634018672,-1.0936300036718145,-0.29313661494033993,53.64,23.15,0.01862
2009-11-10,0.23667,-0.9212420885872652,-1.1109190889743954,-0.35276845626099457,52.37,22.84,0.01588
2009-11-11,0.236975,-0.886125910953555,-1.0879832338746545,-0.2272603608274609,52.61,23.04,0.02581
2009-11-12,0.238598,-0.004226235280022327,-0.9839191363066064,-0.10769851294948425,60.13,24.24,0.03514
2009-11-13,0.2374,-0.1814568420461221,-1.0530292665096084,-0.21664036696621478,58.57,23.36,0.02729
2009-11-16,0.236813,-0.29858231483643377,-1.085882073465239,-0.33663546614888545,57.53,22.89,0.01911
2009-11-17,0.236145,-0.2728702701337255,-1.1231545134114649,-0.38638021792780824,57.69,22.41,0.01577
2009-11-18,0.235042,-0.6083791346010571,-1.1888346413179156,-0.45320150683373617,54.81,21.63,0.01093
2009-11-19,0.236384,-0.6406265521974276,-1.1015875146822787,-0.35938539330548086,54.49,22.63,0.01776
2009-11-20,0.235748,-0.7524538892927685,-1.1449029842813463,-0.35594886220015154,53.51,22.19,0.0178
2009-11-23,0.234358,-0.5592850480012177,-1.2525284679123418,-0.4873182334154056,55.06,21.16,0.00798
2009-11-24,0.233369,-0.5774132362564525,-1.3235282872487495,-0.5750309251614018,54.86,20.47,0.00174
2009-11-25,0.233407,-0.37939044513506837,-1.3221336332250633,-0.36347995952214407,56.43,20.48,0.01777
2009-11-27,0.239461,0.905649322090823,-0.9059291564593122,0.253418892747924,66.74,24.85,0.06221
2009-11-30,0.239008,0.43269161156340163,-0.9322410232167859,0.6858133967870473,62.9,24.51,0.09323
2009-12-01,0.235448,-0.5296473628044726,-1.174269905023644,0.2680936711241866,55.14,21.92,0.06445
2009-12-02,0.234316,-0.8793432601431417,-1.256920663680205,0.14314916799475816,52.31,21.12,0.05618
2009-12-03,0.236168,-0.3276698519979335,-1.1246164937172924,0.2585810354352425,56.62,22.46,0.0647
2009-12-04,0.234485,-0.7214906164809823,-1.2435847406655536,0.23718213970484361,53.51,21.25,0.06381
2009-12-07,0.235676,-0.737820182019333,-1.1591747456312365,0.3463239736471161,53.35,22.1,0.07161
2009-12-08,0.237853,-0.18177658517407644,-0.9943611093230252,0.8013529786913008,57.53,23.69,0.10209
2009-12-09,0.236431,-0.7525321974262469,-1.098400724090133,0.6315142314358624,53.18,22.66,0.09117
2009-12-10,0.235982,-0.9952188778396598,-1.132212289460399,0.5686595707641744,51.31,22.32,0.08738
2009-12-11,0.23497,-1.1952135497493717,-1.2056007555191293,0.5308354925360158,49.75,21.59,0.08516
2009-12-14,0.234381,-1.4781308712712455,-1.2489269535571654,0.4442260939612638,47.55,21.15,0.08013
2009-12-15,0.234835,-1.3270076980757377,-1.2075319445880177,0.6272123410799322,48.59,21.49,0.09134
2009-12-16,0.233486,-1.4706833445231824,-1.3087039720775748,0.4598842134499755,47.43,20.54,0.08181
2009-12-17,0.236221,-0.8627488171980069,-1.0868758518045731,0.6841143585328139,51.92,22.51,0.0949
2009-12-18,0.235079,-1.046982668337303,-1.1717339632865076,0.6672165352534336,50.48,21.68,0.09374
2009-12-21,0.233438,-1.241475141909995,-1.2951279502478625,0.3724311669100958,48.96,20.49,0.07781
2009-12-22,0.232087,-1.6283047305842822,-1.3901918655942738,0.33572176101518836,45.96,19.54,0.07622
2009-12-23,0.232346,-1.4231456589078557,-1.3604025272842162,0.360104640664675,47.4,19.71,0.07784
2009-12-24,0.232027,-1.6931747998394309,-1.3764807178038738,0.29893559738653547,45.26,19.47,0.07511
2009-12-28,0.232699,-1.7881579039016935,-1.314732403063901,0.7818314970073902,44.42,19.93,0.09948
2009-12-29,0.02397,-1.5665336042069262,-1.2954231654276767,0.7900156344993197,45.98,20.01,0.10008
2009-12-30,-0.451772,-2.229008843278643,-1.2908756754988473,0.9354468056976081,40.78,19.96,0.10734
2009-12-31,0.235138,-0.9678544643110676,-1.0903219452542312,1.1301128185894056,50.31,21.68,0.11714
2010-01-04,0.232883,-2.161738281162015,-1.2626730927442036,0.6110683973782187,41.0,20.04,0.09227
2010-01-05,0.084758,-2.5565455856008934,-1.328205433159826,0.4808809281874987,37.69,19.35,0.08617
2010-01-06,-1.014009,-2.6800206514976868,-1.3377847775051634,0.45611707478707025,36.43,19.16,0.08512
2010-01-07,-1.01401,-2.880705197621856,-1.3372984413201268,0.6155267179444376,34.52,19.06,0.093
2010-01-08,-1.014226,-2.9627468345517363,-1.428791337833467,0.42935153792740444,33.4,18.13,0.08381
2010-01-11,-1.014374,-3.0044350091145122,-1.4804873183119038,0.33213651014329043,32.58,17.55,0.07891
2010-01-12,-1.014239,-3.0307971259010142,-1.391378948107612,0.3262013376258732,31.84,18.25,0.07845
2010-01-13,-1.014297,-2.811066720139165,-1.4253435598670867,0.22989132913187957,33.16,17.85,0.07343
2010-01-14,-1.014344,-3.3296438217818607,-1.4380019909224502,0.25322249858420565,28.18,17.63,0.0743
2010-01-15,-0.152673,-3.5569567714241455,-1.3992868858363043,0.1316237319701236,25.41,17.91,0.06805
2010-01-19,-0.623099,-1.9776781401035457,-1.430074858278366,0.17245360381989824,38.92,17.58,0.06906
2010-01-20,0.230932,-1.5998817395922584,-1.298209730216726,0.24600437847901058,42.17,18.68,0.07179
2010-01-21,0.235975,-0.656435982889139,-0.8952715147478644,0.730786239641699,50.72,22.27,0.09196
2010-01-22,0.242578,0.7385575405191933,-0.3187744597943833,1.414013352884493,63.41,27.31,0.12178
2010-01-25,0.240236,0.2118791657164113,-0.5286525546081305,0.9595580098845855,58.59,25.41,0.10191
2010-01-26,0.239049,0.34653954698576517,-0.621236372975208,0.7988015872819952,59.77,24.55,0.09475
2010-01-27,0.23711,0.0019031817028420915,-0.7779584826038017,0.44589121592753805,56.6,23.14,0.07927
2010-01-28,0.237876,0.17535062113828548,-0.7031107598628192,0.4810552680788762,58.13,23.73,0.08087
2010-01-29,0.239066,0.5006374282151175,-0.5936983481255812,0.6299639808161238,61.04,24.62,0.08759
2010-02-01,0.236302,-0.0037855307497788038,-0.8239798537390773,-0.003273854560564929,56.46,22.59,0.0601
2010-02-02,0.234799,-0.0011517542692552267,-0.9475884965124145,-0.1735649498757484,56.42,21.48,0.05264
2010-02-03,0.234941,0.24701724638099554,-0.9272047598772155,-0.13720531397261637,58.59,21.6,0.05407
2010-02-04,0.241033,1.3332647754438953,-0.3916103696499661,0.20747320281758722,68.23,26.08,0.0691
2010-02-05,0.241073,0.8468785897831311,-0.3818545580156143,0.22589924659651614,63.89,26.11,0.06989
2010-02-08,0.241559,0.8033457530742787,-0.3279102991577488,0.33044534322545627,63.42,26.51,0.07444
2010-02-09,0.240941,1.105358747702152,-0.38287774529004814,0.027855758671146574,65.96,26.0,0.0613
2010-02-10,0.240121,1.399755419957278,-0.4490431669349352,-0.08233844624237002,68.52,25.4,0.05647
2010-02-11,0.23817,1.2565230253997226,-0.6179445385364756,-0.4348746834138732,67.21,23.96,0.04104
2010-02-12,0.236435,0.9934758372237725,-0.7625888744770977,-0.6939273133194909,64.9,22.73,0.02973
2010-02-16,0.235849,0.49685538947681446,-0.8151553268587388,-1.0511883435643639,60.58,22.25,0.01415
2010-02-17,0.235122,0.393462786755862,-0.8742919368551973,-1.048937203434358,59.62,21.72,0.01406
2010-02-18,0.233604,0.04653939651251714,-1.0063335104793467,-1.2850477580978654,56.55,20.63,0.00339
2010-02-19,0.232738,0.1634889315489211,-1.079719210708706,-1.1780791781847528,57.48,20.02,0.00763
2010-02-22,0.232616,0.2583009269217986,-1.0856160931751135,-0.789502647260473,58.19,19.94,0.02427
2010-02-23,0.234601,1.1682312498516874,-0.8994790112727571,-0.5673768303642028,65.65,21.37,0.03368
2010-02-24,0.233079,1.2179345321375772,-1.0439318750727726,-0.8751332348909528,65.81,20.27,0.02028
2010-02-25,0.232822,0.8442100483794966,-1.0617051921679357,-0.8981525869048712,62.62,20.1,0.01905
2010-02-26,0.23196,1.129230878724191,-1.1364623650537984,-0.9056160915279657,64.76,19.5,0.01849
2010-03-01,0.231667,0.5165839120267559,-1.1635807314182987,-0.9112006176904975,59.82,19.26,0.01794
2010-03-02,0.231388,0.38706219566295874,-1.1873381344681995,-0.816353991502424,58.72,19.06,0.0217
2010-03-03,0.231053,0.2589132657936173,-1.2248992209077785,-0.7398282835868188,57.61,18.83,0.02474
2010-03-04,0.230913,0.419345041225159,-1.2446281907537926,-0.7293922934981777,58.74,18.72,0.02493
2010-03-05,0.229063,-0.29038926220388833,-1.4297281053515583,0.05799336361819628,53.27,17.42,0.05791
2010-03-08,0.229616,-0.5434442990612992,-1.3820506891540487,0.13447066137551647,51.31,17.79,0.06094
2010-03-09,0.229821,-0.40496846064954634,-1.3679132862077201,0.3715289919370167,52.3,17.92,0.07072
2010-03-10,0.230808,-0.20081959596793966,-1.2770364313506593,0.6588584933121581,53.78,18.57,0.08237
2010-03-11,0.230079,-0.6469471362771418,-1.3522191395775598,0.5792645391886175,50.43,18.06,0.07932
2010-03-12,0.229363,-0.8349897989717371,-1.4227418125035471,0.4955154269138498,48.99,17.58,0.07606
2010-03-15,0.229991,-0.8229030210778031,-1.3516866591561867,0.6353458417941387,49.03,18.0,0.08207
2010-03-16,0.229576,-1.1843834547158147,-1.3956424868183355,0.8837980000045041,46.3,17.69,0.09247
2010-03-17,0.22844,-1.353782156561546,-1.516223952877342,0.6734264535680469,44.98,16.91,0.08417
2010-03-18,0.227997,-1.3381146164954616,-1.5553110965019488,0.6047640150821271,45.01,16.62,0.08163
2010-03-19,0.228497,-1.283930544227827,-1.4920295000179669,0.5844062086014408,45.33,16.97,0.08102
2010-03-22,0.228377,-1.424626931714834,-1.5071660576538726,0.5612479075083608,44.2,16.87,0.08034
2010-03-23,0.227629,-1.4804267621674287,-1.5964936952206417,0.8507705367822949,43.7,16.35,0.09203
2010-03-24,0.22941,-1.0995977065794327,-1.3985692430912255,1.0866941013346556,46.46,17.55,0.10128
2010-03-25,0.230658,-0.5199667966923525,-1.2568700653558897,1.3150529753322542,50.71,18.4,0.11008
2010-03-26,0.229732,-1.1461103571359237,-1.3617014156532041,1.1457774205267646,46.02,17.77,0.10359
2010-03-29,0.229497,-1.2257131170916915,-1.3883802055387102,1.215282903009337,45.36,17.59,0.10587
2010-03-30,0.228809,-1.3420206707120013,-1.464760048306914,1.080558728243139,44.42,17.13,0.10075
2010-03-31,0.229478,-0.9952279599117593,-1.3932236497133843,1.1339020547969232,46.92,17.59,0.10292
2010-04-01,0.229343,-0.887930913802183,-1.4203979372057531,1.0385809507068455,47.66,17.47,0.0997
2010-04-05,0.228716,-1.759592812911727,-1.50386367519308,1.172792276229876,41.12,17.02,0.10452
2010-04-06,0.227526,-2.087086226117529,-1.6509233214025918,0.9555423083066428,38.55,16.23,0.09712
2010-04-07,0.228085,-2.0299023809067998,-1.5761637358321963,0.8987523433685122,38.78,16.62,0.09526
2010-04-08,-1.014487,-2.1961474084076067,-1.6034792409401626,0.8658313901644439,37.33,16.48,0.0943
2010-04-09,-1.014554,-2.1652380420168957,-1.6680649072333151,0.7129145579723973,37.34,16.14,0.08926
2010-04-12,-0.116568,-2.155013408515854,-1.7713128412587962,0.5552664125854759,37.2,15.58,0.08406
2010-04-13,-0.274334,-2.0425660565636847,-1.6435241184723253,0.73527360999226,37.86,16.2,0.09032
2010-04-14,-0.206472,-2.581304354526072,-1.755953483038272,0.4226101358593277,33.45,15.59,0.08004
2010-04-15,-0.926247,-2.7209102557909572,-1.692153686863678,0.5395516520523456,32.04,15.89,0.0841
2010-04-16,-0.689328,-1.8013935792481552,-1.2038449378289133,0.5921261735528133,39.08,18.36,0.08597
2010-04-19,-1.014176,-2.2832775054253784,-1.3979997124416808,0.333041682117093,35.05,17.34,0.07784
2010-04-20,-1.014624,-2.5880461674845474,-1.7052341096577917,-0.2517414424098072,32.32,15.73,0.05986
2010-04-21,-1.014436,-1.8217641036627563,-1.588835916573003,-0.020336116984534195,38.3,16.32,0.06738
2010-04-22,-1.014376,-2.157211564393958,-1.5550940558615518,0.13080999944299082,35.34,16.47,0.07216
2010-04-23,-1.014287,-1.6537792296005833,-1.5241501971962326,0.14713524438587197,39.33,16.62,0.07276
2010-04-26,-1.014071,-1.578617684603167,-1.3482945941828055,0.3375527560712565,39.83,17.47,0.0787
2010-04-27,-1.01313,0.20402361138896197,-0.24522139682397712,0.9920365061050591,54.72,22.81,0.09874
2010-04-28,-1.013375,-0.6136605813862771,-0.5996105878029203,0.36303782237705456,47.82,21.08,0.0798
2010-04-29,-1.013849,-1.4668079969413474,-1.158762319441843,-0.6848157989068346,40.67,18.44,0.04789
2010-04-30,-1.013233,-0.060128677965837485,-0.3777434611367388,0.10515287571281876,52.27,22.05,0.07188
2010-05-03,-1.013494,-0.9894834276934195,-0.7781354988321814,-0.6467451045575742,44.54,20.19,0.049
2010-05-04,-0.797054,-0.33161188838027583,0.03462128968974283,-0.17447978601476824,49.9,23.84,0.0633
2010-05-05,-0.28753,0.2470218231029579,0.2843648258542097,0.16515528021953582,54.62,24.91,0.07372
2010-05-06,0.16633,1.719916638624249,2.079745156160809,1.7221813825086243,66.72,32.8,0.12114
2010-05-07,0.259845,2.6153508234289182,3.9208601162246834,4.321013813833212,74.25,40.95,0.20088
2010-05-10,-1.013209,0.8601578953053081,1.152396697956041,-1.4287207536060555,59.9,28.84,0.02475
2010-05-11,-1.013194,1.3757909140995577,1.044461408506309,-1.5849060330857754,64.23,28.32,0.01961
2010-05-12,-0.948603,0.8622724141647365,0.42809993619345116,-2.514523206416991,59.97,25.52,-0.01011
2010-05-13,-0.250131,1.1606922568803617,0.6978600075832876,-2.1917151407265063,62.5,26.68,-0.00081
2010-05-14,0.2475,1.4910499788607896,1.7479705365342941,-0.8186137514405601,65.31,31.24,0.04284
2010-05-17,0.247001,0.33377034560170016,1.65744282651663,-0.9220389796747799,55.61,30.84,0.03969
2010-05-18,0.250392,1.0668847823826244,2.2851113679137187,-0.08066858982122968,61.73,33.55,0.06681
2010-05-19,0.252628,1.4301514736283698,2.671186871492111,0.47098252582462524,64.78,35.32,0.08465
2010-05-20,0.266157,4.1041466654530785,4.9871347316429775,2.9252290505321388,87.4,45.79,0.16344
2010-05-21,0.258732,2.739635616956934,3.5343350303665586,0.9451567995970704,76.7,40.1,0.10097
2010-05-24,0.256431,3.328693766369181,3.0853326063884445,0.3588577674005675,82.25,38.32,0.08214
2010-05-25,0.251702,2.121634134642789,2.271669873164574,-0.5910242174365459,71.96,34.61,0.05133
2010-05-26,0.252217,3.5557984787456864,2.339539316709458,-0.37865588147839613,85.06,35.02,0.05832
2010-05-27,0.24553,2.490888071410349,1.2257907872311575,-2.7176157252104183,76.02,29.68,-0.01743
2010-05-28,0.248509,2.7013035742744225,1.7242539414982032,-1.8940540900282503,78.22,32.07,0.00826
2010-06-01,0.252879,3.321815487870792,2.4300897174303397,-0.7281278764445779,84.49,35.54,0.04652
2010-06-02,-0.165723,2.3830171892028265,1.3088079740820655,-2.700659711580231,76.22,30.17,-0.01763
2010-06-03,-0.44659,2.3146560649421724,1.162725595791026,-2.903787001385399,75.88,29.46,-0.02547
2010-06-04,0.252799,2.87530231985415,2.3968208993570426,-1.1344586929865597,81.65,35.48,0.03216
2010-06-07,0.254177,3.1117457572850267,2.5947950752341846,-0.7846692909475276,84.51,36.57,0.04388
2010-06-08,0.250543,2.600591480770809,1.9861461124921558,-0.41762184801577384,80.0,33.7,0.05625
2010-06-09,0.250576,2.3814334332407605,1.979209399725647,-0.41118094731541766,78.18,33.73,0.05653
2010-06-10,0.246629,2.263595836125333,1.3354055790634776,-1.8738439265260958,77.32,30.57,0.00778
2010-06-11,0.244414,1.7704155189413922,0.9785335978737165,-2.3771790472584966,72.47,28.79,-0.00961
2010-06-14,0.244151,1.540268944947826,0.9359298422536457,-2.233583301390047,70.22,28.58,-0.00591
2010-06-15,0.240818,1.0101693354533035,0.39872326790408896,-3.367681177459973,64.74,25.87,-0.0458
2010-06-16,0.240879,1.3950195694935397,0.41393685144538,-3.1555300889607865,68.88,25.92,-0.0414
2010-06-17,0.050948,1.1792669525489223,0.2478484375730282,-3.3189275411490504,66.66,25.05,-0.04961
2010-06-18,0.150535,1.1566232377269596,0.033312506053760106,-2.513284080300412,66.5,23.95,-0.02331
2010-06-21,0.239592,1.1578380080584683,0.22559251856775828,-2.1224483540351957,66.6,24.88,-0.01048
2010-06-22,0.242259,1.859989669663853,0.6660429305082095,-1.5744060071653805,74.23,27.05,0.00879
2010-06-23,0.242083,1.5332475171417919,0.6434064626412674,-1.606873128681522,70.89,26.91,0.00703
2010-06-24,0.245583,1.8283761838818111,1.2228432436420789,-1.0035818861296295,74.21,29.74,0.02898
2010-06-25,0.244079,1.4439580993530925,0.9760092292452697,-0.6162961281719668,70.21,28.53,0.04319
2010-06-28,0.244662,1.753958727233044,1.0682118897905326,-0.39744583629164054,73.74,29.0,0.05133
2010-06-29,0.251071,2.2977608602145208,2.1012768639823025,0.5215841784000375,79.93,34.13,0.08571
2010-06-30,0.251583,2.3837755492054256,2.158823538296862,1.1139528144853597,81.26,34.54,0.10798
2010-07-01,0.249458,1.6505400684750835,1.7998095686381885,0.6992766462857047,73.41,32.86,0.09264
2010-07-02,0.246016,1.493783793355988,1.2424225516384981,0.752849844426914,71.81,30.12,0.09473
2010-07-06,0.245434,1.0742599595686837,1.1458252501319148,0.7053859954839136,67.18,29.65,0.09304
2010-07-07,0.24197,0.8314800311523382,0.590571945425565,-0.7062069451878652,64.5,26.84,0.03998
2010-07-08,0.240558,0.7238096624084998,0.3720354613141841,-1.0323740187661463,63.32,25.71,0.0275
2010-07-09,0.239583,0.5112251282672547,0.23297339282550747,-0.6135614566824136,60.93,24.98,0.04295
2010-07-12,0.238824,0.5946477385998991,0.12786170862597215,-0.7371386530261873,61.92,24.43,0.03813
2010-07-13,0.239076,0.6562718539450177,0.15771523040347848,-0.8853235365857766,62.67,24.56,0.03236
2010-07-14,0.239531,0.5513778452758399,0.2250663050432385,-0.3449001868730674,61.53,24.89,0.05272
2010-07-15,0.239882,0.8048877685042893,0.275093949007843,-0.28474069093229076,64.48,25.14,0.05508
2010-07-16,0.241245,1.2693778063782666,0.49743265513566387,-0.6049599551498759,69.86,26.25,0.04324
2010-07-19,0.240905,1.7303547035332456,0.4407337292903646,-0.7263576572388338,75.27,25.97,0.03887
2010-07-20,0.23815,0.9212162599686233,0.03211691364854304,-1.4070349375558977,66.13,23.93,0.01377
2010-07-21,0.240459,1.7551287499186146,0.37380279070819916,-0.8843825677551357,75.83,25.64,0.03333
2010-07-22,0.239166,1.6678350372102821,0.17075979807805267,-1.536043947211434,75.02,24.63,0.00914
2010-07-23,0.237594,1.6380635637743646,-0.06162563888513667,-1.657338694524509,74.86,23.47,0.00442
2010-07-26,-0.000507,1.2468996978582503,-0.2093122382484828,-1.917958332826458,70.44,22.73,-0.00544
2010-07-27,-0.51116,1.3237354346856574,-0.1172359849815612,-1.7796977463639554,71.46,23.19,-0.00066
2010-07-28,-0.012683,1.5510171400559616,0.09512145076416662,-0.6672077916103453,74.27,24.25,0.04077
2010-07-29,-0.160404,1.2897879908622842,0.07178790962729731,-0.5953407927850903,71.32,24.13,0.04349
2010-07-30,0.237631,1.3208604281654404,-0.05276576497236897,-0.7339730754102779,71.79,23.5,0.03824
2010-08-02,-1.013495,0.8186159024846134,-0.3487286253848527,-1.323224390370249,65.88,22.01,0.01601
2010-08-03,-0.910065,1.2218972709374092,-0.22188663024702046,-1.2186552079340895,70.72,22.63,0.01954
2010-08-04,0.003516,0.9319292033153832,-0.3034739044684615,-0.6949808124694059,67.33,22.21,0.03902
2010-08-05,0.235778,0.948805882335109,-0.3232927666141994,-0.6939492709294665,67.6,22.1,0.03884
2010-08-06,0.235252,0.8123880511079525,-0.3929220263925377,-0.7937559708804751,66.04,21.74,0.03484
2010-08-09,0.235843,0.8089621402713484,-0.30994441045933496,-0.6901841213987239,66.06,22.14,0.03852
2010-08-10,0.236136,0.913742928962301,-0.26192042563185886,-0.5083840946404724,67.39,22.37,0.04518
2010-08-11,0.240198,1.3241645251790786,0.3430773215059602,-0.43416504966377073,72.43,25.39,0.04778
2010-08-12,0.240619,1.6798115859958385,0.41151022641358553,-0.3568270791261424,76.87,25.73,0.05051
2010-08-13,0.241245,2.0633893226572937,0.5130822589445628,0.5161483872797775,81.75,26.24,0.08305
2010-08-16,0.241072,1.7586631873901857,0.48370609138750653,0.511365883401052,78.33,26.1,0.08269
2010-08-17,0.238745,1.2475073198418358,0.1289485359101083,0.024160412823645866,72.25,24.33,0.06437
2010-08-18,0.239112,1.7290058159960324,0.18388605115320353,0.2792844485920502,78.32,24.59,0.07367
2010-08-19,0.241489,1.8879590845975485,0.554950305057816,0.9724499815926192,80.52,26.44,0.09934
2010-08-20,0.240261,1.9775448492405525,0.3649214889675218,0.7990965887337552,81.91,25.49,0.09294
2010-08-23,0.240477,2.03443745869247,0.3985352366600379,1.0189000669238606,82.93,25.66,0.10108
2010-08-24,0.242731,2.2269993367257945,0.7575562182090805,1.3453036810187815,85.7,27.46,0.11335
2010-08-25,0.241793,1.9723395314729795,0.6033017080313339,1.1184369657573443,82.82,26.7,0.10513
2010-08-26,0.242616,2.170461011775184,0.7351754429075738,1.2676022794792543,85.68,27.37,0.11087
2010-08-27,0.238789,1.610414081895684,0.15067014358573144,0.1453390873697862,78.72,24.45,0.069
2010-08-30,0.242419,2.3973924174371724,0.7008878042162097,1.333880645357607,89.23,27.21,0.11345
2010-08-31,0.240937,2.1671744451676904,0.4673652916574186,1.005582949941737,86.65,26.05,0.10135
2010-09-01,0.23808,1.562262169829519,0.037253724864652685,-0.459759125786048,78.92,23.89,0.04631
2010-09-02,0.237147,1.3661020602644185,-0.09819586379490214,-0.7437392102552441,76.42,23.19,0.03546
2010-09-03,0.234563,0.7402325884669103,-0.46988350638505666,-1.4091620867968848,68.07,21.31,0.01039
2010-09-07,0.238006,1.0203315672585398,0.032739721306781044,-0.7830022712360852,71.91,23.8,0.03335
2010-09-08,0.23727,0.7550601132675869,-0.07617559930449683,-0.9556107127256028,68.41,23.25,0.02669
2010-09-09,0.236678,0.8209386929368656,-0.1624081425407949,-0.3849789852960454,69.38,22.81,0.04784
2010-09-10,0.23555,0.5240260645985528,-0.32537621061113553,-0.5781624690651362,65.44,21.99,0.0405
2010-09-13,0.234503,0.28296111585470674,-0.48019801903566556,-0.8381329923379087,62.24,21.21,0.03063
2010-09-14,0.234995,0.5570640022930543,-0.40762905592228404,-0.7431544323800858,66.0,21.56,0.034
2010-09-15,0.235775,0.7471455659631288,-0.29766432526903935,-0.4967562226664041,68.64,22.1,0.0431
2010-09-16,0.235237,0.5347814416030261,-0.3725576628822754,-0.5957989365466639,65.85,21.72,0.03919
2010-09-17,0.23565,0.9737427494713392,-0.3129146808771731,-0.1643465023321601,71.85,22.01,0.05518
2010-09-20,0.235007,0.5984481031547954,-0.41349564386176935,-0.4088347546960165,66.88,21.5,0.04587
2010-09-21,0.236189,0.9701282976768357,-0.24159332221178234,-0.1573282021396256,71.97,22.35,0.0551
2010-09-22,0.23639,0.6738748570838655,-0.20824621990111214,0.15916816997041475,68.06,22.51,0.06669
2010-09-23,0.238243,0.8500644200690545,0.06393233856108388,0.38133844026396896,70.52,23.87,0.07481
2010-09-24,0.235329,0.22934763373019068,-0.36790935311416706,-0.35605056319088985,62.21,21.71,0.04731
2010-09-27,0.236465,0.4100757733657866,-0.19949543146251816,-0.06781680356190985,64.69,22.54,0.05778
2010-09-28,0.236572,0.485549801183354,-0.1851247155216706,0.33054988686321574,65.75,22.6,0.07227
2010-09-29,0.237465,0.6679072910157334,-0.05343957430694188,0.47333618387023846,68.27,23.25,0.07742
2010-09-30,0.238075,0.7385749448878319,0.03803211543475592,1.3351264985618483,69.29,23.7,0.10897
2010-10-01,0.236426,0.3650998610833319,-0.2003748488643371,1.0663193310277101,64.3,22.5,0.09886
2010-10-04,0.237822,0.5951623254796601,0.01016571564466001,1.3874380194460683,67.44,23.53,0.11033
2010-10-05,0.235451,0.0454109039507966,-0.34099911147201284,0.707564568904842,60.02,21.76,0.08538
2010-10-06,0.235068,-0.05286509410841911,-0.39142005227554516,0.6371451205601172,58.72,21.49,0.08267
2010-10-07,0.235158,0.011144435188068675,-0.37404511827228776,0.641833115753662,59.62,21.56,0.08278
2010-10-08,0.233987,-0.19881537158432316,-0.5422338809828632,0.39744414889805924,56.83,20.71,0.07392
2010-10-11,0.231475,-0.3858654489449879,-0.8904991413947481,0.014635716329393669,54.35,18.96,0.06002
2010-10-12,0.231452,-0.46212269560740626,-0.8918159473266882,0.013028742157521254,53.38,18.93,0.05992
2010-10-13,0.231694,-0.45081907329100623,-0.8591681916496929,0.023116282482339955,53.58,19.07,0.06025
2010-10-14,0.232842,-0.5333092282229488,-0.6929483221238463,0.2108621068099881,52.52,19.88,0.06702
2010-10-15,0.231627,-0.8942734144231635,-0.859647921271207,-0.02177481115303896,47.72,19.03,0.0586
2010-10-18,0.231754,-0.8923109169116574,-0.8444762584830889,0.19004823256453257,47.78,19.09,0.06629
2010-10-19,0.233877,-0.12509571754737747,-0.534941161164267,0.230980501452701,58.03,20.63,0.06785
2010-10-20,0.232732,-0.22444953891017236,-0.7013563419336531,-0.05308238030688472,56.72,19.79,0.05765
2010-10-21,0.231993,-0.00446335892795271,-0.8036038547738261,-0.05915033940378863,59.68,19.27,0.0575
2010-10-22,0.231296,0.10684248337945576,-0.8977270472001972,0.30470207229282276,61.18,18.78,0.07068
2010-10-25,0.232851,0.22605860816542483,-0.6828009528346369,0.6784730814772932,62.81,19.85,0.08432
2010-10-26,0.23338,0.4013996520834194,-0.6069136379993374,0.7865071424224499,65.18,20.22,0.08838
2010-10-27,0.234062,0.34983301404733924,-0.5061526344173454,0.918327229742508,64.52,20.71,0.09323
2010-10-28,0.234308,0.6371006683538282,-0.46905869095506114,0.9978440555706196,68.38,20.88,0.0962
2010-10-29,0.234757,0.7637112715793603,-0.40061264566474664,1.0905424231265235,70.09,21.2,0.09955
2010-11-01,0.235646,0.6796031648985276,-0.27274185168647175,1.412265681820586,69.02,21.83,0.11142
2010-11-02,0.235319,0.7904493876544559,-0.31871780851981113,1.9183084834487893,70.52,21.57,0.12988
2010-11-03,0.23249,0.11131166192091413,-0.7151306797506153,1.3561396885484651,61.46,19.56,0.10978
2010-11-04,0.23109,-0.1910171836115596,-0.9171670003548438,0.5719188672690088,57.41,18.52,0.08122
2010-11-05,0.230733,-0.4192825934509446,-0.9619762369721737,0.51932496559294,54.34,18.26,0.07926
2010-11-08,0.230765,-0.6433170044013333,-0.9489670188658941,0.49845630947387676,51.31,18.29,0.0786
2010-11-09,0.231867,-0.3215645415389918,-0.7849816967324534,0.5476046125766286,55.6,19.08,0.08054
2010-11-10,0.231007,-0.7323139284107704,-0.9024519566784216,0.40901225747186265,50.1,18.47,0.07569
2010-11-11,0.231231,-0.812562579002561,-0.8637053815849474,0.43952672031072487,49.01,18.64,0.077
2010-11-12,0.233991,-0.10114946144418464,-0.46732172236378944,0.7129680375629515,58.54,20.61,0.08712
2010-11-15,0.233403,-0.16696057527663424,-0.5458031469091073,0.6500932513205688,57.65,20.2,0.08504
2010-11-16,0.236668,0.25930057707399634,-0.07026119543478954,1.2831028804035403,63.37,22.58,0.10824
2010-11-17,0.235525,0.12202594934726865,-0.23289068658721482,1.2041634401543864,61.55,21.76,0.10575
2010-11-18,0.231315,-0.6044418467408718,-0.8301754961479617,0.04281645186900054,51.81,18.75,0.0639
2010-11-19,0.230292,-0.5422539381766736,-0.9677269122025456,-0.15978823875044307,52.63,18.04,0.05677
2010-11-22,0.230767,-0.5229595243872359,-0.8969995100656086,-0.07646626280736885,52.88,18.37,0.05995
2010-11-23,0.233941,0.1358080235220301,-0.445824123067871,0.259818864133011,61.73,20.63,0.07222
2010-11-24,0.232492,-0.056665026201848274,-0.6568338283672036,-0.30389285980109937,59.17,19.56,0.05225
2010-11-26,0.236211,0.8897658250185493,-0.1302865619437024,0.3592452194796355,71.9,22.22,0.07612
2010-11-29,0.23524,0.12862336635382182,-0.2680932469869206,0.15682856556361957,61.74,21.53,0.06913
2010-11-30,0.238006,0.699139433754397,0.1318361200615291,0.6784275490364955,69.39,23.54,0.08767
2010-12-01,0.235075,0.1244157965520231,-0.2984305607563425,-0.38313699267747064,61.69,21.36,0.04997
2010-12-02,0.232348,-0.56279846270009,-0.6874452532347856,-1.0809809632728358,52.47,19.39,0.02515
2010-12-03,0.230363,-0.8259916229308379,-0.9582552344879373,-1.0922889365273571,48.93,18.01,0.02454
2010-12-06,0.23037,-0.9496684673492565,-0.951077023280985,-1.0671507098200452,47.22,18.02,0.02518
2010-12-07,0.230329,-0.8316418263919946,-0.9529461538180931,-1.0643088055616736,48.77,17.99,0.02505
2010-12-08,0.229983,-0.8288148114011163,-0.9972107938500989,-1.059000861242774,48.78,17.74,0.02497
2010-12-09,0.22928,-1.081146133149456,-1.0868157452779308,-1.1832320143307433,45.32,17.25,0.02022
2010-12-10,0.229846,-0.969064442549323,-1.0096249509905377,-1.0738634012927082,46.78,17.61,0.0238
2010-12-13,0.229758,-0.8022082460465804,-1.015680462473522,-0.8762866822163633,49.01,17.55,0.03059
2010-12-14,0.229851,-0.6499218101662855,-0.9988925792363115,-0.8431655847160641,51.07,17.61,0.03154
2010-12-15,0.230307,-0.5939007462697518,-0.9301569250770021,-0.3807292793423775,51.85,17.94,0.04795
2010-12-16,0.229533,-0.6979340446900666,-1.0328011516915263,-0.5403205715750952,50.46,17.39,0.04206
2010-12-17,0.227619,-1.3542388686768392,-1.2768293130808834,-0.6651992817694177,41.6,16.11,0.03742
2010-12-20,0.228089,-0.6618314929102721,-1.2098260985890792,-0.5758300871591248,50.9,16.41,0.04042
2010-12-21,0.228245,-0.5905129237422676,-1.1869690406103208,-0.5501827704071061,51.87,16.49,0.04115
2010-12-22,0.226681,-0.9707988391521329,-1.3810384146078827,-0.3904416538984939,46.73,15.45,0.04673
2010-12-23,0.228225,-0.7314963618092457,-1.1781255113331284,0.10828357409759794,49.98,16.47,0.06449
2010-12-27,0.23001,-0.8759091463404265,-0.9435659528574061,0.6217474645282105,48.04,17.67,0.08283
2010-12-28,0.229794,-0.9483414278089689,-0.9698773320675368,0.6042170897178011,47.08,17.52,0.08224
2010-12-29,0.229446,-0.9402856545420206,-1.0125534087347525,0.6955095351884008,47.21,17.28,0.08541
2010-12-30,0.229791,-1.0060660940775816,-0.9631829081190814,1.5679492200118883,46.33,17.52,0.11649
2010-12-31,0.230128,-0.8985309179269,-0.9162731156875547,2.025087990322011,47.83,17.75,0.13297
2011-01-03,0.229984,-1.2179662267835851,-0.9384441792378477,1.6595360001624275,43.5,17.61,0.12014
2011-01-04,0.229639,-1.2428581448258214,-0.9790476651556452,1.5855898578394998,43.19,17.38,0.11781
2011-01-05,0.229135,-1.4383740472597404,-1.0446540968991107,1.4554712409640027,40.62,17.02,0.11346
2011-01-06,0.229684,-1.382890095218798,-0.9697061991168802,1.510733297618918,41.42,17.4,0.11575
2011-01-07,0.229291,-1.4769903332196062,-1.0166451979205873,1.409421063726932,40.25,17.14,0.11232
2011-01-10,0.229872,-1.5584766579290739,-0.9396201667305903,1.5527489774580354,39.26,17.54,0.11783
2011-01-11,0.228933,-1.6157662397368235,-1.062433315875233,1.3511482254463762,38.6,16.89,0.11083
2011-01-12,0.228013,-1.6798190809888855,-1.1831150713416012,1.013426460520627,37.86,16.24,0.09869
2011-01-13,0.228228,-1.6773154923243327,-1.1521599290711277,1.149102595601014,37.97,16.39,0.10386
2011-01-14,0.226861,-1.9335145358642292,-1.3253129454432506,0.8593669947722136,34.78,15.46,0.09337
2011-01-18,0.227495,-2.187535063640714,-1.2437610869679794,0.968921183403672,31.67,15.87,0.09757
2011-01-19,0.229587,-1.6294131389571243,-0.9704346450222735,1.0009081725190603,38.83,17.31,0.09893
2011-01-20,0.230574,-1.4543717700294096,-0.8410322055194933,1.2185182956538954,41.08,17.99,0.10719
2011-01-21,0.231281,-1.1215638883044228,-0.7467694247846116,1.3524763054589075,45.36,18.47,0.11231
2011-01-24,0.230122,-1.1946370051171475,-0.8942916003514054,1.1023018916335796,44.29,17.65,0.1029
2011-01-25,0.230036,-1.2112150394124443,-0.8989137796265846,1.0844866781355698,43.97,17.59,0.10225
2011-01-26,0.228659,-1.3515307890821224,-1.0702663783788942,0.8102070132101915,42.0,16.64,0.09211
2011-01-27,0.227938,-1.3567615371894186,-1.1545150810283702,0.6758800353534737,41.81,16.15,0.08719
2011-01-28,0.23349,-0.08998883096590407,-0.42201785906242584,1.0222207078642573,58.6,20.04,0.10012
2011-01-31,0.232806,-0.4351609647900983,-0.5135694560611984,0.8100870957519468,53.98,19.53,0.0923
2011-02-01,0.230162,-0.8078192974089661,-0.8645104793710137,0.08508972009070945,48.99,17.63,0.06541
2011-02-02,0.229665,-0.9123335018341948,-0.9217374665469609,-0.01902838639413965,47.55,17.3,0.06158
2011-02-03,0.228778,-1.1456862805944454,-1.0301865421065695,-0.16383454227092378,44.36,16.69,0.05621
2011-02-04,0.227657,-1.3787543115921728,-1.162973558458326,-0.3519356131659467,41.11,15.93,0.04914
2011-02-07,0.228218,-1.2996127331392882,-1.0888871054355571,-0.26952157242665276,42.02,16.28,0.05213
2011-02-08,0.227536,-1.5586394708173648,-1.167093084510618,-0.3833692412705676,38.38,15.81,0.04779
2011-02-09,0.22761,-1.4967114739784613,-1.1466355237092598,-0.39520543055031987,39.02,15.87,0.04729
2011-02-10,0.227946,-1.4351724147599145,-1.0970575380896228,-0.2524984839274022,39.67,16.09,0.05258
2011-02-11,0.227374,-1.502872342661737,-1.1624890228755427,-0.36851264944892786,38.57,15.69,0.0483
2011-02-14,-0.500107,-1.3972928050332318,-1.10667373825573,-0.25028926006616564,39.83,15.95,0.0528
2011-02-15,-1.013856,-1.2153442438799429,-1.0226594135886884,-0.17579043093755486,42.18,16.37,0.05575
2011-02-16,-0.908179,-1.0142087804998003,-0.9528298416117593,0.10800477044698935,44.84,16.72,0.06645
2011-02-17,-0.862068,-1.2249145554221001,-0.9720807070528297,0.08580801930949167,41.85,16.59,0.06586
2011-02-18,-0.159181,-1.480555386024893,-0.9971161085096119,0.03607069745300761,38.19,16.43,0.06425
2011-02-22,0.234695,-0.5100347185482782,-0.1996311862506078,0.49472958840694103,51.55,20.8,0.08119
2011-02-23,0.236375,0.04064423814551525,0.04220134947852495,0.7896924561006842,59.17,22.13,0.09215
2011-02-24,0.235386,-0.14909065853673517,-0.10618053875881371,0.5767820287268762,56.5,21.32,0.08462
2011-02-25,0.232492,-0.6563363987118991,-0.48839123347718755,-0.1320202735528452,49.41,19.22,0.05901
2011-02-28,0.231279,-0.836796908331062,-0.6461009899031519,0.12415366409782289,46.83,18.35,0.06849
2011-03-01,0.234956,-0.12900824342608455,-0.16243612350419306,0.48529527811909495,56.64,21.01,0.08175
2011-03-02,0.234532,0.0055816761593387035,-0.22020852758146833,0.7659234774097912,58.51,20.7,0.09208
2011-03-03,0.231651,-0.5743649546030846,-0.6031907706697307,-0.20028699597684219,50.42,18.6,0.05746
2011-03-04,0.23227,-0.5766398984389761,-0.5195070122785412,-0.1633147166162963,50.35,19.06,0.05894
2011-03-07,0.234482,-0.2584827516671572,-0.23020589380059125,0.19242843399825305,54.78,20.66,0.07174
2011-03-08,0.233346,-0.23450376858391583,-0.3853896984797655,-0.09377323240094139,55.13,19.82,0.06149
2011-03-09,0.233901,0.000997662402492287,-0.31420481883197593,0.03888264873026214,58.43,20.22,0.06623
2011-03-10,0.236062,0.11430435455108014,-0.01306026455785154,0.09126653160092615,60.03,21.88,0.06805
2011-03-11,0.233649,-0.2726020888805376,-0.3441928420604612,-0.4768164928472135,54.67,20.08,0.04757
2011-03-14,0.235089,-0.12089884933142339,-0.1546230382808974,-0.16384415012513093,56.81,21.13,0.05871
2011-03-15,0.239033,0.38517111810201915,0.4260569150572233,0.6375119909904009,63.89,24.32,0.08743
2011-03-16,0.24528,0.7077647151171481,1.3510144126726165,1.726388422026047,68.44,29.4,0.12653
2011-03-17,0.241544,0.5851429217048507,0.7861491934532623,0.6955241092101937,66.82,26.37,0.08979
2011-03-18,0.239178,0.310882394699,0.4269621110818755,0.14552883783543988,63.09,24.44,0.06995
2011-03-21,0.234371,-0.17942724978745944,-0.2787925911296642,-1.1758573699367147,56.36,20.61,0.02216
2011-03-22,0.233794,0.13061815285887032,-0.35531386533673864,-0.9099582225388262,60.7,20.21,0.03146
2011-03-23,0.232338,-0.11902937521332897,-0.5498730718098581,-1.1713444210548825,57.32,19.17,0.02173
2011-03-24,0.230707,-0.4716625942461487,-0.7666010365317477,-1.5736908369138138,52.51,18.0,0.0068
2011-03-25,0.230593,-0.48175646859554483,-0.7826880934273864,-1.4824939695026065,52.38,17.91,0.00961
2011-03-28,0.232768,-0.3431130895285511,-0.5016172689518068,-1.0177273899674848,54.32,19.44,0.02605
2011-03-29,0.230976,-0.5583340751822652,-0.7389202483153275,-1.1524124087599035,51.41,18.16,0.02086
2011-03-30,0.23036,-0.7510379323090437,-0.8229803429749801,-1.3049712292611801,48.81,17.71,0.01498
2011-03-31,0.230394,-0.9877674702952334,-0.8176048762474593,-0.9791571414154893,45.58,17.74,0.02645
2011-04-01,0.229926,-1.0668973906102048,-0.8805461340277019,-1.026599866390056,44.48,17.4,0.02444
2011-04-04,0.230073,-1.0406150787606443,-0.8626290358933355,-0.8958701679460955,44.87,17.5,0.0289
2011-04-05,0.229708,-1.2243056811704653,-0.9104329470832508,-0.8767520472449829,42.42,17.25,0.02934
2011-04-06,0.229206,-1.4867434788096245,-0.9758542069645741,-0.9653082146210368,38.88,16.9,0.02587
2011-04-07,0.229506,-1.4089712730790922,-0.9377221108918153,-0.38642613744073706,39.96,17.11,0.04663
2011-04-08,0.230591,-1.1549343792078368,-0.7987985515750321,-0.16247247679109672,43.45,17.87,0.05461
2011-04-11,0.228703,-1.3018511180228058,-1.0385667843336945,-0.4620880266181126,41.52,16.59,0.04363
2011-04-12,0.229398,-1.3012401850593718,-0.9466719641663508,-0.21279120045610178,41.57,17.09,0.0525
2011-04-13,0.229149,-1.4248774310922385,-0.9803965579914881,0.5019247752647332,40.0,16.92,0.07829
2011-04-14,0.228184,-1.757930266478723,-1.1024472422185863,0.5786588312260013,35.63,16.27,0.08104
2011-04-15,0.226768,-1.935133217018906,-1.2752364678001646,0.32114028080360746,33.19,15.32,0.07169
2011-04-18,0.229169,-1.4921194368227908,-0.9686004841563909,0.8877908458327681,39.13,16.96,0.09218
2011-04-19,0.227513,-1.6392828058390712,-1.1794995291955386,0.5469357760168707,37.25,15.83,0.08
2011-04-20,0.226432,-1.6366725722119815,-1.3192008822858867,0.023491034953469964,37.27,15.07,0.06107
2011-04-21,0.225876,-1.6328820030111935,-1.386751161249824,0.017761086576592634,37.35,14.69,0.06081
2011-04-25,0.227521,-1.3853388141505816,-1.1838420334719644,0.3140711621290817,40.65,15.77,0.07151
2011-04-26,0.227346,-1.2997393767869054,-1.2087133335876086,0.18145229340171065,41.81,15.62,0.06667
2011-04-27,0.151292,-1.2689116097931141,-1.2496122132794736,0.12724884853052307,42.12,15.35,0.06457
2011-04-28,0.088835,-1.5915485187350644,-1.3753458557262648,-0.025757438491974458,37.71,14.62,0.05898
2011-04-29,0.217186,-1.3630743186789582,-1.344953462953084,0.02668125165371406,40.76,14.75,0.06092
2011-05-02,0.227961,-1.1180373445083411,-1.109338147903429,0.38081046320888573,43.98,15.99,0.07367
2011-05-03,0.002101,-1.05059857210495,-0.9750099173657971,0.5371680933492062,44.89,16.7,0.07942
2011-05-04,0.229517,-0.8696585238241538,-0.8993950545118259,0.5295765762899013,47.31,17.08,0.07922
2011-05-05,0.231093,-0.5142518805254097,-0.6900883708639212,0.6830010239854707,52.1,18.2,0.08479
2011-05-06,-0.312571,-0.26960392432917174,-0.6477368731368082,0.7261348826278555,55.37,18.4,0.08609
2011-05-09,-0.765793,-0.6192256390412543,-0.8778992500367245,0.4128810759627344,50.56,17.16,0.07391
2011-05-10,-1.013867,-0.8715886530420146,-1.1045569785094655,-0.016897289510539284,47.09,15.91,0.0591
2011-05-11,-0.455806,-0.828768836632015,-0.9014299397929121,0.15082092550368353,47.59,16.95,0.06509
2011-05-12,-1.013867,-0.9313018812916497,-1.0664939506845428,-0.14571780744683405,46.13,16.03,0.05512
2011-05-13,-0.989923,-0.7512541367784915,-0.8637289061737807,0.008044177118221892,48.5,17.07,0.06064
2011-05-16,0.147394,-0.46587750819020746,-0.637756021627896,0.28785302459132084,52.32,18.24,0.0703
2011-05-17,-0.831923,-0.4838186016448482,-0.7618585212445362,0.31480061922394265,52.06,17.55,0.07133
2011-05-18,-1.013843,-0.7613741811135389,-1.008145114923745,-0.13791709460356558,48.23,16.23,0.05585
2011-05-19,-1.014042,-0.9668078269685383,-1.1424876821086773,-0.05569642513271906,45.35,15.52,0.05855
2011-05-20,-0.4823,-0.428435195103292,-0.7843361691554381,0.45467849160810914,52.58,17.43,0.07532
2011-05-23,0.231126,-0.016728917047545765,-0.6141656192189542,0.46729066406962283,58.07,18.27,0.0756
2011-05-24,0.230472,-0.033509510437412356,-0.7081740957495606,0.509382379700173,57.75,17.82,0.07697
2011-05-25,0.213343,-0.1263307430443934,-0.8664883121174854,0.3504521423859269,56.45,17.07,0.07176
2011-05-26,-0.796857,-0.29099354468338096,-1.080279311702382,0.048737227414605844,54.16,16.09,0.0617
2011-05-27,-0.522596,-0.2492518899652324,-1.0979574535978842,-0.023399835923391767,54.64,15.98,0.05961
2011-05-31,-0.465671,-0.6192412152439064,-1.2122605794523527,-0.4288924622992643,49.68,15.45,0.04644
2011-06-01,0.231159,0.16403246086383103,-0.5713974634404798,-0.3209738771848919,59.86,18.3,0.05
2011-06-02,0.23085,0.16888990771607706,-0.6134108241072452,-0.35393876221952447,59.85,18.09,0.04931
2011-06-03,0.230597,0.0513047466175063,-0.6396502403689087,-0.4278210630945809,58.25,17.95,0.04739
2011-06-06,0.231321,-0.04807939874307526,-0.5108641750235399,-0.34010542273003774,56.87,18.49,0.05028
2011-06-07,0.230709,-0.061818934664270596,-0.6097875265651329,-0.40754353025956014,56.59,18.07,0.04815
2011-06-08,0.231725,0.034777732427338025,-0.4288676848327091,-0.013797166886339318,57.73,18.79,0.06076
2011-06-09,0.23029,-0.015560784081934561,-0.6803865175018964,-0.36416356033034103,57.01,17.77,0.04952
2011-06-10,0.231792,0.13305834492744667,-0.3974875558393189,-0.15121878669007727,58.8,18.86,0.05656
2011-06-13,0.232865,0.17923175826581364,-0.1977009097857318,0.10166913039649353,59.32,19.61,0.06487
2011-06-14,0.230996,-0.020665113043091096,-0.541055935627337,-0.6262022136108656,56.77,18.26,0.04229
2011-06-15,0.235244,0.46078586503653923,0.26295899757681074,0.007814184810035187,62.76,21.32,0.06252
2011-06-16,0.23708,0.41372269970765074,0.638090357149505,0.6221869690471,62.14,22.73,0.08132
2011-06-17,0.236001,0.560558021489153,0.41097614802181315,0.30589299399652353,63.95,21.85,0.07212
2011-06-20,0.233427,0.31472335923676636,-0.0751713024302166,-0.4019240396239816,60.87,19.99,0.0521
2011-06-21,0.231888,0.26308901338937524,-0.3681975033245039,-0.9776897059883132,60.2,18.86,0.03625
2011-06-22,0.231368,0.18799679624633367,-0.4520502449503923,-1.1529019026490626,59.2,18.52,0.0316
2011-06-23,0.232455,0.2204734735494072,-0.24036868264290534,-0.8612990467393155,59.55,19.29,0.04002
2011-06-24,0.234948,0.6848768915949799,0.2570198821338602,-0.3119682634257106,65.21,21.1,0.0554
2011-06-27,0.234235,0.350559034142238,0.12022371835615778,-0.6347772605362267,61.06,20.56,0.04647
2011-06-28,0.232335,-0.12803733373887088,-0.25323186913791473,-1.2223193811180433,55.12,19.17,0.03009
2011-06-29,0.229635,-0.7707767373282917,-0.7857628682160727,-1.3089132238640877,47.2,17.27,0.0274
2011-06-30,0.228583,-0.8320071647585265,-1.0139299007394147,-1.7218685760035608,46.39,16.52,0.01564
2011-07-01,-0.602488,-0.5336237503929855,-1.2196980227140883,-2.035722444433907,49.91,15.87,0.00639
2011-07-05,-1.013903,-0.8792772981568769,-1.164047333505701,-1.7216554577075591,45.68,16.06,0.01454
2011-07-06,-1.013818,-0.8224439322978263,-1.0780813155306863,-1.5932766662282039,46.28,16.34,0.01768
2011-07-07,-1.013871,-0.9839044991303095,-1.1961135376799987,-1.7516944860122097,44.26,15.95,0.01294
2011-07-08,-1.013911,-1.0046681638027373,-1.1889837429499361,-1.8414381315167003,43.92,15.95,0.01018
2011-07-11,-1.013391,-0.3845413523952341,-0.4056949031224526,-1.1912541678440547,51.32,18.39,0.02832
2011-07-12,-1.013121,-0.20965968205277893,0.07246527493697007,-0.7230086394288303,53.39,19.87,0.04162
2011-07-13,-1.013099,-0.15118971622553604,0.09161646028364444,-0.5379220976970892,54.06,19.91,0.04697
2011-07-14,-1.012979,-0.10484678255921304,0.3855269001400052,0.22015074088186926,54.59,20.8,0.0686
2011-07-15,-1.013174,-0.6478141860783466,-0.018591779618511328,-0.24848677666323582,48.01,19.53,0.05526
2011-07-18,-1.012967,-0.20610359421706897,0.4550420998948357,0.10233158829009176,53.25,20.95,0.06533
2011-07-19,-1.013197,-0.14136390380896366,-0.10923120892138014,-0.8070675660045289,53.95,19.21,0.03951
2011-07-20,-1.013223,0.0508260731494188,-0.14327757598529578,-0.656298429310946,56.2,19.09,0.04399
2011-07-21,-1.013486,-0.27489571141481967,-0.6474255567217994,-1.3075034817541802,52.25,17.56,0.0256
2011-07-22,-1.01349,-0.052866141434498186,-0.6547420329190367,-1.2930061399938277,54.8,17.52,0.02621
2011-07-25,-1.013132,0.5433582271934215,-0.031792957634492955,-0.4399876094581579,61.73,19.35,0.05045
2011-07-26,-1.012994,0.6928361927530471,0.26999736141585184,-0.12788664655241425,63.43,20.23,0.05948
2011-07-27,-1.012941,1.35641961147891,1.206845695101504,0.35408463209108343,71.13,22.98,0.07301
2011-07-28,-1.012962,1.5996296915303927,1.4697110512160647,0.7105126557541108,73.93,23.74,0.08291
2011-07-29,-1.013009,1.6950687972453609,1.984861770805367,1.3776302616529275,75.08,25.25,0.10138
2011-08-01,-0.634568,1.0834964956613882,1.4361559974657347,1.1718324271296447,67.97,23.66,0.09604
2011-08-02,0.239591,1.3791690508203978,1.8120069680165374,0.7591024752283505,71.45,24.79,0.08494
2011-08-03,0.237869,1.092514674410439,1.3272500421182707,0.1671669520330348,68.1,23.38,0.06895
2011-08-04,0.248065,1.8497171353126995,4.103912420010863,1.1027417134798487,76.98,31.66,0.09456
2011-08-05,0.248491,1.6342407516905957,4.077864046872516,1.1911195977933053,74.58,32.0,0.09721
2011-08-08,0.269113,2.9897503366378726,8.992958127532058,3.8275862898168413,90.7,48.0,0.16941
2011-08-09,0.252331,0.993624035444573,4.247605454323712,-2.7989983663722064,67.4,35.06,-0.01291
2011-08-10,0.262504,1.5600992257408137,6.204518599983115,-0.7673256763668475,74.2,42.99,0.04346
2011-08-11,0.25736,1.5490040798608065,4.792579741625876,-3.643649745282733,74.09,39.0,-0.03833
2011-08-12,0.253986,1.9674370611178835,3.9629393564542554,-4.443772275173962,79.07,36.36,-0.06464
2011-08-15,0.248331,1.5877914007098284,2.806149228060721,-6.075995380544224,74.47,31.87,-0.11944
2011-08-16,0.249554,2.1132720476052893,2.9954056116961496,-5.169347357419575,80.69,32.85,-0.10373
2011-08-17,0.247961,1.9951903812753549,2.6535978074367086,-5.277509700467491,79.43,31.58,-0.11668
2011-08-18,0.262096,2.7599828606803922,5.105406439516896,-2.335614127833096,88.64,42.67,-0.02161
2011-08-19,0.262584,2.6072541675297094,4.947212082355879,-2.1788093720741526,87.04,43.05,-0.01714
2011-08-22,0.261788,2.4427515336191226,4.596076340321848,-2.345470364934943,85.19,42.44,-0.02426
2011-08-23,0.253862,2.115464714200546,3.1929787819830735,-4.62807964892454,81.27,36.27,-0.10931
2011-08-24,0.2534,1.9556794111473619,3.0642039545749293,-4.587328366642798,79.23,35.9,-0.115
2011-08-25,0.258332,2.658908292250959,3.7509771124236395,-3.455045676907763,87.66,39.76,-0.07773
2011-08-26,0.253006,2.546482859805328,2.873800227253118,-4.53613752903462,86.36,35.59,-0.1248
2011-08-29,0.248848,2.506086157112764,2.212654712406123,-5.444963582729774,86.07,32.28,-0.17095
2011-08-30,0.249615,2.9272594114495134,2.3065807551882984,-4.8505485562275314,91.09,32.89,-0.15803
2011-08-31,0.248026,2.514038504581777,2.051817265005294,-4.901611615475428,86.21,31.62,-0.17071
2011-09-01,-0.030004,2.4422874017440486,2.0671315412593447,-4.015753515360571,85.52,31.82,-0.13932
2011-09-02,-0.005844,2.397034005738701,2.4206454794915713,-3.6320713250039716,85.18,33.92,-0.12696
2011-09-06,0.254794,2.2634008678543154,2.929371933897284,-1.5669808727689387,83.86,37.0,-0.02669
2011-09-07,0.250224,2.0616718867628494,2.243284833558206,-1.8508780569667207,81.57,33.38,-0.04182
2011-09-08,0.251403,2.2109874231597644,2.3774881152199323,-0.9462920434731418,83.67,34.32,0.0039
2011-09-09,0.256734,2.631173820649588,3.0610316024646496,0.30766282343423307,89.27,38.52,0.06832
2011-09-12,0.256828,2.309916706219974,3.0069140453716106,0.31013975910632796,85.65,38.59,0.06856
2011-09-13,0.254684,2.3252312491823655,2.6665820695987894,0.14042690957801285,86.24,36.91,0.05995
2011-09-14,0.251758,2.335359782918035,2.2448587523326964,-0.3560617918663402,86.74,34.6,0.03445
2011-09-15,0.248459,2.084007558153553,1.7920026942912595,-0.9748371084890615,83.76,31.97,0.0025
2011-09-16,0.247224,1.8568662029559642,1.6160554776326956,-0.2277475293148809,81.01,30.98,0.04087
2011-09-19,0.249409,2.2237690729859416,1.880526046431479,0.1882109177490177,86.06,32.73,0.0623
2011-09-20,0.249572,2.256381974122319,1.881040884945745,0.20483059502620327,86.83,32.86,0.06323
2011-09-21,0.255204,2.673631718892548,2.5612359973100074,1.0766698949316955,92.79,37.32,0.10832
2011-09-22,0.260373,1.9601191160288163,3.1439782009643538,1.4968332312856418,83.52,41.35,0.13036
2011-09-23,0.260247,2.100812421190831,3.059627105335034,1.5285735980507642,85.67,41.25,0.13255
2011-09-26,0.257381,1.9184596341723146,2.6601641165047347,0.9522519684208228,83.46,39.02,0.10314
2011-09-27,0.255707,2.0293142359236085,2.4214176537210568,0.9986709324492251,85.27,37.71,0.10584
2011-09-28,0.260034,2.2230824783848813,2.875797267963702,1.4900817281126488,88.3,41.08,0.13182
2011-09-29,0.257148,1.7990243967523452,2.499287807070071,1.0299250588637836,82.59,38.84,0.10813
2011-09-30,0.26247,2.082018888326709,3.0441518244951684,1.6354354088463867,86.83,42.96,0.13999
2011-10-03,0.265722,1.5428612538960824,3.324884554363181,2.0333401411582788,79.36,45.45,0.16151
2011-10-04,0.259683,1.352107300117436,2.612973597740979,0.9124610404597194,76.72,40.82,0.10278
2011-10-05,0.255818,1.3791785074061795,2.164000847674575,0.5528398017348156,77.25,37.81,0.08377
2011-10-06,0.253864,1.5413352928950375,1.9306937057757156,0.14068578338769466,79.77,36.27,0.06185
2011-10-07,0.25377,1.4123953829134366,1.8996712577373656,0.39111604650812154,78.06,36.2,0.07508
2011-10-10,0.249769,1.2459001244699155,1.4611287606640702,-0.6205153701138768,75.77,33.02,0.02129
2011-10-11,0.249568,0.9552658184071802,1.42723984270159,-0.6233715792327591,71.61,32.86,0.02096
2011-10-12,0.247569,0.730167985751125,1.2064745599296525,-0.8904181677155881,68.37,31.26,0.00656
2011-10-13,0.246867,0.7113904241505395,1.1243722714806823,-0.88466710999854,68.16,30.7,0.00659
2011-10-14,0.243823,0.44526753142871117,0.7974913490851638,-1.4419158896290993,64.28,28.24,-0.02348
2011-10-17,0.250238,1.0423212405092714,1.458584068866179,-0.5790281694562134,73.2,33.39,0.02215
2011-10-18,0.247954,0.937297534480655,1.2096846964854067,-1.0607857330460386,71.76,31.56,-0.00389
2011-10-19,0.251567,1.8298790426346514,1.5710073034586447,-0.22613216833676716,85.12,34.44,0.04058
2011-10-20,0.252,1.8190702869368574,1.599784891027661,0.33519734500620885,85.25,34.78,0.07069
2011-10-21,0.247661,1.7110453066760245,1.1436974446007375,-0.397443816538031,83.9,31.32,0.03135
2011-10-24,0.212118,1.643965218119188,0.8730880112480339,-0.6574384065754558,83.12,29.26,0.01721
2011-10-25,0.248783,1.949829135864487,1.242933759569666,-0.30337446896639975,87.99,32.22,0.03598
2011-10-26,-0.286655,1.683243215157384,0.9346358964457882,-0.5227969685190696,84.2,29.86,0.02399
2011-10-27,-1.01302,1.1093237987541706,0.3725508509064306,-1.6855178195320972,75.56,25.46,-0.03873
2011-10-28,-1.012993,1.0675096429929523,0.2526920806936351,-1.4555574015611181,74.97,24.53,-0.02724
2011-10-31,0.245974,1.634516827386677,0.936962270283623,-0.32837662757006,83.78,29.96,0.03302
2011-11-01,0.251989,1.8360254924418566,1.537881851513523,0.21121576072009737,87.08,34.77,0.06187
2011-11-02,0.24944,1.8333207234040059,1.269395989174652,-0.1423659488302471,87.26,32.74,0.04255
2011-11-03,0.246651,1.6991280546496734,0.9788273360292746,-0.5612014700074673,85.44,30.5,0.01985
2011-11-04,0.246223,1.6869356171227934,0.9290700323653796,-0.6024837026587332,85.51,30.16,0.0174
2011-11-07,0.245841,1.6109122281687454,0.8834661699699954,-0.2684392665065305,84.57,29.85,0.03505
2011-11-08,0.242914,1.3560764327345205,0.581273806367685,-0.738634189566666,80.75,27.48,0.00969
2011-11-09,0.253757,2.1491386279873725,1.6595977926286645,0.26145101912959356,93.64,36.16,0.063
2011-11-10,0.249529,1.8043914147441178,1.227096160965965,-0.3774332563042556,88.53,32.81,0.02872
2011-11-11,0.246079,1.5011491197477422,0.8741880128934779,-0.9180969936533975,83.92,30.04,-0.00043
2011-11-14,0.247431,1.8680503923158711,1.0031905584725682,-0.5784764042283929,90.12,31.13,0.01739
2011-11-15,0.247547,1.9776878806856348,1.0072041529975992,-0.4218267372008905,92.26,31.22,0.02553
2011-11-16,0.250408,2.1157992832631036,1.283112196260484,-0.04086192916946072,94.91,33.51,0.04562
2011-11-17,0.251659,1.9440287619024008,1.396116230881657,0.03360392814016283,92.48,34.51,0.04936
2011-11-18,0.2485,1.9287418822077713,1.0766721745976082,-0.2885554839965515,92.61,32.0,0.03212
2011-11-21,0.249629,1.939181437143986,1.1795381876174147,-0.14985506526354017,93.17,32.91,0.03942
2011-11-22,0.248447,2.0581424992564648,1.055450058873152,-0.1903211434093824,95.59,31.97,0.03718
2011-11-23,0.250959,1.8142072316946756,1.2925921912602119,0.09628920384089541,91.82,33.98,0.05232
2011-11-25,0.251577,1.9030601339720405,1.3414420026674887,0.8161484420237857,93.69,34.47,0.09071
2011-11-28,0.24865,1.6273143356488198,1.0477994708377814,-0.10354501116778075,89.18,32.13,0.04172
2011-11-29,0.246788,1.544147338751146,0.860693066824899,-0.18456835476799002,87.98,30.64,0.03729
2011-11-30,0.243292,1.1235465736067922,0.5136810117597185,-1.1683023985004877,80.77,27.8,-0.01531
2011-12-01,0.242809,1.170901403935858,0.4634093721596606,-1.1417110287859855,81.73,27.41,-0.01432
2011-12-02,0.242944,1.32242390230273,0.4728690200125032,-0.9693627103167899,84.57,27.52,-0.00538
2011-12-05,0.243347,1.2993190377987687,0.507121498662083,-0.9367501773275669,84.36,27.84,-0.00383
2011-12-06,0.243707,1.418466957117115,0.5376084807323995,-0.8634907914560759,86.67,28.13,-9e-05
2011-12-07,0.244377,1.4536072472993922,0.598110630018707,-0.7021045465384239,87.52,28.67,0.00844
2011-12-08,0.246748,1.5742917896663406,0.8248262456969707,0.06611183522911157,89.91,30.59,0.04968
2011-12-09,0.241545,1.0884068920380787,0.31024220644389017,-0.8093153927351804,81.47,26.38,0.00272
2011-12-12,0.24066,0.931439466710713,0.2205564721701333,-0.8653916682969027,78.81,25.67,-0.00043
2011-12-13,0.240333,0.925367226330398,0.1854515107239665,-0.9037894904310222,78.83,25.41,-0.00268
2011-12-14,0.241099,0.7430226445301558,0.25817344560357947,-0.810388873193401,75.68,26.04,0.00215
2011-12-15,0.239958,0.7730747398631299,0.1418241401687594,-0.8796326415165849,76.32,25.11,-0.00183
2011-12-16,0.238954,0.8450290078466703,0.03879823306094586,-0.9042778695106756,77.72,24.29,-0.00341
2011-12-19,0.239717,1.2241942209703904,0.11149344637803137,-0.8473552909666471,84.65,24.92,-0.00056
2011-12-20,0.23766,0.8200621263219241,-0.09939500710523719,-1.3537360862008117,77.56,23.22,-0.02828
2011-12-21,0.235317,0.729471671485625,-0.3211011020904405,-1.6547499829779437,76.04,21.43,-0.04523
2011-12-22,0.234979,0.6472638237096268,-0.3576322833949764,-1.4061477645323435,74.67,21.16,-0.03246
2011-12-23,0.234419,0.6119382414049771,-0.41305445875005525,-1.4617458209442626,74.13,20.73,-0.03618
2011-12-27,0.236063,0.43577571705888146,-0.27038624763083136,-0.9340544170924348,71.06,21.91,-0.0078
2011-12-28,0.238033,0.6237657393119942,-0.07541623318761159,-0.7490728187037957,74.52,23.52,0.00201
2011-12-29,0.236979,0.44485207429141144,-0.1853908759628843,-0.031286742204140974,71.41,22.65,0.04131
2011-12-30,0.237891,0.4287641498735442,-0.09591723994655321,0.0995028492021283,71.21,23.4,0.04821
2012-01-03,0.237379,0.18538608078913058,-0.15172652709760986,-0.09857466344998878,66.94,22.97,0.037
2012-01-04,0.236464,0.027645640229609695,-0.24697983596038162,-0.1800177788391873,64.21,22.22,0.03226
2012-01-05,0.235522,-0.19890534508804777,-0.3409954493157227,-0.31341352387321514,60.26,21.48,0.02472
2012-01-06,0.234325,-0.30937506063282555,-0.4486856070874825,-0.47083410826513955,58.39,20.63,0.0159
2012-01-09,0.23495,-0.31920307926154806,-0.39630238192040035,-0.05479620553172672,58.3,21.07,0.03802
2012-01-10,0.23446,-0.3504448136461127,-0.4457911197842485,0.001631039605128362,57.84,20.69,0.04077
2012-01-11,0.234964,-0.384411798411165,-0.4031506280870441,0.2812548778822977,57.34,21.05,0.05543
2012-01-12,0.234165,-0.5016453437208221,-0.47775514584757717,0.27499016265341686,55.39,20.47,0.05483
2012-01-13,0.234757,-0.3193928551646998,-0.42587110407787815,0.4772550935380808,58.67,20.91,0.06538
2012-01-17,0.236451,-0.2033060538863972,-0.2681221564641143,0.7241225620669803,60.79,22.2,0.07828
2012-01-18,0.234795,-0.619194219760772,-0.4356023261247553,0.42984457117323793,53.74,20.89,0.06257
2012-01-19,0.233391,-0.794028935764782,-0.5664703711033964,0.4485725917808879,50.9,19.87,0.06338
2012-01-20,0.231133,-0.8110998618902451,-0.7672965375739188,0.8149618057472726,50.7,18.28,0.08254
2012-01-23,0.231695,-0.6609920244730679,-0.7187031252537642,0.8865783798594465,53.33,18.67,0.08613
2012-01-24,0.232032,-0.4799668498252186,-0.6888067964472976,0.9585644570722878,56.46,18.91,0.08971
2012-01-25,0.231217,-0.5157776158050398,-0.7649204253763486,0.8520311169816274,55.92,18.31,0.08401
2012-01-26,0.231561,-0.2522686791000778,-0.732923284587784,0.8341230738918639,60.45,18.57,0.08293
2012-01-27,0.231496,-0.3487617500164109,-0.7395012417470737,1.0856657620017647,58.91,18.53,0.09606
2012-01-30,0.232722,-0.22494317978449666,-0.6322546381062467,1.3148463670917852,61.08,19.4,0.10816
2012-01-31,0.232776,-0.16072745488552498,-0.6267963013308244,1.369016736502846,62.17,19.44,0.11108
2012-02-01,0.231554,-0.20981975356015334,-0.7384327518880673,1.3983062297323228,61.38,18.55,0.11282
2012-02-02,0.23074,-0.22563226455956964,-0.8107242134986141,1.285579024146862,61.17,17.98,0.10731
2012-02-03,0.229537,-0.5065957442353577,-0.921813613458722,0.8818416492591403,56.53,17.1,0.08632
2012-02-06,0.230494,-0.3136716452060286,-0.8392934944435939,1.0266697263799711,59.82,17.76,0.09418
2012-02-07,0.230345,-0.4925775688397686,-0.8547675255137541,1.0002563105757365,56.94,17.65,0.09306
2012-02-08,0.231091,-0.250999354984715,-0.7918432754383563,1.1520445127909469,61.03,18.16,0.1014
2012-02-09,0.23177,-0.2898836500052416,-0.734700742472219,1.2377574341040052,60.5,18.63,0.10634
2012-02-10,0.234768,-0.04050221101769718,-0.4646324565374007,1.5204152970000804,64.7,20.79,0.1219
2012-02-13,0.232352,-0.3420229706888066,-0.6888923332610413,1.2208732987306197,59.88,19.04,0.10644
2012-02-14,0.233053,-0.4198174349314199,-0.628360971682131,1.2938944771313126,58.73,19.54,0.1108
2012-02-15,0.235194,0.030720827407013967,-0.42839843389079557,1.6313752553368963,66.12,21.14,0.1295
2012-02-16,0.232628,-0.7447137281939856,-0.6752709648969742,1.1576537568183416,53.73,19.22,0.10449
2012-02-17,0.230586,-0.9042316411109033,-0.8602217035163374,0.8886596782607642,51.23,17.78,0.09013
2012-02-21,0.231179,-0.5057596609098386,-0.8091781298639569,0.9617672007015272,57.69,18.19,0.09427
2012-02-22,0.231162,-0.5861842708736545,-0.8107297578157051,0.9347867759301464,56.53,18.19,0.093
2012-02-23,0.22917,-0.7827409826565421,-0.9854457990013527,0.7360368057758184,53.43,16.8,0.08222
2012-02-24,0.229923,-0.6933788951047855,-0.9163284019277789,0.9047410631896321,54.82,17.31,0.09137
2012-02-27,0.231198,-0.6318980566138915,-0.8015530549632222,1.0812772024223987,55.79,18.19,0.10106
2012-02-28,0.230885,-0.6355838418259594,-0.8298705869389508,1.061705689890131,55.77,17.96,0.10028
2012-02-29,0.231534,-0.6252683108605326,-0.7700042746253631,1.0859399686477915,55.99,18.43,0.10184
2012-03-01,0.229882,-1.0122819883842338,-0.9162024068464317,0.9129068054143988,49.84,17.26,0.0925
2012-03-02,0.229909,-0.9135779659958858,-0.9095813165669566,0.883598879948098,51.35,17.29,0.09089
2012-03-05,0.230986,-0.9599114232698552,-0.8123979826586066,1.2480736312843066,50.62,18.05,0.11114
2012-03-06,0.234866,-0.46829755629334474,-0.4553866692474717,1.3918158121631157,58.44,20.87,0.11948
2012-03-07,0.232397,-0.5858565930474624,-0.6828856332764475,1.0054465358511209,56.59,19.07,0.09853
2012-03-08,0.230848,-0.9066744987537183,-0.8237883846194979,0.6976300719360223,51.5,17.95,0.08171
2012-03-09,0.229651,-0.7756422141965131,-0.928014563968052,0.5351825083097008,53.54,17.11,0.07278
2012-03-12,0.227476,-1.0847878463568201,-1.1094674060922924,0.3406020930699476,48.58,15.64,0.06201
2012-03-13,0.226303,-1.1470271714689775,-1.2108631198186788,-0.08690709485945532,47.54,14.8,0.03834
2012-03-14,0.227073,-1.213194997803787,-1.140641524255531,0.0050167924591335965,46.41,15.31,0.04336
2012-03-15,0.227272,-1.5667386802702856,-1.119482086358415,0.06607276054511287,40.62,15.42,0.04657
2012-03-16,0.131681,-1.8592711777437274,-1.229353885992075,-0.011868738231342652,35.68,14.47,0.04194
2012-03-19,0.226726,-1.5954066371639883,-1.148981329254489,0.08981954394979369,39.63,15.04,0.04735
2012-03-20,0.227524,-1.5701254381806717,-1.074272564569097,0.1665334818820104,39.82,15.58,0.05148
2012-03-21,0.226835,-1.4402477659669197,-1.125580003037625,0.09637414920444921,41.77,15.13,0.04774
2012-03-22,0.227459,-1.2686702501763352,-1.0663617760187376,0.10441117118856649,44.42,15.57,0.04824
2012-03-23,0.226338,-1.4169617056904213,-1.1556909012432282,-0.03767481970926242,41.87,14.82,0.04053
2012-03-26,-0.350252,-1.5775798713227778,-1.2215081032789823,-0.2978853818339929,39.11,14.26,0.02635
2012-03-27,0.227567,-1.2717152939402792,-1.0537411199722146,-0.07348620033567099,44.03,15.59,0.03876
2012-03-28,0.227359,-1.4769111585594097,-1.06500624661828,-0.09878568966269256,40.53,15.47,0.03742
2012-03-29,0.227365,-1.5959483989268202,-1.0612120577935595,-0.08267373170609109,38.43,15.48,0.03837
2012-03-30,0.227416,-1.4412947929647715,-1.0566079536789474,-0.06697533283465137,40.89,15.5,0.03933
2012-04-02,0.227667,-1.4249601047228975,-1.0372984732348238,-0.045065695030014674,41.11,15.64,0.04059
2012-04-03,0.227675,-1.5300603475822216,-1.0331690373057922,0.25114210699926937,39.31,15.66,0.05691
2012-04-04,0.228776,-1.419987805896848,-0.9359603517879039,0.24700009586858948,41.09,16.44,0.05679
2012-04-05,0.229155,-1.3470198930682438,-0.9034300664109859,0.36348706081933185,42.3,16.7,0.06329
2012-04-09,0.232131,-1.1974151914368922,-0.6451195862787062,0.595024288969419,44.85,18.81,0.07615
2012-04-10,0.234269,-0.9085146491844045,-0.45292958200389843,0.5965813559737642,49.74,20.39,0.07638
2012-04-11,0.233786,-0.9509613197300718,-0.49981918566580574,0.7974632773665332,49.08,20.02,0.08752
2012-04-12,0.229845,-1.5042668805034058,-0.8479587893896323,0.08300306452639371,39.91,17.2,0.04844
2012-04-13,0.233134,-0.984974615072637,-0.5598073000891344,0.4229756133073517,48.56,19.55,0.06713
2012-04-16,0.233131,-0.98591040995685,-0.5616065232191985,0.42834859464487124,48.62,19.55,0.06737
2012-04-17,-0.458217,-1.2302196629157516,-0.697876498435601,0.02373399052042177,44.69,18.46,0.04506
2012-04-18,-0.453239,-1.1039146541236802,-0.678209254624988,0.05351067587135687,46.91,18.64,0.04659
2012-04-19,-0.951492,-1.0636378922648329,-0.7139529977879828,-0.014705956284101828,47.65,18.36,0.04266
2012-04-20,-1.013383,-0.9163198231075274,-0.8293970989068313,-0.14804357990135278,50.17,17.44,0.03521
2012-04-23,-0.091104,-0.5304730146012754,-0.6426346037611572,0.09763317682206249,56.59,18.97,0.04857
2012-04-24,-0.349802,-0.5238240012668439,-0.7535599078732417,0.11159508343394388,56.82,18.1,0.04928
2012-04-25,-1.013488,-0.6768748684295,-0.9139479322536488,-0.3011233189794238,54.44,16.82,0.02659
2012-04-26,-1.013604,-0.7633882107815891,-0.9869186681809023,-0.42937814443088307,53.13,16.24,0.01941
2012-04-27,-1.01357,-0.7367070620562782,-0.9778921356698389,-0.41469899392633786,53.64,16.32,0.02004
2012-04-30,-0.839076,-0.5787761116991548,-0.8766592468198264,-0.25919417314616544,56.29,17.15,0.02839
2012-05-01,-1.013488,-0.6201405862925414,-0.9472139688551927,-0.3366285564173907,55.73,16.6,0.02403
2012-05-02,-1.01343,-0.5192317755884773,-0.9130104543821784,-0.27517293179981633,57.41,16.88,0.0272
2012-05-03,-1.013309,-0.26718639444459963,-0.8286894980983656,-0.11092715990594004,61.48,17.56,0.03599
2012-05-04,-1.013057,-0.03180274751608815,-0.6302669606272964,-0.00926593450951625,65.27,19.16,0.04138
2012-05-07,-1.013098,-0.1782586481214282,-0.6582942763807688,0.04152867458196868,63.01,18.94,0.04398
2012-05-08,0.00092,-0.25826868442282547,-0.645005683483852,0.29313516654539934,61.78,19.05,0.05752
2012-05-09,0.233823,-0.0012771539276945597,-0.5182462409797512,0.4962169162319762,65.88,20.08,0.06851
2012-05-10,0.232076,-0.08687692370284907,-0.6769154214962568,0.44644949327029054,64.61,18.83,0.06585
2012-05-11,0.21684,0.2998791957376367,-0.5461521986609601,0.767711434077168,70.74,19.89,0.08336
2012-05-14,0.236079,0.3284796776003163,-0.30158791391993456,1.0246657696598256,71.27,21.87,0.09753
2012-05-15,0.236196,0.31318116637562554,-0.2918957150126436,1.3165355334116298,71.11,21.97,0.11373
2012-05-16,0.236557,0.13722818772811174,-0.25647330239956206,1.3627989446430013,68.44,22.27,0.11665
2012-05-17,0.239256,0.13069366324710985,0.019152793061131452,1.6040261821691648,68.4,24.49,0.13032
2012-05-18,0.239997,0.40731045246946457,0.09170438176882587,1.6973994713788905,72.76,25.1,0.13621
2012-05-21,0.236235,0.30773504575606225,-0.30198450352864203,0.8452156862294241,71.31,22.01,0.08969
2012-05-22,0.236808,0.4707040717555101,-0.24541816247473372,0.9506904535737987,73.89,22.48,0.09565
2012-05-23,0.236626,0.06515126069689994,-0.26672794563651164,1.1388847917440095,67.7,22.33,0.10626
2012-05-24,0.235665,0.04640226895653384,-0.3691763836860825,1.0635589149092401,67.45,21.54,0.10229
2012-05-25,0.235931,0.21773690469761853,-0.3441153130310539,1.1279509497623483,70.13,21.76,0.10611
2012-05-29,0.235053,0.03108184439579288,-0.4402518618194667,0.8094997508243983,67.32,21.03,0.0886
2012-05-30,0.238833,0.5189743753156131,-0.048427443810677324,1.306582556173185,74.86,24.14,0.11663
2012-05-31,0.238733,0.38164640339984174,-0.06314337514440668,1.2826247363820653,72.84,24.06,0.11581
2012-06-01,0.241904,0.6361792496618227,0.26556854326955276,1.3775024645622154,76.79,26.66,0.12165
2012-06-04,0.241239,0.33075251436527997,0.19257354445605737,1.380927807805354,72.18,26.12,0.12242
2012-06-05,0.239476,0.44937120740605846,0.004497242470385655,1.0635518803136284,74.05,24.68,0.10498
2012-06-06,0.236417,0.33149750756721713,-0.3213813853853309,0.16070321272307042,72.31,22.16,0.0539
2012-06-07,0.235881,0.43551949959083786,-0.380273285095024,0.09852473553853298,73.96,21.72,0.05038
2012-06-08,0.235292,0.21373456720544498,-0.4449727598881147,-0.035387482590942536,70.63,21.23,0.04271
2012-06-11,0.238121,0.6207128990438009,-0.14788727392774348,0.2949605064492603,76.9,23.56,0.0615
2012-06-12,0.236338,0.7297967904820984,-0.33952640535349465,-0.0009731427957632533,78.64,22.09,0.04466
2012-06-13,0.238993,1.1135973184424268,-0.060426043182195986,0.3738086341022766,84.59,24.27,0.06592
2012-06-14,0.235842,0.5894753138519291,-0.3973953142453536,-0.14626139585742415,76.7,21.68,0.0364
2012-06-15,0.235157,0.05028632315679635,-0.4710803567702134,-0.1417944366649662,68.5,21.11,0.03655
2012-06-18,0.231301,-0.30199350145131343,-0.8296169193553955,-0.5764015001717275,63.13,18.32,0.01164
2012-06-19,0.231435,-0.19207081853132824,-0.8191919601926072,-0.4721550097944773,64.81,18.38,0.01733
2012-06-20,0.229783,-0.46747641016917896,-0.9645390107001344,-0.6758428246213302,60.61,17.24,0.00558
2012-06-21,0.233724,0.03926075648182491,-0.5979476745130804,-0.5163379197325385,68.37,20.08,0.01452
2012-06-22,0.230964,-0.4630862667464378,-0.8524594518976486,-0.8867867590914073,60.72,18.11,-0.00668
2012-06-25,0.234103,-0.14576921680610466,-0.5596265288645977,-0.6336522280878845,65.58,20.38,0.00751
2012-06-26,0.233199,-0.2524197158519992,-0.6439878631844138,-0.6872361402394626,63.95,19.72,0.00423
2012-06-27,0.232861,-0.28462086176541346,-0.6780929108488801,-0.6535704759011995,63.47,19.45,0.00595
2012-06-28,0.233217,-0.22297869902426362,-0.6448887699862941,-0.6054282371972771,64.45,19.71,0.00858
2012-06-29,0.229574,-0.8386111846417506,-0.985116117347658,-0.9381775859759556,55.16,17.08,-0.01057
2012-07-02,0.229178,-1.167149312146379,-1.021721005276162,-0.9783970926798363,50.24,16.8,-0.01305
2012-07-03,0.229005,-1.1831643319141905,-1.0407463145073859,-1.0019861532948278,50.0,16.66,-0.01454
2012-07-05,0.230205,-1.0013426529683522,-0.9332126048703462,-0.6317783339144568,52.8,17.5,0.00654
2012-07-06,0.229575,-1.1889315049587483,-0.9859115620483391,-0.7786041072888514,50.02,17.1,-0.00196
2012-07-09,0.230842,-1.0915702023486333,-0.8736401848691886,-0.5997550219541532,51.55,17.98,0.00824
2012-07-10,0.23186,-1.002873257524572,-0.7800714453150973,-0.40336985072414394,52.96,18.72,0.01954
2012-07-11,0.230758,-1.3028353108307091,-0.8797542837634488,-0.4621035713711924,48.46,17.95,0.01612
2012-07-12,0.231279,-1.2863405957936642,-0.8290963670399879,-0.37568302850714264,48.66,18.33,0.02098
2012-07-13,0.229055,-1.5015524539228704,-1.0327994490681187,-0.7438754888513451,45.36,16.74,-0.00034
2012-07-16,0.229585,-1.4379812275165462,-0.9814496246789999,-0.6202870711974039,46.22,17.11,0.00648
2012-07-17,0.228699,-1.6135268487214427,-1.060228834447095,-0.7560058152852999,43.54,16.48,-0.00156
2012-07-18,0.228261,-1.6866587149270416,-1.0971680542663946,-0.775084447103905,42.31,16.16,-0.00297
2012-07-19,0.227212,-1.573426877496414,-1.1850980347307518,-0.893261500264627,43.89,15.45,-0.01002
2012-07-20,0.228384,-1.3338558648128807,-1.0762390732972222,-0.445406057235639,47.42,16.27,0.01562
2012-07-23,0.231751,-0.9446086185151596,-0.7743674879564372,-0.08320179863117895,53.34,18.62,0.03655
2012-07-24,0.234313,-0.4282800869440723,-0.5386023261943033,0.3750780436044759,61.25,20.47,0.06312
2012-07-25,0.232727,-0.04680824008758885,-0.683980726202954,0.19014983664566018,67.1,19.34,0.05247
2012-07-26,0.230221,-0.5060804698060891,-0.9149215073909353,-0.2543719750626916,60.07,17.53,0.0267
2012-07-27,0.229109,-0.5323370824899827,-1.016763375734847,-0.5967470060601326,59.62,16.7,0.0067
2012-07-30,0.231032,-0.19428184124817177,-0.8415925065878496,0.0266070012889752,64.75,18.03,0.04248
2012-07-31,0.232291,-0.08349104583740337,-0.7221966762015308,0.16938140120065576,66.41,18.93,0.05049
2012-08-01,0.23232,0.000338811802651424,-0.7152701578280928,0.19790593888420538,67.69,18.96,0.05193
2012-08-02,0.230297,-0.5462327420404935,-0.8882226645795734,-0.06831604269474421,59.29,17.57,0.03646
2012-08-03,0.227557,-0.7814156581843938,-1.1288079303648848,-0.5768579247748346,55.64,15.64,0.00707
2012-08-06,0.228033,-0.7996343187820549,-1.080468230062234,-0.5112502688407621,55.27,15.95,0.01053
2012-08-07,0.22812,-0.6332772884099392,-1.066814952949206,-0.43207182602234256,57.74,15.99,0.01478
2012-08-08,0.22712,-0.8184886955433727,-1.1537423922861765,-0.5416432167907101,54.81,15.32,0.00818
2012-08-09,0.227062,-0.875456865227443,-1.1502211257406594,-0.5119791673174358,53.87,15.28,0.00998
2012-08-10,0.226252,-0.7513153893255717,-1.2167726580703324,-0.44191020580194446,55.68,14.74,0.01381
2012-08-13,0.224621,-0.7792288006668415,-1.3457227516477792,-0.6243662083556452,55.17,13.7,0.00378
2012-08-14,0.226412,-0.5204597234352047,-1.1856640503020326,-0.4033726404801394,59.05,14.85,0.01669
2012-08-15,0.226081,-0.33155889604225547,-1.2049011860937802,-0.4345347190905795,61.89,14.63,0.01586
2012-08-16,0.225597,-0.37930332855550725,-1.2398184233169625,-0.5388096074920499,61.09,14.29,0.01095
2012-08-17,0.224285,-0.8395868823110274,-1.3394574040197247,-0.5860843562557758,53.97,13.45,0.00938
2012-08-20,0.225187,-0.9591096210842616,-1.2608984012988043,-0.36826318521951923,52.04,14.02,0.02127
2012-08-21,0.226709,-0.8087816519345823,-1.125218426622409,-0.08507000809208116,54.22,15.02,0.03663
2012-08-22,0.226847,-0.7633482248968338,-1.110188565609099,-0.06987752808729403,54.81,15.11,0.0377
2012-08-23,0.228078,-0.5645033373363237,-0.9880808090149125,0.18663122540138083,57.74,15.96,0.05182
2012-08-24,0.226944,-0.7198050283838417,-1.0869668995220056,0.3794503243559838,55.3,15.18,0.06227
2012-08-27,0.228687,-0.4120551721477182,-0.9222899260537026,0.6016928703149462,59.87,16.35,0.07396
2012-08-28,0.228889,-0.35283908674080283,-0.8964521480014971,0.6624290166526462,60.68,16.49,0.07714
2012-08-29,0.229725,-0.158777739864425,-0.8109779856591397,0.8102851584687312,63.52,17.06,0.08403
2012-08-30,0.230796,-0.2151070448506777,-0.6982147027491747,0.9759220517249815,62.58,17.83,0.09134
2012-08-31,0.230303,-0.25583306587952953,-0.7417035168315094,1.4988286136365798,61.89,17.47,0.11374
2012-09-04,0.231029,-0.5313976367005755,-0.6647650230606473,1.6436064250806341,57.71,17.98,0.11892
2012-09-05,0.23068,-0.35839377635632896,-0.6918918567708215,1.6656296486362363,60.19,17.74,0.11884
2012-09-06,0.227657,-1.1055499785507261,-0.9852466316179953,0.36572521970851324,49.06,15.6,0.06488
2012-09-07,0.225829,-1.559249414764794,-1.1489429104402875,0.0519562230408115,42.22,14.38,0.05214
2012-09-10,0.228653,-1.0609017050012592,-0.8739700523837707,0.424201292525747,49.4,16.28,0.06774
2012-09-11,0.22886,-1.0372409163296687,-0.8506598996996078,0.4555220382509385,49.64,16.41,0.06903
2012-09-12,0.227971,-1.0518092225433784,-0.9332035625657565,0.30892814021563964,49.31,15.8,0.06297
2012-09-13,0.225407,-1.325383068203828,-1.1799500194974368,-0.43512762318953035,45.17,14.05,0.03217
2012-09-14,0.08908,-1.193076281267401,-1.10589339362144,-0.2911912820917735,46.97,14.51,0.03812
2012-09-17,0.226243,-1.4521228835129656,-1.08606299423041,-0.3078362374131724,43.03,14.59,0.03761
2012-09-18,0.225606,-1.6407844075880396,-1.13717919096274,-0.41423444418437855,40.07,14.18,0.0332
2012-09-19,0.225146,-1.6866982615217476,-1.1726862248434828,-0.44807835567141197,39.19,13.88,0.03168
2012-09-20,0.225439,-1.7084800022423188,-1.1367640786349704,-0.40292093876457025,38.66,14.07,0.03342
2012-09-21,0.225299,-1.8339193647876602,-1.1451456572848244,-0.279757668856325,36.65,13.98,0.03825
2012-09-24,0.22555,-1.8348845049907703,-1.119923408285534,-0.22376414809682624,36.37,14.15,0.04026
2012-09-25,0.227438,-1.4816146664650112,-0.9268557167929897,-0.10474540328004373,41.34,15.43,0.04479
2012-09-26,0.229443,-1.253776945849472,-0.712929595462065,0.18309361544439046,44.53,16.81,0.0562
2012-09-27,0.22657,-1.8248464980875037,-1.0131645461581469,-0.4011542823550091,35.96,14.84,0.03247
2012-09-28,0.227882,-1.5897112005338754,-0.8738803763109921,-0.10202457555834925,39.21,15.73,0.04415
2012-10-01,0.228767,-1.5022777421778721,-0.7773505698512011,0.06917143177386359,40.3,16.32,0.05071
2012-10-02,0.227872,-1.5676441573600697,-0.8781584379444937,-0.0674164230981623,39.17,15.71,0.04496
2012-10-03,0.19826,-1.6931573487547573,-0.9331332712024668,-0.12534887241447337,37.1,15.43,0.0423
2012-10-04,-0.223973,-1.7630536115398934,-1.0870994458920913,0.17026229731479772,35.81,14.55,0.05345
2012-10-05,0.225844,-1.8889636014082756,-1.1256916080802648,0.13134207385409008,33.66,14.33,0.05183
2012-10-08,-0.902417,-1.7809313185285813,-0.9862808238428041,0.3913086436731428,34.98,15.11,0.06177
2012-10-09,-0.821606,-1.4212541439110589,-0.7586806863937653,0.5362356951864603,40.12,16.37,0.06726
2012-10-10,-0.386869,-1.3564122633018016,-0.767926342455235,0.45137118506411233,40.91,16.29,0.06418
2012-10-11,-0.49233,-1.601224439115267,-0.8904149944564047,0.7806371955878679,37.03,15.59,0.07697
2012-10-12,-0.470317,-1.4428949846379047,-0.7836100050114995,0.9645416324606855,39.2,16.14,0.08426
2012-10-15,-1.013728,-1.680559149341879,-0.9382421228068232,0.5706969132570002,35.38,15.27,0.06948
2012-10-16,-1.013687,-1.613724939977916,-0.940331106172022,0.33733775832437546,36.15,15.22,0.06083
2012-10-17,-1.01371,-1.582415768134943,-0.9644230713003916,0.2653353625405274,36.39,15.07,0.05824
2012-10-18,-1.013735,-1.6351263313405713,-0.966588934365777,0.2393583276554843,35.34,15.03,0.05747
2012-10-19,0.005484,-1.3631839664629495,-0.5771241854826666,0.34201023888623744,39.34,17.06,0.06142
2012-10-22,0.06093,-1.1784944901230021,-0.6575815963277806,0.2271679414968521,42.04,16.62,0.05703
2012-10-23,0.232262,-0.7642770336246629,-0.22022500914056695,0.6699699601732578,48.29,18.83,0.07389
2012-10-24,0.231541,-0.6679379902631398,-0.3118544040513727,0.5593452346455196,49.67,18.33,0.06992
2012-10-25,0.231256,-0.6317406334915138,-0.34631118887879714,0.6458841394416811,50.13,18.12,0.07333
2012-10-26,0.23081,-0.4058073938654505,-0.40180507874919374,0.576352352823627,53.47,17.81,0.0709
2012-10-31,0.231935,-0.2959619846924023,-0.23786614748727716,0.8009726964945141,55.06,18.6,0.07952
2012-11-01,0.229248,-0.5865640929160715,-0.6179858697181583,0.07444194038734342,50.59,16.69,0.05272
2012-11-02,0.230503,-0.5492806439763555,-0.42953569210174025,0.24010141517932035,51.06,17.59,0.05895
2012-11-05,0.231697,-0.356885868045543,-0.251989297836492,0.5526774522539043,53.85,18.42,0.07056
2012-11-06,0.230537,-0.47207574661091384,-0.4199596271358671,0.20254172637246723,52.04,17.58,0.05766
2012-11-07,0.232554,-0.22991588391451742,-0.09561525733495409,-0.04412994177305273,55.53,19.08,0.04864
2012-11-08,0.231661,-0.30903124867157095,-0.2134625078305991,-0.25609569576092034,54.27,18.49,0.0409
2012-11-09,0.23184,-0.049366793458957475,-0.17988676480485985,-0.2209926652225875,57.97,18.61,0.04223
2012-11-12,0.229057,-0.3246387079552362,-0.5929736589652622,-0.7464617003103333,53.88,16.68,0.02294
2012-11-13,0.228992,-0.29794045409676656,-0.5983123539940414,-0.7534398053283854,54.16,16.65,0.0225
2012-11-14,0.230767,0.104086818467493,-0.3057981455734591,-0.4340441149672032,59.79,17.92,0.03429
2012-11-15,0.230859,0.1934434098432769,-0.2823030648219041,-0.2017457870123829,60.95,17.99,0.04306
2012-11-16,0.22858,-0.33067017842849855,-0.6432667170324776,-0.6479874724136852,53.46,16.41,0.02673
2012-11-19,0.226936,-0.3985428807973074,-0.9165319400371553,-1.5590845512037497,52.42,15.24,-0.00684
2012-11-20,0.226697,-0.31864312243537046,-0.9582066521213063,-1.3612257985536003,53.42,15.08,0.0
2012-11-21,0.22706,-0.050981567611946096,-0.9079492543571195,-1.3015077284859848,56.93,15.31,0.00184
2012-11-23,0.226875,-0.3221714970071018,-0.9524640342874108,-1.3416355689814408,53.19,15.14,9e-05
2012-11-26,0.227407,-0.4481798877860956,-0.8636866911168438,-1.2308891325721374,51.44,15.5,0.0039
2012-11-27,0.228007,-0.31580547205721693,-0.754117380983553,-1.127165392455287,53.07,15.92,0.00753
2012-11-28,0.227437,-0.44441582206398517,-0.8721249079162258,-1.3005077466281432,51.34,15.51,0.00073
2012-11-29,0.226781,-0.6751457673245498,-1.0123052353924105,-1.4287190247663735,48.38,15.06,-0.0045
2012-11-30,0.227999,-0.13838896876004514,-0.7838844077627164,-1.0716809743284015,54.95,15.87,0.0086
2012-12-03,0.229109,-0.11056272106044844,-0.5540777167628187,-0.7919868574844063,55.18,16.64,0.01899
2012-12-04,0.229799,0.17075317224489867,-0.40245586608211176,-0.6675042879691394,58.49,17.12,0.02395
2012-12-05,0.228844,-0.23393435063724338,-0.6004806841606887,-0.7756843291306917,53.53,16.46,0.02016
2012-12-06,0.229038,0.1366586096310515,-0.5582451501533967,-0.020924592889695552,57.83,16.58,0.04858
2012-12-07,0.22805,-0.20437933788329343,-0.7717025163495237,0.054140384869665444,53.71,15.9,0.05158
2012-12-10,0.228275,-0.35937671304431956,-0.7216259516132354,0.08751299728318153,51.82,16.05,0.05302
2012-12-11,0.227596,-0.36547123825800154,-0.8816933478865744,-0.08266773477237496,51.67,15.57,0.04689
2012-12-12,0.228164,-0.4148216750986965,-0.7600317393736425,0.07053393505707971,51.04,15.95,0.05255
2012-12-13,0.229028,-0.3251470350539954,-0.5431824488849779,0.54558854145888,51.96,16.56,0.07027
2012-12-14,0.229648,-0.24720859794925715,-0.3813109023493781,0.6129147170694614,52.74,17.0,0.07296
2012-12-17,0.228746,-0.6333702514771685,-0.6123509962011876,0.28342322071848924,48.46,16.34,0.06111
2012-12-18,0.227667,-1.1009303852567405,-0.890252356303409,0.46280290161293136,43.34,15.57,0.06786
2012-12-19,0.230246,-0.43992490196750456,-0.22339147584340302,0.7789734195746374,50.38,17.36,0.07958
2012-12-20,0.230717,-0.4250691763762906,-0.09934132002118949,0.8333828287455215,50.47,17.67,0.08179
2012-12-21,0.230915,-0.7100921259424366,-0.025173704461609513,0.9117468528933474,47.41,17.84,0.08487
2012-12-24,0.230903,-0.680585719535344,-0.017199319860713554,0.9021936405300754,47.66,17.84,0.0847
2012-12-26,0.233196,-0.29264294771273797,0.6190223449107011,1.3726053835405534,51.61,19.48,0.10144
2012-12-27,0.233176,-0.3599661180166445,0.6192400483384493,1.4643219006998596,50.85,19.47,0.10481
2012-12-28,0.237153,0.19721551209803193,1.877401764481907,2.1962957159225027,56.46,22.72,0.1304
2012-12-31,0.231158,-1.1054298140344627,0.060821661694245396,0.34084802513632173,43.19,18.02,0.06639
2013-01-02,0.226385,-2.135039157885455,-1.2296680025054298,-1.3960556839485105,32.75,14.68,0.00619
2013-01-03,0.226191,-1.9934157306677984,-1.2691708668657098,-1.4251068093404327,33.96,14.56,0.00487
2013-01-04,0.22509,-2.128608143237872,-1.5505536486067544,-1.6338849177775574,32.4,13.83,-0.00282
2013-01-07,0.225009,-2.2789156406828464,-1.5576591544989637,-1.6612765246335166,30.61,13.79,-0.00421
2013-01-08,0.224722,-2.221279253737673,-1.6139338829753136,-1.7233656290953316,30.88,13.62,-0.00683
2013-01-09,0.225037,-2.1731171095007484,-1.5254936758152284,-1.6590876491774966,31.06,13.81,-0.00494
2013-01-10,0.224579,-2.1408137826519646,-1.6381476381321145,-1.7555477367352352,31.09,13.49,-0.00865
2013-01-11,0.224372,-2.0630470646010757,-1.6747933507442332,-1.7783082935141101,31.61,13.36,-0.01001
2013-01-14,0.22462,-2.0133471732096484,-1.5962407098628597,-1.647735655906559,31.86,13.52,-0.00588
2013-01-15,0.224674,-2.1902406046529506,-1.570664466818403,-1.5794133400844221,29.7,13.55,-0.00397
2013-01-16,0.22447,-2.0883852382736134,-1.6072513401690567,-1.476581448771569,30.48,13.42,-0.00074
2013-01-17,0.224741,-1.8935494948575247,-1.5345197194878673,-1.314151610167454,32.31,13.57,0.00472
2013-01-18,0.222977,-2.268709441651229,-1.9587449599275617,-1.5015461092497988,27.96,12.46,-0.00256
2013-01-22,0.222956,-2.241292277930771,-1.9496832463942648,-1.4870092372575843,27.91,12.43,-0.00252
2013-01-23,0.223015,-2.0664480508649268,-1.915623837815039,-1.2878975789524254,29.53,12.46,0.00436
2013-01-24,0.223391,-1.5514651718851162,-1.8049125572275861,-1.1907238087280854,35.06,12.69,0.00756
2013-01-25,0.223749,-1.4468411470132985,-1.7086892958817255,-1.06023394446505,36.09,12.89,0.01204
2013-01-28,0.224817,-1.1791652002628095,-1.4321327318390955,-0.8765224576536729,38.99,13.57,0.01854
2013-01-29,0.224438,-1.407070289603941,-1.5182513784811345,-0.6320705436453988,36.29,13.31,0.02735
2013-01-30,0.225986,-0.7693775734791424,-1.1226506794088935,-0.12225690134097879,43.44,14.32,0.04604
2013-01-31,0.22591,-0.6132990723797787,-1.1291415636720705,1.0400490633925903,45.16,14.28,0.0888
2013-02-01,0.223806,-1.2062090280836477,-1.6397226651836878,0.49362507457520693,38.32,12.9,0.06849
2013-02-04,0.226495,-0.7378577936435716,-0.9597115183637988,0.5851638771421426,43.57,14.67,0.07159
2013-02-05,0.225095,-1.0813047656693562,-1.308509105721729,0.194633966023604,39.57,13.72,0.05706
2013-02-06,0.224613,-1.2045161537909315,-1.4137550204688296,0.1673616506918232,38.06,13.41,0.05584
2013-02-07,0.224744,-1.2011947080114331,-1.3692897555267345,0.16991955150557972,37.99,13.5,0.0558
2013-02-08,0.224018,-1.2374843933315562,-1.5359806466738881,0.08482826686625303,37.46,13.02,0.05256
2013-02-11,0.223886,-1.3064362333026545,-1.5517054173671563,0.06268753538656006,36.55,12.94,0.05159
2013-02-12,0.223412,-1.2832788198100904,-1.6473770873603644,-0.0010380751592810023,36.69,12.64,0.0491
2013-02-13,0.223963,-1.015310801807473,-1.5066621307665016,0.09873705967655061,39.67,12.98,0.05243
2013-02-14,0.223453,-1.1455133024196689,-1.6109514568234333,0.019603040954761182,38.07,12.66,0.04932
2013-02-15,0.223121,-1.2372334050671931,-1.6679530534633702,-0.004889825821084184,36.9,12.46,0.04823
2013-02-19,0.222922,-1.3423871798137812,-1.7057631618265074,-0.11260830611991131,35.56,12.31,0.04422
2013-02-20,0.226569,-0.3759072802372844,-0.8332865192734411,0.21274385718468183,46.67,14.68,0.05518
2013-02-21,0.227346,0.01963210920722279,-0.6313198392403198,0.28848720641196013,51.24,15.22,0.05755
2013-02-22,0.225806,-0.49385058959786043,-1.0069748302981565,-0.14178298062298758,45.27,14.17,0.04263
2013-02-25,0.232678,1.19639811461096,0.7406800862788204,0.7348283035664374,64.87,18.99,0.07242
2013-02-26,0.229743,0.20034166842727485,-0.025886648641397395,0.0574994035038778,53.33,16.87,0.04917
2013-02-27,0.226659,-0.5239597608716887,-0.7981222526016093,-0.7670472882242388,44.89,14.73,0.02096
2013-02-28,0.227819,-0.3153610752337354,-0.5123699724481083,-0.50639812006322,47.28,15.51,0.02959
2013-03-01,0.227609,-0.40346526042349956,-0.5625336621377409,-0.5350312915369068,46.22,15.36,0.02842
2013-03-04,0.225596,-1.136464302013689,-1.0449068035550741,-0.8190444172775221,37.64,14.01,0.01866
2013-03-05,0.224829,-1.1354862036076119,-1.2275956812437854,-0.8397442645670427,37.55,13.48,0.01775
2013-03-06,0.224913,-1.1053924052443256,-1.2006922870212398,-0.6807915575329815,37.82,13.53,0.02284
2013-03-07,0.224184,-1.229376802783483,-1.360076155603619,-0.8162292482890124,36.28,13.06,0.01811
2013-03-08,0.223459,-1.2404255010845335,-1.5160893073317658,-0.9549244347684698,36.05,12.59,0.01333
2013-03-11,0.221778,-1.336186839878868,-1.8707399032545047,-1.2379663622122434,34.8,11.56,0.00387
2013-03-12,0.222944,-1.212488102388996,-1.5982331308162745,-1.0295317509537463,36.13,12.27,0.01043
2013-03-13,0.222225,-1.213130515235655,-1.737998571597223,-1.1554979224612791,36.02,11.83,0.00603
2013-03-14,0.221364,-1.3947147368400519,-1.9062339053554254,-1.338866457759318,33.75,11.3,-0.00028
2013-03-15,0.221353,-1.465722095195807,-1.887222974003811,-1.3415014710109707,32.78,11.3,-0.00074
2013-03-18,0.224687,-0.6227086244782908,-1.1580085367427013,-0.7741100751929592,42.76,13.36,0.01767
2013-03-19,0.226259,-0.4453252376494697,-0.7971467514711243,-0.4056183858515445,44.87,14.39,0.02971
2013-03-20,0.223618,-1.1635425894897506,-1.388437526542908,-0.6614908032598558,36.28,12.67,0.02118
2013-03-21,0.225641,-0.6443008883845306,-0.9281170610117818,-0.3220259453695389,42.51,13.99,0.03231
2013-03-22,0.225032,-0.6624217942358385,-1.0700544369303937,-0.41010649781482406,42.31,13.57,0.02934
2013-03-25,0.225277,-0.8557973361757316,-1.0068862956070974,0.4229526901107039,40.01,13.74,0.05681
2013-03-26,0.223798,-1.263124470042835,-1.3358030017379243,0.09137114530584009,35.12,12.77,0.04587
2013-03-27,0.224397,-1.1542396950858327,-1.1979422618759776,0.4785511692887981,36.35,13.15,0.05868
2013-03-28,0.223706,-1.5470251182752601,-1.346549514116375,0.341618504634523,31.58,12.7,0.05422
2013-04-01,0.225067,-1.2431226808617106,-1.0422261320961008,0.5108492669686677,35.16,13.58,0.05993
2013-04-02,0.223838,-1.5578121377725531,-1.3090011178502636,0.25689311828858374,31.28,12.78,0.05162
2013-04-03,0.226005,-1.1744557013692796,-0.8176430482300634,0.5414882822669227,35.83,14.21,0.0611
2013-04-04,0.225538,-1.3157481690007728,-0.9232389200215855,0.41378096211623516,34.09,13.89,0.05697
2013-04-05,0.22556,-1.4739245354728039,-0.9096661952269461,0.37310658638631444,32.1,13.92,0.05569
2013-04-08,0.224461,-1.716707589486413,-1.152064857862054,0.10981580556230205,29.04,13.19,0.04702
2013-04-09,0.223928,-1.8388608387632863,-1.263642227579017,0.001491066531931165,27.41,12.84,0.04339
2013-04-10,0.22323,-2.0056723477664398,-1.4157427902044177,-0.39524595223286113,25.17,12.36,0.03019
2013-04-11,0.223057,-2.0148629210950726,-1.4444793649714776,-0.43903056619659836,24.81,12.24,0.02862
2013-04-12,0.222745,-2.0067239035876034,-1.4914055305021268,-0.47646057477852044,24.64,12.06,0.02722
2013-04-15,0.230485,-0.9389224593186045,0.25317379748689356,0.14757191964940083,37.82,17.27,0.04765
2013-04-16,0.225696,-1.617040678959748,-0.8457264077209725,-1.0942841201650133,29.18,13.96,0.00662
2013-04-17,0.229397,-1.009390588698794,0.00844033700497055,-0.6078443876998173,36.77,16.51,0.02241
2013-04-18,0.230865,-0.6232216926959259,0.3627099253231869,-0.2772156187330554,41.61,17.56,0.03314
2013-04-19,0.227154,-1.0203909938495275,-0.49946880036040175,-1.076930878878116,36.52,14.97,0.00668
2013-04-22,0.226308,-1.0740640971689746,-0.6889300262061813,-1.2077341749032413,35.78,14.39,0.00213
2013-04-23,0.224972,-1.3921637758970369,-0.9876373371401673,-1.582567488687714,31.64,13.48,-0.01056
2013-04-24,0.225173,-1.0008096688951045,-0.9366762772088536,-1.4640654227013208,36.53,13.61,-0.00709
2013-04-25,0.225211,-0.7519229847781161,-0.9268757089331434,-1.463649021001232,39.65,13.62,-0.00745
2013-04-26,0.225185,-0.6678085591549104,-0.922926330121176,-1.4456381493634114,40.66,13.61,-0.00727
2013-04-29,0.225379,-0.8516091297525988,-0.8827466082866908,-1.4227099551169404,38.23,13.71,-0.00692
2013-04-30,0.2251,-0.9015945962501197,-0.9405174539657447,-1.4497579282001805,37.51,13.52,-0.00814
2013-05-01,0.226527,-0.4232639028547062,-0.6132635601702127,-1.1201863259331895,43.6,14.49,0.00276
2013-05-02,0.225208,-0.7845629899470788,-0.9089704010539176,-1.4589057651239457,38.9,13.59,-0.00888
2013-05-03,0.224112,-1.0096951636564764,-1.1480761101354333,-1.7230853180148893,35.92,12.85,-0.01823
2013-05-06,0.223822,-1.1692882058096619,-1.2029789476472317,-1.739362202723955,33.76,12.66,-0.01927
2013-05-07,0.224122,-1.0795864542258982,-1.138114186822535,-1.6859019045835673,34.8,12.83,-0.01795
2013-05-08,0.223877,-1.0679252671119652,-1.1853372059530636,-1.5878472603337364,34.84,12.66,-0.01509
2013-05-09,0.224595,-0.795363078620543,-1.021363263222488,-1.4624253113317034,38.26,13.13,-0.01122
2013-05-10,0.223769,-1.1130225342135251,-1.1905821194909119,-1.5957775290239935,34.07,12.59,-0.01632
2013-05-13,0.223706,-0.8194641860674867,-1.194032717898593,-0.6963823793998678,37.75,12.55,0.01475
2013-05-14,0.024562,-0.7282185384452703,-1.1125825227280985,-0.4960150391900561,38.84,12.77,0.02159
2013-05-15,0.224204,-0.9301490068240363,-1.0905840864899654,0.06487695428882401,36.16,12.81,0.04111
2013-05-16,0.224583,-0.6129100753727629,-0.9968311169407585,0.21013670831664283,40.14,13.07,0.04602
2013-05-17,0.223665,-0.9515711597962615,-1.194954760738347,0.0018957613277712055,35.75,12.45,0.03853
2013-05-20,0.224558,-0.5963681520053488,-0.9993018901436818,0.14471955844442186,40.17,13.02,0.04315
2013-05-21,0.02486,-0.41107816503872824,-0.876950981582742,0.3715554729290891,42.43,13.37,0.05055
2013-05-22,-1.013431,-0.23284408464471826,-0.7227084530132333,0.27989033552080045,44.59,13.82,0.04697
2013-05-23,-0.633808,-0.3237454308716417,-0.6345287111247315,0.3237419434953294,43.37,14.07,0.0479
2013-05-24,-1.013395,-0.08732417532240422,-0.6565404195736734,0.3234203811557065,46.21,13.99,0.04767
2013-05-28,-1.013215,-0.2719069846088933,-0.47918804046699043,0.4976075430325917,43.85,14.48,0.05311
2013-05-29,0.000186,-0.12931565328194997,-0.3488905831520169,0.4549133559948795,45.51,14.83,0.05138
2013-05-30,0.122264,-0.4143437686350735,-0.4493891748358686,0.6318148395504766,41.98,14.53,0.05675
2013-05-31,0.229326,0.15417134597079993,0.19502433972754057,0.78904564849273,48.74,16.3,0.06139
2013-06-03,0.229324,-0.026951994894812214,0.19597938689806643,0.9219707844585607,46.49,16.28,0.0654
2013-06-04,0.229285,0.09474059263427921,0.20753580325554125,0.8623222352413491,47.82,16.27,0.063
2013-06-05,0.230948,0.31850592278985584,0.6871271187635476,0.9583497063198824,50.33,17.5,0.06546
2013-06-06,0.229774,0.07395237378465627,0.3857418169996798,0.5871599797357832,47.35,16.63,0.05347
2013-06-07,0.227682,-0.4410822682108559,-0.1874371083570347,-0.14957115895737547,41.35,15.14,0.03071
2013-06-10,0.228119,-0.2914605873273629,-0.052400944164030634,-0.01470486528350779,42.97,15.44,0.03449
2013-06-11,0.230408,0.37960478942600134,0.6450158049223389,0.3545552981389347,50.4,17.07,0.04541
2013-06-12,0.232265,1.0482703097716486,1.3101116239752677,0.9629109152707909,57.65,18.59,0.06351
2013-06-13,0.229499,0.26829203057639844,0.38720194778105305,-0.1148890692252645,48.95,16.41,0.03148
2013-06-14,0.230523,0.5124550698934345,0.7355818974314655,0.12399204466442332,51.43,17.15,0.03848
2013-06-17,0.230061,0.5583828377600619,0.5994123011453928,0.09155319476760261,51.71,16.8,0.03749
2013-06-18,0.229826,0.5415914502212492,0.5442847270852448,-0.08176732487037963,51.25,16.61,0.03222
2013-06-19,0.229806,0.5296798697220559,0.5767734046230946,-0.32616549706992337,50.93,16.64,0.02494
2013-06-20,0.234546,1.483168092536204,2.4279736426824137,0.25115973001736047,60.39,20.49,0.04206
2013-06-21,0.232628,0.9266179587852127,1.6532469349784307,-0.31426123998268224,54.77,18.9,0.02538
2013-06-24,0.234079,1.1594911453498564,2.2211254902444453,-0.036559970706421675,57.0,20.11,0.03366
2013-06-25,0.232107,0.837707911990173,1.429606582666675,-0.674439405199162,53.76,18.47,0.01488
2013-06-26,0.230544,0.5593847579754841,0.847139441633304,-1.2249661922735646,50.88,17.21,-0.00143
2013-06-27,0.230076,0.5127800279855751,0.6852455869641779,-1.3835180208948794,50.36,16.86,-0.00607
2013-06-28,0.230056,0.5323342140792401,0.6988627579180284,-1.169818434846794,50.45,16.86,0.00013
2013-07-01,0.229382,0.13230896991741178,0.4743539455820905,-1.3251149760569167,46.49,16.37,-0.00452
2013-07-02,0.229479,0.24849491137337898,0.5175357629250511,-1.268113495542867,47.53,16.44,-0.00293
2013-07-03,0.229139,0.11591160482379927,0.41115473363065425,-1.1034363792422337,46.18,16.2,0.00187
2013-07-05,0.22728,-0.5192934354495357,-0.2261152456672937,-1.5890157415768513,40.1,14.89,-0.01244
2013-07-08,0.227143,-0.7811014258765819,-0.2763543695215791,-1.447710032902638,37.57,14.78,-0.00823
2013-07-09,0.22654,-0.8699771443522816,-0.48310699440460114,-1.6633923228392902,36.67,14.35,-0.01455
2013-07-10,0.226331,-0.8873035813134907,-0.5464066430522541,-1.5445427689866154,36.44,14.21,-0.01127
2013-07-11,0.2261,-0.8671448414711569,-0.6393270370351049,-1.6779825242808228,36.57,14.01,-0.01537
2013-07-12,0.225859,-1.0094534955392922,-0.7168077411515701,-1.4916153817610067,35.15,13.84,-0.01008
2013-07-15,0.225791,-0.987877613418641,-0.7352808799179473,-1.420538202788907,35.28,13.79,-0.00824
2013-07-16,0.226717,-0.4961389522646582,-0.4170638689240298,-1.1874724981251217,39.91,14.42,-0.00144
2013-07-17,0.225771,-0.7624809260843644,-0.729271149465683,-1.3320486273277385,37.33,13.78,-0.00599
2013-07-18,0.225782,-0.6903282161725623,-0.7284429118754164,-1.0026472306151015,37.98,13.77,0.00392
2013-07-19,0.102775,-1.0132541032755067,-1.334222448264089,0.02833643903625761,34.85,12.54,0.0351
2013-07-22,-0.53233,-1.1640013999565597,-1.446871032851228,-0.061590912595631195,33.35,12.29,0.03253
2013-07-23,-0.047404,-0.9150436680604545,-1.251097514747863,0.6082428207302072,35.68,12.66,0.05284
2013-07-24,-0.10958,-0.40253153428487864,-0.9855858460816127,0.7376106368873038,40.57,13.18,0.0569
2013-07-25,0.224558,-0.5750729056430449,-1.0815830803677335,0.7920926684310882,38.88,12.97,0.0587
2013-07-26,0.224173,-0.5998552529606922,-1.1977401678878201,0.736660753674793,38.59,12.72,0.05715
2013-07-29,0.225191,-0.44539428738511216,-0.8611946808490509,0.9826749754266311,40.01,13.39,0.0645
2013-07-30,-0.598699,-0.48442360497597126,-0.8557877756260401,0.9982721988098892,39.58,13.39,0.06505
2013-07-31,-0.390027,-0.3530102167228249,-0.8186208567462205,1.0175728470771124,40.76,13.45,0.06584
2013-08-01,-1.013568,-0.46108280513637906,-1.0691362654760124,0.5606680429325575,39.69,12.94,0.05232
2013-08-02,-1.013936,-0.8631477752932262,-1.5461559009892027,0.4002798780277203,35.9,11.98,0.04754
2013-08-05,-1.014005,-1.154040251264289,-1.60777274099734,0.3433193751034402,33.19,11.84,0.04581
2013-08-06,-0.220064,-0.5980136249522715,-1.151030331514761,0.5676576699931605,38.22,12.72,0.05254
2013-08-07,0.181766,-0.5487422764721279,-1.0100107289429872,0.5839112785227223,38.61,12.98,0.0531
2013-08-08,-0.131182,-0.643887572292421,-1.1297543648718724,0.9406393683419224,37.7,12.73,0.064
2013-08-09,0.22524,-0.2917009958996542,-0.7765684547845729,1.1265450181633534,40.81,13.41,0.06982
2013-08-12,0.224306,-0.17155230856861922,-1.0746405172248317,0.9159476876291354,41.83,12.81,0.06374
2013-08-13,0.223533,-0.6296972283974566,-1.3198112319904167,0.7785464091276671,37.7,12.31,0.05981
2013-08-14,0.224651,-0.610270276551462,-0.9419464065299488,0.9349025302365049,37.82,13.04,0.06472
2013-08-15,0.227132,0.3645763677977312,-0.08760767321612406,1.0067754157905933,46.41,14.73,0.0671
2013-08-16,0.226581,0.259977025130179,-0.2707739938084415,0.882202891889233,45.44,14.37,0.06359
2013-08-19,0.227631,0.8076031384559703,0.09729546236389762,1.0902474990799558,50.18,15.1,0.07006
2013-08-20,0.227371,0.67239813906439,0.000818128342475288,0.951832392450703,48.9,14.91,0.06614
2013-08-21,0.228843,0.9978161660988331,0.5176157686813586,1.2501382740098197,51.62,15.94,0.07538
2013-08-22,0.227163,0.5924517050197103,-0.08087532701014892,0.6557892000030316,48.1,14.76,0.05771
2013-08-23,0.226019,0.2993807653242744,-0.47505600749467547,0.3458325185376594,45.55,13.98,0.04849
2013-08-26,0.227501,0.7220867402932672,0.03546373791606462,0.6737216960718403,49.14,14.99,0.05846
2013-08-27,0.229995,1.3626369928201512,0.9314170403187672,0.8042255363730868,54.59,16.77,0.06251
2013-08-28,0.229609,1.2315247904558935,0.7879751014141261,0.6768545331517024,53.43,16.49,0.05871
2013-08-29,0.230073,1.4398977053534556,0.9450714738053947,1.1752967938553962,55.19,16.81,0.0738
2013-08-30,0.230342,1.4545313372123447,1.0437661999638632,1.2713278374111665,55.25,17.01,0.07671
2013-09-03,0.229793,1.261783030463098,0.8412811695863374,1.0530644893401193,53.54,16.61,0.07009
2013-09-04,0.228785,1.0465389879953153,0.476732998413528,0.6498113636591044,51.6,15.88,0.05777
2013-09-05,0.228632,0.8857161415637512,0.42704612733246095,0.6233439917791237,50.14,15.77,0.05673
2013-09-06,0.228748,0.9794114902246026,0.47209749389878175,0.7160910917781604,50.8,15.85,0.05904
2013-09-09,0.228476,0.5902282420619775,0.36686247450742093,0.42702786722730146,47.54,15.63,0.05004
2013-09-10,0.226903,0.09158131307165843,-0.18748307718035997,-0.05662852956379263,43.39,14.53,0.03562
2013-09-11,0.225856,-0.2376204451190427,-0.546893619872478,-0.30256682120923084,40.69,13.82,0.02842
2013-09-12,0.226544,0.31656077562985974,-0.3062942990699276,-0.1059617350850647,45.19,14.29,0.03399
2013-09-13,0.226364,0.2623555137344434,-0.36874156519880025,0.30769680259183035,44.73,14.16,0.04575
2013-09-16,0.22672,0.2515523758722552,-0.2523649417382687,0.3816960430617683,44.62,14.38,0.04776
2013-09-17,0.226963,0.381313368795427,-0.17306675500202565,0.5478001666542469,45.65,14.53,0.05244
2013-09-18,0.225618,0.0959082558908355,-0.6536561372589706,-0.011197421533101706,43.34,13.59,0.03652
2013-09-19,0.224953,-0.3258870673498517,-0.8704928280761092,-0.05297011019439402,39.91,13.16,0.03531
2013-09-20,0.224853,-0.48975819215418953,-0.8866980312727544,-0.15925983120087794,38.57,13.12,0.03226
2013-09-23,0.226628,-0.2777878896040285,-0.2784331246778933,0.1895018277525051,40.28,14.31,0.04224
2013-09-24,0.226272,-0.31047506845314976,-0.3963590304817548,0.13625105719664707,40.02,14.08,0.04076
2013-09-25,0.226153,-0.7286576929336946,-0.431980536032032,0.8190608836246183,36.64,14.01,0.06035
2013-09-26,0.226246,-0.7879306066224031,-0.40662466114862683,0.8274251649936867,36.16,14.06,0.0607
2013-09-27,0.228285,-0.29380080605949166,0.3055173177617864,1.2189542080102143,40.16,15.46,0.07206
2013-09-30,0.22989,0.24146273359057502,0.8851569019103966,1.515651011848372,44.49,16.6,0.08081
2013-10-01,0.22841,-0.19685578665506562,0.34669407610371783,1.0534509623969717,40.94,15.54,0.06771
2013-10-02,0.22991,-0.10311201308782049,0.8843102352193495,1.5126254229191063,41.72,16.6,0.08121
2013-10-03,0.23119,0.3655612650545063,1.4250954660532924,1.624569145014725,45.52,17.67,0.08481
2013-10-04,0.230076,0.08844748074465666,0.9471473643309608,1.2081618158240426,43.3,16.74,0.073
2013-10-07,0.233284,1.0822098200618664,2.2942261081587976,2.120920416819589,51.35,19.41,0.09996
2013-10-08,0.234397,1.5505456550585253,2.7287911846653623,2.2198282848649504,55.21,20.34,0.10366
2013-10-09,0.233504,0.8403388000948215,2.31313070113181,1.9736789840434437,49.56,19.6,0.09712
2013-10-10,0.229748,-0.29060653664244906,0.7552337459734049,0.032258002978972126,40.44,16.48,0.03937
2013-10-11,0.228691,-0.5690949749818673,0.38092425080300146,-0.2667377153844003,38.21,15.72,0.03031
2013-10-14,0.22921,-0.5506420577021169,0.5533301921633547,-0.12163427651931136,38.35,16.07,0.03452
2013-10-15,0.232391,0.4857982239889244,1.818793790965918,0.6904673968541497,46.74,18.66,0.05871
2013-10-16,0.227275,-0.9306034582813345,-0.11551084027363807,-0.6982715632231554,35.3,14.71,0.01713
2013-10-17,0.225474,-1.2799882847162054,-0.7101404368954208,-1.1704681624960322,32.44,13.48,0.0029
2013-10-18,0.224836,-1.6432630106852804,-0.9194953099475152,-1.263890072836346,29.46,13.04,-0.00015
2013-10-21,0.225021,-1.5954482549750373,-0.8556846298769727,-1.15903665791107,29.77,13.16,0.00266
2013-10-22,0.22531,-1.3480671532606971,-0.7685670158052428,-1.095791393129598,31.72,13.33,0.00427
2013-10-23,0.225422,-1.4752750519232576,-0.7209366569881561,-1.091737683514535,30.64,13.42,0.00413
2013-10-24,0.225104,-1.4543410888110317,-0.8211718300597844,-1.1552432958385856,30.73,13.2,0.00197
2013-10-25,0.224958,-1.38245043704423,-0.8678630458035921,-1.1384696942243973,31.23,13.09,0.0022
2013-10-28,0.225301,-1.1582299997013485,-0.7548190351457292,-0.9459885330000726,32.99,13.31,0.0077
2013-10-29,0.225481,-0.5529275077393582,-0.699677871877651,-0.8688142291471348,37.94,13.41,0.00979
2013-10-30,0.225818,-0.3644922697072801,-0.5756437251763463,-0.8509639332175472,39.46,13.65,0.01011
2013-10-31,0.225949,-0.10986654264023804,-0.5203587346066685,-0.6597558055963921,41.52,13.75,0.01561
2013-11-01,0.225254,-0.5010915848523363,-0.7472259098617278,-0.7712152860168551,38.25,13.28,0.01211
2013-11-04,0.224737,-0.5737490083100206,-0.9146707048229143,-0.6713925174938449,37.61,12.93,0.01491
2013-11-05,0.225243,-0.3451690045249063,-0.7384763118311979,-0.15748292330488764,39.44,13.27,0.03003
2013-11-06,0.224343,-0.4593419590314276,-1.0324280220981765,-0.3422437787474672,38.46,12.67,0.0244
2013-11-07,0.226162,0.38361899782259257,-0.40340806450213745,0.3368425475490283,45.29,13.91,0.0444
2013-11-08,0.224699,-0.2293360001506146,-0.9075745824498351,-0.24934142914431606,40.26,12.9,0.02702
2013-11-11,0.224129,-0.20241878855523834,-1.0897414874165912,-0.36487429975428615,40.43,12.53,0.02354
2013-11-12,0.224567,-0.1716008736630291,-0.9352893715819816,-0.1313451126973311,40.62,12.82,0.03038
2013-11-13,0.224144,-0.3824999046162166,-1.081393562875522,-0.0029239119231032856,38.89,12.52,0.03422
2013-11-14,0.223936,-0.4281578305010137,-1.1495762120180524,-0.018628135235854836,38.48,12.37,0.0338
2013-11-15,0.223676,-0.5919519910127896,-1.2342559420024202,-0.03746836357846414,37.14,12.19,0.03324
2013-11-18,0.225066,0.11652466795939713,-0.7576818822025717,0.21297193226798877,42.61,13.1,0.04062
2013-11-19,0.225496,0.5977392006872234,-0.6020039900521643,0.3350341383439703,46.29,13.39,0.04428
2013-11-20,0.225492,0.40590282255659543,-0.5927925837038128,0.35975664208694486,44.77,13.4,0.04518
2013-11-21,0.224403,0.19880058050536123,-0.9699127361358999,-0.0016425523988510327,43.13,12.66,0.0347
2013-11-22,0.223806,-0.4951823404914898,-1.1685752870835928,-0.15137739221924995,37.77,12.26,0.03044
2013-11-25,0.224623,-0.18639014005133203,-0.888117044352481,0.011095955935873534,40.07,12.79,0.03532
2013-11-26,0.224654,-0.038388264475988323,-0.8714359759257801,0.0610845417408351,41.15,12.81,0.03691
2013-11-27,0.224928,-0.13581909529748618,-0.7777083023763797,0.19508285851707866,40.37,12.98,0.04093
2013-11-29,0.22601,0.017345905460838088,-0.4037722511867666,0.49236824219155395,41.48,13.7,0.04971
2013-12-02,0.226783,0.16378795962655926,-0.12988906447705148,0.6373244786735065,42.55,14.23,0.05408
2013-12-03,0.227237,0.2131086118487568,0.03713556885523988,0.7173137841144039,42.86,14.55,0.05656
2013-12-04,0.227449,0.2766389946833429,0.11846072424515848,0.7848428534474521,43.27,14.7,0.05867
2013-12-05,0.227981,0.5025200967585155,0.3195706523671124,0.8822565392766989,44.84,15.08,0.06165
2013-12-06,0.226143,-0.4959771851064741,-0.3427084920177434,0.6881010630848426,37.52,13.79,0.05621
2013-12-09,0.225703,-0.46762691982514426,-0.49288422317615077,0.9951148281741786,37.68,13.49,0.06516
2013-12-10,0.226314,-0.30927171629480293,-0.2708989996134753,1.0837749061856943,38.77,13.91,0.06783
2013-12-11,0.228463,0.46928727136917336,0.5156029167311321,1.217343403764533,44.28,15.42,0.07183
2013-12-12,0.228618,0.6316286507025773,0.5781910563680769,1.3806530626897173,45.39,15.54,0.0768
2013-12-13,0.228932,0.7230322612630773,0.6934524409237712,1.5210621590419313,46.0,15.76,0.08113
2013-12-16,0.229271,0.6242324032897585,0.8363526599145129,1.5434213011766362,45.26,16.03,0.08192
2013-12-17,0.229484,0.46622088153522123,0.9338672121883387,1.6110222013575002,44.1,16.21,0.08402
2013-12-18,0.226172,-0.9910178454157237,-0.32027395206140435,0.1454632586810353,33.87,13.8,0.04105
2013-12-19,0.226687,-1.0709532438228615,-0.13447637949317287,0.3066319704617604,33.26,14.15,0.04568
2013-12-20,0.226178,-1.3212356403181649,-0.31684121664348913,0.27557902118222255,31.45,13.79,0.04459
2013-12-23,0.225077,-1.7866258755820492,-0.7052820666503847,0.01756437980167831,28.12,13.04,0.03688
2013-12-24,-0.060879,-2.1091624878667226,-0.9956272544329442,-0.1702620155410632,25.72,12.48,0.03123
2013-12-26,-0.804684,-2.277739713997231,-1.0689352475485256,-0.24730930278214927,24.34,12.33,0.02883
2013-12-27,-0.29911,-2.263289411284662,-0.9974258957487334,-0.19340319180390356,24.25,12.46,0.03015
2013-12-30,-0.807166,-1.6740422358541076,-0.3951641404236175,0.20848165988656392,28.27,13.56,0.04127
2013-12-31,-0.288363,-1.4375157549367479,-0.3008420860197881,0.3009411845726188,29.9,13.72,0.04333
2014-01-02,-0.052604,-1.5115468946785637,-6.856007944410484e-05,0.295372503776305,29.28,14.23,0.04307
2014-01-03,-1.012943,-1.5575684529024758,-0.2697514253088036,0.12792264483743165,28.91,13.76,0.03859
2014-01-06,-1.010158,-1.7553542298909688,-0.3888517332605537,0.08561447262356295,27.43,13.55,0.03756
2014-01-07,-1.013188,-1.8719277976549555,-0.7509068173255011,0.0371010010449048,26.52,12.92,0.03639
2014-01-08,-0.842872,-2.0038234885003794,-0.7769392262984264,0.012457773635649233,25.5,12.87,0.03587
2014-01-09,0.083377,-2.1520425966747485,-0.7629903665756558,0.054752035100476305,24.33,12.89,0.03719
2014-01-10,-0.085767,-2.3986752567236507,-1.190679185157191,0.20714150971992748,22.4,12.14,0.04145
2014-01-13,0.225416,-1.5210390248305272,-0.5318123739746735,0.15875904974186764,28.7,13.28,0.04032
2014-01-14,0.223937,-1.9797205613000486,-1.1042249660886456,-0.430555596454761,25.27,12.28,0.0248
2014-01-15,0.223965,-2.055600290038739,-1.0990937701853358,-0.4148461607253993,24.6,12.28,0.02539
2014-01-16,0.224345,-2.141028677469435,-0.9513426813102279,-0.2919582795612265,23.87,12.53,0.0288
2014-01-17,0.224186,-2.098313553295619,-0.9992491107903381,0.2189105330650888,24.07,12.44,0.04238
2014-01-21,0.224861,-1.9281265758788084,-0.7505428645555072,0.373064645699391,25.22,12.87,0.04656
2014-01-22,0.224818,-1.7730063404608285,-0.7691387991456786,0.4023014811780299,26.35,12.84,0.04748
2014-01-23,0.226175,-1.3211474179215337,-0.24117321802084693,0.5733977988360716,29.76,13.77,0.05208
2014-01-24,0.231807,0.1233301558874944,2.248158812519606,1.247074297354238,40.74,18.14,0.0697
2014-01-27,0.230939,0.23238565768778477,1.8098321893790044,1.016438292177236,41.59,17.42,0.06398
2014-01-28,0.228997,0.0925951735304099,0.878657596941211,0.2606653075746451,40.55,15.8,0.04457
2014-01-29,0.230851,0.7991963353623704,1.743635434454646,0.7010523792909629,45.92,17.35,0.05609
2014-01-30,0.230788,0.4131110679891259,1.691728370620444,0.40366702763252416,43.03,17.29,0.0485
2014-01-31,0.232128,2.0062040411604904,2.2981794931372974,0.8944250367874089,55.13,18.41,0.06124
2014-02-03,0.235761,2.6629513139608925,3.932288707651627,1.2635871626770876,60.3,21.44,0.07051
2014-02-04,0.232958,1.5361444699689621,2.5579684059754366,0.1968905969760465,51.93,19.11,0.04302
2014-02-05,0.233968,2.0736472352050406,2.9597738872971218,0.6427664300823434,56.2,19.95,0.05435
2014-02-06,0.230707,1.1451529991558287,1.4857640859553096,-0.7515855655980666,49.11,17.23,0.0185
2014-02-07,0.228313,0.27184364081569706,0.4690873744464516,-1.829002992719366,42.3,15.29,-0.00935
2014-02-10,0.228276,0.10455785523304148,0.44989463199832475,-1.81362529678227,41.0,15.26,-0.00948
2014-02-11,0.227241,-0.24783225453934601,0.05752839132365619,-2.0644252939141325,38.24,14.51,-0.01651
2014-02-12,0.226933,-0.10262026905867082,-0.05440751426505155,-1.9349385118882165,39.39,14.3,-0.01381
2014-02-13,0.226725,-0.1052920031316702,-0.14092881628561332,-1.9844879031483986,39.38,14.14,-0.01572
2014-02-14,0.225903,-0.2920161365596959,-0.4395167309123638,-2.2133902813671327,37.91,13.57,-0.02243
2014-02-18,0.226355,-0.09489160960703252,-0.2859408514836908,-2.05119221567026,39.46,13.87,-0.01891
2014-02-19,0.228654,0.7290739072883285,0.5598852400812694,-1.4690779912315817,45.95,15.5,-0.00388
2014-02-20,0.227696,0.0015435915009522172,0.18368753857542797,-1.7742489125144105,40.27,14.79,-0.01251
2014-02-21,0.227529,-0.11996376833526856,0.1260373516124979,-1.6843155550254456,39.29,14.68,-0.01057
2014-02-24,0.226901,0.09263924393472363,-0.10775949095402196,-1.1215158224174726,40.91,14.23,0.00437
2014-02-25,0.226069,0.30083213525864605,-0.4002764014884767,-1.2607276588047855,42.52,13.67,0.00033
2014-02-26,0.227071,0.2167298266289901,-0.03458869215472582,-0.972864945088916,41.74,14.35,0.00796
2014-02-27,0.226639,-0.09621812715669988,-0.19362020876477617,-0.8418688272674811,39.3,14.04,0.01136
2014-02-28,0.226593,-0.15774711866368077,-0.21335535874616265,-0.702357742005754,38.81,14.0,0.01514
2014-03-03,0.229263,1.099165400111872,0.8497460614348041,-0.0021713005724758438,48.33,16.0,0.03433
2014-03-04,0.226776,0.30291911501800306,-0.1585054862513397,0.35663840474321923,42.29,14.1,0.04423
2014-03-05,0.226467,0.18481528352363874,-0.26990782297284943,0.28831288711370734,41.41,13.89,0.04245
2014-03-06,0.226944,0.3077279773098077,-0.1013430872755808,0.46456567534903404,42.36,14.21,0.04739
2014-03-07,0.2268,0.34348029580202233,-0.1558087463248824,0.6182727555723802,42.65,14.11,0.05171
2014-03-10,0.22693,0.20742357790476895,-0.11042774620931146,0.9285029351220987,41.64,14.2,0.06037
2014-03-11,0.227777,0.5072078787286273,0.2048322294139933,1.0013285158428213,43.94,14.8,0.06257
2014-03-12,0.227301,0.35656029919155613,0.02273057842036072,1.1166194769699895,42.83,14.47,0.06596
2014-03-13,0.229527,1.2735241046941057,0.95481615366173,1.3059369913983119,49.82,16.22,0.07141
2014-03-14,0.231445,1.9840057613630342,1.805689238833011,1.918049225329678,55.31,17.82,0.08857
2014-03-17,0.228837,0.5927391874577569,0.6220674966369149,0.9495684757551597,44.83,15.64,0.06235
2014-03-18,0.227383,0.0371251269496432,0.012570343830541147,0.4359099729617088,40.62,14.52,0.04838
2014-03-19,0.228213,0.13364566990993895,0.33357709043562284,0.6627233265929752,41.35,15.12,0.05475
2014-03-20,0.227383,-0.40062288176265304,0.008534440443808574,0.4410436889775572,37.25,14.52,0.04874
2014-03-21,0.228062,-0.2991904089222557,0.26381983181491936,0.5954148689522611,38.03,15.0,0.05311
2014-03-24,0.22817,-0.4185107918152875,0.31026826650794875,0.6300470325709041,37.1,15.09,0.05416
2014-03-25,0.226638,-0.8826004582361123,-0.27096650032553565,0.20882471177210624,33.53,14.02,0.04263
2014-03-26,0.227929,-0.44959276311336294,0.22011634837107308,0.41510297841226845,36.81,14.93,0.04826
2014-03-27,0.227473,-0.5499777549761913,0.04805033399920433,0.3486691643495099,36.05,14.62,0.04644
2014-03-28,0.227189,-0.651669402122872,-0.06885478604920596,0.24258489886200485,35.27,14.41,0.04345
2014-03-31,0.226449,-1.0001603035087914,-0.3604435508073094,0.058253200331546996,32.63,13.88,0.03833
2014-04-01,0.225321,-1.4369468758623007,-0.7848230781849376,0.19367216838544457,29.27,13.1,0.04197
2014-04-02,0.225319,-1.4091529371128078,-0.7914200341758425,0.17638480446694643,29.46,13.09,0.04145
2014-04-03,0.225734,-1.548299098500367,-0.6360948669580773,0.28014549758304397,28.33,13.37,0.04421
2014-04-04,0.226549,-1.4116047217358667,-0.31454538057657255,0.11337977583682819,29.32,13.96,0.03958
2014-04-07,0.228746,-0.790313684070189,0.5588175525762353,0.47127133693853335,34.09,15.57,0.04933
2014-04-08,0.22787,-1.0626219331381457,0.18486451529877607,0.2241561066674495,32.03,14.89,0.04256
2014-04-09,0.22636,-1.7704212061273417,-0.4009757644488522,-0.4194319918631883,26.64,13.82,0.02491
2014-04-10,0.229125,-0.8164421747265219,0.7230875546590132,-0.24099878380709946,33.98,15.89,0.02978
2014-04-11,0.230486,-0.05077014333183859,1.3394567177740837,0.04153896755339855,39.89,17.03,0.03753
2014-04-14,0.229388,-0.40350123188932624,0.8263594050227197,-0.2492429323710045,37.29,16.11,0.0296
2014-04-15,0.228793,-0.5647145439490578,0.557297080354061,-0.41664216060704423,36.07,15.61,0.02494
2014-04-16,0.226864,-1.216330564664321,-0.22976988650190894,-1.0871140293474892,31.21,14.18,0.00669
2014-04-17,0.225658,-1.0950666790418786,-0.6752620767769755,-1.3219459545341319,32.08,13.36,0.00014
2014-04-21,0.225511,-0.9195684805367709,-0.7297161252132638,-1.362779099518204,33.35,13.25,-0.00124
2014-04-22,0.225441,-0.9155025830756807,-0.758308955324459,-1.358055678302243,33.36,13.19,-0.00119
2014-04-23,0.22555,-0.663914344472247,-0.7108275141193294,-1.3126293661241273,35.25,13.27,3e-05
2014-04-24,0.225633,-0.3403922998076749,-0.6826555887281525,-1.2034170361288117,37.72,13.32,0.00315
2014-04-25,0.226691,0.4139965242763674,-0.2749042937846848,-1.0583669825333641,43.43,14.06,0.00724
2014-04-28,0.226574,-0.28216693593258996,-0.32547090925475924,-1.0790756605582372,38.18,13.97,0.00682
2014-04-29,0.226213,-0.3350164140695847,-0.46941803721547115,-1.1124683017134496,37.77,13.71,0.00604
2014-04-30,0.225781,-0.43916438915812345,-0.6344785191386789,-1.1566056201421628,36.98,13.41,0.00497
2014-05-01,0.225541,-0.43751558830754095,-0.7221658413478289,-1.2047389828974906,36.99,13.25,0.0038
2014-05-02,0.225022,-0.6507849041036705,-0.905569921317948,-1.3312377550799173,35.35,12.91,0.00038
2014-05-05,0.225604,-0.4450604801435062,-0.6945161918086038,-0.8958734918758898,36.89,13.29,0.01228
2014-05-06,0.226319,0.3758981211509517,-0.41582376328120096,-0.6436943780277711,43.11,13.8,0.01934
2014-05-07,0.225752,0.12811016670607517,-0.6392314557823475,-0.8338981303197316,41.27,13.4,0.01455
2014-05-08,0.22579,0.3670998802631683,-0.6245841572488481,-0.6166267448560686,43.1,13.43,0.0206
2014-05-09,0.22503,-0.21856437257654043,-0.9085336817230518,0.32789781666931744,38.71,12.92,0.04572
2014-05-12,0.224021,-0.31553396311817894,-1.2882625105264731,0.2461413108079294,37.98,12.23,0.04375
2014-05-13,0.223868,0.003047800914467752,-1.3413702992651413,0.31373196486790167,40.4,12.13,0.04569
2014-05-14,0.223906,0.20067701904361607,-1.31693121817785,0.288580772734168,41.9,12.17,0.04515
2014-05-15,0.225388,0.9580146210780599,-0.7640914542560058,0.6450030565541405,47.62,13.17,0.05446
2014-05-16,0.224295,0.15039773371708237,-1.1668386245908664,0.3269629242112202,41.58,12.44,0.04629
2014-05-19,0.224284,0.41997927152734615,-1.1748595773289654,0.31770439506313025,43.62,12.42,0.04605
2014-05-20,0.225076,0.9237961614502941,-0.8781738473629088,0.44006153691820854,47.45,12.96,0.04925
2014-05-21,0.223498,0.4445862113158753,-1.4544668514760886,-0.1392206920284929,43.87,11.91,0.03426
2014-05-22,0.223698,0.5985289569534531,-1.380784055945038,-0.09668465748621434,45.04,12.03,0.0353
2014-05-23,0.222658,0.23570011797826312,-1.7375537531595113,-0.16239303858029053,42.3,11.36,0.03356
2014-05-27,0.222931,-0.13156511791247397,-1.640334442916973,-0.16079127437086674,39.52,11.51,0.03354
2014-05-28,0.223196,-0.03413787022422542,-1.5349378780271075,-0.0634426612008505,40.23,11.68,0.03601
2014-05-29,0.22305,-0.3264514977286974,-1.5809385734539083,-0.1498180927386045,38.01,11.57,0.03371
2014-05-30,0.222788,-0.6728293380233825,-1.6572076217193812,-0.21117650887711154,35.37,11.4,0.03205
2014-06-02,0.223079,0.09973276074011839,-1.5460231812063714,-0.12042361413017613,41.17,11.58,0.0343
2014-06-03,0.223535,0.15178076389833445,-1.3780167646382495,-0.008715645097782974,41.53,11.87,0.03708
2014-06-04,0.223872,0.21443777466987998,-1.2550711623622444,0.41512093008747797,41.98,12.08,0.04787
2014-06-05,0.22328,-0.07121092351635817,-1.4560307147601679,0.23551579486820093,39.81,11.68,0.04318
2014-06-06,0.221774,-0.8641539082961912,-1.9477773576317718,-0.12488323846266723,33.84,10.73,0.03385
2014-06-09,0.222465,-0.7422182815825108,-1.7052436476247832,0.039434535932589006,34.7,11.15,0.03798
2014-06-10,0.222204,-0.8595090325562568,-1.7715430987952618,0.18400418890278133,33.79,10.99,0.04171
2014-06-11,0.223163,-0.5440082248604778,-1.434976771653278,0.3402764296706588,36.11,11.6,0.04574
2014-06-12,0.224617,-0.058847349170429594,-0.9238000687263398,0.598846918614821,39.69,12.56,0.05236
2014-06-13,0.224049,-0.3855676216867281,-1.1182971935870751,0.865509736239748,37.21,12.18,0.05911
2014-06-16,0.224773,-0.6096197596502929,-0.8627573709681583,1.0583678148743416,35.52,12.65,0.06419
2014-06-17,0.223879,-1.0327789586633396,-1.166598513210447,0.8415665955603705,32.37,12.06,0.05879
2014-06-18,0.221598,-2.1053027733400094,-1.9217215433566082,0.418949796256387,24.47,10.61,0.04804
2014-06-19,0.221621,-2.3713582848894825,-1.8959623670983157,0.5782757241024739,22.35,10.62,0.0522
2014-06-20,0.22201,-2.350329184180075,-1.7559245661438605,0.6645929670928897,22.28,10.85,0.05453
2014-06-23,0.222221,-2.367125127410245,-1.6943895090424252,0.726078505585778,22.09,10.98,0.05618
2014-06-24,0.224008,-1.60873523280792,-1.0745812092495635,0.9997887579847035,27.51,12.13,0.06336
2014-06-25,0.22319,-2.0944384424249214,-1.3714008461541725,0.746313793815525,23.91,11.59,0.05699
2014-06-26,0.223246,-2.117537533205622,-1.344976010104364,0.8085633789461097,23.61,11.63,0.05875
2014-06-27,0.222668,-2.2662648098223763,-1.5394848237616527,0.657464480582931,22.35,11.26,0.05504
2014-06-30,0.22316,-2.2040236229785264,-1.356844905240573,0.7654876431474279,22.61,11.57,0.05795
2014-07-01,0.222526,-2.485596144650686,-1.5782541233897978,0.47358459022356864,20.33,11.15,0.05068
2014-07-02,-0.256173,-2.6003628717254132,-1.745924247825977,0.33769845702654316,19.18,10.82,0.04739
2014-07-03,-1.013835,-2.768087087623055,-2.0038666071950746,0.17468340151790743,17.59,10.32,0.04344
2014-07-07,0.06738,-2.250608957081993,-1.4299056697348036,0.5292993640322927,21.18,11.33,0.05249
2014-07-08,-0.03827,-1.7860105171659764,-1.0635911226570784,0.5558485786195388,24.54,11.98,0.0533
2014-07-09,-0.45963,-2.1844290152499504,-1.2348597841207476,0.35154899205578966,21.29,11.65,0.0484
2014-07-10,-0.388867,-1.6262429586718314,-0.7164607678059801,0.7086336780174101,25.47,12.59,0.05731
2014-07-11,0.223976,-1.7147215199585069,-0.9882053334727502,0.7350570507788413,24.66,12.08,0.05809
2014-07-14,0.082021,-2.020349763009101,-1.1225655705911013,0.5800375206390879,22.1,11.82,0.05448
2014-07-15,0.126472,-1.7592303856800453,-1.0400570900954709,0.5979382646726452,24.02,11.96,0.05505
2014-07-16,0.180395,-2.1421435602152274,-1.5499225109960117,0.15018610648293035,20.8,11.0,0.04458
2014-07-17,0.227561,-0.4412105960675416,0.3584108458899546,1.2534513386360806,34.43,14.54,0.07072
2014-07-18,0.223972,-1.4958700919248837,-0.9698521667603253,-0.14729289901711737,25.82,12.06,0.03806
2014-07-21,0.225103,-1.197605832403153,-0.5640003561296193,0.15005316328652682,28.16,12.81,0.04514
2014-07-22,0.224262,-1.3655364246024242,-0.869220262171226,-0.16356923327742276,26.73,12.24,0.03787
2014-07-23,0.223152,-0.8747840478313155,-1.2535591953297318,-0.3075824174579398,30.71,11.52,0.03454
2014-07-24,0.223656,-0.617706665814818,-1.077778262788668,-0.1120468349702626,32.8,11.84,0.03902
2014-07-25,0.224934,-0.06086564264172016,-0.6207654088664901,0.16562703956438934,37.36,12.69,0.04542
2014-07-28,0.224739,-0.19469470679357218,-0.6890809728014279,0.11866402561089348,36.25,12.56,0.04427
2014-07-29,0.225796,0.34343388696938454,-0.30593364863096917,0.3537268551223326,40.68,13.28,0.04968
2014-07-30,0.225871,0.4303459062993028,-0.27911016512435616,0.5224873546308287,41.4,13.33,0.05352
2014-07-31,0.230438,2.398384616037704,1.644765594362525,0.9667156348139136,57.65,16.95,0.06374
2014-08-01,0.230532,1.8930969976439238,1.6711503198015116,1.1163009226599074,53.72,17.03,0.06719
2014-08-04,0.228249,0.714160193335843,0.6495872783284276,0.12295369062530906,43.98,15.12,0.04426
2014-08-05,0.230338,1.7252016861428865,1.565403050401239,0.7797247921188328,52.52,16.87,0.05948
2014-08-06,0.229739,1.6102050456752295,1.2883858529166343,0.6435954324459046,51.7,16.37,0.05639
2014-08-07,0.230082,1.942915354468139,1.4295841205817472,0.7424804809248562,54.65,16.66,0.05871
2014-08-08,0.229025,1.2727750305446395,0.9521805511212441,-0.010793291144872362,49.1,15.77,0.04123
2014-08-11,0.227112,0.7696984596841918,0.14155931382899545,-0.6242729954438491,44.86,14.23,0.02691
2014-08-12,0.22696,1.1207286285547593,0.08770397198304133,-0.6604407361494944,47.9,14.13,0.02593
2014-08-13,0.225173,0.6082262313988347,-0.5571766107001156,-1.2611296295915766,43.53,12.9,0.01191
2014-08-14,0.224467,0.40325560127474736,-0.8097215021952835,-1.2021999281886244,41.79,12.42,0.01303
2014-08-15,0.225568,0.5636578874323658,-0.4266013659223593,-0.5978752817631734,43.19,13.15,0.02682
2014-08-18,0.224356,0.26507629956694717,-0.8566694085889426,-1.138445399716938,40.6,12.32,0.01417
2014-08-19,0.224212,0.3373766978235362,-0.9086234198982969,-1.1764544405850346,41.2,12.21,0.01308
2014-08-20,0.223559,0.2645839584745486,-1.1258270109514799,-1.3609009483466141,40.53,11.78,0.0086
2014-08-21,0.223542,0.2680771566448528,-1.1275355178470445,-1.378538534582042,40.52,11.76,0.00793
2014-08-22,0.223077,0.24044360178574084,-1.2692835953912385,-1.4419532523394911,40.23,11.47,0.00623
2014-08-25,0.223463,0.20113965904930214,-1.1397838633758124,-1.3783462803292832,39.86,11.7,0.0074
2014-08-26,0.223359,0.08251973487254594,-1.1683845278735867,-1.3310828353540662,38.83,11.63,0.00823
2014-08-27,0.223593,0.029612139407428868,-1.0817372653422694,-1.2554928288037712,38.34,11.78,0.00973
2014-08-28,0.224003,0.11868714491617037,-0.9342343496891242,0.1793552399817026,39.02,12.05,0.04301
2014-08-29,0.223912,-0.06227221005340558,-0.9632332012902622,0.2223768742665479,37.45,11.98,0.04395
2014-09-02,0.224324,-0.002168841358918742,-0.8158015170871734,0.4290470686214516,37.88,12.25,0.04861
2014-09-03,-0.371324,-0.14292693108709575,-0.7519818633985992,0.9920666668435801,36.66,12.36,0.06146
2014-09-04,-0.208362,0.22146494792269333,-0.5989950924851496,1.0790686142696047,39.56,12.64,0.0634
2014-09-05,0.161827,-0.6261050528193369,-0.881650228448839,1.0804233420110128,32.66,12.09,0.06347
2014-09-08,0.224944,-0.4160030704172532,-0.5755135875347838,1.626051881895156,34.3,12.66,0.07614
2014-09-09,-0.148363,0.33007473266186044,-0.1283745419106421,1.6568551675747132,40.22,13.5,0.07706
2014-09-10,0.225261,0.10526097435542828,-0.4506700012902995,1.4001813684866624,38.39,12.88,0.07137
2014-09-11,-0.842563,-0.20962670366411046,-0.48932635214639975,1.4860467887563997,35.86,12.8,0.07365
2014-09-12,-1.012697,0.3136300369424265,-0.21853464621600063,1.5083520048895152,40.01,13.31,0.07449
2014-09-15,-1.012483,0.3544512368076277,0.2098632467730782,1.8313650246562965,40.31,14.12,0.08243
2014-09-16,-1.012839,-0.5178599402939328,-0.5217329410260967,1.2974855342253222,33.36,12.73,0.07017
2014-09-17,-1.012859,-0.7837774912116534,-0.560232094328515,1.3449351012089512,31.21,12.65,0.07149
2014-09-18,-1.013043,-1.1708953848238468,-0.8823519736998022,1.0076744758233416,28.09,12.03,0.0636
2014-09-19,-1.013017,-1.2748076157280244,-0.8357275327253597,1.0568836903693921,27.19,12.11,0.06493
2014-09-22,-1.012572,-0.16705809069642033,-0.00356018466501047,1.4243944063515237,35.93,13.69,0.07392
2014-09-23,0.22804,0.3931109547061018,0.6459478074849032,1.892639971270407,40.38,14.93,0.0855
2014-09-24,-0.815329,-0.6028163193574331,-0.2262947725163898,0.9445063634708476,32.45,13.27,0.06299
2014-09-25,0.228883,0.6188140329950403,1.0182624408238639,1.0975415358709801,42.15,15.64,0.06684
2014-09-26,0.227944,0.35346273455740196,0.5993848441904194,0.53955917050483,40.06,14.85,0.05332
2014-09-29,0.229295,0.1808993549355633,1.1883900179543148,1.0342170900158532,38.7,15.98,0.0653
2014-09-30,0.229688,0.5178096054858221,1.3583711475334699,1.16066723998202,41.38,16.31,0.06831
2014-10-01,0.230157,0.8526848386785669,1.5693033258463283,0.9380467595032349,44.03,16.71,0.06279
2014-10-02,0.229498,0.17541692399801823,1.275381986043054,0.7077894437658482,38.65,16.16,0.05718
2014-10-03,0.227578,-0.2660081210029937,0.4375555007675483,-0.22610348623520854,35.12,14.55,0.03453
2014-10-06,0.228667,0.03293335398646123,0.9265467048366702,0.17110158311521798,37.46,15.46,0.04386
2014-10-07,0.230739,1.0935512481200074,1.851154894176886,0.5188732482511339,45.86,17.2,0.05201
2014-10-08,0.22825,-0.299999120060967,0.7608309616150366,-1.0139647949994721,34.78,15.11,0.01561
2014-10-09,0.232606,1.4187405918857452,2.7890548316512347,-0.16073246748055608,48.18,18.76,0.03538
2014-10-10,0.235579,1.8134642654206807,4.1714311305038905,0.7940612323494476,51.25,21.24,0.05708
2014-10-13,0.239683,2.5581899531355927,5.860932807712063,1.9302769065570997,57.24,24.64,0.08325
2014-10-14,0.237441,2.3507161758408097,4.562529945228521,1.2563380073380424,55.92,22.79,0.06819
2014-10-15,0.241641,1.6999694912573526,6.060195769944156,2.737109759346976,50.95,26.25,0.10275
2014-10-16,0.240361,1.9490397592979434,5.2248546726139,2.346529028450672,53.02,25.2,0.0946
2014-10-17,0.236477,1.8782577647157386,3.5525250965091026,0.5386612095424181,52.63,21.99,0.05254
2014-10-20,0.232369,1.5272141841320936,2.0025825924202776,-1.0926752656494905,49.93,18.57,0.01416
2014-10-21,0.2294,1.2355767101902178,0.9301911383684272,-2.7957719469413997,47.65,16.08,-0.02577
2014-10-22,0.231539,2.140006390344484,1.676100733109837,-1.9370261867504095,55.17,17.87,-0.00615
2014-10-23,0.229943,1.6364413345315456,1.0994693848737649,-2.4147712395177376,51.23,16.53,-0.01772
2014-10-24,0.229446,1.8511507311123103,0.9166594188134984,-2.5334315540383443,53.15,16.11,-0.02106
2014-10-27,0.229361,1.882136419215287,0.881350366114436,-2.534258572719438,53.58,16.04,-0.02165
2014-10-28,0.227393,0.8408991948216171,0.18920806453907033,-3.375019816722925,45.0,14.39,-0.04274
2014-10-29,0.228303,1.0710520504323027,0.5034982470073327,-2.7345913491762084,46.99,15.15,-0.02859
2014-10-30,0.227553,1.1260103307299285,0.2385334058820467,-2.981744057100727,47.51,14.52,-0.03577
2014-10-31,0.226976,0.9906041383806102,0.03340184286355452,-3.1383996371878444,46.42,14.03,-0.04106
2014-11-03,0.227815,1.0764363245390431,0.32391089808944573,-2.7975150956173738,47.18,14.73,-0.03385
2014-11-04,0.228004,1.1027851457304663,0.3880068673877282,-2.333567779254394,47.46,14.89,-0.02278
2014-11-05,0.227146,0.5703401321121984,0.08551113025173591,-2.2537399389059134,42.99,14.17,-0.02137
2014-11-06,0.226506,0.2876909137006658,-0.12383179616894031,-1.6096207028956158,40.6,13.67,-0.00488
2014-11-07,0.2257,-0.02683651527283147,-0.3543342389213032,-1.4584052859132497,37.93,13.12,-0.00112
2014-11-10,0.225044,-0.23977618539416842,-0.5400835736190361,-0.8246773409428146,36.09,12.67,0.01568
2014-11-11,0.225421,-0.029725111209999905,-0.4356556973128697,-0.7410240018863589,37.86,12.92,0.01788
2014-11-12,0.225566,0.10787719918782686,-0.3948515614705007,-0.4219950242157248,39.02,13.02,0.0265
2014-11-13,0.226697,0.3956094954404969,-0.07492745892718947,-0.13005809482619318,41.46,13.79,0.03439
2014-11-14,-0.018654,0.07213658768101879,-0.2768959208483705,-0.17472856034156942,38.72,13.31,0.03318
2014-11-17,-0.538501,0.18372058560914045,0.004628797570505914,0.12430144972661493,39.67,13.99,0.04128
2014-11-18,0.226786,0.10493627339145278,-0.05256197235132648,0.7518493538298338,39.01,13.86,0.05833
2014-11-19,0.226905,0.281946136511058,-0.012117635822762768,1.0434170292259557,40.5,13.96,0.06633
2014-11-20,0.22642,0.07421078144879507,-0.17160502807623304,1.1931396874317444,38.71,13.58,0.07055
2014-11-21,0.225444,-0.33931885482045343,-0.45563852911047814,0.9836520016362991,35.18,12.9,0.06502
2014-11-24,0.225039,-0.37589307391476307,-0.572978947269839,0.9350176012743917,34.84,12.62,0.06387
2014-11-25,0.224476,-0.44875786504611626,-0.7282673985759097,1.10418764703594,34.21,12.25,0.06867
2014-11-26,0.224216,-0.47892079355553774,-0.8020793099694403,1.0825498661392983,33.93,12.07,0.06828
2014-11-28,0.226086,0.1614629120091808,-0.2748909857744375,1.5201093030865,39.33,13.33,0.0805
2014-12-01,0.227302,0.356603233964978,0.12480565147219516,2.0354309537116473,40.98,14.29,0.09507
2014-12-02,0.225376,-0.2601232595549416,-0.47666696249588336,1.3717352582665778,35.75,12.85,0.07722
2014-12-03,0.224825,-0.4942877102684902,-0.632576369309365,1.2807817873211604,33.74,12.47,0.0749
2014-12-04,-0.176465,-0.5125419587705952,-0.666198582908429,1.3000512335081995,33.55,12.38,0.0756
2014-12-05,-1.012964,-0.798619106312497,-0.8950102237457731,1.1263592851482982,31.09,11.82,0.07088
2014-12-08,0.227209,0.04739744285408444,0.105117032967651,1.684669562527588,38.2,14.21,0.08664
2014-12-09,0.228023,0.023459666123119907,0.3871513642791823,1.935616601940393,38.0,14.89,0.09407
2014-12-10,0.232364,1.775838356956657,1.8978546610678049,2.3014471277896185,52.84,18.53,0.10489
2014-12-11,0.234225,2.139807065507379,2.5167004992939344,2.7585157666990745,56.09,20.08,0.11867
2014-12-12,0.235417,2.181599734928844,2.8878360503465346,2.464036428329636,56.64,21.08,0.11131
2014-12-15,0.234619,1.0005410184260686,2.5695233935139132,2.1560048348314176,46.61,20.42,0.10307
2014-12-16,0.238413,2.191994925277399,3.7819051579445873,3.119710963799988,56.93,23.57,0.13182
2014-12-17,0.23345,0.6223152012528401,2.075334346063213,0.9141058865258245,43.43,19.44,0.06759
2014-12-18,0.230319,-0.16801059898828316,1.0461776716888067,-0.8391132025329578,36.53,16.81,0.01527
2014-12-19,0.22994,-0.1876295376628221,0.9168065342593628,-0.9626095531408105,36.37,16.49,0.01145
2014-12-22,0.228461,-0.5653793577849215,0.43757617235748963,-1.3556012112421352,33.09,15.25,-0.00047
2014-12-23,0.227924,-0.7144490272610223,0.26319448226640363,-1.4889563424709964,31.8,14.8,-0.00478
2014-12-24,0.22741,-0.9310305678478933,0.09617439131160756,-1.6171842430935746,29.94,14.37,-0.009
2014-12-26,-0.107656,-0.9108792564549681,0.14311934560358436,-1.5645373496408674,30.15,14.5,-0.00781
2014-12-29,-0.919843,-1.1188506997538388,0.3544133191231104,-1.3561627185080818,28.4,15.06,-0.00185
2014-12-30,0.067784,-0.8617638349548489,0.6802061899361634,-1.030845345040587,30.66,15.92,0.0078
2014-12-31,0.233177,0.34852890000312636,1.931909782290022,-0.05147572862316211,41.11,19.2,0.03753
2015-01-02,0.23149,-0.49619030980895173,1.3737119677413936,-0.4903649110863745,33.88,17.79,0.02409
2015-01-05,0.234029,0.25039892817708687,2.169895005592947,-0.19101481910935122,40.32,19.92,0.03316
2015-01-06,0.235465,0.6877390152603574,2.591225233346418,0.1469284535316138,44.11,21.12,0.04347
2015-01-07,0.233299,0.1449588447045656,1.8762751028265308,-0.6036482882209169,39.52,19.31,0.02055
2015-01-08,0.230559,-0.6960147006567469,1.0084420761263346,-1.7323428565764971,32.4,17.01,-0.01405
2015-01-09,0.231198,-0.4508925018438241,1.19937181213964,-1.3081365976394903,34.53,17.55,-0.00151
2015-01-12,0.233647,0.22493877563531026,1.9414708715344602,-0.6911516456589887,40.3,19.6,0.01725
2015-01-13,0.234798,0.7222800080192845,2.2686494478008346,-0.06588381111060718,44.53,20.56,0.03646
2015-01-14,0.235901,1.0980750760970546,2.5681732129990054,0.24084805894335523,47.73,21.48,0.04592
2015-01-15,0.236992,1.6254428094292543,2.849739169899319,0.5153594899971599,52.2,22.39,0.05448
2015-01-16,0.235265,1.3555333338764766,2.2880541739771063,0.3215402947061641,50.05,20.95,0.04861
2015-01-20,0.233993,1.3359477891881038,1.8860633799360471,0.7691002444263431,49.96,19.89,0.06252
2015-01-21,0.23275,0.9057961746938257,1.5046235608895093,0.42674927913253674,46.46,18.85,0.05203
2015-01-22,0.22983,-0.11398555743812357,0.6459325506577757,-0.6967693152012697,38.08,16.4,0.0173
2015-01-23,0.230137,0.24542058050673438,0.7306065004944213,-0.6350158685846867,41.09,16.66,0.01907
2015-01-26,0.228776,-0.5654794807841518,0.3333213234785446,-1.0125124283126279,34.47,15.52,0.00724
2015-01-27,0.230798,0.4989871234391653,0.9250719612375247,-0.6398879235498339,43.19,17.22,0.01853
2015-01-28,0.234647,1.6707772680158703,2.0381400062919446,0.2339263926361088,52.83,20.44,0.04542
2015-01-29,0.232638,1.145246352099632,1.4400617196444274,-0.45748878304116664,48.61,18.76,0.02402
2015-01-30,0.235282,3.0723106228694355,2.19077811147421,0.19198189125145174,64.58,20.97,0.044
2015-02-02,0.233441,1.576163226954195,1.6462593826392853,-0.543777828924005,52.52,19.43,0.02121
2015-02-03,0.230937,0.5994467523299408,0.9302331560109512,-1.0645742583071665,44.27,17.33,0.00495
2015-02-04,0.23213,1.171619981944198,1.2861162043981307,-0.6469099819272084,48.9,18.33,0.01761
2015-02-05,0.230367,0.8183682782380809,0.7824550962711212,-1.088726287226764,45.94,16.85,0.00381
2015-02-06,0.230891,1.963708088409727,0.9425290298610806,-0.5716157520829246,55.28,17.29,0.01959
2015-02-09,0.232395,1.797995642768885,1.3760943486562014,-0.09520464395217518,54.01,18.55,0.03437
2015-02-10,0.230824,1.1446241737997414,0.9139667333683107,-0.5657244521533589,48.71,17.23,0.02003
2015-02-11,0.230501,1.3059276069562313,0.8174214010511869,-0.6434097199479827,50.11,16.96,0.01783
2015-02-12,0.228572,0.1585766238730029,0.2589732108271166,-1.1972299813993212,40.59,15.34,0.00113
2015-02-13,0.227799,0.16636261395174504,0.035255006801825896,-1.2374490995014416,40.66,14.69,7e-05
2015-02-17,0.229126,0.643589023003769,0.41410855891434717,-0.702462316571777,44.66,15.8,0.01651
2015-02-18,0.228708,0.6351256169828084,0.2913615336957995,-0.8355010627406255,44.62,15.45,0.0128
2015-02-19,0.228516,0.42941149041600213,0.23449573884145344,-0.8960227802422537,42.92,15.29,0.01125
2015-02-20,0.227337,0.07905543916637439,-0.10374135741333206,-0.9744992993711084,39.97,14.3,0.00902
2015-02-23,0.227648,0.0374154164082624,-0.014166718587585225,-0.825120723019103,39.62,14.56,0.01367
2015-02-24,0.226609,-0.33282005964726813,-0.3115052993402487,-1.1251806543457696,36.52,13.69,0.00495
2015-02-25,0.029117,-0.40589112478211453,-0.25943759816870954,-0.6977651789538014,35.89,13.84,0.01766
2015-02-26,-0.021836,-0.29889680582109346,-0.23575088219827275,-0.23302988632988167,36.76,13.91,0.03155
2015-02-27,0.226177,-0.538837751236007,-0.43000918232195445,-0.38291178027001316,34.73,13.34,0.02722
2015-03-02,0.225764,-0.9908651718915128,-0.5314703682554024,0.007977768483545877,30.92,13.04,0.03885
2015-03-03,0.226809,-0.3434860669309527,-0.24978100341872808,0.4175758829688196,36.31,13.86,0.05103
2015-03-04,0.227249,-0.1559762682344197,-0.12051880540464453,0.8622344554805728,37.84,14.23,0.06423
2015-03-05,0.227022,-0.2099963960083858,-0.18563102804489165,0.8769514909429759,37.37,14.04,0.06478
2015-03-06,0.228399,0.7610290280588531,0.2106069686577876,0.8985088939868429,45.49,15.2,0.06555
2015-03-09,0.228234,0.4643566252910366,0.16140813757090305,0.8526042242541031,43.02,15.06,0.06429
2015-03-10,0.23017,1.2022398831646155,0.7171705397553158,0.7747299457643388,49.21,16.69,0.06206
2015-03-11,0.230383,1.3227000585579267,0.7745503685455967,1.0837003849578117,50.28,16.87,0.07124
2015-03-12,0.22866,0.573643721630999,0.2763696363960015,0.249737276435327,44.02,15.42,0.04653
2015-03-13,0.229348,0.7626075509595412,0.4728026586991848,0.587460357051124,45.62,16.0,0.05646
2015-03-16,0.228892,0.45488506230400544,0.3401762698319692,0.11487001873260143,43.0,15.61,0.04237
2015-03-17,0.22895,0.6576827913519699,0.36099420941802807,0.1319869093204548,44.62,15.66,0.04268
2015-03-18,0.226938,-0.3673790708184481,-0.2165890005274134,-0.7185843976682854,36.05,13.97,0.01757
2015-03-19,0.227053,-0.4464661512196683,-0.18165185376153925,-0.7182008170550194,35.37,14.07,0.01744
2015-03-20,0.225716,-1.0533425632213846,-0.5390285917759683,-1.1448547687786161,30.27,13.02,0.00472
2015-03-23,0.226268,-1.1277777575878498,-0.40349449872442505,-1.008772462090924,29.6,13.41,0.00848
2015-03-24,0.226515,-0.9091337128705991,-0.32952762682090725,-0.9710136516531425,31.38,13.62,0.00938
2015-03-25,0.228682,-0.33934144872600047,0.29380892042350615,-0.6552187973997471,36.14,15.44,0.01851
2015-03-26,0.22911,-0.25634834351195046,0.4147384393742055,-0.5317796382764433,36.85,15.8,0.02206
2015-03-27,0.228239,-0.6476103443734982,0.16433229946333944,-0.7890327156848287,33.56,15.07,0.01433
2015-03-30,0.227579,-1.0953052628925912,-0.027364693603025233,-1.158005219129174,29.78,14.51,0.00323
2015-03-31,0.228505,-0.6469366086743783,0.238647021464406,-0.9616517945355469,33.52,15.29,0.00882
2015-04-01,0.228286,-0.5917808188360353,0.17532020019454242,-1.0123311311527368,33.99,15.11,0.00714
2015-04-02,0.227763,-1.0064797716601201,0.02247374536006187,-1.175096251913055,30.53,14.67,0.00208
2015-04-06,0.227852,-0.9444891269314559,0.04425304576025157,-0.922917804461572,31.06,14.74,0.00938
2015-04-07,0.227898,-0.86375095274607,0.05607823074807108,-0.8877727906409119,31.76,14.78,0.01025
2015-04-08,0.226943,-1.2570604858720225,-0.21839480519480794,-0.66234319320134,28.48,13.98,0.01687
2015-04-09,0.225783,-1.7581256663767257,-0.5204198888252615,-0.9580408283652725,24.22,13.09,0.00784
2015-04-10,0.225051,-2.017276533487999,-0.6919129898317405,-0.9216328544746,21.93,12.58,0.00875
2015-04-13,0.226899,-1.2985022508330253,-0.22551321860745335,-0.43338059372015886,27.94,13.94,0.02336
2015-04-14,0.226577,-1.33223821429732,-0.31511273615313484,-0.21670396165300626,27.6,13.67,0.02987
2015-04-15,0.225447,-1.6817960096927116,-0.5946244859759436,-0.5022578957030013,24.53,12.84,0.02123
2015-04-16,0.225087,-1.644524896473788,-0.6721213088540435,-0.3094107008552192,24.72,12.6,0.02701
2015-04-17,0.226834,-1.259736104615923,-0.22703788693361482,-0.09681940326129036,27.92,13.89,0.03343
2015-04-20,0.22611,-1.4657926488450739,-0.4281192741149642,-0.30461387201168255,26.11,13.3,0.02728
2015-04-21,0.226031,-1.3650666124257667,-0.4450982825687088,-0.3241682860789135,26.92,13.25,0.02683
2015-04-22,0.225257,-1.6689583083183022,-0.6295067900795939,-0.4799027074795152,24.22,12.71,0.02231
2015-04-23,0.224925,-1.4655823233600445,-0.7071490170385502,-0.04543497194349878,25.89,12.48,0.03541
2015-04-24,0.22465,-1.3768531059083455,-0.7704689162679631,-0.08274192437672409,26.58,12.29,0.03444
2015-04-27,0.225864,-0.9062590963520503,-0.4855037874525363,0.12433513587748232,30.63,13.12,0.04072
2015-04-28,0.224824,-0.9052506837124663,-0.7259607989489072,0.18494368490903862,30.58,12.41,0.04264
2015-04-29,0.226245,-0.6474959576988112,-0.3895450948607209,0.7077933472718217,32.81,13.39,0.05823
2015-04-30,0.227627,0.17785214877299088,0.0057673018453170705,0.8328941659904668,40.07,14.55,0.06211
2015-05-01,0.225243,-0.7084435227084228,-0.6256304557152794,-0.03175910245624138,32.26,12.7,0.0368
2015-05-04,0.225478,-0.4509611343897466,-0.573591161953662,0.08239350777313172,34.51,12.85,0.04029
2015-05-05,0.227341,0.5454797228338066,-0.07662478100811246,0.23270510937136613,43.31,14.31,0.04485
2015-05-06,0.228342,0.794576525761508,0.20793380480798987,0.4833949475451177,45.54,15.15,0.05231
2015-05-07,0.228321,0.8155262789381392,0.19930969452526967,0.4846026323084978,45.74,15.13,0.05247
2015-05-08,0.225496,-0.24427113729842942,-0.5759703128402056,-0.6080609326409009,36.38,12.86,0.02065
2015-05-11,0.226796,0.37540612400053347,-0.237994618499365,-0.280113706193763,41.84,13.85,0.03025
2015-05-12,0.226806,0.42697606688488177,-0.23596455495829594,-0.2901557488500485,42.31,13.86,0.02989
2015-05-13,0.226686,0.49826427664816725,-0.27253330748506716,-0.2687426004340487,42.96,13.76,0.03046
2015-05-14,0.225329,0.08729282648415422,-0.6232704566476617,-0.8343252648338153,39.33,12.74,0.01386
2015-05-15,0.224796,-0.061655273772705986,-0.7473518084423301,-0.6658607819976307,38.0,12.38,0.01863
2015-05-18,0.225331,0.37574521817764367,-0.6263248833217732,-0.40595371497779387,41.83,12.73,0.0261
2015-05-19,0.225506,0.4208599416206113,-0.5859129500671042,-0.35591066302210683,42.23,12.85,0.02749
2015-05-20,0.225546,0.5008138004119216,-0.5764743096306826,-0.30458850772932333,42.93,12.88,0.02892
2015-05-21,0.224407,0.24865908669893338,-0.8393144648969064,-0.5644940079965033,40.68,12.11,0.02122
2015-05-22,0.224426,0.346625226320397,-0.8329520460386621,-0.5614011357577476,41.53,12.13,0.02125
2015-05-26,0.227047,1.1043021480377564,-0.17378442081599707,-0.08952144203371824,48.19,14.06,0.03503
2015-05-27,0.226108,0.37006536719505084,-0.44840112689877076,-0.5083713320512533,41.75,13.27,0.02275
2015-05-28,0.226155,0.6191997977279083,-0.4378818068919496,-0.4660760827062358,43.96,13.31,0.02394
2015-05-29,0.226785,1.0119877082169284,-0.25868468458513194,-0.15017065767132737,47.45,13.84,0.03316
2015-06-01,0.003432,1.2010745241838288,-0.2175474453435784,0.12260968623800386,49.18,13.97,0.04117
2015-06-02,0.227265,1.3956637713937832,-0.12839235747528085,0.23023562957975516,50.99,14.24,0.04436
2015-06-03,0.226572,1.1426629475081171,-0.33291947347167467,0.3627151318908679,48.82,13.66,0.04829
2015-06-04,0.227822,1.7681166003643254,0.0278227779447183,0.578326722621133,54.46,14.71,0.05467
2015-06-05,0.227223,1.4350524398300688,-0.14922948200861752,0.42927083245498815,51.61,14.21,0.05033
2015-06-08,0.228509,1.97056781339594,0.22244997593000346,1.1725639723792685,56.54,15.29,0.07221
2015-06-09,0.227529,1.4328438738595157,-0.06917580629011726,0.9333155018525418,51.87,14.47,0.0654
2015-06-10,-0.103167,0.8323437736552918,-0.5114614358408781,0.14782935358421728,46.51,13.22,0.04237
2015-06-11,0.225466,0.48646263419866387,-0.6458578496905676,0.017365796241336627,43.41,12.85,0.03852
2015-06-12,0.226708,0.9805806084321109,-0.32169434785540185,0.5109306751873952,47.95,13.78,0.05306
2015-06-15,0.228631,1.498972886408913,0.2427200510995623,1.0248974116529177,52.74,15.39,0.06823
2015-06-16,0.227942,1.1460544001441444,0.03423943589881656,0.758974036690501,49.62,14.81,0.06045
2015-06-17,0.227573,0.8407862869242319,-0.07808197225173252,0.6372880867688056,46.89,14.5,0.05683
2015-06-18,0.225992,0.2901688996356817,-0.5444719733794698,-0.04858083423848072,41.88,13.19,0.03656
2015-06-19,0.22693,0.9302076854527571,-0.277048469948479,0.17317605835691674,47.8,13.96,0.04306
2015-06-22,0.225333,-0.08867109496480621,-0.7172984365395143,-0.3188849819065246,38.57,12.74,0.0285
2015-06-23,0.224392,-0.8068391032827115,-0.9469563561740301,-0.2806877191832169,32.14,12.11,0.02953
2015-06-24,0.226069,-0.2504012245212446,-0.5389266956312078,0.1757598197150757,37.23,13.26,0.04289
2015-06-25,0.226987,0.06899931195534025,-0.27256307523009493,0.4194492805659171,40.14,14.01,0.04997
2015-06-26,0.226998,-0.1195890824010419,-0.2730864143425012,0.5121853162525235,38.52,14.02,0.05267
2015-06-29,0.232758,1.469824767213207,1.4611016812552762,1.2861152903064899,52.66,18.85,0.0754
2015-06-30,0.232018,0.9773238801439155,1.2259375994792918,1.0418330441026593,48.39,18.23,0.06837
2015-07-01,0.229465,0.236189411779883,0.4469234816943708,0.2165931878097255,41.94,16.09,0.04409
2015-07-02,0.230301,0.6867363960740277,0.6936720110322344,0.5730505152716439,45.92,16.79,0.05458
2015-07-06,0.230561,0.9283036193717713,0.7669981996136984,0.6268339137861513,48.04,17.01,0.0562
2015-07-07,0.229466,0.03882888289410636,0.4263901706508844,0.3110700039747825,40.51,16.09,0.04694
2015-07-08,0.233725,1.24789446050374,1.721921309975039,1.0466714978031244,50.75,19.66,0.06864
2015-07-09,0.234098,1.134134769104927,1.8174112731529792,1.4202967052620195,49.86,19.97,0.07981
2015-07-10,0.230348,0.07650160310960429,0.6626435042994417,0.06458752487246051,41.11,16.83,0.03983
2015-07-13,0.226854,-1.0594249429242557,-0.40402005582342,-1.0561326129055597,31.79,13.9,0.0065
2015-07-14,0.226222,-1.2899214189972756,-0.5997114835937529,-1.2131269944868361,29.97,13.37,0.00159
2015-07-15,0.226022,-1.0732987847269322,-0.654025887499446,-1.2081917371594735,31.84,13.23,0.00145
2015-07-16,0.210037,-1.8283318069963168,-1.0647431707448918,-1.6613534199784425,25.8,12.11,-0.01237
2015-07-17,0.224154,-2.232149733990803,-1.1269002647174076,-1.5547176147179045,22.64,11.95,-0.00966
2015-07-20,0.224612,-2.1961892455750154,-1.0112190444719895,-1.390148115401757,22.73,12.25,-0.00513
2015-07-21,0.224547,-2.097408002306129,-1.022706356784395,-1.3643616632265871,23.47,12.22,-0.00468
2015-07-22,0.224385,-1.821741085827084,-1.057437719855535,-1.3931859237464597,25.64,12.12,-0.0059
2015-07-23,-0.64607,-1.3294367195536705,-0.8679341596243194,-1.1760742781975468,29.66,12.64,0.00037
2015-07-24,-1.012433,-0.7042796047774509,-0.4702613879367378,-0.9708527737413667,34.78,13.74,0.00639
2015-07-27,-1.012442,0.3550094070271268,0.20517061589286656,-0.39669679934917684,43.48,15.6,0.02374
2015-07-28,-1.012429,-1.009985355300518,-0.5886630770274185,-0.6140987165750807,32.31,13.44,0.01701
2015-07-29,-1.012664,-1.38771408063059,-0.9345866825507015,-0.9823533753952282,29.18,12.5,0.00564
2015-07-30,-1.012782,-1.3065742864382455,-1.0679327026495606,-1.0349934719409986,29.76,12.13,0.00381
2015-07-31,-1.012796,-1.3498295561206255,-1.0682725822415615,-1.0440058224126592,29.32,12.12,0.00329
2015-08-03,-1.012669,-1.1388672577372085,-0.8994450517775113,-0.8768101018415607,31.0,12.56,0.00817
2015-08-04,-1.012549,-0.9262897668779617,-0.7321193265569116,-0.6849010567583264,32.68,13.0,0.01383
2015-08-05,-1.01268,-1.0607952325838215,-0.9067105787377926,-0.25879691354124207,31.52,12.51,0.02676
2015-08-06,-1.012431,-0.6042313199913089,-0.44129536377482886,0.000928476175948793,35.2,13.77,0.0346
2015-08-07,-1.012474,-0.6459056483047084,-0.5758894509442742,0.1498783066132863,34.81,13.39,0.03907
2015-08-10,-1.012759,-1.188540236374385,-0.9934260329853225,-0.31403607924102095,30.35,12.23,0.02481
2015-08-11,-1.012431,-0.7202707117126477,-0.44884809847396323,0.036390486425351615,34.08,13.71,0.03545
2015-08-12,-1.012431,-0.7898112272660555,-0.48430216622061023,-0.0019313606850166667,33.47,13.61,0.03431
2015-08-13,-1.012436,-0.5335333228655965,-0.5269860266255474,0.114973353809969,35.5,13.49,0.03792
2015-08-14,-1.012602,-0.6931680887696945,-0.7679101745115771,-0.144830252860528,34.17,12.83,0.03009
2015-08-17,-1.012524,-0.5204620537287896,-0.6998197968531675,-0.15317801620714527,35.54,13.02,0.02991
2015-08-18,-1.012425,-0.1196411089934119,-0.41968577337560914,0.11845751902048202,38.77,13.79,0.0382
2015-08-19,-0.929552,0.3581359232253652,0.10899266871385643,0.48244383619537273,42.65,15.25,0.04938
2015-08-20,-0.118435,1.404339655344387,1.5234848893082238,1.0563317501661773,51.17,19.14,0.06699
2015-08-21,0.24385,2.732925444841744,4.746111224534886,2.7512130281220895,62.11,28.03,0.1189
2015-08-24,0.259821,3.9499196404633055,8.982438737685525,5.334623526800684,72.61,40.74,0.20021
2015-08-25,0.253785,3.5479739184717762,6.36469644701144,3.808008841616608,70.3,36.02,0.16007
2015-08-26,0.246666,2.5279766998003566,4.274821377271707,0.5368912562496474,62.24,30.32,0.0548
2015-08-27,0.241492,2.186045149447629,2.9565468889741946,-1.281355364955041,59.58,26.1,-0.00567
2015-08-28,-0.18445,2.318617861727422,2.883350005320571,-1.3003823023442267,61.03,26.05,-0.00645
2015-08-31,0.244342,2.330179389036582,3.4619721995327586,-0.6013639987420124,61.44,28.43,0.01664
2015-09-01,0.248,2.254028451167813,4.147103921865289,-0.17995153721353466,61.06,31.4,0.03066
2015-09-02,0.241469,1.721074755309377,2.655567000997065,-2.049516668646084,56.44,26.09,-0.03211
2015-09-03,0.240885,1.8812221566526044,2.489217080384577,-2.168315712034224,58.09,25.61,-0.03699
2015-09-04,0.243555,2.14103751711183,2.990776881555949,-1.5841502003931887,60.71,27.8,-0.01808
2015-09-08,0.240025,1.6858190191110405,2.2230112466650884,-2.746951137194368,56.69,24.9,-0.05833
2015-09-09,0.241639,2.448634120983671,2.513325417765956,-2.357900430501364,64.06,26.23,-0.04653
2015-09-10,0.239377,1.9416496969190054,2.028462243367459,-2.891784086601146,59.58,24.37,-0.06628
2015-09-11,0.237962,1.667603908689304,1.7263518800522095,-3.1985006506042475,57.16,23.2,-0.07909
2015-09-14,0.239232,1.601167350823355,1.9558797230316582,-2.8064470690557077,56.68,24.25,-0.06758
2015-09-15,0.237169,1.4825109378214663,1.5322984944480689,-3.3271352500909295,55.67,22.54,-0.0884
2015-09-16,0.235739,1.2804922037716118,1.2406405664421423,-3.6416124328546,53.82,21.35,-0.10292
2015-09-17,0.235485,1.213560756742971,1.1815297940437965,-3.5757403324080763,53.27,21.14,-0.10431
2015-09-18,0.236849,1.7888540102165258,1.4368119203248828,-3.0976439115018364,59.0,22.28,-0.08953
2015-09-21,0.234276,0.7868614592251151,0.9280457406448964,-3.069422292819629,49.33,20.14,-0.09111
2015-09-22,0.237038,0.8784107537842692,1.4538882833148294,-1.57802958628169,50.29,22.44,-0.03388
2015-09-23,0.236662,0.6503405436109616,1.369181885912127,-1.5072678827613082,48.12,22.13,-0.03161
2015-09-24,0.23828,0.8160199925527831,1.666271462637762,-0.23715087762462325,49.78,23.47,0.01905
2015-09-25,0.238462,0.6318318451817646,1.6838512198400286,0.2723105547534666,48.04,23.62,0.03939
2015-09-28,0.243336,1.0083035779659293,2.581228756343481,0.8434560491789633,51.76,27.63,0.0622
2015-09-29,0.242356,0.7268253465235535,2.3570575597588097,0.6581514518333917,49.06,26.83,0.05481
2015-09-30,0.239526,0.5339083152649935,1.80344042151626,0.4136471993674846,47.21,24.5,0.04493
2015-10-01,0.237165,0.17044261592874624,1.3535044915929422,0.19866869456811756,43.66,22.55,0.03619
2015-10-02,0.235232,-0.18921483968210204,0.9887385042189234,-0.37125463857566415,40.12,20.94,0.01326
2015-10-05,0.233562,-0.5466556507478149,0.6747462107441992,-0.743664963735328,36.61,19.54,-0.0018
2015-10-06,0.233392,-0.6572929829681361,0.6392538610460766,-0.3179462173001697,35.53,19.4,0.01507
2015-10-07,0.232199,-1.0079425625613045,0.41569708238307185,-0.4148903109111548,32.07,18.4,0.01108
2015-10-08,0.231032,-1.3274527046647793,0.19931199295460272,-0.6913442208702061,28.85,17.42,-0.00015
2015-10-09,0.230626,-1.403830165154992,0.12264574724340209,-0.7663228622947219,28.04,17.08,-0.00323
2015-10-12,0.229538,-1.4520173116164665,-0.07579005947994062,-0.9603940119645554,27.44,16.17,-0.0112
2015-10-13,0.231327,-0.9648798706565614,0.2587822160207433,-0.5139513133341621,32.15,17.67,0.00642
2015-10-14,0.231755,-0.8052703294834138,0.3463236403142415,-0.37666315437466663,33.66,18.03,0.01167
2015-10-15,0.229397,-1.222033016133014,-0.08857699013937295,-1.0481101121930656,29.48,16.05,-0.01533
2015-10-16,0.228204,-1.3981980509463834,-0.30488420590296067,-1.0125890052610966,27.64,15.05,-0.01417
2015-10-19,0.228121,-1.6300215339552986,-0.3139502274218616,-1.0180888219351345,25.23,14.98,-0.01466
2015-10-20,0.229041,-1.4373815108867114,-0.13383460671032732,-0.6234159778586323,26.99,15.75,0.00066
2015-10-21,0.230172,-1.046564117288237,0.08435777440046885,-0.428286560095799,30.75,16.7,0.00832
2015-10-22,0.227494,-1.5766581364279604,-0.42710189403704124,-1.1606182130517033,25.39,14.45,-0.02043
2015-10-23,0.227515,-1.329646903068466,-0.4217011651857009,-1.1978111319582372,27.72,14.46,-0.02202
2015-10-26,0.228506,-1.0770514474353332,-0.23131223397275225,-0.04674427242932141,30.13,15.29,0.0235
2015-10-27,0.228672,-0.9032657321757558,-0.19877876720456883,-0.06564331716577532,31.78,15.43,0.02294
2015-10-28,0.227365,-1.0035558148052293,-0.4478305450632102,-0.15473451018871973,30.71,14.33,0.01961
2015-10-29,0.2277,-0.9140395221805703,-0.38422894859994905,-0.11196563068879203,31.53,14.61,0.02157
2015-10-30,0.228246,-0.7859124420624128,-0.2793168216148463,0.052519908760711415,32.74,15.07,0.0282
2015-11-02,0.227155,-1.1163629361924432,-0.4886260895473633,0.01604281636604999,29.38,14.15,0.02703
2015-11-03,0.227624,-0.8117066029114962,-0.40025694629819497,0.17331406206561173,32.34,14.54,0.03335
2015-11-04,0.226364,-0.3887533259782241,-0.17994952869516825,0.3977788799615909,36.51,15.51,0.0422
2015-11-05,0.22823,-0.48568857583318126,-0.28492993387048693,0.3148622369243287,35.5,15.05,0.03924
2015-11-06,0.227369,-0.7964860332801337,-0.4492634006273976,0.11463160344739985,32.36,14.33,0.03181
2015-11-09,0.229979,-0.19710844968140787,0.04732840427217278,0.4918759145650042,38.32,16.52,0.04631
2015-11-10,0.22851,-0.4379207315341595,-0.23530143035186965,0.2674216916697738,35.91,15.29,0.03795
2015-11-11,0.229428,-0.21017301472763242,-0.06270238922166359,0.49316163522311485,38.19,16.06,0.04662
2015-11-12,0.232179,0.4926702638929978,0.46080222988071956,1.0195654476066969,45.23,18.37,0.06677
2015-11-13,0.234221,0.916182202623638,0.8462704781599996,1.3088420955579836,49.5,20.08,0.07804
2015-11-16,0.231931,0.1900584971180523,0.4024254758989327,0.5210861396985944,42.26,18.16,0.04824
2015-11-17,0.232743,0.7576341217828713,0.5533749670700054,0.6972865348421848,47.97,18.84,0.05506
2015-11-18,0.230375,0.026905839437671705,0.0951815094504145,-0.03708798696338611,40.67,16.85,0.027
2015-11-19,-0.268488,0.2760912309100485,0.12448525506123244,0.28168667263485087,43.18,16.99,0.03908
2015-11-20,-0.242844,0.005284192389961322,-0.22525608307157208,0.013542682179109745,40.47,15.47,0.02871
2015-11-23,0.228906,0.14691530698594973,-0.19286409154407988,0.06074901452296284,41.9,15.62,0.03034
2015-11-24,0.229278,0.027826670213538827,-0.12464781943792207,0.15729925063816316,40.73,15.93,0.03387
2015-11-25,0.228393,-0.06914331102726883,-0.29741277213091605,0.1457015782201032,39.78,15.19,0.0333
2015-11-27,0.22831,0.01635038706952498,-0.31666461457036915,0.13101861746648863,40.66,15.12,0.03259
2015-11-30,0.229513,0.609517019544218,-0.0877773146565152,0.40462021969476347,46.63,16.13,0.04278
2015-12-01,0.227777,-0.19564439093343036,-0.426522646609147,0.059888662823475346,38.59,14.67,0.02959
2015-12-02,0.22925,0.5392883347443874,-0.14144215458487008,0.25200022406019024,45.95,15.91,0.0365
2015-12-03,0.23187,1.1264882095417013,0.3627921562007675,0.6140741260807232,51.88,18.11,0.04981
2015-12-04,-0.550157,0.11601552769095438,-0.40381787036485467,-0.8007668081912722,41.82,14.81,-0.00296
2015-12-07,-0.753257,0.5044976425818481,-0.16846972351699493,-0.565930901326488,45.75,15.84,0.00551
2015-12-08,-1.012473,0.886534310497018,0.23540773013581343,-0.026427698836025644,49.63,17.6,0.02527
2015-12-09,-1.012525,1.2604043049060965,0.6985578641422943,0.4728186683573258,53.44,19.61,0.04341
2015-12-10,-1.012516,1.3509207055695511,0.6311878757360618,0.4051234525344158,54.45,19.34,0.04062
2015-12-11,0.239417,1.990477237266429,1.8001461111289323,1.6101595071099948,60.91,24.39,0.08393
2015-12-14,-0.96797,1.1706870544041583,1.404394845709003,1.2660325323566948,52.71,22.73,0.07095
2015-12-15,-0.940643,0.9922722449690459,0.9907987443861763,0.9062166346821114,50.87,20.95,0.05758
2015-12-16,-1.012475,0.7031333850315966,0.27927264372618593,-0.18383952653047386,47.98,17.86,0.01856
2015-12-17,-1.012509,1.038610402452005,0.5354722844517401,0.1840617823479489,51.29,18.94,0.03101
2015-12-18,-1.012568,1.3450042107487556,0.9429226182561994,0.393415325834777,54.43,20.7,0.0381
2015-12-21,-1.01251,1.0844509404157177,0.4761949036416251,-0.24995831465128387,51.91,18.7,0.0159
2015-12-22,-1.012464,0.6429168345465446,-0.010416100612422765,-0.9655820270852933,47.52,16.6,-0.00887
2015-12-23,-1.012443,0.09335241304068397,-0.24927807720525436,-1.4348244441410525,42.01,15.57,-0.02521
2015-12-24,-1.012446,0.11027309669300518,-0.21081382281833083,-1.3804683938858462,42.22,15.74,-0.02353
2015-12-28,-1.012463,-0.21359866657106552,0.05794526822486245,-1.0405619954443301,39.0,16.91,-0.01184
2015-12-29,-1.012443,-0.6747715679993052,-0.13594696441225793,-1.3799490026177974,34.4,16.08,-0.0237
2015-12-30,-1.012467,-0.4555556783226006,0.1426352299861066,-0.950638487871985,36.64,17.29,-0.00891
2015-12-31,-0.911046,-0.13439481557829672,0.3539365886303776,-0.6547973293998377,39.89,18.21,0.00133
2016-01-04,-0.736901,0.015784970837719226,0.9305235565360614,0.03453909384151152,41.39,20.7,0.0253
2016-01-05,-0.775887,-0.2439227913655601,0.6125411875232867,0.12223773277078147,38.82,19.34,0.02838
2016-01-06,0.049849,-0.08048022394358881,0.9018616710973326,0.3714152719674008,40.45,20.59,0.03708
2016-01-07,0.240128,0.4424715313347984,1.9190038812785717,1.1782577041435232,45.67,24.99,0.06529
2016-01-08,0.242587,1.1360115477837012,2.3648748432811475,1.7078050230943063,52.64,27.01,0.08416
2016-01-11,0.239284,0.29176063633120075,1.7150882293971803,0.9340655264572454,44.27,24.3,0.05751
2016-01-12,-0.11097,0.07643474300064952,1.2862798596705667,0.5884894301079797,42.15,22.47,0.04559
2016-01-13,0.240393,0.5839581098388321,1.8996266153408596,0.9255180476253638,47.24,25.22,0.05759
2016-01-14,0.238859,0.48878662761909447,1.6004412291373784,0.38051624865403877,46.3,23.95,0.03849
2016-01-15,0.242588,0.6242888897644688,2.2788402563044383,1.2682988459886202,47.65,27.02,0.06978
2016-01-19,0.241402,0.7060486805516073,2.0435423937265633,1.0692546023035254,48.44,26.05,0.06288
2016-01-20,0.243281,0.6740293317032084,2.3647208643490405,1.6244004154660878,48.11,27.59,0.08265
2016-01-21,0.242181,1.3357900045788904,2.138196175405538,1.4126187702639121,54.71,26.69,0.07538
2016-01-22,0.236906,0.20379582850751077,1.1732280520674678,-0.1804073077561182,43.44,22.34,0.01889
2016-01-25,0.239088,0.5969514101881527,1.5550444050144825,0.4427374647289713,47.4,24.15,0.04108
2016-01-26,0.237098,0.3775979735964645,1.1874234739713083,-0.3082043963465608,45.23,22.5,0.01443
2016-01-27,0.237829,0.8217393660908289,1.308926093879369,-0.17238844836292494,49.72,23.11,0.0193
2016-01-28,0.236998,0.3535897664893234,1.1524303740633721,-0.2589540810731074,45.06,22.42,0.01622
2016-01-29,0.234339,0.5093432490969413,0.6763865079466171,-1.5180951921925971,46.58,20.2,-0.0287
2016-02-01,0.234074,0.3734549893828892,0.6279408950698864,-1.537951143783165,45.21,19.98,-0.02987
2016-02-02,0.23647,1.3649265848099807,1.054882980678301,-1.0431950925540794,54.91,21.98,-0.01263
2016-02-03,0.236075,1.165613307372469,0.9808335846921318,-1.1567636619912691,52.96,21.65,-0.01692
2016-02-04,0.236305,1.157199261858522,1.015643997137302,-1.0204021051276437,52.94,21.84,-0.01218
2016-02-05,0.238155,1.2372119923941998,1.3367925530235274,-0.4291255057832733,53.77,23.38,0.00898
2016-02-08,0.241333,1.4673706918591356,1.8793447685969273,0.2395489481454387,56.13,26.0,0.03315
2016-02-09,0.241993,1.4663266907292534,1.972256064335719,0.39213372405821756,56.13,26.54,0.03872
2016-02-10,0.241687,1.7499640183625167,1.899012715986294,0.39488278916226316,58.99,26.29,0.03883
2016-02-11,0.243948,1.8197877021151365,2.2601798330623644,1.2533209387274862,59.82,28.14,0.06992
2016-02-12,0.240605,1.695791363134248,1.6685240384073574,0.3993535917304945,58.7,25.4,0.03932
2016-02-16,0.239045,1.6516154090417259,1.3894608085476368,0.1754915973904542,58.42,24.11,0.03136
2016-02-17,0.236876,1.6290558657104859,1.012503106993848,-0.5224923302275613,58.35,22.31,0.00622
2016-02-18,0.236065,1.3523575841954532,0.869855540092342,-0.5961351457619538,55.65,21.64,0.00351
2016-02-19,0.234728,1.2997295076232958,0.6395192777767359,-0.8914557665325258,55.2,20.53,-0.00723
2016-02-22,0.233356,1.0486787688035053,0.40271888283696444,-1.0528910817064563,52.7,19.38,-0.0132
2016-02-23,0.235271,1.6058241173302505,0.7221913455385791,-0.5251279846897019,58.54,20.98,0.00581
2016-02-24,0.234961,1.504127749523868,0.6642538930305198,-0.45805565378744734,57.64,20.72,0.00821
2016-02-25,0.233034,1.0124092251781738,0.33344505892335025,-0.8605343145730051,52.65,19.11,-0.00639
2016-02-26,0.233873,1.3107527069877132,0.47107773296666183,-0.6615819528573111,55.85,19.81,0.00071
2016-02-29,0.234757,1.6011497316969059,0.6163846953033925,-0.004533166401070653,59.01,20.55,0.02449
2016-03-01,0.231354,1.0014445974692312,0.03384071201153578,-1.2763640099860198,52.86,17.7,-0.02183
2016-03-02,0.230627,0.6191765227869005,-0.09359195843490524,-1.0616334006687609,48.92,17.09,-0.01437
2016-03-03,0.230163,0.6685250716524921,-0.17549568567553034,-1.1540899693769262,49.49,16.7,-0.01805
2016-03-04,0.230357,0.8109940799552935,-0.14511813973745827,-1.1021420384084637,51.04,16.86,-0.01649
2016-03-07,0.230944,0.676140302952512,-0.047849896587550164,-0.5209219992162105,49.68,17.35,0.00445
2016-03-08,0.232516,1.2704261662094976,0.21906322115757698,-0.056197007393566374,55.97,18.67,0.0212
2016-03-09,0.232124,1.1292235018673187,0.14904457455880374,-0.12750778571237695,54.57,18.34,0.01844
2016-03-10,0.231777,0.937487551349188,0.08866141728700262,-0.2002815930680294,52.58,18.05,0.01564
2016-03-11,0.229935,0.43533921378394075,-0.2279311108097239,-0.4781526025581894,47.27,16.5,0.00538
2016-03-14,0.230436,0.2633887913778445,-0.1433174645070939,-0.14921709097927036,45.46,16.92,0.01713
2016-03-15,0.230339,0.418961996923585,-0.16038544388930107,-0.008010730733858362,47.11,16.84,0.02208
2016-03-16,0.22813,-0.05379626126304048,-0.5384445766837462,-0.30325327582177636,42.11,14.99,0.01134
2016-03-17,0.227477,-0.360964282107813,-0.6498239726248645,-0.39893677239927056,38.84,14.44,0.00777
2016-03-18,0.226977,-0.6497161748097066,-0.735970834232496,-0.502511255483031,35.79,14.02,0.00399
2016-03-21,0.226702,-0.9629498500025351,-0.7827803709545615,-0.4007100708826298,32.47,13.79,0.00761
2016-03-22,0.227157,-0.9674513779234539,-0.7063418700401994,0.019327919867439387,32.44,14.17,0.02278
2016-03-23,0.228074,-0.7202424138443292,-0.5502195600810715,0.1076181662362763,35.08,14.94,0.02602
2016-03-24,0.227834,-0.8549549874811384,-0.5925218115156968,0.15255318869848872,33.68,14.74,0.02771
2016-03-28,0.228433,-1.0150903270572031,-0.4897363928993097,0.3101974486560581,31.97,15.24,0.03343
2016-03-29,0.22674,-1.6253522512057073,-0.7789339648086421,0.03403906485925429,25.47,13.82,0.02352
2016-03-30,0.226414,-1.6482232810786137,-0.830427191140618,0.7170108084327989,25.13,13.56,0.04819
2016-03-31,0.226897,-1.4379250069651195,-0.7497100139325654,0.7968266907838808,27.31,13.95,0.05126
2016-04-01,0.225759,-1.842547508994762,-0.9212432801991313,0.5227378712160745,22.92,13.1,0.04156
2016-04-04,0.227104,-1.5093503955792122,-0.711056397769072,0.7571783140110373,26.35,14.12,0.05017
2016-04-05,0.228652,-1.1017211977560921,-0.44602827092900615,0.8680677517828593,30.69,15.42,0.05438
2016-04-06,0.227068,-1.6696753601495775,-0.7172585860861193,0.6542163534124105,24.57,14.09,0.04686
2016-04-07,0.229535,-1.0615994061873266,-0.29550551828653393,0.909049077577887,31.05,16.16,0.05625
2016-04-08,0.228581,-1.2452811036620142,-0.46036575448477857,0.6819442270893361,29.09,15.36,0.04822
2016-04-11,0.229655,-0.9550316437673032,-0.27937049535540565,1.314133431707625,32.27,16.26,0.07134
2016-04-12,0.227976,-1.4161272481297786,-0.5708143002273569,0.7787805693287057,27.43,14.85,0.05224
2016-04-13,0.226775,-1.842229522839324,-0.7781698218230995,0.38332395717155593,22.86,13.84,0.03797
2016-04-14,0.226631,-1.7505408865949197,-0.8029110967015225,0.3754763845333947,23.77,13.72,0.03772
2016-04-15,0.22651,-1.7168495268749426,-0.8245819839157592,0.3893305511474621,24.12,13.62,0.0383
2016-04-18,0.226171,-1.7745872302523842,-0.8812883938382936,0.2809815012337607,23.49,13.35,0.03439
2016-04-19,-0.093731,-1.6877055845135773,-0.9030296262056796,0.24415414872032906,24.36,13.24,0.03305
2016-04-20,-0.126564,-1.6083900424704496,-0.8947606016286057,0.26179132131365973,25.19,13.28,0.03372
2016-04-21,0.070422,-1.5867481835355615,-0.757771591285997,0.4744730485300272,25.4,13.95,0.04151
2016-04-22,0.225975,-1.3826066451078358,-0.9088924710831321,0.27445915806023374,27.62,13.22,0.03429
2016-04-25,0.227065,-1.0191098446677824,-0.7338783536456455,0.49423631485369557,31.56,14.08,0.04231
2016-04-26,0.226923,-1.0474612602614175,-0.7609298883327952,0.5656680474468826,31.3,13.96,0.04496
2016-04-27,0.226696,-0.8824747281325207,-0.8010476740645841,0.534512443481617,33.08,13.77,0.04384
2016-04-28,0.228424,-0.143369548988123,-0.505107910260291,0.7708214139807972,41.04,15.22,0.05248
2016-04-29,0.228994,0.028609791698076276,-0.4084126141483516,0.9236537466383099,42.92,15.7,0.05802
2016-05-02,0.227781,-0.48893963250903566,-0.6194213803872197,0.5622950885980225,37.38,14.68,0.0448
2016-05-03,0.228874,0.08451641589746896,-0.4323218703521371,0.8631130998699187,43.55,15.6,0.05582
2016-05-04,0.229407,0.3794157996043749,-0.3424101717681567,1.1117652745975293,46.74,16.05,0.06501
2016-05-05,0.22924,0.3060898385555304,-0.3730033205216836,1.341480922272416,45.97,15.91,0.07357
2016-05-06,0.227819,-0.08931631749561583,-0.6195519590149807,1.0074333560297128,41.74,14.72,0.06151
2016-05-09,0.22764,-0.13363616050385285,-0.6500756042068764,0.9832329923399763,41.25,14.57,0.06069
2016-05-10,0.226524,-0.5413660456124926,-0.8465992917030445,0.6061335922074669,36.91,13.63,0.04704
2016-05-11,0.227786,0.03085950425061408,-0.6271474035049708,0.9018631646264749,43.01,14.69,0.05801
2016-05-12,0.22745,-0.11706294345235428,-0.6860491314684046,0.8220947600793796,41.43,14.41,0.05524
2016-05-13,0.228198,0.13303259972282994,-0.5564962407457809,0.8729106505857682,44.1,15.04,0.05725
2016-05-16,0.227775,0.05463921373116103,-0.6338306118199443,0.6669602662006033,43.28,14.68,0.04985
2016-05-17,0.228832,0.30984078974158896,-0.4520288422790935,0.8080247645889916,46.03,15.57,0.05521
2016-05-18,0.229286,0.45968051023103224,-0.3761468068925034,0.9097761221511456,47.65,15.95,0.05914
2016-05-19,0.229738,0.6574649629840658,-0.30022415737375463,1.0233927131955893,49.79,16.33,0.06354
2016-05-20,0.228391,0.5908703793199153,-0.539492047835233,0.6317491635776589,49.11,15.2,0.04918
2016-05-23,0.229131,0.9830381935992679,-0.41356531353366766,0.7939515794187135,53.35,15.82,0.05535
2016-05-24,0.227467,0.26431485302755386,-0.7112177757731145,0.10724950605281523,45.7,14.42,0.02993
2016-05-25,0.22685,-0.0533185218223341,-0.8207394402648824,-0.10219070845576024,42.28,13.9,0.0221
2016-05-26,-0.044202,-0.02556340769046316,-0.9202675399647198,-0.09818133475815564,42.58,13.43,0.02225
2016-05-27,-1.012503,-0.34091630379050963,-0.9855075571036432,-0.15351194517328115,39.19,13.12,0.02018
2016-05-31,-0.196919,0.032046230283959094,-0.7599513729107717,0.21079328874920747,43.16,14.19,0.03371
2016-06-01,0.227213,0.08931553754926169,-0.7581458155729781,0.3533665781685404,43.75,14.2,0.03899
2016-06-02,0.226533,-0.08621726999779346,-0.8776584013520147,0.27844766405124843,41.84,13.63,0.03617
2016-06-03,0.226338,-0.05472382868247555,-0.9111756124887179,0.21157801720798894,42.15,13.47,0.03363
2016-06-06,0.226558,0.035870024594863735,-0.8716849161556994,0.24631859267362702,43.07,13.65,0.03483
2016-06-07,0.227039,0.12443031012834915,-0.7870854163592818,0.35625545176396006,43.98,14.05,0.03884
2016-06-08,0.227077,0.2198618251956178,-0.779241829578472,0.5845430859507436,44.94,14.08,0.04713
2016-06-09,0.227746,0.34713624667410103,-0.6615131461344586,0.9385606801304729,46.26,14.64,0.06012
2016-06-10,0.230594,1.135895700249904,-0.1625767828395081,1.385925993710882,54.63,17.03,0.0768
2016-06-13,0.235307,1.813993170054524,0.6608373136304383,2.449073476889564,61.92,20.97,0.11666
2016-06-14,0.234741,1.5868554376615072,0.5564894603654963,2.440453311746501,59.66,20.5,0.11756
2016-06-15,0.234308,1.5857027570584297,0.4765646046253091,2.500221274501858,59.73,20.14,0.12087
2016-06-16,0.233387,1.1757229217101923,0.31048929186413704,2.254626319551747,55.42,19.37,0.11271
2016-06-17,0.233433,1.2252361990648637,0.3150941442989593,2.24732040172591,56.02,19.41,0.11341
2016-06-20,0.232191,0.9812443435029541,0.09133359345806179,1.955587852970108,53.47,18.37,0.10318
2016-06-21,0.232325,1.2328402465705597,0.11097624955520172,1.974184454802355,56.24,18.48,0.1047
2016-06-22,0.235549,1.7705739579187163,0.6753339742305248,2.9862071774338337,62.2,21.17,0.14569
2016-06-23,0.230862,0.10390201389538531,-0.16166432058351046,1.6818088521036751,44.18,17.25,0.09564
2016-06-24,0.241089,1.463296177028467,1.6419295508017242,1.9686111234030683,59.06,25.76,0.10783
2016-06-27,0.23876,0.8179232549761387,1.221698622183546,1.2491112654873775,52.12,23.85,0.07926
2016-06-28,0.232631,-0.016460188550638532,0.13430958638553087,-0.3559920439675741,43.02,18.75,0.01382
2016-06-29,0.230119,-0.5218858248705235,-0.3113418197592078,-1.1416967148709907,37.44,16.64,-0.01845
2016-06-30,0.228923,-0.8370509409235783,-0.5232715913230941,-1.5297154620077378,33.94,15.63,-0.03467
2016-07-01,0.227896,-1.1763455168047678,-0.7043973889005573,-1.721707722963867,30.17,14.77,-0.04312
2016-07-05,0.228859,-0.8351805224297724,-0.5312155795028326,-1.5221270590920106,33.83,15.58,-0.03564
2016-07-06,0.228122,-1.2494121546581458,-0.6605354286938341,-1.6816557374970107,29.2,14.96,-0.04282
2016-07-07,0.227883,-1.3773442187022729,-0.7014110207882047,-1.7020508823732683,27.7,14.76,-0.04438
2016-07-08,0.226024,-1.7668553202313475,-1.025379619693051,-2.235728572042356,23.25,13.2,-0.06735
2016-07-11,0.226438,-1.522728627691116,-0.9464488226716802,-2.058282395682073,25.76,13.54,-0.06109
2016-07-12,0.226456,-1.5193485375563462,-0.9400560268237059,-1.9854679201508931,25.66,13.55,-0.05911
2016-07-13,0.225835,-1.6271410976116902,-1.046548798048793,-2.076697292216006,24.38,13.04,-0.06388
2016-07-14,0.225534,-1.5914345002971702,-1.0921408673431585,-2.1022978504693675,24.71,12.82,-0.06594
2016-07-15,0.225309,-1.6077738123007868,-1.1228686848162106,-2.1196831478353606,24.44,12.67,-0.0677
2016-07-18,0.224978,-1.5937163181233938,-1.1722191242285003,-2.130143906821336,24.58,12.44,-0.06906
2016-07-19,0.224265,-1.6759794581804894,-1.2718911570922984,-2.2140810685063212,23.68,11.97,-0.07372
2016-07-20,0.223981,-1.6125504827851362,-1.3132679431951855,-2.237188623083133,24.41,11.77,-0.07587
2016-07-21,0.225419,-1.3227811881332434,-1.1087716482903762,-2.007206312791544,27.69,12.74,-0.06675
2016-07-22,0.224365,-1.4731600941185827,-1.2611030907496397,-2.0551895102479607,26.02,12.02,-0.0698
2016-07-25,0.225617,-1.2282638825138255,-1.0814868721325408,-0.5705529202277952,28.74,12.87,-0.00331
2016-07-26,0.225863,-0.9998026210145126,-1.0422533362448658,0.009842910043413314,31.27,13.05,0.02304
2016-07-27,0.225555,-1.1180760793850453,-1.0844738935442397,0.19798182470442677,29.86,12.83,0.03159
2016-07-28,0.2254,-0.9883222092115015,-1.1064181030390037,0.4804144198633014,31.31,12.72,0.04449
2016-07-29,0.224135,-0.7735378179819453,-1.2846762816638941,0.523470001571583,33.76,11.87,0.04661
2016-08-01,0.224986,-0.6194783521475679,-1.1648820125789847,0.6285518774614636,35.53,12.44,0.05156
2016-08-02,0.226242,-0.16398391628913275,-0.9709237850452048,0.8437816400075925,40.71,13.37,0.06156
2016-08-03,0.225593,-0.4242823322052477,-1.0790763643865477,0.7490467394859873,37.82,12.86,0.0575
2016-08-04,0.224943,-0.4932537927856941,-1.1709469443073597,0.6558835718425343,37.07,12.42,0.05346
2016-08-05,0.223419,-1.0068121721756156,-1.3863974273835462,0.723967359577963,31.33,11.39,0.0567
2016-08-08,0.223584,-0.9722963798668292,-1.358343881740661,0.7480960106932313,31.69,11.5,0.05792
2016-08-09,0.223832,-0.8424040816444541,-1.3209581816774976,0.8746968973679188,33.13,11.66,0.06382
2016-08-10,0.224411,-0.37031862660779424,-1.2384354466969474,0.924629178362662,38.46,12.05,0.06632
2016-08-11,-0.442435,-0.6862997406884416,-1.31224512370177,0.851738101641994,34.93,11.68,0.06317
2016-08-12,0.223668,-0.6861913520060337,-1.335339504417375,0.8207450204283728,34.94,11.55,0.06191
2016-08-15,-0.601098,-0.8114022144043957,-1.2774251471088982,0.8699506405956504,33.53,11.81,0.06431
2016-08-16,-0.078497,-0.40167774835602194,-1.1034190203386354,0.9680880880391031,38.13,12.64,0.06902
2016-08-17,0.224636,-0.4864734134823546,-1.195915752331553,0.8976852798630496,37.19,12.19,0.06601
2016-08-18,-0.109252,-0.703881048279877,-1.350137787225457,0.7602386570494546,34.74,11.43,0.05983
2016-08-19,-0.009123,-0.6061414895954125,-1.3615494590981592,0.7758920801027819,35.8,11.34,0.06062
2016-08-22,0.202116,-0.2042024114206135,-1.1593443771234015,1.0043516976880338,40.26,12.27,0.07113
2016-08-23,0.224929,-0.1341254971162074,-1.130687224237477,1.0321157795917968,40.97,12.38,0.07193
2016-08-24,0.226345,0.49378477272468474,-0.9261684089000536,1.236650593264416,47.78,13.45,0.07926
2016-08-25,0.226559,0.5367203163331106,-0.8946671371009738,1.3042084911028444,48.09,13.63,0.08105
2016-08-26,0.226582,0.5406181116660305,-0.8882734585213224,1.3041148608252269,48.04,13.65,0.08129
2016-08-29,0.225736,0.08628523227526522,-1.0436041254177133,1.0698751564901048,43.08,12.94,0.07142
2016-08-30,0.22595,0.0859977147349969,-0.9962184865808974,1.2039449073725352,43.0,13.12,0.07773
2016-08-31,0.226307,0.3052846885052956,-0.9235950220544648,1.2648575781088103,45.25,13.42,0.08082
2016-09-01,0.226379,0.28093306249647315,-0.9108479769497649,1.2698287330461662,44.91,13.48,0.08141
2016-09-02,0.224315,-0.16818728069439473,-1.2608427505362498,1.0801011031262389,40.13,11.98,0.07342
2016-09-06,0.224389,-0.23094988965084456,-1.2443131008187867,1.0574250403215066,39.41,12.02,0.07277
2016-09-07,0.224267,-0.42332866808694203,-1.2605833958729165,1.0310689279982839,37.34,11.94,0.07197
2016-09-08,0.225111,-0.20617066931199302,-1.1153478948468791,1.1639677752179152,39.53,12.51,0.07813
2016-09-09,0.231166,1.8177870270358112,0.10301280932455492,1.1728497656580266,60.23,17.5,0.07887
2016-09-12,0.228383,0.8342859584280702,-0.4621816113345006,0.2978804823000269,50.14,15.16,0.04078
2016-09-13,0.231584,1.9131831564543214,0.2046106892654514,0.6861802017943975,61.13,17.85,0.05792
2016-09-14,0.23193,1.7822021658356306,0.2838610009131448,0.7687022464386777,59.86,18.14,0.06169
2016-09-15,0.22974,1.0503604922233774,-0.16729116919083722,0.19190094259751683,52.39,16.3,0.03742
2016-09-16,0.228627,0.9932367907511518,-0.3939587971035577,-0.039429171162417294,51.79,15.37,0.02822
2016-09-19,0.228818,0.9603694128183419,-0.3491266040300121,-0.01503278621795356,51.44,15.53,0.02978
2016-09-20,0.229283,1.0685984185646644,-0.24610462982002285,0.06864883283263998,52.48,15.92,0.0336
2016-09-21,0.22616,-0.08670382347326623,-0.8978881131433896,-0.7714748458973393,40.66,13.3,0.00114
2016-09-22,0.224369,-0.9768462213811039,-1.2119012893813106,-1.1315091397523183,31.51,12.02,-0.01262
2016-09-23,0.224749,-0.9976918445561286,-1.134811593382891,-1.1041837284116713,31.22,12.29,-0.01137
2016-09-26,0.22759,-0.5266856622429527,-0.5707418318460021,-0.6111691980994371,35.97,14.5,0.00763
2016-09-27,0.225919,-1.2342341774358419,-0.9189704320018218,-0.9844787146713345,28.67,13.1,-0.00707
2016-09-28,0.224913,-1.692910327434135,-1.0990487894877317,-1.1916593894466216,23.86,12.39,-0.01545
2016-09-29,0.227018,-1.1313939465771896,-0.6736763370960241,-0.8543815606149741,29.47,14.02,-0.00264
2016-09-30,0.22615,-1.5447461162652385,-0.8587629923921373,-1.1098805803091938,25.11,13.29,-0.01287
2016-10-03,0.226483,-1.3301038455219432,-0.7786151812873451,-1.0192501761852657,27.19,13.57,-0.00961
2016-10-04,0.226551,-1.2196943108053124,-0.7563148535442248,-1.006344197465299,28.24,13.63,-0.00926
2016-10-05,-0.359129,-1.4998430332579078,-0.9184512262076888,-1.1947308653276854,25.25,12.99,-0.01673
2016-10-06,-0.738089,-1.5158596776595528,-0.9507235930106458,-1.2246010118820794,24.98,12.84,-0.01815
2016-10-07,-0.505178,-1.7852847697918444,-0.7758408336506504,-0.3220454758449169,22.07,13.48,0.01729
2016-10-10,0.226257,-1.2879276968445605,-0.7971334399100356,-0.08807269230560288,27.22,13.38,0.02661
2016-10-11,0.228614,-0.597322748213381,-0.2740709664078511,0.5129019755686404,34.5,15.36,0.05044
2016-10-12,0.229271,-0.6518129332383288,-0.12924779066942962,0.6472040009824722,33.97,15.91,0.05594
2016-10-13,0.2302,-0.3325564678904592,0.07673213672828239,0.9869239537848982,37.34,16.69,0.06951
2016-10-14,0.22952,-0.5928620979974139,-0.07110638681552817,0.8553809983671596,34.62,16.12,0.06461
2016-10-17,0.229625,-0.16710722606767564,-0.04761235826257242,0.8582071406411569,39.12,16.21,0.06499
2016-10-18,0.228519,-0.7405408961807438,-0.29241581844410697,0.5507003552787432,33.17,15.28,0.05317
2016-10-19,0.227482,-1.053850926364196,-0.5206525674651129,0.5193131725143513,29.96,14.41,0.05216
2016-10-20,0.226691,-1.2829949433696985,-0.6918134193953929,0.4353122458071603,27.6,13.75,0.04906
2016-10-21,0.2262,-1.236912129665001,-0.7953546129110098,0.3731963033658014,28.05,13.34,0.04678
2016-10-24,0.225803,-1.1887509645181686,-0.8772512226275632,0.37356360971457453,28.58,13.02,0.04701
2016-10-25,0.226344,-0.7025761684634152,-0.759968174844251,0.539109644438271,33.65,13.46,0.05368
2016-10-26,0.227277,-0.2816202012273646,-0.5538565541032707,0.8026728419364145,38.05,14.24,0.06407
2016-10-27,0.228613,0.18167650806809513,-0.26033661677391334,1.237731914211927,42.89,15.36,0.08124
2016-10-28,0.229601,0.8421195346037644,-0.04501554000407454,1.6002091217518988,49.78,16.19,0.09579
2016-10-31,0.23064,1.3063458287452405,0.18035383980979197,1.8185707744375819,54.66,17.06,0.10497
2016-11-01,0.232427,1.4089452583891344,0.5698082487781501,2.1340756491092936,55.84,18.56,0.11822
2016-11-02,0.233333,1.7836723577675684,0.7636213541509262,2.2992312982875176,59.86,19.32,0.12592
2016-11-03,0.236645,2.686639489070931,1.4780255024661753,2.9418874724798827,69.49,22.08,0.15315
2016-11-04,0.237162,2.8759234852998135,1.5767687040616833,2.99297783461265,72.01,22.51,0.15769
2016-11-07,0.232613,1.6021141395575815,0.5794068036173271,1.1343696307179274,58.93,18.71,0.08278
2016-11-08,0.232651,1.2827596767458316,0.5826405623559485,1.3316892146071353,55.65,18.74,0.09135
2016-11-09,0.227453,-0.15292096692576915,-0.5464297489554013,0.11243036837556655,40.22,14.38,0.04055
2016-11-10,0.227885,-0.8265764992870803,-0.452310247923496,0.21660593923783633,32.95,14.74,0.04493
2016-11-11,0.227202,-1.0333197238529528,-0.597930543630533,0.0745204153777184,30.68,14.17,0.03897
2016-11-14,0.227573,-1.1651791267133118,-0.513483593500238,0.1716929476140731,29.17,14.48,0.04293
2016-11-15,0.226251,-1.2091752716734931,-0.7951942016556497,-0.11267254756120691,28.59,13.37,0.03087
2016-11-16,0.226669,-0.9860651045730606,-0.6992445698670838,-0.03340704148127237,30.93,13.72,0.03412
2016-11-17,0.22623,-0.9539025356095735,-0.789378815348963,-0.1329238256629834,31.2,13.35,0.02988
2016-11-18,0.225614,-1.0173614233558361,-0.9137611792583973,-0.2677462822879452,30.45,12.85,0.02425
2016-11-21,0.225012,-0.8902375168920174,-1.0187602462008665,-0.4083784216404459,31.77,12.42,0.01831
2016-11-22,0.225006,-0.976850143099174,-1.0162430763724781,-0.3746670368557934,30.77,12.41,0.01968
2016-11-23,0.225039,-0.8791254505928142,-1.0058517072733337,-0.35472334297928465,31.78,12.43,0.02047
2016-11-25,0.224923,-1.1179799069643015,-1.0233452766550188,-0.3503925805499601,29.1,12.34,0.02059
2016-11-28,0.225996,-0.8631735761943585,-0.8116279008783719,-0.1930698960429219,31.84,13.15,0.02712
2016-11-29,0.225697,-0.8189367194024272,-0.8725120283662272,-0.2473395501744786,32.28,12.9,0.02483
2016-11-30,0.22621,-0.7037057515890572,-0.7583978833218703,-0.0617842732170286,33.49,13.33,0.03252
2016-12-01,0.227093,-0.6705626382771693,-0.5680764289292296,0.1800239744904778,33.83,14.07,0.04266
2016-12-02,0.227153,-0.708295736138466,-0.5531482154659065,0.2561898329115717,33.36,14.12,0.04587
2016-12-05,0.224607,-1.2533994446442513,-1.0526288813457576,-0.2038427347332033,27.26,12.14,0.0266
2016-12-06,0.224094,-1.290268908958002,-1.1367768469592738,0.43931648848114946,26.75,11.79,0.05361
2016-12-07,0.224799,-1.1279607382459997,-1.0209553048895368,0.28257131248140954,28.44,12.22,0.04724
2016-12-08,0.225402,-1.068724020887814,-0.9075449098756638,0.5487298128583369,29.0,12.64,0.05844
2016-12-09,0.22413,-1.456860325288083,-1.1253269675713684,0.2999505058719295,24.58,11.75,0.04812
2016-12-12,0.225406,-1.1738922381950934,-0.8916944150012659,0.5159352124149907,27.6,12.64,0.05718
2016-12-13,0.225507,-0.9425498463666644,-0.8658387261767264,0.5116801039048962,30.09,12.72,0.05685
2016-12-14,0.226063,-0.9125678016686444,-0.7393462921086532,0.4733945345986349,30.34,13.19,0.05518
2016-12-15,0.225588,-1.0592740422227376,-0.8352662901028192,0.3913791523073037,28.63,12.79,0.05175
2016-12-16,0.224802,-1.1786891058400308,-0.9800982260572945,0.23898705498570189,27.21,12.2,0.04553
2016-12-19,0.224075,-1.250028702080834,-1.0976082135827845,0.15330044606560653,26.31,11.71,0.04202
2016-12-20,0.223696,-1.1970992878161464,-1.155460802639836,0.14990102982485276,26.79,11.45,0.04189
2016-12-21,0.223409,-1.1874613158380936,-1.1921174876439753,0.07263326728758275,26.79,11.27,0.03878
2016-12-22,0.223646,-1.2719913737553734,-1.1427796663515308,0.0865352038767885,25.74,11.43,0.03954
2016-12-23,0.223667,-1.4195328092351576,-1.1331534791925926,0.09816946638236192,23.98,11.44,0.04026
2016-12-27,0.224509,-1.652379569647239,-0.9867989382777794,0.3157192029672115,21.23,11.99,0.04946
2016-12-28,0.225775,-1.4575797025282395,-0.7376169861280244,0.35226009768435496,23.26,12.95,0.05117
2016-12-29,0.226277,-1.3309106727721205,-0.6277190817576468,0.4728818251736719,24.59,13.37,0.05635
2016-12-30,0.227074,-1.3547795891648495,-0.45450212787461375,0.6083725774766473,24.22,14.04,0.0621
2017-01-03,0.225658,-1.6895555901307358,-0.7506714229642626,0.21403408425843637,20.28,12.85,0.04623
2017-01-04,0.224303,-1.9429259246929875,-0.9969946747279076,-0.03142277658775413,17.18,11.85,0.03629
2017-01-05,0.224027,-1.9523026656761122,-1.0346157457859382,-0.07715425305211962,16.82,11.67,0.03446
2017-01-06,0.22351,-1.9906833213541952,-1.1150712800038738,0.11781648183740882,16.11,11.32,0.0424
2017-01-09,0.22386,-1.9374983175583003,-1.0496298412146738,0.14580277267799388,16.45,11.56,0.04345
2017-01-10,0.223753,-1.8941001486934268,-1.0674614606042776,0.20047918733123105,16.71,11.49,0.0455
2017-01-11,0.223414,-1.916998094758252,-1.1226947144033403,0.13566318579329859,16.18,11.26,0.04281
2017-01-12,0.223833,-1.8823468838406314,-1.042221095188172,0.28349204081544976,16.33,11.54,0.04881
2017-01-13,0.223366,-1.9316416846112288,-1.121341685473271,0.37352541699105823,15.48,11.23,0.05243
2017-01-17,0.224327,-1.7520219293383605,-0.9457125495990574,0.5348900100228958,17.38,11.87,0.05905
2017-01-18,0.22522,-1.6645188173307353,-0.7805719567920779,0.6903732888556763,18.22,12.48,0.0653
2017-01-19,0.225576,-1.4522164174538679,-0.6954227916744024,0.7354043991756425,20.61,12.78,0.06715
2017-01-20,0.223835,-1.6767155906324491,-1.0446688429510613,0.4371168545013828,17.7,11.54,0.05494
2017-01-23,0.224171,-1.4439834839962258,-0.9813033499778308,0.49339820857664335,20.37,11.77,0.05712
2017-01-24,0.22313,-1.5691979568779861,-1.17840378911643,0.2276344117530687,18.67,11.07,0.0465
2017-01-25,0.222763,-1.5849574564652065,-1.252359171180735,0.036246448897677516,18.29,10.81,0.03877
2017-01-26,0.222476,-1.618788725207371,-1.2997336014784104,-0.00960822828326221,17.68,10.63,0.03701
2017-01-27,0.222393,-1.44349958935479,-1.3103643727967222,0.17078293506545936,19.67,10.58,0.04438
2017-01-30,0.224367,-1.1921443069961137,-0.9160681103742128,0.37720698750006,22.65,11.88,0.05284
2017-01-31,0.224528,-1.0738580375115236,-0.8761922325448386,0.46321723445806173,24.01,11.99,0.05655
2017-02-01,0.22426,-1.1006246664115404,-0.9235486355818271,0.5694768354570809,23.57,11.81,0.06105
2017-02-02,0.224442,-0.931845520772777,-0.8818831133488685,0.6751861860171613,25.58,11.93,0.0655
2017-02-03,0.223011,-1.1172541182837963,-1.169411776154752,0.3013365186298313,23.17,10.97,0.05086
2017-02-06,0.223618,-0.8276818569325052,-1.040953952209579,0.4032834750920905,26.68,11.37,0.05512
2017-02-07,0.223496,-0.6364147218470801,-1.0636137673148989,0.42254028140060085,28.98,11.29,0.05606
2017-02-08,0.223744,-0.536840452622214,-1.0187621268643405,0.4612281656227843,30.14,11.45,0.05769
2017-02-09,0.222892,-0.4426401351659901,-1.2137290489170154,0.2574495103732605,31.23,10.88,0.04968
2017-02-10,0.222862,-0.6740378235093221,-1.2365234712274253,0.2532712914184761,28.31,10.85,0.04956
2017-02-13,0.223228,-0.5296401347600507,-1.1864163470007956,0.2668300904719068,30.0,11.07,0.05001
2017-02-14,0.222734,-0.7492649038582022,-1.3172796868727146,0.21293617127401476,27.26,10.74,0.04791
2017-02-15,0.22463,-0.3313911619711328,-0.8745562880992908,0.4911799785952289,32.23,11.97,0.05902
2017-02-16,0.224313,-0.30990553535983145,-0.9515019569892806,0.49190048516415785,32.41,11.76,0.05924
2017-02-17,0.223914,-0.5627853104561713,-1.0515068886786785,0.4255722829988234,29.32,11.49,0.05681
2017-02-21,0.224061,-0.29818918420124885,-1.0169011918231592,0.45382763236712226,32.39,11.57,0.05814
2017-02-22,0.224311,-0.23588262959675682,-0.9455927375970138,0.5237928429355216,33.06,11.74,0.06111
2017-02-23,0.224268,-0.15917626564682538,-0.9542971848881273,0.6286753477924316,33.88,11.71,0.06544
2017-02-24,0.223913,-0.5011509667082311,-1.0452926661716637,0.5772118441243698,29.81,11.47,0.06363
2017-02-27,0.224788,-0.13636513560418953,-0.7943191877647476,0.7473558766953216,33.98,12.09,0.07052
2017-02-28,0.22578,0.1612440226621127,-0.45863161887235665,1.092679121853402,37.34,12.92,0.08429
2017-03-01,0.225337,0.2285868729762833,-0.6057992869517631,0.6138070432962601,38.01,12.54,0.06582
2017-03-02,0.22445,-0.01866468202762525,-0.8954216481813121,0.2576069083245361,35.12,11.81,0.05215
2017-03-03,0.223165,-0.4738896240351009,-1.2331135417386407,0.03280737561435525,29.89,10.96,0.04363
2017-03-06,0.223579,-0.37129746822591936,-1.1096225429841,0.10146224069204861,30.99,11.24,0.04653
2017-03-07,0.223885,-0.11247038316446888,-1.0157506889333374,0.13348780803919366,33.85,11.45,0.04799
2017-03-08,0.224491,-0.030005841512983,-0.841453238457742,0.20403623855884678,34.72,11.86,0.05087
2017-03-09,0.225038,0.136490329045783,-0.655659566968049,0.31595692625310823,36.5,12.3,0.05528
2017-03-10,0.224209,-0.22868239660929862,-0.9126986032064031,0.1827073638530892,32.36,11.66,0.0503
2017-03-13,0.223743,-0.28043123511304335,-1.0341045239185573,0.10898300683225308,31.72,11.35,0.04761
2017-03-14,0.225039,0.058010106756523516,-0.6336259048667161,0.34924468712414386,35.4,12.3,0.05697
2017-03-15,0.224187,-0.24334164000987238,-0.9049734163590177,0.05982326923317237,32.04,11.63,0.04604
2017-03-16,-0.159686,-0.38775727298864693,-1.0719243290594132,-0.02648811222491307,30.4,11.21,0.04283
2017-03-17,0.223646,-0.3573550641807206,-1.0348473178803794,-0.01523935703758024,30.69,11.28,0.04339
2017-03-20,0.223728,0.07182625261386408,-1.0028565590982075,-0.016044616775300266,35.37,11.34,0.0435
2017-03-21,0.225235,0.2741781808876663,-0.530638725527335,0.01193176248481974,37.59,12.47,0.04472
2017-03-22,0.225643,0.3797746972533164,-0.3880904414558355,0.0880030352574002,38.77,12.81,0.04776
2017-03-23,0.226013,0.5431292805597324,-0.25807159886804326,0.16727107565156377,40.59,13.12,0.05086
2017-03-24,0.225821,0.21139629799158838,-0.3211209477331607,0.12992814162191402,36.97,12.96,0.04954
2017-03-27,0.22527,-0.43041710397637895,-0.5078420202241423,0.010988334058602608,29.93,12.5,0.04512
2017-03-28,0.223988,-0.9117314681944867,-0.9033836920736398,-0.352540584662625,24.63,11.53,0.03138
2017-03-29,0.223826,-0.9593899385918702,-0.9434689309398173,0.0420226297020786,24.1,11.42,0.04637
2017-03-30,0.22402,-0.934145184187694,-0.889025718592975,0.11587290647974052,24.37,11.54,0.04916
2017-03-31,0.225121,-0.8732469534680715,-0.5432328516043547,0.32799274783912397,25.02,12.37,0.05719
2017-04-03,0.225132,-0.8719185576542703,-0.5376909899108752,0.34600589359309397,25.05,12.38,0.05794
2017-04-04,0.224381,-1.052864230372606,-0.7763967779713452,0.2056710606572233,23.05,11.79,0.05265
2017-04-05,0.22574,-0.9111241994113853,-0.31960733312581,0.48631189072018516,24.56,12.89,0.06328
2017-04-06,0.225144,-0.8494435548404401,-0.5224687676185861,0.34370782213573053,25.24,12.39,0.05795
2017-04-07,0.225717,-0.6751096427736983,-0.3201724898329872,0.5007663764257069,27.13,12.87,0.06391
2017-04-10,0.227126,-0.25669574710458815,0.1682294094896884,0.8084155659011547,31.74,14.05,0.07566
2017-04-11,0.228339,-0.06363303398679807,0.5920494510211967,1.0976402173847744,33.87,15.07,0.08666
2017-04-12,0.229169,0.11342575870310129,0.8796367752215786,1.463615682573879,35.85,15.77,0.10082
2017-04-13,0.229391,0.4296016243429656,0.9532297387124367,1.4056292831111816,39.38,15.96,0.09908
2017-04-17,0.227849,-0.2330417228443797,0.4146692897467949,0.829562748861848,32.15,14.66,0.07744
2017-04-18,0.227562,-0.2983170425183929,0.31443125818562667,0.7542379954012317,31.47,14.42,0.07474
2017-04-19,0.228168,0.03146608066566178,0.5217157638753772,1.263139741838453,35.12,14.93,0.09449
2017-04-20,0.227244,-0.5742243186723652,0.19910685627433602,0.9008401587480792,28.54,14.15,0.08091
2017-04-21,0.227814,-0.36813999659052554,0.3943650479237416,0.9962522150590214,30.81,14.63,0.08483
2017-04-24,0.222962,-1.4447813435454597,-1.159354855047331,-0.2530063549390906,19.09,10.84,0.03676
2017-04-25,0.222866,-1.5447994227288024,-1.185188719317271,-0.32830095095314016,17.91,10.76,0.03386
2017-04-26,0.223003,-1.5056126157640526,-1.1399442387454315,-0.21450320202537754,18.21,10.85,0.03823
2017-04-27,0.222239,-1.6004460422254119,-1.3312071785822308,-0.33991489907023903,17.04,10.36,0.03335
2017-04-28,0.222951,-1.1461040586441047,-1.1347852676380654,-0.21881450286317278,21.93,10.82,0.03799
2017-05-01,0.221839,-1.2818797946311347,-1.412885273493638,-0.38776958890864915,20.32,10.11,0.03139
2017-05-02,0.222606,-1.0674116466960863,-1.2068236459031327,-0.24984285609049547,22.59,10.59,0.03662
2017-05-03,0.222741,-0.7894452421144713,-1.1611020900092566,-0.23423089885318737,25.61,10.68,0.03719
2017-05-04,0.222398,-0.8664519723891998,-1.2401318444387153,-0.2561840095939161,24.68,10.46,0.03627
2017-05-05,0.222591,-0.9535944207129989,-1.1858296765173482,-0.24711009687993066,23.63,10.57,0.03651
2017-05-08,0.221311,-1.234844178010094,-1.497053262405818,-0.4452048681072062,20.41,9.77,0.02871
2017-05-09,0.221615,-1.163839180451868,-1.4074404148660558,-0.4011238979936998,21.09,9.96,0.03029
2017-05-10,0.222022,-1.060739731466074,-1.2957016122800524,-0.3205774126987123,22.14,10.21,0.03328
2017-05-11,0.222628,-0.9044199202622949,-1.1313197933494692,-0.18785618836216506,23.81,10.6,0.03835
2017-05-12,0.222306,-1.0773897987132193,-1.201781766480625,-0.09389624789425025,21.79,10.4,0.04191
2017-05-15,0.222361,-0.8393367554857178,-1.1845453527926488,0.025733279215389596,24.37,10.42,0.04648
2017-05-16,0.222718,-0.7391304556854226,-1.0843622857234692,0.1241451315754724,25.42,10.65,0.05024
2017-05-17,0.228959,0.7052931035001627,0.8675799418083923,0.5858648596348258,41.57,15.59,0.06809
2017-05-18,0.227855,0.3127612925560037,0.5016171163917198,0.420701003260675,37.14,14.66,0.06176
2017-05-19,0.224733,-0.24256542620214955,-0.5280119744833602,-0.3090171652604924,30.88,12.04,0.03356
2017-05-22,0.22314,-0.5996877861923214,-0.9607681282383902,-0.4306107478579791,26.84,10.93,0.02874
2017-05-23,0.222823,-0.5693296237507796,-1.0362136016113845,-0.419288011730482,27.11,10.72,0.02909
2017-05-24,0.221727,-0.8931330229103204,-1.3041762122280094,-0.6063647006037601,23.47,10.02,0.02175
2017-05-25,0.221701,-0.9930270076656839,-1.305237861733138,-0.6456305133254411,22.29,9.99,0.02018
2017-05-26,0.221411,-1.0895119644953999,-1.3655007208148706,-0.6790470498406252,21.14,9.81,0.01888
2017-05-30,0.222318,-0.9331921595549505,-1.132230659412828,-0.5352110790310455,22.77,10.38,0.02443
2017-05-31,0.222364,-0.8448308623621572,-1.113454029007852,-0.5287537111447006,23.67,10.41,0.0247
2017-06-01,0.22157,-1.0806473336459665,-1.3073743021739743,-0.749829591616853,20.99,9.89,0.0161
2017-06-02,0.221361,-1.108256633165668,-1.3509757726614378,-0.7973688995176427,20.59,9.75,0.01413
2017-06-05,0.221872,-1.1066577010727263,-1.2166539101497669,-0.7006184188314626,20.51,10.07,0.01776
2017-06-06,0.222461,-0.6003157753660013,-1.06159432399108,-0.623236326885211,26.02,10.45,0.02068
2017-06-07,0.222374,-0.7114353625767142,-1.0774794200244042,-0.6326743789934957,24.73,10.39,0.02025
2017-06-08,0.222011,-0.9577874840716185,-1.157885873507557,-0.6895453104652456,21.94,10.16,0.01794
2017-06-09,0.222855,-1.3649540188611695,-0.9425702540663966,-0.535617400613542,17.36,10.7,0.02379
2017-06-12,0.224011,-1.1827904101956181,-0.6451167774838249,-0.3326677012344283,19.25,11.46,0.03155
2017-06-13,0.222435,-1.135498847008237,-1.03782178645815,-0.5918894187736462,19.7,10.42,0.0213
2017-06-14,0.222774,-1.2842053739639427,-0.9527080781292581,-0.5308581663242458,18.07,10.64,0.02342
2017-06-15,0.223165,-1.20057889847258,-0.8488501597105574,0.4737992649446547,18.94,10.9,0.06176
2017-06-16,0.222358,-1.350626717315772,-1.0553366541257903,0.35885887923983484,17.32,10.38,0.057
2017-06-19,0.222381,-1.2541496799930287,-1.0565415523446957,0.2982686442390795,18.28,10.37,0.0544
2017-06-20,0.223112,-0.947243175893137,-0.8528816877473845,0.28631452494982584,21.45,10.86,0.05364
2017-06-21,0.22294,-0.9965817146044177,-0.8934517174308817,0.2605878331824675,20.88,10.75,0.05243
2017-06-22,0.222518,-1.2040433536620763,-1.001708081517737,0.20079376015836423,18.7,10.48,0.04995
2017-06-23,0.221796,-1.4550919906803819,-1.2030438964672174,0.13345413970756687,16.17,10.02,0.04698
2017-06-26,0.221604,-1.6999205162064561,-1.2474272749952209,0.10642879650562949,13.56,9.9,0.04578
2017-06-27,0.223387,-1.3419453893833129,-0.7688459559653779,0.22513772974719487,17.15,11.06,0.04982
2017-06-28,0.221817,-1.7613951074666965,-1.2825028823915676,-0.24562393989879178,12.89,10.03,0.03265
2017-06-29,0.223963,-1.4373074981946377,-0.5946560791849956,0.08164435089234792,15.97,11.44,0.04456
2017-06-30,0.223577,-1.5764363514856137,-0.7165574688496289,0.0344550970387943,14.44,11.18,0.0431
2017-07-03,0.223648,-1.5872273183686845,-0.6904862961770087,0.02324444264597181,14.18,11.22,0.043
2017-07-05,0.223426,-1.6715428324672335,-0.7585829135785536,-0.015053696576241058,13.18,11.07,0.04198
2017-07-06,0.225341,-1.2035331448348638,-0.02314273828412695,0.19369764771110778,17.79,12.54,0.04957
2017-07-07,0.223595,-1.6915719049900246,-0.6897723212040849,-0.31195169873793643,12.71,11.19,0.03245
2017-07-10,0.223478,-1.6473524598274287,-0.7235379400952464,-0.3499710397510121,13.01,11.11,0.03159
2017-07-11,0.223137,-1.6128205185710898,-0.828279464293656,-0.4346915168596606,13.25,10.89,0.02942
2017-07-12,0.222251,-1.8369092813933239,-1.115650579812304,-0.7136132082643223,10.79,10.3,0.02096
2017-07-13,0.221622,-1.9420442548734287,-1.3055523314722024,-0.8666796899843701,9.51,9.9,0.01683
2017-07-14,0.221009,-1.9800743615128826,-1.4880730654370027,-1.0486538808125185,8.91,9.51,0.01205
2017-07-17,0.221515,-1.8807090802275082,-1.322543164411212,-0.9828170680001432,9.75,9.82,0.01513
2017-07-18,0.221631,-1.8678004319725012,-1.2781099690817255,-0.8295025405965216,9.7,9.89,0.02079
2017-07-19,0.221496,-1.807567991989259,-1.3179741374024736,-0.8236383483671663,10.16,9.79,0.02202
2017-07-20,-0.073751,-1.8392531326330415,-1.4118049980827543,-0.9375243844861858,9.65,9.58,0.02
2017-07-21,-0.265306,-1.81145029771948,-1.5092455521021289,-1.0683161136972015,9.77,9.36,0.01782
2017-07-24,-0.031273,-1.7888437327253026,-1.4622131857783065,-1.099007818399278,9.82,9.43,0.01832
2017-07-25,0.220914,-1.7385383836453292,-1.4512429289701565,-1.1722185069475142,10.19,9.43,0.01793
2017-07-26,0.221195,-1.6620600556585359,-1.3572722028215665,-0.8289338643333942,10.85,9.6,0.02673
2017-07-27,0.222012,-1.5480770824958567,-1.1022588780479305,-0.40724326437128344,11.94,10.11,0.03727
2017-07-28,0.222291,-1.412974886467339,-1.008715037196329,0.029754247507821654,13.3,10.29,0.04819
2017-07-31,0.22224,-1.2223309759363266,-1.0164302384602089,0.004360138902442266,15.31,10.26,0.04757
2017-08-01,0.221982,-1.3484657790766537,-1.0922128413703425,-0.065813192395868,13.78,10.09,0.04582
2017-08-02,0.222285,-1.2563940674731036,-0.9951738676899632,0.011630823972675817,14.69,10.28,0.04773
2017-08-03,0.222526,-1.0524847662306682,-0.9121492134215567,0.5969990274845067,16.88,10.44,0.06225
2017-08-04,0.221887,-1.1943629989685696,-1.0999558077843108,0.5999883660779359,15.18,10.03,0.06235
2017-08-07,0.221735,-1.1687850192337517,-1.1400076454846217,0.5560381350810087,15.36,9.93,0.0613
2017-08-08,0.223334,-0.811897030069864,-0.6503146013889418,0.9117096869747788,19.32,10.96,0.07019
2017-08-09,0.223561,-0.6397280343048886,-0.5784433299472326,1.2526839447572897,21.22,11.11,0.07878
2017-08-10,0.229516,0.6266179301241375,1.73958524995498,2.056307735409504,35.59,16.04,0.09902
2017-08-11,0.228887,0.5402107600538708,1.4743516873654618,1.9174933050937453,34.59,15.51,0.09602
2017-08-14,0.225109,-0.370137455531971,-0.01824114605212801,0.25041410632469113,24.23,12.33,0.05418
2017-08-15,0.224762,-0.3937976405514865,-0.15465127737894166,0.1368989435620846,23.92,12.04,0.05127
2017-08-16,0.224404,-0.27002195336213414,-0.29472043166731765,0.11892452680237738,25.29,11.74,0.05076
2017-08-17,0.228931,0.8646153734433961,1.480043501942533,0.8858549745579091,38.13,15.55,0.07008
2017-08-18,0.227397,0.9573569700406437,0.8697675830303933,0.3735778295179975,39.19,14.26,0.05714
2017-08-21,0.226123,0.7814753156713574,0.3683464352227966,-0.06107062343524076,37.22,13.19,0.04613
2017-08-22,0.223886,-0.02258557334362244,-0.4868282025438014,-1.061761615049754,28.08,11.35,0.02076
2017-08-23,0.225006,0.1991792987398453,-0.06843926276246043,-0.7176505879735461,30.55,12.25,0.02926
2017-08-24,0.22498,0.3366319274741359,-0.07745483634442023,-0.7242608838897235,32.06,12.23,0.02894
2017-08-25,0.223764,-0.03506861758773816,-0.5150607745349114,-1.10783316786422,27.79,11.28,0.0191
2017-08-28,0.223826,-0.02183570000114036,-0.492291165751454,-1.0864054418546418,27.86,11.32,0.01943
2017-08-29,0.224348,0.11472129763260347,-0.3121276939997305,-0.9081709591024627,29.3,11.7,0.02371
2017-08-30,0.223699,-0.2111601872455553,-0.5321171833319456,-1.1586279188592568,25.63,11.22,0.01722
2017-08-31,0.222759,-0.5598440240579631,-0.8201159780592675,-1.4812058370586911,21.72,10.59,0.00889
2017-09-01,0.222046,-0.8712764245602577,-1.0270060679241781,-1.6528938957497905,18.23,10.13,0.00426
2017-09-05,0.224987,-0.011083847603259056,-0.04941066625866308,-0.9325542320675053,27.58,12.23,0.02205
2017-09-06,0.224271,-0.4503960891044023,-0.32699520318292474,-1.182315781672053,22.73,11.63,0.01557
2017-09-07,0.224175,-0.628569835190119,-0.3631688448803585,-1.2045481291126154,20.73,11.55,0.01477
2017-09-08,0.224856,-0.4780502121823434,-0.09921162832089936,-0.3958689415923492,22.31,12.12,0.0349
2017-09-11,0.223005,-1.0041659502843625,-0.7402624861705912,-1.2259229437366395,16.53,10.73,0.01392
2017-09-12,0.222788,-1.097111478089267,-0.8054371836545449,-1.059827562821565,15.54,10.58,0.01785
2017-09-13,0.222668,-1.0258023726895404,-0.8361762814551532,-1.081992035851625,16.24,10.5,0.01714
2017-09-14,0.222569,-1.0731479429502722,-0.861097622233393,-1.104091009157731,15.77,10.44,0.01638
2017-09-15,0.222154,-1.2209139417914552,-0.9883851129071434,-0.31495062285768777,14.28,10.17,0.03607
2017-09-18,0.222129,-1.1695361885605815,-0.9919907781853854,-0.27976802854380245,14.77,10.15,0.03695
2017-09-19,0.222182,-1.0846855107207642,-0.9701575217263997,-0.2696024187916593,15.59,10.18,0.03725
2017-09-20,0.221547,-1.2321899837103374,-1.157503657786713,-0.13216367172515608,14.09,9.78,0.04075
2017-09-21,0.221354,-1.161122420274611,-1.2039682594201409,-0.16119874610303794,14.77,9.67,0.04004
2017-09-22,0.221227,-1.377589731418378,-1.2332414777000593,-0.15314736455561284,12.56,9.59,0.04042
2017-09-25,0.222211,-1.429599117947392,-0.9239824075160176,0.03533784925964983,11.93,10.21,0.04535
2017-09-26,0.222148,-1.4432152758724934,-0.9378229888582625,0.007250181113800484,11.67,10.17,0.04487
2017-09-27,0.221689,-1.4961464749258127,-1.0758823231836636,-0.1598162159406564,11.02,9.87,0.04094
2017-09-28,0.221177,-1.6305202027985675,-1.2226579368337893,-0.2466585051415208,9.55,9.55,0.03906
2017-09-29,0.22113,-1.679443649910182,-1.2329892659106862,-0.2052536165566735,8.92,9.51,0.04034
2017-10-02,0.221051,-1.7311571477078254,-1.2517973918862662,-0.27424232916318764,8.23,9.45,0.03891
2017-10-03,0.22116,-1.6965799309168168,-1.2126545889093217,0.15233774498891556,8.41,9.51,0.0492
2017-10-04,0.221361,-1.7545029276742607,-1.1451278718710993,0.2112572149081075,7.65,9.63,0.05076
2017-10-05,0.220667,-1.8261300274170682,-1.3468994407884574,-0.06695296493507204,6.73,9.19,0.04456
2017-10-06,0.221415,-1.8022207673855515,-1.1156398955363767,0.13990551331830536,6.78,9.65,0.0495
2017-10-09,0.222486,-1.5801978239268282,-0.7829188096416043,0.9656925456763163,8.89,10.33,0.06805
2017-10-10,0.222105,-1.6234188624024397,-0.8960411469084909,0.8748408979632063,8.31,10.08,0.0662
2017-10-11,0.221748,-1.6911118321359917,-0.9988148993655067,0.7610300487241581,7.44,9.85,0.06384
2017-10-12,0.221836,-1.6274805358630682,-0.9630111513975941,0.7609386265029788,7.93,9.91,0.0639
2017-10-13,0.221358,-1.7101805791820717,-1.1010679352105757,0.6283236755228906,6.89,9.61,0.06101
2017-10-16,0.221848,-1.6851607421172856,-0.9511694861680934,0.7632843959011415,6.98,9.91,0.06395
2017-10-17,0.222481,-1.5770058579214095,-0.7503557935835247,0.9427008776442548,7.95,10.31,0.06792
2017-10-18,0.222108,-1.5437221378293144,-0.8629391322988538,0.8341966816005408,8.16,10.07,0.06554
2017-10-19,0.222078,-1.5142189394505605,-0.8663488431679985,0.9641341979308997,8.32,10.05,0.06849
2017-10-20,0.221975,-1.5300673061870071,-0.8989818591373518,0.8062382401545102,8.0,9.97,0.06508
2017-10-23,0.223633,-1.2725669054152484,-0.3471565116518223,1.1720215790949622,10.62,11.07,0.07332
2017-10-24,0.223742,-1.192910219680914,-0.2984216141970302,1.2171495195208475,11.37,11.16,0.0745
2017-10-25,0.223822,-0.9007648640346717,-0.2602256345899271,1.0508913799027468,14.43,11.23,0.07097
2017-10-26,0.223907,-1.0332413798266435,-0.2214086879633565,1.0766622562638668,12.92,11.3,0.07166
2017-10-27,0.221715,-1.2455546001801154,-0.9633340771199301,0.14471619903571176,10.54,9.8,0.05077
2017-10-30,0.222799,-1.1696930299088442,-0.6065604716802094,0.4054864256404701,11.27,10.5,0.05647
2017-10-31,0.222306,-1.1808770007193163,-0.7625123025853525,0.28222677316170036,11.11,10.18,0.0535
2017-11-01,0.222344,-1.1509814605326503,-0.7488298157233227,0.30201964928647024,11.43,10.2,0.05365
2017-11-02,0.22192,-1.1192574959339785,-0.8915769642280962,0.34743419448768464,11.78,9.93,0.05422
2017-11-03,0.220653,-1.2142255041893963,-1.3283075053724411,-0.028568534584802078,10.89,9.14,0.0459
2017-11-06,0.221088,-1.1324248355178455,-1.237501222332043,0.1710505004227736,11.94,9.4,0.04944
2017-11-07,0.221876,-0.9567062388225485,-1.0049876652674647,0.4811913248855979,13.87,9.89,0.0545
2017-11-08,0.221707,-1.0537842739999597,-1.0959110018320979,0.4356167076829047,13.08,9.78,0.05349
2017-11-09,0.222819,-0.8959395146593377,-0.6288029979296705,0.7379934090919708,14.53,10.5,0.0587
2017-11-10,0.223903,-0.6414127723298892,-0.07764778876536226,1.1539632132102293,16.69,11.29,0.0663
2017-11-13,0.224155,-0.37207312767072453,0.07756752637959835,1.271550087731967,18.97,11.5,0.06857
2017-11-14,0.224261,-0.13594873201834962,0.14886203756784078,1.2547244484706506,20.97,11.59,0.06845
2017-11-15,0.226093,0.38772238082112104,1.2512155494558816,1.8604504361948029,25.46,13.13,0.07966
2017-11-16,0.224466,-0.2469478689277146,0.27998422304148596,0.7033316743752994,19.97,11.76,0.05884
2017-11-17,0.224069,-0.3736383120738655,0.051405276191834964,0.6071160075952111,18.84,11.43,0.05717
2017-11-20,0.223045,-0.42104386749540373,-0.5021922774159885,0.2757683269105271,18.39,10.65,0.0512
2017-11-21,0.221636,-0.7203760387411583,-1.1576837411467498,-0.4465725511542571,15.78,9.73,0.03811
2017-11-22,0.221871,-0.6627454473273041,-1.0407718548174376,-0.2107719410899412,16.22,9.88,0.04251
2017-11-24,0.221546,-0.6907485032286561,-1.1830945538365634,-0.3410314767075765,15.93,9.67,0.04025
2017-11-27,0.221863,-0.5546085809470992,-1.0303858811246562,0.1206965278235053,17.04,9.87,0.04869
2017-11-28,0.222161,-0.27403047880421044,-0.9079737545616419,-0.23266076060284133,19.39,10.03,0.04244
2017-11-29,0.223194,-0.5427876159436804,-0.4209775964014868,0.12572189877956783,17.06,10.7,0.04893
2017-11-30,0.223911,-0.10345913842370552,0.0006551649079110037,0.1601360581659173,20.74,11.28,0.04964
2017-12-01,0.224089,-0.2256227090954544,0.11466574527675853,0.18725598733355064,19.66,11.43,0.05019
2017-12-04,0.224387,-0.6462556966657762,0.30493123223891877,0.32241695169037105,16.07,11.68,0.05263
2017-12-05,0.223966,-0.5626729021310198,0.058061663715885815,0.010746838016324454,16.72,11.33,0.04709
2017-12-06,0.223594,-0.47802501613941245,-0.1669656311087132,-0.1671756267196798,17.39,11.02,0.04401
2017-12-07,0.222381,-0.680032393393197,-0.7958786502516447,-0.6704548328283465,15.66,10.16,0.03501
2017-12-08,0.221489,-0.8699641842936873,-1.2152433670691811,-0.974432992328919,14.02,9.58,0.02953
2017-12-11,0.221116,-0.8904802157227476,-1.3813338272200337,-1.0914878290502916,13.79,9.34,0.02731
2017-12-12,0.222051,-0.8234962319080077,-0.9458447989971156,-0.7585142223769654,14.3,9.92,0.03314
2017-12-13,0.222455,-0.525167395813062,-0.7483124989504889,-0.5491813922549893,16.75,10.18,0.03678
2017-12-14,0.222915,-0.6367148307550751,-0.5150694873047895,-0.2678088248065224,15.77,10.49,0.04173
2017-12-15,0.221274,-0.824500996573228,-1.2951834568835676,-0.9218883578962446,14.15,9.42,0.02999
2017-12-18,0.221476,-0.7640714649720699,-1.2039306871300053,-0.80549606351679,14.6,9.53,0.03196
2017-12-19,0.222252,-0.49499463104837,-0.8276139668372204,-0.6687164126052353,16.8,10.03,0.03434
2017-12-20,0.22176,-0.6078718397901547,-1.0488823965729699,-0.7488122600326585,15.82,9.72,0.03286
2017-12-21,0.22161,-0.6183782954593346,-1.1147680826571438,-0.7726639439191039,15.69,9.62,0.03239
2017-12-22,0.222051,-0.6252318953899667,-0.9031802239237798,-0.6367361418592081,15.59,9.9,0.03479
2017-12-26,0.222592,-0.6502821684750386,-0.6426446807550399,-0.4571664027060404,15.34,10.25,0.038
2017-12-27,0.222933,-0.6254990740283485,-0.4787388826277983,0.08372452930853704,15.51,10.47,0.04772
2017-12-28,0.222495,-0.9234765013640905,-0.6855067394102671,-0.0670700929746086,12.99,10.18,0.045
2017-12-29,0.223632,-0.9590003896067726,-0.05193192955453073,0.5226620391336162,12.64,11.04,0.05558
2018-01-02,0.221867,-1.4537338694291881,-0.9769190648113056,-0.4812451950946827,8.43,9.77,0.03752
2018-01-03,0.220901,-1.6331234328452953,-1.4298486517435227,-0.9467514843017552,6.81,9.15,0.02907
2018-01-04,0.221034,-1.543871017749821,-1.3664228754382886,-0.7752663380205724,7.44,9.22,0.03206
2018-01-05,-1.012674,-1.4843525873202632,-1.3546347951110953,-0.8963965965206248,7.85,9.22,0.02985
2018-01-08,-0.240802,-1.4731157629609641,-1.1229934456571293,-0.7252746618582226,7.86,9.52,0.03291
2018-01-09,-0.698196,-1.246736993446926,-0.7050659865888195,-0.34348064457288247,9.72,10.08,0.03974
2018-01-10,-1.012412,-1.2659304106036082,-0.8905066869820838,-0.5209224164950313,9.5,9.82,0.03652
2018-01-11,-1.012358,-1.274149830983116,-0.8406309995608118,-0.6372092106536619,9.37,9.88,0.03438
2018-01-12,-1.012233,-1.2200862171170166,-0.6312020055303729,-0.5602261687482206,9.78,10.16,0.03573
2018-01-16,-1.012211,-0.8815831641550017,0.4670790077126045,0.30834638851913543,12.66,11.66,0.05137
2018-01-17,-1.012202,-0.8921613207333653,0.6479132980113055,0.415100423186926,12.55,11.91,0.0533
2018-01-18,-0.133626,-0.8173458916173085,0.8737336715916086,0.5680973224033545,13.17,12.22,0.05603
2018-01-19,-0.632284,-0.9900414466041183,0.1820882673812962,0.17397394377868058,11.64,11.27,0.04887
2018-01-22,-1.012202,-0.9484574088489163,0.011413630662390152,-0.05433971932195803,11.95,11.03,0.04469
2018-01-23,-1.012199,-0.9637979065146154,0.0641443248562535,-0.01170914695955183,11.78,11.1,0.04541
2018-01-24,-1.012196,-0.7956731029649169,0.3371648034102734,0.19332567817782997,13.2,11.47,0.04905
2018-01-25,-0.941051,-0.8756621633381293,0.4164877355454917,0.3088167649474689,12.47,11.58,0.05113
2018-01-26,-1.01219,-0.9448076830927697,0.04805422868973734,-0.32776747441297976,11.83,11.08,0.03975
2018-01-29,-0.887737,-0.6489899016721855,2.067782135733409,0.7540119925073716,14.39,13.84,0.05918
2018-01-30,-0.72349,-0.32392383367808225,2.731547009534309,0.7525081169846529,17.22,14.79,0.05923
2018-01-31,-1.012202,-0.40569300703181777,1.7903741874790458,0.1714927467266509,16.48,13.54,0.04882
2018-02-01,-1.012202,-0.01641609541303929,1.7264709601757573,0.17558180255431163,19.87,13.47,0.04886
2018-02-02,0.231095,1.4007125464408163,4.434156576338774,0.5533781550652094,32.3,17.31,0.05559
2018-02-05,0.255549,7.142274468602267,17.929281919191983,7.9017833750763184,82.94,37.32,0.18718
2018-02-06,0.246372,3.877750722556643,8.52362792857829,2.824201464826581,57.7,29.98,0.10265
2018-02-07,0.243608,1.92701812052034,6.584303206674389,1.6499651581928614,39.52,27.73,0.07985
2018-02-08,0.250679,4.824332181984139,8.175238313794374,2.592483140703169,68.61,33.46,0.09935
2018-02-09,0.24523,2.1814617745142675,5.797474079757753,0.14560282818530418,43.31,29.06,0.04961
2018-02-12,0.241022,2.038107650753093,4.3605366938721355,-1.7520505842735867,42.02,25.61,0.0104
2018-02-13,0.240247,2.085679411779956,3.9978236960673192,-2.0688879232987154,42.73,24.97,0.00344
2018-02-14,0.2334,1.4745027520613592,2.213376274588884,-4.894299420949182,36.43,19.26,-0.05634
2018-02-15,0.233251,1.5220362737999205,2.1456945809293098,-4.928127562794395,37.03,19.13,-0.06224
2018-02-16,0.233644,1.3719940601291598,2.211923793216241,-4.513891638695204,35.48,19.46,-0.05821
2018-02-20,0.235001,1.7065513752305501,2.5022142551529925,-3.7647211613229055,39.1,20.6,-0.04483
2018-02-21,0.234306,1.8187681352484644,2.301009557345763,-3.87590909499042,40.43,20.02,-0.05039
2018-02-22,0.232759,1.6157961794666116,1.9114043652821455,-4.275318992223893,38.35,18.72,-0.06359
2018-02-23,-1.012271,0.9152898509084578,1.282681283161958,-5.268130350880229,30.82,16.49,-0.09367
2018-02-26,-0.866357,1.0808891449666749,1.086011144103322,-5.23436665530698,32.59,15.8,-0.10052
2018-02-27,-0.688911,1.5279524967267275,1.83473399979866,-4.06779060684909,37.46,18.59,-0.07495
2018-02-28,-0.141685,1.4632666132732457,2.154842472076261,-3.507466846520237,36.8,19.85,-0.06244
2018-03-01,0.237235,1.53019866226117,2.827210866948132,-2.6461712452462884,37.52,22.47,-0.03901
2018-03-02,-0.195117,1.135626740856963,2.0169626522797723,-3.581322659642306,33.23,19.59,-0.0691
2018-03-05,-0.212161,1.2045803660603456,1.768818584363917,-3.5712405320160236,33.96,18.73,-0.07198
2018-03-06,0.19732,1.2979322726772293,1.6544054642306676,-2.11005936481715,35.01,18.36,-0.02817
2018-03-07,0.231622,1.0333426463954105,1.483797121742251,-2.0228123243421616,32.17,17.76,-0.02622
2018-03-08,-1.012274,1.0089089810236012,1.1580615867069395,-2.3508804119427533,31.89,16.54,-0.03778
2018-03-09,-1.012225,0.5516753133210184,0.6641433884613384,-1.3486051516859205,26.9,14.64,-0.00579
2018-03-12,-0.978077,0.7548649407085176,0.9526138311073366,-0.8572142992198093,29.04,15.78,0.01014
2018-03-13,-0.832255,0.765245256758166,1.0922096607299627,-0.6173664893996903,29.13,16.35,0.01792
2018-03-14,0.057051,0.9131168447209097,1.3087128698902581,-0.4214972019033871,30.71,17.23,0.0243
2018-03-15,-0.132311,0.6689585192272687,1.1369542014831853,-0.4252151945259966,28.04,16.59,0.02405
2018-03-16,0.142656,0.44094146706452747,0.9291644474407167,-0.48566455729554975,25.56,15.8,0.02195
2018-03-19,0.233117,1.098816320587989,1.73677382029989,0.20921423102039963,32.61,19.02,0.04497
2018-03-20,0.232143,1.177235894599242,1.51295983737612,0.001287162520404565,33.47,18.2,0.03806
2018-03-21,0.231738,1.0431969206105747,1.414449323644812,-0.06363596315856862,32.01,17.86,0.03588
2018-03-22,0.238276,1.8360750197355291,2.7688806668930828,0.8245059252477698,40.46,23.34,0.06538
2018-03-23,0.240115,2.0420972170484397,3.093252315337736,1.2319106766514438,42.7,24.87,0.07905
2018-03-26,0.235505,1.2792571430445823,2.1000520160602387,-0.6125767287689033,34.54,21.03,0.01769
2018-03-27,0.23726,1.2677869385672407,2.4256084212361033,-0.28323689634624805,34.39,22.5,0.02856
2018-03-28,0.237704,1.1096109872580424,2.4759022148299143,-0.09428571151886778,32.73,22.87,0.0348
2018-03-29,0.234236,0.9223958907606005,1.7593436872620052,-1.0414039189867454,30.77,19.97,0.00318
2018-04-02,0.238603,1.1964338572037296,2.5877926593606437,-0.3224819303470259,33.77,23.62,0.027
2018-04-03,0.235581,1.0097163419717714,1.9663858815427315,-1.111485290634329,31.82,21.1,0.00051
2018-04-04,0.234344,0.8533175015917458,1.7072939854617306,-1.551434007204538,30.17,20.06,-0.01454
2018-04-05,0.233013,0.6146449434173694,1.437565194346811,-1.9271237026102446,27.61,18.94,-0.02768
2018-04-06,0.236047,0.8031181267533761,1.9993875669082959,-1.4638388356872958,29.68,21.49,-0.01274
2018-04-09,0.236384,1.1765035757713365,2.038697486014385,-1.0638307152623423,33.77,21.77,0.00041
2018-04-10,0.234836,0.9659765163564504,1.7259613462286938,-1.747066727059908,31.54,20.47,-0.02313
2018-04-11,0.234558,0.9182977562566017,1.6586013646270477,-1.7910535941889243,31.05,20.24,-0.02526
2018-04-12,0.232478,0.622759796121054,1.261178589459015,-2.3535833103310138,27.82,18.49,-0.04519
2018-04-13,0.231193,0.3332792585023622,1.018934570038169,-2.6365984697578306,24.63,17.41,-0.05602
2018-04-16,0.230189,0.07961528589278329,0.8308024201983449,-2.910390869946938,21.82,16.56,-0.06675
2018-04-17,0.228644,-0.05526522004803171,0.5441807786228811,-3.19399032278665,20.29,15.25,-0.07835
2018-04-18,0.229059,-0.13553493209167466,0.6198695709454496,-3.02434644186646,19.38,15.6,-0.0748
2018-04-19,0.229482,-0.10899581996304211,0.6970127352481076,-2.8841208689692506,19.62,15.96,-0.07195
2018-04-20,0.230567,0.0952771505119737,0.896200681386096,-2.139500429218209,21.75,16.88,-0.04644
2018-04-23,0.229927,0.21194645108586022,0.775097695834336,-1.8551538161242815,22.97,16.34,-0.0369
2018-04-24,0.231913,0.7133965939112895,1.1381407660901435,-0.9455882478544018,28.29,18.02,-0.00397
2018-04-25,0.2317,0.8964025268856147,1.0904271173049451,-0.7011868595123735,30.29,17.84,0.00484
2018-04-26,0.229808,0.6317514273182786,0.7358627259591931,-1.2043513121344924,27.52,16.24,-0.01392
2018-04-27,0.228825,0.7996501306118319,0.5511725464540583,-1.2583137611472832,29.36,15.41,-0.01626
2018-04-30,0.229436,0.9323057221045791,0.6593199669175281,-0.6174406145629303,30.84,15.93,0.00726
2018-05-01,0.228916,0.8566765096206755,0.5594940417395009,-0.5841801398561631,30.08,15.49,0.00837
2018-05-02,0.229481,1.3129624197921548,0.6587407832996139,-0.3724438476408657,35.04,15.97,0.01615
2018-05-03,0.229396,1.4318595431545353,0.638766145923181,-0.33093698376493214,36.42,15.9,0.01762
2018-05-04,0.228065,0.9370550925496927,0.3898829676234377,-0.1924528085566192,31.16,14.77,0.0227
2018-05-07,0.228044,0.9323498060076535,0.38197441975111346,-0.19711078511430977,31.15,14.75,0.02248
2018-05-08,0.227996,0.9032603887556909,0.3698370172061314,0.15247777747811722,30.88,14.71,0.03546
2018-05-09,0.226473,0.4964712131727023,0.08673086908043218,-0.25704330749480675,26.51,13.42,0.02021
2018-05-10,0.226254,0.23894559001175872,0.04268514854673048,-0.33210071965181226,23.73,13.23,0.01737
2018-05-11,0.225567,0.19242883246137651,-0.08557985278843432,-0.46131837273116455,23.23,12.65,0.01248
2018-05-14,0.2259,0.4066202624657147,-0.026674907360700124,-0.3115815592474843,25.56,12.93,0.01796
2018-05-15,0.227911,0.7411185799788234,0.3400017468656814,0.21824837598764654,29.22,14.63,0.03764
2018-05-16,0.22648,0.5744978406687776,0.07385794547951338,-0.12764617317747473,27.43,13.42,0.0247
2018-05-17,0.226491,0.5020477527349474,0.07368268581753028,-0.06636099270865085,26.65,13.43,0.02689
2018-05-18,0.226477,0.530162949930814,0.07341467638643401,0.05469221509286899,26.86,13.42,0.03123
2018-05-21,0.226079,0.49890738047148453,0.0005951771995571006,-0.09837446295943704,26.46,13.08,0.02542
2018-05-22,0.226243,0.6225992937385199,0.030132819121944175,0.284365415400658,27.77,13.22,0.03961
2018-05-23,0.225486,0.2605080636125786,-0.1110211806756043,0.10667121069632547,23.87,12.58,0.03305
2018-05-24,0.225425,0.1634924362328637,-0.1235630214550351,0.22030584177005796,22.81,12.53,0.03729
2018-05-25,0.226242,0.3075434513025744,0.024431457768087767,0.38215672174930426,24.36,13.22,0.04337
2018-05-29,0.230737,1.256589046507416,0.8499959203106926,1.265423949262227,34.6,17.02,0.07629
2018-05-30,0.22828,0.6734997430007496,0.3902056685372616,0.4705584240647015,28.39,14.94,0.04703
2018-05-31,0.228856,0.7743467682460816,0.4932450290058052,0.6084374901795201,29.51,15.43,0.05227
2018-06-01,0.22653,0.4594230116104848,0.059469635098942264,-0.03438920373062058,26.13,13.46,0.0284
2018-06-04,0.225679,0.1575215929160471,-0.10071608656975237,-0.04265546589623477,22.88,12.74,0.02814
2018-06-05,0.225276,0.11608607660685102,-0.17771497638155012,-0.12966764005386358,22.44,12.4,0.02495
2018-06-06,0.224378,-0.24992940075563935,-0.3461081097920523,-0.4084711579816451,18.48,11.64,0.01459
2018-06-07,0.224961,-0.1669581895696994,-0.24009405686424154,-0.1758013212686699,19.35,12.13,0.02324
2018-06-08,0.225022,-0.12625338637656564,-0.23081472708706993,-0.052403911772403125,19.77,12.18,0.02785
2018-06-11,0.225225,-0.09038684613609016,-0.19550298761046725,-0.006992661839132038,20.15,12.35,0.02958
2018-06-12,0.225214,-0.10435227615578245,-0.1992368480543919,-0.011235927564635654,20.01,12.34,0.02945
2018-06-13,0.225924,0.0781427004973674,-0.06846947618471744,0.217504770430875,21.99,12.94,0.03797
2018-06-14,0.224952,-0.2070214731677628,-0.25067640941138086,0.008315870608672813,18.91,12.12,0.03024
2018-06-15,0.224785,-0.250735743560646,-0.2828411198845521,-0.031171059769882683,18.44,11.98,0.02879
2018-06-18,0.225175,-0.2856226366733522,-0.21140044829109622,0.06750386608235572,18.06,12.31,0.03234
2018-06-19,0.226406,-0.11788675640447986,0.015378742520046292,0.38587007259926,19.88,13.35,0.04407
2018-06-20,0.225744,-0.29392381699930037,-0.11041045261392851,0.2619463325054804,17.98,12.79,0.03942
2018-06-21,0.227931,-0.04887826977310796,0.29506602557971456,0.6855002595989312,20.62,14.64,0.05509
2018-06-22,0.226902,-0.313740094379591,0.10020937160710265,0.457844783668253,17.75,13.77,0.04665
2018-06-25,0.23111,0.18880882691873715,0.8819900507049226,1.0848964676438226,23.19,17.33,0.06992
2018-06-26,0.229441,0.08564845706088645,0.5645852760660025,0.9372442213794229,22.1,15.92,0.06459
2018-06-27,0.231795,0.41258554123653474,0.998221353030568,1.6170959471725685,25.67,17.91,0.09005
2018-06-28,0.230541,0.08871267944738333,0.7575138026207711,1.3346097752978496,22.2,16.85,0.07991
2018-06-29,0.229641,-0.14501817997185773,0.5842783602640813,1.355254962331624,19.71,16.09,0.08105
2018-07-02,0.229062,-0.26773180524618695,0.47224268785361867,1.2411814811574866,18.4,15.6,0.07707
2018-07-03,0.229699,-0.08594022535313332,0.5872290856793201,1.3386352118918114,20.38,16.14,0.08102
2018-07-05,0.228319,-0.44989196059240755,0.3254359486143309,1.019708424292407,16.48,14.97,0.06924
2018-07-06,0.226429,-0.7502054869324319,-0.029962473346432497,0.4378242766126681,13.26,13.37,0.04731
2018-07-09,0.225629,-0.9110206109901093,-0.180349647206199,0.13217748510912555,11.5,12.69,0.03569
2018-07-10,0.225572,-0.8870626025243094,-0.19275148552760757,0.10029365355954885,11.75,12.64,0.03449
2018-07-11,0.226741,-0.7121126635217361,0.02390890858944686,0.27634605415289537,13.63,13.63,0.04119
2018-07-12,0.225502,-0.9152077685523193,-0.2099355976312506,-0.09931989249141239,11.44,12.58,0.02696
2018-07-13,0.225028,-0.9721771131337293,-0.30038375055594585,-0.19868917180749993,10.83,12.18,0.02321
2018-07-16,0.225799,-0.9332863594926004,-0.15913651703081824,-0.02833799283952323,11.26,12.83,0.02971
2018-07-17,0.224888,-1.0092274444542084,-0.3326419934214333,-0.24179252760871736,10.46,12.06,0.02168
2018-07-18,0.224937,-1.0478190385486963,-0.32613240626783896,-0.19575863851435887,10.05,12.1,0.02345
2018-07-19,0.225848,-0.8791416478499903,-0.1577088131408299,-0.03025380484392543,11.87,12.87,0.02975
2018-07-20,0.225835,-0.7586229627213753,-0.1628571684798448,0.048646643732852615,13.18,12.86,0.03277
2018-07-23,0.225552,-0.7608385961227156,-0.21936951688519293,-0.015848915001379575,13.18,12.62,0.03037
2018-07-24,0.225306,-0.6093568605452813,-0.26939624739868706,0.3435809512143382,14.83,12.41,0.04406
2018-07-25,0.22517,-0.6485324065705712,-0.2992348817125532,0.20936171127549874,14.44,12.29,0.03907
2018-07-26,0.22499,-0.6696484480720144,-0.33575869865171337,0.35765061775615864,14.24,12.14,0.04478
2018-07-27,0.226041,-0.36968594186433296,-0.13933623848269186,0.46266874450010476,17.47,13.03,0.04884
2018-07-30,0.227493,-0.13542520715905698,0.1334600252988629,0.6764838364977617,20.0,14.26,0.05701
2018-07-31,0.225803,-0.4660147193319802,-0.19064819822398663,0.2819109060751794,16.5,12.83,0.04207
2018-08-01,0.226182,-0.22570301122107359,-0.12129867169809526,0.4390710931156979,19.07,13.15,0.04801
2018-08-02,0.225047,-0.3507720499023611,-0.3400045596990818,0.2605881802595144,17.76,12.19,0.04125
2018-08-03,0.224396,-0.470379591626959,-0.46579741086775917,0.19648905327625865,16.5,11.64,0.03878
2018-08-06,0.223958,-0.38855377278510034,-0.5504838752847233,0.2137757190944904,17.37,11.27,0.03934
2018-08-07,0.223555,-0.4054874991205575,-0.6286316999425691,0.1325022208962241,17.2,10.93,0.03616
2018-08-08,0.223459,-0.3631048202596264,-0.6479834605366916,0.27736782301094637,17.66,10.85,0.04153
2018-08-09,0.223959,-0.17836220148708343,-0.5531427452322876,0.5182384481751784,19.62,11.27,0.05049
2018-08-10,0.226198,0.1462083072007543,-0.12713838450854295,0.8642778306563876,23.07,13.16,0.06335
2018-08-13,0.228112,0.5716456349670896,0.24087031964082983,1.2611199152237236,27.53,14.78,0.07791
2018-08-14,0.226377,0.273414491206726,-0.09014846954731781,0.8194807569651532,24.33,13.31,0.06121
2018-08-15,0.227946,0.5406728642507893,0.20914161380087784,1.039780630892602,27.16,14.64,0.06948
2018-08-16,0.226543,0.23804536471556925,-0.06178479606334031,0.6359883196091227,23.97,13.45,0.0545
2018-08-17,0.225586,-0.0711270996553671,-0.24626812699095393,0.41124615961324756,20.69,12.64,0.04611
2018-08-20,0.22541,-0.03454864509144317,-0.2775961222433194,0.37129895581085537,21.01,12.49,0.04449
2018-08-21,0.22585,0.09906771893121193,-0.1924087519489171,0.5017281026024732,22.34,12.86,0.0493
2018-08-22,0.225126,0.07450518187660213,-0.3298707053732971,0.49765889001105973,22.02,12.25,0.04917
2018-08-23,0.225315,0.19586184128369521,-0.2946444829844664,0.5539023066107114,23.26,12.41,0.05139
2018-08-24,0.224821,0.006734810116192948,-0.3896941154765376,0.49068964218221695,21.26,11.99,0.04913
2018-08-27,0.225028,0.02917647793400267,-0.3510425044893459,0.5582895347340553,21.45,12.16,0.05174
2018-08-28,0.225431,0.19259765219877897,-0.27511717496689486,0.6685707817002646,23.12,12.5,0.05601
2018-08-29,0.225139,0.06722653617148432,-0.33281909827083095,0.5735845668560844,21.8,12.25,0.05261
2018-08-30,0.226651,0.25755699294923623,-0.043917898392355305,0.8548260221880838,23.74,13.53,0.06327
2018-08-31,0.225859,-0.12712043745859303,-0.1976303707110292,0.6957899136302184,19.75,12.86,0.05753
2018-09-04,0.226213,-0.0915840288986486,-0.1319060349913858,0.7705211819543801,20.11,13.16,0.06053
2018-09-05,0.227098,-0.18507088578472963,0.03528726474408341,0.9469679664353452,19.15,13.91,0.06738
2018-09-06,0.22797,-0.033069836687542986,0.20164664366392288,1.0998259052027632,20.69,14.65,0.07336
2018-09-07,0.228241,-0.01004923692409899,0.25119903169971863,1.144986776857367,20.92,14.88,0.07537
2018-09-10,0.227391,-0.18803879214057573,0.08484323596636589,1.07999374277281,19.08,14.16,0.07325
2018-09-11,0.226282,-0.40724556590844363,-0.13042623838242404,0.8670566303708026,16.8,13.22,0.06545
2018-09-12,-0.849431,-0.5040611918544833,-0.15097671210302965,0.9118225781858267,15.8,13.14,0.06738
2018-09-13,-1.012176,-0.6618067621756893,-0.32863563607229057,0.8684331460451482,14.17,12.37,0.06597
2018-09-14,-1.012176,-0.7109791357544739,-0.39894635696848196,0.9099679331218097,13.65,12.07,0.06778
2018-09-17,-1.012189,-0.4827852849131462,-0.033800333717304044,1.2181974156592157,16.0,13.68,0.07974
2018-09-18,-0.683177,-0.5126186240307197,-0.2401635241624251,0.9241188277499426,15.7,12.79,0.06884
2018-09-19,-1.012176,-0.6948052074269678,-0.4805524608655406,0.6507194864654381,13.82,11.75,0.05859
2018-09-20,-1.01217,-0.6339327076042339,-0.4709925314401343,0.5407030818218357,14.44,11.8,0.05449
2018-09-21,-1.012171,-0.7307545519716232,-0.5009230490955905,0.5231657683202725,13.44,11.68,0.05389
2018-09-24,-1.012172,-0.701982713589412,-0.3841573078751866,0.6735463269683347,13.73,12.2,0.0597
2018-09-25,-1.012174,-0.6582194906708503,-0.3366218628196771,0.857459215538877,14.19,12.42,0.06684
2018-09-26,-1.012178,-0.627615223682373,-0.23093769179164178,0.9414980289744916,14.52,12.89,0.07019
2018-09-27,-1.012174,-0.8760194701840838,-0.3442896632492435,0.8817889683823292,11.97,12.41,0.06806
2018-09-28,-1.012174,-0.9221801794190845,-0.414017115257831,0.8640649350394054,11.5,12.12,0.06753
2018-10-01,-1.012171,-1.0156732093946579,-0.4447939104230413,0.7954665921642131,10.55,12.0,0.06505
2018-10-02,-1.012171,-1.0761379126395458,-0.43625574293509656,0.815868098338054,9.94,12.05,0.06597
2018-10-03,-1.012172,-1.1144874428334666,-0.5414305159847765,0.7320277662233144,9.56,11.61,0.06289
2018-10-04,-1.012194,-0.8456397073106297,0.06184556837769975,1.2364916891953597,12.34,14.22,0.08245
2018-10-05,-1.012207,-0.6039904300292288,0.1973299265477209,1.310497194604085,14.86,14.82,0.08556
2018-10-08,-1.012225,-0.3329184013598397,0.39549630274926084,1.5327020096398931,17.69,15.69,0.09453
2018-10-09,-0.829343,-0.24339207154405276,0.45133098326083415,1.6193102611603154,18.66,15.95,0.09834
2018-10-10,0.23784,0.7753795617982047,2.0861215270531015,1.6345228401977578,29.08,22.96,0.0993
2018-10-11,0.240268,1.4172810632180868,2.5293161807899405,1.8151437188928767,35.67,24.98,0.10679
2018-10-12,0.235858,0.6651481425075004,1.645385857497676,0.5777167026946384,28.14,21.31,0.05842
2018-10-15,0.235844,0.6698412368522754,1.6271151295520188,0.5736401653853498,28.25,21.3,0.05823
2018-10-16,0.090534,0.19261192596007723,0.7711964374683763,-0.8318596378150828,23.49,17.62,0.00267
2018-10-17,-0.325708,0.17894191297058323,0.7145273721422406,-0.8750244698481453,23.41,17.4,0.00071
2018-10-18,0.234365,0.579334796356333,1.3169167654504215,-0.23863119911007322,27.48,20.06,0.0256
2018-10-19,0.234163,0.7144162428497348,1.2670181796090514,-0.27794884090054656,28.89,19.89,0.0239
2018-10-22,0.233863,0.7853090191040745,1.1995254901039731,-0.33871125956373577,29.66,19.64,0.02134
2018-10-23,0.133219,0.9798254260852223,1.433655833367488,-0.06643312241731777,31.66,20.71,0.03191
2018-10-24,0.240561,1.6301043608160348,2.447957943043958,0.4397251597323426,38.2,25.23,0.05166
2018-10-25,0.239346,1.3688655969013064,2.1825411119643796,-0.17118144711016028,35.75,24.22,0.02755
2018-10-26,0.239267,1.9753939787734374,2.1397668967477173,-0.301321162940265,41.93,24.16,0.02229
2018-10-29,0.239917,1.43598272660395,2.231099939050456,-0.10812166639272003,36.74,24.7,0.02967
2018-10-30,0.238294,1.4545579642644904,1.9050296723705418,-0.7337942940640093,37.05,23.35,0.00511
2018-10-31,0.235754,1.4805990216899347,1.4205389095707184,-1.4075943031571299,37.44,21.23,-0.02147
2018-11-01,0.233503,1.0003801818542781,0.9961850829559958,-1.9903740298325978,32.72,19.34,-0.04484
2018-11-02,0.233702,1.3520358823391923,1.0253655225586802,-1.926430219297636,36.35,19.51,-0.04327
2018-11-05,0.234241,1.3772927135836879,1.115379306991934,-1.8331197755677178,36.72,19.96,-0.04046
2018-11-06,0.234184,1.6316898753925149,1.0958232789910207,-1.873550942134483,39.41,19.91,-0.04288
2018-11-07,-1.012255,1.0456791287750284,0.3124242577948468,-2.343483856077855,33.62,16.36,-0.0627
2018-11-08,-1.012265,1.0275566478129812,0.3862554254683149,-1.8957697901942576,33.52,16.72,-0.04588
2018-11-09,-1.012287,0.856942383725719,0.5214149008591021,-1.663799311453561,31.87,17.36,-0.03726
2018-11-12,0.234824,1.4666353680673507,1.1945957711271484,-1.1504102874611404,38.13,20.45,-0.0168
2018-11-13,0.23431,1.465089603787947,1.0905965052661761,-0.8910484781533556,38.25,20.02,-0.00649
2018-11-14,0.105628,1.5301870373726414,1.3513095876289503,-0.6090196276400046,39.05,21.25,0.00485
2018-11-15,-1.01238,1.435568129714833,1.0622270335341386,-0.88771950426567,38.22,19.98,-0.00686
2018-11-16,-1.012318,1.2582099685574264,0.6531270807296874,-1.333896563649285,36.5,18.14,-0.0255
2018-11-19,-1.012391,1.524708035730731,1.0752574340031529,-1.022128274319237,39.36,20.1,-0.01312
2018-11-20,-1.012489,1.623186903460027,1.5853491175010193,-0.624116938077476,40.53,22.48,0.00299
2018-11-21,-1.012423,1.6436353474116,1.205459308459624,-0.3615709043862497,40.91,20.8,0.01363
2018-11-23,-1.012453,1.6521405216436618,1.3523621175379135,0.08542271006792437,41.17,21.52,0.03199
2018-11-26,-1.012354,1.3202133560459897,0.7724685015352545,-0.5213075833877904,37.85,18.9,0.0069
2018-11-27,-1.012356,1.6322299718142113,0.7920375793092271,-0.45274432970475326,41.26,19.02,0.00959
2018-11-28,-1.012328,1.7321626274125497,0.6699712835958185,-0.7917164041851182,42.49,18.49,-0.00456
2018-11-29,-1.012338,1.8351676036661808,0.7293715849549081,-0.6401481216333005,43.78,18.79,0.00149
2018-11-30,-1.012312,1.6393718258568966,0.5658512813820495,-0.7749314326669208,41.9,18.07,-0.00428
2018-12-03,-1.012261,1.367011190749093,0.2040479966288318,-1.2050676486599765,39.14,16.44,-0.02232
2018-12-04,-1.012412,2.1134262829621115,1.1418971809979193,-0.9589097869070685,47.33,20.74,-0.01251
2018-12-06,-0.667302,1.7536252996286672,1.2311808108537734,-0.8082823685633481,43.71,21.19,-0.00656
2018-12-07,0.238141,1.9736907152149552,1.6668473828454862,-0.2554506523342631,46.32,23.23,0.01618
2018-12-10,0.237432,1.68762488097464,1.5220656186840547,-0.4118609343157245,43.43,22.64,0.00957
2018-12-11,0.236376,1.7103630451652616,1.3174084999081088,-0.5972673482201257,43.87,21.76,0.00176
2018-12-12,0.236019,1.8283224573499863,1.2418365355845888,-0.47761673740833377,45.37,21.46,0.00661
2018-12-13,0.23505,1.5353965789804742,1.056163128429297,-0.6711154135586902,42.32,20.65,-0.00153
2018-12-14,0.236214,1.2860948550129336,1.2615065626294426,-0.6285513967606113,39.69,21.63,8e-05
2018-12-17,0.239684,1.5465721250955884,1.8809892303863962,-0.04101642625460598,42.73,24.52,0.02439
2018-12-18,0.240969,1.7651206912162771,2.090971910691038,0.22888533437282585,45.35,25.58,0.03557
2018-12-19,0.240963,1.4927235704224342,2.0675534493186873,0.25028480188893976,42.48,25.58,0.03648
2018-12-20,0.244374,1.7726396113071816,2.6464563682057842,0.9676697516528544,45.8,28.38,0.06638
2018-12-21,0.246495,1.7274397239149266,2.9718235818562295,1.2182748678909125,45.5,30.11,0.07704
2018-12-24,0.25393,2.3471163597963605,4.1659657787095075,2.310605713871009,52.78,36.07,0.12308
2018-12-26,0.246873,1.7412226298926123,2.870043986357707,-0.4162227511500517,46.19,30.41,0.00913
2018-12-27,0.24632,1.8286785060409438,2.7270594163268744,-0.5717720706162341,47.41,29.96,0.00245
2018-12-28,0.244327,1.580304606033643,2.358165484265089,-0.5796761016106295,44.75,28.34,0.00196
2018-12-31,0.240769,1.261979159726574,1.7490627714540292,-1.3524306240039499,41.21,25.42,-0.03094
2019-01-02,0.238109,0.5759263373047359,1.2992579129521737,-1.7924504033095352,33.32,23.22,-0.05011
2019-01-03,0.240795,0.8551830449092362,1.7270025573082375,-1.304756235795864,36.64,25.45,-0.03011
2019-01-04,0.235902,0.3238568413440794,0.9125784116563073,-2.6009902264526135,30.55,21.38,-0.08607
2019-01-07,0.235929,0.2534387105017193,0.9095114547934305,-2.598880798891592,29.81,21.4,-0.08792
2019-01-08,0.234821,0.16782985592616786,0.719058133637323,-2.605561744100236,28.9,20.47,-0.09018
2019-01-09,0.234238,0.1474208288790119,0.6157324563792371,-2.679584900900463,28.74,19.98,-0.09547
2019-01-10,0.233667,0.06430009616662063,0.5142861836584581,-2.751161130172309,27.87,19.5,-0.10089
2019-01-11,0.232107,-0.1559955340711533,0.24740121643725943,-2.9670049033328785,25.45,18.19,-0.11315
2019-01-14,0.233152,-0.026287348894683236,0.41778963662840135,-2.722991177769799,26.98,19.07,-0.10469
2019-01-15,0.232598,-0.04876223254173458,0.3176333205914843,-2.6698548658639365,26.8,18.6,-0.10456
2019-01-16,0.233123,-0.04159432304793203,0.4007043522577552,-2.3127900585155956,26.95,19.04,-0.08974
2019-01-17,0.231961,-0.22808427953981886,0.19770119385649396,-2.4972355150206105,24.94,18.06,-0.1003
2019-01-18,0.231659,-0.02884639545587482,0.14056132681225894,-2.4132303580342547,27.2,17.8,-0.09817
2019-01-22,0.235226,0.5470369633728481,0.7446248785948338,-1.7419129103333182,33.6,20.8,-0.0668
2019-01-23,0.233699,0.4690910254266581,0.47824963832732775,-1.6948513686438782,32.81,19.52,-0.06537
2019-01-24,0.232949,-0.0022318047130699538,0.3443597843970006,-1.2691868063808283,27.72,18.89,-0.04496
2019-01-25,0.231207,0.016746280394328534,0.03880469081655203,-0.39556405142501155,27.99,17.42,-0.00171
2019-01-28,0.232926,0.31003223730894286,0.3310366257021495,-0.17435622562834027,31.23,18.87,0.00917
2019-01-29,0.233235,0.42832321631383924,0.37930152671340944,-0.12053192764159093,32.57,19.13,0.01171
2019-01-30,0.231495,0.2412668338577402,0.07114821672219379,-0.49685889922876136,30.62,17.66,-0.00723
2019-01-31,0.230207,0.06360458160966224,-0.15658305471195694,-0.7238219334080072,28.77,16.57,-0.01881
2019-02-01,0.229698,0.28170802088588287,-0.2467962054481346,-0.1644770692334307,31.15,16.14,0.00884
2019-02-04,0.229216,0.29466573496251003,-0.3338447929599033,0.5775297756878798,31.34,15.73,0.04573
2019-02-05,0.229029,0.6954413584672379,-0.3691178018771902,0.5573738956384967,35.66,15.57,0.04471
2019-02-06,0.228803,0.582312462854094,-0.40684931115386,0.5326794820110762,34.47,15.38,0.04341
2019-02-07,0.22997,0.6565936690975723,-0.19083523818145498,0.5988302425583739,34.7,16.37,0.04546
2019-02-08,0.2292,0.34704591575256677,-0.3231184955923182,0.47612363432611315,31.42,15.72,0.03912
2019-02-11,0.229497,0.5647151719179527,-0.2611614489435129,0.5360994734188321,33.54,15.97,0.04179
2019-02-12,0.228865,0.6101602059453756,-0.37401527814656754,0.3845875816225948,33.65,15.43,0.03414
2019-02-13,0.229127,0.7812708767435946,-0.31683043844710934,0.4994160220240534,35.22,15.65,0.03958
2019-02-14,0.229801,0.9011087035844924,-0.1789226560008852,0.5854158014120421,36.31,16.22,0.04384
2019-02-15,0.228256,0.30931304465476855,-0.4756302051970784,0.2615363089422814,30.64,14.91,0.02844
2019-02-19,0.228222,0.6404098432264304,-0.4786399841881331,0.37941102326019377,33.75,14.88,0.03437
2019-02-20,0.227205,0.43331148194601893,-0.6740753998511012,0.5379183047182824,31.77,14.02,0.04221
2019-02-21,0.227724,0.4543297489641293,-0.5669805946555905,0.5735912379710797,31.95,14.46,0.04419
2019-02-22,0.226603,0.0810431864257016,-0.7821128540609084,0.3503733176297233,28.39,13.51,0.03391
2019-02-25,0.22819,0.48546682751268444,-0.46530001001623755,0.6725624055320436,32.14,14.85,0.04936
2019-02-26,0.228568,0.8058587586504805,-0.38751942613423407,0.8720782370704494,35.11,15.17,0.059
2019-02-27,0.228011,0.695609820895758,-0.49513860622023836,0.7766210831433238,34.1,14.7,0.05477
2019-02-28,0.228106,0.7309043674163892,-0.4754066822057635,1.0503822645929346,34.44,14.78,0.0675
2019-03-01,0.226677,-0.08360279707945538,-0.7521855951801977,0.8485809969405732,26.78,13.57,0.05857
2019-03-04,0.227929,0.25160465113713787,-0.5007657509841387,1.022157889201997,29.88,14.63,0.06672
2019-03-05,0.228058,0.49195491115857337,-0.4694693258694268,1.078745321170442,32.09,14.74,0.06964
2019-03-06,0.229238,0.9658268989068672,-0.23275571292467281,1.22270830936106,36.51,15.74,0.07639
2019-03-07,0.230239,1.3415015832266657,-0.032432372058084614,1.293351028628175,40.04,16.59,0.07983
2019-03-08,0.229599,0.9339348301097546,-0.15640266491470828,1.317279827892356,36.27,16.05,0.08138
2019-03-11,0.227572,0.4652048597767979,-0.5549046159419119,0.6231586921585198,31.9,14.33,0.05074
2019-03-12,0.226911,0.3053009288455846,-0.6827066961865916,0.4891236485158646,30.4,13.77,0.04502
2019-03-13,0.226489,0.26752992030371836,-0.7652321675106781,0.5629198086553318,30.06,13.41,0.04851
2019-03-14,0.226595,0.3182279624939696,-0.741344084048062,0.5791504229393076,30.54,13.5,0.0494
2019-03-15,0.225864,0.07357393539918966,-0.8816754872444136,0.4381408901900897,28.25,12.88,0.04324
2019-03-18,0.226127,0.21105001574880977,-0.8254264492296344,0.6331155330667027,29.53,13.1,0.05205
2019-03-19,0.226672,0.3798475964963687,-0.7147663728187615,0.7311038010406443,31.12,13.56,0.05657
2019-03-20,0.227084,0.26021967892811193,-0.6312036511552391,0.7818116373888498,30.02,13.91,0.05901
2019-03-21,0.226759,0.09833829639384156,-0.6910686012366313,0.5929377585042095,28.49,13.63,0.05062
2019-03-22,0.230119,0.9902099957971525,-0.02869191026000296,0.6994363996770597,36.83,16.48,0.05547
2019-03-25,0.229941,0.6330563168452796,-0.06205551430475814,0.6642943398537999,33.51,16.33,0.05399
2019-03-26,0.227993,0.1945184118225247,-0.438603870071808,0.23897122085600903,29.36,14.68,0.03483
2019-03-27,0.228547,0.3375947632786648,-0.32248353386515954,0.31842319013687104,30.63,15.15,0.03818
2019-03-28,0.227697,-0.052753592306873466,-0.4861864052170201,0.14270996152779308,26.98,14.43,0.03039
2019-03-29,0.22685,-0.5015859400547217,-0.649460968421502,-0.05035960847694288,22.78,13.71,0.02175
2019-04-01,0.22649,-0.8138182372190177,-0.7163699644910412,-0.22432684940978648,19.84,13.4,0.01391
2019-04-02,0.226443,-0.9459194151195107,-0.7199237532248575,-0.22916327885804708,18.56,13.36,0.01374
2019-04-03,0.226894,-0.8129856890226687,-0.6236788577878853,-0.0645828382133726,19.73,13.74,0.02106
2019-04-04,0.226706,-0.9348881418033409,-0.655814134040387,0.02748276792830077,18.54,13.58,0.02526
2019-04-05,0.225809,-1.2843191623425882,-0.8306975125699655,-0.12463766142654667,15.22,12.82,0.01862
2019-04-08,0.226236,-1.2140182717622474,-0.7389865677286093,0.15106587332984603,15.79,13.18,0.0311
2019-04-09,0.227533,-0.8191751136964922,-0.4709509488671562,0.3116694352174884,19.41,14.28,0.03841
2019-04-10,0.226376,-1.0961281558276728,-0.6990830629432674,0.12352841558743229,16.75,13.3,0.03019
2019-04-11,0.226045,-1.2142906177608928,-0.7599207941667347,0.060437507504351555,15.56,13.02,0.02759
2019-04-12,-0.87781,-1.432659813930236,-0.9950239337038104,-0.19169786205940323,13.41,12.01,0.01663
2019-04-15,-0.164034,-1.3722985185930068,-0.9135639467407216,-0.12591231484320717,13.87,12.32,0.01982
2019-04-16,0.216969,-1.2439734929401183,-0.9407831800621499,-0.16370989284948104,15.0,12.18,0.0185
2019-04-17,0.225551,-1.1278115905078945,-0.8350960390949423,-0.06866113019416653,16.05,12.6,0.02302
2019-04-18,0.224947,-1.1514963420375008,-0.9527042059537385,-0.06010742421718608,15.79,12.09,0.02383
2019-04-22,-0.0557,-1.1483544609820997,-0.8694430120994924,0.7852064546198584,15.79,12.42,0.06007
2019-04-23,-0.103889,-1.1972807298789314,-0.8979803259531329,0.665199433057567,15.29,12.28,0.05523
2019-04-24,-0.017251,-0.9885955798205036,-0.6889190182986049,0.8799823202075848,17.24,13.14,0.06445
2019-04-25,-0.811124,-0.7681515122800434,-0.6592900647160631,0.9896659385710626,19.32,13.25,0.0693
2019-04-26,-1.012169,-0.7979056282829053,-0.7773553041977173,0.8466743350621608,18.99,12.73,0.06367
2019-04-29,-1.012171,-0.6263073228190492,-0.6822592003965331,0.982594647929875,20.59,13.11,0.06959
2019-04-30,-1.012171,-0.33967022588392054,-0.6763511316260049,1.2397302355508215,23.32,13.12,0.08062
2019-05-01,-1.012199,0.6019565836685565,-0.2778793326849893,1.427991993738076,32.37,14.8,0.08889
2019-05-02,-1.012193,0.47353366805571573,-0.36628088963474037,1.3059166307266008,31.14,14.42,0.08431
2019-05-03,-1.012169,-0.10365520380327543,-0.7301716452849427,0.7519872731988482,25.58,12.87,0.06153
2019-05-06,-0.961274,0.625129750600816,-0.12198884847004587,1.3254089011154897,32.56,15.44,0.08582
2019-05-07,0.233503,2.2709232642470027,0.791079690031952,1.7024517376609378,48.36,19.32,0.10215
2019-05-08,0.233597,2.431619754072082,0.8047828467073717,1.760023734950334,50.2,19.4,0.10531
2019-05-09,0.233239,2.2187080260714387,0.7291486920120551,1.679283843721295,48.45,19.1,0.10265
2019-05-10,0.229614,1.294905625742222,0.006867453308655575,0.9243650556178455,39.57,16.04,0.07096
2019-05-13,0.234957,2.134456698185825,1.06279885676474,1.269567071136668,48.01,20.55,0.08604
2019-05-14,0.231998,2.067409181604205,0.47100816129057904,0.5747561534970946,47.62,18.06,0.05657
2019-05-15,0.230082,1.7968235894611537,0.08640049637960968,0.1412382335020397,45.15,16.44,0.03808
2019-05-16,0.228727,1.4328830206307215,-0.18679411340832525,-0.22879464851827688,41.64,15.29,0.02223
2019-05-17,0.229515,1.2030845949576305,-0.0300999190675402,-0.0971757469808939,39.4,15.96,0.02783
2019-05-20,0.229926,1.2213820539525067,0.04976426937385386,-0.04878350222225241,39.67,16.31,0.02993
2019-05-21,0.228322,0.9849913382341866,-0.27275958502852393,-0.3575793627342525,37.33,14.95,0.01665
2019-05-22,0.228084,0.9275807915714723,-0.32143617121574514,-0.4044062408760773,36.8,14.75,0.01457
2019-05-23,0.230644,1.242119904917107,0.18787519768463998,-0.01639819358624961,40.1,16.92,0.03124
2019-05-24,0.229379,1.3138834814355083,-0.06767482325218672,-0.22932544339363803,40.93,15.85,0.02203
2019-05-28,0.231328,1.831437953010553,0.31869484913027635,0.1252628211990614,46.41,17.5,0.03726
2019-05-29,0.231799,1.6828011605083975,0.4089847675484462,0.21232195188405434,45.07,17.9,0.04101
2019-05-30,0.231089,1.6735662888390377,0.26293899307153396,0.07559779989162428,45.15,17.3,0.03511
2019-05-31,0.232755,1.9833681292390688,0.5961430310182396,0.2896515558557711,48.54,18.71,0.04414
2019-06-03,0.232932,1.6914445068929838,0.6277517472494135,0.49765384174746974,45.68,18.86,0.05307
2019-06-04,0.2307,1.403686584274512,0.17763416358830933,-0.5155616740691018,42.77,16.97,0.00953
2019-06-05,0.229663,0.8849632105133689,-0.03355655733013674,-0.5971610428165235,37.33,16.09,0.00593
2019-06-06,0.229477,0.9009889994528323,-0.0746254382719304,-0.6764948326301564,37.57,15.93,0.00241
2019-06-07,0.22992,0.9083841011495243,0.009663420048546192,-0.6870328183969314,37.72,16.3,0.00184
2019-06-10,0.229497,0.8007512978437012,-0.08027519013707515,-0.7759369526428709,36.64,15.94,-0.00206
2019-06-11,0.229556,0.9488300870294687,-0.07212327892760577,-0.1398265224601002,38.3,15.99,0.02525
2019-06-12,0.22946,0.881017786757598,-0.09495575164672278,-0.11595769033503658,37.65,15.91,0.02627
2019-06-13,0.229356,0.8807041491973174,-0.12001116929083656,-0.12045196703196814,37.72,15.82,0.02606
2019-06-14,0.228717,0.703847486921404,-0.25283002749304223,-0.17093640485095257,35.89,15.28,0.02387
2019-06-17,0.2288,0.6325809483515936,-0.23857594193860507,-0.10981369038224206,35.18,15.35,0.02645
2019-06-18,0.228569,0.5629243359121627,-0.29015382163308095,-0.1751688223157276,34.49,15.15,0.02361
2019-06-19,0.227602,0.14540583571448565,-0.49113015090996653,-0.3077341696359313,30.06,14.33,0.01787
2019-06-20,0.228104,0.16547258471285725,-0.39253101792030265,-0.26331974241185446,30.32,14.75,0.01973
2019-06-21,0.228871,0.3858248210959435,-0.237384442384015,0.1077565968690278,32.72,15.4,0.03565
2019-06-24,0.228704,0.17905244201430523,-0.27403022087272016,0.05794910447187063,30.56,15.26,0.03348
2019-06-25,0.229905,0.2887988636031076,-0.028261937205076307,0.2660956337277026,31.77,16.28,0.04237
2019-06-26,0.229821,0.2034937729473068,-0.04761750565155121,0.33796220064665633,30.91,16.21,0.04545
2019-06-27,0.229362,-0.019757482057575514,-0.14085103988761305,0.24746257276465233,28.56,15.82,0.04144
2019-06-28,0.228491,-0.3292017496278012,-0.3196863641441437,0.41515172335207945,25.29,15.08,0.04855
2019-07-01,0.227291,-0.48583591427397754,-0.5636447573585858,0.21734179257864308,23.62,14.06,0.03984
2019-07-02,0.225957,-0.6987525338291652,-0.8337187222374537,0.4784594281358099,21.36,12.93,0.05082
2019-07-03,0.225537,-0.8801023768191675,-0.9164400581567546,0.4070862937825598,19.44,12.57,0.04761
2019-07-05,0.226375,-0.8770478468841607,-0.7410048129337091,0.5606512678524307,19.48,13.28,0.054
2019-07-08,-1.012174,-0.6556459114406258,-0.5737987442889609,0.762977355637185,21.83,13.96,0.06243
2019-07-09,-0.470062,-0.5430468832640893,-0.541307359742804,0.811443811714838,23.06,14.09,0.06444
2019-07-10,-0.924254,-0.8312446798711733,-0.7973686146394549,0.5526461069114766,20.07,13.03,0.05355
2019-07-11,0.219367,-0.9098929886834363,-0.8219869879335591,0.5576574048351495,19.31,12.93,0.05385
2019-07-12,-0.693876,-1.1950160419467024,-0.9525024550125836,0.4239075316731617,16.38,12.39,0.04825
2019-07-15,-1.012153,-1.1176213146605667,-0.8806423589194852,0.511243018373142,17.22,12.68,0.05199
2019-07-16,-0.17913,-1.0859415150742942,-0.8375026920938073,0.4953352627801915,17.61,12.86,0.05143
2019-07-17,-1.012173,-0.8352598702963584,-0.5714135922750307,0.7545871532689983,20.29,13.97,0.06259
2019-07-18,-1.012165,-0.8047904952547715,-0.6789600455367125,0.6426312777750379,20.68,13.53,0.05798
2019-07-19,-0.192992,-0.5870707909630677,-0.45925199444346104,0.9056659434148288,23.01,14.45,0.06937
2019-07-22,0.226669,-0.8160062498834607,-0.6845823662152303,0.6798848268569576,20.75,13.53,0.05996
2019-07-23,-0.902241,-1.0031420803669566,-0.9079613069280894,0.4038062439389594,18.91,12.61,0.0483
2019-07-24,-0.757552,-1.108413078649717,-1.0380504982718264,0.4934382928183585,17.89,12.07,0.0522
2019-07-25,-0.273448,-0.6985776860957508,-0.8751331514532592,0.565141161345758,22.1,12.74,0.05537
2019-07-26,-1.012148,-0.7469762245422893,-1.015860055594235,0.371745857017093,21.66,12.16,0.04714
2019-07-29,-1.012152,-0.6709446791891536,-0.8537234828833387,0.5433655189239383,22.48,12.83,0.05453
2019-07-30,-1.012167,0.0052653420512436475,-0.586550898852513,0.8617317364295318,29.34,13.94,0.06822
2019-07-31,-0.064788,0.6205014790439035,-0.06040247443181961,1.1278900842790158,35.56,16.12,0.07976
2019-08-01,0.231793,1.2973177644464362,0.3613516216994836,1.506739620999879,42.4,17.87,0.09622
2019-08-02,0.231481,1.0196994215095352,0.29393756497675166,1.3640611568652299,39.72,17.61,0.09056
2019-08-05,0.239812,1.885659627263348,1.9832662254232913,1.887808620178481,48.48,24.59,0.11361
2019-08-06,0.234514,1.421521319820871,0.8940261891569158,0.6319249284032555,44.01,20.17,0.05969
2019-08-07,0.233705,0.8875917673094454,0.7226407044323012,0.5073060255471129,38.75,19.49,0.05436
2019-08-08,0.230653,0.572191060880967,0.09186665379627064,-0.4610082577825197,35.65,16.91,0.01214
2019-08-09,0.231905,0.7298660648041,0.34393353108744507,-0.20962862362010642,37.29,17.97,0.02302
2019-08-12,0.235613,1.6236273933665,1.0989405604762776,0.41707766347121333,46.3,21.09,0.05032
2019-08-13,0.231373,1.2078052436078073,0.21929433682962243,-0.6323830058476961,42.28,17.52,0.00448
2019-08-14,0.236815,2.1264907826620685,1.3345365402770133,-0.170252650636709,51.62,22.1,0.02443
2019-08-15,0.235715,2.073009501386454,1.0992239041364864,-0.36780809511280743,51.36,21.18,0.01563
2019-08-16,0.232494,1.2671614610456596,0.4309894216927973,-1.1663997694222004,43.39,18.47,-0.01932
2019-08-19,0.230615,0.8066670255814723,0.04036187663113817,-1.6337383636108813,38.77,16.88,-0.04011
2019-08-20,0.231345,1.3307453172095178,0.18818601785423617,-1.4587709467303378,44.21,17.5,-0.03315
2019-08-21,0.229338,0.8553654361300297,-0.23123582741589985,-1.8718592542634145,39.44,15.8,-0.05189
2019-08-22,0.230379,0.9234654329108365,-0.01962143320099606,-1.6428874317876192,40.21,16.68,-0.04268
2019-08-23,0.234152,1.6430602435707842,0.7585150299029556,-1.2290895700463993,47.68,19.87,-0.025
2019-08-26,0.233502,1.5871435048123261,0.6171147349373588,-1.4582093660340023,47.27,19.32,-0.03565
2019-08-27,0.234679,1.8962522494293566,0.8547105681485762,-1.224353564877091,50.63,20.31,-0.02577
2019-08-28,0.233539,1.53794347338832,0.6114618298194435,-1.424240654921236,47.12,19.35,-0.03518
2019-08-29,0.2318,1.2718381696268255,0.243051635614828,-1.8121101852542976,44.49,17.88,-0.05322
2019-08-30,0.233105,1.2162965689843015,0.5102318650440889,-1.5203692280197432,44.02,18.98,-0.0409
2019-09-03,0.233911,1.306565820048698,0.6731680563370286,-0.7916103318370958,45.07,19.66,-0.0084
2019-09-04,0.23115,0.5946055687157746,0.0899869306448044,-1.2660842348069206,37.71,17.33,-0.03026
2019-09-05,0.229903,0.1986765353058219,-0.1775053616762545,-1.5793218580128265,33.62,16.27,-0.04502
2019-09-06,0.228404,-0.06991061088252444,-0.4968614655195263,-1.6349669206205273,30.86,15.0,-0.04826
2019-09-09,0.228722,-0.2768960008983237,-0.431055103734004,-1.5218499481697827,28.75,15.27,-0.0438
2019-09-10,-0.054473,-0.18444744927802786,-0.44923555601263665,-1.3979481897543353,29.75,15.2,-0.03873
2019-09-11,-0.014843,-0.32396518925007567,-0.5965825715663773,-1.4114729613895804,28.34,14.61,-0.0399
2019-09-12,0.16314,-0.4693643577667244,-0.6943728732654074,-0.6576930551626861,26.88,14.22,-0.00565
2019-09-13,0.226922,-0.6058145121793128,-0.815619071218996,-0.7674430749633571,25.53,13.74,-0.01098
2019-09-16,0.228018,-0.4544016270394092,-0.5846160801093309,-0.451681630249556,27.15,14.67,0.0033
2019-09-17,0.227748,-0.38856158144253394,-0.6455607636705156,-0.3925010792276034,27.9,14.44,0.0058
2019-09-18,0.227169,-0.5195298885780698,-0.7721209223842277,-0.40459385094039035,26.65,13.95,0.00502
2019-09-19,0.227288,-0.451835174366398,-0.747496472667255,-0.33488457311948394,27.4,14.05,0.00797
2019-09-20,0.228784,-0.19536420244767033,-0.4309759796764864,-0.08908054610289211,30.05,15.32,0.01902
2019-09-23,0.2283,-0.39703342550201853,-0.5390832299065658,0.7912697209025416,28.11,14.91,0.05914
2019-09-24,0.230824,0.12014879068168327,-0.003615822154176659,1.213853410774062,33.33,17.05,0.0785
2019-09-25,0.229538,-0.3569617106645506,-0.28516858119942046,0.9793127640780048,28.69,15.96,0.06796
2019-09-26,0.229667,-0.2226752373881617,-0.26183775931991315,1.0098388012553534,30.09,16.07,0.06942
2019-09-27,0.231024,-0.06331565386749553,0.026739397343207474,1.403173237175144,31.72,17.22,0.08749
2019-09-30,0.229868,-0.35811080047696775,-0.22782621486159657,1.156402801940408,28.94,16.24,0.07633
2019-10-01,0.232609,0.32398409999703814,0.361708178344986,1.4887201958581782,35.58,18.56,0.09169
2019-10-02,0.23498,0.7832037616054247,0.8699461291556013,1.6412722275079366,40.01,20.56,0.099
2019-10-03,0.233269,0.46807480472395474,0.49236716644606704,1.4715032837851056,37.09,19.12,0.09155
2019-10-04,0.23081,-0.3323480451679373,-0.050340848783505254,0.7372395484455935,29.7,17.04,0.05775
2019-10-07,0.231778,-0.0699008002640439,0.1564437482075877,0.8963901870379438,32.23,17.86,0.0651
2019-10-08,0.234647,0.7570474293232919,0.7810073369549646,1.1800755974920987,39.84,20.28,0.07811
2019-10-09,0.2327,0.2743538181052768,0.3495742675059619,0.7888362252877227,35.53,18.64,0.05993
2019-10-10,0.231435,-0.08248989191000666,0.06892752884380189,0.5179083623995334,32.38,17.57,0.04717
2019-10-11,0.229087,-0.7981528403138867,-0.44921659713153533,-0.053314141165336996,26.04,15.58,0.02063
2019-10-14,0.227894,-1.0978764748426273,-0.7065113163740211,-0.26194605940628296,23.34,14.57,0.0108
2019-10-15,0.226683,-1.3609611394136023,-0.9709957060849901,-0.5802889157803258,20.91,13.54,-0.00394
2019-10-16,0.226847,-1.310270253848856,-0.9265600815709375,-0.5471133053228788,21.3,13.68,-0.00267
2019-10-17,0.226979,-1.0219435479203014,-0.8902924542871256,-0.5266218963643695,23.84,13.79,-0.00196
2019-10-18,0.22752,-1.1519861038920496,-0.7642875756209138,-0.41619284437431175,22.67,14.25,0.00302
2019-10-21,0.227228,-1.1590027285467068,-0.8256352496802525,-0.5169908387745108,22.6,14.0,-0.00154
2019-10-22,0.227769,-1.0949214226911839,-0.6986946103441044,-0.35108654577614434,23.14,14.46,0.00586
2019-10-23,0.22724,-1.1819044719661453,-0.8109935789432798,-0.4216166426732713,22.31,14.01,0.00259
2019-10-24,0.226887,-1.1537282755485674,-0.8833647347427287,-0.4798783497386579,22.51,13.71,-0.00013
2019-10-25,0.225637,-1.312636641288111,-1.153965591419644,-0.6835660418371415,21.0,12.65,-0.00951
2019-10-28,0.226184,-1.1690319686945623,-1.0271430987003511,-0.5814246433991018,22.21,13.11,-0.00512
2019-10-29,0.22629,-0.7275049147603293,-0.9969404047574747,-0.3668259606664804,26.17,13.2,0.00448
2019-10-30,0.225264,-1.155591985589465,-1.2224998573916037,-0.07155848166699298,22.2,12.33,0.01781
2019-10-31,0.226314,-0.5628210758168296,-0.9778265978274355,0.12687270727196162,27.55,13.22,0.02677
2019-11-01,0.225233,-0.8324929814677529,-1.2186413078448979,0.042080282930657485,25.04,12.3,0.02301
2019-11-04,0.225861,-0.7871940294570138,-1.0663675761972067,0.2130926293386031,25.4,12.83,0.03093
2019-11-05,0.226179,-0.49994451598474293,-0.9854933469853402,0.7934044312395854,28.0,13.1,0.05738
2019-11-06,0.225613,-0.49952473015487636,-1.1067196309452079,0.7466514926521336,27.97,12.62,0.05557
2019-11-07,0.225745,-0.4380042474059903,-1.068386077194104,0.7945861861945023,28.5,12.73,0.05801
2019-11-08,0.224966,-0.7746261949143707,-1.2368153652782405,0.8004534958509434,25.37,12.07,0.05857
2019-11-11,0.225698,-0.30766955588221,-1.062884761602547,0.92426487057925,29.62,12.69,0.06434
2019-11-12,0.225687,-0.14490280508723197,-1.0589226893482648,1.0735590155444954,31.1,12.68,0.07126
2019-11-13,0.226065,-0.3480268490335164,-0.9665832260525087,1.1700480793956365,29.23,13.0,0.07589
2019-11-14,0.226125,-0.2072024922645194,-0.9456262354690919,1.1731975719804477,30.49,13.05,0.07645
2019-11-15,0.224948,-0.696407004533773,-1.2042517918436801,0.9408513475153143,25.97,12.05,0.06656
2019-11-18,0.225433,-0.6014860213224691,-1.0857016444192034,1.082158308387923,26.79,12.46,0.07314
2019-11-19,0.225905,-0.48982901103330884,-0.9706751083158449,1.2318540853621238,27.77,12.86,0.08018
2019-11-20,0.225808,-0.6538287739613597,-0.9849231885105056,1.117615831403416,26.23,12.78,0.07553
2019-11-21,0.226221,-0.30940151665322635,-0.8841919514468218,1.1601494269601804,29.34,13.13,0.07783
2019-11-22,0.225289,-0.653226599643124,-1.0880275004966469,0.9906153225720233,26.15,12.34,0.07066
2019-11-25,0.224738,-0.7272428683192774,-1.2048172065384886,0.8282566741804708,25.42,11.87,0.06371
2019-11-26,0.224349,-0.601873588463501,-1.2837310047353447,0.7650225212823072,26.51,11.54,0.06105
2019-11-27,0.2246,-0.810306077350983,-1.2170745470518958,0.7970146993426768,24.56,11.75,0.06272
2019-11-29,0.225626,-0.40850733452074217,-0.975923009328211,0.9591998758743022,28.17,12.62,0.07024
2019-12-02,0.228322,0.6347555528029069,-0.360749128658305,1.395441902940883,37.63,14.91,0.09016
2019-12-03,0.229557,1.3178727468595317,-0.07801376618365909,1.5222710832210864,43.8,15.96,0.09643
2019-12-04,0.228192,0.9596409186532315,-0.3840557899015489,1.1827493164357035,40.56,14.8,0.08172
2019-12-05,0.227862,1.045273115594996,-0.4565967463286176,1.1098400768541035,41.35,14.52,0.07885
2019-12-06,0.226807,0.3097612932781253,-0.6908076609803226,0.7717115960901554,34.62,13.62,0.06395
2019-12-09,0.229446,1.065696028559668,-0.08653521826410462,1.2357581932931907,41.41,15.86,0.08523
2019-12-10,0.229233,1.435854813972542,-0.12768506403865876,1.1939179739240393,44.7,15.68,0.08376
2019-12-11,0.228421,0.8656404236559431,-0.3076448645508499,1.0254148733792474,39.57,14.99,0.07652
2019-12-12,0.227188,-0.019153958927911642,-0.5870321750598003,0.6832173452109706,31.57,13.94,0.06129
2019-12-13,0.225643,-0.4493834131594784,-0.9382258198360425,0.38872849296047207,27.66,12.63,0.04811
2019-12-16,0.225069,-0.6978496103741877,-1.0646441158149555,0.2891247454972256,25.39,12.14,0.04376
2019-12-17,0.225247,-0.6561504717737109,-1.015870218598327,0.31807700947676454,25.71,12.29,0.04524
2019-12-18,0.225589,-0.4481567327696563,-0.9314623550769606,0.3808734431495041,27.51,12.58,0.04818
2019-12-19,0.225497,-0.6754039736743935,-0.9511865839677403,0.39124439289555746,25.44,12.5,0.04871
2019-12-20,0.225512,-0.6478023999546072,-0.946109783670148,0.3928267688511007,25.63,12.51,0.04883
2019-12-23,0.22563,-0.5588411105290904,-0.9217553622917799,0.4152290889031663,26.36,12.61,0.04977
2019-12-24,0.225701,-0.584666783189225,-0.9147045514415914,0.48939391276276445,26.08,12.67,0.05299
2019-12-26,0.22568,-1.1405932304161566,-0.9659356786998062,0.47108764941264636,21.21,12.65,0.05172
2019-12-27,0.2266,-0.9769599642476627,-0.7223353216558811,0.6504606259109605,22.56,13.43,0.05997
2019-12-30,0.228234,-0.34273654857193653,-0.23860780374957602,0.9127833972841367,27.96,14.82,0.07202
2019-12-31,0.22701,-0.8859590561701767,-0.617545650719102,0.8751149365088603,23.26,13.78,0.07063
2020-01-02,0.225471,-1.6641704332586706,-1.1200220375336216,0.6657195430068862,16.55,12.47,0.06152
2020-01-03,0.227294,-1.0225052398787133,-0.5167929839653312,0.8560039013967429,21.92,14.02,0.07031
2020-01-06,0.227095,-1.2274037862176248,-0.5834372631337498,0.8066452872819682,20.09,13.85,0.06841
2020-01-07,0.227023,-1.1041632159294226,-0.6023882573463313,0.8599549328601376,21.08,13.79,0.07091
2020-01-08,0.226625,-1.1865897989572864,-0.737168611691829,0.8062295491403142,20.31,13.45,0.06868
2020-01-09,0.225557,-1.653582810409986,-1.1096378475541882,0.5657356966340467,16.2,12.54,0.0585
2020-01-10,0.225579,-1.735529661662135,-1.0950131604972038,0.5140882593871422,15.36,12.56,0.0565
2020-01-13,0.2253,-1.8054877922855157,-1.1886558155100146,0.49303596436543806,14.61,12.32,0.05582
2020-01-14,0.225382,-1.570136822260777,-1.150064278524482,0.4881990013503585,16.55,12.39,0.05577
2020-01-15,0.225418,-1.6610722967242044,-1.1295873496559732,0.5642102308544958,15.64,12.42,0.0589
2020-01-16,0.225305,-1.6678410450358894,-1.1634487305397603,0.4327610776194273,15.46,12.32,0.05397
2020-01-17,0.225048,-1.6876282047289632,-1.2485606874551187,0.37462415504013824,15.16,12.1,0.05201
2020-01-21,0.225931,-1.5082176895448518,-0.9216946319520126,0.5382723556706285,16.66,12.85,0.05816
2020-01-22,0.226001,-1.3820049444955143,-0.8889762390087746,0.576093067853198,17.7,12.91,0.05956
2020-01-23,0.226085,-1.3139751792578038,-0.8550672160942399,0.5929223214247801,18.21,12.98,0.06029
2020-01-24,0.227939,-0.8204717479434405,-0.16924424171747848,0.7883083469532408,22.6,14.56,0.06706
2020-01-27,-0.080486,0.23639396183913147,1.4255422195247087,1.3416520426848808,32.19,18.23,0.08579
2020-01-28,-1.012176,0.062067044550734585,0.5792164823490538,0.573648093990392,30.62,16.28,0.06034
2020-01-29,-1.012179,0.42710765121416794,0.6344026411488973,0.6743589753893694,33.94,16.39,0.06391
2020-01-30,-1.012153,0.3517239293267069,0.249765658695599,0.3987984028602537,33.26,15.49,0.05485
2020-01-31,-0.344467,0.7140017835330295,1.721466203571847,0.9438471840671732,36.57,18.84,0.07326
2020-02-03,-1.012233,0.8777836472165956,1.3300760990797793,0.6658376475018255,38.1,17.97,0.06423
2020-02-04,-1.012166,0.5908050890690221,0.4885733006835199,-0.22817030829741167,35.52,16.05,0.03472
2020-02-05,-1.012137,-0.22374460871215662,0.09685065545607922,-0.6245805276952232,28.1,15.15,0.02151
2020-02-06,-1.01213,-0.24579557860178802,0.015020195158499661,-0.6662839766429849,27.87,14.96,0.02002
2020-02-07,-1.012146,-0.18163966310329407,0.2373926033176052,-0.527052290881342,28.43,15.47,0.02454
2020-02-10,-1.012131,-0.523247729694426,0.052101071711573556,-0.6876374752345041,25.29,15.04,0.0191
2020-02-11,-1.012134,-0.5849757393872738,0.11418672807356438,-0.5947110969448296,24.7,15.18,0.02209
2020-02-12,-1.012099,-1.003733726626458,-0.5110451918992989,-1.0518445208913025,20.84,13.74,0.00676
2020-02-13,-1.012108,-0.630158704005656,-0.32957182212966,-0.9362237942482147,24.19,14.15,0.01044
2020-02-14,-1.012098,-0.6449803474070185,-0.531423777164275,-0.9966882636758184,24.01,13.68,0.00825
2020-02-18,-1.012123,-0.3204090961153412,-0.026809532702843492,-0.6538383427989203,26.93,14.83,0.01954
2020-02-19,-1.012111,-0.3438876855607591,-0.2224342455421468,-0.7914176846770368,26.7,14.38,0.01487
2020-02-20,-1.012142,-0.20636587658428057,0.2917340913764734,-0.46843045917281495,27.93,15.56,0.02562
2020-02-21,-1.012191,0.17148608042812918,0.9503671419365164,-0.1856830307966425,31.37,17.08,0.03505
2020-02-24,-1.012525,2.407112176737935,4.3968776134209735,0.9179364094018726,51.81,25.03,0.07211
2020-02-25,-1.012669,2.989710919199771,5.40313654284326,1.1050366888602496,57.54,27.85,0.07861
2020-02-26,-1.012656,2.7184623661094407,4.980571672080253,1.1503252937490407,55.57,27.56,0.08034
2020-02-27,-1.013283,4.133836747812796,9.1252505137876,3.1188026405659874,69.51,39.16,0.14707
2020-02-28,-1.013338,3.7280896677928177,8.195575008471987,3.3680455326858567,66.95,40.11,0.158
2020-03-02,-1.012958,2.3915388431839046,5.303583250805881,-0.06311844204893041,54.54,33.42,0.04011
2020-03-03,-1.01315,3.688325833778402,5.9537026253183924,0.5809871858057359,68.18,36.82,0.06269
2020-03-04,-1.01288,2.7566267519680854,4.3002688727623415,-1.717253225901355,59.55,31.99,-0.01812
2020-03-05,-1.013305,2.9302903467919683,6.045644782144066,0.08665698444863372,61.94,39.62,0.04496
2020-03-06,-1.013442,2.1768686336951917,6.172267063501285,0.7165158776529609,54.39,41.94,0.06703
2020-03-09,0.278111,3.701040579503359,8.465943005899769,1.9660891285185662,71.27,54.46,0.11093
2020-03-10,0.213578,3.4698271028474004,6.064133392972753,-1.2360743278487034,69.88,47.3,-0.0019
2020-03-11,0.277348,3.451993470138787,6.83237611916894,0.05109994657558208,70.74,53.9,0.04344
2020-03-12,0.308083,4.638430571806125,9.823738894926564,3.7454484192084694,85.74,75.47,0.17453
2020-03-13,0.282739,3.070862401192412,5.841133200921641,-4.0170492254816415,69.07,57.83,-0.10431
2020-03-16,0.319025,4.420318521145122,8.750335644044611,-0.13614274570457763,86.71,82.69,0.03639
2020-03-17,0.308744,3.994642775185928,6.851622476658859,-3.038731491229945,83.52,75.91,-0.07276
2020-03-18,0.309544,3.1675964656994258,6.325843660259697,-3.0242912385070237,74.32,76.45,-0.07475
2020-03-19,0.302936,3.012991749923225,5.414304667958101,-4.158750174148731,73.22,72.0,-0.12148
2020-03-20,0.294273,2.7078446545658776,4.546259817235626,-5.611444937875979,69.9,66.04,-0.18601
2020-03-23,0.287947,2.6596039823939983,3.952382536310766,-6.293263122533994,69.92,61.59,-0.22963
2020-03-24,0.288078,3.3746245851404155,3.8271971988302815,-7.486676452334622,80.72,61.67,-0.30566
2020-03-25,0.291304,3.341278442928467,3.8998678906414685,-6.361961128752214,81.49,63.95,-0.28613
2020-03-26,0.28715,3.439049828508887,3.5283543496576395,-6.855207309284304,84.2,61.0,-0.33915
2020-03-27,0.293575,3.2099003473728938,3.7968506995408213,-5.589735096222095,82.11,65.54,-0.29871
2020-03-30,0.281696,2.555920731870703,3.0137048840930216,-6.477211923039382,73.17,57.08,-0.37583
2020-03-31,0.276846,2.37406388890925,2.6754830400141247,-6.4612279912081405,70.99,53.54,-0.40884
2020-04-01,0.281657,2.760173736139631,2.8952287606102756,-5.3616103963837904,77.65,57.06,-0.36464
2020-04-02,0.273288,2.2692488971212414,2.3757043774418687,-5.8996216442376825,70.59,50.91,-0.42954
2020-04-03,0.267808,1.8606542929421777,2.034829768348292,-6.004982480805734,64.5,46.8,-0.47045
2020-04-06,0.265771,2.0831463648250805,1.89468273103125,-5.76531184434593,68.44,45.24,-0.48543
2020-04-07,0.267692,2.4297117559090546,1.979591156778784,-5.0558772113894825,74.5,46.7,-0.45321
2020-04-08,0.263309,1.9624530601221029,1.712617487487733,-5.064549900942629,67.39,43.35,-0.47938
2020-04-09,0.261133,1.823186314040151,1.5737719733216928,-4.239934761347178,65.46,41.67,-0.4208
2020-04-13,0.260485,1.798814660494058,1.5228282119255814,-3.6104952408463986,65.37,41.17,-0.37052
2020-04-14,0.256126,1.5415959903006122,1.2646874067200737,-2.443365090253129,61.38,37.76,-0.25383
2020-04-15,0.260062,1.6044878723084004,1.4740891780653456,-1.9639511012061661,62.65,40.84,-0.20482
2020-04-16,0.259125,1.262262580509536,1.4087728817490466,-1.6712714774755473,57.16,40.11,-0.17462
2020-04-17,0.256625,0.9439256092590641,1.25743663332813,-1.8602889926817148,52.0,38.15,-0.19768
2020-04-20,0.26394,1.4528105591881226,1.648742493286071,-1.1288489659024927,60.63,43.83,-0.11714
2020-04-21,0.266,1.610264953266497,1.7434635377747012,-0.9934806899964197,63.47,45.41,-0.10264
2020-04-22,0.261535,1.4817997368122033,1.4849616848607456,-0.6026618481583563,61.56,41.98,-0.05902
2020-04-23,0.260759,1.54436596965982,1.4295114535219173,-0.6538324823013487,62.82,41.38,-0.06532
2020-04-24,0.253808,0.9627350228349678,1.037964409838955,-0.7642538501021443,53.27,35.93,-0.07843
2020-04-27,0.250498,0.6957488255144616,0.8468826089482943,-0.8026382343700599,48.91,33.29,-0.08344
2020-04-28,0.250846,1.1245116233763697,0.860018602078628,-0.6841020712160482,56.21,33.57,-0.07059
2020-04-29,0.247943,0.763650344223102,0.6915172490078225,-0.8805018377019761,50.3,31.23,-0.09356
2020-04-30,0.251577,1.1767606896452938,0.888619065889621,-0.26283533645803675,57.34,34.15,-0.02386
2020-05-01,0.255401,1.965125979118662,1.0926521616645326,-0.14175206584616754,70.76,37.19,-0.01048
2020-05-04,0.253859,1.6685685077183088,1.0000921970974428,-0.1792301966623205,66.13,35.97,-0.01511
2020-05-05,0.250897,1.7292620914416206,0.8297131942075763,0.25887357554355034,67.45,33.61,0.03446
2020-05-06,0.251533,1.816500086805517,0.8590636804503078,0.2901719113204123,69.25,34.12,0.03779
2020-05-07,0.248197,1.7599794614735662,0.669389855841148,0.21967137620770513,68.54,31.44,0.02948
2020-05-08,0.243943,0.9509620833381602,0.4276409136523913,-0.09448608578645712,54.76,27.98,-0.00648
2020-05-11,0.243442,0.7598355209960951,0.39691024481674986,-0.09591035104397587,51.49,27.57,-0.00706
2020-05-12,0.250185,1.7772636965180342,0.769769588711304,0.4507098357572581,69.21,33.04,0.05449
2020-05-13,0.252987,1.852455034103496,0.9192779178845898,0.6890552981591168,70.78,35.28,0.08129
2020-05-14,0.249648,1.3824971276179627,0.7301489135972622,0.43373318448602477,62.82,32.61,0.05254
2020-05-15,0.248753,1.1495626072237468,0.675873982747807,0.5092862741597121,58.87,31.89,0.06115
2020-05-18,0.245563,0.9820239493585255,0.49370489375476345,0.16627232859486205,56.03,29.3,0.0225
2020-05-19,0.247075,1.343064345887064,0.5742257704045314,0.48471705361977685,62.52,30.53,0.05853
2020-05-20,0.243959,0.9408499128730792,0.39633874981993655,0.3054178397107528,55.55,27.99,0.03836
2020-05-21,0.245846,1.207702906514597,0.4982847554951909,0.4173564616105723,60.4,29.53,0.05113
2020-05-22,0.244166,1.0482915283572731,0.400506616309084,0.32527823896508007,57.71,28.16,0.04085
2020-05-26,0.243986,0.9912401430782775,0.38716832521114397,0.32433146507591787,56.8,28.01,0.04079
2020-05-27,0.243514,0.7173956357864482,0.35720544357829315,0.26795946749944,51.99,27.62,0.03448
2020-05-28,0.2447,1.0179269237483002,0.4208498503179056,0.48610440025084706,57.41,28.59,0.05919
2020-05-29,0.243381,0.9003349530273618,0.34395944208173695,0.4184574609094678,55.38,27.51,0.05161
2020-06-01,0.244262,0.9785462937615101,0.39047472539763545,0.7452123840176689,56.85,28.23,0.08873
2020-06-02,0.242568,0.8832276960292195,0.29269943713155655,0.6153719271390817,55.19,26.84,0.07425
2020-06-03,0.241139,0.6920483347664874,0.20976945196922028,0.4919423549973987,51.8,25.66,0.06035
2020-06-04,0.24132,0.72213994136054,0.21772017656777146,0.5228029620525898,52.39,25.81,0.06408
2020-06-05,0.239768,0.4635580549477713,0.1268216783097093,0.2961877667030378,47.79,24.52,0.03859
2020-06-08,0.241332,0.46831886101310394,0.21289589364464737,0.4323322931586157,47.92,25.81,0.05421
2020-06-09,0.24347,0.7733098512869826,0.3309606598319965,0.5483492778632366,53.48,27.57,0.06763
2020-06-10,0.243468,0.611894731400107,0.3278701902351324,0.6994386861698845,50.64,27.57,0.08513
2020-06-11,0.260015,1.953708424277855,1.2309694943575449,0.99383006777882,75.01,40.79,0.11896
2020-06-12,0.254027,1.1373171180883106,0.8997566041135597,0.5715087533096537,60.52,36.09,0.07136
2020-06-15,0.251903,1.198901576044721,0.7778348122908827,0.41692494524450435,61.79,34.4,0.05394
2020-06-16,0.250994,1.3257099158868637,0.7223391335298105,0.4552830854442671,64.28,33.67,0.05845
2020-06-17,0.250744,1.2259713954620721,0.7033964000173192,0.4643049268228931,62.64,33.47,0.05963
2020-06-18,0.250083,1.1201194071035367,0.662030333507711,0.4537601977054932,60.86,32.94,0.05858
2020-06-19,0.25281,1.1000690918153446,0.8055581100932627,0.6508534871984938,60.65,35.12,0.0813
2020-06-22,0.248628,0.8466082582097959,0.5712807423609386,0.35227563337491336,56.11,31.77,0.04744
2020-06-23,0.248134,0.8622650550527646,0.5395686794216401,0.3355797872759847,56.51,31.37,0.04558
2020-06-24,0.251201,1.1279316003589086,0.703559351318808,0.4362520652559782,61.56,33.84,0.05716
2020-06-25,0.249184,0.7274553023504019,0.5881273854518163,0.27465640896036575,54.27,32.22,0.03873
2020-06-26,0.252312,0.7753069296318013,0.7546295624307382,0.3826928119505594,55.26,34.73,0.05106
2020-06-29,0.248635,0.4181501532017255,0.5483196979586602,0.08671842870671201,48.72,31.78,0.01723
2020-06-30,0.246969,0.23134783641891316,0.45196962907622196,-0.06020616715326218,45.33,30.43,0.00029
2020-07-01,0.244745,0.2012416551110108,0.3244956803756396,-0.18845916774753,44.85,28.62,-0.01454
2020-07-02,0.243597,0.0833194548253204,0.25647006710900266,-0.26983702875112875,42.75,27.68,-0.0241
2020-07-06,0.243919,-0.1471191283819973,0.2703935359604537,-0.16649687468143995,38.58,27.94,-0.01256
2020-07-07,0.245742,0.046427999494279865,0.3684347855821279,-0.022341796024817125,42.23,29.43,0.00366
2020-07-08,0.244089,-0.25916765466708613,0.2722233472713432,-0.14410922206256396,36.69,28.08,-0.01049
2020-07-09,0.245533,-0.26041783711649524,0.3493521013534885,-0.03889433237584293,36.73,29.26,0.00124
2020-07-10,0.243126,-0.6367214196301141,0.21039304138412054,0.6429582715374532,29.92,27.29,0.0789
2020-07-13,0.249153,-0.3381964283918426,0.5425553022969322,1.062904652528052,35.44,32.19,0.12701
2020-07-14,0.245857,-0.6320085359964568,0.3544391134239154,0.799888001809535,30.19,29.52,0.09745
2020-07-15,0.243703,-0.7457104332259681,0.22937604754728894,0.7106197007283646,28.21,27.76,0.08749
2020-07-16,0.243995,-0.7432079754510083,0.24207420880379235,0.730390135984425,28.33,28.0,0.08996
2020-07-17,0.241174,-0.8048842277348383,0.07884504523676877,0.5267305822001926,27.27,25.68,0.06675
2020-07-20,0.239701,-0.9437762217947092,-0.008421520726311351,0.42589957725250127,24.81,24.46,0.05522
2020-07-21,0.240161,-0.7671855118791199,0.01503173731753484,0.46454364915390767,28.01,24.84,0.05959
2020-07-22,0.239535,-0.8232646745591827,-0.023943525590656465,0.41690436753360405,27.05,24.32,0.05412
2020-07-23,0.24166,-0.44175872468915117,0.09446905159566023,0.7561262304135683,33.97,26.08,0.09307
2020-07-24,0.241367,-0.4857759994323687,0.07414810383759005,0.7312221449931785,33.27,25.84,0.09044
2020-07-27,0.240038,-0.6066109630086375,-0.005609120093392833,0.8961489549977848,31.17,24.74,0.10959
2020-07-28,0.240882,-0.32309675528642895,0.03951708610616929,0.9684773782302631,36.29,25.44,0.11829
2020-07-29,0.239268,-0.5519547962813927,-0.0570723525073177,0.8754301211952658,32.28,24.1,0.10799
2020-07-30,0.240063,-0.2855577474954248,-0.014004220827243955,0.9186791982610473,37.04,24.76,0.11324
2020-07-31,0.239703,-0.39935691190430833,-0.03730090404497542,0.880763157250672,35.02,24.46,0.10909
2020-08-03,0.239489,-0.5676914926085137,-0.05168644186904527,0.9319158027654635,31.99,24.28,0.11508
2020-08-04,0.238864,-0.4921295854212534,-0.08981886387542619,0.9592724095100527,33.3,23.76,0.11842
2020-08-05,0.237941,-0.5952217670502632,-0.14327928786095823,0.8982431837933337,31.4,22.99,0.1114
2020-08-06,0.237535,-0.7035677831781344,-0.1677991406758584,0.8924961134928546,29.41,22.65,0.11106
2020-08-07,0.237009,-0.9248684783959669,-0.19940880808427616,0.8769710642049768,25.41,22.21,0.10962
2020-08-10,0.236914,-0.9436277881620085,-0.20657341742514246,0.9408247787851499,25.01,22.13,0.11757
2020-08-11,0.239191,-0.49494088038807843,-0.07513879979752393,1.100333698362136,32.97,24.03,0.13667
2020-08-12,0.237095,-0.6893889388337638,-0.19817940341161452,0.8990068783520746,29.43,22.28,0.11384
2020-08-13,0.236915,-0.678651386817814,-0.21007530120827853,0.8879053298443257,29.56,22.13,0.11314
2020-08-14,0.236819,-0.6451395805288653,-0.2156736584123049,0.8737368994486472,30.07,22.05,0.112
2020-08-17,0.235984,-0.7400397599807896,-0.2648402227794421,0.8288593022914273,28.28,21.35,0.10728
2020-08-18,0.236176,-0.6229039187679045,-0.2545331665230217,0.8372047779190541,30.31,21.51,0.10888
2020-08-19,0.237406,-0.45369119813508724,-0.1839235553684587,0.9081155971404133,33.31,22.54,0.11789
2020-08-20,0.237623,-0.5078470030246075,-0.17282153662358546,1.0241916597281238,32.29,22.72,0.13226
2020-08-21,0.237408,-0.9668216679730723,-0.18748703737692232,1.0446976700267854,24.0,22.54,0.13558
2020-08-24,0.237208,-1.0818768539836123,-0.2011484118355226,1.004351140850624,21.83,22.37,0.13175
2020-08-25,-0.828922,-1.041861551265842,-0.2257124027739055,1.0241183522689599,22.41,22.03,0.13491
2020-08-26,-0.971878,-1.2040764929428007,-0.13959668873381373,1.1436951740448054,19.34,23.27,0.14993
2020-08-27,-0.297298,-1.197220259336962,-0.05631119336058332,1.2681540214977942,19.29,24.47,0.16569
2020-08-28,-0.060056,-1.3315792780637346,-0.16366338866242247,1.135421593790773,16.68,22.96,0.15114
2020-08-31,0.098201,-1.0601203631547587,0.07693565347372576,1.406479765386748,21.44,26.41,0.18447
2020-09-01,0.104761,-1.0633333135742558,0.054537711008519285,1.3575351257374946,21.25,26.12,0.18009
2020-09-02,-0.219963,-1.0875839098850908,0.08435387248688939,1.3041699583143356,20.67,26.57,0.17502
2020-09-03,0.250931,-0.6207855614532443,0.575787758393219,1.2761570580847006,29.13,33.6,0.17293
2020-09-04,0.24739,-0.9084977215866046,0.3707660934599427,1.0007673624166225,23.82,30.75,0.141
2020-09-08,0.248261,-0.45912772069567936,0.41660840082716505,0.8190519548896974,32.04,31.46,0.11997
2020-09-09,0.245002,-0.4061763799706061,0.2258643931067374,0.5104950444375622,33.03,28.81,0.08342
2020-09-10,0.246102,-0.13718689779494173,0.2856846842662578,0.5474566719079829,37.99,29.71,0.08837
2020-09-11,0.242629,-0.2880316661319091,0.0814676190941751,0.3084259786242095,35.26,26.87,0.06
2020-09-14,0.241394,-0.40456359931569663,0.005999616906990418,0.1812236321282637,33.16,25.85,0.0449
2020-09-15,0.241081,-0.36789139039036833,-0.015776927118085583,0.15333331550008686,33.87,25.59,0.04175
2020-09-16,0.241625,-0.43406979434320564,0.012997947833212455,0.18502149229407122,32.69,26.04,0.04573
2020-09-17,0.242132,-0.3889268171605971,0.03952860083999244,0.2062289772758439,33.54,26.46,0.04845
2020-09-18,0.241364,-0.4459828755228044,-0.008669291974279417,0.12904562645983278,32.53,25.83,0.0393
2020-09-21,0.243733,-0.30349068597667034,0.1266414602722912,0.26984503107091096,35.16,27.78,0.05643
2020-09-22,0.242614,-0.39397789265378774,0.05777771190409465,0.18980573778760804,33.53,26.86,0.04691
2020-09-23,0.244707,-0.16096723813977515,0.17705363810224115,0.23392452063440689,37.81,28.58,0.05219
2020-09-24,0.244622,-0.21842065411779674,0.1689336674492551,0.26077891409464243,36.78,28.51,0.05532
2020-09-25,0.242029,-0.46490847090756293,0.013474457716525102,0.010003180049000228,32.32,26.38,0.02498
2020-09-28,0.241804,-0.42437688882742153,-0.0030147744818213944,-0.059640307153578626,33.07,26.19,0.0164
2020-09-29,0.241899,-0.30569285073141644,0.00015895301595316588,-0.05200696785049293,35.24,26.27,0.01704
2020-09-30,0.242023,-0.37203774686376234,0.0044694595750443345,-0.04493566145323411,34.06,26.37,0.01766
2020-10-01,0.242425,-0.4238069129919765,0.025894987610411813,0.040182299694066614,33.11,26.7,0.02763
2020-10-02,0.243555,-0.5560285927882346,0.09081120502745464,0.3692042823126448,30.67,27.63,0.06698
2020-10-05,0.243963,-0.24725091956405562,0.11210064475940253,0.32458697056050695,36.27,27.96,0.06149
2020-10-06,0.245821,-0.12647193208779495,0.21818001840548673,0.5999512352703505,38.5,29.48,0.09467
2020-10-07,0.244086,-0.3040953947952182,0.11303123890581344,0.5067049887399181,35.29,28.06,0.08358
2020-10-08,0.242018,-0.47263941138634624,-0.011281378817079529,0.4469517054575557,32.2,26.36,0.07641
2020-10-09,0.240374,-0.6989371999046581,-0.11126253996772127,0.32043126702290486,28.06,25.0,0.06124
2020-10-12,0.240463,-0.7721959091610643,-0.10843705694473364,0.3010719518378023,26.7,25.07,0.05897
2020-10-13,0.241672,-0.5799238105302353,-0.039245804820476585,0.367377464709806,30.21,26.07,0.06712
2020-10-14,0.24207,-0.551340509917239,-0.01878916415342667,0.38499957104924054,30.77,26.4,0.06948
2020-10-15,0.242762,-0.45601163523574995,0.018685106587171714,0.45472602584809196,32.56,26.97,0.07819
2020-10-16,0.243298,-0.47697081482975995,0.046756721772146695,0.5368445466433367,32.24,27.41,0.08843
2020-10-19,0.245458,-0.23387868062896394,0.1712957596898622,0.6365304791366075,36.69,29.18,0.10085
2020-10-20,0.245668,-0.14286278030760508,0.17961623408072339,0.6644701649108493,38.4,29.35,0.10467
2020-10-21,0.244809,-0.13000547384945765,0.12454896903828915,0.8023682680967632,38.7,28.65,0.12182
2020-10-22,0.24415,-0.16532158076114603,0.08128792293762827,0.7514798500711665,38.13,28.11,0.11624
2020-10-23,0.243467,-0.2887525780801345,0.03645840954241897,0.7556174376714586,35.98,27.55,0.11729
2020-10-26,0.249507,0.3107269792266791,0.39169385071922685,1.0893011269523456,46.8,32.46,0.15832
2020-10-27,0.250615,0.4772420538748063,0.45192330863690827,1.1599663007731038,49.87,33.35,0.16786
2020-10-28,0.259378,1.1463734853037997,0.9556208421395362,1.3870091740303436,61.92,40.28,0.19657
2020-10-29,0.255946,0.7933446166041478,0.7504774589787646,1.1236897674247768,55.77,37.59,0.16575
2020-10-30,0.256489,1.1483079321420264,0.7757307465723335,1.1388631784073477,62.23,38.02,0.16854
2020-11-02,0.255362,0.9820270268561693,0.7037510967264043,1.1036100551249552,59.42,37.13,0.16513
2020-11-03,0.25337,0.7647093967804719,0.5810813478395274,0.9299488088705994,55.67,35.55,0.14462
2020-11-04,0.245938,0.49562559524966915,0.13373858381619746,0.3981354089343498,50.97,29.57,0.07963
2020-11-05,0.243507,0.32750566080676075,-0.01811429611237267,0.16811241474676128,48.05,27.58,0.05133
2020-11-06,0.240208,-0.06480831890273489,-0.2244427597220368,-0.03746299312528076,41.12,24.86,0.02594
2020-11-09,0.241287,-0.011049658780880158,-0.16235288311586243,0.0649471185821629,42.13,25.75,0.03845
2020-11-10,0.240138,-0.24010473968725463,-0.23771833357730449,-0.001664732819364948,38.12,24.8,0.03015
2020-11-11,0.238516,-0.3068908036302181,-0.34286741542473254,-0.10766215078770072,36.97,23.45,0.01694
2020-11-12,0.240802,-0.06474193790354418,-0.2044553714586157,0.021311162261107776,41.3,25.35,0.03263
2020-11-13,0.238097,-0.45394695867581014,-0.3777355929093715,-0.19481892633077627,34.44,23.1,0.0058
2020-11-16,0.237322,-0.3468461972625728,-0.43055953118734985,-0.18609877925129978,36.36,22.45,0.0066
2020-11-17,0.237631,-0.19051881122763206,-0.4151485381131634,-0.1748582644756597,39.18,22.71,0.00775
2020-11-18,0.238984,-0.12066264685145837,-0.3337108350763453,-0.12042196310979544,40.47,23.84,0.01421
2020-11-19,0.238108,-0.16273977043805632,-0.3932486889594004,-0.17599977069403908,39.78,23.11,0.0071
2020-11-20,0.238815,-0.06399823495033179,-0.3524469416917287,-0.14113507795209662,41.58,23.7,0.01113
2020-11-23,0.237569,-0.3080829917418921,-0.4358127523199047,-0.12712414936302233,37.33,22.66,0.0126
2020-11-24,0.236355,-0.2980159734776575,-0.5180702992759046,-0.23965139912372296,37.56,21.64,-0.00149
2020-11-25,0.235889,-0.5416427014217795,-0.5523189165213129,0.15382493257328705,33.34,21.25,0.04671
2020-11-27,0.235402,-0.6264860531573931,-0.588317076683424,0.13377066751438477,31.89,20.84,0.04418
2020-11-30,0.235079,-0.6826921391706917,-0.6134460496982894,0.17710011371702872,30.95,20.57,0.04944
2020-12-01,0.235321,-0.7053590340996195,-0.6018116562423804,0.198560823787102,30.57,20.77,0.052
2020-12-02,0.235797,-0.726596381138174,-0.5735629828619886,0.28625875662524913,30.16,21.17,0.06263
2020-12-03,0.235928,-0.5094920220091941,-0.5673568776291887,0.40774678827286476,33.9,21.28,0.07742
2020-12-04,0.235348,-0.9061391207717632,-0.6082982475568353,0.46038071173949563,26.91,20.79,0.08387
2020-12-07,0.235954,-0.7933056015390964,-0.5716003568566652,0.496638794448067,28.81,21.3,0.08835
2020-12-08,0.235217,-0.8203397326148979,-0.6234404634431002,0.48152974323603753,28.3,20.68,0.08661
2020-12-09,0.23711,-0.714097236281841,-0.501713076206607,0.5742778557638124,30.1,22.27,0.09803
2020-12-10,0.237409,-0.6006293668541638,-0.4850111366189711,0.6059754618276642,32.03,22.52,0.102
2020-12-11,0.238355,-0.5027348450635286,-0.4264288522689174,0.7228201045767768,33.72,23.31,0.11652
2020-12-14,0.24005,-0.22663545149464023,-0.3197666848234319,0.8875393826208121,38.6,24.72,0.13711
2020-12-15,0.237854,-0.5428281810059715,-0.4684346406337106,0.7219473168615009,33.08,22.89,0.1172
2020-12-16,0.237388,-0.6510322939660022,-0.5039761313727621,0.7030749117518722,31.22,22.5,0.11525
2020-12-17,0.236708,-0.7235034538743337,-0.5537488352225203,0.7322385365710827,29.98,21.93,0.11921
2020-12-18,0.236278,-0.8228846385485686,-0.5867627202238137,0.687156416869784,28.25,21.57,0.11401
2020-12-21,0.240585,-0.4924239533723276,-0.3056361469633755,0.9953887889292159,34.07,25.16,0.15252
2020-12-22,0.239463,-0.5383839139982386,-0.3848590117197825,0.9158010869283346,33.31,24.23,0.14329
2020-12-23,0.238357,-0.7570573225665652,-0.46341572713276363,0.9605024889490603,29.52,23.31,0.1494
2020-12-24,0.236229,-0.9698161602312713,-0.6111459004355384,0.8121991719116264,25.82,21.53,0.13153
2020-12-28,0.236435,-1.173971992174293,-0.601977297558103,0.7898229859212045,22.29,21.7,0.12918
2020-12-29,0.238084,-0.8894594744159258,-0.4947235078437874,0.9105019681333633,27.26,23.08,0.14463
2020-12-30,0.237714,-0.9898652711688318,-0.5235438231579325,0.9435490298524811,25.5,22.77,0.14921
2020-12-31,0.237691,-1.0870675818522286,-0.5294074586941123,0.9201567144186755,23.82,22.75,0.14678
2021-01-04,0.242778,-0.77671015097924,-0.1910359344523185,1.115410241187219,29.3,26.97,0.17178
2021-01-05,0.240804,-0.875641660056285,-0.32883304029935206,0.9934779887788187,27.63,25.34,0.15718
2021-01-06,0.24048,-0.8605930863015909,-0.3556486975455978,0.9571051864858162,27.95,25.07,0.15317
2021-01-07,0.237241,-1.2424397650274257,-0.5820698149991055,0.6496280132536116,21.38,22.37,0.11492
2021-01-08,0.236275,-1.3526645859546633,-0.6532836202682536,0.6206812924172507,19.48,21.56,0.1115
2021-01-11,0.239291,-1.1614496796666804,-0.4501245612978578,0.78911726609374,22.83,24.08,0.13304
2021-01-12,0.23839,-1.2886194453736073,-0.5176498661195585,0.7299478728576287,20.71,23.33,0.12598
2021-01-13,0.23705,-1.376776460498925,-0.6162654178678894,0.6575893230396723,19.26,22.21,0.11719
2021-01-14,0.238294,-1.2544219847516853,-0.5347971236152528,0.7821734374608065,21.4,23.25,0.13328
2021-01-15,0.239601,-1.1197011083586037,-0.44902575590266774,0.8310445945038022,23.78,24.34,0.13988
2021-01-19,0.238282,-1.1478934323032368,-0.5472231232842382,0.7272299244777675,23.38,23.24,0.12718
2021-01-20,0.236301,-1.3984139042832888,-0.693104471919274,0.5349277034802833,19.18,21.58,0.10313
2021-01-21,0.235992,-1.4476051654701947,-0.7202075900692095,0.527019172075502,18.37,21.32,0.10234
2021-01-22,0.236694,-1.5095506835397434,-0.6751510055987439,0.5679405700030468,17.32,21.91,0.10775
2021-01-25,0.238226,-1.5252654551827391,-0.5713023819559757,0.6665509050120844,17.04,23.19,0.12053
2021-01-26,0.238022,-1.4202488542448164,-0.5903199347922878,0.6463832214104522,18.77,23.02,0.11824
2021-01-27,0.255489,-0.6294879203569714,0.620794761788871,1.4984716261542932,32.22,37.21,0.22701
2021-01-28,0.246748,-0.5554666524761692,0.015093912772206595,0.9140441172511528,33.5,30.21,0.15369
2021-01-29,0.250311,-0.4190578879686305,0.25787760128094306,1.0117669539013259,35.84,33.09,0.16676
2021-02-01,0.246784,-0.5473562981171735,0.007021040512387803,0.7224970975507585,33.65,30.24,0.1303
2021-02-02,0.241077,-0.6734671358746972,-0.4009668584273488,0.3805728935577727,31.47,25.56,0.08665
2021-02-03,0.237889,-0.8087796716934494,-0.6335859509531482,0.1825987528936865,29.11,22.91,0.06128
2021-02-04,0.236529,-0.9030710986956069,-0.7361784476092474,0.07318290738783624,27.45,21.77,0.04732
2021-02-05,0.235459,-0.9993020370185013,-0.8183974376202366,0.05304973559673961,25.79,20.87,0.04483
2021-02-08,0.235901,-1.0123182904616648,-0.7900161890050407,0.07506722535590635,25.55,21.24,0.04776
2021-02-09,0.236366,-0.922182601583181,-0.759624180581783,0.1215486610752173,27.08,21.63,0.05383
2021-02-10,0.236795,-0.854414853855388,-0.7322413571081476,0.1478324587598561,28.26,21.99,0.05735
2021-02-11,0.235913,-0.9250955551335546,-0.8013007751216868,0.08941378431396331,27.07,21.25,0.04998
2021-02-12,0.234394,-1.1062028063177531,-0.9188919935521859,-0.00572040955878563,24.01,19.97,0.03791
2021-02-16,0.236165,-1.0309937465720909,-0.7917566505551353,0.13313339090695103,25.3,21.46,0.05588
2021-02-17,0.236212,-1.0525900286222363,-0.7934094075897401,0.14506220094821995,24.94,21.5,0.0576
2021-02-18,0.237393,-0.7547168190842224,-0.7100032955911008,0.2607771159101312,30.04,22.49,0.07263
2021-02-19,0.236866,-0.8556110889701095,-0.7541808080603594,0.22263975300522537,28.33,22.05,0.06795
2021-02-22,0.23854,-0.7118575901096631,-0.6334672038028749,0.3121487430977208,30.8,23.45,0.07963
2021-02-23,0.238132,-0.7938067639795731,-0.6674173411477273,0.287315007180426,29.39,23.11,0.07662
2021-02-24,0.236021,-1.1600726794541023,-0.8245459373368159,0.11563968028463231,23.0,21.34,0.05456
2021-02-25,0.24513,-0.2703474162529969,-0.1477912763066553,0.7237079129664961,38.14,28.89,0.13266
2021-02-26,0.24398,-0.37134845818805373,-0.23213007267851768,0.6649008274109655,36.34,27.95,0.12538
2021-03-01,0.238421,-0.7600531813582145,-0.6391938752675002,0.2915453637890703,29.59,23.35,0.07722
2021-03-02,0.23932,-0.5360178527864041,-0.5666558935254261,0.3840975922759059,33.3,24.1,0.08873
2021-03-03,0.242422,-0.38287527281844813,-0.3335291284015675,0.577962942734865,35.83,26.67,0.11385
2021-03-04,0.244734,0.011338017444167908,-0.16029892119092978,0.6710121162781468,42.42,28.57,0.12606
2021-03-05,0.239992,-0.7049825058222976,-0.5084653317701602,0.28301269581025557,30.22,24.66,0.07676
2021-03-08,0.240968,-0.6070915326020885,-0.43115465303551315,0.3442914388160239,31.77,25.47,0.08478
2021-03-09,0.239236,-0.6126390130035356,-0.555093793605781,0.18857815567268152,31.59,24.03,0.06482
2021-03-10,0.237475,-0.8688530404998673,-0.6820076488084774,0.06474286038894805,27.18,22.56,0.0487
2021-03-11,0.236702,-0.8724651897785453,-0.7347676179277957,-0.016018638614454822,27.01,21.91,0.03852
2021-03-12,0.235249,-1.141458438431652,-0.8409906329137462,-0.1104166232422848,22.42,20.69,0.02636
2021-03-15,0.234468,-1.2197493249780336,-0.9124339323590719,-0.16251608771661583,21.1,20.03,0.01912
2021-03-16,0.234183,-0.9674669560267645,-0.9327630887530225,-0.1863028716595743,25.11,19.79,0.01662
2021-03-17,0.233521,-1.1355694282783397,-1.014840073059799,-0.230848895189673,22.36,19.23,0.01084
2021-03-18,0.236306,-0.9755896752906762,-0.7885473265722232,-0.10516100353844465,24.89,21.58,0.02727
2021-03-19,0.235556,-0.9833885392823236,-0.876073824058783,-0.15703833148641133,24.68,20.95,0.02108
2021-03-22,0.233104,-1.016413456336682,-1.1357528624883106,-0.31827164985145,24.07,18.88,0.0012
2021-03-23,0.234783,-0.6384455471870742,-0.98385038183447,-0.23168039711119365,29.91,20.3,0.01314
2021-03-24,0.235852,-0.6548571701596427,-0.8821927476334557,-0.14322487079192178,29.56,21.2,0.02545
2021-03-25,0.234202,-0.9656100544075414,-1.0718243242279117,-0.09322687996038924,24.7,19.81,0.03321
2021-03-26,0.233083,-1.2830127218399243,-1.2225267390127217,-0.23949621867170945,19.84,18.86,0.01687
2021-03-29,0.235311,-1.1077674513115072,-0.9833900689968491,0.057782399898481135,22.49,20.74,0.05426
2021-03-30,0.233969,-1.1407632184007042,-1.1822507502940895,-0.026401833050698216,22.0,19.61,0.04569
2021-03-31,0.233722,-1.2270889116479227,-1.235883873247142,0.020060410029731836,20.67,19.4,0.05274
2021-04-01,0.231283,-1.4098939955670544,-1.580117858029714,-0.1106091021739223,17.93,17.33,0.0401
2021-04-05,0.231971,-1.4286954278587094,-1.524655353958799,-0.012867490391238039,17.64,17.91,0.05252
2021-04-06,0.232218,-1.258673793804157,-1.5083704675832046,0.015442702152563792,19.99,18.12,0.05739
2021-04-07,0.231088,-1.4185160765901084,-1.6824928492797742,-0.03810407930948218,17.6,17.16,0.05421
2021-04-08,0.230843,-1.3913529856486495,-1.7246917111188982,-0.08193996346075848,17.89,16.95,0.05261
2021-04-09,0.23054,-1.4409622461948153,-1.7828541983935693,-0.11961293906065258,17.16,16.69,0.05191
2021-04-12,0.230799,-1.4304033577481305,-1.744817254364196,-0.1327684296248138,17.21,16.91,0.05385
2021-04-13,0.230495,-1.4376782051589427,-1.7900665995197351,-0.19424878824568195,17.0,16.65,0.05219
2021-04-14,0.230893,-1.3513343483547806,-1.7242838474646847,-0.20500044446180124,18.09,16.99,0.05423
2021-04-15,0.230403,-1.4249672031153764,-1.79158833696922,-0.3683296600973778,16.95,16.57,0.04589
2021-04-16,0.230029,-1.4437630701187307,-1.847826244896875,-0.15609519541552708,16.57,16.25,0.06054
2021-04-19,0.231248,-1.236021381864071,-1.6479084419204093,-0.059611508872100066,19.28,17.29,0.0674
2021-04-20,0.232884,-1.0222892147565699,-1.3789470404000634,0.09106003589124192,22.09,18.68,0.07699
2021-04-21,0.231496,-1.178646517058506,-1.6125107460975072,-0.06421393606555319,19.85,17.5,0.0692
2021-04-22,0.232919,-0.8192846180111513,-1.3914108516516346,0.062033587309686174,24.67,18.71,0.07668
2021-04-23,0.231297,-1.1078373214812545,-1.671552986741496,-0.2685199300248731,20.67,17.33,0.0598
2021-04-26,0.231662,-1.0453648722359568,-1.6134673760348994,-0.0185041555940804,21.43,17.64,0.07345
2021-04-27,0.231568,-0.9765456251578415,-1.6207949311600585,-0.041397660812120665,22.25,17.56,0.07291
2021-04-28,0.231238,-0.8101138342408475,-1.6646153783907827,-0.08375607586135538,24.39,17.28,0.07145
2021-04-29,0.231629,-0.5721146157512611,-1.584400008144834,-0.047897626593296834,27.5,17.61,0.07385
2021-04-30,0.232805,-0.25477014998801145,-1.3674654965295336,0.13740923802712868,31.68,18.61,0.08344
2021-05-03,0.232452,-0.35121754284114637,-1.4195273104294373,0.28298280584491914,30.31,18.31,0.09072
2021-05-04,0.233832,-0.11212599633540818,-1.1757355657700768,0.44208766191322585,33.36,19.48,0.09853
2021-05-05,0.233442,-0.11802249309886845,-1.2385292834034112,0.36523082781530203,33.17,19.15,0.09523
2021-05-06,0.232547,-0.373824198086088,-1.387606354264058,0.14364826630680286,29.77,18.39,0.08509
2021-05-07,0.230549,-0.6941371120791395,-1.731701821591963,-0.21861212259881646,25.63,16.69,0.06837
2021-05-10,0.234046,-0.30945014800400583,-1.100876574019152,0.24358082530313652,30.38,19.66,0.09006
2021-05-11,0.236633,0.33072094427892235,-0.6418796461772648,0.6138653318904106,38.25,21.84,0.1075
2021-05-12,0.243556,1.059850556414569,0.5506778247949843,1.3629661502175474,47.2,27.59,0.14221
2021-05-13,0.238172,0.5407736186711544,-0.3679489804297973,0.3572719936497568,40.6,23.13,0.09638
2021-05-14,0.23304,-0.31426604992753254,-1.266193391292032,-0.7916126791816152,30.12,18.81,0.04346
2021-05-17,0.234115,-0.11781837284386595,-1.0663523348818242,-0.572829622102099,32.36,19.72,0.0535
2021-05-18,0.236036,0.47544033082062376,-0.7176940414534968,-0.24602715478604417,39.23,21.34,0.06855
2021-05-19,0.237037,0.3900490763871976,-0.534752492387056,0.014793896431037751,38.13,22.18,0.08077
2021-05-20,0.235242,0.34415646499460834,-0.8477941688498487,-0.346882652467398,37.45,20.67,0.06422
2021-05-21,0.234624,0.11327091961357762,-0.9510044534340466,-0.3475293384217687,34.71,20.15,0.06431
2021-05-24,0.232558,-0.17447657975073574,-1.3128182657265666,-0.8241179009183546,31.34,18.4,0.04249
2021-05-25,0.233077,0.033187574385122307,-1.2090262299865906,-0.7330913935260355,33.58,18.84,0.04668
2021-05-26,0.231334,-0.22840934788443754,-1.5102496101772027,-1.0586912984590013,30.58,17.36,0.03178
2021-05-27,0.230605,-0.5480992402239647,-1.6260711904744767,-1.1504793649927485,26.98,16.74,0.02754
2021-05-28,0.230629,-0.6079594569363831,-1.6060310048045556,-1.0887977784452585,26.26,16.76,0.03014
2021-06-01,0.23197,-0.32289449950811816,-1.3534995182003322,-0.8317757506928972,29.29,17.9,0.04181
2021-06-02,0.231476,-0.4647030321243501,-1.428886644645026,-0.8695870390431848,27.69,17.48,0.03983
2021-06-03,0.232134,-0.2698242349709352,-1.3005656648774238,-0.7605523412564928,29.7,18.04,0.04468
2021-06-04,0.230232,-0.6862283692895558,-1.6237676801312646,-1.1198036021418913,25.22,16.42,0.02798
2021-06-07,0.230232,-0.8018176603207067,-1.6080564289810668,-1.0626581040107863,23.94,16.42,0.03036
2021-06-08,0.230995,-0.5027167359281141,-1.4608662816275655,-0.8027302025994659,27.01,17.07,0.04235
2021-06-09,0.231959,-0.18492337988850846,-1.2815283023530215,-0.5370929636840801,30.27,17.89,0.05461
2021-06-10,0.229858,-0.6636867723731801,-1.6333902301999608,-0.2675797859431306,25.23,16.1,0.06705
2021-06-11,0.229331,-0.803075380768128,-1.7079824669032329,-0.20561861782170351,23.73,15.65,0.06986
2021-06-14,0.230199,-0.6743667350568342,-1.5652062885129068,0.27015081041038413,25.09,16.39,0.09174
2021-06-15,0.230938,-0.42908558363323174,-1.4305867351639638,0.41062091580383614,27.46,17.02,0.09833
2021-06-16,0.232266,-0.11641770695841494,-1.189072493146102,0.749700896613553,30.41,18.15,0.11422
2021-06-17,0.231794,-0.227295540021637,-1.2663959941874188,0.6879241024174594,29.26,17.75,0.1116
2021-06-18,0.235278,0.6233826931526408,-0.6400568912257565,1.1319866083899515,36.99,20.7,0.13244
2021-06-21,0.23196,-0.38637677624280653,-1.2282312549844507,0.22108222828562496,27.69,17.89,0.09047
2021-06-22,0.230515,-0.8634583246157356,-1.4868148405283104,0.05728501191860165,23.43,16.66,0.08289
2021-06-23,0.230116,-0.9513558273710354,-1.5491475057769104,-0.011338344634570981,22.65,16.32,0.07984
2021-06-24,0.229708,-1.2445945074918163,-1.6125074185824908,-0.12880694942700566,20.14,15.97,0.07452
2021-06-25,0.229299,-1.7372507227459333,-1.6799937640616946,-0.21511454863310617,16.11,15.62,0.07059
2021-06-28,0.229464,-1.8759852052597152,-1.6383223382847023,-0.19070091849925727,14.96,15.76,0.07186
2021-06-29,0.229768,-1.785753461932545,-1.5767034141184633,-0.13366067434167364,15.71,16.02,0.07459
2021-06-30,0.229546,-1.9351790693235769,-1.6073002702838113,-0.18016557454563525,14.42,15.83,0.0727
2021-07-01,0.229138,-1.8873471904968158,-1.6703328236596109,-0.25004041629731866,14.68,15.48,0.06983
2021-07-02,0.228661,-2.027845523917372,-1.7432692976383242,-0.3207549774453843,13.41,15.07,0.06705
2021-07-06,0.230265,-1.883631284453872,-1.4302114387072413,-0.03905749911342927,14.42,16.44,0.08023
2021-07-07,0.229985,-1.843695672253275,-1.4694151521046408,-0.10492586172108251,14.58,16.2,0.07768
2021-07-08,0.233276,-0.8368442358646603,-0.8553672025928619,0.3754200745726421,22.72,19.0,0.09928
2021-07-09,0.229962,-1.9769297709507527,-1.4554112612981016,-0.40599147591660456,13.29,16.18,0.06526
2021-07-12,0.229952,-1.7892180308968721,-1.4457108518754405,-0.42193087529986645,14.65,16.17,0.06494
2021-07-13,0.231065,-1.2578945641606682,-1.2289846875981485,-0.23930341419979875,18.92,17.12,0.07284
2021-07-14,0.230139,-1.4619965374776571,-1.3927882524508277,-0.3990729560059788,17.13,16.33,0.06569
2021-07-15,0.230935,-1.1751863612737072,-1.2352940734220055,-0.2025187850707539,19.43,17.01,0.07412
2021-07-16,0.232627,-0.6822108801312284,-0.9147100097378187,0.015894828923583026,23.51,18.45,0.08358
2021-07-19,0.237428,0.3054133977258974,-0.03306053528844732,0.8236666026042816,31.79,22.5,0.11874
2021-07-20,0.234139,-0.34842819460460916,-0.628889823890533,0.1415862065262738,26.31,19.73,0.08925
2021-07-21,0.231993,-0.9392739394898927,-1.017612703792042,-0.3237562565772497,21.35,17.91,0.0691
2021-07-22,0.231735,-0.8846628944062235,-1.0575163762780058,-0.36777763514894823,21.77,17.69,0.06723
2021-07-23,0.231162,-1.4027114204723978,-1.1552779388939118,-0.5531512537547186,17.37,17.2,0.05922
2021-07-26,0.23161,-1.2461940471446804,-1.0643308985153968,-0.4596117905704551,18.59,17.58,0.06315
2021-07-27,0.233706,-0.7574403611525247,-0.6739443421430963,-0.0959173388056443,22.65,19.36,0.07888
2021-07-28,0.232467,-0.48650670097582527,-0.8943449662937951,-0.335815766545004,24.91,18.31,0.06832
2021-07-29,0.231751,-0.34372323429188417,-1.0183655589551976,-0.48230620132498037,26.08,17.7,0.06176
2021-07-30,0.232385,0.1449323236356758,-0.8955498840325704,-0.38682471423664794,30.2,18.24,0.06574
2021-08-02,0.233824,0.7968466521148735,-0.628258943305513,-0.050903260805525256,35.69,19.46,0.08015
2021-08-03,0.232151,-0.0019259454451031515,-0.927204138402311,-0.4372308665770279,28.93,18.04,0.06327
2021-08-04,0.232067,-0.001673332183322665,-0.9355950421192601,-0.47566439919972087,28.92,17.97,0.06141
2021-08-05,0.231258,0.02519770410323592,-1.0762693964579544,-0.5508862046744394,29.13,17.28,0.05794
2021-08-06,0.229933,-0.42880443767808524,-1.3092627556087764,-0.6720154092925751,25.28,16.15,0.05249
2021-08-09,0.2306,-0.26011226381548974,-1.1786339292672139,-0.5280475589258701,26.69,16.72,0.0585
2021-08-10,0.230683,-0.16385571505473664,-1.1560180563600444,-0.48405313371216274,27.51,16.79,0.06021
2021-08-11,0.229828,-0.4240021454694489,-1.3023500733419253,-0.6515435963531511,25.32,16.06,0.05275
2021-08-12,0.229279,-0.5930860681387417,-1.390481710773988,-0.7349703052087573,23.86,15.59,0.04889
2021-08-13,0.229116,-0.8334715604743624,-1.408945206272186,-0.6500729744346184,21.8,15.45,0.0523
2021-08-16,0.229901,-0.7095316125279109,-1.2582421800185564,0.03432003671421825,22.81,16.12,0.08159
2021-08-17,0.232,-0.29993779879470267,-0.8774168442568462,0.6232417996401695,26.25,17.91,0.10685
2021-08-18,0.236328,1.1955894948082442,-0.11375206820159325,1.3076782338572102,38.93,21.57,0.13634
2021-08-19,0.236447,1.3551852467183279,-0.09304946352592271,1.3283427568757884,40.35,21.67,0.13748
2021-08-20,0.232765,-0.11230620235057374,-0.737740393438053,0.6701525224900918,27.89,18.56,0.10918
2021-08-23,0.223804,-0.32245155737302933,-1.0258578506420477,0.2354850410516947,26.08,17.15,0.09026
2021-08-24,0.231191,0.12556661394955065,-1.004842518003138,0.31150229443522537,29.91,17.22,0.09332
2021-08-25,0.230687,-0.4334276053565573,-1.087416090746117,0.2157514911738452,25.18,16.79,0.08902
2021-08-26,0.233097,0.45919902003775664,-0.6583133431917904,0.6389437137963271,32.79,18.84,0.10692
2021-08-27,0.230219,-0.4905337693914406,-1.1585369436257005,0.03282735752391926,24.77,16.39,0.0808
2021-08-30,-0.52436,-0.5826289025613156,-1.1905654643347685,-0.001648222651660385,24.02,16.19,0.07899
2021-08-31,-0.318208,-0.49102311582310904,-1.1224330177626018,0.14640689527180722,24.84,16.48,0.08493
2021-09-01,-1.01204,-0.4030694067896579,-1.189183384810598,0.13382125973961406,25.6,16.11,0.08393
2021-09-02,-0.536677,-0.46383394717103926,-1.1181881970292438,0.25764647142277264,25.11,16.41,0.08856
2021-09-03,-1.01205,-0.6461639382175586,-1.1092554336981808,0.2650063953974984,23.6,16.41,0.0884
2021-09-07,-0.24918,0.10300200612619069,-0.748751337587985,0.6752769542523867,29.88,18.14,0.10439
2021-09-08,0.010731,-0.16607606354171991,-0.7800360592139733,0.6263701950346776,27.64,17.96,0.10218
2021-09-09,0.233051,0.4982713991492436,-0.5989117773143863,0.7894880364883644,33.21,18.8,0.10858
2021-09-10,0.235594,1.0344082290208672,-0.14217646173709092,1.2152439111067064,37.72,20.95,0.12571
2021-09-13,0.233723,0.6125199336363654,-0.4687424241391002,0.8085469871866452,34.17,19.37,0.10971
2021-09-14,0.233827,1.0272223722686071,-0.4444023415225096,0.7827409430080557,37.65,19.46,0.10891
2021-09-15,0.23232,0.401117361073368,-0.7103220944013754,0.41747416538240917,32.41,18.18,0.09452
2021-09-16,0.23292,0.612229081527907,-0.5965186856890787,0.7797045504099239,34.18,18.69,0.1092
2021-09-17,0.235426,1.0115347588270922,-0.14190379068747302,1.1214379484195194,37.55,20.81,0.12312
2021-09-20,0.241291,1.8525382746275445,0.9028659713140185,1.9756171578383033,44.67,25.71,0.15769
2021-09-21,0.239663,2.1743755602846218,0.6164053677677606,1.7692204643947025,47.55,24.36,0.1503
2021-09-22,0.235495,1.3069632486532676,-0.12208980627658167,0.7167983042345486,40.33,20.87,0.10844
2021-09-23,0.232848,0.44361730496694324,-0.5955614695706776,-0.07313368513806282,32.98,18.63,0.07668
2021-09-24,0.231812,-0.21287361112327377,-0.7780999859518984,-0.25453448880014384,27.33,17.75,0.06945
2021-09-27,0.233001,-0.2590716364912451,-0.5543884154024742,0.1110436278904647,26.9,18.76,0.08429
2021-09-28,0.238331,1.0516104595651778,0.41862025115008966,0.7524746947212985,38.09,23.25,0.11035
2021-09-29,0.237506,1.057939842705941,0.27296521557284964,0.5590727797676502,38.18,22.56,0.10284
2021-09-30,0.238196,1.265118870015032,0.40221213732137173,0.5837789011938945,39.98,23.14,0.10407
2021-10-01,0.235825,0.37207422236799786,-0.02557588177198548,-0.11675212474182901,32.35,21.15,0.07645
2021-10-04,0.237981,0.6620346332113146,0.37261624998092363,0.2062121976713192,34.84,22.96,0.08946
2021-10-05,0.236003,0.5410616514124846,0.015834383039336146,-0.3942475811440101,33.82,21.3,0.06575
2021-10-06,0.235647,0.4472581580060833,-0.04403936161212623,-0.5078903975144876,33.0,21.0,0.06126
2021-10-07,0.233919,0.16988416715118237,-0.3589262494482365,-0.9597359649910753,30.59,19.54,0.04322
2021-10-08,0.233009,-0.12166823570681372,-0.5235870340783826,-1.0997592848550581,28.07,18.77,0.03743
2021-10-11,0.234461,0.31998827310079175,-0.24496044713416715,-0.8096450559226919,31.84,20.0,0.04872
2021-10-12,0.234283,0.20155315112644182,-0.27423345806267935,-0.8246660828813708,30.84,19.85,0.04804
2021-10-13,0.232854,0.04335567025364377,-0.5393881287061261,-1.0469094102403889,29.5,18.64,0.03911
2021-10-14,0.230765,-0.4952043556402081,-0.930875830589334,-1.8114989175849778,24.88,16.86,0.00838
2021-10-15,0.230111,-0.8012532419677544,-1.0485567946498384,-1.9048728941168143,22.23,16.3,0.00393
2021-10-18,0.230124,-0.7631102570230419,-1.0383178563574746,-1.5544424482153596,22.51,16.31,0.01727
2021-10-19,0.229412,-0.8708435335689899,-1.1672681252325279,-1.7182219877391391,21.54,15.7,0.01004
2021-10-20,0.229168,-0.9384260809060488,-1.2074006625415186,-1.6921307067247238,20.9,15.49,0.01037
2021-10-21,0.228608,-1.1056882076682184,-1.3088516656418763,-1.6706187575533238,19.4,15.01,0.01055
2021-10-22,0.229098,-1.1971790983895787,-1.2052111898488365,-1.5572541741743327,18.54,15.43,0.01455
2021-10-25,0.228878,-1.3331236220642853,-1.2402437365995072,-1.5852725124068276,17.29,15.24,0.01279
2021-10-26,0.229744,-0.9789448255870133,-1.0628728479231093,-0.7866128285523649,20.24,15.98,0.04529
2021-10-27,0.230914,-0.3146810056025649,-0.8304720043137188,-0.6093031678122798,25.87,16.98,0.05236
2021-10-28,0.23039,-0.880744880531726,-0.9342588150614045,-0.48755493297196356,21.03,16.53,0.0571
2021-10-29,0.230074,-0.9837190582121501,-1.018147742116668,-0.44626084533532623,20.25,16.26,0.05854
2021-11-01,0.23025,-0.9770376859932901,-0.9942710594532687,0.030986975711534158,20.33,16.41,0.07727
2021-11-02,0.229807,-1.019188514777935,-1.1118564437729268,0.03941290295301081,20.11,16.03,0.07723
2021-11-03,0.228722,-1.4344208774429466,-1.3869793407812854,-0.20847803400760243,17.09,15.1,0.06721
2021-11-04,-0.103899,-1.6712672550725618,-1.3139043273085187,-0.0653411109025981,15.46,15.44,0.07249
2021-11-05,0.230338,-1.8101373254037427,-1.0152177149665076,0.25683422861992755,14.5,16.48,0.08493
2021-11-08,0.231206,-1.5052613681385276,-0.7969033172564061,0.6647983984740109,16.67,17.22,0.10084
2021-11-09,0.231863,-1.2205607501872449,-0.6286010921961902,0.7708349289646489,18.63,17.78,0.10517
2021-11-10,0.232979,-0.6518124388824328,-0.34683481841421815,0.7257750643956147,22.61,18.73,0.10368
2021-11-11,0.23172,-0.4526291327650962,-0.6527534822832198,0.8680066825726872,23.97,17.66,0.1094
2021-11-12,0.230115,-1.204495822884955,-1.0464147539147022,0.5100120903468518,18.65,16.29,0.09592
2021-11-15,0.230349,-1.0176723441479671,-0.9804882885779044,0.5476887242998437,19.91,16.49,0.09757
2021-11-16,0.23021,-0.8692967299699657,-1.0078361572703218,0.5725227544272722,20.89,16.37,0.09875
2021-11-17,0.231076,-0.8006375213533575,-0.7837280632988378,0.7213446288499312,21.32,17.11,0.10461
2021-11-18,0.231641,-0.9169967336345642,-0.6371271906380971,0.8399762837599699,20.47,17.59,0.1093
2021-11-19,0.232017,-0.7108496731525579,-0.5374378131032168,0.914233180288404,21.85,17.91,0.11232
2021-11-22,0.2335,-0.645005036123547,-0.1625866347207512,1.2189820944548755,22.26,19.17,0.12389
2021-11-23,0.233748,-0.9751735388800143,-0.09598031870535974,1.2683592533772825,19.98,19.38,0.12601
2021-11-24,0.232805,-1.0685282862532732,-0.3278942326879431,1.1514210903125466,19.3,18.58,0.12198
2021-11-26,0.244839,0.8893084855808141,2.633687653864826,2.869960494256391,32.46,28.62,0.18528
2021-11-29,0.238,0.15035570420198946,0.9449416086575037,1.0350914596142773,27.47,22.96,0.119
2021-11-30,0.243095,1.7966420949985757,2.169183714423957,1.6500639071432817,38.54,27.19,0.14222
2021-12-01,0.247907,2.9385116285839077,3.2726785821427278,2.5570212327903903,46.37,31.12,0.17676
2021-12-02,0.24402,1.850875083783407,2.30097208670366,1.4676188678598296,39.27,27.95,0.13714
2021-12-03,0.247353,1.3476061065183103,3.0293589426765326,2.142997755566039,35.9,30.67,0.1633
2021-12-06,0.243084,1.0244854420155807,2.0096551478946156,1.0434379047898688,33.68,27.18,0.12223
2021-12-07,0.236725,0.21121587664169278,0.5479837442978781,-0.8006631363934236,28.07,21.89,0.05164
2021-12-08,0.234364,-0.41150241087029493,0.005957505298402519,-1.310606005117946,23.74,19.9,0.03185
2021-12-09,0.236355,-0.04045969812205013,0.4637579827896645,-0.8488109764683321,26.3,21.58,0.04928
2021-12-10,0.232936,-0.7969800481916711,-0.32170755365800907,-1.670741628377577,21.03,18.69,0.01731
2021-12-13,0.234847,-0.10400423800221775,0.12335223530356337,-1.2755512620418068,25.8,20.31,0.03199
2021-12-14,0.236722,0.5321868655588532,0.5578555567613228,-0.9067279695059564,30.18,21.89,0.04592
2021-12-15,0.233643,-0.7017698896963038,-0.14882147926088132,-1.802102677453832,21.62,19.29,0.01092
2021-12-16,0.235155,-0.4605708799718513,0.20557923846385662,-1.5158623393904016,23.24,20.57,0.02133
2021-12-17,0.23634,0.22655705142489005,0.4821294663929643,-1.315628692419974,27.94,21.57,0.02861
2021-12-20,0.237888,0.9632408427944315,0.8392163558207318,-1.062782501397773,33.0,22.87,0.03807
2021-12-21,0.169525,0.7804190078436458,0.3272911407778542,-1.8060297284172744,31.77,21.01,0.00864
2021-12-22,-1.012127,-0.263253200245788,-0.32173593071138135,-2.481866150789861,24.57,18.63,-0.01834
2021-12-23,-1.012097,-0.8583670386679968,-0.5013688766695586,-2.6441663237624913,20.45,17.96,-0.02602
2021-12-27,-1.012082,-1.4207715455321455,-0.5735767412563533,-2.338225215815794,16.54,17.68,-0.01533
2021-12-28,-1.012077,-1.3084385472720714,-0.6079380827073066,-2.241374795509611,17.24,17.54,-0.01269
2021-12-29,-1.012053,-1.3669782909517134,-0.7662687632557397,-1.9752283428298834,16.79,16.95,-0.00313
2021-12-30,-1.012069,-1.235157944481058,-0.6549499347671593,-1.697068254220763,17.63,17.33,0.00734
2021-12-31,-1.012065,-1.3331668052106107,-0.6797910033132586,-1.6069448689725991,16.89,17.22,0.01047
2022-01-03,-1.012039,-1.7953652077046363,-0.8456356964031713,-1.64896989187024,13.6,16.6,0.00832
2022-01-04,-0.633041,-1.8427297538670893,-0.7535931500082425,-1.4897268040015024,13.13,16.91,0.01445
2022-01-05,-0.517301,-0.8593292708972339,0.041522664998734374,-0.8293649946450077,19.95,19.73,0.04041
2022-01-06,-0.242219,-0.6717746625325659,0.013950870107453163,-0.8456841260515746,21.24,19.61,0.03953
2022-01-07,-0.320458,-1.0581161535988453,-0.22211814559764848,-1.01770019931895,18.5,18.76,0.03247
2022-01-10,0.22535,-1.08236836572747,-0.03893337578432848,-0.751706123001508,18.32,19.4,0.04266
2022-01-11,0.232606,-0.9722511873625621,-0.31343832257662596,-0.9953839769515516,19.07,18.41,0.03282
2022-01-12,-0.776054,-1.0999125735327644,-0.5321859719968498,-1.1212441906023158,18.15,17.62,0.02758
2022-01-13,-0.647818,-0.31603734461509797,0.23451316095615707,-0.3796811019093702,23.72,20.31,0.05634
2022-01-14,-1.012153,-0.6746086257551351,-0.07956408842861266,-0.5819192346811657,21.18,19.19,0.04821
2022-01-18,0.237793,0.402015349344413,0.951663141775269,0.09655632337499137,28.83,22.79,0.07433
2022-01-19,0.23906,0.9931666192638834,1.2548348282410484,0.41358779022561215,33.06,23.85,0.08636
2022-01-20,0.241152,1.6117700339555714,1.744122184732833,1.1447329275151017,37.52,25.59,0.11453
2022-01-21,0.245111,1.5518231467516468,2.6519490712785623,1.8570045824857155,37.2,28.85,0.14219
2022-01-24,0.2464,1.1704009344570652,2.9036941050610254,2.1746443566260543,34.57,29.9,0.15504
2022-01-25,0.247949,1.408999312020876,3.201708292846154,2.7742073853558784,36.34,31.16,0.17914
2022-01-26,0.248939,1.7502398769480756,3.351687608701809,2.940721505494676,38.87,31.96,0.1873
2022-01-27,0.247122,2.0900639267225474,3.030126580668719,2.6587750605722356,41.4,30.49,0.17453
2022-01-28,0.24366,1.629951612690556,2.2446497825361345,1.0414762151413695,38.2,27.66,0.11166
2022-01-31,0.015253,1.0315114174605318,1.4951677535269197,-0.11997202541458328,33.89,24.83,0.06591
2022-02-01,0.236801,0.41382604841332365,0.7028702112879607,-0.8639464656132928,29.41,21.96,0.0369
2022-02-02,-0.341743,0.0483918056605676,0.7477840691183785,-0.9440128247046466,26.75,22.09,0.03356
2022-02-03,0.239658,1.2001199838909438,1.398222287142772,-0.529627040523465,35.09,24.35,0.04946
2022-02-04,-0.969417,1.1073115670582987,1.06761706436306,-0.8657524851810006,34.47,23.22,0.03644
2022-02-07,-1.01233,1.147958321594667,0.9600247994343679,-0.9560700528640855,34.82,22.86,0.03288
2022-02-08,-0.621399,0.9716283568056432,0.5517503827115842,-1.404731595480796,33.59,21.44,0.01534
2022-02-09,-1.012191,0.5291170381763409,0.1297025743922138,-1.8880478342641807,30.39,19.96,-0.00385
2022-02-10,-0.890408,1.9165450495427852,1.2603892237731518,-1.0541542768015768,40.56,23.91,0.02814
2022-02-11,-0.14947,2.0040054814071557,2.2368962433915742,-0.2756667357337249,41.36,27.36,0.0586
2022-02-14,0.244476,2.365678624333341,2.480541447750766,-0.022409584150227636,44.23,28.33,0.06864
2022-02-15,0.241285,2.222299994379691,1.7111637274419655,-0.7224299782834716,43.42,25.7,0.0412
2022-02-16,0.239585,1.698465644484292,1.3064655760687842,-1.0230685705660851,39.68,24.29,0.0293
2022-02-17,0.244206,2.700710910988911,2.3594253227219886,-0.2786037248316753,47.43,28.11,0.05836
2022-02-18,0.243766,2.580578273550267,2.2306715485281123,-0.15491634656469422,46.87,27.75,0.0632
2022-02-22,0.245058,2.9782790160974866,2.497487652973848,0.061388996902515466,50.3,28.81,0.07165
2022-02-23,0.247771,3.154721132390523,3.0603442390910045,0.49297475707596755,52.19,31.02,0.08863
2022-02-24,0.246911,2.7048362868053095,2.811074357984207,0.13083258320605284,49.13,30.32,0.0745
2022-02-25,0.243573,2.4268255329205344,2.079433748816433,-0.875051459609206,47.13,27.59,0.03482
2022-02-28,0.246705,2.5855583945057705,2.7563875756533713,0.18212964688730335,48.67,30.15,0.07588
2022-03-01,0.250627,3.2241080990300253,3.5385737867755402,1.1458802624039295,54.38,33.32,0.11354
2022-03-02,0.247432,2.872346347403393,2.796212612122552,0.23666272657814308,51.98,30.74,0.07812
2022-03-03,0.247111,2.938550456513611,2.700736410932578,0.2617760760041019,52.97,30.48,0.07894
2022-03-04,0.248963,2.3175136876520406,3.0628706232903062,1.005003237117818,47.85,31.98,0.10763
2022-03-07,0.254549,3.084778352718405,4.1142516814960315,1.6433856879830782,54.93,36.45,0.13271
2022-03-08,0.252885,2.697984393916853,3.669866845485935,1.2838209351855425,52.03,35.13,0.11913
2022-03-09,0.249544,2.613784049657047,2.943674522159229,0.13856995628247315,51.68,32.45,0.0745
2022-03-10,0.246798,2.189060113709363,2.3752220468313965,-0.22674237198358826,48.16,30.23,0.06025
2022-03-11,0.247436,2.04856270618732,2.4612822275888155,-0.012135227245255453,47.12,30.75,0.06876
2022-03-14,0.248695,2.1023573371774926,2.6536169094343234,0.40637854901714643,47.87,31.77,0.08532
2022-03-15,0.246307,2.12163060557496,2.175249609220219,-0.4638352761941425,48.31,29.83,0.05157
2022-03-16,0.242453,1.607552917560477,1.4495218915280201,-1.4521749866822844,43.65,26.67,0.01331
2022-03-17,0.241245,1.547163923983407,1.2175212008355074,-1.8195105911810159,43.22,25.67,-0.00094
2022-03-18,0.23908,1.4313997271781989,0.8163676941652647,-2.059407386066483,42.24,23.87,-0.01072
2022-03-21,0.238672,1.244720079311555,0.7384258015783051,-2.0889801055550308,40.55,23.53,-0.01243
2022-03-22,0.237969,1.2059411984051174,0.604757518236096,-2.1962324218594653,40.27,22.94,-0.01693
2022-03-23,0.23872,1.2598182043833106,0.7396342303740236,-1.8755548098752468,40.87,23.57,-0.00483
2022-03-24,-0.643297,0.6770824066538216,0.32227632632829095,-2.3325080895728902,35.25,21.67,-0.02345
2022-03-25,-0.717608,0.25474915858356284,0.13298936017099008,-2.260305333451895,31.16,20.81,-0.02162
2022-03-28,-1.012177,-0.44388595962368255,-0.12614148737910993,-2.537714563662934,24.37,19.63,-0.03359
2022-03-29,-1.012143,-0.437670438475174,-0.28445564114421107,-2.5006194719559347,24.44,18.9,-0.03369
2022-03-30,-1.012163,-0.3324404960444359,-0.18999680034034963,-2.2555443792421763,25.48,19.33,-0.02507
2022-03-31,-1.012221,-0.08060665678702689,0.0783975947909332,-2.1126084007946893,27.96,20.56,-0.02031
2022-04-01,-1.012179,-0.5605654337750416,-0.12738165425991288,-2.2438588334830007,23.33,19.63,-0.02678
2022-04-04,-1.012132,-0.7729743395452789,-0.3604649525960044,-1.681055419374456,21.3,18.57,-0.00408
2022-04-05,-0.475039,-0.14769318365297276,0.1765032298991586,-1.20726144731128,27.38,21.03,0.01554
2022-04-06,-1.012294,-0.06535138118889416,0.40724119957630067,-0.6995712268588128,28.22,22.1,0.037
2022-04-07,-1.012268,-0.2416068589659982,0.2827185329337944,-0.790725958660812,26.56,21.55,0.03301
2022-04-08,-1.012251,-0.43406710780247276,0.19337252985858397,-0.6935152169769164,24.75,21.16,0.03707
2022-04-11,-1.012407,0.3287833181765446,0.8936707641486127,-0.18284122805498348,32.12,24.37,0.05893
2022-04-12,-1.012402,0.49883487160387296,0.8625813511865688,0.06130288709382398,33.8,24.26,0.06944
2022-04-13,-1.012283,0.07495377544005921,0.32131299162443067,-0.21066644267234874,29.8,21.82,0.05782
2022-04-14,-1.012328,0.38256573927227716,0.5101537904143992,-0.02337784988057325,32.78,22.7,0.06591
2022-04-18,-1.012303,0.2506859352843679,0.38871681029728816,-0.011435512151445356,31.58,22.17,0.06645
2022-04-19,-1.012262,0.24394302788021635,0.20891345749996423,-0.44143432664376514,31.56,21.37,0.04798
2022-04-20,-1.012215,-0.46835440545099477,-0.024168063777534575,-0.5637877453736759,24.85,20.32,0.04261
2022-04-21,-1.012327,0.06927477636325291,0.49248064712066175,-0.07081883379603364,29.96,22.68,0.06367
2022-04-22,-1.012608,0.9209948751189707,1.7051320933705192,0.8415346508700452,38.03,28.21,0.10282
2022-04-25,-0.893521,0.6216674123214333,1.4271080022689562,0.5514727924393137,35.27,27.02,0.09056
2022-04-26,0.206444,1.4262707915786026,2.8325733972114104,1.6692240967562815,42.92,33.52,0.13876
2022-04-27,0.248485,1.492756944890354,2.364671076030663,1.3931146263636351,43.67,31.6,0.12746
2022-04-28,0.093147,1.7367644732070153,1.9865483174587648,0.41963318424308926,46.12,29.99,0.08562
2022-04-29,0.250719,2.1717565658926943,2.683392431932066,0.6008750227424403,50.45,33.4,0.09355
2022-05-02,0.249401,2.370134722998862,2.413769531493078,0.3312908102527191,52.63,32.34,0.08188
2022-05-03,0.245591,1.8688597034115149,1.7388013158363775,-0.33577419500816114,48.08,29.25,0.05284
2022-05-04,0.240937,1.611336600208479,0.9353020211877455,-1.7939997711915776,45.73,25.42,-0.01066
2022-05-05,0.247989,2.139448911004139,2.112541606785958,-0.9991786263606773,51.07,31.2,0.0232
2022-05-06,0.246742,1.8467810991843845,1.8797823837546104,-1.1890584853839945,48.43,30.19,0.01458
2022-05-09,0.2524,2.157436864520971,2.779943188513897,-0.5045945786576689,51.75,34.75,0.04424
2022-05-10,0.250202,2.228354044529838,2.376636949489021,-0.866591703866226,52.75,32.99,0.02818
2022-05-11,0.249664,1.8812811754905372,2.2572866829838483,-1.017565327440117,49.46,32.56,0.02126
2022-05-12,0.248683,1.7678491845646878,2.083651651844497,-1.0636916933749818,48.34,31.77,0.01895
2022-05-13,-0.482825,1.5693880591072427,1.497595224703217,-2.087371831820132,46.41,28.87,-0.02618
2022-05-16,-0.593614,1.4662860584402955,1.2135103217746321,-2.373769667211004,45.49,27.47,-0.03982
2022-05-17,-0.913564,1.8261332238916836,0.940385631945585,-2.7281253271502233,49.33,26.1,-0.05712
2022-05-18,-0.240407,1.8551939107035889,1.8695971129870983,-2.1357436881859324,49.77,30.96,-0.03261
2022-05-19,-0.094743,1.6959152979908512,1.5427981337748673,-2.4300313441208354,48.26,29.35,-0.04732
2022-05-20,0.245796,1.6970240285886729,1.5442956417953742,-2.1741886254636773,48.4,29.43,-0.03725
2022-05-23,-0.009385,1.8540304509663639,1.3504960755115694,-2.5160903258697087,50.21,28.48,-0.0545
2022-05-24,0.245823,1.7706461123451476,1.5219495818686053,-2.0274142962195274,49.53,29.45,-0.03327
2022-05-25,0.244503,1.852175439114238,1.3049050755508704,-2.282072769107662,50.58,28.37,-0.04644
2022-05-26,0.243446,1.9733956245537332,1.1307617610399388,-2.3414684147516844,52.1,27.5,-0.05062
2022-05-27,-1.012488,1.7784267999607009,0.7882981497673613,-2.427855661942599,50.24,25.72,-0.05622
2022-05-31,-1.008132,1.6220356360227222,0.8699844415761169,-2.3021964710810545,48.74,26.19,-0.05168
2022-06-01,-1.012489,1.4892225196368187,0.7697074556800936,-2.3803030440030946,47.45,25.69,-0.05705
2022-06-02,-1.012437,1.4051670629401607,0.5819658720532486,-2.3128294303621395,46.67,24.72,-0.05534
2022-06-03,-0.830933,1.1000186045480236,0.5902453296009409,-1.8361203063610922,43.42,24.79,-0.03286
2022-06-06,-0.785542,1.2764438815941044,0.6372515788398151,-1.7574329476371635,45.47,25.07,-0.02965
2022-06-07,-0.691773,1.3881834182250237,0.4343918392936449,-1.4621846535933027,46.83,24.02,-0.0153
2022-06-08,-0.308683,1.4247382844505498,0.41842672566348876,-1.5391316542630344,47.37,23.96,-0.01977
2022-06-09,0.241731,1.7042188349231193,0.8148442597310195,-1.2627525871027503,50.63,26.09,-0.0062
2022-06-10,0.243741,1.5942283740215266,1.120709469009204,-1.3233764925854286,49.59,27.75,-0.00983
2022-06-13,0.251474,2.003648978407243,2.2926702333263496,-0.4160911761312212,54.39,34.02,0.03665
2022-06-14,0.249814,2.0300867515913557,2.012497506888732,-0.6687534403150615,54.97,32.69,0.02336
2022-06-15,0.246023,2.0624031780217917,1.4185263922454168,-1.1635154283062774,55.63,29.62,-0.00255
2022-06-16,0.250134,1.7227827844610577,2.022221696474881,-0.28344300948262546,52.0,32.95,0.04256
2022-06-17,0.247876,1.6991987919724179,1.662938942222401,-0.6400437608818428,51.93,31.13,0.02388
2022-06-21,0.246722,1.940805652124037,1.474696411092011,-1.1063385396799745,54.92,30.19,-0.00046
2022-06-22,0.245199,1.5799223906224569,1.2352283631562149,-1.1633970693308635,50.94,28.95,-0.00385
2022-06-23,0.245324,1.5859083682990063,1.2433452354490713,-1.1785973989867742,51.19,29.05,-0.00511
2022-06-24,0.243109,1.1938574455293838,0.9020403291839308,-1.8694365171180973,46.72,27.23,-0.04139
2022-06-27,0.242767,0.7697015055505804,0.8438236714179336,-1.7290261168632683,41.8,26.95,-0.03517
2022-06-28,0.244481,1.0014421077050593,1.094213152419218,-1.2577929464692388,44.62,28.36,-0.01138
2022-06-29,0.244236,1.0084357979953853,1.0491721520669892,-1.2885095948608558,44.79,28.16,-0.01352
2022-06-30,0.244907,0.8845932866821438,1.141418355887742,-1.1782039597307754,43.42,28.71,-0.00825
2022-07-01,0.242459,0.6350659281421298,0.7652268116243004,-1.4315388291913023,40.57,26.7,-0.02213
2022-07-05,0.243481,0.7401176029733042,0.9125403860618324,-1.2088003227979407,41.87,27.54,-0.01095
2022-07-06,0.242497,0.6548175547208511,0.7567586373952793,-1.3542216621569854,40.95,26.73,-0.01918
2022-07-07,0.241712,0.6900851966320106,0.6308907023006294,-1.5325154136546788,41.43,26.08,-0.02932
2022-07-08,0.239972,0.3205943844880993,0.3597857196576585,-1.7631468854233747,37.24,24.64,-0.04246
2022-07-11,0.241818,0.5158141228912672,0.637826536330309,-1.3021918114892663,39.54,26.17,-0.01862
2022-07-12,0.243176,0.6118550862826719,0.8386535834298461,-0.7749193403902799,40.71,27.29,0.00933
2022-07-13,0.242603,0.6074885943358634,0.7448861435567318,-0.12614051104723945,40.73,26.82,0.04418
2022-07-14,0.242092,0.5443148441369124,0.6608247711101572,-0.19838486696048568,40.08,26.4,0.04016
2022-07-15,0.239476,0.1655987714354886,0.25217290347629123,-0.6719893988664873,35.86,24.23,0.01444
2022-07-18,0.240764,0.2808739570221477,0.44636643833590817,0.13547093335333568,37.22,25.3,0.05789
2022-07-19,0.239806,0.29246749877722317,0.29284601283803197,-0.3506905209385163,37.4,24.5,0.03148
2022-07-20,0.239062,0.3179785506425003,0.1759459521143685,-0.2111582171640886,37.71,23.88,0.03872
2022-07-21,0.238141,0.07085367011222385,0.029609390420446354,-0.3693576256667066,34.97,23.11,0.03
2022-07-22,0.238042,-0.16974064308982748,0.010888946793011686,-0.4369551846292868,32.32,23.03,0.02621
2022-07-25,0.238438,-0.14800012359529663,0.06862733393351753,0.132413567063857,32.61,23.36,0.05672
2022-07-26,0.240034,0.019849727202602918,0.3133689665423845,0.29182457104151077,34.55,24.69,0.0653
2022-07-27,0.238298,0.47871935999141485,0.036510506231031,-0.05462310105602008,39.71,23.24,0.04664
2022-07-28,0.237213,0.35262996297351806,-0.13730943853623798,-0.26565356747935226,38.37,22.33,0.03515
2022-07-29,0.236024,0.4502719760322744,-0.3286859734403808,-0.41652303999306345,39.5,21.33,0.02689
2022-08-01,0.237825,0.6590492399902651,-0.04735822233112092,-0.13672282430695823,41.86,22.84,0.04182
2022-08-02,0.239131,0.9498249154317921,0.15492912307252396,0.0053662443836931155,45.13,23.93,0.04938
2022-08-03,-0.308998,0.6481796739998444,-0.22248247493685108,-0.4470206563459309,41.84,21.95,0.02491
2022-08-04,-0.196287,0.396431366182818,-0.3223608173521099,-0.47142582504363795,39.1,21.44,0.02344
2022-08-05,-0.627759,0.4469694241794113,-0.38051769213588565,-0.5265229105757468,39.7,21.15,0.02031
2022-08-08,-0.736061,0.33415237115504726,-0.35766116776080853,-0.37201381148384377,38.49,21.29,0.02847
2022-08-09,0.236548,0.47065625973549696,-0.27120353072112025,-0.21365180283726543,40.05,21.77,0.03691
2022-08-10,-0.565291,0.2701625548720607,-0.6640321573984431,-0.7130806956237127,37.88,19.74,0.00991
2022-08-11,0.223934,0.28201083216507544,-0.5795321011914263,-0.6033254554690929,38.05,20.2,0.01559
2022-08-12,-0.152395,0.094072099465697,-0.7132810921882291,-0.6942938616466706,36.02,19.53,0.01051
2022-08-15,-1.012209,0.3256990563223145,-0.6376465308203266,-0.4915552904412603,38.62,19.95,0.02128
2022-08-16,-1.012198,0.453273509162726,-0.6938067637045515,-0.2067541132093643,40.08,19.69,0.03654
2022-08-17,-1.012209,0.5126808348432274,-0.657775833639518,-0.2558083187753012,40.79,19.9,0.03372
2022-08-18,-1.012194,0.5233347267138772,-0.7262666177034459,-0.28824317774689184,40.96,19.56,0.03171
2022-08-19,-1.012242,0.4640826176474762,-0.5221139272464165,-0.16231023360251426,40.32,20.6,0.03813
2022-08-22,-0.969552,1.044885838106405,0.10023680877841018,0.053693847517798356,46.69,23.8,0.0493
2022-08-23,-1.012411,1.257153213882902,0.15665208593728366,0.22747818526309274,49.11,24.11,0.05829
2022-08-24,-1.012349,1.0194442660642962,-0.09989710204410332,0.3767416792308858,46.61,22.82,0.06607
2022-08-25,-1.012297,1.0036832902897268,-0.30794138557045375,0.15060175373292017,46.52,21.78,0.05395
2022-08-26,-1.012486,1.2316930527178562,0.4288516204861499,0.20689981747440497,49.12,25.56,0.05678
2022-08-29,-1.01252,1.3924240238282926,0.5518224044436802,0.3168092631917728,51.0,26.21,0.06236
2022-08-30,-0.671455,1.3831043506274654,0.5459108937127107,0.2781109703868219,51.03,26.21,0.06023
2022-08-31,-1.012507,1.3072957222560437,0.472724236538522,0.3767779378416414,50.32,25.87,0.06535
2022-09-01,-1.012491,1.1991061028792425,0.4054247466712736,0.30355928906969615,49.24,25.56,0.0614
2022-09-02,-0.573143,0.9743653894707457,0.3816495224182117,0.24686069842228398,46.85,25.47,0.05831
2022-09-06,0.242719,1.30669386070325,0.6638746453625995,0.5237128475202535,50.63,26.91,0.07274
2022-09-07,-0.121479,1.079354442221843,0.20224301774210984,-0.1526720390652045,48.22,24.64,0.03711
2022-09-08,-0.87276,0.9059398988392696,-0.009608404864376963,-0.06979629985195691,46.38,23.61,0.0412
2022-09-09,-1.012352,0.8818538564063847,-0.17949438924947553,-0.40045522297854586,46.19,22.79,0.02368
2022-09-12,-1.0124,1.1949132601209718,0.035143450061402265,-0.06252318436413265,49.75,23.87,0.04102
2022-09-13,-1.012579,1.327560543650292,0.7200790915411903,-0.2953590268427267,51.32,27.27,0.02862
2022-09-14,-1.012522,1.341053204732136,0.4896263518593173,-0.5150850308776826,51.59,26.16,0.01697
2022-09-15,-0.374532,1.3048158645809953,0.5070154074015023,-0.5080261558681408,51.29,26.27,0.01704
2022-09-16,-0.962946,1.1818691719962966,0.5076303610324144,-0.47497811653938016,50.02,26.3,0.01847
2022-09-19,-0.325079,1.0602933644707027,0.39260215141763205,-0.603443049079481,48.74,25.76,0.01158
2022-09-20,0.24302,1.3823177997008853,0.673385996821176,-0.19107538424227874,52.47,27.16,0.03237
2022-09-21,0.244027,1.5047181068776074,0.840427600268321,-0.10983324047407221,53.94,27.99,0.03609
2022-09-22,0.243245,1.319873632627645,0.7065061710767658,-0.20833214963000365,51.9,27.35,0.03074
2022-09-23,0.246386,1.1414700019032258,1.222400390089635,0.44099811492066343,49.95,29.92,0.06295
2022-09-26,0.249275,1.2173712230088272,1.6868264436883744,1.351724653227499,50.92,32.26,0.1084
2022-09-27,0.249697,1.1187474176916572,1.73980556900606,1.408692472551633,49.9,32.6,0.11161
2022-09-28,0.246707,0.7572971410359297,1.2347835951865054,0.6301284543745858,45.84,30.18,0.07276
2022-09-29,0.248753,0.700879970746323,1.5590537661707637,0.8089587022564108,45.23,31.84,0.08148
2022-09-30,0.248477,0.5002396147873639,1.5005643636545796,0.7392280276900628,42.95,31.62,0.07784
2022-10-03,0.246606,0.7172886082033173,1.1847587178700327,0.013575166426312853,45.47,30.1,0.04144
2022-10-04,0.245348,0.8204996354228706,0.9706515536495607,-0.6800337218566015,46.72,29.07,0.00672
2022-10-05,0.244711,0.61658103426768,0.8610308312262765,-0.5937451963899688,44.42,28.55,0.01072
2022-10-06,0.247128,0.7655188166895243,1.2450299436226357,-0.1766838625101726,46.19,30.52,0.03127
2022-10-07,0.248159,0.6248069505913616,1.4008797356313232,-0.09180173674735131,44.62,31.36,0.03538
2022-10-10,0.249508,0.8158848278050697,1.60374126605785,0.2523456698077905,46.89,32.45,0.05249
2022-10-11,0.250977,1.0675160924373577,1.821006644546283,1.2343385283630075,49.88,33.63,0.10147
2022-10-12,0.250901,0.9862293863007119,1.7895390786270153,1.2489465612934163,49.03,33.57,0.10259
2022-10-13,0.248879,0.9297447643922201,1.452914773434851,0.4913054417849851,48.46,31.94,0.06503
2022-10-14,0.248973,0.7841588411731318,1.4559484675227365,0.308625244215974,46.85,32.02,0.05599
2022-10-17,0.248173,0.9730667486423266,1.318149142039111,-0.1783941038728236,49.12,31.37,0.03177
2022-10-18,0.247102,0.8482586423839783,1.1392235188550006,-0.4025556636756198,47.76,30.5,0.02067
2022-10-19,0.247421,0.8880736262640903,1.1821858642870984,-0.2522550152790016,48.3,30.76,0.0282
2022-10-20,0.246458,0.9079674148504376,1.0215316206976486,-0.40679697615917354,48.61,29.98,0.02055
2022-10-21,0.246107,1.066969018147213,0.9577436789956758,-0.5844380067090994,50.52,29.69,0.01172
2022-10-24,0.246306,1.2138359284865547,0.9834011586806664,-0.5398679442430726,52.29,29.85,0.01396
2022-10-25,0.244606,1.0720890254447966,0.7001045965429823,-0.8924285569717425,50.76,28.46,-0.00367
2022-10-26,0.243164,1.048708656326105,0.4575106812005567,-1.0341424701272566,50.57,27.28,-0.01087
2022-10-27,0.243297,0.824560481167099,0.47348492483812854,-0.7909503365528544,48.11,27.39,0.00099
2022-10-28,0.241312,1.467116268403,0.13484021772367236,-1.1613710759402205,55.47,25.75,-0.01785
2022-10-31,0.241468,1.3121757340773563,0.15470887372338687,-0.954459666811891,53.84,25.88,-0.00788
2022-11-01,0.241382,1.4322805917510382,0.13350629746926918,-0.5856305606418395,55.3,25.81,0.01037
2022-11-02,0.241436,1.3432592728155903,0.1369933125747354,-0.8883527934491895,54.41,25.86,-0.00513
2022-11-03,0.240756,1.1529929912053218,0.013290707074065941,-0.9959065625352538,52.37,25.3,-0.0109
2022-11-04,0.239854,0.8966236915881386,-0.15261245803827617,-0.8027950050319811,49.57,24.55,-0.00153
2022-11-07,0.239616,0.755545180788299,-0.20394181160447208,-0.8160387506222123,48.06,24.35,-0.0025
2022-11-08,0.241053,1.0690708385842396,0.04180513988197916,-0.5316118099867381,51.57,25.54,0.01152
2022-11-09,0.241714,0.9456088502869449,0.15299548555290743,-0.6806960965167039,50.28,26.09,0.00373
2022-11-10,0.238641,0.5618237722307938,-0.40555921109402426,-2.11518074033708,46.17,23.53,-0.06861
2022-11-11,0.237434,-0.07490927496930294,-0.6299482372953216,-1.9555507625150803,39.34,22.52,-0.0618
2022-11-14,0.238881,0.5340186571026042,-0.373914608602476,-1.5722004935811622,45.97,23.73,-0.0434
2022-11-15,0.239858,0.7521607482959272,-0.20565438947749698,-1.383136659353242,48.37,24.54,-0.03452
2022-11-16,0.239338,0.6032948630004467,-0.3093248046373443,-1.471845383830354,46.85,24.11,-0.03961
2022-11-17,0.239121,0.7268137868402776,-0.3587429686143695,-1.4553501410304603,48.22,23.93,-0.0394
2022-11-18,0.23815,0.652243322790647,-0.5489224193075884,-1.4189746923151323,47.5,23.12,-0.03815
2022-11-21,0.23724,0.3781588791820111,-0.7285026911915111,-1.5343912307974106,44.7,22.36,-0.04458
2022-11-22,0.235968,0.4055333308627716,-0.9786685287865953,-1.7012144204097817,45.05,21.29,-0.05367
2022-11-23,-0.608185,0.14137281996970663,-1.196452386630806,-1.837196407837716,42.39,20.35,-0.06122
2022-11-25,-0.312239,-0.076310850560071,-1.1645760111767036,-1.7614376691769325,40.24,20.5,-0.05809
2022-11-28,0.237062,0.22452336295993913,-0.7791878720031925,-1.312878869881538,43.38,22.21,-0.03601
2022-11-29,-0.13108,0.24820341064446316,-0.8461336832143078,-1.3480038949202782,43.66,21.89,-0.03763
2022-11-30,-0.851372,0.3943687881789652,-1.1430039380120696,-1.97123345300056,45.19,20.58,-0.06914
2022-12-01,-1.012221,0.04383026957021927,-1.3025974218087795,-1.722482852047305,41.68,19.84,-0.05735
2022-12-02,-1.012189,-0.1992159556678546,-1.4694714381184317,-1.785760804489073,39.21,19.06,-0.06035
2022-12-05,0.116563,-0.0425264877384381,-1.0734945968996772,-1.6217703385912368,40.79,20.75,-0.05278
2022-12-06,0.237012,0.2343039828506583,-0.7434194146333969,-1.4424489437828865,43.6,22.17,-0.04412
2022-12-07,0.237621,0.428260349592612,-0.6228974866363913,-1.3263790975452696,45.59,22.68,-0.03891
2022-12-08,0.237157,0.22441902900137162,-0.7122456877142137,-1.1435428782949673,43.6,22.29,-0.03061
2022-12-09,0.237801,0.19583795962710437,-0.593355492960751,0.6182494415285225,43.38,22.83,0.05448
2022-12-12,0.240412,0.5301961722224533,-0.10208571822540694,0.9778117262542979,46.76,25.0,0.07195
2022-12-13,0.237472,0.5464090639926512,-0.6673859055439932,0.4968655067689224,46.98,22.55,0.04888
2022-12-14,0.235788,0.13763972463464286,-0.9930484231819334,0.2246401701343913,43.03,21.14,0.03571
2022-12-15,0.237798,0.28716195373803155,-0.6056006555118505,0.18439452143932178,44.54,22.83,0.03371
2022-12-16,0.237543,0.35647027365369105,-0.658937430762012,0.07359349586649572,45.28,22.62,0.02842
2022-12-19,0.237302,0.3478605754849991,-0.7078324418268208,0.02109052442469531,45.26,22.42,0.02589
2022-12-20,0.23618,0.18677704925602917,-0.9250304968136529,-0.17426037020986332,43.77,21.48,0.01638
2022-12-21,0.234508,0.07091380343510961,-1.246526919842927,-0.4885701740245514,42.7,20.07,0.00102
2022-12-22,0.236764,0.012121377832110328,-0.8087482953402432,-0.15588896879282277,42.18,21.97,0.01716
2022-12-23,0.235455,-0.2796057045187277,-1.067921071309564,-0.4265656577927007,39.48,20.87,0.00417
2022-12-27,0.236383,-0.4236059752503304,-0.8944001106143881,-0.15328321442586126,38.23,21.65,0.01757
2022-12-28,0.236964,-0.3732885394155702,-0.7887379907697278,-0.12109076804695866,38.84,22.14,0.01927
2022-12-29,0.236134,-0.6380313358756713,-0.9609045212345845,0.20808581155519876,36.56,21.44,0.03532
2022-12-30,0.236408,-0.8355815282797132,-0.9170546129175084,0.2557050018949301,34.95,21.67,0.03776
2023-01-03,0.237876,-0.679083216408642,-0.6358096076796601,0.5097679277386697,36.51,22.9,0.05015
2023-01-04,0.236814,-0.9156366616182685,-0.8574554871241608,0.42711906336088373,34.62,22.01,0.04633
2023-01-05,0.237349,-0.9059709342709321,-0.7613463050026233,0.5647734372171423,34.95,22.46,0.05313
2023-01-06,0.235769,-1.2340776142482586,-1.0938890874480245,-0.11689814299020196,32.47,21.13,0.02034
2023-01-09,0.23677,-1.0113751803798134,-0.8937559901513478,0.10459114408043077,34.48,21.97,0.03097
2023-01-10,0.235117,-1.407349616252948,-1.2358117049927304,-0.1889616085158088,31.4,20.58,0.01674
2023-01-11,0.235727,-1.4037301042577015,-1.116634136044495,-0.05542279045418147,31.64,21.09,0.02314
2023-01-12,0.233049,-2.231618099568343,-1.6718343504616964,-0.4908670859915112,25.3,18.83,0.00201
2023-01-13,0.232483,-2.3054509622025763,-1.7905529026864164,-0.5756086049097809,24.89,18.35,-0.00221
2023-01-17,0.233676,-1.891351400538144,-1.546835762981862,0.13214159594325045,28.31,19.36,0.03189
2023-01-18,0.234832,-1.5006185006120076,-1.3047180248221382,0.23348357329011507,31.43,20.34,0.03669
2023-01-19,0.235044,-1.6264698855726492,-1.2639402428926454,0.2920562550494466,30.64,20.52,0.03947
2023-01-20,0.234255,-1.5528933160922191,-1.4224290866156195,-0.07018672218775414,31.23,19.85,0.02183
2023-01-23,0.234211,-1.7549481256639465,-1.4231841272907937,-0.023132161605480404,29.66,19.81,0.02385
2023-01-24,0.233489,-1.9396817123463843,-1.5596302938280164,0.06744839358053441,28.14,19.2,0.02782
2023-01-25,0.233347,-1.7821229002347565,-1.5737727715112684,0.057400249519751784,29.23,19.08,0.02685
2023-01-26,0.232937,-1.6643466314556414,-1.6433557546847741,-0.028120886167145052,30.07,18.73,0.02233
2023-01-27,0.232678,-1.9953888686175119,-1.681571772042617,0.14092457556578267,27.41,18.51,0.02941
2023-01-30,0.234365,-1.6888659452732784,-1.3243307141512493,0.4397973616139422,29.66,19.94,0.04183
2023-01-31,0.23373,-1.7508299342246794,-1.4430854420188926,0.23055122207895773,29.05,19.4,0.03181
2023-02-01,-0.005421,-2.0981223715709074,-1.7958376494925854,-0.11341577627260258,26.18,17.87,0.01669
2023-02-02,0.153131,-2.3152970053924755,-1.573759372109687,0.0010982023921355826,24.31,18.73,0.0214
2023-02-03,0.232471,-1.8556368067800122,-1.6597146629084012,-0.05579171201306139,27.89,18.33,0.01891
2023-02-06,0.233768,-1.44085100926413,-1.3899506296045807,0.4593351699154913,31.24,19.43,0.04083
2023-02-07,-0.33244,-1.600995148567338,-1.5609884043769002,0.20306443909241004,29.91,18.66,0.02986
2023-02-08,-0.578299,-1.4081276483946514,-1.3232895972366234,0.26378382705304376,31.41,19.63,0.03242
2023-02-09,-0.707505,-1.1822349540139456,-1.064848620179473,0.5177684774700964,33.2,20.71,0.04325
2023-02-10,-0.896058,-1.1137677858736246,-1.1053969376201065,0.4759014670534309,33.75,20.53,0.04159
2023-02-13,-0.696695,-1.0806769461143,-1.1508904911332953,0.345779070223843,34.05,20.34,0.03621
2023-02-14,-1.012177,-1.341031274310106,-1.4773055985972205,0.01881126155900662,31.9,18.91,0.02229
2023-02-15,-0.589331,-1.4870121162053067,-1.6214182337046603,0.15863929240253352,30.64,18.23,0.02811
2023-02-16,-0.224583,-1.0286171252926877,-1.157992108430403,0.4632738958862801,34.27,20.17,0.04088
2023-02-17,0.234465,-0.963268020380854,-1.184430671425628,0.6792464809324613,34.75,20.02,0.05005
2023-02-21,0.237853,0.0810905321664095,-0.5234397096980274,1.0588470957068188,43.26,22.87,0.06631
2023-02-22,0.237159,0.02811510024583652,-0.6519971552965006,0.9197747951669043,42.81,22.29,0.06045
2023-02-23,0.23579,-0.23797976149640235,-0.9108852418298959,0.6225550559266116,40.62,21.14,0.04778
2023-02-24,0.236418,-0.03257648730806483,-0.7821114761129045,0.780794793159894,42.26,21.67,0.05436
2023-02-27,0.235561,-0.27989527988823026,-0.941178393981999,0.6127078187811429,40.21,20.95,0.04698
2023-02-28,0.235263,-0.06412331577902756,-0.9913306882089503,0.6923505330884518,41.93,20.7,0.05017
2023-03-01,0.235119,-0.05669576822305626,-1.0114324332828883,0.888009634238771,41.97,20.58,0.05852
2023-03-02,0.233947,-0.22861529642937395,-1.231443222512581,0.7181963031600462,40.55,19.59,0.05122
2023-03-03,0.232652,-0.5993287630305584,-1.478755781160432,0.417116725424676,37.51,18.49,0.03813
2023-03-06,0.232794,-0.5624544904858583,-1.4388464126098377,0.5322963103457106,37.76,18.61,0.04271
2023-03-07,0.233948,-0.08601814356533682,-1.200662263813586,0.5917711979265978,41.54,19.59,0.04496
2023-03-08,0.23338,-0.2711340960166831,-1.3036622086579515,0.6980826131314403,40.03,19.11,0.04889
2023-03-09,0.237536,0.3810539770116963,-0.4827089843064075,1.3780825827509748,45.19,22.61,0.07577
2023-03-10,0.240162,0.455831783959591,0.042433894768910956,1.8307324788155495,45.75,24.8,0.09337
2023-03-13,0.242242,1.1207402499245451,0.4604310186959355,2.2732794467528707,51.0,26.52,0.11154
2023-03-14,0.238879,0.5169664228695636,-0.20250299474089484,1.40155733583746,46.22,23.73,0.077
2023-03-15,0.241784,0.47354106351667374,0.3827629712262369,1.9804947867374032,45.87,26.14,0.10069
2023-03-16,0.237994,-0.20204214106239368,-0.3713493902198425,0.8596512488273244,40.49,22.99,0.05515
2023-03-17,0.241023,0.4288917685873898,0.24532846547998893,1.5263085905513458,45.47,25.51,0.08243
2023-03-20,0.239386,0.2049832354566824,-0.08345482696931458,1.0807412352901322,43.7,24.15,0.06469
2023-03-21,0.236075,-0.32536221804163923,-0.7542484863037916,0.5699430991972687,39.49,21.38,0.04401
2023-03-22,0.237119,0.13682780308959006,-0.5377041967239219,0.5473544093259711,43.15,22.26,0.04329
2023-03-23,0.237539,-0.15653579372046378,-0.4514221609522044,0.6470922595450433,40.83,22.61,0.04759
2023-03-24,0.236501,-0.8442315658435937,-0.6618302352179672,0.48824018830027677,35.37,21.74,0.0413
2023-03-27,0.235145,-1.3809654736502512,-0.935548106540047,0.21211933787755957,31.07,20.6,0.03014
2023-03-28,0.234397,-1.374424314299525,-1.086140237849358,0.05944039848361909,31.08,19.97,0.02408
2023-03-29,0.233395,-1.5035010433699645,-1.2899202280784716,-0.2903461327256821,30.05,19.12,0.00997
2023-03-30,0.233279,-1.8938595144276036,-1.3128128692654746,-0.30203611880275527,27.04,19.02,0.0097
2023-03-31,0.232905,-2.0140457083968446,-1.390438360167475,-0.34440542721838496,26.14,18.7,0.0082
2023-04-03,0.23273,-1.893026137167558,-1.424942952491047,-0.3925506299242738,27.11,18.55,0.00642
2023-04-04,0.233259,-1.7925083004138842,-1.3114068745143102,-0.08192182804199369,27.89,19.0,0.0191
2023-04-05,0.233353,-1.7068652376085423,-1.290576798529051,-0.08008028192587321,28.65,19.08,0.01937
2023-04-06,0.232551,-1.9947389972124296,-1.4556825682025714,0.14415841416194497,26.54,18.4,0.02849
2023-04-10,0.233224,-2.0681564440501408,-1.3121464579240052,0.5953665245173466,25.95,18.97,0.0467
2023-04-11,0.233378,-1.874758027339705,-1.2743957411759812,0.6390573318766747,27.42,19.1,0.04851
2023-04-12,0.233365,-1.8243820596750417,-1.2715645933677462,0.792436064798664,27.83,19.09,0.05476
2023-04-13,0.231847,-2.2380903252973825,-1.574671844990052,0.4504062239826312,24.66,17.8,0.04107
2023-04-14,0.230988,-2.3939935758707254,-1.7340531900972347,0.5013845992320051,23.29,17.07,0.04303
2023-04-17,0.230848,-2.401202111477074,-1.7454184103563701,0.7114239129947989,23.02,16.95,0.05133
2023-04-18,0.230707,-2.32926568280022,-1.7598161406698838,0.728874978895385,23.44,16.83,0.05199
2023-04-19,0.230273,-2.315983793542523,-1.8305137848830368,0.7909709207818515,23.36,16.46,0.05439
2023-04-20,0.231105,-2.181626724704473,-1.6494878248046303,1.412395201478781,24.28,17.17,0.07921
2023-04-21,0.230635,-2.1966429173716713,-1.7306286886502982,1.3025868555598346,24.02,16.77,0.0751
2023-04-24,0.230776,-2.19311107099677,-1.6924302323246276,1.3427196056443043,24.03,16.89,0.077
2023-04-25,0.232973,-1.632426479616,-1.2505648734129953,1.32905410769188,28.51,18.76,0.07658
2023-04-26,0.233066,-1.2182854841541877,-1.2219632642797777,1.3328165944230186,31.82,18.84,0.0764
2023-04-27,0.23094,-1.748917652748894,-1.6243562546468766,0.665850004693339,27.41,17.03,0.04947
2023-04-28,0.229476,-1.9864272272883619,-1.9016523889370276,0.3320999279389103,25.29,15.78,0.03551
2023-05-01,0.229828,-1.986516661684264,-1.8164554132735322,0.6620414419643298,25.09,16.08,0.04781
2023-05-02,0.231821,-1.313277140319797,-1.4115720909609732,0.9232038066512319,30.56,17.78,0.05767
2023-05-03,0.232479,-1.0925498276706178,-1.276654943059009,1.056108050646851,32.33,18.34,0.06247
2023-05-04,0.234546,-0.603626428057435,-0.8668350918539119,1.4568223926467938,36.38,20.09,0.0777
2023-05-05,0.231129,-1.1932127682300178,-1.5278846350381587,0.29665311262796606,31.37,17.19,0.0332
2023-05-08,0.230882,-1.3839291427666,-1.5619802112418875,0.23845677339752647,29.68,16.98,0.03112
2023-05-09,0.231739,-0.9653196166877649,-1.3829486232659556,0.3997807255460352,33.12,17.71,0.03737
2023-05-10,0.230835,-1.3184669429425038,-1.5493381769419756,0.20107412336886854,30.07,16.94,0.02981
2023-05-11,0.230823,-1.4272888481848662,-1.54813425940286,0.3991695200023244,29.06,16.93,0.03737
2023-05-12,0.230939,-1.446572246483101,-1.517377478354982,0.42606591954672873,28.8,17.03,0.03845
2023-05-15,0.231046,-1.2969945071670996,-1.4884423824780124,0.45033381713906906,29.96,17.12,0.03946
2023-05-16,0.232068,-0.8645738829308564,-1.2755035812214703,0.6306151868890576,33.54,17.99,0.0465
2023-05-17,0.230754,-1.1545452261686044,-1.5280684731989234,0.15909368743823238,31.02,16.87,0.02859
2023-05-18,0.229795,-1.470749276503083,-1.7057722198368268,-0.10739489269286069,28.25,16.05,0.01864
2023-05-19,0.230687,-1.2233294810124618,-1.5113323854528424,0.07840344571036784,30.25,16.81,0.02602
2023-05-22,0.231157,-1.3258288487706997,-1.4077922644632697,0.1781821616062857,29.29,17.21,0.03001
2023-05-23,0.232708,-0.844756650647229,-1.0889854504137144,0.6848913232562751,33.31,18.53,0.04928
2023-05-24,0.234479,-0.6193871876595591,-0.7305292552438157,1.0251380838819342,35.18,20.03,0.06222
2023-05-25,0.233428,-1.2951648598514571,-0.9325094131664573,1.1548843242412181,29.36,19.14,0.06723
2023-05-26,0.232029,-1.9771026639230163,-1.2047156062391378,0.6939725855099922,23.44,17.95,0.05048
2023-05-30,0.231452,-2.148371847372515,-1.3103117165201372,0.5554534031320155,21.78,17.46,0.0456
2023-05-31,0.232015,-1.9726255089307965,-1.1868611602380275,0.8241184718211789,23.08,17.94,0.05562
2023-06-01,0.229329,-2.415097146554584,-1.7132354624132395,0.17430790875139554,19.05,15.65,0.0323
2023-06-02,0.228105,-2.3311380192729767,-1.9401753383150595,-0.2162580755121639,19.47,14.6,0.01858
2023-06-05,0.228257,-2.1672505401281987,-1.8872344966241243,0.16782675488668372,20.62,14.73,0.03258
2023-06-06,0.227358,-2.1294433308369585,-2.0426843376296073,-0.05820012340110072,20.7,13.96,0.02494
2023-06-07,0.227333,-2.282754664340768,-2.0216274052097374,-0.056361119453633944,19.07,13.94,0.02525
2023-06-08,0.226996,-2.386728443976042,-2.062241081487543,-0.1654515147874347,17.83,13.65,0.02169
2023-06-09,0.227207,-2.387963134555304,-1.9958043066823794,-0.09820246908052838,17.49,13.83,0.02418
2023-06-12,0.22859,-1.9964961018198935,-1.7086547510539916,0.18437473719633038,20.78,15.01,0.0341
2023-06-13,0.228125,-1.9892658581237088,-1.7798401510730784,0.03521070085968588,20.64,14.61,0.02912
2023-06-14,0.227273,-2.238527164735903,-1.9231938684196739,-0.05013835796339084,18.1,13.88,0.02635
2023-06-15,0.228001,-2.0992465469616985,-1.7782960044898286,0.12360978144351469,19.17,14.5,0.03226
2023-06-16,0.226879,-2.20163140719705,-1.9836421239844817,-0.15407201058701636,18.01,13.54,0.02278
2023-06-20,0.227274,-2.214024401491254,-1.8886291838293572,-0.11642637340461633,17.68,13.88,0.02417
2023-06-21,0.226478,-2.2084417073349654,-2.0314530223053198,-0.39386385981530775,17.48,13.2,0.0146
2023-06-22,0.226141,-2.3820970710765597,-2.079713665027799,-0.17315301931075283,15.57,12.91,0.02212
2023-06-23,0.226756,-2.361043847351777,-1.9417640455466767,-0.03313530126411835,15.5,13.44,0.02701
2023-06-26,0.227701,-2.3488238199841347,-1.7425331860162383,0.18630194823184026,15.31,14.25,0.03462
2023-06-27,0.22711,-2.4553054787661956,-1.8406813955780736,0.08744432647209592,13.97,13.74,0.0314
2023-06-28,0.226747,-2.545536639210699,-1.8900785451811535,-0.014942164431999182,12.71,13.43,0.0282
2023-06-29,0.226878,-2.5249378056323937,-1.8453841749523483,0.12842470721940685,12.49,13.54,0.03327
2023-06-30,0.226941,-2.4805394106558496,-1.8165544735902275,0.06521363505061613,12.52,13.59,0.03132
2023-07-03,0.226918,-2.475304295954871,-1.8034354489355533,0.3289608389124993,12.17,13.57,0.04029
2023-07-05,0.22763,-2.2975859519254045,-1.6536704883702922,0.5078567833766462,13.59,14.18,0.0464
2023-07-06,0.229099,-2.124707130688805,-1.3632480072832975,0.7018122526777665,15.04,15.44,0.05303
2023-07-07,0.228385,-2.268421009931603,-1.4851069560177854,0.5283689076440299,13.24,14.83,0.0475
2023-07-10,0.228666,-2.234068642357533,-1.4198562077229941,0.6365089335391979,13.26,15.07,0.05126
2023-07-11,0.2284,-2.1708999893287957,-1.4573482433533431,0.5074538691088247,13.6,14.84,0.04723
2023-07-12,0.226885,-2.412985390462369,-1.7253167871604005,0.1500935133378012,10.68,13.54,0.03584
2023-07-13,0.22697,-2.423205637340617,-1.6928526536759514,0.12937554763948736,10.16,13.61,0.03537
2023-07-14,0.226655,-2.439667445427855,-1.7350028365211414,0.030816606791855113,9.56,13.34,0.03229
2023-07-17,0.226819,-2.398425935614274,-1.6879801762460156,0.2969130054865702,9.59,13.48,0.04082
2023-07-18,-0.098766,-2.4066494881493856,-1.7099571484308236,0.22517328448020568,9.08,13.3,0.03851
2023-07-19,-0.699843,-2.305387913492113,-1.5945459097893595,0.45443149755063905,9.82,13.76,0.04599
2023-07-20,-0.720938,-2.251344858627491,-1.5305426603482322,0.47652229837239596,10.06,13.99,0.04664
2023-07-21,-0.827095,-2.281726593768213,-1.5984548488358241,0.35615916884878596,9.34,13.6,0.04283
2023-07-24,-0.579816,-2.245750732274934,-1.5178113441255963,0.6481203367468666,9.38,13.91,0.05225
2023-07-25,-0.959509,-2.2261078357044513,-1.514297120348335,0.7416275094165766,9.25,13.86,0.05537
2023-07-26,-0.3259,-2.0688807385831485,-1.6399467679788298,0.7105965037561328,10.79,13.19,0.05451
2023-07-27,-0.594258,-1.845340257258684,-1.3708154670004962,0.929850907864474,13.2,14.41,0.06157
2023-07-28,-1.009542,-1.8770424108667585,-1.5821919234277575,0.4667663272233662,12.58,13.33,0.04661
2023-07-31,-0.624337,-1.8549780029091483,-1.5052757378289354,0.8150356317362856,12.59,13.63,0.05784
2023-08-01,0.227349,-1.735523080275362,-1.430273042773854,0.8627069672769088,13.81,13.93,0.05951
2023-08-02,0.229868,-1.4192093289175345,-0.9776502973019635,1.046322992097666,17.51,16.09,0.06561
2023-08-03,0.229668,-1.458095321424819,-1.0053127570912,1.1273091612505375,16.87,15.92,0.0684
2023-08-04,0.23105,-1.1172715974275798,-0.757434431209304,1.4340372884018766,20.96,17.1,0.0785
2023-08-07,0.229494,-1.3053166519697463,-1.0232014880162397,0.8890195322397575,18.5,15.77,0.06114
2023-08-08,0.22975,-1.1759539898994413,-0.9719146632178797,0.9637336401877019,19.99,15.99,0.06376
2023-08-09,0.229712,-1.129526599972327,-0.9720465419814713,0.9390307415786892,20.46,15.96,0.06318
2023-08-10,0.229584,-1.0236329364083034,-0.9882249057228323,1.053787653011064,21.69,15.85,0.06713
2023-08-11,0.228402,-1.1824768801168424,-1.1855087440063437,0.7400028138441441,19.59,14.84,0.05702
2023-08-14,0.228381,-1.1926210934108892,-1.1824276906820272,0.6871929059968698,19.35,14.82,0.05548
2023-08-15,0.230296,-0.8779074470491023,-0.8457186277443712,1.0730704372848479,23.23,16.46,0.06832
2023-08-16,0.230669,-0.7420050441953147,-0.7780210555970986,1.120227364960673,24.89,16.78,0.07014
2023-08-17,0.231971,-0.5602127000350905,-0.552345899545698,1.428311606034905,27.14,17.89,0.08057
2023-08-18,0.231277,-0.6983222848499713,-0.668697330483746,1.2425551862661026,25.33,17.3,0.07479
2023-08-21,0.231079,-0.6743503780350685,-0.7000650982522157,1.104454410986043,25.57,17.13,0.07049
2023-08-22,0.23089,-0.7093895999749821,-0.7294887902137246,1.0889394755785085,25.06,16.97,0.07022
2023-08-23,0.229733,-0.8848141401261183,-0.9234242741547076,0.4972286049466494,22.76,15.98,0.0507
2023-08-24,0.23116,-0.4387564855636618,-0.6731699885554708,0.6631213248271601,28.35,17.2,0.05624
2023-08-25,0.22938,-0.6829071459906358,-0.9708872109521514,0.3129707275794867,25.18,15.68,0.04456
2023-08-28,-0.518701,-0.7762570536826171,-1.0833219192697523,0.045130097373287825,23.92,15.08,0.03554
2023-08-29,-1.011987,-0.8723694591864034,-1.200853701333329,-0.5232342998725263,22.62,14.45,0.01656
2023-08-30,-1.011969,-0.9948924840854777,-1.3042919636378958,-0.4383751541446511,20.98,13.88,0.01923
2023-08-31,-1.011961,-1.0521931983465882,-1.355130905168779,-0.520648638814455,20.16,13.57,0.01634
2023-09-01,-1.011947,-1.0902408646512907,-1.4390284376557476,-0.6148995072789465,19.58,13.09,0.01305
2023-09-05,-1.011974,-0.9454403387578658,-1.2445389604507884,-0.23254743440833608,21.3,14.01,0.02554
2023-09-06,-1.01199,-0.7965316506052667,-1.1473961395554015,-0.1440862222048027,23.08,14.45,0.02834
2023-09-07,-1.011989,-0.8886160140707458,-1.1481019233738528,-0.09391767130100831,21.84,14.4,0.02988
2023-09-08,-0.552392,-0.9645856368871684,-1.2500875594038878,-0.2627826815734632,20.8,13.84,0.02415
2023-09-11,-0.587286,-0.9889605046855039,-1.2476432480730275,-0.34403549743739614,20.4,13.8,0.02142
2023-09-12,0.198484,-0.7893939238134444,-1.1526020058281488,-0.20990056231800697,22.8,14.23,0.02577
2023-09-13,0.226814,-0.9660130239910151,-1.2910683179444107,-0.21112952839763927,20.51,13.48,0.02574
2023-09-14,-0.826331,-1.154933278998358,-1.4097290584356565,-0.39112404785480953,18.06,12.82,0.01974
2023-09-15,-0.153794,-0.9056848479232362,-1.2083070925275103,-0.2656078091933792,21.06,13.79,0.02384
2023-09-18,0.22742,-0.8101939401960051,-1.1575717343569962,-0.20095832554473733,22.16,14.0,0.026
2023-09-19,0.227548,-0.7502908192115747,-1.126976317489707,-0.11925560994778181,22.82,14.11,0.02873
2023-09-20,0.228748,-0.5249454619404952,-0.9158451207296755,0.04906319815780206,25.52,15.14,0.03432
2023-09-21,0.231556,-0.2262956945738791,-0.4363677878760528,0.5779364585958273,29.12,17.54,0.05182
2023-09-22,0.231155,-0.3851749473533647,-0.4976743818688795,0.7240756529352491,27.1,17.2,0.05673
2023-09-25,0.211603,-0.6043419635029575,-0.5511431670263104,0.6842322542675865,24.36,16.9,0.05552
2023-09-26,0.233201,-0.38982357541851614,-0.13859194080718754,1.0925996798492228,26.88,18.94,0.06912
2023-09-27,0.232352,-0.49852518476235175,-0.2756953035193833,1.3289400864706709,25.5,18.22,0.07698
2023-09-28,-0.303795,-0.6401752114133215,-0.4470887381687802,1.0191838245072724,23.73,17.34,0.06639
2023-09-29,-0.392662,-0.5552649906239615,-0.4036918610617736,1.0910311117933993,24.67,17.52,0.06823
2023-10-02,0.231635,-0.542805779095265,-0.3783232095046119,1.1417469747380495,24.75,17.61,0.06984
2023-10-03,0.234191,-0.37976941847731677,0.08680776955628135,1.6031133115188945,26.62,19.78,0.08468
2023-10-04,0.232776,-0.510685056263105,-0.15880838076423373,1.0673769579905246,25.01,18.58,0.06738
2023-10-05,0.232669,-0.5828216242154557,-0.1700928023482683,1.0342760468528815,24.09,18.49,0.06648
2023-10-06,0.231448,-0.7336849750019027,-0.3894817004793287,0.4290801004484026,22.24,17.45,0.04704
2023-10-09,0.231744,-0.7163298144176461,-0.32791164082206353,0.5121475740262029,22.37,17.7,0.04988
2023-10-10,0.230959,-0.8180781989890179,-0.4699072882711125,0.26449082660244977,21.1,17.03,0.0419
2023-10-11,0.229858,-1.0346151269103967,-0.6764247688090149,-0.060342011760889096,18.48,16.09,0.03136
2023-10-12,0.230559,-0.9439850315515711,-0.5354778726118522,0.23567671144746768,19.45,16.69,0.0409
2023-10-13,0.233654,-0.6818148063531143,0.086982669167351,1.2216020122644164,22.43,19.32,0.07239
2023-10-16,0.231171,-0.8950218836978409,-0.4058479317400046,0.3639302193797847,19.88,17.21,0.04454
2023-10-17,0.231959,-0.7250395481456329,-0.2348648718457922,0.578263758468754,21.77,17.88,0.05129
2023-10-18,0.233535,-0.5420142721788067,0.11069989950171176,0.8679991506475302,23.81,19.22,0.06053
2023-10-19,0.236118,-0.04770262843028173,0.6840298597512409,1.8350038494063785,29.42,21.4,0.09166
2023-10-20,0.236483,-0.07042485224618546,0.7863492267501442,1.6976333736145501,29.09,21.71,0.08789
2023-10-23,0.23489,-0.24164685980441622,0.45471453337487744,1.309275644187584,27.07,20.37,0.07584
2023-10-24,0.233235,-0.4881325184921286,0.09447030842869626,1.0703794452964,24.21,18.97,0.06843
2023-10-25,0.234674,-0.060405513562403514,0.4440582696308431,1.1466567447939555,28.95,20.19,0.07118
2023-10-26,0.235252,-0.04273343885313732,0.6010331374083568,1.2081122192424893,29.06,20.68,0.07348
2023-10-27,0.235952,0.45241441657155373,0.787080048724718,1.3685278677926598,34.46,21.27,0.07903
2023-10-30,0.234151,0.25856480858127384,0.364664828754055,0.6344485649667425,32.23,19.75,0.05544
2023-10-31,0.232252,0.08655232187750808,-0.09199018582737274,0.2897698563726278,30.27,18.14,0.0444
2023-11-01,0.230761,-0.0706376146360174,-0.45830174487835473,-0.17266498786159143,28.46,16.87,0.02961
2023-11-02,0.229349,-0.3667068124881675,-0.8119690737157238,-1.005057610842948,25.2,15.66,0.0029
2023-11-03,0.228475,-0.4439523457207514,-1.0318808361892422,-1.1747552443644003,24.31,14.91,-0.00264
2023-11-06,0.228452,-0.4270295477359877,-1.0331970118979847,-1.1400765123218106,24.42,14.89,-0.0015
2023-11-07,0.22836,-0.3673904531536436,-1.0521281669210665,-1.1448525409732957,24.97,14.81,-0.00156
2023-11-08,0.227939,-0.510721973907922,-1.1559832922810969,-1.2350303564157776,23.43,14.45,-0.00447
2023-11-09,0.228918,-0.41143158981228795,-0.8906745240844606,-1.0089706161273682,24.38,15.29,0.00281
2023-11-10,0.227615,-0.8007944728574203,-1.233345690775056,-1.6003251713579287,20.38,14.17,-0.01636
2023-11-13,0.228304,-0.451184734478957,-1.0452239786449864,-1.2935804520722602,23.83,14.76,-0.00666
2023-11-14,0.227611,-0.6618158185285411,-1.2266663545239584,-1.9098470794223967,21.67,14.16,-0.02532
2023-11-15,0.227634,-0.6789597781652127,-1.2111198711695839,-1.6435531925380986,21.44,14.18,-0.0161
2023-11-16,0.227798,-0.8589000718861293,-1.1592691214961826,-1.4620325894874058,19.6,14.32,-0.00995
2023-11-17,0.227192,-0.9235526956781244,-1.3184195015876121,-1.3101032477456336,18.91,13.8,-0.00486
2023-11-20,0.22674,-0.8447998483784475,-1.4353557578591494,-1.4338210444753046,19.62,13.41,-0.0082
2023-11-21,0.226669,-0.7629673103828142,-1.4459753815234915,-1.4937316672041883,20.36,13.35,-0.00956
2023-11-22,0.226088,-0.5442937877443762,-1.5960046064852011,-1.1645326466801484,22.41,12.85,0.00088
2023-11-24,0.225633,-0.7764115756402455,-1.7075302175637361,-0.8715118800419447,20.13,12.46,0.01026
2023-11-27,0.225901,-0.6694477200102971,-1.6174388818307004,-0.7271216425129738,21.09,12.69,0.0152
2023-11-28,0.225901,-0.5630252900165619,-1.6016858584598939,-0.6783768768922948,22.04,12.69,0.01737
2023-11-29,0.226239,-0.41319556036327776,-1.4943957032515611,-0.6461670095912841,23.4,12.98,0.01898
2023-11-30,0.22617,-0.3527611727349833,-1.501345654842847,-0.5958164931716012,23.91,12.92,0.02084
2023-12-01,0.225835,-0.3571595127027453,-1.5806014308575818,-0.20571830074045855,23.81,12.63,0.03204
2023-12-04,0.226357,-0.4443991093330797,-1.4236786723558985,-0.11551242437063529,22.94,13.08,0.03503
2023-12-05,0.226089,-0.44163818422238155,-1.4833582137054249,-0.2411791720047089,22.91,12.85,0.0322
2023-12-06,0.226227,-0.2817234369870341,-1.432285853640628,-0.30604556260918714,24.33,12.97,0.03111
2023-12-07,0.226335,-0.3402153979140216,-1.391605282541885,-0.37617740895438573,23.74,13.06,0.02993
2023-12-08,0.225509,-0.5556186720522475,-1.603035602518556,-0.39053695885066775,21.72,12.35,0.03008
2023-12-11,0.225837,-0.5761496260015779,-1.5029809722921763,0.21340040263162066,21.48,12.63,0.04477
2023-12-12,0.225187,-0.7137873850865575,-1.6665231507047837,-0.017908045696446707,20.19,12.07,0.03963
2023-12-13,0.225332,-0.7178672720272279,-1.6161192733433696,0.573217795196002,20.1,12.19,0.05322
2023-12-14,0.225671,-1.0679155911387561,-1.5190393724843587,0.7059663929396809,16.96,12.48,0.05616
2023-12-15,0.225438,-0.9414949448557461,-1.570927070778633,0.5996724093094934,18.03,12.28,0.05375
2023-12-18,0.225766,-0.7747128718487587,-1.4687923021977116,0.7040630756131944,19.43,12.56,0.05624
2023-12-19,0.225734,-0.6477698418212433,-1.468313338081438,0.7370457793861405,20.48,12.53,0.0571
2023-12-20,0.227056,-0.5184862933652743,-1.0978915630454418,0.3008890994706287,21.54,13.67,0.04716
2023-12-21,0.227037,-0.5583894398636053,-1.0967330120539887,0.09468957695761783,21.15,13.65,0.04248
2023-12-22,0.226315,-0.6320041651050291,-1.285283892164322,-0.17315079205920123,20.48,13.03,0.03642
2023-12-26,0.22627,-0.9409170475034764,-1.2872477250665912,-0.1570517178461087,17.85,12.99,0.03695
2023-12-27,0.225619,-1.1698516011382984,-1.4557798570312375,-0.40279301342828755,15.9,12.43,0.03142
2023-12-28,0.225665,-1.2525212744083443,-1.4307646697250618,-0.37020749432815414,15.15,12.47,0.03232
2023-12-29,0.225641,-1.3535704748049249,-1.4260573744291352,-0.45533070428303596,14.24,12.45,0.03046
2024-01-02,0.226512,-1.387614881888987,-1.1776355788842061,-0.24693536556447893,13.88,13.2,0.03524
2024-01-03,0.227488,-1.12819350479357,-0.9016919740058602,0.0010029267340279234,15.93,14.04,0.04086
2024-01-04,0.227592,-1.124189923383443,-0.8660763537296738,-0.013686952022424363,15.89,14.13,0.04053
2024-01-05,0.226683,-1.2928973545942084,-1.1105211084221378,-0.27646201098574164,14.43,13.35,0.03455
2024-01-08,0.226374,-1.4436962704813376,-1.189909238059456,-0.6982714424288433,13.1,13.08,0.02495
2024-01-09,0.226001,-1.510214006898994,-1.2860118528218902,-0.847765777610018,12.45,12.76,0.02144
2024-01-10,0.225921,-1.5434910016878565,-1.2989137221042812,-0.9072019579391063,12.06,12.69,0.0201
2024-01-11,0.22563,-1.6695725775901435,-1.371292426764719,-1.0040137822697093,10.9,12.44,0.01784
2024-01-12,0.225933,-1.598801278515416,-1.2758703436260288,-0.46845638552864755,11.35,12.7,0.02999
2024-01-16,0.22726,-1.2616055392161691,-0.8963621903811237,-0.010459740336521323,14.04,13.84,0.0404
2024-01-17,0.228366,-1.03769760343502,-0.5813423277011807,0.3039257557535411,15.84,14.79,0.04764
2024-01-18,0.227599,-1.2263830333242456,-0.7908143850442628,-0.14631142688001808,14.2,14.13,0.03772
2024-01-19,0.226636,-1.4741824804064663,-1.0537084650155741,-0.8037959739849965,12.03,13.3,0.02304
2024-01-22,0.226509,-1.6040072345736345,-1.0812463125801774,-0.15053539317002887,10.82,13.19,0.03759
2024-01-23,0.225765,-1.6591356697523119,-1.2810082209474156,-0.20327976567941744,10.22,12.55,0.0364
2024-01-24,0.226452,-1.5874271145926446,-1.0788787291036255,0.05789353387521169,10.69,13.14,0.0423
2024-01-25,0.226815,-1.5615575612981427,-0.9696620452653244,0.1707023983771943,10.78,13.45,0.0449
2024-01-26,0.226594,-1.557234253245219,-1.0237258242388638,0.07224195861035573,10.69,13.26,0.04276
2024-01-29,0.226993,-1.4612625731511784,-0.9052987162075714,0.10481194196850223,11.39,13.6,0.04355
2024-01-30,0.226655,-1.5739946100829139,-0.9923632092494927,0.015683157723756194,10.3,13.31,0.04165
2024-01-31,0.22786,-0.9826558547027213,-0.6476330902501886,-0.2566580629947083,15.31,14.35,0.03563
2024-02-01,0.227317,-1.1268336031093142,-0.7942730114416435,-0.5306686779230974,13.99,13.88,0.02951
2024-02-02,0.227286,-0.8380443938357955,-0.797500546512397,-0.6266390815396309,16.43,13.85,0.02736
2024-02-05,0.227075,-1.1190580116449136,-0.8501864253625145,-0.7957205833722697,13.93,13.67,0.02367
2024-02-06,0.226366,-1.0212991397415825,-1.0415790176529285,-0.7112630839321553,14.72,13.06,0.02556
2024-02-07,0.226102,-0.9726321958393437,-1.1080912096847046,-0.8771247938968703,15.08,12.83,0.02192
2024-02-08,0.226055,-1.0596761753950659,-1.1122506120696571,-0.8689756949891502,14.25,12.79,0.022
2024-02-09,0.22622,-1.1026539969110456,-1.058060185395731,-0.8097814049590886,13.8,12.93,0.02327
2024-02-12,0.227384,-1.0095967996348612,-0.7258471666520689,-0.38164073869515475,14.54,13.93,0.03275
2024-02-13,0.229618,-0.8911392864277172,-0.09558998610420588,-0.06814600179078142,15.51,15.85,0.03969
2024-02-14,0.227906,-1.037993982751772,-0.5695342513507624,-0.7019299205759538,14.16,14.38,0.02556
2024-02-15,0.227477,-1.1395320869902017,-0.6846890434715263,-0.7987452388689331,13.2,14.01,0.02335
2024-02-16,0.227743,-1.1190001195776724,-0.6035089045253852,-0.5619908868878221,13.3,14.24,0.02863
2024-02-20,0.229117,-0.6677561037072383,-0.2118727192939774,-0.16952656599804208,17.18,15.42,0.03738
2024-02-21,0.229024,-0.6353320527427622,-0.2327278141812789,-0.19790287347339794,17.41,15.34,0.03674
2024-02-22,0.228098,-0.5559103000485862,-0.4912804253160241,-1.3813189222884525,18.05,14.54,0.01031
2024-02-23,0.227179,-0.7701080974145101,-0.7482675597943039,-1.7088404808601376,16.15,13.75,0.00274
2024-02-26,0.227166,-0.7687070086172444,-0.7460575226466987,-1.7493587733703588,16.12,13.74,0.00144
2024-02-27,0.226806,-0.8338510051688132,-0.8444517643452993,-1.7970859075113954,15.52,13.43,-5e-05
2024-02-28,0.227282,-0.7470773694788392,-0.6993570115570721,-1.608093072700376,16.21,13.84,0.00379
2024-02-29,0.226772,-0.7870783427321101,-0.8432864508252501,-1.0833171978831955,15.83,13.4,0.0154
2024-03-01,0.226438,-1.0062328443168385,-0.9361033356768842,-1.0387647986609458,13.98,13.11,0.01623
2024-03-04,0.226879,-1.0706138085168717,-0.7986247027797567,-0.7077615594811615,13.42,13.49,0.0236
2024-03-05,0.228005,-0.9143357158782188,-0.4578552914636564,-0.5584007131495041,14.65,14.46,0.0269
2024-03-06,0.228053,-0.9057632227171494,-0.4391468924922525,-0.5687898264257406,14.67,14.5,0.02661
2024-03-07,0.227987,-1.176440923602691,-0.4549140362902095,-0.6643994206739902,12.45,14.44,0.02435
2024-03-08,0.228334,-1.1515763487575457,-0.34529150311778195,-0.6713312260153812,12.62,14.74,0.0241
2024-03-11,0.228893,-0.7324745885908592,-0.1733879075367782,-0.4194401274078662,15.89,15.22,0.02976
2024-03-12,0.227289,-1.2677030227611024,-0.6500160484265732,-1.2269625917892708,11.72,13.84,0.01121
2024-03-13,0.227184,-1.3222815295201376,-0.679825251335015,-0.7375859345111199,11.33,13.75,0.02218
2024-03-14,0.22794,-1.0210943047490666,-0.44181980369704743,-0.34793288133801575,13.68,14.4,0.0308
2024-03-15,0.227949,-0.9286471020343395,-0.43213155160325567,-0.4306515271605812,14.38,14.41,0.02883
2024-03-18,0.227858,-0.8233532055798063,-0.45929053399687814,-0.43897677923334927,15.15,14.33,0.02852
2024-03-19,-0.332037,-0.5681226367971071,-0.6549430194764497,-0.5562264377509202,16.92,13.82,0.02588
2024-03-20,-1.011889,-0.7219455693075232,-0.9749804498319588,-1.025730436668768,15.85,13.04,0.01565
2024-03-21,-1.011885,-1.2395035358485997,-1.030273471389127,-0.06288400638963791,12.38,12.92,0.03616
2024-03-22,-1.011889,-1.438987762772273,-0.9679294292126668,-0.01806145594375196,11.06,13.06,0.0371
2024-03-25,-0.301647,-1.6807472967652566,-0.9115449101715701,0.06605181374292801,9.55,13.19,0.03888
2024-03-26,-0.082245,-1.7044810919576445,-0.8901406488017826,0.0377680324771874,9.43,13.24,0.03823
2024-03-27,-1.01188,-1.7635937455012651,-1.0918964044986754,-0.30149526162500084,9.01,12.78,0.03094
2024-03-28,-0.411685,-1.691109526737923,-0.9851042220589836,-0.15615078741549515,9.38,13.01,0.03406
2024-04-01,0.048872,-1.6277223874908346,-0.691771615308535,0.24565592366341896,9.7,13.65,0.04272
2024-04-02,-0.375414,-1.273253899491312,-0.2513742092006876,0.4987517534472449,11.87,14.61,0.04825
2024-04-03,-0.711207,-1.2487363669999345,-0.3723406519063795,0.7615560258084154,11.96,14.33,0.05397
2024-04-04,0.230215,-0.7878543565020194,0.5575882775553146,1.211379957783244,14.83,16.35,0.06367
2024-04-05,0.229844,-0.8237309402723906,0.41700150449600415,1.0042049835856544,14.56,16.03,0.05946
2024-04-08,0.228863,-1.080033845013893,0.03681883752236098,0.7509541627150689,12.89,15.19,0.05425
2024-04-09,0.228619,-1.0040918031418888,-0.05344212025645286,0.6562416910201543,13.32,14.98,0.05237
2024-04-10,0.229573,-0.7104791416351461,0.33591581339313736,1.0939410567604477,15.13,15.8,0.06176
2024-04-11,0.228537,-1.0946559022567373,-0.07466595213033017,0.5204521898298411,12.66,14.91,0.04967
2024-04-12,0.231337,-0.5770573783309344,1.0697856314475942,1.0669260900820579,15.88,17.31,0.06131
2024-04-15,0.233592,0.2564803220647297,1.9928064179209866,1.709048067215071,21.1,19.23,0.07503
2024-04-16,0.232614,0.10187859230586573,1.587804692853346,1.4273005380031407,20.11,18.4,0.06934
2024-04-17,0.232388,0.019762377795572453,1.4904953252180102,1.3969547694754332,19.58,18.21,0.06891
2024-04-18,0.232141,-0.12429544736734327,1.384998297691829,1.5941444558525002,18.66,18.0,0.07333
2024-04-19,0.232974,-0.10069401201733139,1.7132465250325988,1.8851657502362542,18.79,18.71,0.07987
2024-04-22,0.230897,-0.6423534373981984,0.8726375601308509,0.7368313775329758,15.37,16.94,0.05519
2024-04-23,0.229439,-1.0080599951111833,0.2884377913596012,-0.2854763281638432,13.04,15.69,0.03284
2024-04-24,0.229766,-0.9986259213913462,0.42193625511137806,-0.15028372517885477,13.05,15.97,0.03562
2024-04-25,0.229064,-1.2897524411269565,0.1427099544014011,-0.19305080970776323,11.17,15.37,0.03456
2024-04-26,0.22867,-1.0159418487546725,-0.01050336182363583,-0.667118218763645,12.83,15.03,0.02433
2024-04-29,0.228252,-1.2518130433298975,-0.17433386320343208,-0.8783762214459236,11.32,14.67,0.01972
2024-04-30,0.22939,-0.7871944792914803,0.2959669408807705,-0.8034086729907061,14.16,15.65,0.02118
2024-05-01,0.229085,-0.25170570115989327,0.17255426788568026,-0.9103099850651322,17.46,15.39,0.01883
2024-05-02,0.22826,-0.4271463706514909,-0.1639617993374726,-1.2084321710665722,16.34,14.68,0.01235
2024-05-03,0.226879,-0.7004827302554556,-0.726896464378259,-1.8369657490412963,14.61,13.49,-0.00123
2024-05-06,0.226883,-0.6802940705916769,-0.720597253485403,-2.0634288487590156,14.7,13.49,-0.00647
2024-05-07,0.226581,-0.6684528603127718,-0.8419219896259811,-2.1659497035986464,14.75,13.23,-0.00906
2024-05-08,0.226313,-0.7478221975791172,-0.9466769594578923,-2.05494626347097,14.24,13.0,-0.00725
2024-05-09,0.225955,-0.8810381712339058,-1.0896181878628226,-2.113822011928688,13.41,12.69,-0.00905
2024-05-10,0.225793,-0.9651032747802996,-1.1493740182069998,-1.6442572139038871,12.89,12.55,0.00067
2024-05-13,0.227013,-0.28711520608113417,-0.6302741957235841,-0.7367515708271564,16.83,13.6,0.02039
2024-05-14,0.226806,-0.3595587729436835,-0.7120944666922214,-0.8028239018453648,16.37,13.42,0.01885
2024-05-15,0.225683,-1.0059319940008395,-1.178095283613703,-1.2877320198903048,12.59,12.45,0.00802
2024-05-16,0.225647,-1.0781642741455362,-1.1832818601785777,-1.2884392385849388,12.14,12.42,0.00779
2024-05-17,0.225148,-1.1972697807627561,-1.3843946631346582,-1.1284260722754775,11.45,11.99,0.01112
2024-05-20,0.225335,-1.047087350814333,-1.2946313868236663,-0.9807711652936385,12.27,12.15,0.01428
2024-05-21,0.224999,-1.1895749793520467,-1.424559375814053,-0.8787988295476862,11.43,11.86,0.01653
2024-05-22,0.225497,-1.0641220099351263,-1.2038056866426587,-0.7412644901549035,12.1,12.29,0.01954
2024-05-23,0.226052,-0.6314835024155615,-0.9617806354752838,-0.6484288944289135,14.47,12.77,0.02156
2024-05-24,0.225079,-0.9449842053440407,-1.3641967942859856,-0.9076403620859764,12.73,11.93,0.01565
2024-05-28,0.226229,-1.1358133203350023,-0.8751683520691409,-0.4601735773521634,11.71,12.92,0.02548
2024-05-29,0.227807,-0.46907136663927,-0.19622881838223866,0.836953169128854,15.24,14.28,0.05423
2024-05-30,0.228026,-0.3756207511667761,-0.09537465139440086,0.810291776798965,15.71,14.47,0.05366
2024-05-31,0.226227,-0.957511641237739,-0.8647341583688946,0.1567429539016793,12.59,12.92,0.03914
2024-06-03,0.226448,-0.700029235758097,-0.762792034049828,0.6211830443745789,13.92,13.11,0.04941
2024-06-04,0.226507,-0.380229287388303,-0.7321817001658438,0.9318637063576672,15.6,13.16,0.0564
2024-06-05,0.225895,-0.8766903453467599,-0.9941197543446434,0.297823699920975,12.94,12.63,0.04243
2024-06-06,0.225837,-1.0352656923026726,-1.0130294912952413,0.27140460285365264,12.06,12.58,0.04189
2024-06-07,0.225419,-1.121020105173628,-1.1881648645025151,0.13067178058113407,11.56,12.22,0.03882
2024-06-10,0.226023,-0.6101931191141935,-0.9227939799300643,0.35655727612645355,14.25,12.74,0.0439
2024-06-11,0.226152,-0.44277356119469863,-0.8651436364321425,0.40513981381187886,15.13,12.85,0.04506
2024-06-12,0.225215,-1.2285515793823194,-1.264505952410959,-0.08654560429405225,10.91,12.04,0.0342
2024-06-13,0.2251,-1.594753008801987,-1.3043276351301831,0.22698463925213097,8.89,11.94,0.04118
2024-06-14,0.225935,-1.4828453444948613,-0.9393939040513236,0.5785459687089407,9.41,12.66,0.04905
2024-06-17,0.226042,-1.4867473179274227,-0.891231033002577,0.4765529729262296,9.32,12.75,0.04687
2024-06-18,0.225521,-1.5856160930188719,-1.1078245063781005,0.2705378719103865,8.71,12.3,0.04235
2024-06-20,0.226658,-1.5875651774753627,-0.622027106636469,0.6534160468443481,8.62,13.28,0.05094
2024-06-21,0.226564,-1.700651103378906,-0.6597769711955326,0.640967040815513,7.92,13.2,0.05077
2024-06-24,0.226714,-1.5827584669399715,-0.5959747054212138,0.9060422209198822,8.48,13.33,0.0568
2024-06-25,0.226147,-1.6638805804545092,-0.8377575929874108,0.7669418032595097,7.96,12.84,0.05385
2024-06-26,0.225811,-1.8523347147040652,-0.9782093282692526,0.6378635543773039,6.83,12.55,0.0511
2024-06-27,0.225451,-2.003472389856255,-1.1249262172955767,0.830415108491564,5.88,12.24,0.05547
2024-06-28,0.225682,-2.034562796030683,-1.0218077998078048,1.0308534729273384,5.59,12.44,0.06006
2024-07-01,0.225427,-2.096257868466763,-1.1257175010047014,1.0863331236483298,5.13,12.22,0.06146
2024-07-02,0.225209,-2.1036636510976034,-1.2133880698064434,0.9163707469564191,4.97,12.03,0.05782
2024-07-03,0.225281,-2.171027901470131,-1.178204235136978,0.9017550725558949,4.46,12.09,0.05763
2024-07-05,-1.011851,-2.2173774627143428,-0.9836196464913988,1.4634041409799172,4.06,12.48,0.07035
2024-07-08,-1.011847,-2.2319403007037386,-1.0317372992175329,1.42443690753301,3.82,12.37,0.0697
2024-07-09,-1.011851,-2.167833368855939,-0.9565117167597161,1.5224115122569166,4.03,12.51,0.07208
2024-07-10,-1.011857,-2.1283884408906157,-0.7865020952081221,1.3583229826287695,4.12,12.85,0.06859
2024-07-11,-1.011862,-2.146452546994343,-0.747720085676065,0.8741047319455444,3.87,12.92,0.05772
2024-07-12,-1.011847,-2.2764120575251243,-0.9645607476698027,0.7899562794952432,2.93,12.46,0.05586
2024-07-15,-1.011865,-1.9464587689628268,-0.6440728789222104,1.0713039353672433,4.81,13.12,0.06239
2024-07-16,-1.011866,-1.8291899862309522,-0.6092149881507685,1.0394056859986807,5.45,13.19,0.06182
2024-07-17,0.189953,-1.5594091008653748,0.010419878545108804,0.8696257090508992,7.06,14.48,0.05809
2024-07-18,0.229746,-1.3272093552187083,0.7048801092701865,1.276976271808869,8.47,15.93,0.06755
2024-07-19,0.230433,-1.0717263292457462,0.9828660932025579,1.381273462091292,10.05,16.52,0.07016
2024-07-22,0.228558,-1.2975275729691493,0.20434012666723333,0.40413436235934996,8.65,14.91,0.04777
2024-07-23,0.228336,-1.2067576284683819,0.11153072909941088,0.3483051860517628,9.2,14.72,0.04648
2024-07-24,0.232209,-0.23488327218321808,1.701225878412938,0.48939060869888606,15.24,18.04,0.04976
2024-07-25,0.232702,-0.12957609394507758,1.884296570290644,0.6369019705522213,15.92,18.46,0.05316
2024-07-26,0.230278,-0.8055384842532078,0.8825954333300107,-0.5216897850651193,11.77,16.39,0.02636
2024-07-29,0.230524,-0.848698144760142,0.9753219471641159,-0.39612892222871166,11.51,16.6,0.02915
2024-07-30,0.231799,-0.44102552509424725,1.4842737729002744,0.05108038934089509,14.02,17.69,0.03936
2024-07-31,0.230246,-0.7852147702200072,0.8447524990841547,-0.9267658141951214,11.9,16.36,0.01677
2024-08-01,0.232857,-0.16983914189206373,1.8872486238024953,-0.22821028703267437,15.7,18.59,0.03272
2024-08-02,0.238545,0.8240806817303764,4.107281642638775,1.4332298246127464,21.85,23.39,0.0709
2024-08-05,0.257269,3.6920071873189158,10.836636039900835,6.853101688894732,39.62,38.57,0.19598
2024-08-06,0.243754,2.417248455660844,4.862563308837538,1.7333260958251353,32.22,27.71,0.08182
2024-08-07,0.243923,2.3956318617451635,4.691679890341007,2.0098915806695823,32.29,27.85,0.08881
2024-08-08,0.239023,1.6906768365411982,3.088976181002183,-0.4226861462234087,27.94,23.79,0.02787
2024-08-09,0.234952,0.8771588163321801,1.8684540082324925,-1.760612400296547,22.72,20.37,-0.00595
2024-08-12,0.235355,0.9637326372093252,1.9643388822690462,-1.5817151596722987,23.3,20.71,-0.00188
2024-08-13,0.232304,0.23384437621014842,1.0814289252859586,-2.923975585143509,18.54,18.12,-0.03627
2024-08-14,0.230044,-0.40958898529645055,0.43368918483770724,-3.4745812858013227,14.33,16.19,-0.05197
2024-08-15,0.228929,-0.72931159880559,0.11303884095770372,-3.992788227917237,12.22,15.23,-0.06806
2024-08-16,0.228429,-0.9681573340092599,-0.028099648446957576,-3.9676332018374763,10.62,14.8,-0.07088
2024-08-19,0.228258,-0.9237726785903704,-0.07536964752569655,-3.873492192179069,10.86,14.65,-0.07179
2024-08-20,0.22969,-0.7799991109937325,0.33842561740910704,-3.331033684222548,11.75,15.88,-0.05954
2024-08-21,0.230146,-0.648596185733932,0.47070461814917397,-2.508255592037508,12.56,16.27,-0.03791
2024-08-22,0.231641,-0.7073875114807621,0.8992494507343782,-2.1040751342599116,12.14,17.55,-0.02719
2024-08-23,0.229668,-1.1116525346318973,0.33440099465546064,-2.6611485898623277,9.49,15.86,-0.04433
2024-08-26,0.230006,-1.2157990688220623,0.4312840587482491,-2.538404162238116,8.76,16.15,-0.04208
2024-08-27,0.229167,-1.2315415467831794,0.19273986201987467,-2.691576083065977,8.61,15.43,-0.04796
2024-08-28,0.231127,-0.7618207097133781,0.7538273048990038,-1.9294138751743741,11.57,17.11,-0.02615
2024-08-29,0.229421,-0.35512555765689185,0.2635346598811254,-2.152466819903584,14.14,15.65,-0.0337
2024-08-30,0.228667,-0.4144053801025347,0.04522994755143571,-1.9408273834573073,13.73,15.0,-0.02789
2024-09-03,0.235374,0.944699337315624,1.9510402345891633,0.5326464959174527,22.41,20.72,0.04889
2024-09-04,0.236085,1.5504142761521156,2.1265233737930793,0.7642624137973354,26.31,21.32,0.05627
2024-09-05,0.234403,1.1530857625137514,1.632231398085242,0.4045812442743815,23.82,19.9,0.04519
2024-09-06,0.237342,1.9978783715873059,2.4267108702052145,1.2842004505075513,29.29,22.38,0.07282
2024-09-09,0.233871,1.3876089618698968,1.44244792900498,0.21441780168753008,25.43,19.45,0.03952
2024-09-10,0.233436,1.382048811882683,1.3111711068934644,0.08433559412686065,25.43,19.08,0.03547
2024-09-11,0.231805,0.7343288133322937,0.8546160140303077,-0.160032226344937,21.25,17.69,0.02784
2024-09-12,0.23108,0.32430846411382935,0.6500725128045212,-0.40194484654855767,18.58,17.07,0.02027
2024-09-13,0.230485,0.16928222909079946,0.4827328935741734,-0.28094379424513866,17.55,16.56,0.02404
2024-09-16,0.231164,0.28797711635921186,0.664540762746566,-0.09421012220106821,18.31,17.14,0.0299
2024-09-17,0.231714,0.40457685987100916,0.8096637725532414,0.17589140963669722,19.07,17.61,0.03843
2024-09-18,0.232441,0.6059283039755312,1.0023953383028181,0.36445885010407486,20.37,18.23,0.0444
2024-09-19,0.230221,-0.07718943573871953,0.38850865511277916,-0.5964868468234206,15.92,16.33,0.0143
2024-09-20,0.23001,-0.15328134825466228,0.32817961301999954,-0.5278684337588868,15.4,16.15,0.01639
2024-09-23,0.229707,-0.30088665398348885,0.24382087425587196,-0.45917298630379416,14.41,15.89,0.01847
2024-09-24,0.229125,-0.5966560985064203,0.08636981790587327,-0.5946159352323093,12.47,15.39,0.01408
2024-09-25,0.229148,-0.6297276680583697,0.09513985179285224,-0.593746827837729,12.22,15.41,0.01395
2024-09-26,0.229103,-0.8436864715115535,0.08428922558927003,-0.541288804436066,10.82,15.37,0.01544
2024-09-27,0.230958,-0.5942228966091023,0.5995513128909387,-0.035239449328857066,12.36,16.96,0.03112
2024-09-30,0.23069,-0.8162244517274257,0.527996910527184,-0.0005161153323660276,10.92,16.73,0.03203
2024-10-01,0.233657,-0.2130197000929814,1.3427217580527244,1.463700084274349,14.68,19.26,0.07748
2024-10-02,0.233233,-0.3396456101965739,1.221841641751437,1.3593765137963747,13.85,18.9,0.07433
2024-10-03,0.235108,-0.22211878901630921,1.7274923157363846,1.8865785019694206,14.55,20.49,0.09084
2024-10-04,0.233599,-0.7477076425764132,1.3146580014472264,2.157042498620156,11.24,19.21,0.09939
2024-10-07,0.237662,0.743751063344897,2.4086486583629236,3.0861634270008222,20.45,22.64,0.1292
2024-10-08,0.236213,0.4504843824332085,1.9953144956023452,2.5457160425815255,18.61,21.42,0.11376
2024-10-09,0.23555,0.29006587420816304,1.8007815252878883,2.4258005570661036,17.6,20.86,0.11114
2024-10-10,0.235632,0.183409767396732,1.809586567227141,2.4451037735547625,16.92,20.93,0.11288
2024-10-11,0.235077,0.1928633093737099,1.6481427299061737,2.2562740416934925,16.96,20.46,0.10784
2024-10-14,0.234181,0.14351857446442287,1.3990214496401636,1.9318993460625358,16.65,19.7,0.09805
2024-10-15,0.23529,0.25764488354065557,1.680494991026946,2.0314297406322512,17.34,20.64,0.1021
2024-10-16,0.234039,0.005595123764858508,1.3487012280217476,1.7276849560421308,15.77,19.58,0.09231
2024-10-17,0.233485,-0.3800377963363959,1.1977752268668986,2.0204696568071636,13.39,19.11,0.1028
2024-10-18,0.232217,-0.4487765911024814,0.8635727109682461,1.6906402646407255,12.94,18.03,0.09221
2024-10-21,0.232615,-0.5726220012059441,0.9706634500699267,1.7628507625073802,12.15,18.37,0.09508
2024-10-22,0.232416,-0.5237815968813724,0.9271174737371584,1.711008952459149,12.41,18.2,0.09335
2024-10-23,0.233636,-0.262065914224026,1.2602399298578033,1.8229169980052433,13.94,19.24,0.09729
2024-10-24,0.233449,-0.37475373130126377,1.2143885160194698,1.785499986693629,13.23,19.08,0.09632
2024-10-25,0.234923,-0.05621546426794682,1.602851287236696,2.138585749884483,15.08,20.33,0.10899
2024-10-28,0.234298,-0.1294021821322717,1.4374363763121656,1.9858838398365264,14.6,19.8,0.1043
2024-10-29,0.233756,-0.25391009788390223,1.297705410467141,2.045132418209446,13.83,19.34,0.10688
2024-10-30,0.234947,0.2386888505828711,1.620887380754663,2.280524525033958,16.57,20.35,0.1157
2024-10-31,0.238283,1.26304747212208,2.495939192061025,2.3884699146217137,22.18,23.16,0.12057
2024-11-01,0.236758,1.8058122319947394,2.068068302978036,2.1016342344929524,25.05,21.88,0.11145
2024-11-04,0.236877,1.8744675589273023,2.07642594056559,2.2415068750369582,25.36,21.98,0.11753
2024-11-05,0.235112,1.2285053415626332,1.59834239904252,1.7155490546899095,21.83,20.49,0.09932
2024-11-06,0.23016,-0.2495628677881891,0.3069176845745284,-0.22528214411170766,13.74,16.27,0.02835
2024-11-07,0.228916,-0.4238742590983015,-0.01846202849390324,-0.549842331794149,12.76,15.2,0.01653
2024-11-08,0.228614,-0.6254034779133063,-0.09758341216437236,-0.60422156649752,11.64,14.94,0.01464
2024-11-11,0.228649,-0.7664617035285011,-0.0891053473658746,-0.5481964047491668,10.85,14.97,0.01681
2024-11-12,0.228346,-0.9269212108396717,-0.16737906505775682,-0.5396467283482398,9.96,14.71,0.0172
2024-11-13,0.227545,-1.1312389421107314,-0.37683790495632874,-0.7208356366959645,8.83,14.02,0.01079
2024-11-14,0.22788,-1.0728551834890612,-0.2881321351305061,-0.7097422887638167,9.1,14.31,0.01131
2024-11-15,0.230006,-0.7937182414430277,0.2653024149842475,-0.4396982812500228,10.54,16.14,0.02138
2024-11-18,0.229354,-0.48929301987151386,0.09353945835732148,-0.6126196002364578,12.12,15.58,0.01534
2024-11-19,0.230253,-0.22953087382776263,0.32504099455421354,-0.41762189006696465,13.47,16.35,0.02253
2024-11-20,0.2312,-0.12369732674727002,0.5671918159392312,-0.07016369709554209,14.01,17.16,0.03516
2024-11-21,0.230862,0.33451808762345725,0.47492319001266925,-0.17765517269070635,16.41,16.87,0.03149
2024-11-22,0.228962,-0.28766765697722135,-0.022645143112938512,-0.6421966083108251,13.11,15.24,0.01508
2024-11-25,0.228219,-0.4665910153284143,-0.21951077434975028,-0.8254497843302545,12.14,14.6,0.00864
2024-11-26,0.22764,-0.41749803203328023,-0.37414577270659705,-0.988085766044296,12.37,14.1,0.00282
2024-11-27,0.227639,-0.23218744333252236,-0.3762203788439135,-0.9921944209805823,13.31,14.1,0.00259
2024-11-29,0.226956,-0.6221956310659568,-0.5577243042516279,-0.5646459249670235,11.25,13.51,0.01777
2024-12-02,-0.211124,-0.7164806865500883,-0.6103115873271903,-0.609449831940973,10.73,13.34,0.01616
2024-12-03,-0.403691,-0.6482782239327715,-0.6232010917829938,-0.5807513613488301,11.05,13.3,0.01717
2024-12-04,0.068875,-0.6930044313385108,-0.5786996360179992,-0.4147871182562662,10.79,13.45,0.02303
2024-12-05,0.226993,-0.7927970977948513,-0.5518971538547431,0.58274859035531,10.25,13.54,0.0587
2024-12-06,-0.482797,-1.1768133089201176,-0.7877064901718538,0.45314890432741145,8.27,12.77,0.05417
2024-12-09,0.227746,-0.8136191390197355,-0.3546279321232419,0.7571379082486303,10.07,14.19,0.06516
2024-12-10,-0.562736,-0.8335409461694593,-0.3593004848769531,0.7250034455540385,9.94,14.18,0.06418
2024-12-11,-1.011856,-1.1668732515383757,-0.5452471901684227,0.4529266016469767,8.24,13.58,0.05457
2024-12-12,-0.607201,-0.9740359967309127,-0.4429264832981707,0.46736957241607174,9.16,13.92,0.05513
2024-12-13,0.227305,-1.1649797574827352,-0.4795695629620658,0.5312125680102492,8.17,13.81,0.05749
2024-12-16,0.228327,-1.0976957735114652,-0.21246696319441077,1.2798911806336588,8.46,14.69,0.08443
2024-12-17,0.229699,-0.8327476000821709,0.14678951778437635,1.536953481198869,9.74,15.87,0.09393
2024-12-18,0.243664,2.7955251714634297,3.756401294594016,3.100988968146522,27.82,27.62,0.15094
2024-12-19,0.239402,1.8633402936778352,2.585224017162717,2.0771793736849227,23.32,24.09,0.11564
2024-12-20,0.232607,1.05056749918245,0.8440516510310853,0.39056052926064705,19.24,18.36,0.05381
2024-12-23,0.230758,0.3220015098968848,0.3700205981795938,-0.08866920261283176,15.53,16.78,0.03603
2024-12-24,0.227838,-0.6895370631224875,-0.3770029165219637,-0.8992309238438528,10.4,14.27,0.00588
2024-12-26,0.228372,-0.8801034414026458,-0.24240463479913174,-0.7350581202763679,9.41,14.73,0.01182
2024-12-27,0.229789,-0.39030482359756163,0.11733486232185561,-0.5370082227128311,11.84,15.95,0.01907
2024-12-30,0.23148,0.15345731240122035,0.5443996452429964,-0.22218643635038568,14.56,17.4,0.03075
2024-12-31,0.231421,0.0823835956635221,0.5243050267917865,-0.23073060971463077,14.2,17.35,0.03042
2025-01-02,0.2321,0.25533857445952046,0.6919500763966858,-0.07158491803917169,15.07,17.93,0.03636
2025-01-03,0.229998,-0.4590978367966079,0.15007246239147945,-0.7141553188856293,11.48,16.13,0.0124
2025-01-06,0.229894,-0.9782142236706273,0.12083252018949871,-0.7818297825979745,8.85,16.04,0.00974
2025-01-07,0.231972,-0.08224299194538731,0.6494137781212406,-0.3969725232158532,13.33,17.82,0.02396
2025-01-08,0.231832,0.08133154308174485,0.6084036780487023,-0.4111889396957058,14.15,17.7,0.02338
2025-01-10,0.233991,0.6182544510636812,1.1522062287983164,-0.12874224098558784,16.86,19.54,0.03393
2025-01-13,0.233579,0.5588739775641574,1.0386109011794873,-0.13004439902725268,16.58,19.19,0.03394
2025-01-14,0.233015,0.590783599638075,0.8874129985902532,-0.2569257654930065,16.76,18.71,0.02926
2025-01-15,0.229986,-0.3514465234566421,0.10850969797366697,-1.337059184242495,12.03,16.12,-0.01102
2025-01-16,0.230546,-0.28861442556030903,0.2479097050654915,-1.1788608008726353,12.35,16.6,-0.00542
2025-01-17,0.229813,-0.48745791703340013,0.05662467711267454,-1.4408565790151415,11.34,15.97,-0.01557
2025-01-21,0.228756,-0.9456768999251486,-0.216580194846534,-0.7611393868918523,9.01,15.06,0.0096
2025-01-22,0.228804,-1.1021962700917276,-0.2058153813042274,-0.7626675107853261,8.19,15.1,0.0094
2025-01-23,0.228713,-1.1481330302177106,-0.23209088017406762,-0.6983279217296438,7.93,15.02,0.01175
2025-01-24,0.228514,-1.2007840726687784,-0.2854278662229916,-0.718042350589813,7.64,14.85,0.01088
2025-01-27,0.23207,-0.964409884530689,0.6262419084216608,-0.04697012448041617,8.82,17.9,0.03615
2025-01-28,0.23033,-1.1288402125223924,0.17371322392099767,-0.5363458906411757,7.97,16.41,0.0176
2025-01-29,0.079694,-1.4226041601202282,0.215413047526305,-0.3703259899469127,6.45,16.56,0.02377
2025-01-30,0.229665,-1.4107122447189882,-0.004821453039068232,-0.4158381189157854,6.47,15.84,0.02197
2025-01-31,-0.061113,-1.0377574595397205,0.170100324035175,-0.26900322670262733,8.34,16.43,0.02744
2025-02-03,-0.066168,-0.2860868336020099,0.8265365493860882,0.23063003391462478,12.19,18.62,0.04632
2025-02-04,-0.014579,-0.4820916538083307,0.3961490278726803,-0.027859964686570024,11.17,17.21,0.03657
2025-02-05,-1.011939,-0.835492516685173,-0.04140439596299845,-0.39275305904993935,9.34,15.77,0.02277
2025-02-06,-1.011927,-0.7944029327500017,-0.12512126227909875,-0.2819658850050768,9.52,15.5,0.02694
2025-02-07,-1.011972,-0.4756967414416003,0.1863507303968071,-0.15295293686503145,11.14,16.54,0.03185
2025-02-10,-1.011941,-0.5445407614775266,-0.03811446741038687,-0.004492778453146837,10.77,15.81,0.0375
2025-02-11,-1.011949,-0.5119170340893071,0.021799058474183383,0.04581480857637756,10.92,16.02,0.03947
2025-02-12,-1.011944,-0.4064021884722417,-0.021465819535906143,-0.018439333982062805,11.45,15.89,0.0371
2025-02-13,-1.01191,-1.0030792835134146,-0.2650145228513017,0.05353460865691796,8.36,15.1,0.03988
2025-02-14,-1.011898,-1.1240425176647426,-0.36688432067715754,-0.01895461888325932,7.7,14.77,0.03717
2025-02-18,-1.01192,-0.9554702216983948,-0.18925964551072696,0.24751852722870576,8.53,15.35,0.04725
2025-02-19,-1.011916,-0.9013338904267489,-0.2148209463594875,0.31756891213946903,8.78,15.27,0.04998
2025-02-20,-1.011932,-0.7984552415799137,-0.09785776577320117,0.43044629436705323,9.29,15.66,0.05436
2025-02-21,-1.012045,0.05444326342646024,0.6763655179850235,0.7148927101667295,13.71,18.21,0.06524
2025-02-24,-0.026341,0.2936053289043485,0.9065514105636274,0.8963804799122876,14.94,18.98,0.07225
2025-02-25,0.233866,0.33427344102388373,1.0373859575350879,1.2741004605876782,15.14,19.43,0.08679
2025-02-26,-0.263317,0.6568381019655803,0.929712595966512,1.3300916613899356,16.8,19.1,0.08932
2025-02-27,0.235872,1.9622653312664642,1.5373558300501249,1.5348162119939912,23.58,21.13,0.09755
2025-02-28,-1.012112,1.397674850014583,1.0702882938859268,0.7912460894987029,20.73,19.63,0.06968
2025-03-03,0.094208,2.3171119512994167,2.0113639543264745,1.2904591646812082,25.6,22.78,0.08899
2025-03-04,0.238704,2.430511322887898,2.205243670707075,1.3802035321446782,26.36,23.51,0.09283
2025-03-05,0.236822,2.556205870415591,1.706279018182859,0.8592833515622381,27.22,21.93,0.07332
2025-03-06,-0.509368,3.306516624942715,2.5583854913933233,1.387484924204069,31.52,24.87,0.09383
2025-03-07,-1.0123,2.969982123052775,2.0775068982257476,0.9573361153186822,30.11,23.37,0.07773
2025-03-10,-1.012538,3.375248553347482,3.353138562344113,1.577792486920689,32.74,27.86,0.10191
2025-03-11,-1.012489,3.7978010469059464,3.0008545764936145,1.4115368325651407,35.67,26.92,0.09605
2025-03-12,0.239561,3.3379075688994533,2.185736595264295,0.650309876926985,33.65,24.23,0.06694
2025-03-13,0.020292,3.0302686079941323,2.2748977014002585,0.6726828621124449,32.3,24.66,0.06799
2025-03-14,-0.358198,2.671307394386519,1.4504234391682058,-0.446641706862334,30.48,21.77,0.0246
2025-03-17,-0.425078,2.1893521865610257,1.0931925099511783,-0.848420239368549,27.77,20.51,0.00905
2025-03-18,0.088009,2.5243727869824,1.4091869640759083,-0.5421800430320639,30.07,21.7,0.02088
2025-03-19,-1.012135,2.0661435297935697,0.907297132951854,-1.1493705819832098,27.41,19.9,-0.0028
2025-03-20,-1.012131,1.939877026935394,0.8733634042091661,-1.171279584268021,26.76,19.8,-0.00389
2025-03-21,-1.012107,1.9910721185305245,0.7256498150129973,-1.1584997161756294,27.23,19.28,-0.00363
2025-03-24,-1.012023,1.2594831828846609,0.2311427740452047,-1.9204117585155742,22.59,17.48,-0.03373
2025-03-25,-1.012009,1.115723135288672,0.13700893119080063,-1.9879692752793476,21.7,17.15,-0.03708
2025-03-26,-0.293219,1.3345229282622548,0.454304760738223,-1.7327211431198557,23.19,18.33,-0.02783
2025-03-27,0.232985,1.24124056458753,0.5475516266903699,-1.4749475357874597,22.65,18.69,-0.01818
2025-03-28,0.236479,1.9130802011421846,1.3511936763534256,-0.7128912356300248,27.15,21.65,0.01196
2025-03-31,0.23723,1.4661794578379153,1.5115251975157369,-0.42814099892893415,24.33,22.28,0.02328
2025-04-01,0.236624,1.3477594955010805,1.3591739922825592,-0.48810564799928874,23.63,21.77,0.02083
2025-04-02,0.236316,0.7170754509456013,1.2769792274521539,-0.47884428734258505,19.5,21.51,0.02115
2025-04-03,0.246583,2.6827663556039427,3.5752543457292085,0.23359632076669595,32.65,30.02,0.04974
2025-04-04,0.265971,4.583370225076882,7.52503967475597,2.313876779781919,45.83,45.31,0.1335
2025-04-07,0.268167,4.299944088110186,7.178597286598862,2.9151809206900423,45.22,46.98,0.15924
2025-04-08,0.275307,4.77664343665711,7.685684341873025,4.103383579292141,49.9,52.33,0.21064
2025-04-09,0.25104,2.7452812711626198,3.211993522540969,-3.810787909149572,36.12,33.62,-0.12098
2025-04-10,0.26002,3.4892800780368978,4.505002542994049,-2.371965443531201,42.26,40.72,-0.06312
2025-04-11,0.25599,3.4283574165407398,3.730631761017483,-3.007259983218319,42.53,37.56,-0.09289
2025-04-14,0.247654,2.369280741133976,2.4112032628265423,-4.429851744674623,34.7,30.89,-0.15999
2025-04-15,0.246706,2.5450801801029588,2.236018937027086,-4.393832307747835,36.43,30.12,-0.16672
2025-04-16,0.249815,3.0821711453054017,2.651569656404197,-3.7576232452743983,41.22,32.64,-0.14434
2025-04-17,0.246126,2.470175794181229,2.08412686667746,-4.249492379595842,36.6,29.65,-0.17453
2025-04-21,0.251281,3.2456364334580705,2.7812015456533485,-3.3755866784131268,43.51,33.82,-0.1377
2025-04-22,0.247256,2.7721474092721614,2.174459129860302,-4.0003392743428705,40.05,30.57,-0.17515
2025-04-23,0.24466,2.4009795548062858,1.787532991262456,-4.349706229876945,37.22,28.45,-0.20142
2025-04-24,0.242257,1.8673467551053238,1.4372176083247075,-4.637910738848771,32.77,26.47,-0.22705
2025-04-25,0.240291,1.6709976314157455,1.1523441187422667,-4.7311101580595745,31.19,24.84,-0.24439
2025-04-28,0.240665,1.6188405689004157,1.1953651145730098,-4.390859907377505,30.87,25.15,-0.23671
2025-04-29,0.239488,1.4840815628143045,1.0230052726697534,-4.371053324468116,29.79,24.17,-0.24655
2025-04-30,0.240124,1.485888809194007,1.1036126963950672,-4.114272965732939,29.93,24.7,-0.24106
2025-05-01,0.240005,1.745970515980785,1.0785679188782615,-3.98127026066872,32.43,24.6,-0.24198
2025-05-02,0.23771,1.4500782548357949,0.7521738319370062,-3.6681697979880385,29.88,22.68,-0.22946
2025-05-05,0.238855,1.6044293396571006,0.9058995007011632,-2.5595961530602063,31.42,23.64,-0.15769
2025-05-06,0.240198,1.948373152744547,1.0845987429102195,-2.3875928269519506,34.74,24.76,-0.14825
2025-05-07,0.238747,1.6018090597466021,0.8764749624558429,-2.417169581004364,31.71,23.55,-0.153
2025-05-08,0.23747,1.3726228331931911,0.6930540086825135,-0.47613133701947535,29.7,22.48,-0.01144
2025-05-09,0.23678,1.4006314463795078,0.5916274585469902,0.008548272301263501,30.07,21.9,0.02454
2025-05-12,0.232639,0.5590344209931875,0.006509763745097813,-0.7134243553308655,22.22,18.39,-0.02893
2025-05-13,0.232441,0.21199390359732337,-0.025147322673447665,-0.7328658199344832,18.97,18.22,-0.0305
2025-05-14,0.232911,0.11352092736835095,0.03747179428029137,-0.6671419464213406,18.06,18.62,-0.02573
2025-05-15,0.231984,-0.008085093284251893,-0.09764727565643828,-0.4460055594409322,16.93,17.83,-0.00942
2025-05-16,0.231295,-0.03455991219726359,-0.19866100988632626,-0.5147108841145815,16.68,17.24,-0.01466
2025-05-19,0.23235,0.3015379689145942,-0.05160480612569064,0.052880086578649704,19.86,18.14,0.02745
2025-05-20,0.23229,0.28481577090199256,-0.06381501456565034,0.17279874664877526,19.73,18.09,0.03645
2025-05-21,0.235564,0.7409047787372091,0.39699270530446745,0.36576043802172936,24.07,20.87,0.05093
2025-05-22,0.234865,0.5714038388812853,0.29308100777201435,0.4238938580275618,22.52,20.28,0.05543
2025-05-23,0.237249,0.9995416468340947,0.6256767706644897,0.6514634680663632,26.61,22.29,0.07255
2025-05-27,0.233312,0.11849631509096031,0.05987414588485268,0.04214527792822472,18.34,18.96,0.02739
2025-05-28,0.233722,0.3325804612671208,0.1145334410625345,0.052853509563925406,20.39,19.31,0.02822
2025-05-29,0.23357,0.5773522982693344,0.08842064448939338,0.03554190159584259,22.73,19.18,0.02695
2025-05-30,0.232853,0.5899503193186515,-0.019488207769273094,-0.04512399056689781,22.89,18.57,0.02098
2025-06-02,0.232607,0.6771880792882154,-0.058945987357888176,0.003305164053020984,23.76,18.36,0.02458
2025-06-03,0.231822,0.5558956957668585,-0.17552628193103154,-0.04896516524199637,22.65,17.69,0.02056
2025-06-04,0.231729,0.505207254455221,-0.19146687357770165,-2.6770035348669138e-05,22.2,17.61,0.02408
2025-06-05,0.232748,0.4315544106914806,-0.046848352491576366,0.08165444697355713,21.54,18.48,0.0301
2025-06-06,0.230747,0.25319407203118716,-0.34229144745859535,-0.172147040381375,19.88,16.77,0.01112
2025-06-09,0.231203,0.43811820918852185,-0.27864631662917505,-0.11243340231772614,21.65,17.16,0.01539
2025-06-10,0.230959,0.448224200340818,-0.31825341019467185,0.40496158297067925,21.78,16.95,0.05381
2025-06-11,0.231321,0.4527177676751991,-0.26869826558049104,0.4582908885685626,21.86,17.26,0.05783
2025-06-12,0.232212,0.5752751549999573,-0.14207601712884527,0.5541731845148112,23.06,18.02,0.06506
2025-06-13,0.235509,1.0388696690183852,0.3366184531116961,0.8291207728756287,27.49,20.82,0.08566
2025-06-16,0.233492,0.6924998364974616,0.036498821771434736,0.5721885972230284,24.27,19.11,0.06672
2025-06-17,0.236434,1.376897614514099,0.46295750858054696,0.8522663134358944,30.82,21.6,0.08779
2025-06-18,0.234705,1.0559517130583533,0.20398901232328437,0.6644583459975284,27.88,20.14,0.07402
2025-06-20,0.235272,1.0465403707005658,0.2828237783848923,0.9227771392319677,27.87,20.62,0.09347
2025-06-23,0.234341,0.765253342641961,0.14022557779744751,0.7655222945723332,25.27,19.83,0.08198
2025-06-24,0.231581,0.32703719944154197,-0.27557101184301935,0.4447872515622435,21.16,17.48,0.05814
2025-06-25,0.230739,0.03605308153191704,-0.40515575758609745,0.6093451018012126,18.44,16.76,0.07052
2025-06-26,0.230543,-0.15606897630021907,-0.4381949528747326,0.5985366648501736,16.66,16.59,0.06981
2025-06-27,0.230229,-0.3215671837895892,-0.48866002949201354,0.5564900604687184,15.13,16.32,0.06672
2025-06-30,0.230709,-0.3941259239265657,-0.41981978486855714,0.607996003936995,14.48,16.73,0.07065
2025-07-01,0.230825,-0.3548205084286331,-0.4060647147012108,0.6127282541328704,14.89,16.83,0.07111
2025-07-02,0.230605,-0.42049796222629576,-0.4439876546529102,0.5920393384074397,14.32,16.64,0.06964
2025-07-03,0.230303,-0.4448290447540701,-0.4941549732682316,0.530337230633585,14.14,16.38,0.06505
2025-07-07,0.231949,-0.2742996304706524,-0.2475151018145416,0.6782482251350372,15.78,17.79,0.07619
2025-07-08,0.230803,-0.4911261821716517,-0.42724477140517353,0.5951139744974405,13.82,16.81,0.07003
2025-07-09,0.22979,-0.6636587261963524,-0.5875097877648232,0.4655138719900333,12.28,15.94,0.06034
2025-07-10,0.229604,-0.7686142434041007,-0.619970290251214,0.45450536258995106,11.37,15.78,0.05946
2025-07-11,0.230326,-0.694193962205324,-0.5123511799678587,0.5328989943375172,12.11,16.4,0.06531
2025-07-14,0.23126,-0.49147147229928123,-0.3722109714784666,0.6427549265873138,14.02,17.2,0.07354
2025-07-15,0.23147,-0.41995092046190285,-0.34370641976672833,0.7941290804243258,14.73,17.38,0.08495
2025-07-16,0.231213,-0.4532612675488879,-0.387568119455287,0.8130370348371694,14.49,17.16,0.08653
2025-07-17,0.230467,-0.6719204892424329,-0.5082211230868998,0.8315231811970933,12.59,16.52,0.08811
2025-07-18,0.230339,-0.6411323366139919,-0.5317085013676716,0.8161571741424914,12.92,16.41,0.08711
2025-07-21,0.230619,-0.5784556436687222,-0.491315927652087,0.8698993252024211,13.53,16.65,0.09132
2025-07-22,0.230444,-0.6490985503265971,-0.52079043495278,0.8995366116689801,12.94,16.5,0.09377
2025-07-23,0.22913,-0.8725432765358558,-0.727565510141343,0.8047844746397032,10.98,15.37,0.08677
2025-07-24,0.229153,-0.7799736647935299,-0.7227079354167734,0.8092366344812113,11.81,15.39,0.08721
2025-07-25,0.22862,-0.893900928697356,-0.8071826909877428,0.7855723704418179,10.82,14.93,0.08564
2025-07-28,0.228736,-1.0394756060364376,-0.7891872699828688,0.806956930726432,9.54,15.03,0.08748
2025-07-29,0.22984,-0.9057079722947651,-0.6129569149634575,0.9200476382924645,10.69,15.98,0.09629
2025-07-30,0.229258,-1.1098455470095883,-0.7018199341426221,0.8498903083132973,8.84,15.48,0.09122
2025-07-31,0.230702,-0.7762963427760291,-0.4750911164634081,0.9953388787875096,11.79,16.72,0.10265
2025-08-01,0.234997,0.15566275186668735,0.19126274544132343,1.2388169648569842,20.1,20.38,0.12167
2025-08-04,0.231637,-0.5843177476581844,-0.3315023749893587,0.7239598440690123,13.53,17.52,0.08287
2025-08-05,0.232022,-0.2933895878589804,-0.2723434914129908,0.7373745654934672,16.13,17.85,0.08422
2025-08-06,0.230761,-0.49684759700433256,-0.4685107944298097,0.580451562608441,14.32,16.77,0.07245
2025-08-07,0.230527,-0.5685897606003739,-0.5004851651028147,0.5567892931756084,13.65,16.57,0.07064
2025-08-08,0.228875,-0.8714507119539742,-0.7619740680056069,0.3532283890397662,10.93,15.15,0.05429
2025-08-11,0.230155,-0.621126087457522,-0.5492798435083025,0.48992293494846423,13.07,16.25,0.06454
2025-08-12,0.22839,-0.8790123997908028,-0.8296334908050215,0.2295519588490491,10.76,14.73,0.04465
2025-08-13,0.228112,-1.0458143906220374,-0.8682463323906178,0.1969370240636191,9.24,14.49,0.04224
2025-08-14,0.228507,-0.9648843438674363,-0.7986706794938394,0.2504857302369423,9.88,14.83,0.04649
2025-08-15,0.228808,-0.9188833815062432,-0.7445468096414503,0.26964352156390015,10.22,15.09,0.04814
2025-08-18,0.228692,-0.7917527933280332,-0.7603003619806141,0.2511228135200174,11.29,14.99,0.04704
2025-08-19,0.229365,-0.6986882139152493,-0.6500906798331308,0.28588311642902575,12.09,15.57,0.05002
2025-08-20,0.229504,-0.5768658421952559,-0.6279263529815503,0.3313098872886815,13.16,15.69,0.05385
2025-08-21,0.230563,-0.3029368369971998,-0.4579532846868654,0.4329923114055969,15.58,16.6,0.0619
2025-08-22,0.227799,-0.9917528730354164,-0.9073092875299843,-0.04665893135317165,9.56,14.22,0.02641
2025-08-25,0.228459,-0.9409326091545955,-0.798161123548342,0.008537410522513326,9.99,14.79,0.03088
2025-08-26,0.228263,-1.0174289459493842,-0.8283889847794458,-0.018092066484860968,9.3,14.62,0.02917
2025-08-27,0.228531,-0.9138605584792664,-0.7820926955552259,0.011154556043069972,10.19,14.85,0.03157
2025-08-28,0.228044,-0.6449544266013686,-0.8596380881727491,-0.03573300298252165,12.56,14.43,0.02838
2025-08-29,0.229122,-0.4415034247367318,-0.6834854665182708,0.27953578979577864,14.37,15.36,0.05205
2025-09-02,0.231231,-0.04789884656961871,-0.3445648093242274,0.6180460525222251,17.85,17.17,0.07746
2025-09-03,0.230275,-0.09078617187261186,-0.4981268648326021,0.5166209482168087,17.5,16.35,0.07034
2025-09-04,0.229054,-0.28778761758143206,-0.6954212295504562,0.35681246350567913,15.79,15.3,0.05891
2025-09-05,0.228914,-0.34599887744698293,-0.7182318151302012,0.3228043446762562,15.29,15.18,0.05671
2025-09-08,0.228833,-0.39658608987125904,-0.7266346838614709,0.35394017977792347,14.82,15.11,0.05904
2025-09-09,0.228753,-0.43542546922977426,-0.734637791694236,0.35261225111212474,14.44,15.04,0.05896
2025-09-10,0.229113,-0.5665414504472743,-0.6723801794103368,0.4948694438530192,13.26,15.35,0.06952
2025-09-11,0.228372,-0.5928695301967402,-0.7866870911382202,0.35607658326518216,12.98,14.71,0.05926
2025-09-12,0.22843,-0.6588776886817301,-0.7729033849169639,0.36018254283179163,12.36,14.76,0.05965
2025-09-15,0.229512,-0.5095240339248366,-0.5954701722282268,0.4873382870508709,13.61,15.69,0.06914
2025-09-16,0.230292,-0.37368593085466756,-0.46883621686188365,0.5711060842290158,14.76,16.36,0.07551
2025-09-17,0.229546,-0.4477122425448281,-0.5873958086588374,0.5272409375258477,14.1,15.72,0.07251
2025-09-18,0.229524,-0.5160575689385637,-0.5903131006851963,0.5283756109168878,13.49,15.7,0.07281
2025-09-19,0.229235,-0.536560595711498,-0.6354825420670152,0.521215935771414,13.29,15.45,0.07247
2025-09-22,0.229992,-0.6185822231694094,-0.5125844982179544,0.7941430966480189,12.55,16.1,0.09284
2025-09-23,0.23062,-0.43913507205326574,-0.41039948968851764,0.8432365487609788,14.08,16.64,0.09674
2025-09-24,0.230083,-0.5184548924553575,-0.4961710925776055,0.7614799091284787,13.38,16.18,0.09108
2025-09-25,0.230735,-0.5070264953741259,-0.39210849739652137,0.7895891157476831,13.47,16.74,0.09352
2025-09-26,0.229048,-0.8366084319387136,-0.6624505534153036,0.5680867531538921,10.59,15.29,0.07741
2025-09-29,0.230014,-0.8489791535062519,-0.5080301239466197,0.7430651507277961,10.47,16.12,0.0907
2025-09-30,0.230202,-0.9220920163761704,-0.47895063646275565,0.8497394697678597,9.82,16.28,0.09901
2025-10-01,0.230214,-0.9990926236421225,-0.47794348465915776,0.8554706110947732,9.14,16.29,0.09985
2025-10-02,0.23061,-0.9690128009832385,-0.41410750990080025,0.9527157551879332,9.38,16.63,0.10748
2025-10-03,0.230634,-0.9859960152279418,-0.4103012464879493,0.9803552370054193,9.22,16.65,0.10997
2025-10-06,0.230308,-1.1860192761476256,-0.4603081869924733,0.935170159694177,7.43,16.37,0.10681
2025-10-07,0.231323,-0.9607342485149418,-0.29654571535637814,1.0060952724618362,9.36,17.24,0.11235
2025-10-08,0.230227,-1.1397881532330778,-0.4688707335700214,0.8569981327962652,7.75,16.3,0.10131
2025-10-09,0.230378,-1.12632581869457,-0.4423739898348925,0.9198038711237387,7.84,16.43,0.10604
2025-10-10,0.236523,-0.35647011817335966,0.5342254398552241,0.8642119173222285,14.57,21.66,0.10169
2025-10-13,0.233419,-0.7415049413212711,0.04510795503152504,0.36340555080383813,11.15,19.03,0.06405
2025-10-14,0.235518,-0.4145853400321609,0.3774529913556397,0.6037062646195334,14.01,20.81,0.08181
2025-10-15,0.235317,-0.48206244675415044,0.3459428420682452,0.5760104711338018,13.4,20.64,0.07955
2025-10-16,0.240888,0.20634838845469658,1.2141485937507361,1.1886405462738328,19.48,25.31,0.12513
2025-10-17,0.235483,-0.5244018714083124,0.3666409896577549,0.5770485603035761,13.02,20.78,0.07964
2025-10-20,0.232482,-0.9589518793182843,-0.10626322854371917,0.17824683730552007,9.15,18.23,0.04972
2025-10-21,0.23206,-0.931803350379137,-0.17201981000258534,0.15514400088364538,9.35,17.87,0.04781
2025-10-22,0.232915,-0.8309235651545921,-0.03575590686717568,0.24140506555301508,10.22,18.6,0.054
2025-10-23,0.146288,-0.965067494919717,-0.27720688810805894,0.07372341840576616,9.01,17.3,0.04135
2025-10-24,0.15541,-1.108602485843559,-0.4487862406850238,-0.06325602773248669,7.71,16.37,0.03095
2025-10-27,0.229637,-1.139311265200633,-0.5547536216324207,-0.21112585420942087,7.4,15.79,0.01973
2025-10-28,0.230371,-1.0902359451202936,-0.435211622398288,-0.11864768854059887,7.79,16.42,0.0263
2025-10-29,0.230954,-1.1114442363821222,-0.3405302868419891,-0.046391477066208005,7.56,16.92,0.03138
2025-10-30,0.230941,-0.7246195985034891,-0.33985632591292564,-0.11706624817125832,10.98,16.91,0.02586
2025-10-31,0.23156,-0.5499053962622213,-0.23958144075857324,-0.04269359858681126,12.53,17.44,0.03105
2025-11-03,0.231245,-0.6181661440035229,-0.28813637394376856,-0.07120209721808916,11.91,17.17,0.02865
2025-11-04,0.233387,-0.13088931614279403,0.0528954318783162,0.10327571107905627,16.27,19.0,0.04114
2025-11-05,0.232226,-0.3163483880860276,-0.12745222933253916,-0.01635044979868579,14.58,18.01,0.03204
2025-11-06,0.233974,-0.1205388042662541,0.15163839465776863,0.12282420331056157,16.3,19.5,0.0419
2025-11-07,0.23348,-0.260618832932823,0.07562547556931816,0.5760283063560604,15.01,19.08,0.07461
2025-11-10,0.231747,-0.5589987020239143,-0.19804301103779412,0.3787928988884725,12.31,17.6,0.06011
2025-11-11,0.231373,-0.5068783942016732,-0.2585038900835579,0.33931042357653884,12.77,17.28,0.05736
2025-11-12,0.231642,-0.4455255808382587,-0.21748037656475638,0.37323479062154624,13.32,17.51,0.06
2025-11-13,0.234563,-0.0748022500236558,0.24350593996640546,0.5271745535403278,16.65,20.0,0.0714
2025-11-14,0.234363,-0.002597939467528206,0.208353460529885,0.5139332218252879,17.32,19.83,0.07067
2025-11-17,0.237382,0.4796555803392399,0.6798948565378449,0.8787695022683049,21.66,22.38,0.0975
2025-11-18,0.240142,0.8129292297953058,1.1048078696374593,1.150406182821082,24.68,24.69,0.11777
2025-11-19,0.238908,0.5631538874730366,0.9041730801875775,1.002915742026954,22.51,23.66,0.1076
2025-11-20,0.242225,1.1738105614472878,1.4110781765641898,1.2623585186898552,28.0,26.42,0.12711
2025-11-21,0.238632,0.7749630506092062,0.8441317651755506,0.8217768041189986,24.52,23.43,0.09542
2025-11-24,0.235176,0.35680244179053594,0.2989813881995296,0.36424105588370437,20.83,20.52,0.06209
2025-11-25,0.23287,-0.21324443926684197,-0.06661816074669956,0.043156359262490424,15.76,18.56,0.03855
2025-11-26,0.231267,-0.23866786170554657,-0.3217770522925228,-0.17643621893652842,15.53,17.19,0.0224
2025-11-28,0.230288,-0.3024929072793832,-0.4792314458494947,-0.25343075990199365,14.97,16.35,0.01676
2025-12-01,0.231326,-0.057639919449961656,-0.31572072912371235,-0.14562183382167487,17.17,17.24,0.02473
2025-12-02,0.230568,-0.11022586095273407,-0.43930117007903813,-0.23706624982984922,16.72,16.59,0.01809
2025-12-03,0.229974,-0.3381897191951503,-0.5365967704286667,-0.226551308324589,14.7,16.08,0.01893
2025-12-04,0.229625,-0.41403363084423156,-0.5952044626074955,-0.26162402862744294,14.04,15.78,0.01635
2025-12-05,0.229195,-0.4720093188351307,-0.6669617726077615,-0.22330559122895247,13.54,15.41,0.01918
2025-12-08,0.23065,-0.26897253668002197,-0.4357914303592694,-0.06617247342005424,15.36,16.66,0.03075
2025-12-09,0.230965,-0.1374670041583457,-0.38838848736443016,0.1128780414112199,16.55,16.93,0.04396
2025-12-10,0.229615,-0.46482480617645583,-0.6091911232273514,-0.07058795006069739,13.67,15.77,0.0304
2025-12-11,0.228546,-0.7073124803781113,-0.7855578955606266,-0.19634354103052457,11.55,14.85,0.02105
2025-12-12,0.229578,-0.44756825152481683,-0.6190343165765884,0.04520060798840238,13.86,15.74,0.03865
2025-12-15,0.230462,-0.18537740163123656,-0.4777240165718166,0.14727484481290243,16.2,16.5,0.04605
2025-12-16,0.230438,-0.0998859337766044,-0.4844653698386512,0.21093928251278116,16.99,16.48,0.0507
2025-12-17,0.231767,0.1767401751200032,-0.27186321988983525,0.312317826583357,19.46,17.62,0.05813
2025-12-18,0.230892,0.0287134258385711,-0.41704711205090017,0.1807485631151559,18.2,16.87,0.04846
2025-12-19,0.228614,-0.48308312367555967,-0.7901452529106753,0.10319413109813799,13.75,14.91,0.04261
2025-12-22,0.227653,-0.6819203575534022,-0.9460689696243583,0.02567749824570785,12.03,14.08,0.03671
2025-12-23,0.227562,-0.5935024350662396,-0.9543433541230023,0.1758952216979685,12.75,14.0,0.04721
2025-12-24,0.226949,-0.6402108098506682,-1.047428063246632,0.15988453543456135,12.3,13.47,0.04575
2025-12-26,0.227099,-0.8651480537018634,-1.0168839545369937,0.21014257169118633,10.3,13.6,0.04937
2025-12-29,0.227793,-0.7668917292201709,-0.8992760605201782,0.29687837795830696,11.13,14.2,0.05574
2025-12-30,0.227943,-0.6886547916621384,-0.8745933331254011,0.3431919081283595,11.82,14.33,0.05931
2025-12-31,0.22866,-0.6240953940106507,-0.7568371199933301,0.3697384607963054,12.4,14.95,0.06144
2026-01-02,0.228151,-0.9124533200885467,-0.8388702978315858,0.31194980396152544,9.88,14.51,0.0574
2026-01-05,0.228604,-1.038055875873176,-0.7620617552083163,0.32811858526367255,8.75,14.9,0.05869
2026-01-06,0.228432,-1.080446896416896,-0.7877757421408992,0.27683282107354296,8.34,14.75,0.05507
2026-01-07,0.229162,-0.9989621483814081,-0.6658179063930341,0.3624971040488166,9.01,15.38,0.06139
2026-01-08,0.229244,-1.0661771797251904,-0.6518543852160698,0.37113131587753123,8.4,15.45,0.06221
2026-01-09,0.228131,-1.2485698932764946,-0.8319650222036238,0.23961880646634673,6.79,14.49,0.05284
2026-01-12,0.228862,-1.1438833241872481,-0.7099651793053894,0.32565235083842375,7.66,15.12,0.05922
2026-01-13,0.229861,-1.0106994315142044,-0.5458609784809186,0.5647685123759063,8.79,15.98,0.0768
2026-01-14,0.230757,-0.8968021766817634,-0.39834660075850314,0.6340500947797781,9.75,16.75,0.08205
2026-01-15,0.229698,-1.04775010514159,-0.567196524197715,0.5146373473044351,8.37,15.84,0.07356
2026-01-16,0.229721,-1.0181672295190867,-0.5609496875614447,0.6963890044453651,8.58,15.86,0.08703
2026-01-20,0.234671,-0.392513107431711,0.23260395966236275,0.8505566587948561,14.13,20.09,0.09869
2026-01-21,0.230931,-0.8200685325663596,-0.3683435837806599,0.36278140743881343,10.33,16.9,0.06349
2026-01-22,0.229464,-1.0179790774004507,-0.6055886618682889,0.19505085728004215,8.56,15.64,0.05153
2026-01-23,0.229988,-1.0433833452264822,-0.5217278183470194,0.2703616090230447,8.33,16.09,0.05719
2026-01-26,0.230059,-1.129917336091696,-0.5114351271932089,0.26418856728133405,7.56,16.15,0.05693
2026-01-27,0.230293,-1.1104736392852674,-0.47496709536795784,0.27732492234722483,7.73,16.35,0.05807
2026-01-28,0.230293,-1.1543200050685452,-0.4764140078869894,0.2872921420807326,7.34,16.35,0.05898
2026-01-29,0.23091,-1.008216276831605,-0.37546684680232034,0.35884463604122263,8.63,16.88,0.0643
2026-01-30,0.231563,-0.7665715436816819,-0.2706095393550453,0.4660723249574839,10.79,17.44,0.07231
2026-02-02,0.230281,-0.9969984886150224,-0.47814385001005905,0.2959048909005942,8.77,16.34,0.06009
2026-02-03,0.232218,-0.7696761482297302,-0.16644700531766554,0.4836452089780596,10.81,18.0,0.07396
2026-02-04,0.232967,-0.6510551588103507,-0.047283756850064106,0.581613959432869,11.88,18.64,0.08132
2026-02-05,0.23666,-0.03265982492466889,0.5415166150960367,0.9058506581447253,17.37,21.77,0.1052
2026-02-06,0.231937,-0.6565792986851998,-0.21616673141719414,0.07545721887369232,11.86,17.76,0.04475
2026-02-09,0.231471,-0.7417911449265712,-0.29304716624707117,0.032421609222745604,11.12,17.36,0.04168
2026-02-10,0.231973,-0.5803841411515408,-0.21366551704215878,0.08566559271924078,12.56,17.79,0.04564
2026-02-11,-0.317142,-0.6569351075640725,-0.24103400047384563,0.06774328727999064,11.89,17.65,0.04438
2026-02-12,0.235535,-0.21139695880354187,0.35484018915883725,0.36720777934329796,15.84,20.82,0.06634
2026-02-13,0.235275,-0.18668924215431298,0.3099019728998764,0.3413555952519921,16.08,20.6,0.06456
2026-02-17,0.234909,-0.17196240492021633,0.24805677341644092,0.29557868743953775,16.23,20.29,0.06132
2026-02-18,-0.025607,-0.2791308380756885,0.11791657922462602,0.46431776042055306,15.32,19.62,0.07378
2026-02-19,0.035385,-0.15132022473280135,0.22972828648106408,0.6298171306745547,16.48,20.23,0.08607
2026-02-20,-1.012056,-0.4447679622777664,0.010592738313670419,0.458587088927619,13.94,19.09,0.0737
2026-02-23,0.088803,-0.08135047311099453,0.37133126828855034,0.645325263471651,17.15,21.01,0.08751
2026-02-24,-0.586839,-0.39051947526201714,0.09087463432029123,0.41944641804210975,14.48,19.55,0.07109
2026-02-25,-0.944803,-0.8199912577989964,-0.21709657021671605,0.1632717601809124,10.73,17.93,0.05229
2026-02-26,-1.012035,-0.46973398482599654,-0.08365925472309753,0.24286675106114528,13.77,18.63,0.05805
2026-02-27,-1.012094,-0.32731287808469284,0.1499874963870861,0.40300662891293776,15.01,19.86,0.06968
2026-03-02,-1.012171,0.001432557337524822,0.44875463404293325,0.6286482717177594,17.88,21.44,0.08614
2026-03-03,0.087155,0.5162585446855313,0.8519859370303651,0.894946451305323,22.36,23.57,0.1056
2026-03-04,-0.143257,0.011280640220666254,0.3900271222571676,0.5537768898354026,17.95,21.15,0.08078
2026-03-05,0.23902,0.5894743999588208,0.883690403693293,0.9048280627724133,22.97,23.75,0.1065
2026-03-06,0.245966,1.5041107724529696,1.9697832741233554,1.6683060370303529,30.93,29.49,0.16266
2026-03-09,0.24112,1.1446088126346694,1.2004172933886383,1.340460972178684,27.83,25.5,0.13944
2026-03-10,0.240434,1.2795776787467674,1.0922366872859983,1.2822654323517162,28.97,24.93,0.13556
2026-03-11,0.239594,1.3050798195971558,0.9585339930484902,1.1842716219651273,29.18,24.23,0.12878
2026-03-12,0.243282,2.038974568385171,1.5408174807028185,1.4593018548889196,35.52,27.29,0.14945
2026-03-13,0.24316,2.233696708971012,1.5210783516983846,1.5656478064733437,37.21,27.19,0.15793
2026-03-16,0.23873,1.3478071024829772,0.8239701468019217,0.9723771457656543,29.56,23.51,0.1144
2026-03-17,0.237371,1.3447011368417499,0.611334066836953,0.8108076200001695,29.5,22.37,0.10259
2026-03-18,0.240623,2.0676947979636475,1.1215681011704148,1.0985710499043455,35.78,25.09,0.12458
2026-03-19,0.239386,1.7378461330734827,0.9225448968628749,0.9534977436340022,33.03,24.06,0.11429
2026-03-20,0.24266,2.379316513952891,1.428669348610627,1.258247149082707,38.7,26.78,0.13774
2026-03-23,0.2419,2.230276245716607,1.300476869545538,1.0842441422846145,37.61,26.15,0.12538
2026-03-24,0.242867,2.19467125406302,1.4401240513033953,1.2400118844791834,37.49,26.95,0.1378
2026-03-25,0.240911,1.8702073522113798,1.1288938562744202,1.0481889188235989,34.76,25.33,0.12403
2026-03-26,0.24346,2.011192459530868,1.5100469963759013,1.1892010542412084,36.19,27.44,0.13535
2026-03-27,0.247875,2.5922901058623142,2.1598562829072825,1.5527506146170438,41.68,31.05,0.16366
2026-03-30,0.247333,2.1314625136677536,2.051013088997632,1.4912507827096186,37.8,30.61,0.16007
2026-03-31,0.240813,1.065409878091816,1.0572654654023885,0.28751722603293506,28.11,25.25,0.06926
2026-04-01,0.239961,0.846426799769069,0.9246616909940056,0.1965981908837161,26.08,24.54,0.06255
2026-04-02,0.239158,0.7292210907867102,0.8012862364190161,0.10828894345448743,25.0,23.87,0.05596
2026-04-06,0.239518,0.6295940709116307,0.8530407488893349,0.19570018810948817,24.08,24.17,0.06277
2026-04-07,0.241454,0.8009564717013037,1.1395541553084376,0.4443367187324175,25.7,25.78,0.08189
2026-04-08,0.235794,-0.10074448008785865,0.291897276058895,-0.4640435159048684,17.27,21.04,0.01274
2026-04-09,0.233965,-0.42111795619862485,0.03074373689747384,-0.6767767180281719,14.25,19.49,-0.00386
2026-04-10,0.233659,-0.4896098291691104,0.002359033782119689,-0.5962511496900521,13.58,19.23,0.00178
2026-04-13,0.233531,-0.621895719744196,0.007301925631372073,-0.6128329810333218,12.39,19.12,9e-05
2026-04-14,0.232641,-0.7094836135630287,-0.15060814757720878,-0.7398538705780777,11.58,18.36,-0.00847
2026-04-15,0.23242,-0.7681655582336766,-0.18225287281006355,-0.7857330667190273,11.05,18.17,-0.01149
2026-04-16,0.232151,-0.7788499160301607,-0.22740024788300617,-0.7051269645946195,10.94,17.94,-0.00487
2026-04-17,0.231615,-0.7851936813920756,-0.3338499345661843,-0.8038101636538486,10.84,17.48,-0.01066
2026-04-20,0.233243,-0.5830138848868638,0.027475017833366245,-0.46839092134068744,12.47,18.87,0.01491
2026-04-21,0.233983,-0.5441415633450262,0.2070288446534112,-0.42153761282823643,12.75,19.5,0.01932
2026-04-22,0.233303,-0.69002898787767,0.06713683267710455,-0.5166937013103534,11.53,18.92,0.0141
2026-04-23,0.233761,-0.542571722137662,0.19272159608115932,-0.509587748907819,12.68,19.31,0.01569
2026-04-24,0.233057,-0.7327542862249727,0.04114728932190505,-0.35880836228780716,11.17,18.71,0.02725
2026-04-27,0.232249,-0.9864567030873285,-0.14386029185992458,-0.17698985045701188,9.2,18.02,0.04063
2026-04-28,0.232025,-0.8518995513696906,-0.1904065947701927,-0.24562867816080824,10.18,17.83,0.03785
2026-04-29,0.233174,-0.7001736711467076,0.10048468554639885,0.32263443255323065,11.28,18.81,0.07348
2026-04-30,0.230929,-0.7808620930697078,-0.45220316855608406,-0.04619730229653191,10.63,16.89,0.0529
