entry_date,expiry_date,strike,credit,iv_entry,contracts,intrinsic,net_pnl,return_on_risk,breached
2006-01-03,2006-04-04,124.29719341058149,1.4566317020621824,0.1114,6.188641498041131,0.0,831.5254909465658,0.010938013335126243,False
2006-01-10,2006-04-11,126.58832066005432,1.4411756972139216,0.10859999999999999,6.07663301969614,0.0,807.0836297648058,0.01061291248480573,False
2006-01-18,2006-04-19,125.06935029888058,1.6340916185531356,0.1225,6.150433878424442,0.0,935.5373422936673,0.012322991297749516,False
2006-01-25,2006-04-26,123.72259687806924,1.711435950497993,0.12869999999999998,6.2173829893730685,0.0,993.8088488228595,0.01310073552571853,False
2006-02-01,2006-05-03,125.58083889878083,1.6577708972389686,0.12359999999999999,6.1253832668754145,0.0,946.23138051037,0.012465563693272575,False
2006-02-08,2006-05-10,123.69655170293501,1.704910599185915,0.1283,6.218692102898106,0.0,989.9601871677243,0.01304934161703799,False
2006-02-15,2006-05-17,125.36261012133554,1.6471725340590808,0.1231,6.136046214148292,0.0,941.3753569463515,0.012400817262411426,False
2006-02-23,2006-05-24,126.36970997369588,1.5923323721779639,0.11869999999999999,6.087145166281431,0.1997099736958745,778.9247297585702,0.010255243563209194,True
2006-03-02,2006-06-01,126.69393997913195,1.573310747733828,0.11720000000000001,6.071567190644406,0.0,886.637482408611,0.011671222856729157,False
2006-03-09,2006-06-08,124.52718255041808,1.693136016939313,0.1268,6.177211701704775,0.0,976.0834694122699,0.012863990575354388,False
2006-03-16,2006-06-15,128.26179215913714,1.6333805506269385,0.1198,5.997349298506356,2.181792159137146,-396.67164463226527,-0.00522324808554857,True
2006-03-23,2006-06-22,127.66240645494202,1.5006562602574647,0.1117,6.025507356406183,3.2024064549420217,-1093.4790648111352,-0.014384313723328615,True
2006-03-30,2006-06-29,127.21442100980902,1.5566529494857235,0.1157,6.046726174003942,0.01442100980901273,864.2174178365591,0.011374003865726737,True
2006-04-06,2006-07-07,128.33304590290058,1.5517399865580472,0.11449999999999999,5.994019418917128,1.6830459029005738,-146.43744067134475,-0.0019269869053386574,True
2006-04-13,2006-07-14,125.9067439247502,1.66517605949727,0.12380000000000001,6.109527935139916,2.356743924750205,-491.5529848478695,-0.006475834771543893,True
2006-04-21,2006-07-21,128.48176026373292,1.575269545980369,0.1159,5.98708149430533,4.621760263732924,-1891.6128407685785,-0.024896210586891464,True
2006-04-28,2006-07-28,128.8051697289277,1.5792347553638493,0.1159,5.9720488769948155,0.8351697289276956,376.87511824387354,0.004960191698078557,True
2006-05-05,2006-08-04,129.89254218908349,1.597283797747778,0.1162,5.922054925301303,1.6825421890834775,-117.40970828918921,-0.0015453290622086512,True
2006-05-12,2006-08-11,125.83404778229078,1.9508785814291727,0.1419,6.113057497456,0.0,1123.5057441619401,0.014835579306574524,False
2006-05-19,2006-08-18,122.68766496288896,2.3898138424566184,0.1718,6.26982972952863,0.0,1427.523511803682,0.018926471431125226,False
2006-05-26,2006-08-25,124.88637929063994,1.9474285716069346,0.1426,6.159444877816407,0.0,1129.90616691044,0.014921459479505175,False
2006-06-05,2006-09-01,122.99330592710098,2.3066841540806777,0.16649999999999998,6.254249070162387,0.0,1371.9847080889042,0.018176696984744663,False
2006-06-12,2006-09-11,118.55331373777813,2.9516290203425655,0.2096,6.488479697262537,0.0,1841.8386766552983,0.024555256502368523,False
2006-06-19,2006-09-18,119.20158959284957,2.429193851777562,0.1783,6.4531922087464535,0.0,1494.68441182374,0.01983511460117191,False
2006-06-26,2006-09-25,121.19250077207276,2.105275176824847,0.1562,6.347181255690604,0.0,1264.5331658520352,0.016729545649137596,False
2006-07-03,2006-10-02,124.93313895427698,1.756272508392037,0.1305,6.1571395361505505,0.0,1011.7858130089899,0.013340755904956984,False
2006-07-11,2006-10-09,124.33744506302072,1.7619207034610866,0.13140000000000002,6.186638054536852,0.0,1020.1275572946035,0.013452283496860179,False
2006-07-18,2006-10-16,119.42245741540876,2.4187199831357162,0.17739999999999997,6.441257246574776,0.0,1485.1735549945201,0.019706378904950528,False
2006-07-25,2006-10-23,122.96329630538935,2.011443442918967,0.1485,6.255775441480701,0.0,1187.6235867252544,0.01569586077426704,False
2006-08-01,2006-10-30,123.55908516918461,2.053498095960748,0.1505,6.225610752762467,0.0,1208.0785811928326,0.015970443357401585,False
2006-08-08,2006-11-06,123.88896261728081,2.088262008558509,0.1523,6.209033904070096,0.0,1226.4468780561376,0.01621716458679432,False
2006-08-15,2006-11-13,125.40648217106941,1.8212574039085538,0.13419999999999999,6.133899587275294,0.0,1047.8279384794641,0.013822505134630564,False
2006-08-22,2006-11-20,127.33961712996184,1.6543716432481617,0.1219,6.040781231858881,0.0,931.1088893852979,0.012263743745570373,False
2006-08-29,2006-11-28,127.7887894334651,1.6743349199589161,0.12279999999999999,6.019548135959761,0.0,939.8530707047577,0.01238030110015427,False
2006-09-06,2006-12-05,127.13298903524165,1.8978812927693625,0.1374,6.050599258840175,0.0,1079.9601427148,0.014252243839161384,False
2006-09-13,2006-12-12,129.66046359878388,1.5256971191722286,0.1118,5.932654780651147,0.0,838.1044317669224,0.011025088334609108,False
2006-09-20,2006-12-19,129.86335737683504,1.560852068245275,0.1139,5.92338581697553,0.0,857.6186406122747,0.011284674954420723,False
2006-09-27,2006-12-27,131.013683390229,1.6047273244911722,0.1158,5.8713773197230665,0.0,875.849398022864,0.01152723404810867,False
2006-10-04,2007-01-05,132.16089073265414,1.6636950423460988,0.1186,5.820411507265279,0.0,902.5683268730452,0.011882975983837696,False
2006-10-11,2007-01-12,132.41101697916974,1.628253389299715,0.1162,5.809416669247249,0.0,880.2738297931156,0.011586032805144678,False
2006-10-18,2007-01-22,133.7933407977606,1.6000343392348242,0.1134,5.7493950344922125,0.0,854.9547846116106,0.011248938233505527,False
2006-10-25,2007-01-29,135.93893869707392,1.5153613963702242,0.1066,5.658649218565121,0.0,793.5471219716261,0.010432406461205544,False
2006-11-01,2007-02-05,134.19418682177113,1.632328455462435,0.1151,5.7322212492886635,0.0,870.9126857050695,0.01146127909028002,False
2006-11-08,2007-02-12,136.4665980093887,1.535801878588238,0.1075,5.6367695864877305,0.0,802.0006356823787,0.01054467860108814,False
2006-11-15,2007-02-20,137.56869190801234,1.4767486173406965,0.10310000000000001,5.591612150714703,0.0,762.5553339242615,0.01002078877239586,False
2006-11-22,2007-02-27,138.54514081435588,1.459624825253698,0.1014,5.552203164321029,0.0,747.6734615926836,0.00982324657377188,False
2006-11-30,2007-03-06,137.91127436846253,1.578292825184512,0.1091,5.577722146019677,0.0,817.2996241435393,0.010747896866902782,False
2006-12-07,2007-03-13,137.93827638197556,1.8737684218146171,0.1267,5.57663028281311,0.0,981.9154502112442,0.012940688561708998,False
2006-12-14,2007-03-20,140.87080115094386,1.456169332495719,0.09970000000000001,5.460540885307624,0.0,733.4431055984223,0.00963434981663082,False
2006-12-21,2007-03-27,139.23840848667703,1.5307409216541288,0.10529999999999999,5.52455875926198,0.0,783.239302708847,0.010295293985606859,False
2006-12-29,2007-04-03,138.78302211074595,1.6965331219079758,0.11560000000000001,5.5426864001919425,0.0,877.7027499052828,0.011551343488247863,False
2007-01-09,2007-04-11,138.0872585086981,1.7467112039382755,0.1191,5.570613665143591,0.0,910.0773957556745,0.011982577716124808,False
2007-01-17,2007-04-18,140.4152129916176,1.5536309734281843,0.1059,5.478258038013944,0.0,789.2148209994804,0.010374582749888853,False
2007-01-24,2007-04-25,141.74704677099209,1.4520277364552356,0.0989,5.426785155344689,0.0,726.6615842790073,0.009544371180601953,False
2007-01-31,2007-05-02,141.35295353394628,1.5356557974142362,0.1042,5.441915078527429,0.0,774.1972035502995,0.010175105801966294,False
2007-02-07,2007-05-09,142.68811789221172,1.533379708672129,0.1032,5.390993872467049,0.0,765.7258306027979,0.0100625719472856,False
2007-02-14,2007-05-16,143.20384292991164,1.5237979923234377,0.1023,5.371579096569737,0.0,757.821300504713,0.009957633715777769,False
2007-02-22,2007-05-23,143.41941446881378,1.5176907768656562,0.1018,5.363505157790452,0.0,753.4066226819623,0.009899039562867282,False
2007-03-01,2007-05-31,136.27730940778014,2.4035795707414778,0.1582,5.644599035405181,0.0,1292.9403235526158,0.017110000397611586,False
2007-03-08,2007-06-07,136.94283295927238,2.140721344277779,0.1429,5.6171670514479795,0.0,1139.0049524594945,0.015042207573640314,False
2007-03-15,2007-06-14,134.74358033955912,2.4868830123037426,0.1643,5.708849113941291,0.0,1355.2139931390504,0.01794905710090293,False
2007-03-22,2007-06-21,139.81658426086483,1.94452642401626,0.1293,5.501713357519632,0.0,1007.6533391660424,0.013284246661376477,False
2007-03-29,2007-06-28,138.0548119807524,2.3107089192030017,0.1514,5.5719229065192994,0.0,1224.5464668768977,0.016190087595971014,False
2007-04-05,2007-07-09,140.81864244531732,2.011381068912044,0.1323,5.462563449505464,0.0,1037.0027040272046,0.013676381553009547,False
2007-04-13,2007-07-16,142.1109501000119,1.8480219737810089,0.122,5.412888793505468,0.0,939.148099836496,0.012369782928098863,False
2007-04-20,2007-07-23,145.43854823681883,1.8681228691890936,0.1207,5.28904323204756,0.0,928.2920732696471,0.012224821823121894,False
2007-04-27,2007-07-30,146.32959543263098,1.9479130446667199,0.1245,5.256836574696314,0.0,964.5838004591385,0.01270876619747492,False
2007-05-04,2007-08-06,147.41235106386972,2.04648654688922,0.1291,5.218224685240131,1.1123510638697098,428.4869447418986,0.005648750384060017,True
2007-05-11,2007-08-13,147.36753452820116,2.053222755492527,0.1295,5.219811620608774,2.437534528201155,-259.5873770250046,-0.0034223179165345486,True
2007-05-18,2007-08-20,149.0728743596615,2.0416869904153216,0.1276,5.1600988612782785,4.562874359661521,-1359.2667244440936,-0.01791584096121623,True
2007-05-25,2007-08-27,148.08455647657576,2.1356647442076024,0.1334,5.194537415199317,1.2945564765757638,378.2185638529544,0.004988789287739145,True
2007-06-04,2007-09-04,150.3285317594075,2.1585607782727223,0.1329,5.1169978195614965,1.4685317594074832,295.2656231357138,0.0038943722202571486,True
2007-06-11,2007-09-11,147.0950820931394,2.3793729230781366,0.1471,5.229479859453755,0.0,1185.195155524845,0.015660863192224907,False
2007-06-18,2007-09-18,148.9019103519767,2.1624775848088404,0.13419999999999999,5.166023507774005,0.0,1058.7649381778363,0.01396678143127864,False
2007-06-25,2007-09-25,145.06208436126076,2.7205741713484954,0.16649999999999998,5.302769311621684,0.0,1382.7364293604141,0.018319140831577978,False
2007-07-03,2007-10-02,147.897981901413,2.432842549070223,0.1492,5.201090368789002,0.0,1206.5710739076064,0.015947756001189715,False
2007-07-11,2007-10-09,147.23219965936346,2.7592737526066173,0.1664,5.224609637093395,0.0,1382.5747350255835,0.018316745064847154,False
2007-07-18,2007-10-16,149.76551111917107,2.6774956630358204,0.16,5.136234393903138,0.0,1317.1850827500011,0.017435109550448774,False
2007-07-25,2007-10-23,146.4307251477607,3.0393973288587546,0.18100000000000002,5.253206036195968,0.0,1537.2968112268566,0.02040846802503069,False
2007-08-01,2007-10-30,139.35044396625247,4.049633443287512,0.23670000000000002,5.5201171043061725,0.0,2173.06776036751,0.029095416561598034,False
2007-08-08,2007-11-06,143.19842519111745,3.670521553567262,0.2145,5.37178232375201,0.0,1911.0231397819405,0.025496846586390266,False
2007-08-15,2007-11-13,131.51375933667356,5.38260300088438,0.30670000000000003,5.849051636198371,0.0,3077.742276027189,0.04171809007172035,False
2007-08-22,2007-11-20,140.6164637617311,3.9144907500850366,0.2289,5.470417536130048,0.0,2079.5741662701353,0.02780860192677084,False
2007-08-29,2007-11-28,139.14915593173174,4.074613085622332,0.23809999999999998,5.52810230202304,0.0,2190.020241835341,0.029329087496048768,False
2007-09-06,2007-12-05,140.49025215792216,4.154035015103233,0.23989999999999997,5.47533197083377,0.0,2212.600821345346,0.02964021666282591,False
2007-09-13,2007-12-12,140.42625125759486,4.325500301584881,0.24760000000000001,5.477827417180774,0.0,2307.534964690394,0.030951337681791573,False
2007-09-20,2007-12-19,145.8754684651654,3.521407579579922,0.2045,5.273201706388755,0.02546846516540313,1783.8920310739902,0.023764261401250052,True
2007-09-27,2007-12-27,147.78921047668175,2.8422666964261367,0.17,5.204918320827885,0.11921047668175788,1358.5129436538289,0.018006976564482177,True
2007-10-04,2008-01-04,148.1973198592547,3.14702440671298,0.1844,5.190584890207999,6.8873198592546885,-2000.0857153470188,-0.02656523684091667,True
2007-10-11,2008-01-11,149.2968865455168,3.2636805581926396,0.1888,5.152356402263289,9.146886545516793,-3089.4590308079064,-0.041060565278862884,True
2007-10-18,2008-01-18,148.09717509486643,3.1574665717232477,0.185,5.194094814691934,16.037175094866427,-6748.535996886168,-0.08964215987138248,True
2007-10-25,2008-01-28,145.2609108507582,3.662212535544022,0.21170000000000003,5.295511123574606,10.020910850758185,-3427.0950416635633,-0.04570450429429411,True
2007-11-01,2008-02-04,143.5921851921785,4.0690157911602185,0.2321,5.35705176574379,5.772185192178512,-972.931349661489,-0.013016973516407506,True
2007-11-08,2008-02-11,139.20923256445877,4.607408844561398,0.2616,5.5257166141950265,5.459232564458773,-533.1342458806373,-0.007167984008189562,True
2007-11-15,2008-02-19,136.69040676221243,4.963788353248518,0.28059999999999996,5.62754027478262,1.1704067622124228,2071.1495630124164,0.027939543544721005,True
2007-11-23,2008-02-26,136.04490870669304,4.3790093162664405,0.2561,5.654241504099192,0.0,2412.104693290752,0.03240025956619577,False
2007-11-30,2008-03-04,141.36590474672983,3.930958354601536,0.22870000000000001,5.441416518423716,8.375904746729816,-2480.1684788216603,-0.03316439167607039,True
2007-12-07,2008-03-11,144.32841789319622,3.5696796739660854,0.20850000000000002,5.329724945783054,11.728417893196223,-4408.608953201797,-0.0587653620931654,True
2007-12-14,2008-03-18,139.86268045562554,3.9764755737156676,0.2327,5.499900092897364,6.232680455625541,-1303.0390150109,-0.017435212676436135,True
2007-12-21,2008-03-26,142.75727085267465,3.0375587529364694,0.18469999999999998,5.388382424490411,9.557270852674662,-3573.958930493417,-0.04747155573154536,True
2007-12-31,2008-04-02,139.4418722397745,3.7975744496642747,0.225,5.5164977124522085,2.7418722397745228,520.0414584380459,0.0069498108305919805,True
2008-01-08,2008-04-09,131.34070626400177,4.1888001881212915,0.25429999999999997,5.856758282421405,0.0,2387.0976509274096,0.0320545740438132,False
2008-01-15,2008-04-16,131.33082709255953,3.748322495339181,0.2334,5.857198848588912,0.0,2129.2806733950024,0.028493895043179642,False
2008-01-23,2008-04-23,125.4540896219814,4.765369698736073,0.2902,6.1315718885579376,0.0,2852.633925994887,0.038548504795600215,False
2008-01-30,2008-04-30,126.86921671603224,4.511275262828569,0.2762,6.063178989687597,0.0,2666.7530164444875,0.03594597302465005,False
2008-02-06,2008-05-07,124.71000154968819,4.726158761997802,0.2897,6.168156199759847,0.0,2845.4683818293197,0.03844816647655399,False
2008-02-13,2008-05-14,129.1168628312629,4.002207684097101,0.2488,5.957632119950458,0.0,2317.0468619935023,0.031085148894207718,False
2008-02-21,2008-05-21,127.54410655976292,4.003160240429075,0.25120000000000003,6.031096143751128,0.0,2346.1930424625757,0.03148883310618024,False
2008-02-28,2008-05-29,130.03246920314785,3.750119335573231,0.2353,5.915682244170962,0.0,2151.6042273381454,0.028801486030211498,False
2008-03-06,2008-06-05,123.26981863217861,4.368540344587586,0.2755,6.240219850781606,0.0,2655.550733409745,0.03579053485274187,False
2008-03-13,2008-06-12,123.90377603840773,4.336130830431756,0.2729,6.20829157775081,0.0,2621.842756630925,0.03532001339564764,False
2008-03-20,2008-06-19,124.51394990954923,4.216657943923032,0.2662,6.177868180951308,0.0,2535.1857837270168,0.03411263775659732,False
2008-03-28,2008-06-26,124.25706190869003,4.020027611960117,0.2571,6.190640253477395,0.0,2418.700240604796,0.032494377749854204,False
2008-04-04,2008-07-03,130.4094209955898,3.541532341744663,0.2245,5.898582812178755,4.09942099558981,-395.7292282456727,-0.005288088743051794,True
2008-04-11,2008-07-11,126.73931717823297,3.6411760749204305,0.2346,6.069393352885145,2.8993171782329625,381.67920074576045,0.005108597831381433,True
2008-04-18,2008-07-18,132.71331757548444,3.141179019747476,0.20129999999999998,5.796183708490654,6.733317575484435,-2147.566373446315,-0.028595179465554243,True
2008-04-25,2008-07-25,133.97387252751832,3.0655334925694575,0.1959,5.741647641578537,8.49387252751832,-3181.6416201201223,-0.042329916304793075,True
2008-05-02,2008-08-01,136.30561900246715,2.844547513772035,0.1818,5.643426697008331,10.145619002467157,-4184.076897283035,-0.05555231503834534,True
2008-05-09,2008-08-08,133.36432489570592,3.0168578164765876,0.1941,5.767890099787376,3.9943248957059154,-628.9694270430896,-0.008365847865432685,True
2008-05-16,2008-08-15,138.02876223686408,2.554982721945173,0.16469999999999999,5.572974478396986,7.858762236864095,-3018.757399174676,-0.03998396984504596,True
2008-05-23,2008-08-22,132.1065633722967,3.0151502827729715,0.1955,5.822805087003574,2.4565633722966993,259.45657290234436,0.003451716111955964,True
2008-06-02,2008-08-29,133.21921581793552,3.0947310593210346,0.19829999999999998,5.774172776110925,4.429215817935528,-835.8027087027303,-0.011123846225402,True
2008-06-09,2008-09-08,129.93016293473835,3.6635837182510897,0.23120000000000002,5.920340218592202,2.9401629347383533,361.38987148950173,0.0048343812535394225,True
2008-06-16,2008-09-15,130.2809866899603,3.2416688344906532,0.2095,5.90439778493056,10.190986689960283,-4169.873390231043,-0.05559159144340104,True
2008-06-23,2008-09-22,125.16624465668303,3.4358567349029485,0.22640000000000002,6.145672671898745,3.8562446566830317,-327.8027574404723,-0.004381715452371849,True
2008-06-30,2008-09-29,121.45734925264831,3.5835426604358105,0.2395,6.333340666200951,10.077349252648318,-4184.315686418399,-0.056049828059502024,True
2008-07-08,2008-10-06,121.0002407101727,3.4174638354441313,0.23149999999999998,6.357266437785678,16.280240710172706,-8249.04708299075,-0.11035440070064705,True
2008-07-15,2008-10-13,113.52401821431383,4.216931158398737,0.2854,6.77592972245392,12.174018214313833,-5468.234274496575,-0.07382949517067373,True
2008-07-22,2008-10-20,121.84092987345055,3.073592338137324,0.2118,6.313401990855838,23.030929873450546,-12671.210895259515,-0.16898869631851168,True
2008-07-29,2008-10-27,120.43098893404039,3.1929596032640717,0.22030000000000002,6.387315889700733,36.48098893404038,-21334.292537682777,-0.28489927305531876,True
2008-08-05,2008-11-03,122.69462990161324,3.087769848500052,0.2114,6.269473813545079,25.58462990161324,-14175.192553091207,-0.18903480990198174,True
2008-08-12,2008-11-10,123.63139109452283,3.116904799793531,0.21170000000000003,6.221969698963034,31.00139109452283,-17419.95113729385,-0.23231635594627903,True
2008-08-19,2008-11-17,121.34139224050114,3.0792105034885964,0.21280000000000002,6.33939297240086,35.87139224050114,-20859.887785919043,-0.278239258347068,True
2008-08-26,2008-11-24,121.97162123956528,2.9515806221168432,0.20489999999999997,6.306637244084162,36.94162123956528,-21507.550609451526,-0.28653191883089396,True
2008-09-03,2008-12-02,122.1447044149397,3.1271793676207054,0.2143,6.297700525907397,36.8747044149397,-21324.344639800143,-0.28450032912259543,True
2008-09-10,2008-12-09,117.24574077743264,3.5661212995757765,0.2452,6.560841904619789,27.745740777432644,-15938.003584330623,-0.2136937085946942,True
2008-09-17,2008-12-16,107.49263011999399,5.5341671418658365,0.36219999999999997,7.156125665285863,15.612630119993995,-7300.784112846279,-0.10006179009538435,True
2008-09-24,2008-12-23,109.87908030194077,5.4334543491062774,0.3519,7.0007026552913585,23.719080301940778,-12886.399926197571,-0.17623806523146296,True
2008-10-01,2008-12-31,106.18258712990749,6.247621191986099,0.3981,7.244415398257959,15.942587129907494,-7123.374518975566,-0.0983931726946225,True
2008-10-08,2009-01-08,86.76080380381259,8.701055864200022,0.5753,8.8661092971221,0.0,7548.636262565273,0.1090707435220329,False
2008-10-15,2009-01-15,79.39175244669615,10.383232955550394,0.6925,9.689051387891116,0.0,9846.564645715427,0.14726541550776656,False
2008-10-22,2009-01-23,79.92504936760766,10.537727261919041,0.6965,9.624401552669246,0.0,9926.581502860961,0.14864347554688365,False
2008-10-29,2009-01-30,82.06633469867133,10.887519593784383,0.6995999999999999,9.373280432898671,0.0,9988.888623816794,0.14971827201963392,False
2008-11-05,2009-02-06,85.88399486103651,7.974001540443908,0.5456,8.956625393071352,0.0,6987.530565778946,0.1001350555574106,False
2008-11-12,2009-02-13,75.79478822095734,9.353949052425165,0.6646,10.148860987490378,0.0,9290.135485195036,0.13777475098045017,False
2008-11-19,2009-02-23,71.76822483814269,10.341490075490576,0.7426,10.718263841213833,0.0,10848.662532765853,0.16477614043933855,False
2008-11-26,2009-03-02,79.40201032987193,7.443125173151284,0.5492,9.68779966697362,8.82201032987193,-1492.6454669217753,-0.021411499870072292,True
2008-12-04,2009-03-09,75.47581048407466,8.75629735650146,0.6364,10.191752354790234,7.365810484074657,1225.416479170115,0.018021128586441573,True
2008-12-11,2009-03-16,78.40123851707409,7.517435129596123,0.5578,9.811461958770556,2.4412385170740976,4820.222037750465,0.06930846928563637,True
2008-12-18,2009-03-23,80.5653873437997,6.0832100673925495,0.47340000000000004,9.547906298125296,0.0,5679.615853909537,0.07986535952043052,False
2008-12-26,2009-03-30,79.1919041234587,5.2694892002670315,0.4338,9.713502633192817,0.43190412345869333,4583.991590319307,0.06383984205205458,True
2009-01-05,2009-04-06,85.07437274753954,4.875657806459159,0.3908,9.041862365691275,1.5943727475395377,2864.7197438027288,0.03950543423603815,True
2009-01-12,2009-04-14,78.65336946906376,5.667813615098314,0.45840000000000003,9.780010372388762,0.0,5419.551029069815,0.07592539753871408,False
2009-01-20,2009-04-21,71.75823831818212,7.037108585332501,0.5665,10.719755490929622,0.0,7378.800490854625,0.10635423766609801,False
2009-01-27,2009-04-28,77.0204797807501,4.934106213844782,0.4225,9.987353641791062,0.0,4815.00927023042,0.06687957758577191,False
2009-02-03,2009-05-05,76.11173380595565,5.010827918617117,0.43060000000000004,10.106598953479336,0.0,4949.819384799835,0.06888254515357628,False
2009-02-10,2009-05-12,74.90156846531643,5.539726570082031,0.4667,10.269888668445782,0.0,5562.10190731162,0.07808229843233878,False
2009-02-18,2009-05-19,71.12439546521207,5.556027773865665,0.48460000000000003,10.815287275193933,0.0,5874.763701906961,0.08284341077329035,False
2009-02-25,2009-05-27,69.64232343653934,4.834188159791356,0.44670000000000004,11.045449538048809,0.0,5214.7645578608945,0.0728486962266485,False
2009-03-04,2009-06-03,64.64363403105597,4.914001327944643,0.4756,11.89955949662757,0.0,5712.980094526525,0.08037888583390801,False
2009-03-11,2009-06-10,65.94400373521033,4.421526081422421,0.4361,11.664908492961946,0.0,5025.856247933245,0.07003173873569032,False
2009-03-18,2009-06-17,73.05404089299039,4.3368882785605365,0.4006,10.529612870526067,0.0,4447.590838159522,0.06146774302859525,False
2009-03-25,2009-06-24,74.04309511491422,4.743368215035549,0.4225,10.38896021346663,0.0,4810.471115970481,0.06681654347246287,False
2009-04-01,2009-07-01,73.74750758594581,4.729249671128919,0.4228,10.430600225157479,0.0,4815.025485906043,0.0668844710167322,False
2009-04-08,2009-07-09,75.61776166827326,4.297548278001983,0.3885,10.172620192135538,0.0,4256.782030776897,0.058672683087804586,False
2009-04-16,2009-07-16,79.92236677871227,4.046513525419304,0.3579,9.62472459506364,0.0,3785.8984373118656,0.05184144041567785,False
2009-04-23,2009-07-23,78.53770415634489,4.190024638764843,0.3715,9.79441374679686,0.0,3993.2066167947874,0.05483728161012477,False
2009-04-30,2009-07-30,80.65578841404299,4.1975825432879645,0.365,9.537204760580313,0.0,3895.5500076829217,0.053422422050977025,False
2009-05-07,2009-08-06,84.31271243707559,3.884362547538217,0.3344,9.12354432678065,0.0,3440.8193374825314,0.04689096012435808,False
2009-05-14,2009-08-13,83.36550336273683,3.5183442480378417,0.31370000000000003,9.227207156462804,0.0,3142.1816815714214,0.04264828311732576,False
2009-05-21,2009-08-20,83.17368706173605,3.5071984380426926,0.3135,9.24848706851007,0.0,3139.120036219492,0.04260509653030239,False
2009-05-29,2009-08-27,86.62790432009703,3.2753573912936105,0.2892,8.879711165450802,0.0,2808.0820236615746,0.037939541235551884,False
2009-06-05,2009-09-03,88.46615590492357,3.4541397681551445,0.2962,8.695198309028797,0.0,2905.187286229148,0.03930197070940979,False
2009-06-12,2009-09-11,89.3068554628264,3.256971266126911,0.2815,8.613345137327764,0.0,2708.010961699244,0.036536612401943246,False
2009-06-19,2009-09-18,86.47607025043499,3.1298675833035148,0.2799,8.89530209921744,0.0,2683.59485468208,0.036196821051971584,False
2009-06-26,2009-09-25,86.77459105074651,2.8388873429228703,0.2593,8.864700598599383,0.0,2416.417516052285,0.03247589788978907,False
2009-07-06,2009-10-02,84.16495520421357,3.1940472346165443,0.29,9.139561321744267,0.0,2815.9420135968503,0.038051286713660384,False
2009-07-13,2009-10-09,85.03226085085763,2.835541399306525,0.2631,9.046340312883858,0.0,2462.903601404184,0.033122263485360404,False
2009-07-20,2009-10-16,90.12222690521051,2.7237695830974076,0.244,8.535416796123302,0.0,2228.4006550377444,0.029872032792011814,False
2009-07-27,2009-10-23,93.25973189986834,2.8006651099535986,0.24280000000000002,8.24826271275025,0.0,2216.8567910790066,0.02971139549997265,False
2009-08-03,2009-10-30,94.94558201866253,3.048306040360469,0.2556,8.101806875854097,0.0,2378.128266052851,0.031941164839897174,False
2009-08-10,2009-11-06,95.58277149861233,2.979808179512993,0.24989999999999998,8.047797287840067,0.0,2307.1491091842386,0.030958060916844492,False
2009-08-17,2009-11-13,92.35199917832801,3.326647329249269,0.2789,8.329335326519738,0.0,2676.7546226491745,0.03609811432924457,False
2009-08-24,2009-11-20,97.42030757273383,3.0608522875944004,0.2514,7.896000211829169,0.0,2327.6242287286486,0.031240666647411798,False
2009-08-31,2009-11-30,96.82189178578604,3.1804151192599477,0.2601,7.944802100465635,0.0,2437.000608249648,0.03275701354201789,False
2009-09-08,2009-12-07,97.23731432426679,3.1314701626723362,0.2562,7.910859885182966,0.0,2387.8694524506286,0.0320752679024817,False
2009-09-15,2009-12-14,100.48564727081158,2.8805956818521743,0.23420000000000002,7.655130758701002,0.0,2118.630683179465,0.028355045530914204,False
2009-09-22,2009-12-21,101.84700079804183,2.865372763808928,0.23079999999999998,7.552807281543031,0.0,2078.8141052016786,0.027806905366893106,False
2009-09-29,2009-12-29,100.31256558365101,3.1598953614843452,0.2519,7.668339103432709,0.0,2336.4626844538143,0.03136193122141439,False
2009-10-06,2010-01-06,99.73127443128993,3.2249144492418935,0.257,7.713034588370094,0.0,2400.2303783051398,0.032245692924494994,False
2009-10-13,2010-01-13,102.26989140558595,2.862915088987968,0.2299,7.521576083229849,0.0,2068.369556424478,0.02766320021876386,False
2009-10-20,2010-01-21,104.44480919307642,2.591019199128901,0.209,7.36494972965838,0.0,1825.048683071268,0.02432918008525901,False
2009-10-27,2010-01-28,100.75353092743347,3.1148797537685304,0.2483,7.634777284230351,0.0,2291.868335406298,0.030744789257987994,False
2009-11-03,2010-02-04,98.12813067096548,3.6912719674946253,0.28809999999999997,7.839044359359963,0.0,2805.023268304462,0.03789062889872589,False
2009-11-10,2010-02-11,104.27900324986427,2.894822900749624,0.2284,7.376660164152177,0.0,2052.056217568601,0.02743843162878534,False
2009-11-17,2010-02-19,106.06077882141531,2.873761958475775,0.2241,7.252735438856212,0.0,2002.3076094483336,0.026754935285539058,False
2009-11-24,2010-02-26,106.27466287275129,2.5685905987937474,0.2047,7.238138879365941,0.0,1777.3905784934516,0.023678368536674304,False
2009-12-02,2010-03-05,106.41219357001566,2.6748123619749222,0.2112,7.228784065283281,0.0,1851.878838049004,0.024695170941681277,False
2009-12-09,2010-03-12,104.7077197400111,2.8775031526678134,0.2266,7.346457082063925,0.0,2030.9303764304505,0.027148161374051516,False
2009-12-16,2010-03-19,106.73413140907566,2.5907415837653573,0.2054,7.206980176590084,0.0,1785.7034476909846,0.023791635627777342,False
2009-12-23,2010-03-26,107.42399579853864,2.4767401851651343,0.1971,7.160697789285116,0.0,1692.6029118356369,0.02252312527230985,False
2009-12-31,2010-04-05,106.37372508324671,2.763614020889264,0.2168,7.23139824828715,0.0,1916.7645587543984,0.025582580635339726,False
2010-01-08,2010-04-12,110.41895569914098,2.296566146603517,0.1813,6.966473866377578,0.0,1521.1756495820193,0.020195318986568518,False
2010-01-15,2010-04-19,109.5666187454164,2.245079468124942,0.1791,7.020667225463222,0.0,1496.8620443947839,0.019866277379941347,False
2010-01-25,2010-04-26,103.80320688914279,3.307157420021845,0.2541,7.410472106630324,0.0,2367.021446525816,0.031783910281998715,False
2010-02-01,2010-05-03,103.8598102927242,2.8429591755913535,0.2259,7.406433413104904,0.0,2021.9260854512117,0.02702478987813491,False
2010-02-08,2010-05-10,99.83252587999468,3.3624265587875506,0.2651,7.705211928178954,0.0,2503.7520280511326,0.033683250889669454,False
2010-02-16,2010-05-17,104.607719988815,2.8086682784301757,0.2225,7.35347992780091,0.0,1982.2542577445934,0.02648028869757323,False
2010-02-23,2010-05-24,104.90129854464965,2.676224438543258,0.2137,7.33290035397758,0.0,1879.586939271784,0.025074322136296155,False
2010-03-02,2010-06-01,107.81674282916424,2.3846637993620305,0.1906,7.134613317428966,0.2967428291642449,1409.0297454842855,0.01873168952344703,True
2010-03-09,2010-06-08,110.32522230243282,2.2621652173870075,0.17920000000000003,6.97239265126599,3.755222302432827,-1119.806061728715,-0.014862221450776186,True
2010-03-16,2010-06-15,112.27214845809434,2.2660921644252525,0.1769,6.85148346936538,0.32214845809433257,1254.468053726488,0.016644026411083077,True
2010-03-23,2010-06-22,113.62450369880898,2.084823492401938,0.1635,6.769937330329851,4.054503698808986,-1409.9614476494155,-0.0186721012876583,True
2010-03-30,2010-06-29,113.39275067160162,2.200970004057993,0.17129999999999998,6.7837737833748255,9.192750671601615,-4819.722482911071,-0.0638966353887835,True
2010-04-07,2010-07-07,114.4726467165854,2.142219181112786,0.16620000000000001,6.719777967004226,8.322646716585396,-4229.0435689806545,-0.05602602672802273,True
2010-04-14,2010-07-14,117.52660828356028,2.0369151502415974,0.1559,6.545162669672395,7.856608283560277,-3883.044162681918,-0.051369892605655415,True
2010-04-21,2010-07-21,116.78884454035813,2.138157676025827,0.1632,6.586508944909974,9.718844540358134,-5067.453735126111,-0.06710545810716644,True
2010-04-28,2010-07-28,114.09991797896774,2.861219589187016,0.2108,6.741729379442351,3.2999179789677413,-371.94012429757544,-0.0049595904821501295,True
2010-05-05,2010-08-04,110.59834398733491,3.4335691378118014,0.2491,6.955174385964197,0.0,2309.513741413186,0.03098564003399834,False
2010-05-12,2010-08-11,111.04401649693946,3.557868627728702,0.2552,6.927259959585219,1.7440164969394658,1178.2244862791476,0.01582391930966616,True
2010-05-19,2010-08-18,103.20661019781852,5.129815513958619,0.3532,7.45330912192898,0.0,3737.252573013548,0.05112543920141607,False
2010-05-26,2010-08-25,99.05134512969046,4.865089668804757,0.3502,7.765980040186186,0.0,3690.4633517112725,0.050454173441243096,False
2010-06-03,2010-09-01,103.6386534032245,4.017136100594051,0.29460000000000003,7.422238170520616,0.0,2897.7427988736686,0.03918968719111212,False
2010-06-10,2010-09-09,101.95475925531125,4.154363512907068,0.3057,7.5448245363857,0.0,3049.137859263515,0.041322568096264035,False
2010-06-17,2010-09-16,106.13031770359056,3.318973329112346,0.2505,7.247983289554826,0.0,2323.6841116164737,0.03118306981216942,False
2010-06-24,2010-09-23,100.54719790740245,3.9472967374424073,0.2974,7.650444619443117,0.0,2933.407484431456,0.03969255341883072,False
2010-07-01,2010-09-30,95.48611171595189,4.294315086109492,0.3286,8.055944004915029,0.0,3368.444020060453,0.04585187747843058,False
2010-07-09,2010-10-07,102.16386709125837,3.183316561164027,0.2498,7.529381875723734,0.0,2311.7585868362844,0.031019392645533102,False
2010-07-16,2010-10-14,100.61399724543989,3.3450839706172424,0.2625,7.645365359595957,0.0,2471.046282826242,0.0332283343341705,False
2010-07-23,2010-10-21,104.91027896068553,3.0156863213469336,0.2347,7.332272650986217,0.0,2128.3287528403907,0.028487147807942547,False
2010-07-30,2010-10-28,104.76927963329138,3.0165812012457067,0.235,7.342140481667865,0.0,2131.8501079475914,0.028535667810174387,False
2010-08-06,2010-11-04,107.28311386564278,2.797004360329396,0.21739999999999998,7.170101067294935,0.0,1924.458252862206,0.02568766674380682,False
2010-08-13,2010-11-11,102.17344061243989,3.3952295155029333,0.26239999999999997,7.528676382236984,0.0,2471.0843834448074,0.03322827452586568,False
2010-08-20,2010-11-18,101.65538242278419,3.252052899687115,0.25489999999999996,7.5670441731411975,0.0,2375.3351953759366,0.031899864719011586,False
2010-08-27,2010-11-26,101.2479618520317,3.06814796358028,0.2445,7.597493867135395,0.0,2245.171852977883,0.030099343709673557,False
2010-09-03,2010-12-03,105.97802303588615,2.69412362006004,0.21309999999999998,7.258398932109663,0.0,1873.482492748682,0.024990570985980187,False
2010-09-13,2010-12-10,107.72552369341514,2.7223622200648023,0.2121,7.140654720045602,0.0,1863.2554653014404,0.024850320537511197,False
2010-09-20,2010-12-17,109.08727730949593,2.804403015241327,0.215,7.051516805652354,0.0,1897.8473592757634,0.02532301683702976,False
2010-09-27,2010-12-27,108.88289610445315,2.9720482264139605,0.2254,7.064753021382105,0.0,2019.8469595835174,0.02699485731344796,False
2010-10-04,2011-01-03,108.06746088885848,3.116651380298485,0.2353,7.118060912173012,0.0,2138.017348389716,0.028619611362344966,False
2010-10-11,2011-01-10,112.14163541517368,2.464269692535119,0.18960000000000002,6.859457385144269,0.0,1612.8434256925916,0.021438057679842613,False
2010-10-18,2011-01-18,113.66049087841077,2.5188017785095838,0.1909,6.767793833071336,0.0,1628.1970440189214,0.0216462589150242,False
2010-10-25,2011-01-25,113.82987649158437,2.6476275066155637,0.1985,6.757722954110732,0.0,1712.8310481576445,0.02279705195528317,False
2010-11-01,2011-02-01,113.09788588144136,2.9640673598151324,0.2183,6.801460197382832,0.0,1939.142116783998,0.025887301449148317,False
2010-11-08,2011-02-08,117.99945745830925,2.480783314494616,0.18289999999999998,6.518934796819287,0.0,1543.5425040187058,0.020496974467927594,False
2010-11-15,2011-02-15,115.02038826047419,2.7342233718984232,0.20199999999999999,6.687777539828641,0.0,1753.0158793456173,0.023344134822838824,False
2010-11-22,2011-02-23,115.71241520579696,2.4457548168340537,0.1837,6.647780774972817,0.0,1550.7642624074656,0.020595246728589565,False
2010-11-30,2011-03-02,112.5583128193378,3.2479406926072585,0.2354,6.834064494778154,0.0,2142.43868805825,0.02867926100345464,False
2010-12-07,2011-03-09,118.371247348988,2.438733176330352,0.17989999999999998,6.4984596044923375,0.0,1511.3683097210449,0.020061094964840067,False
2010-12-14,2011-03-16,120.24436715709095,2.4136401917757127,0.1761,6.39722913777593,0.0,1471.772247036599,0.019524959669076226,False
2010-12-21,2011-03-23,121.31305093723127,2.2488499703841143,0.1649,6.3408739891372266,0.0,1354.3155521908147,0.01793864111160358,False
2010-12-29,2011-03-30,121.57424953075703,2.3848569863484173,0.1728,6.327250813390066,0.0,1437.4608964778927,0.0190608991106482,False
2011-01-05,2011-04-06,123.31869769316164,2.375030039058906,0.1702,6.237746453865002,0.0,1410.9969854675803,0.018703170516775478,False
2011-01-12,2011-04-13,124.53892665498283,2.2666220833493043,0.1624,6.1766291864857035,0.0,1330.212501667546,0.017613326999063796,False
2011-01-20,2011-04-20,123.48849332654335,2.5441607849464276,0.17989999999999998,6.229169605273872,0.0,1514.4112867122055,0.020101485814643424,False
2011-01-27,2011-04-28,125.91431190461776,2.2764154429441206,0.16149999999999998,6.109160726808202,0.0,1321.6652659804593,0.017497996203896554,False
2011-02-03,2011-05-05,126.44221201162429,2.3782408320975676,0.16690000000000002,6.083654793701736,0.0,1378.0943247079276,0.0182586516501205,False
2011-02-10,2011-05-12,128.16166914616315,2.3067224458795863,0.1609,6.00203457364068,0.0,1316.6797965140872,0.017430561955612378,False
2011-02-17,2011-05-19,129.82194718165542,2.424177443697367,0.1659,5.925275239897696,0.0,1369.436248215006,0.01814142781660293,False
2011-02-25,2011-05-26,127.1092270713998,2.840562161294173,0.19219999999999998,6.051730365716699,0.0,1650.6470755883813,0.021948913374640795,False
2011-03-04,2011-06-03,127.30621198484167,2.8157270122246842,0.1906,6.042366332621392,0.0,1633.0866704932837,0.021710309931069656,False
2011-03-11,2011-06-10,125.40768472719276,2.95907183349329,0.20079999999999998,6.13384076824419,0.0,1745.7351441632634,0.02324298957934323,False
2011-03-18,2011-06-17,121.09872160005617,3.667747320959876,0.2444,6.352096529732585,0.0,2258.0098121545434,0.030270951448562164,False
2011-03-25,2011-06-24,126.55055313702573,2.5930894991653304,0.1791,6.078446519296251,0.0,1507.5091383744686,0.020007585072980113,False
2011-04-01,2011-07-01,128.51441903899183,2.5422742255813304,0.174,5.985560024960166,0.0,1454.0566694305676,0.019284217389324943,False
2011-04-08,2011-07-11,128.07724276572037,2.617217719688192,0.1787,6.005991014639896,0.0,1504.0309123149293,0.019960283913297298,False
2011-04-15,2011-07-18,128.2170500019107,2.1764145642819273,0.1532,5.999442111788612,0.0,1237.9336231030945,0.01637102635287021,False
2011-04-25,2011-07-25,129.51968275176608,2.2757621121385014,0.1577,5.939103253557655,0.0,1284.4867496873,0.016996977940217227,False
2011-05-02,2011-08-01,131.9927939244743,2.3579894584401515,0.15990000000000001,5.827823977049229,3.282793924474305,-604.8141750642611,-0.00800560058164064,True
2011-05-09,2011-08-08,130.11135512544635,2.5308422831590107,0.1716,5.912095592956652,17.851355125446347,-9124.440325872683,-0.12097076973946608,True
2011-05-16,2011-08-15,128.27154791035798,2.6877094520765894,0.18239999999999998,5.9968931673635275,7.721547910357984,-3086.5040383991527,-0.040983286714804154,True
2011-05-23,2011-08-22,127.15407466091794,2.6696649550889404,0.1827,6.049595903883369,14.424074660917938,-7179.303314608885,-0.09533249773102555,True
2011-05-31,2011-08-29,130.86055345771518,2.243748763506133,0.1545,5.878247866950447,9.480553457715189,-4320.397376623678,-0.057144979706839044,True
2011-06-07,2011-09-06,124.14681751262395,2.571636560283764,0.1807,6.196137642856205,7.1568175126239595,-2911.0575851745098,-0.038644243961125355,True
2011-06-14,2011-09-13,124.5379689334097,2.612984849170495,0.1826,6.176676685983822,6.957968933409703,-2753.552635960725,-0.036563335379721194,True
2011-06-21,2011-09-20,124.4397721261228,2.716744250231976,0.1886,6.181550770208215,4.2697721261228025,-1029.8635899401297,-0.013687039379183977,True
2011-06-28,2011-09-27,124.52211313928761,2.773799316829141,0.1917,6.177463181742869,6.922113139287617,-2632.410924408921,-0.03500100895584155,True
2011-07-06,2011-10-04,129.63598611168698,2.3768588014084955,0.1634,5.9337749671456494,17.50598611168698,-9044.335347977752,-0.11977237022155353,True
2011-07-13,2011-10-11,126.4313579449134,2.9517968878291683,0.1991,6.084177072320348,6.751357944913394,-2380.4714277565313,-0.03168590027037318,True
2011-07-20,2011-10-18,127.4692603569597,2.824814473446878,0.1909,6.034637426126478,4.859260356959695,-1295.9057299227684,-0.017228572587339546,True
2011-07-27,2011-10-25,124.24918860888027,3.476261664160319,0.2298,6.191032535851837,1.169188608880276,1358.357767127459,0.01816692789340372,True
2011-08-03,2011-11-01,119.95064453129743,3.431053665973785,0.23379999999999998,6.412894005167785,0.0,2127.832646334828,0.028476358707857783,False
2011-08-10,2011-11-08,102.15329533545173,6.709550721221959,0.4299,7.530161084914233,0.0,4941.562568933586,0.06875631015234847,False
2011-08-17,2011-11-15,111.47509839205931,4.747693853267549,0.31579999999999997,6.900471767473799,0.0,3198.1574085357074,0.04342552761678933,False
2011-08-24,2011-11-22,108.96973135982248,5.54093119474318,0.359,7.05912329627333,0.0,3824.006554741046,0.05237528195437094,False
2011-08-31,2011-11-30,113.690806868641,4.8504355476205205,0.31620000000000004,6.765989180809867,0.0,3205.3437659984506,0.04352645521253907,False
2011-09-08,2011-12-07,110.17560385007094,5.261696805845652,0.3432,6.9818611593683935,0.0,3591.094363481258,0.049025558332896416,False
2011-09-15,2011-12-14,113.04901838020604,4.896178896824168,0.3197,6.8044002526735365,0.0,3254.6663694133094,0.044226105571265405,False
2011-09-22,2011-12-21,102.88472067885702,6.3906657037294465,0.41350000000000003,7.476627862283221,0.0,4672.782051165088,0.06476929994563735,False
2011-09-29,2011-12-29,106.3565742201321,6.042306121997527,0.3884,7.232564370103249,0.0,4273.331727498038,0.05889949766445485,False
2011-10-06,2012-01-06,107.3887884941919,5.53952113562481,0.3627,7.163045416723114,0.0,3879.312506133315,0.05317397810870721,False
2011-10-13,2012-01-13,112.45271582944181,4.608582629154704,0.307,6.840481917728598,0.0,3075.195168438754,0.04168592667721248,False
2011-10-20,2012-01-23,112.53140215350683,5.474534686844059,0.3478,6.8356987872722215,0.0,3658.4960633110313,0.049992533125199,False
2011-10-27,2012-01-30,121.51720939815038,3.8814755924012587,0.2546,6.330220822553531,0.0,2385.5282664303204,0.032035126321599786,False
2011-11-03,2012-02-06,117.89452908650125,4.788954812060005,0.305,6.524736772699362,0.0,3050.937430972845,0.04134150630555299,False
2011-11-10,2012-02-13,115.47705831115604,5.182503723333895,0.3281,6.6613297955517385,0.0,3374.532185110368,0.04593022445939092,False
2011-11-17,2012-02-21,113.0526427839514,5.4406356455881095,0.34509999999999996,6.804182107452395,0.0,3619.023983122388,0.04942592443088265,False
2011-11-25,2012-02-28,107.52899929649239,5.166483156543606,0.3447,7.153705272656263,0.0,3612.7309673550126,0.04933596480286032,False
2011-12-02,2012-03-06,117.44698123251989,4.1561703820453175,0.2752,6.549600178380549,0.0,2648.1149455466966,0.035688423021189644,False
2011-12-09,2012-03-13,118.88112971431207,3.9781680271062356,0.2638,6.470587645653588,0.0,2500.990848456886,0.03363854134263462,False
2011-12-16,2012-03-20,115.2750348296847,3.4636471943383427,0.2429,6.673004006177781,0.0,2235.8882151108096,0.029966958332239845,False
2011-12-23,2012-03-27,120.93924046660096,2.9696069104273732,0.2073,6.360472963638323,0.0,1816.9371021515706,0.024214764633198105,False
2012-01-03,2012-04-03,121.29350888973417,3.3916778663052582,0.2297,6.341895590884947,0.0,2079.3032704253383,0.02780854069733433,False
2012-01-10,2012-04-11,123.57382060702506,3.026957800312765,0.2069,6.224868385974619,0.0,1813.9003789231074,0.024172821527384536,False
2012-01-18,2012-04-18,125.10744527812334,3.101743297646628,0.2089,6.148561083001183,0.0,1837.647072699068,0.024496750964351534,False
2012-01-25,2012-04-25,127.6511584851626,2.6872953393853365,0.18309999999999998,6.026038293418074,0.0,1551.2802293703714,0.020600318160637197,False
2012-02-01,2012-05-02,127.47517084501044,2.7268270135246837,0.1855,6.034357625345187,0.0,1577.2766970395915,0.020952799317765124,False
2012-02-08,2012-05-09,130.2248412399378,2.7139886451884436,0.1816,5.906943421136297,0.0,1536.3892766146084,0.020398174682862615,False
2012-02-15,2012-05-16,128.60186590030415,3.236433121043895,0.2114,5.981489956196273,0.0,1868.2783842374834,0.024914627994333517,False
2012-02-23,2012-05-23,132.06101038250557,2.503701105095942,0.168,5.824813599432153,0.0,1392.538830914032,0.01845284622249251,False
2012-03-01,2012-05-31,133.02223643830786,2.6057614419799364,0.1726,5.782723173411069,1.532236438307848,555.4450197375339,0.007365058775734689,True
2012-03-08,2012-06-07,132.05992488319598,2.7133629581045184,0.1795,5.824861477932359,0.009924883195964185,1508.8942953504095,0.02002711194139629,True
2012-03-15,2012-06-14,136.5271501834151,2.3354946267218324,0.1542,5.634269580792971,2.9571501834151093,-413.9247455437456,-0.005474673918028382,True
2012-03-22,2012-06-21,134.960485741337,2.3354911004516765,0.1557,5.6996739823911415,2.520485741337012,-169.84723015461384,-0.0022468965347914173,True
2012-03-29,2012-06-28,136.02062342573797,2.337621548511237,0.1548,5.655251018980513,3.2306234257379742,-568.9193141282816,-0.00752527892925864,True
2012-04-05,2012-07-06,135.1608269112369,2.5440665876824937,0.16699999999999998,5.691225681357661,0.0,1383.5748596909145,0.018331518442700985,False
2012-04-13,2012-07-13,131.61706651586059,3.0039781914898214,0.1955,5.844460673632113,0.0,1689.6208348490352,0.02247810257225596,False
2012-04-20,2012-07-20,133.13339363105763,2.641006642150387,0.1744,5.777894998774534,0.0,1460.6556934549526,0.019372828564821067,False
2012-04-27,2012-07-27,135.8858435688785,2.487783491938231,0.1632,5.66086024141917,0.0,1344.3317451491714,0.017802234084727486,False
2012-05-04,2012-08-03,131.5870034331169,2.929283860210745,0.1916,5.845795930916188,0.0,1646.342073032491,0.021889738676852954,False
2012-05-11,2012-08-10,129.99561864630755,3.0312178088818627,0.1989,5.9173591944178865,0.0,1726.8142982701108,0.022984535740995286,False
2012-05-18,2012-08-17,122.7717313493622,3.849376404176965,0.251,6.26553654311372,0.0,2341.0402899198616,0.03141862104815507,False
2012-05-25,2012-08-24,126.068610094838,3.290593537096548,0.21760000000000002,6.101683588421399,0.0,1938.8670335975914,0.025880802004992105,False
2012-06-04,2012-08-31,120.9116911094807,3.993780688117802,0.2612,6.361922177850126,0.0,2468.9224727109117,0.033192354140882056,False
2012-06-11,2012-09-10,124.87373382981046,3.607246825123404,0.23559999999999998,6.160068620028199,0.0,2152.4800218075848,0.02881461244101471,False
2012-06-18,2012-09-17,129.43877322188513,2.726752605316456,0.1832,5.942815665535911,0.0,1553.3049928709934,0.02062750315714471,False
2012-06-25,2012-09-24,125.71272117619992,3.0216976418975108,0.20379999999999998,6.118957270462784,0.0,1779.8196583466727,0.023707501641994908,False
2012-07-02,2012-10-01,131.91600524702957,2.5009520005958095,0.168,5.831216369767159,0.0,1392.466479609252,0.018451887479029518,False
2012-07-10,2012-10-08,129.02511147427566,2.791120009744681,0.18719999999999998,5.961868666039745,0.0,1596.6599769990867,0.02121552189449047,False
2012-07-17,2012-10-15,131.92982626765678,2.4438735732744874,0.1648,5.830605489240683,0.0,1359.040425106027,0.018000976359002465,False
2012-07-24,2012-10-22,128.33582363127178,3.1017947378712307,0.2047,5.993889683062194,0.0,1791.4505944116945,0.02386567584131066,False
2012-07-31,2012-10-31,132.38666954173326,2.903470093277484,0.1893,5.8104850880645404,0.0,1621.398486567889,0.021550827483130777,False
2012-08-07,2012-11-07,135.93562453931918,2.428426281162011,0.15990000000000001,5.658787178399069,0.0,1310.2504552367827,0.017343081956410846,False
2012-08-14,2012-11-14,136.79970357041296,2.23778050042322,0.1485,5.623044123299828,0.8197035704129689,733.8505161748324,0.009698708967851483,True
2012-08-21,2012-11-21,137.6807065506839,2.2827826947477945,0.1502,5.5870629117348045,0.0,1212.2712420349403,0.016025228695947,False
2012-08-28,2012-11-29,136.80249942199939,2.535986807658624,0.1649,5.622929204369991,0.0,1362.428328258689,0.01804609921327344,False
2012-09-05,2012-12-06,135.91247697131547,2.752700213365209,0.17739999999999997,5.659750939519089,0.0,1494.0045762642483,0.019823555413159753,False
2012-09-12,2012-12-13,139.9481759849371,2.4645927660774802,0.158,5.496540157219076,0.0,1292.5624072170756,0.01710453503625948,False
2012-09-19,2012-12-20,142.94515663289906,2.1594227802990957,0.1388,5.381299984904347,0.0,1101.2414876731436,0.0145357254907778,False
2012-09-26,2012-12-28,138.51494713442133,2.6279474371137965,0.1681,5.5534134412531815,0.0,1396.6542901312996,0.018507638278245298,False
2012-10-03,2013-01-07,140.74384428694395,2.4094873337548535,0.1543,5.465466522731088,0.0,1255.1374642513126,0.016600990414347757,False
2012-10-10,2013-01-14,138.69402551014358,2.533586342202433,0.1629,5.546243007955021,0.0,1342.5160075591666,0.017777456925038754,False
2012-10-17,2013-01-22,141.93544917268312,2.362625938954835,0.1507,5.419581744479484,0.0,1219.2031670667145,0.01611793676472115,False
2012-10-24,2013-01-29,135.8094423254738,2.8628717672833517,0.1833,5.6640448267747905,0.0,1557.5396957775317,0.020684036870885197,False
2012-11-02,2013-02-05,136.56383185055535,2.7374275807261412,0.1759,5.632756190325375,0.0,1478.276070139582,0.01961068591094031,False
2012-11-09,2013-02-12,132.929866448134,2.8548175301821814,0.1861,5.7867414583682315,0.0,1586.6189173186017,0.021078735337717633,False
2012-11-16,2013-02-20,131.94434322675738,2.4316525921884633,0.1641,5.829963986472553,0.0,1351.7661109599971,0.017902898787970817,False
2012-11-26,2013-02-27,136.93498384834953,2.3569603070470677,0.155,5.617489027366915,0.0,1260.5422402683798,0.01667404712893847,False
2012-12-03,2013-03-06,136.81646929722902,2.5640728966188817,0.1664,5.622355065746085,0.0,1378.08021168181,0.01825720033558926,False
2012-12-10,2013-03-13,138.0451651132524,2.4772064410985735,0.1605,5.572312283444997,0.0,1317.4096592333362,0.017439271522970787,False
2012-12-17,2013-03-20,139.16946724652428,2.551653927538645,0.1634,5.5272954941198185,0.0,1347.916086540195,0.017850190017642067,False
2012-12-24,2013-03-27,137.21707789650185,2.798243043480454,0.1784,5.605940463263426,0.0,1505.3312631143708,0.019976687392184285,False
2013-01-02,2013-04-04,142.0712436023443,2.2925684213211,0.14679999999999999,5.414401603915264,0.0,1180.1058756244024,0.01559299670352724,False
2013-01-09,2013-04-11,142.24074335941646,2.136087879150679,0.1381,5.4079495864772245,0.0,1094.0757259460001,0.014439833367533163,False
2013-01-16,2013-04-18,143.42061909516065,2.0828737069898366,0.13419999999999999,5.363460108343131,0.0,1056.5339045913995,0.013937350575246294,False
2013-01-24,2013-04-25,146.01241307102038,1.9870727537649842,0.12689999999999999,5.268255986267522,0.0,987.3095003723238,0.01301210432578617,False
2013-01-31,2013-05-02,145.6752731120414,2.275352929320448,0.14279999999999998,5.280448443979511,0.0,1141.8193160964695,0.015079178053691841,False
2013-02-07,2013-05-09,147.20312256212713,2.152687305534016,0.135,5.225641656522028,0.0,1065.8674950077727,0.01406191785585355,False
2013-02-14,2013-05-16,148.84826047452822,2.0201240646269554,0.1266,5.167885514942948,0.0,985.5798828784762,0.012988818841252754,False
2013-02-22,2013-05-23,147.849155291979,2.288392848016919,0.1417,5.202808008687358,0.0,1131.8151331703625,0.014944912430328885,False
2013-03-01,2013-05-31,147.60102479160906,2.513234620726017,0.1536,5.21155439345228,0.0,1250.8953282960942,0.016543326064164626,False
2013-03-08,2013-06-07,151.93511769682476,2.0488348933930354,0.1259,5.062889876228036,0.0,980.0918883808579,0.012915357277435355,False
2013-03-15,2013-06-14,152.88354606782775,1.8209802618885789,0.113,5.0314817324389844,0.0,859.3671487058738,0.011306442815771554,False
2013-03-22,2013-06-21,151.699703676056,2.2318866679252665,0.13570000000000002,5.0707466830219206,0.0,1074.4337543081415,0.014176206693444942,False
2013-04-01,2013-06-28,152.1344208497129,2.240210003257225,0.1358,5.056257255487628,0.0,1075.5721012915203,0.01419140866911955,False
2013-04-08,2013-07-08,152.44678872483848,2.169810201338663,0.1319,5.04589683826798,0.0,1037.8452091852087,0.01368679502041642,False
2013-04-15,2013-07-15,149.81868968538558,2.936849166682279,0.1727,5.134411273026943,0.0,1449.8802994741234,0.01922531169755258,False
2013-04-22,2013-07-22,151.95656248401508,2.3950123386985496,0.1439,5.062175378649327,0.0,1155.1946674733767,0.015258014753667023,False
2013-04-29,2013-07-29,155.2497602472538,2.3116960010384062,0.1371,4.9547952151789305,0.0,1089.4088425578145,0.014376381784842785,False
2013-05-06,2013-08-05,158.10302396145477,2.1457269461975628,0.1266,4.865376701575969,0.0,988.9982324695292,0.013033868790369602,False
2013-05-13,2013-08-12,159.86931245077528,2.1479105384919635,0.1255,4.811622427334952,0.0,979.1221184628175,0.012901930326638092,False
2013-05-20,2013-08-19,163.02050097043698,2.2855733875774717,0.13019999999999998,4.718613699820893,0.0,1025.1534550489346,0.013516498375609752,False
2013-05-28,2013-08-26,161.74390395655496,2.568082391322136,0.1448,4.7558563285166375,0.0,1167.6019127799138,0.015423714275072886,False
2013-06-04,2013-09-03,158.33322009039318,2.8880779530207334,0.16269999999999998,4.858303069890272,0.0,1348.2169738345442,0.01785245852564693,False
2013-06-11,2013-09-10,157.57689956273117,3.0456169130876347,0.1707,4.881621426524764,0.0,1431.5925558717506,0.018977496742433198,False
2013-06-18,2013-09-17,160.25236123210618,2.9967566270255332,0.1661,4.800121279440192,0.0,1384.2381550111936,0.018338021301482852,False
2013-06-25,2013-09-24,152.69984506996252,3.24911472595317,0.18469999999999998,5.037534706589457,0.0,1579.828677583538,0.02098427166420923,False
2013-07-02,2013-10-01,155.9404419609573,2.8802092827310943,0.16440000000000002,4.932849744156561,0.0,1365.022760234774,0.018079217797535387,False
2013-07-10,2013-10-08,160.79787807273445,2.497076580645796,0.1421,4.783836568308566,0.0,1140.5032728141407,0.015060420150588715,False
2013-07-17,2013-10-15,163.66917858925459,2.4516350014221615,0.1378,4.699912200092582,0.0,1099.1379174747549,0.014506082584914566,False
2013-07-24,2013-10-22,164.4938386021231,2.3392131235319766,0.1318,4.676350043063806,0.0,1041.055183609797,0.013728952331525678,False
2013-07-31,2013-10-29,164.48427065546028,2.395009459989332,0.13449999999999998,4.676622063407214,0.0,1067.209578949009,0.01407872084281605,False
2013-08-07,2013-11-05,165.19561829963533,2.307806961712977,0.1298,4.656484095331888,0.0,1022.0083709540181,0.013474347427750095,False
2013-08-14,2013-11-12,164.73996061969092,2.3138028951682728,0.1304,4.669363561440752,0.0,1027.6348844612046,0.013549559541394003,False
2013-08-21,2013-11-19,159.43913626579428,2.8376407761356646,0.1594,4.8246044681803655,0.0,1314.5314062730545,0.01739856166517637,False
2013-08-28,2013-11-26,158.58060594243216,2.9397001247759675,0.1649,4.850724113830256,0.0,1371.154245781778,0.018161678704746408,False
2013-09-05,2013-12-04,160.7703530998947,2.8248608286131898,0.1577,4.784655593514854,0.0,1297.5320082457927,0.017169599395438242,False
2013-09-12,2013-12-11,164.49098616809067,2.5713603072316644,0.1429,4.676431135531675,0.0,1149.6352683093369,0.015182596267509818,False
2013-09-19,2013-12-18,168.6601997558081,2.3942274502688647,0.1316,4.560831603095973,0.0,1040.4294249036284,0.013720350704573265,False
2013-09-26,2013-12-26,165.22340043206322,2.5339958156937854,0.1406,4.655701112670554,0.0,1127.1432912896314,0.014881090882363404,False
2013-10-03,2014-01-03,161.67030485250842,3.2586461315045767,0.17670000000000002,4.758021393802265,0.0,1496.7051591030108,0.019857415526749325,False
2013-10-10,2014-01-10,163.67386850762313,3.031901528240276,0.1648,4.699777528597623,0.0,1371.8187810612908,0.018170230252564663,False
2013-10-17,2014-01-17,168.91803729504275,2.4659726197616294,0.1348,4.553869921464829,0.0,1071.5131239162783,0.01413603744929129,False
2013-10-24,2014-01-27,170.92601161839954,2.4349759659146386,0.132,4.500372775023345,0.0,1044.9757421260774,0.013781005956327235,False
2013-10-31,2014-02-03,171.30246960348305,2.559436090826644,0.1375,4.490482659189454,0.0,1098.5678842672282,0.014497997575960087,False
2013-11-07,2014-02-10,170.39268756551843,2.5805873483567083,0.1391,4.51445880818676,0.0,1113.9821439759153,0.014704466156871057,False
2013-11-14,2014-02-18,175.32931687887879,2.316652179635348,0.12369999999999999,4.387348236588238,0.0,966.8189504376971,0.0127369414456801,False
2013-11-21,2014-02-25,175.8209608165739,2.386189485043893,0.1266,4.375079999894171,0.0,994.5385851985267,0.013106884320783448,False
2013-11-29,2014-03-04,176.40267372497948,2.6244248799202694,0.13699999999999998,4.360652551276169,0.0,1095.1451309962767,0.0144518942768232,False
2013-12-06,2014-03-11,176.30244746822825,2.6431159341366026,0.1379,4.363131540583937,0.0,1103.9228633565401,0.014569421129206101,False
2013-12-13,2014-03-18,172.64897411681125,3.0312782651438326,0.1576,4.455460990520113,0.0,1300.2274969831055,0.01720503424180399,False
2013-12-20,2014-03-25,176.90655666149837,2.652172703668839,0.1379,4.348232104831778,0.0,1104.091226980535,0.014571643169008199,False
2013-12-30,2014-04-01,179.21705206651455,2.6344664057974043,0.1356,4.292173988808147,0.0,1082.2572520617189,0.014279247278902734,False
2014-01-07,2014-04-08,179.187135268384,2.489843460991665,0.1292,4.29289060332722,0.0,1020.3528959270866,0.013451499095880467,False
2014-01-14,2014-04-15,179.67516615819125,2.3541689868242273,0.12279999999999999,4.281230320686143,0.0,959.4960620173326,0.012639050211624463,False
2014-01-22,2014-04-23,180.02585779157403,2.483540261908516,0.1284,4.272890453999951,0.0,1012.9058855931441,0.013351973179647286,False
2014-01-29,2014-04-30,171.19797442365038,3.3748226529757233,0.17350000000000002,4.49322354321327,0.0,1465.609833813689,0.019436070759968248,False
2014-02-05,2014-05-07,167.95364434895893,3.931029040861098,0.19949999999999998,4.5800183271553845,0.0,1748.664298075532,0.02327745496369122,False
2014-02-12,2014-05-14,177.16567918926103,2.7717760214984395,0.14300000000000002,4.341872380423197,0.0,1154.4066173475549,0.01524580832932424,False
2014-02-20,2014-05-21,178.91040806739804,2.912637544031604,0.1479,4.299530572536559,0.0,1203.712721258505,0.015907233004749395,False
2014-02-27,2014-05-29,180.93834224673145,2.770377333997807,0.1404,4.251341974725453,0.0,1129.7419802708896,0.014915011996120546,False
2014-03-06,2014-06-05,183.1544379621522,2.844258040953477,0.1421,4.19990243091858,0.0,1147.1017285666426,0.01514755318943791,False
2014-03-13,2014-06-12,179.28581533218625,3.2581958122817767,0.16219999999999998,4.29052776877811,0.0,1349.4549970839585,0.01786762680118009,False
2014-03-20,2014-06-19,182.58704132101838,2.908469905856407,0.1452,4.2129537981741745,0.0,1177.718555755935,0.015558170814911733,False
2014-03-27,2014-06-26,179.45703596681426,2.8818718674070496,0.1462,4.286434160057217,0.0,1186.8586957274997,0.01568098141960807,False
2014-04-03,2014-07-03,183.99858096678082,2.6605725864695984,0.13369999999999999,4.180634248313287,0.0,1065.0469205058866,0.014048751330315159,False
2014-04-10,2014-07-11,177.48360381489155,3.146931408538812,0.1589,4.334094827334286,0.0,1314.934642423509,0.01740271491168061,False
2014-04-17,2014-07-18,181.8183643412765,2.6267546868777742,0.1336,4.230764983601484,0.0,1063.51053066066,0.014028305743365856,False
2014-04-25,2014-07-25,181.38645333542974,2.7818850875455254,0.1406,4.2408391315103655,0.0,1131.8312316767533,0.014942983338709435,False
2014-05-02,2014-08-01,183.66481211787027,2.549769842374367,0.1291,4.188231596246652,0.0,1020.5756446613298,0.013454265376079431,False
2014-05-09,2014-08-08,183.56231711927987,2.550637545934137,0.1292,4.1905701633245265,0.0,1021.5091168991215,0.013466741768706748,False
2014-05-16,2014-08-15,183.88242492380073,2.445539682022847,0.1244,4.183275098474103,0.0,975.7655168008879,0.012855928820176606,False
2014-05-23,2014-08-22,186.66144983480734,2.2367764403559676,0.11359999999999999,4.1209942915986515,0.0,875.2070587338646,0.01151568497461069,False
2014-06-02,2014-08-29,189.05250991902432,2.3156186482222125,0.1158,4.068873613792533,0.0,896.2176898998739,0.011795305326294733,False
2014-06-09,2014-09-08,191.89615712603137,2.251118284391353,0.1115,4.0085782891710675,0.0,857.0814534490868,0.0112743169947976,False
2014-06-16,2014-09-15,189.87912743598793,2.574627487848403,0.1265,4.051160228183018,0.0,997.2447375373524,0.01314238306356747,False
2014-06-23,2014-09-22,192.27652650541552,2.2165069576198704,0.10980000000000001,4.000648353760975,0.0,841.5391647126692,0.011067593082567728,False
2014-06-30,2014-09-29,191.82131340554557,2.3472119820750805,0.1157,4.010142332851584,0.0,895.9508049883524,0.01179164838513558,False
2014-07-08,2014-10-06,192.12345693694436,2.446642235363953,0.1198,4.003835770471451,0.0,934.3520257433152,0.0123032550870041,False
2014-07-15,2014-10-13,193.10285767637333,2.454399653787263,0.11960000000000001,3.983528666986096,5.692857676373336,-1335.0629109172157,-0.01757925585838742,True
2014-07-22,2014-10-20,193.90955763869624,2.5311396712108873,0.12240000000000001,3.966956444014201,3.6095576386962307,-472.6303183630285,-0.006225456246000329,True
2014-07-29,2014-10-27,192.15980991981314,2.7567957469350333,0.1328,4.003078320860973,0.0,1058.3321439340075,0.013958572721138967,False
2014-08-05,2014-11-03,185.58224075428382,3.5361137865442345,0.16870000000000002,4.144958947064621,0.0,1418.8666116356778,0.018803551844587416,False
2014-08-12,2014-11-10,188.40119281815086,2.9063780987813743,0.1413,4.082940016060559,0.0,1140.5195219501638,0.015059062987865222,False
2014-08-19,2014-11-17,194.11077613927864,2.5266146048958333,0.12210000000000001,3.962844230136042,0.0,956.4778710783535,0.012598194890252825,False
2014-08-26,2014-11-24,196.3084719200321,2.4163756017594693,0.11630000000000001,3.9184797360356503,0.0,902.5730619973402,0.011879677642860144,False
2014-09-03,2014-12-02,196.09780528976285,2.588653153398859,0.12359999999999999,3.9226893339990196,0.0,971.1218219518744,0.012793468040489841,False
2014-09-10,2014-12-09,195.40955508626445,2.705506962722559,0.1288,3.9365054021600363,0.0,1020.541766389486,0.013453308261902787,False
2014-09-17,2014-12-16,196.1924691583436,2.6602319634853515,0.1265,3.920796616357053,0.0,998.7178463509899,0.013161796713591788,False
2014-09-24,2014-12-23,194.71145425517682,2.7909525646635274,0.13269999999999998,3.9506189924639092,0.0,1057.9570262877166,0.013953447083949033,False
2014-10-01,2014-12-31,187.92258578944148,3.5397316400799426,0.1671,4.093338573430746,0.0,1402.6772803134832,0.018584871439857837,False
2014-10-08,2015-01-08,190.93633384962033,3.1883009043972166,0.15109999999999998,4.028729125157542,0.0,1238.9554322168397,0.016379936749028195,False
2014-10-15,2015-01-15,175.91172752946977,5.848485460397377,0.2625,4.372822551594254,0.0,2500.6054638448095,0.03362581873434363,False
2014-10-22,2015-01-23,185.7534540759196,3.795812753324732,0.1787,4.141138441045493,0.0,1525.103746396564,0.020239945553017082,False
2014-10-29,2015-01-30,192.34348792988976,3.2218980814885327,0.1515,3.999255589620783,0.0,1243.3278029954342,0.016438620698887987,False
2014-11-05,2015-02-06,196.95699573229996,3.048478562563318,0.1417,3.9055772879288453,0.0,1146.4738403149308,0.0151384715091899,False
2014-11-12,2015-02-13,199.13554158190288,2.79191200892555,0.13019999999999998,3.8628502130765576,0.0,1034.823582449141,0.013643997591120456,False
2014-11-19,2015-02-23,199.8707399547135,3.039797382504844,0.1396,3.8486412238482766,0.0,1126.4193060159375,0.014869599994071716,False
2014-11-26,2015-03-02,203.23615422231012,2.6105190965638556,0.1207,3.784911066509088,0.0,945.2887667402316,0.01244865390705671,False
2014-12-04,2015-03-09,203.08990557257752,2.6859597678670397,0.12380000000000001,3.7876366482226365,0.0,974.5436711175608,0.012838867805399086,False
2014-12-11,2015-03-16,195.71228328069014,4.617952290438701,0.20079999999999998,3.9304164068615974,0.0,1770.6338394469003,0.023574494685917807,False
2014-12-18,2015-03-23,199.88918116027392,3.7923579527279685,0.1681,3.848286159189323,0.0,1415.9222284186205,0.01876296562353685,False
2014-12-26,2015-03-30,202.7187424935616,3.2239043784555435,0.145,3.794571531811866,0.0,1180.4549192676293,0.015593909134935061,False
2015-01-05,2015-04-07,193.42490215941032,4.518720833524291,0.19920000000000002,3.9768962560819126,0.0,1752.109468818484,0.023322269301097615,False
2015-01-12,2015-04-14,194.47780433411225,4.452778177989508,0.196,3.9553653532062363,0.0,1716.5408245820186,0.02283792964419322,False
2015-01-20,2015-04-21,193.76596860189522,4.518205004888394,0.1989,3.9698961318187087,0.0,1748.820630877485,0.023277448151350657,False
2015-01-27,2015-04-28,195.77374146377667,3.824215951973059,0.1722,3.9291825526718926,0.0,1458.2044967690153,0.01933433251307956,False
2015-02-03,2015-05-05,197.74471971301224,3.8926820466476926,0.17329999999999998,3.8900192649753538,0.0,1470.3035976940998,0.01949776794790695,False
2015-02-10,2015-05-12,199.6986732121424,3.9036329425454497,0.1723,3.8519573358086645,0.0,1460.1356370395927,0.019360209213297716,False
2015-02-18,2015-05-19,203.8529772264044,3.4952845109018043,0.1545,3.7734585959784224,0.0,1276.2910561707085,0.016881231087565327,False
2015-02-25,2015-05-27,206.1787305767678,3.1041528557647453,0.1384,3.730892934876989,0.0,1115.9671056709817,0.014729331900294202,False
2015-03-04,2015-06-03,204.6048059949186,3.1826287237251947,0.1423,3.7595928672852055,0.0,1154.055425493103,0.015239775308318052,False
2015-03-11,2015-06-10,197.65412340113028,3.7661333750757393,0.16870000000000002,3.891802285701116,0.0,1421.7272819090795,0.018841462921890283,False
2015-03-18,2015-06-17,204.96876249182614,3.1199524803162646,0.13970000000000002,3.7529170780910825,0.0,1128.484331638725,0.014897053295210419,False
2015-03-25,2015-06-24,199.61875817167953,3.420044843001996,0.15439999999999998,3.853499421979182,0.0,1274.3695390967425,0.016855588841002956,False
2015-04-01,2015-07-01,199.73354288479914,3.335198820354485,0.15109999999999998,3.8512848574184684,0.0,1240.960552442288,0.016406445969306023,False
2015-04-09,2015-07-09,203.92111468785075,2.876876886671276,0.1309,3.7721977462130782,0.0,1042.5890162711808,0.013747605586212236,False
2015-04-16,2015-07-16,205.62113523705779,2.775334240653528,0.126,3.7410102241869914,0.0,995.981961448796,0.013124916698180616,False
2015-04-23,2015-07-23,206.4585164515378,2.755987337980585,0.12480000000000001,3.725836949968259,0.0,984.7339882146312,0.012974739928276541,False
2015-04-30,2015-07-30,202.7115481145981,3.2369137989175485,0.14550000000000002,3.7947062038907777,0.0,1185.4335073172429,0.015660706984797716,False
2015-05-07,2015-08-06,202.80094206669054,3.3917424541268275,0.15130000000000002,3.7930335105534656,0.0,1243.6380000977365,0.016442282805894434,False
2015-05-14,2015-08-13,207.3431663766836,2.8345959765209656,0.1274,3.709940301737727,0.0,1009.6958598342375,0.013307980057733565,False
2015-05-21,2015-08-20,208.94986310078355,2.6941428006782075,0.1211,3.6814131285634932,4.979863100783547,-883.0680404559558,-0.011629836479759995,True
2015-05-29,2015-08-27,205.701352237295,3.096965619081274,0.1384,3.739551348906022,6.431352237294988,-1289.167927834166,-0.01701536020890774,True
2015-06-05,2015-09-03,204.1678523292628,3.1705814074333816,0.1421,3.7676390306061793,8.617852329262774,-2094.9093745829023,-0.027663415012196154,True
2015-06-12,2015-09-11,204.6327570133319,3.065237046190802,0.1378,3.7590793402673723,7.892757013331902,-1857.1806538658545,-0.024510496373356623,True
2015-06-19,2015-09-18,205.01311158984112,3.1180067684303125,0.1396,3.7521052349555504,9.563111589841128,-2460.6699431802754,-0.03248273318569007,True
2015-06-26,2015-09-25,204.3185883166334,3.1231244898056048,0.1402,3.764859455854741,11.4685883166334,-3184.4927520437905,-0.04204102650200967,True
2015-07-06,2015-10-02,199.7266371683675,3.8438567662815544,0.17010000000000003,3.851418018830987,4.726637168367489,-383.5166583392534,-0.005083552520757107,True
2015-07-13,2015-10-09,204.33438684994954,3.092023807466056,0.139,3.7645683680037876,3.004386849949526,-9.548090744960781,-0.00012603232291660092,True
2015-07-20,2015-10-16,207.98258119554927,2.717393125689995,0.1225,3.6985345830837795,4.712581195549262,-779.7206484019143,-0.0102705582455695,True
2015-07-27,2015-10-23,200.53378615879225,3.478216383949004,0.156,3.835916051680466,0.0,1290.868754456808,0.01707749944746103,False
2015-08-03,2015-10-30,205.07582288983446,2.7578166118452003,0.12560000000000002,3.750957857396947,0.0,992.0595651574725,0.013072571544675893,False
2015-08-10,2015-11-06,206.01720817794882,2.686652609018374,0.1223,3.7338180438128292,0.0,960.955055005877,0.012657480828777299,False
2015-08-17,2015-11-13,205.60871593318754,2.8826669443009934,0.13019999999999998,3.7412361909829275,3.0687159331875478,-111.88129000992285,-0.0014751384460856742,True
2015-08-24,2015-11-20,173.09572990342758,10.525695147840452,0.40740000000000004,4.4439615561858945,0.0,4578.249739712225,0.06337072671708698,False
2015-08-31,2015-11-30,185.52181254632205,6.855859150032451,0.2843,4.146309044057576,0.0,2780.40785650204,0.03753228771101199,False
2015-09-08,2015-12-07,186.9198689380616,5.799971695032838,0.249,4.115296964420963,0.0,2333.773493155275,0.031310597827486644,False
2015-09-15,2015-12-14,189.02116480834314,5.159488199913554,0.2254,4.069548349311709,0.0,2052.3946824965356,0.027429851228083817,False
2015-09-22,2015-12-21,184.73472602540804,5.014000222109644,0.22440000000000002,4.163974937364893,0.0,2040.6476161404687,0.02726853119339844,False
2015-09-29,2015-12-29,177.25178168947775,6.065173923085013,0.2683,4.339763255967505,0.0,2573.857363147991,0.034645645018661665,False
2015-10-06,2016-01-06,189.91226927460045,4.293297074148235,0.19399999999999998,4.05045325491063,0.0,1693.2097890477098,0.022520850237409355,False
2015-10-13,2016-01-13,193.1420984770004,3.8929953933527486,0.17670000000000002,3.9827193309819515,4.312098477000376,-211.92172373185113,-0.0028116544542482664,True
2015-10-20,2016-01-21,196.86822735517336,3.4538856363487724,0.1575,3.9073383225165466,10.178227355173362,-2671.5807322104474,-0.035350748336772,True
2015-10-27,2016-01-28,200.43894829863248,3.4314474609067958,0.1543,3.8377310186476237,11.328948298632469,-3074.2147539842586,-0.04066089262420465,True
2015-11-03,2016-02-04,205.18689896281973,3.2737823149196856,0.1454,3.7489273102672867,13.586898962819731,-3908.67534413449,-0.05163664857930606,True
2015-11-10,2016-02-11,202.41488329823903,3.4278789249935855,0.15289999999999998,3.8002678296011516,19.55488329823902,-6171.6366172226635,-0.08161339191168288,True
2015-11-17,2016-02-19,197.57355622903324,4.307750338830722,0.1884,3.893389297194477,5.573556229033244,-536.8228095823201,-0.007134246453228482,True
2015-11-24,2016-02-26,202.84065696889476,3.607373753714292,0.1593,3.79229085887219,7.750656968894759,-1614.1063929700024,-0.021363314133530088,True
2015-12-02,2016-03-04,202.0567512894241,3.588031884363751,0.1591,3.8070035488640053,1.6267512894241065,703.6410784231701,0.00931270479539618,True
2015-12-09,2016-03-11,197.05421768400518,4.514625210269635,0.1961,3.9036503672522374,0.0,1718.2405868575768,0.0228608835913583,False
2015-12-16,2016-03-18,200.54647009911517,4.095304238788749,0.17859999999999998,3.8356734419239378,0.0,1527.4818606383128,0.020271217130979523,False
2015-12-23,2016-03-28,199.80281167311188,3.4575875001081613,0.1557,3.8499496718258004,0.0,1287.649354843409,0.017034218755232762,False
2015-12-31,2016-04-04,196.35682151162734,4.106031650957725,0.1821,3.917514875770277,0.0,1564.2760892048436,0.02076991025031213,False
2016-01-08,2016-04-11,180.76141666067974,6.240153424842951,0.2701,4.255503101498411,0.0,2596.8570867860726,0.03496622843085756,False
2016-01-15,2016-04-18,176.87680550253896,6.109040162769936,0.2702,4.348963489278573,0.0,2598.00962446138,0.03498235950812271,False
2016-01-25,2016-04-25,177.986753459056,5.308110377656497,0.2415,4.321842801676378,0.0,2242.5818297233054,0.03004973908474214,False
2016-02-01,2016-05-02,185.65792096269453,4.353544606468127,0.1998,4.14326932695393,0.0,1756.9718397559311,0.023389091271224,False
2016-02-08,2016-05-09,175.06739753385637,5.747730850034294,0.26,4.393912173635913,0.0,2469.280320343614,0.03319033366352923,False
2016-02-16,2016-05-16,180.03484149016796,5.357702579581847,0.24109999999999998,4.272677237715558,0.0,2237.8354376974403,0.02998416713632579,False
2016-02-23,2016-05-23,183.90738809026124,4.584245666419434,0.20980000000000001,4.182707270320391,0.0,1870.1911756321108,0.024934013568931088,False
2016-03-01,2016-05-31,191.06309329781362,3.859059098506897,0.177,4.0260562935184705,0.0,1508.184480943582,0.02001056822588906,False
2016-03-08,2016-06-07,190.85964152970948,4.115182793999004,0.1867,4.030347972287424,0.0,1613.0189308517502,0.021431333604726023,False
2016-03-15,2016-06-14,195.41746362349062,3.715514774691421,0.1684,3.9363460919380286,0.0,1418.0744954505583,0.01879226996034781,False
2016-03-22,2016-06-21,199.11793539092264,3.0819253472272052,0.1417,3.863191769845143,0.0,1146.9527966692774,0.015144795828916573,False
2016-03-30,2016-06-28,200.86115257721326,2.952631753467415,0.1356,3.8296642200888913,0.0,1087.4836124482438,0.014348203612700158,False
2016-04-06,2016-07-06,200.97073138493215,3.0899718232837685,0.1409,3.827576104887692,0.0,1139.4586215724898,0.015044271256480163,False
2016-04-13,2016-07-13,202.64223389863304,3.050908632987138,0.1384,3.796004191384698,0.0,1115.2313484724461,0.014719620850640328,False
2016-04-20,2016-07-20,204.98997747729237,2.940862078857812,0.1328,3.752528678217842,0.0,1061.1633548958662,0.013995914178002488,False
2016-04-27,2016-07-27,203.99502292489618,3.053087832460143,0.1377,3.770831063432234,0.0,1108.6574527859852,0.014631529407277093,False
2016-05-04,2016-08-03,198.57310763308925,3.5633742105642767,0.1605,3.873791262068099,0.0,1336.6029467749008,0.017693343557823326,False
2016-05-11,2016-08-10,200.73171922442845,3.241766582894442,0.1469,3.832133616963293,0.0,1198.9851601941164,0.015842662074933494,False
2016-05-18,2016-08-17,198.52829753998887,3.535990369640402,0.1595,3.874665620782981,0.0,1326.2943105516893,0.017554489299160002,False
2016-05-25,2016-08-24,203.85708385354175,3.08480117474614,0.139,3.77338258102138,0.0,1121.3742787045958,0.014801849812608639,False
2016-06-02,2016-08-31,205.5908336594155,3.0403994279002546,0.1363,3.7415616033985595,0.0,1095.3045297242504,0.014452693913034205,False
2016-06-09,2016-09-08,206.18294266508144,3.3164111403034298,0.1464,3.7308167168818085,0.0,1195.133983328945,0.015790732538413645,False
2016-06-16,2016-09-15,200.0864550444897,4.514640149523004,0.1937,3.8444919675333793,0.0,1692.207019881361,0.022506515838629088,False
2016-06-23,2016-09-22,203.55048764355934,3.9845305598650143,0.1725,3.7790662067967244,0.0,1463.077030736668,0.019399754429265535,False
2016-06-30,2016-09-29,203.11671492225656,3.531104500918431,0.1563,3.7871367185373894,0.0,1294.4829063226107,0.017126006698091063,False
2016-07-08,2016-10-06,207.5216464210828,2.9563096725763387,0.132,3.7067495487671716,0.0,1053.943684582768,0.013899274030340324,False
2016-07-15,2016-10-13,210.91900950422803,2.865146570883809,0.1267,3.6470433416071466,0.0,1003.7197826468736,0.013228048410548063,False
2016-07-22,2016-10-20,212.6605408766094,2.7185690363727417,0.1202,3.6171767741204746,0.0,942.4803801734947,0.012410901038671528,False
2016-07-29,2016-10-27,212.62702595698113,2.6792250825114365,0.11869999999999999,3.6177469245438285,0.0,928.3952899942982,0.012223157717407162,False
2016-08-05,2016-11-03,213.93527116035835,2.5713281806837074,0.1139,3.59562387753341,5.155271160358353,-969.7192574064259,-0.012759711716458618,True
2016-08-12,2016-11-10,214.1196130336825,2.614885466330918,0.1155,3.5925282991696976,0.0,898.8094339075199,0.01182898129562715,False
2016-08-19,2016-11-17,214.31647510036362,2.5630103679277454,0.1134,3.5892283543322616,0.0,879.3646680974281,0.011570107582529956,False
2016-08-26,2016-11-25,211.79878400175468,3.1375812775083602,0.1365,3.631894171896645,0.0,1098.4959114210321,0.014495178011148812,False
2016-09-02,2016-12-02,213.78923405687192,2.722550269753512,0.1198,3.598080009146482,0.0,938.9370658462922,0.012363629460277593,False
2016-09-12,2016-12-09,210.03733929577052,3.5210421982301625,0.1516,3.662352474135817,0.0,1248.1451776647505,0.016502533921671562,False
2016-09-19,2016-12-16,206.99152777185833,3.571015021076718,0.1553,3.716242773368961,0.0,1285.082333227767,0.016999342762021582,False
2016-09-26,2016-12-23,208.35954419411172,3.3136119460771454,0.145,3.6918432136429478,0.0,1181.6157492629459,0.015609243797167913,False
2016-10-03,2017-01-03,210.37122146027875,3.09509322111127,0.13570000000000002,3.6565399197247688,0.0,1090.414290733398,0.014387055790960907,False
2016-10-10,2017-01-10,210.84709019074663,3.0514543942837236,0.1338,3.648287337211392,0.0,1072.0325957638481,0.014141078483293835,False
2016-10-17,2017-01-18,205.62544235001565,3.734104591053523,0.16210000000000002,3.740931863486934,0.0,1354.630554569095,0.017935908648922607,False
2016-10-24,2017-01-25,209.8070039739905,2.941527611286574,0.13019999999999998,3.6663731651500524,0.0,1037.0437730907072,0.013673270480025507,False
2016-10-31,2017-02-01,205.33255251347987,3.9658137847376196,0.17059999999999997,3.7462679921649054,0.0,1443.3672961534273,0.019133317692191863,False
2016-11-07,2017-02-08,205.02771741242267,4.432321482122454,0.18710000000000002,3.7518379414205065,0.0,1620.539421781968,0.021532505579655803,False
2016-11-14,2017-02-15,210.65611640378967,3.344684095829564,0.1448,3.6515947524461763,0.0,1180.0800685895001,0.015588547432487531,False
2016-11-21,2017-02-23,215.2823581754943,2.857829298481448,0.1242,3.573124968297245,0.0,980.7618100117875,0.012921432910747413,False
2016-11-29,2017-03-02,215.75274740081989,2.99254640219894,0.129,3.5653347570203224,0.0,1026.65468722127,0.013534234263191003,False
2016-12-06,2017-03-09,217.15798373760367,2.7151771504540534,0.11789999999999999,3.542263360486189,0.0,921.759677754775,0.012134597526807353,False
2016-12-13,2017-03-16,222.5482589574866,3.0369347742675643,0.1272,3.4564672526946856,0.0,1010.6484796271064,0.013320200154353085,False
2016-12-20,2017-03-23,221.96028718423761,2.683834476369313,0.11449999999999999,3.4656234184463415,0.0,890.954416625473,0.011724170309314129,False
2016-12-28,2017-03-30,219.13242825610192,3.05309910763053,0.1295,3.510346576052006,0.0,1032.0766835724387,0.013606572730565739,False
2017-01-05,2017-04-06,221.83176691169396,2.741296401662794,0.1167,3.467631259218983,0.0,911.3962760898676,0.01199639763219394,False
2017-01-12,2017-04-13,222.0351230248029,2.7088677680790028,0.11539999999999999,3.464455347205769,0.0,899.3267969760407,0.011835645326823775,False
2017-01-20,2017-04-21,222.24095614110195,2.711378968499673,0.11539999999999999,3.461246669323995,0.0,899.3630550361011,0.011836122503241245,False
2017-01-27,2017-04-28,224.9945231822679,2.4868033769448914,0.1058,3.4188866393321757,0.0,811.576464983849,0.010668409073724657,False
2017-02-03,2017-05-05,225.12691106731424,2.5925111018736544,0.1097,3.4168761325951156,0.0,847.2182304496706,0.011142147471396425,False
2017-02-10,2017-05-12,227.3288350404049,2.585376521471744,0.1085,3.383780016705967,0.0,836.5978267129099,0.011000883130324626,False
2017-02-17,2017-05-19,230.45560637219455,2.797679602138089,0.1149,3.337869628515057,0.0,896.1110506270614,0.011792603228130607,False
2017-02-27,2017-05-26,232.06890364904217,2.986549806673466,0.1209,3.3146654167594853,0.0,952.4856167516442,0.012543741403367767,False
2017-03-06,2017-06-05,233.17736921345522,2.76054739615266,0.1124,3.29890834528886,0.0,873.4016199715801,0.011490252210196266,False
2017-03-13,2017-06-12,233.20792187583766,2.7917391481252167,0.11349999999999999,3.2984761539975294,0.0,883.5757202870683,0.011625655439708149,False
2017-03-20,2017-06-19,232.19416038031062,2.776809576344135,0.1134,3.3128773263326123,0.0,882.4874347138167,0.011611194911845698,False
2017-03-27,2017-06-26,228.40641718981607,3.054611718854133,0.125,3.367815925204517,0.0,990.6806792525181,0.013053419797132173,False
2017-04-03,2017-07-03,230.1509557853928,3.0438549175197664,0.12380000000000001,3.342287963157747,0.0,979.5761112588007,0.01290516635684098,False
2017-04-10,2017-07-11,229.1513801345089,3.5115099676767585,0.1405,3.3568672760305467,0.0,1140.8346897757742,0.01506165539434139,False
2017-04-18,2017-07-18,227.49858104051214,3.594455493263851,0.1442,3.381255239977903,0.0,1177.1689629348252,0.015548867108878683,False
2017-04-25,2017-07-25,234.29718042259708,2.6395726715019663,0.1076,3.2831413841315684,0.0,829.5095297823959,0.010906495564853827,False
2017-05-02,2017-08-01,234.61819738284493,2.595944489331359,0.1059,3.2786492173731734,0.0,814.0704006727293,0.010701320491319015,False
2017-05-09,2017-08-08,235.66681900111166,2.433322299311726,0.09960000000000001,3.2640605601212815,0.0,757.3672503953333,0.0099484951009347,False
2017-05-16,2017-08-15,235.8681741185137,2.626516752662141,0.1065,3.2612741083257104,0.0,819.726710629996,0.010776448688664396,False
2017-05-23,2017-08-22,235.79525925649187,2.64526065346962,0.1072,3.2622825906521733,0.0,826.0949844807438,0.010861079428017614,False
2017-05-31,2017-08-29,237.3541625762611,2.5758166248288887,0.1041,3.240856452153511,0.0,798.1635149047637,0.010489964970357033,False
2017-06-07,2017-09-06,239.54919928028616,2.5939990989009942,0.1039,3.2111598433302446,0.0,796.6884677729395,0.010470329821847469,False
2017-06-14,2017-09-13,239.9615079258699,2.6692577372702715,0.10640000000000001,3.2056423377219474,0.0,819.444802872289,0.010772613666221972,False
2017-06-21,2017-09-20,238.62501789535764,2.6854978149058155,0.1075,3.2235964863000826,0.0,829.2694917145027,0.01090320864443834,False
2017-06-28,2017-09-27,239.6088790856649,2.4935779579828505,0.1003,3.210360034094371,0.0,764.2512334354133,0.010039748369933137,False
2017-07-06,2017-10-04,235.1569986500225,3.1565223563092815,0.12539999999999998,3.271137043110478,0.0,995.5778721258176,0.013118603913796167,False
2017-07-13,2017-10-11,240.60630624848875,2.4675200526107233,0.099,3.1970515703621576,0.0,752.7522031648303,0.009887175836505873,False
2017-07-20,2017-10-18,243.44924673123276,2.4064017071868307,0.0958,3.159717187706059,0.0,724.6500792512646,0.009514498167153834,False
2017-07-27,2017-10-25,243.2085601928511,2.5537612073902807,0.1011,3.1628441392885644,0.0,771.974728019723,0.010142167194171513,False
2017-08-03,2017-11-01,242.76158616627382,2.6430754644662358,0.10439999999999999,3.1686675860813613,0.0,801.6968114593907,0.010536778097912758,False
2017-08-10,2017-11-08,236.11262814146585,4.233852781113271,0.1604,3.2578976198167937,0.0,1342.5316467204339,0.017771582477564992,False
2017-08-17,2017-11-15,235.76650249866165,4.0736883229025835,0.1555,3.262680495653261,0.0,1292.2460540495886,0.017094566946293202,False
2017-08-24,2017-11-22,238.71462517613026,3.113056798567669,0.1223,3.222386431762233,0.0,966.73423222205,0.012733602833067466,False
2017-08-31,2017-11-30,243.18657147162673,2.6907496823915125,0.1059,3.163130120943037,0.0,815.375766462394,0.01071848011002283,False
2017-09-08,2017-12-07,241.3185044506094,3.1144513188917244,0.12119999999999999,3.1876161796295546,0.0,956.7474786469727,0.012600336893646548,False
2017-09-15,2017-12-14,245.12773716460157,2.591117404859858,0.1017,3.1380813045821743,0.0,777.6533898750416,0.010217497907386923,False
2017-09-22,2017-12-21,245.7482136636637,2.4319633566429815,0.0959,3.1301581312145568,0.0,725.8722006784631,0.009530655489375959,False
2017-09-29,2017-12-29,247.56378082808715,2.42708322933683,0.0951,3.1072023809691984,0.0,719.032491995629,0.009439970644968935,False
2017-10-06,2018-01-08,250.56571992078312,2.4970101678217276,0.0965,3.069976090400407,0.0,731.8854214484165,0.009610281644129314,False
2017-10-13,2018-01-16,251.16345757042598,2.4913552346260417,0.09609999999999999,3.0626699308559955,0.0,728.4117061983134,0.009564222171630561,False
2017-10-20,2018-01-23,253.0517130155746,2.6157737516801234,0.09970000000000001,3.039816486772509,0.0,760.7972913018725,0.009993668476802964,False
2017-10-27,2018-01-30,253.7556645338013,2.5728912000342774,0.098,3.0313836368697276,0.0,745.6873932263746,0.009793232104996387,False
2017-11-03,2018-02-06,254.92618944992648,2.3910276432405198,0.09140000000000001,3.017464666500514,0.0,687.3867922789707,0.009020635490689948,False
2017-11-10,2018-02-13,253.13544502393333,3.0120281962370683,0.11289999999999999,3.0388109778859316,0.0,880.9598707926054,0.01159039098779838,False
2017-11-17,2018-02-21,252.81666595961457,3.0508371334697273,0.1143,3.042642645060621,0.0,893.8788546537644,0.011762366162245018,False
2017-11-27,2018-02-28,256.18983396311114,2.618399302713428,0.0987,3.002581161520761,0.0,752.266474841459,0.009880447717105244,False
2017-12-04,2018-03-07,258.8034465168695,3.201313690507618,0.1168,2.972258598498335,0.0,917.9266921471393,0.012082503601820886,False
2017-12-11,2018-03-14,262.54100411787346,2.5225816576569287,0.0934,2.9299452548959035,0.0,705.9942344136123,0.009266965143693233,False
2017-12-18,2018-03-21,264.2722414802921,2.5969837768481057,0.0953,2.91075129541418,0.0,723.0258996248431,0.009492619969684712,False
2017-12-26,2018-03-28,262.77899482655,2.802330819126169,0.1025,2.927291695207632,2.948994826550006,-76.0112292476131,-0.0009987973667375857,True
2018-01-03,2018-04-05,266.7752942390156,2.5052121064747013,0.0915,2.883440805210328,1.1352942390155931,362.4248267829539,0.004756186766645492,True
2018-01-10,2018-04-12,269.8996725130934,2.742844784764941,0.09820000000000001,2.8500618843598344,3.9696725130933714,-381.85919401172833,-0.005015135640444497,True
2018-01-18,2018-04-19,273.111827602212,3.5582735764053695,0.1222,2.816541399851623,4.221827602211988,-218.71965629057865,-0.002880889582825803,True
2018-01-25,2018-04-26,277.6494352517345,3.4008022967410625,0.1158,2.7705108369240374,11.339435251734471,-2230.713635674395,-0.02935888091123047,True
2018-02-01,2018-05-03,274.59411497801636,4.005227928187821,0.13470000000000001,2.8013374186564515,11.97411497801636,-2264.009260603968,-0.029867771503640023,True
2018-02-08,2018-05-10,238.9493486902566,11.017703221457069,0.3346,3.2192210334412823,0.0,3471.720363827906,0.04731396175746971,False
2018-02-15,2018-05-17,262.3393613833831,5.828689582158404,0.1913,2.932197307999901,0.0,1671.0931978928502,0.022217850627796083,False
2018-02-23,2018-05-24,265.7780383042251,4.926880735020475,0.1649,2.8942600906334577,0.0,1393.2622892439017,0.018454511683519508,False
2018-03-02,2018-06-01,258.23559899501885,5.908837766336617,0.1959,2.978794450588538,0.0,1721.0464556978009,0.022897535651296316,False
2018-03-09,2018-06-08,271.11579225297646,4.360842958772253,0.1464,2.837277617944899,0.0,1205.230975146935,0.015924139252191733,False
2018-03-16,2018-06-15,265.764871909895,4.680319526687697,0.158,2.8944034766625193,0.0,1321.9665517073481,0.017493641370187253,False
2018-03-23,2018-06-22,244.33117913685783,7.569523869520182,0.2487,3.1483119426190713,0.0,2331.3669895129456,0.03127674278070209,False
2018-04-02,2018-06-29,244.5519283374592,7.0875584618720495,0.23620000000000002,3.145470062167334,0.0,2180.693778575753,0.02919514744998107,False
2018-04-09,2018-07-09,249.07693748716474,6.505091346824486,0.2177,3.0883259485652244,0.0,1964.789731877011,0.02622723791369943,False
2018-04-16,2018-07-16,258.5905802778469,4.818164859400824,0.1656,2.974705298252769,0.0,1399.6478836412375,0.01854088377431591,False
2018-04-23,2018-07-23,258.0040676257457,4.730470738326574,0.1634,2.9814676036293988,0.0,1376.68394170274,0.018231157116543235,False
2018-04-30,2018-07-30,256.2855609020413,4.557852551205983,0.1593,3.0014596472908135,0.0,1334.104557060238,0.017657382972760188,False
2018-05-07,2018-08-06,259.423064108202,4.209861323631387,0.1475,2.9651595237882664,0.0,1214.784737140541,0.016052701345116577,False
2018-05-14,2018-08-13,266.5860946534251,3.707598122706969,0.1293,2.885487220294842,0.0,1037.216694516679,0.01367399072250449,False
2018-05-21,2018-08-20,266.8615725095369,3.76148471444597,0.1308,2.882508568007778,0.0,1051.6788449635922,0.01386728809185158,False
2018-05-29,2018-08-27,259.9122222924972,5.005723762986733,0.1702,2.959579054982265,0.0,1448.0063972168523,0.019193740904807032,False
2018-06-05,2018-09-04,269.03154807036367,3.564702443850848,0.124,2.8592586064649237,0.0,986.9309919536548,0.01300238617634035,False
2018-06-12,2018-09-11,272.81037421043976,3.594602302566784,0.1234,2.8196536567095576,0.0,981.6912663640849,0.012932386085307834,False
2018-06-19,2018-09-18,268.74981322861095,3.8792773936093283,0.1335,2.862256014207631,0.0,1078.005012103254,0.014219314283999833,False
2018-06-26,2018-09-25,263.1620126544127,4.676627986885677,0.1592,2.923031183231341,0.0,1333.9626914334106,0.0176552650849315,False
2018-07-03,2018-10-02,262.33239397434465,4.739205647173563,0.16140000000000002,2.9322751856028795,0.0,1356.5308022702948,0.01795934774990161,False
2018-07-11,2018-10-09,269.8775696123738,3.991109883876817,0.1363,2.850295303665356,0.0,1105.375838911229,0.01458558622291954,False
2018-07-18,2018-10-16,275.0772588088027,3.5434026449362364,0.121,2.7964171686232944,0.0,959.283685159045,0.012633425140421685,False
2018-07-25,2018-10-23,277.82545034292195,3.6435862670307557,0.1229,2.7687555919779925,4.21545034292194,-189.62212398685574,-0.0024978460125342932,True
2018-08-01,2018-10-30,274.12273866408896,3.8878884095273634,0.1315,2.806154545878033,6.3527386640889745,-723.384621043091,-0.009539296105344196,True
2018-08-08,2018-11-06,280.30447605128927,3.187860489047239,0.1085,2.744268589881589,5.184476051289266,-578.9351724186184,-0.00761273573568235,True
2018-08-15,2018-11-13,273.94487733009555,4.406348222909784,0.1464,2.8079764685793656,1.8848773300955486,676.2929592280709,0.008935534748193547,True
2018-08-22,2018-11-20,279.96789717639746,3.6579161333021517,0.1225,2.7475677639786866,15.847897176397453,-3380.327411484953,-0.04452601023187953,True
2018-08-29,2018-11-28,285.16281465204713,3.72579024543073,0.1225,2.6975142960675886,10.582814652047148,-1880.1740480787796,-0.024765840320093137,True
2018-09-06,2018-12-06,280.14011323076795,4.509634625044811,0.1465,2.745878697482743,10.300113230767977,-1621.0236144500366,-0.021418090755368976,True
2018-09-13,2018-12-13,284.4370236396737,3.758308436455337,0.12369999999999999,2.704397477471972,19.06702363967372,-4170.644769387495,-0.054944370085393456,True
2018-09-20,2018-12-20,287.55779156186276,3.598898862819709,0.11800000000000001,2.6750475619273333,40.38779156186277,-9871.43180950792,-0.12995505211437042,True
2018-09-27,2018-12-28,284.27016257321753,3.770121721077061,0.1241,2.7059849062866164,36.52016257321753,-8892.689252057258,-0.11715877385366766,True
2018-10-04,2019-01-07,281.70276579304397,4.3782652553759505,0.1422,2.730646847095186,27.32276579304397,-6296.1891145078735,-0.08314267399009054,True
2018-10-11,2019-01-14,257.6293866971907,8.027455466061468,0.2498,2.985803673611576,0.22938669719070504,2276.531880900668,0.03054671741497583,True
2018-10-18,2019-01-22,264.9379201970131,6.2436132155742,0.2006,2.903437788968653,2.0779201970131,1169.4526985080558,0.015569808246837877,True
2018-10-25,2019-01-29,256.1403246935528,7.667524104599764,0.2422,3.00316152933389,0.0,2252.7236047969463,0.030189113676538426,False
2018-11-01,2019-02-05,262.65732459122603,5.91509106739943,0.1934,2.928647698776054,0.0,1693.8681065654246,0.02252761131921323,False
2018-11-08,2019-02-12,271.2163897729182,5.112353187375149,0.1672,2.836225236516216,0.0,1417.2918497382452,0.01877876858895845,False
2018-11-15,2019-02-20,261.7522622320414,6.137902135078306,0.1998,2.9387741014014694,0.0,1763.8945611556596,0.02348124765017086,False
2018-11-23,2019-02-27,251.38537032202777,6.470180065517113,0.2152,3.059966330758926,0.0,1936.2782929041484,0.025836602693280915,False
2018-11-30,2019-03-06,265.58843808579593,5.501525943672689,0.1807,2.8963262662144813,0.0,1557.7877571560439,0.020679608137529743,False
2018-12-10,2019-03-13,251.44655934948878,6.9022950778685725,0.22640000000000002,3.059221693948914,0.0,2065.3567941425963,0.027607473012789433,False
2018-12-17,2019-03-20,241.997028491151,7.360529704653018,0.2452,3.1786785731499068,0.0,2288.750007657873,0.030687123051182753,False
2018-12-24,2019-03-27,216.0881905669884,11.060628257896312,0.3607,3.559800131661077,0.0,3853.9876008427655,0.052804684261996325,False
2019-01-02,2019-04-03,237.86902390055246,6.744291265948078,0.2322,3.2338417025344453,0.0,2133.1731000731543,0.02854045677170204,False
2019-01-09,2019-04-10,247.3233868874067,5.799555394425951,0.1998,3.1102225265132706,0.0,1763.6716782030376,0.02347828059651427,False
2019-01-16,2019-04-17,250.81982067373528,5.540383788522746,0.19039999999999999,3.0668659564643397,0.0,1661.191288079795,0.02208328664455951,False
2019-01-24,2019-04-25,253.38853350790293,5.542776106969342,0.1889,3.0357757653101443,0.0,1645.062778556705,0.021864084508269026,False
2019-01-31,2019-05-02,261.098745010898,4.868438401404234,0.16570000000000001,2.9461297073590385,0.0,1401.0138345892988,0.018559234714774508,False
2019-02-07,2019-05-09,261.43879945226274,4.804031033653558,0.1637,2.9422976652370467,0.0,1380.2409657873395,0.01827901598275178,False
2019-02-14,2019-05-16,265.64662496406334,4.827647515789309,0.16219999999999998,2.895691858817445,0.0,1365.2166428664993,0.018076320833380784,False
2019-02-22,2019-05-23,272.18599863775705,3.9838703773345685,0.1351,2.8261217442507465,0.0,1093.9550942561316,0.014432660927940063,False
2019-03-01,2019-05-31,273.3909441185066,4.022272875447328,0.13570000000000002,2.813665872185332,0.0,1099.9387674705968,0.014512722869393662,False
2019-03-08,2019-06-07,265.84252046718524,4.770516978837421,0.1605,2.8935580654251307,0.0,1347.6795818969506,0.017839971029468483,False
2019-03-15,2019-06-14,274.7571447059383,3.8040993836331864,0.1288,2.799675218833878,0.0,1033.3879474610833,0.01362265325064915,False
2019-03-22,2019-06-21,270.177500625133,5.004779226583281,0.1648,2.847131117324476,0.0,1392.7264713392278,0.01844716008589551,False
2019-03-29,2019-06-28,275.29787994126946,4.099233436116307,0.1371,2.7941761461979753,0.0,1113.8238380372977,0.014698574227731494,False
2019-04-05,2019-07-08,281.89255008654646,3.881817044080222,0.1282,2.7288084378058253,0.0,1028.4379750432518,0.01355637245668689,False
2019-04-12,2019-07-15,284.0508522915093,3.627723292390371,0.1201,2.708074145967851,0.0,951.8131278353367,0.012533642659701635,False
2019-04-22,2019-07-22,283.8519650583727,3.7680768134009526,0.1242,2.7099716187364806,0.0,990.5154428618357,0.013049935989906308,False
2019-04-29,2019-07-29,286.85085387856395,4.054022150874147,0.1311,2.6816401583954046,0.0,1056.8403264909946,0.013935878018142117,False
2019-05-06,2019-08-05,284.0803108856492,4.8671147498436795,0.15439999999999998,2.7077933237703595,0.26031088564923266,1216.8292101799166,0.016094525353338673,True
2019-05-13,2019-08-12,268.87231505957584,6.530275872030671,0.20550000000000002,2.8609519319991183,0.0,1827.195689000592,0.02434482240958836,False
2019-05-20,2019-08-19,274.847184960846,5.028166886282619,0.1631,2.798758042001965,0.0,1375.4786204775207,0.018214444569651638,False
2019-05-28,2019-08-26,270.3260210641645,5.3849784866172,0.175,2.8455668684894557,0.0,1497.9857672375103,0.01986962407058552,False
2019-06-04,2019-09-03,271.06799814813735,5.202020960977677,0.1697,2.837777880406186,0.0,1443.0045303697068,0.019126104797450215,False
2019-06-11,2019-09-10,279.8731608424266,4.999802969125582,0.15990000000000001,2.74849780849068,0.0,1343.1367251167412,0.017778379858036604,False
2019-06-18,2019-09-17,283.8889297395373,4.755353081758798,0.1515,2.709618758070362,0.0,1257.9006991919393,0.016631295802333326,False
2019-06-25,2019-09-24,281.4609970971427,5.137782546003137,0.1628,2.732992411610334,0.0,1372.516139516505,0.018174466098481352,False
2019-07-02,2019-10-01,289.4868343399327,4.02609462786296,0.1293,2.6572219458087427,0.0,1039.7960921183753,0.013707995823908768,False
2019-07-10,2019-10-08,291.53902182933166,4.091070825570114,0.1303,2.638517356627068,3.0090218293316866,255.68525959971285,0.003371215529122857,True
2019-07-17,2019-10-15,289.9714879041924,4.4138299510090775,0.13970000000000002,2.6527807088568855,0.0,1140.9158726110784,0.015061161314448764,False
2019-07-24,2019-10-22,295.04674594862826,3.7898038743412172,0.1207,2.6071487985998765,0.0,958.5974803676077,0.012623918414289413,False
2019-07-31,2019-10-29,288.0384452957046,5.19586692509769,0.1612,2.670583673096365,0.0,1356.3759842442105,0.01795680698378028,False
2019-08-07,2019-11-05,276.4359677133473,6.285264897713631,0.1949,2.7826725139777393,0.0,1710.386245377638,0.022752336143112402,False
2019-08-14,2019-11-12,270.70186668510667,7.206017415030303,0.221,2.8416160503450656,0.0,2003.025904204936,0.026751453908121194,False
2019-08-21,2019-11-19,283.45345291775647,4.991828758496808,0.158,2.7137816149798684,0.0,1324.0075787443695,0.017520650370503033,False
2019-08-28,2019-11-26,277.41985828187865,6.251545906266543,0.1935,2.772803554852858,0.0,1695.157609176418,0.02254509361577986,False
2019-09-05,2019-12-04,288.3027611110352,5.258788065349975,0.16269999999999998,2.6681352834304364,0.0,1371.5849066853693,0.01816188576187505,False
2019-09-12,2019-12-11,293.23599469937193,4.557516372278258,0.1422,2.6232481111992794,0.0,1165.9069178773211,0.015396078010506546,False
2019-09-19,2019-12-18,293.1626477899972,4.492417018220962,0.1405,2.6239044265345717,0.0,1149.1171699750819,0.015171003281191631,False
2019-09-26,2019-12-26,287.65972711986774,5.169737644011974,0.1607,2.6740996278225313,0.0,1351.3142344435005,0.017888573327882972,False
2019-10-03,2020-01-03,279.05569462636697,6.196091046805918,0.1912,2.756549262543117,0.0,1670.2398461195346,0.02220617909863324,False
2019-10-10,2020-01-10,282.90526788884483,5.66300009970179,0.1757,2.719040104735712,0.0,1505.4618375165708,0.01997076471008645,False
2019-10-17,2020-01-17,291.6093538095022,4.371790299372137,0.1379,2.637880984206288,0.0,1123.4181946435965,0.014826717812699806,False
2019-10-24,2020-01-27,292.73302250764345,4.358845749101718,0.1371,2.6277553609814692,0.0,1115.7043929102422,0.014723390966649564,False
2019-10-31,2020-02-03,295.9991893280497,4.224179948001407,0.1322,2.598759716122894,0.0,1068.396883459827,0.014090240136523944,False
2019-11-07,2020-02-10,301.1201128879566,4.112881964435402,0.1273,2.5545645618065747,0.0,1021.7956717755945,0.013467288159948418,False
2019-11-14,2020-02-18,302.2040569140927,4.248293779579242,0.1305,2.5454018621908765,0.0,1052.5984487247351,0.013878885026675402,False
2019-11-21,2020-02-25,302.8431938833785,4.28763364286624,0.1313,2.5400299057966986,0.0,1060.3694298625262,0.013982769704584338,False
2019-11-29,2020-03-03,307.198631979456,4.153971254425969,0.12619999999999998,2.504017561127068,6.958631979456015,-730.5873692885971,-0.009627824222507617,True
2019-12-06,2020-03-10,306.937030485671,4.535273901571813,0.1362,2.506151727647863,18.517030485671,-3532.3598564016265,-0.046609374043696646,True
2019-12-13,2020-03-17,310.13236549429377,4.197485837387347,0.1263,2.480330513085138,57.332365494293754,-13207.234067011035,-0.17404971841269537,True
2019-12-20,2020-03-24,313.5641705432015,4.197351753262794,0.1251,2.453184520087852,70.4141705432015,-16271.928467570995,-0.21440508406616454,True
2019-12-30,2020-03-31,312.0044847196571,5.0915887437918315,0.1482,2.4654477961172256,54.254484719657114,-12149.166528072934,-0.16055932610474657,True
2020-01-07,2020-04-07,314.458322490446,4.714340695390206,0.1379,2.4462089702018948,49.328322490446,-10941.15440771223,-0.14439984123613964,True
2020-01-14,2020-04-15,320.23518638629173,4.239208847436842,0.12390000000000001,2.402080726703359,42.47518638629174,-9211.733983486336,-0.12135906867402924,True
2020-01-22,2020-04-22,323.5961865741526,4.492399976456042,0.1291,2.3771317498344455,44.4961865741526,-9536.288712271746,-0.12571704969541136,True
2020-01-29,2020-04-29,316.0830174349379,5.8166741937402975,0.16390000000000002,2.433635237581553,22.873017434937935,-4182.366845982144,-0.055390077265688106,True
2020-02-05,2020-05-06,323.1712351337293,5.4133612407464256,0.1515,2.380257540286527,38.92123513372928,-8004.601671899786,-0.1058325973351763,True
2020-02-12,2020-05-13,328.8150633165049,4.908654804585609,0.1374,2.339402463719665,47.21506331650488,-9923.606878231487,-0.13096193035142834,True
2020-02-20,2020-05-20,326.7902348056985,5.650772186089881,0.15560000000000002,2.3538976606450164,29.860234805698497,-5728.322488395158,-0.0757785351722903,True
2020-02-27,2020-05-28,272.55058181327774,15.665439382628847,0.39159999999999995,2.82234132142768,0.0,4329.226211297708,0.05971201934778055,False
2020-03-05,2020-06-04,276.82535632642447,16.17745755684092,0.3962,2.77875834583489,0.0,4401.805643795633,0.0607751241444217,False
2020-03-12,2020-06-11,218.44405596992334,32.1798099324818,0.7547,3.521408563008377,0.0,11100.611477585986,0.16923920937298717,False
2020-03-19,2020-06-18,211.90339333883122,29.26073522809753,0.72,3.630101232030662,0.0,10404.785106559064,0.15693223488982455,False
2020-03-26,2020-06-25,231.61294759900204,25.282995901208167,0.61,3.321190707190342,0.0,8224.708253709012,0.1200229815371434,False
2020-04-02,2020-07-02,225.96451861931274,18.96606308449114,0.5091,3.4042104217552347,0.0,6322.8925484171305,0.08972889084999386,False
2020-04-09,2020-07-10,253.5880087999878,15.926471018681966,0.4167,3.0333877886059026,0.0,4730.55054083307,0.06561828112321089,False
2020-04-17,2020-07-17,263.1426985763293,14.574894936143679,0.3815,2.9232457270998156,0.0,4171.587716365824,0.0574104804742851,False
2020-04-24,2020-07-24,261.0102795296806,13.287463989557281,0.3593,2.9471282534038923,0.0,3833.8350661622594,0.05251318769893092,False
2020-05-01,2020-07-31,260.13565954857967,13.899405591604435,0.37189999999999995,2.9570369958722145,0.0,4024.059394296095,0.055265694068551495,False
2020-05-08,2020-08-07,274.76835070644944,9.94008353284724,0.2798,2.799561038427537,0.0,2723.4918872229237,0.03673430319963971,False
2020-05-15,2020-08-14,266.48304751107173,11.50194797401501,0.3189,2.8866030181481226,0.0,3250.0000742411003,0.0441558571791257,False
2020-05-22,2020-08-21,277.4652938258835,10.12379859402678,0.2816,2.7723495022533555,0.0,2746.9333289672804,0.037062419410623375,False
2020-06-01,2020-08-28,286.91129984312045,10.503178734520816,0.2823,2.6810751951957803,0.0,2756.176175877739,0.03719179855714653,False
2020-06-08,2020-09-04,305.29903160633614,9.927523533707188,0.2581,2.519597802795011,0.0,2448.0344381633568,0.0328940767727806,False
2020-06-15,2020-09-14,284.18207132649076,13.615712225979195,0.344,2.7068237121370555,0.0,3608.303734843882,0.04926849747979037,False
2020-06-22,2020-09-21,289.2207058662524,12.419170143038627,0.3177,2.6596670073355444,0.0,3233.56642750726,0.04392239626999386,False
2020-06-29,2020-09-28,283.47847393764994,12.177835170877898,0.3178,2.7135420850330907,0.0,3234.8890828852414,0.04394121046544478,False
2020-07-07,2020-10-05,293.7857180856622,11.371819237082349,0.2943,2.6183395647792396,0.0,2914.574013298885,0.03941513819866546,False
2020-07-14,2020-10-12,298.5337034777641,11.603198999666105,0.2952,2.57669656815839,0.0,2926.6467525870494,0.0395849686331966,False
2020-07-21,2020-10-19,307.7545375933106,9.519469639312703,0.2484,2.4994944842934768,0.0,2328.5491191428277,0.03123737362758237,False
2020-07-28,2020-10-26,303.6616551232613,9.689541940577868,0.2544,2.533183746622621,0.0,2402.155096426217,0.032257315155174035,False
2020-08-04,2020-11-02,313.3887113850198,9.151934809439197,0.2376,2.454558001885766,0.0,2198.2766468836426,0.02943725677761881,False
2020-08-11,2020-11-09,315.7746025017285,9.356966765173894,0.2403,2.436012152771401,0.0,2230.6142899994848,0.0298834869861834,False
2020-08-18,2020-11-16,323.38586138455105,8.31845027957965,0.2151,2.378677799757133,0.0,1936.0251936854395,0.025832824935601954,False
2020-08-25,2020-11-23,328.18112062069986,8.700991912220715,0.22030000000000002,2.343921453421505,0.0,1995.6081798024638,0.026649457380634695,False
2020-09-01,2020-12-01,332.81391323343394,10.993029435053387,0.2612,2.3112939052257553,0.0,2486.9912673774156,0.033435272190394945,False
2020-09-09,2020-12-08,318.61402313126956,11.985258498184422,0.28809999999999997,2.41430292888849,0.0,2832.5937863663717,0.038263055138548455,False
2020-09-16,2020-12-15,319.87076149464275,10.523051216771862,0.26039999999999996,2.4048173882365065,0.0,2476.86335864813,0.03329454154738964,False
2020-09-23,2020-12-22,302.7013533473471,11.265141178350447,0.2858,2.541220119184878,0.0,2802.1623478175156,0.03783619843504296,False
2020-09-30,2020-12-30,315.9016766434521,10.56587528948097,0.2637,2.435032246121868,0.0,2518.202667842104,0.03386945696453899,False
2020-10-07,2021-01-07,320.1059927722598,11.624359282887553,0.28059999999999996,2.403050197745096,0.0,2734.4000843364233,0.0368867085165439,False
2020-10-14,2021-01-14,328.17790580496063,10.99290931065012,0.264,2.343944414368744,0.0,2522.09617314465,0.03392358164277207,False
2020-10-21,2021-01-22,321.49527861501156,12.003788968836034,0.2865,2.392665834921694,0.0,2811.5529984383033,0.03796780713709852,False
2020-10-28,2021-01-29,298.5768577821684,17.86409778858099,0.4028,2.57632414964985,0.0,4506.974019959369,0.062319275522812,False
2020-11-04,2021-02-05,321.5413657943541,12.525961710767803,0.2957,2.3923228892507122,0.0,2933.5721814776603,0.03968230164097434,False
2020-11-11,2021-02-12,338.92082133422423,9.731744053541519,0.2345,2.2696474244413505,0.0,2161.636985339634,0.028932032773219773,False
2020-11-18,2021-02-22,338.21585527747527,9.919837468617402,0.2384,2.2743782032326236,0.0,2208.0665959227003,0.029572215904542433,False
2020-11-25,2021-03-01,346.55535272780094,8.77871281849768,0.2125,2.219647635438357,0.0,1906.708074751466,0.025431416940005898,False
2020-12-03,2021-03-08,350.3793615298004,8.891374907663874,0.21280000000000002,2.1954226010122597,0.0,1910.1378424018233,0.025478341114054857,False
2020-12-10,2021-03-15,349.3060105115725,9.52381335790568,0.22519999999999998,2.2021687176358644,0.0,2052.4954779065556,0.02743032792425095,False
2020-12-17,2021-03-22,355.08959584543027,9.360238863121765,0.2193,2.166300500580179,0.0,1984.338642552857,0.02649481133396509,False
2020-12-24,2021-03-29,352.3601892039802,9.074403436869616,0.21530000000000002,2.183080815595385,0.0,1938.5572884280086,0.025867413497150937,False
2021-01-04,2021-04-06,347.3640082018226,11.968051976254259,0.2697,2.214480346460756,0.0,2594.4167324595164,0.034930924834555434,False
2021-01-11,2021-04-13,359.2715766098726,10.674472541186788,0.2408,2.1410844033065963,0.0,2237.0013640787383,0.029971514302380535,False
2021-01-19,2021-04-20,359.998915969931,10.218310339147536,0.2324,2.1367585709480843,0.0,2136.960309240298,0.028592048762478395,False
2021-01-26,2021-04-27,365.0899092504653,10.237297711048996,0.2302,2.106962558373664,0.0,2111.0820403323696,0.02823581236548139,False
2021-02-02,2021-05-04,360.64197928542256,11.578707513186004,0.2556,2.1329485013223533,0.0,2417.5122770232774,0.03247014017079916,False
2021-02-09,2021-05-11,372.5562857401077,9.650875071817183,0.2163,2.0647370576573185,0.0,1950.1147429860584,0.026025673061716357,False
2021-02-17,2021-05-18,374.7242996014454,9.633368634776758,0.215,2.052791265602254,0.0,1935.310280550768,0.02582288537575844,False
2021-02-24,2021-05-25,374.28604654241644,9.531818465083077,0.2134,2.0551948872707846,0.0,1917.1232150780836,0.025573883392528352,False
2021-03-03,2021-06-02,359.526350534901,12.205501131674794,0.2667,2.139567150186106,0.0,2556.4385114480497,0.03440159474897999,False
2021-03-10,2021-06-09,371.03248271410837,10.139093887197347,0.2256,2.0732167803849255,0.0,2057.3176974994044,0.027496519239959653,False
2021-03-17,2021-06-16,381.6059591989484,8.53339291782109,0.1923,2.015772423589786,0.0,1683.1145519425463,0.022380967710107006,False
2021-03-24,2021-06-23,370.35902028279975,9.35388959808111,0.212,2.0769867266724,0.0,1901.2345619767284,0.02535645903081058,False
2021-03-31,2021-06-30,380.54466697812023,8.602873903620875,0.19399999999999998,2.021394164682899,0.0,1701.5725001975509,0.022632080025119367,False
2021-04-08,2021-07-08,394.76167556115684,7.565005478961254,0.16949999999999998,1.948595359813745,0.0,1442.098014212649,0.019113556342855376,False
2021-04-15,2021-07-15,402.2640502637058,7.500601926395603,0.16570000000000001,1.9122533289427601,0.0,1403.1330689491726,0.018587308219067945,False
2021-04-22,2021-07-22,396.5600612602367,8.572897853317443,0.18710000000000002,1.9397585495276914,0.0,1627.154800595224,0.021620405743819245,False
2021-04-29,2021-07-29,405.21338843166956,8.133764131225817,0.1761,1.8983350283858729,0.0,1510.7118820306848,0.020041544218294977,False
2021-05-06,2021-08-05,403.43685662086665,8.538631307824161,0.1839,1.906694335450022,0.0,1593.0161721821203,0.021156992222602776,False
2021-05-13,2021-08-12,390.18000108303715,11.007830812413445,0.23129999999999998,1.9714766699871515,0.0,2124.201880445221,0.028416310691987356,False
2021-05-20,2021-08-19,397.43191792492223,9.723354016839465,0.20670000000000002,1.935503251090373,0.0,1841.8030102609337,0.024543917319192064,False
2021-05-27,2021-08-26,405.3916816248309,7.652554372462333,0.1674,1.8975001315953313,0.0,1420.5640968501211,0.018822647237979287,False
2021-06-04,2021-09-02,408.93449730656414,7.541935959559979,0.1642,1.8810610850815634,0.0,1387.8651600805383,0.018381250553346475,False
2021-06-11,2021-09-10,411.418963356122,7.163284708979219,0.1565,1.8697017827176026,0.0,1310.1035943507018,0.017333136885668236,False
2021-06-18,2021-09-17,397.0566663312359,9.731852125797914,0.207,1.9373324627398527,0.0,1845.1571062958683,0.02458973640204289,False
2021-06-25,2021-09-24,413.68165109916754,7.186201337696033,0.1562,1.859475195931206,0.0,1307.1138700058052,0.017292880683085033,False
2021-07-02,2021-10-01,421.18392867526086,7.010934060231875,0.1507,1.8263535639885675,0.0,1252.4612923305606,0.016557611114653762,False
2021-07-12,2021-10-08,423.22342782955474,7.662865346301743,0.1617,1.8175524289278298,0.0,1362.5478150687215,0.01803974851361845,False
2021-07-19,2021-10-15,404.79959318079784,11.024354217322426,0.225,1.9002755491584784,0.0,2050.56209670121,0.02740362030223257,False
2021-07-26,2021-10-22,425.46590771708736,8.522579688712739,0.17579999999999998,1.8079727547577502,0.0,1507.691639408368,0.020000627265993748,False
2021-08-02,2021-10-29,420.0959396377151,9.533408261035902,0.1946,1.8310835612792238,0.0,1708.3533720454832,0.02272428529834696,False
2021-08-09,2021-11-05,427.49697828984085,8.058198626503327,0.1672,1.7993829390514067,0.0,1418.6397447249544,0.018796627866172456,False
2021-08-16,2021-11-12,432.856618006997,7.808212485327402,0.1612,1.7771029417836803,0.0,1357.5375091949254,0.017972184194516183,False
2021-08-23,2021-11-19,431.97094977978304,8.396485828455411,0.17149999999999999,1.7807465284943809,0.0,1462.9823025892329,0.0193957776284416,False
2021-08-30,2021-11-29,437.87017873103605,7.93983113454027,0.16190000000000002,1.7567553274809178,0.0,1364.6536012747179,0.01806812325595594,False
2021-09-07,2021-12-06,434.90178220469426,9.051480088803174,0.1814,1.7687459576073135,0.0,1566.6579743636132,0.020799446291379267,False
2021-09-14,2021-12-13,426.4128830843574,9.67676123152799,0.1946,1.803957618885056,0.0,1708.388635770602,0.022724754371644906,False
2021-09-21,2021-12-20,411.10382806623113,12.398449401184223,0.24359999999999998,1.8711350192215719,0.0,2271.08646461806,0.030442228930543873,False
2021-09-28,2021-12-28,412.34586725237807,11.71059999546111,0.2325,1.8654989180719936,0.0,2138.4937903141526,0.02861302768984817,False
2021-10-05,2022-01-04,413.814116886452,10.513565098732471,0.213,1.8588799604481385,0.0,1912.8420925916903,0.025515198903507078,False
2021-10-12,2022-01-11,415.8641085540552,9.672796692380501,0.1985,1.8497166584184372,0.0,1751.0048195323714,0.023305128598507745,False
2021-10-19,2022-01-19,436.8917064156776,7.635827855997064,0.157,1.7606897955139709,0.0,1315.2548735286566,0.01740246708779443,False
2021-10-26,2022-01-26,441.72486288596406,7.8852959999530015,0.1598,1.7414251129200176,8.344862885964062,-109.75728923765908,-0.0014527785248682065,True
2021-11-02,2022-02-02,447.42075186748707,8.016928707928685,0.1603,1.7192559040234077,0.0,1348.5138646224013,0.017850527738630783,False
2021-11-09,2022-02-09,450.66086155780783,9.152551014332886,0.1778,1.7068949954334949,0.0,1528.7805016437633,0.020286141348101056,False
2021-11-16,2022-02-16,454.1645065779146,8.345434528292515,0.1637,1.6937271805470848,7.564506577914585,101.79626563760085,0.001348123706437535,True
2021-11-23,2022-02-24,449.5659001024696,10.150242417041994,0.1938,1.7110523041348074,21.265900102469573,-1938.906728808252,-0.025788026292592008,True
2021-12-01,2022-03-03,420.1029440799157,17.537762869543684,0.31120000000000003,1.8310530313361464,0.0,3144.6518698422456,0.04266143326284853,False
2021-12-08,2022-03-10,450.23578327430994,10.505098186459463,0.19899999999999998,1.7085065154897048,24.75578327430992,-2472.855948143435,-0.03291511723519598,True
2021-12-15,2022-03-17,451.9855891963347,10.146235897846964,0.1929,1.7018922452782643,10.915589196334679,-167.68370156303078,-0.002229946266870989,True
2021-12-22,2022-03-24,449.9618807707964,9.67620571080181,0.1863,1.7095465240590089,0.0,1618.8861257388776,0.021508039286754918,False
2021-12-30,2022-03-31,459.66669468144846,9.048718430637393,0.17329999999999998,1.6734533481131375,8.026694681448475,138.57020083282015,0.0018375862131946622,True
2022-01-06,2022-04-07,449.0579069984094,10.288174349340494,0.1961,1.7129879181338943,0.2879069984094258,1675.5597940116518,0.02229302327872185,True
2022-01-13,2022-04-14,444.9786099748716,10.649849253107618,0.20309999999999997,1.7286915640151972,7.188609974871554,559.2736059754923,0.007448832740888752,True
2022-01-21,2022-04-22,410.64503118270136,15.475922562517695,0.28850000000000003,1.8732255617833797,0.0,2838.5743929259343,0.03834663130470559,False
2022-01-28,2022-04-29,415.5685954101168,14.805420314156095,0.2766,1.8510320022417235,3.5685954101168136,2022.75529487715,0.027267266996623563,True
2022-02-04,2022-05-06,426.6201575832515,12.095944883807249,0.2322,1.803081161444323,15.280157583251537,-620.1033394495779,-0.008296575909822705,True
2022-02-11,2022-05-13,414.47227285746874,14.554183386142995,0.2736,1.855928175671469,12.75227285746871,277.98590735173,0.003745334108120706,True
2022-02-18,2022-05-20,408.21951960168644,14.606525636085735,0.2775,1.884355677017438,18.589519601686447,-808.0351704484306,-0.010894265545250732,True
2022-02-28,2022-05-27,408.1044490917577,16.32043124338219,0.3015,1.8848869963135744,0.0,3012.242172143117,0.0407903893228727,False
2022-03-07,2022-06-06,386.44334828841426,20.073088151428195,0.36450000000000005,1.9905395516257385,0.0,3913.127335674291,0.053657811583967686,False
2022-03-14,2022-06-13,388.2719539830895,16.67244205024498,0.3177,1.9811649060397285,13.271953983089475,605.0555336518313,0.008218630886421975,True
2022-03-21,2022-06-21,422.1898808298886,12.175900719919525,0.2353,1.8220019099432478,47.11988082988859,-6413.537481355121,-0.08585194610907265,True
2022-03-28,2022-06-28,437.4906546102163,10.035852974642694,0.1963,1.758279316654473,56.84065461021635,-8267.16889212671,-0.1099964686679368,True
2022-04-04,2022-07-06,439.55330822329836,9.414963762287442,0.1857,1.7500283920966209,56.30330822329836,-8240.821351216398,-0.10947557766621067,True
2022-04-11,2022-07-13,417.0565634432336,12.584662505402548,0.2437,1.844427918553716,38.2265634432336,-4778.284559487632,-0.06405041766281078,True
2022-04-19,2022-07-20,425.14592390775783,10.84625192723152,0.2137,1.8093335157969574,30.37592390775785,-3575.1701145246743,-0.047693972154532,True
2022-04-26,2022-07-27,385.87610545153973,17.836417532544957,0.33520000000000005,1.9934656703623572,0.0,3481.924525899537,0.04745871099026271,False
2022-05-03,2022-08-03,390.0166895992751,14.972667916071146,0.2925,1.9723021853785794,0.0,2891.4373210368644,0.039089316747283255,False
2022-05-10,2022-08-10,370.5494999956668,16.75560781909813,0.3299,2.075919058694627,0.0,3406.063295168192,0.04637585901151636,False
2022-05-17,2022-08-17,385.42634604955265,12.71804978814167,0.261,1.9957918733761713,0.0,2484.8983509765458,0.03340598778527362,False
2022-05-24,2022-08-24,368.7733438691114,14.287487190388276,0.2945,2.0859174938191627,0.0,2917.9352156265495,0.039462046744670985,False
2022-06-01,2022-08-31,387.01990782941164,12.508318687953533,0.2569,1.9875741626444352,0.0,2433.8148357338623,0.032696324143841916,False
2022-06-08,2022-09-08,390.2518242827937,11.520401956365134,0.2396,1.9711138330857634,0.0,2222.8238705891504,0.02977570186272581,False
2022-06-15,2022-09-15,354.8753445376813,13.856022427635978,0.2962,2.167608375929568,0.0,2940.556275690037,0.03978044966820269,False
2022-06-23,2022-09-22,354.29359781375064,13.476504820889929,0.2905,2.171167568303472,0.0,2864.6330018789627,0.03871277290880628,False
2022-06-30,2022-09-29,353.82508764779413,13.247947388112436,0.2871,2.174042474897879,0.0,2819.73057682558,0.03808238107367068,False
2022-07-08,2022-10-06,368.219724391185,11.270830524118878,0.2464,2.0890536771288297,0.0,2304.7304853889596,0.030907544758340563,False
2022-07-15,2022-10-13,365.24301838128224,10.939335618242552,0.24230000000000002,2.106079323952357,0.0,2255.0947360877713,0.03022138754634106,False
2022-07-22,2022-10-20,375.82975583504015,10.544308532615062,0.2303,2.0467532367724535,10.419755835040121,-20.33111075409357,-0.0002719338364309933,True
2022-07-29,2022-10-27,393.61378350524353,10.018108019564565,0.2133,1.9542780295459898,13.633783505243514,-748.3004146019564,-0.00998196249533369,True
2022-08-05,2022-11-03,395.21068268559475,9.95191391384924,0.2115,1.946381519860691,24.200682685594757,-2814.6247604435,-0.03753530930944262,True
2022-08-12,2022-11-10,409.95088142297584,9.344692399622431,0.1953,1.8763974029295925,15.260881422975842,-1147.6202015895535,-0.01526707035219898,True
2022-08-19,2022-11-17,404.07005111916214,9.843825030472999,0.20600000000000002,1.9037064664906815,9.830051119162135,-37.3321767343304,-0.0004974366907149375,True
2022-08-26,2022-11-25,383.0999885314497,12.299740380472883,0.2556,2.007911230119029,0.0,2417.6748254758454,0.0324723233948885,False
2022-09-02,2022-12-02,370.82953010949234,11.851032062584125,0.2547,2.0743514385266018,0.0,2406.4574730204486,0.032316730624396675,False
2022-09-12,2022-12-09,390.1033481438601,11.460256954327889,0.23870000000000002,1.9718640531818676,0.0,2212.047312120598,0.02962698138766795,False
2022-09-19,2022-12-16,367.07523870943896,11.90604903813231,0.2576,2.0955670339825327,0.0,2442.3683020461945,0.032815143870322146,False
2022-09-26,2022-12-23,338.8259474142952,14.857258305949557,0.3226,2.2702829435025587,0.0,3302.606283855929,0.04490283669038628,False
2022-10-03,2023-01-03,342.699741152882,13.674121036594101,0.301,2.244620222481018,0.0,3005.016436843212,0.040688742144549754,False
2022-10-10,2023-01-10,334.68897463111114,14.79454942523003,0.3245,2.2983451130369716,0.0,3329.3042277170666,0.045282622313291616,False
2022-10-17,2023-01-18,341.86846219697173,14.428161398158096,0.31370000000000003,2.2500781858829884,0.0,3178.595038349016,0.04314251524852653,False
2022-10-24,2023-01-25,354.3714448620334,13.981431900815878,0.2985,2.1706906139975586,0.0,2971.415675941816,0.0402150554997605,False
2022-10-31,2023-02-01,364.7555299981186,11.903059804896131,0.2588,2.1088940563416188,0.0,2457.2830610595356,0.033022295698872564,False
2022-11-07,2023-02-08,360.22147107797986,10.858119229192582,0.24350000000000002,2.1354384205050563,0.0,2269.534737744717,0.030420926489189287,False
2022-11-14,2023-02-15,375.19103649142994,10.938942315783024,0.2373,2.0502375974228264,0.0,2195.222910685422,0.029394926317991833,False
2022-11-21,2023-02-23,375.99595115540114,10.158844789550685,0.2236,2.0458485440255236,0.0,2034.1192634177544,0.027177855173107134,False
2022-11-29,2023-03-02,377.05900827122946,9.916382240995546,0.2189,2.040080603716645,0.0,1979.9093639668988,0.026434017485554594,False
2022-12-06,2023-03-09,375.45411100717354,10.034722114572546,0.2217,2.0488010296844825,0.0,2012.1331607529305,0.02687604426804938,False
2022-12-13,2023-03-16,382.8423780000845,10.455907912978532,0.2255,2.009262332057188,0.0,2056.236826834958,0.027481636892782775,False
2022-12-20,2023-03-23,363.4264629858691,9.331950811116073,0.2148,2.1166063772870576,0.0,1932.950938444593,0.02579060527881541,False
2022-12-28,2023-03-30,359.1128167952422,9.581474017236431,0.2214,2.1420309531011994,0.0,2008.5491240439906,0.026826906172037108,False
2023-01-05,2023-04-06,361.41034849978496,9.820399857290951,0.22460000000000002,2.128413788990403,0.0,2045.616760100742,0.027335798128625813,False
2023-01-12,2023-04-14,381.7143052675295,8.317178842607817,0.1883,2.0152002652655203,0.0,1639.9367786237913,0.021794048989265378,False
2023-01-20,2023-04-21,379.6694877874161,8.830927435495568,0.1985,2.0260536966338356,0.0,1750.7755813826893,0.02330207753634136,False
2023-01-27,2023-04-28,390.4243425187289,8.329465433955079,0.18510000000000001,1.9702428497881603,0.0,1605.7235162484233,0.02132945667174647,False
2023-02-03,2023-05-05,397.0295891025105,8.369409239555424,0.1833,1.9374645878903467,0.0,1586.5938303094315,0.021069874093229288,False
2023-02-10,2023-05-12,390.6441751731919,9.476268353975698,0.2053,1.9691341075026425,0.0,1826.1243619710706,0.024329810618853122,False
2023-02-17,2023-05-19,390.411665293752,9.1777105681943,0.2002,1.9703068263905168,0.0,1769.5633678743548,0.023558122894105166,False
2023-02-27,2023-05-26,380.3615711385004,9.464207190354344,0.2095,2.022367209516733,0.0,1873.1009466404491,0.024971660482985082,False
2023-03-06,2023-06-05,389.15853417976814,8.357614696241953,0.1861,1.9766514201007608,0.0,1616.3992670360701,0.02147437672526649,False
2023-03-13,2023-06-12,363.37498665750593,12.244794891423169,0.2652,2.116906219403035,0.0,2537.5141030896616,0.03413804701129256,False
2023-03-20,2023-06-20,373.4838217169512,11.138431997966705,0.2415,2.0596093445079373,0.0,2245.522733217627,0.03008914606713469,False
2023-03-27,2023-06-27,379.518014327561,9.245696182148663,0.20600000000000002,2.0268623364129645,0.0,1833.8609087830612,0.02443548117186678,False
2023-04-03,2023-07-05,395.45498194879644,8.459194996663257,0.1855,1.9451791084790768,0.0,1610.0269066008673,0.02138785841033913,False
2023-04-11,2023-07-12,393.70786824281606,8.730507559387092,0.191,1.9538110138971176,0.0,1669.1207046733032,0.022190648803435135,False
2023-04-18,2023-07-19,400.38574372344976,7.607159313846211,0.16829999999999998,1.921224172662062,0.0,1429.7781277627023,0.018947102573719964,False
2023-04-25,2023-07-26,390.55513612422124,8.470865089821714,0.18760000000000002,1.9695830321537626,0.0,1632.4786126186978,0.021692721779900382,False
2023-05-02,2023-08-02,396.1434129881675,8.045346524730448,0.1778,1.941798712310649,0.0,1528.475126811821,0.020282089179069415,False
2023-05-09,2023-08-09,396.30259657267123,8.009962711580442,0.1771,1.9410187464913897,0.0,1521.1304782532761,0.020182622007072083,False
2023-05-16,2023-08-16,395.3578460060436,8.145325128954866,0.17989999999999998,1.9456570218642137,0.0,1550.5755310583472,0.02058151066066758,False
2023-05-23,2023-08-23,398.49733438776104,8.512983580293309,0.18530000000000002,1.9303285187907002,0.0,1607.9103614592111,0.021359123491598155,False
2023-05-31,2023-08-30,402.7344838717768,8.269133730936161,0.1794,1.9100196284052948,0.0,1545.349332610718,0.020510676168207682,False
2023-06-07,2023-09-07,415.45341241719643,6.307936163568698,0.1394,1.851545194334115,0.0,1142.1770224499212,0.015077222646532017,False
2023-06-14,2023-09-14,425.8740873434018,6.433531764284794,0.1388,1.8062399006927676,0.0,1136.4610620816015,0.015000602696398763,False
2023-06-22,2023-09-21,426.30823746448755,5.9183241194024845,0.1291,1.8044004352480942,0.0,1044.198887899113,0.01376569097713841,False
2023-06-29,2023-09-28,427.1619784116049,6.2684053081062245,0.1354,1.8007940971037306,0.0,1103.8934808287204,0.014564340236282747,False
2023-07-07,2023-10-05,426.1429284345098,6.959765127510252,0.1483,1.805100396847218,1.6429284345098267,932.269622347526,0.012320727172593433,True
2023-07-14,2023-10-12,438.28346201446595,6.320892333844455,0.1334,1.7550987794410093,4.623462014465929,273.4465789192512,0.00360682286396615,True
2023-07-21,2023-10-19,440.8107808638993,6.502201497492024,0.136,1.7450361983507607,14.380780863899304,-1399.8023196180548,-0.018469870910815294,True
2023-07-28,2023-10-26,445.74819647583706,6.422931618694264,0.1333,1.7257069693437725,33.19819647583705,-4645.037731775815,-0.06126832586846398,True
2023-08-04,2023-11-02,431.59275810821856,8.359505693383028,0.171,1.7823069427821367,0.8327581082185702,1309.382038664026,0.01735817644142953,True
2023-08-11,2023-11-09,433.0306826244107,7.077902552549318,0.1484,1.7763886026939153,0.0,1229.8550264985224,0.016253784046978897,False
2023-08-18,2023-11-16,421.4134845348997,8.278257493725334,0.17300000000000001,1.8253586974791376,0.0,1478.484386675329,0.019605426537600935,False
2023-08-25,2023-11-24,426.56961480559653,7.444079657250228,0.1568,1.8032948023767141,0.0,1313.194991887872,0.017374742060341765,False
2023-09-01,2023-12-01,440.43641807568866,6.213585842494979,0.1309,1.7465194467605936,0.0,1061.2400785065224,0.013993538972593395,False
2023-09-11,2023-12-08,436.9445815281047,6.5562115089013275,0.138,1.7604767326340938,0.0,1128.8330461811433,0.014898374875783006,False
2023-09-18,2023-12-15,432.0208931138693,6.5926253037612526,0.14,1.7805406671107924,0.0,1148.05216785707,0.015155957620954378,False
2023-09-25,2023-12-22,417.72780242085616,7.976566869171137,0.16899999999999998,1.8414641418953908,0.0,1437.0851593864602,0.01904578889501196,False
2023-10-02,2024-01-02,412.2071442430528,8.274148338128185,0.1761,1.8661267277240636,0.0,1510.7537528215544,0.02004209968841251,False
2023-10-09,2024-01-09,416.91315229777325,8.420739274612828,0.177,1.8450623708828426,0.0,1520.2067576369868,0.02017007960599117,False
2023-10-16,2024-01-17,421.068432005826,8.219296920680534,0.1721,1.826854522354993,0.0,1469.1401446330615,0.019479054935184426,False
2023-10-23,2024-01-24,402.70102254749133,9.673598449165098,0.20370000000000002,1.9101783361874936,0.0,1808.3899908390224,0.024087699482805917,False
2023-10-30,2024-01-31,398.6756461854387,9.214949490104999,0.1975,1.929465159436831,0.0,1739.9242460312553,0.023154199067633274,False
2023-11-06,2024-02-07,423.29710276864165,6.946424752631515,0.1489,1.8172360835911556,0.0,1234.7203769097416,0.016319167029956446,False
2023-11-13,2024-02-14,427.8152168626873,6.948061303769663,0.1476,1.7980444334631125,0.0,1221.9689913956406,0.016147850902427752,False
2023-11-20,2024-02-22,443.0599454273339,6.428892765977281,0.1341,1.7361776372920412,0.0,1091.5895546496768,0.01439960550752231,False
2023-11-28,2024-02-29,444.55512701378206,6.049919742138343,0.12689999999999999,1.7303383146156397,0.0,1023.6545373478111,0.013491108541456385,False
2023-12-05,2024-03-07,445.99914712159193,6.158321711499724,0.1285,1.724735964620702,0.0,1038.6627791237458,0.013691669643569087,False
2023-12-12,2024-03-14,454.2568829443949,5.834819460196911,0.1207,1.6933827490841342,0.0,966.0956989821399,0.012722663614418735,False
2023-12-19,2024-03-21,464.2065636880859,6.225322216590854,0.1253,1.6570872309932225,0.0,1008.8041780849595,0.013292718611572097,False
2023-12-27,2024-03-28,465.9618246585093,6.191297033739346,0.1243,1.6508450446439844,0.0,999.4993601925876,0.013168462807615548,False
2024-01-04,2024-04-05,454.8964469594664,7.017477176657678,0.1413,1.6910019288396676,0.0,1160.7253067415234,0.015325853849429827,False
2024-01-11,2024-04-12,465.79310349615787,6.194803656110508,0.1244,1.6514430193514325,0.0,1000.4289189802133,0.013180874657492453,False
2024-01-19,2024-04-19,470.67163049725383,6.764278148698537,0.133,1.634325757892173,0.0,1081.2687096873299,0.014261452318508764,False
2024-01-26,2024-04-26,475.5803155793176,6.810884439544736,0.1326,1.617457123501312,0.0,1077.496034039864,0.014210966646345875,False
2024-02-02,2024-05-03,481.6036198483188,7.256990622267409,0.13849999999999998,1.5972279640942872,0.0,1133.8483026381173,0.014965534426595622,False
2024-02-09,2024-05-10,489.4605855384889,6.807268587811336,0.1293,1.571588789696899,0.0,1046.3831806772873,0.013794835717943495,False
2024-02-16,2024-05-17,486.13166195680844,7.568033537859236,0.1424,1.5823506869196957,0.0,1171.5206846987644,0.015470613367676684,False
2024-02-26,2024-05-24,493.08616527626793,7.360945541379522,0.1374,1.5600331613436813,0.0,1123.3372329431563,0.014824691693962545,False
2024-03-04,2024-06-03,499.56375288532627,7.299264657710751,0.1349,1.539805009446601,0.0,1099.4637934392347,0.014504965390180615,False
2024-03-11,2024-06-10,496.3066072981036,8.359173506725227,0.1522,1.5499103939366565,0.0,1267.6701669616316,0.016762031051253866,False
2024-03-18,2024-06-17,499.0060043582838,7.8262935675493,0.1433,1.5415260788695146,0.0,1180.3107083535353,0.01558852600786773,False
2024-03-25,2024-06-25,507.2483667851566,7.219782653798035,0.1319,1.5164775672044195,0.0,1070.995145751113,0.014123966558813306,False
2024-04-02,2024-07-02,504.45300642658765,8.094385078297591,0.1461,1.524880929305581,0.0,1207.6290519463653,0.01595519254852351,False
2024-04-09,2024-07-10,504.4290202991935,8.33715706951537,0.14980000000000002,1.52495343898833,0.0,1243.9676422945615,0.016443353605959835,False
2024-04-16,2024-07-17,484.73350427932337,10.266097917077047,0.184,1.58691479429387,0.0,1594.4964318667649,0.02117695720296587,False
2024-04-23,2024-07-24,490.23630356900435,8.56164611297325,0.15689999999999998,1.5691020098483879,0.0,1314.5015874879396,0.017392264801638444,False
2024-04-30,2024-07-31,486.72925744268616,8.474524895037547,0.1565,1.5804079115201914,0.0,1310.4796763832555,0.01733811258482562,False
2024-05-07,2024-08-07,504.6285964532699,7.207855352901163,0.1323,1.524350333368399,0.0,1074.7734221530975,0.014174515984689228,False
2024-05-14,2024-08-14,510.3842908704357,7.4122258474517935,0.13419999999999999,1.5071599635617379,0.0,1092.8388757867378,0.014416270474527081,False
2024-05-21,2024-08-21,520.3779985157696,6.550729882927186,0.1186,1.4782153961635225,0.0,947.0505173520281,0.01246861674413506,False
2024-05-29,2024-08-28,511.9556525333668,7.996414002107485,0.14279999999999998,1.502533989856933,0.0,1175.5053216563576,0.015524044652631295,False
2024-06-05,2024-09-05,522.5591575029434,7.0725757994324,0.1263,1.4720453334059818,0.0,1018.3792567365978,0.013420571027439085,False
2024-06-12,2024-09-12,529.9201273213733,6.787248573789299,0.1204,1.451597570220737,0.0,963.6435699019905,0.012689899396510013,False
2024-06-20,2024-09-19,533.6959432654876,7.656599510400895,0.1328,1.441327742767036,0.0,1079.6218643149396,0.014239367471495222,False
2024-06-27,2024-09-26,534.5427094200528,6.977491332792624,0.12240000000000001,1.4390445434478736,0.0,982.1394833757034,0.01293667829520921,False
2024-07-05,2024-10-03,542.2909242502411,7.238969582958646,0.12480000000000001,1.4184835755720784,0.0,1004.4551981860407,0.013234584285750068,False
2024-07-12,2024-10-10,547.550636596276,7.2956551603427044,0.1246,1.4048577753694478,0.0,1002.6107569773446,0.01320995141621321,False
2024-07-19,2024-10-17,531.0983254427101,9.866850917205426,0.16519999999999999,1.4483773199427017,0.0,1398.6275720822205,0.018526344572057894,False
2024-07-26,2024-10-24,526.8759966085286,9.695762960137046,0.16390000000000002,1.4599844634833714,0.0,1385.3570219723993,0.018347274477209352,False
2024-08-02,2024-10-31,506.45809277788896,14.494622084666645,0.2339,1.5188438692164827,0.0,2155.502156180784,0.028847120748570713,False
2024-08-09,2024-11-07,510.47809068065317,12.26259629315632,0.20370000000000002,1.5068830245096405,0.0,1808.9142747442036,0.024094682928420888,False
2024-08-16,2024-11-14,538.6704090049705,8.776500137030524,0.14800000000000002,1.4280174971030781,0.0,1226.3771616364668,0.016206961413534962,False
2024-08-23,2024-11-21,544.751630389234,9.637079205517523,0.1586,1.4120761211511035,0.0,1331.7766645703116,0.017624894708141083,False
2024-08-30,2024-11-29,547.4882767366857,9.063165601796214,0.15,1.4050177910946036,0.0,1246.0965504592875,0.01647193287673093,False
2024-09-09,2024-12-06,524.5791184969345,11.89690601307285,0.1945,1.4663770289500466,0.0,1707.7379797908407,0.0227157635065757,False
2024-09-16,2024-12-13,543.6141990021276,10.559097268188623,0.1714,1.415030679189008,0.0,1462.4222248617732,0.01938808068660651,False
2024-09-23,2024-12-20,552.0150938263225,9.787685168717445,0.1589,1.3934958986335038,0.0,1334.8201710247022,0.017665893151837714,False
2024-09-30,2024-12-30,554.7559446474213,10.464543826399563,0.1673,1.3866111335132403,0.0,1420.202197255075,0.018817590971347185,False
2024-10-07,2025-01-07,540.6572363336982,14.841228254681596,0.22640000000000002,1.4227697652713809,0.0,2067.4841816498747,0.027635909645801943,False
2024-10-14,2025-01-15,560.6110187594753,12.917158128293295,0.19699999999999998,1.372129236654908,0.0,1735.1692435802788,0.023089203430460108,False
2024-10-21,2025-01-23,561.8873191327006,11.876328178291601,0.1837,1.3690125102273405,0.0,1591.5867851980793,0.021137398717345716,False
2024-10-28,2025-01-30,557.1182811519227,12.917716406378872,0.198,1.3807315165466716,0.0,1746.1230691102228,0.02323842145251072,False
2024-11-04,2025-02-06,543.4872399791832,14.367876162049384,0.2198,1.415361231406707,0.0,1991.0620503460655,0.02658666380554199,False
2024-11-11,2025-02-13,581.6064373424449,9.605130176090512,0.1497,1.3225967249359256,0.0,1243.2445681786764,0.01643357708242947,False
2024-11-18,2025-02-21,570.3860767065768,9.878094063997253,0.1558,1.3486142117499196,0.0,1303.777129416228,0.01724780463810455,False
2024-11-25,2025-02-28,580.9762695754548,9.314730615478084,0.146,1.324031306464342,0.0,1206.912264026732,0.015945512128998963,False
2024-12-03,2025-03-07,589.1907724925825,8.467581238273993,0.133,1.3055716503782369,13.270772492582523,-650.8983444664121,-0.008585059033557274,True
2024-12-10,2025-03-14,586.7478243783451,9.089154732848414,0.1418,1.311007450339954,23.937824378345113,-1972.2078621178453,-0.026042113674820604,True
2024-12-17,2025-03-21,585.592886430049,10.367409311257205,0.15869999999999998,1.3135930901077575,21.612886430049002,-1506.1428893052923,-0.019932749436703225,True
2024-12-24,2025-03-28,585.1492647974208,9.132116783630266,0.1427,1.3145889698709228,29.489264797420788,-2701.8471493473776,-0.03568086544008768,True
2025-01-02,2025-04-04,563.5056385951982,11.562285568232113,0.1793,1.3650808732782822,58.225638595198234,-6403.266584910782,-0.08498625534863362,True
2025-01-10,2025-04-11,557.1674469172699,12.70851098558498,0.1954,1.3806096775517238,23.227446917269845,-1489.1402535718275,-0.01981068807868723,True
2025-01-17,2025-04-21,578.9386461912804,10.326972657506417,0.1597,1.328691346296161,65.05864619128045,-7301.320116420334,-0.09664102153481412,True
2025-01-27,2025-04-28,577.7483732848114,11.830306732847305,0.179,1.3314287063367691,26.898373284811328,-2039.438912923782,-0.027066944124877944,True
2025-02-03,2025-05-05,575.1260734199582,12.359636472621645,0.1862,1.3374993845376846,11.616073419958184,64.6507509798532,0.0008589181789749519,True
2025-02-10,2025-05-12,586.2278130308216,10.33172767012249,0.15810000000000002,1.3121703749499958,3.2378130308215987,902.0226677824647,0.0119366675006879,True
2025-02-18,2025-05-19,593.3792663988995,10.095767656934356,0.1535,1.2963559948750443,0.0,1280.9102118500407,0.01694005115026714,False
2025-02-25,2025-05-27,570.5277507551209,12.922487076184126,0.1943,1.3482793224565417,0.0,1705.7132045948395,0.0226881598125386,False
2025-03-04,2025-06-03,548.0699550786738,15.788997167175467,0.2351,1.4035266157225283,0.0,2169.882635850001,0.029045219435414233,False
2025-03-11,2025-06-10,523.6866628695747,17.99886636276122,0.2692,1.4688759973678152,0.0,2589.0245336523303,0.034855278607199905,False
2025-03-18,2025-06-17,535.4874841963083,13.92832740165369,0.217,1.4365055989782411,0.0,1958.9283318153314,0.02614614406815909,False
2025-03-25,2025-06-25,555.7885855213385,10.803205595946281,0.17149999999999999,1.3840348457484397,0.0,1463.498027776798,0.019402614957258014,False
2025-04-01,2025-07-02,535.3436383991373,13.981460125778312,0.2177,1.4368915852461335,0.0,1966.93659654933,0.02625589560139796,False
2025-04-08,2025-07-10,444.58961130220166,38.84285823935352,0.5233,1.7302041021104713,0.0,6583.945855682904,0.09378510311497731,False
2025-04-15,2025-07-17,502.5232033967079,20.069279536409994,0.3012,1.5307368177853349,0.0,3008.6469812321197,0.04073942188803335,False
2025-04-23,2025-07-24,502.49033922722356,18.58671958592302,0.2845,1.530836931937366,0.0,2786.427116986547,0.03761489779245091,False
2025-04-30,2025-07-31,525.2830458048306,16.129212493154,0.247,1.4644119496607122,0.0,2312.8377927974147,0.031019364305999265,False
2025-05-07,2025-08-07,533.0899372449883,15.391046904716376,0.23550000000000001,1.442966215431036,0.0,2174.582692874714,0.029110021767125526,False
2025-05-14,2025-08-14,565.3316986145727,12.149152341113933,0.1862,1.3606715687725999,0.0,1618.2697321341939,0.021499538216472245,False
2025-05-21,2025-08-21,557.5220444955179,13.805822631812248,0.2087,1.3797315762228184,0.0,1864.9426321935216,0.024859854526400833,False
2025-05-29,2025-08-28,566.8726545950735,12.635546451679858,0.1918,1.3569727927346282,0.0,1678.5530254833304,0.022318670729362104,False
2025-06-05,2025-09-05,570.7928476918939,12.153283184804593,0.1848,1.3476531325528966,0.0,1603.3322460985078,0.021296768573142333,False
2025-06-12,2025-09-12,581.7882371971673,12.010676850666016,0.1802,1.3221834338497942,0.0,1554.5523217408302,0.02063518139693423,False
2025-06-20,2025-09-19,568.812144388804,13.874075998756922,0.20620000000000002,1.3523458963017,0.0,1836.9718250406975,0.02447767643367789,False
2025-06-27,2025-09-26,595.1817370819792,10.896523591621417,0.1632,1.2924300617860134,0.0,1378.4533174793362,0.018254086999867226,False
2025-07-07,2025-10-03,598.4613880428456,12.16259622253449,0.1779,1.2853473667639486,0.0,1530.3788291326966,0.02030763914951552,False
2025-07-14,2025-10-10,603.3727299233599,11.769595518949558,0.172,1.2748848780893305,0.0,1468.8208257954843,0.019474547950408358,False
2025-07-21,2025-10-17,608.071245225533,11.4041028114587,0.16649999999999998,1.265033950002787,0.0,1412.1600239951101,0.018708958415348143,False
2025-07-28,2025-10-24,618.595129983572,10.264572944727547,0.1503,1.2435124881296715,0.0,1249.267648689924,0.016514510687635073,False
2025-08-04,2025-10-31,609.0050389140932,12.148437157600029,0.1752,1.263094260438915,0.0,1502.130859674039,0.01992516859066249,False
2025-08-11,2025-11-07,615.6305873976139,11.21283191568051,0.1625,1.249500568973436,0.0,1371.398755388072,0.018158922662051033,False
2025-08-18,2025-11-14,624.8376035670972,10.335434948395374,0.1499,1.2310891099372936,0.0,1245.3360424776974,0.01646166078171201,False
2025-08-25,2025-11-21,624.3594235255905,10.164488011482746,0.1479,1.2320319678801819,0.0,1225.649826835353,0.01619713494206203,False
2025-09-02,2025-12-01,618.3507956526853,12.036258967060462,0.17170000000000002,1.2440038480403768,0.0,1465.7517371588506,0.019433038587739676,False
2025-09-09,2025-12-08,631.582886572163,10.488356920312867,0.15039999999999998,1.2179411215615306,0.0,1250.2883932465925,0.016528224435756838,False
2025-09-16,2025-12-15,638.7581567119885,11.728786126876344,0.1636,1.2042597987169186,0.0,1382.6360130555654,0.018310482639154736,False
2025-09-23,2025-12-22,641.3942928014085,12.020349090030464,0.1664,1.1993102805312021,0.0,1411.2214640815562,0.018696265115204717,False
2025-09-30,2025-12-30,644.8744223626859,11.771522824653914,0.1628,1.1928380821997366,0.0,1374.5183401447393,0.018200978666452334,False
2025-10-07,2026-01-07,646.094884848076,12.638507190900725,0.1724,1.1905848309132607,0.0,1473.0793045135206,0.01953210589313665,False
2025-10-14,2026-01-14,633.539649755299,15.631630276440205,0.20809999999999998,1.214179364350566,0.0,1858.4226522818449,0.0247706732853547,False
2025-10-21,2026-01-22,647.1245844964658,13.223785059833574,0.1787,1.1886903815118004,0.0,1538.915341068789,0.02042324188602175,False
2025-10-28,2026-01-29,664.8427253181446,12.261624515795717,0.1642,1.1570116358912887,0.0,1388.8064243644835,0.018393716904644683,False
2025-11-04,2026-02-05,649.0197717906849,14.299095725559539,0.19,1.18521931482675,0.0,1659.3205298627245,0.02205712581767522,False
2025-11-11,2026-02-12,659.4283070958313,12.935652173411484,0.1728,1.166511599446672,0.0,1477.26318897654,0.01958868215055428,False
2025-11-18,2026-02-20,625.2705841592106,19.18931518867703,0.2469,1.2302366187034677,0.0,2311.9257192250916,0.03100661552669951,False
2025-11-25,2026-02-27,649.5512200840626,13.903784009174444,0.1856,1.1842495948683125,0.0,1612.084432366804,0.021415501041031786,False
2025-12-03,2026-03-06,662.3651615582428,11.91271844560697,0.16079999999999997,1.1613394149854144,0.0,1354.29178687022,0.017928234723649843,False
2025-12-10,2026-03-13,666.4709494808549,11.710415771913404,0.1577,1.1541849946047291,4.180949480854906,840.5072882301481,0.011122017288319623,True
2025-12-17,2026-03-20,647.6531093400882,13.009195983579616,0.17620000000000002,1.1877203369170262,0.0,1512.682053952415,0.020067965351703642,False
2025-12-24,2026-03-27,673.2519536136193,9.820048501535325,0.13470000000000001,1.1425600254139514,39.16195361361929,-3376.4141028196395,-0.044543088528614105,True
2026-01-02,2026-04-06,664.4008953034905,10.574789845736802,0.1451,1.157781054583609,5.470895303490579,564.9275425103828,0.007462838673159654,True
2026-01-09,2026-04-13,675.0369237293181,10.726604695351568,0.1449,1.1395388047531778,0.0,1196.4100643266945,0.015804470140870584,False
2026-01-16,2026-04-20,670.2771826357204,11.857723664078094,0.1586,1.1476308446095915,0.0,1332.1204434298097,0.01762944431947061,False
2026-01-26,2026-04-27,670.8038243919545,12.12751880174335,0.16149999999999998,1.1467298504567012,0.0,1361.3940577439366,0.018023979798499852,False
2026-02-02,2026-05-04,673.0637681195178,12.340535904789306,0.1634,1.142879479874446,0.0,1380.6812917874408,0.018284093244608966,False
2026-02-09,2026-05-11,669.860331324596,13.21418927265674,0.1736,1.1483450105332793,0.0,1485.6030867970862,0.01970148708523186,False
